target_name,target_type,architecture,control_type,seed,epoch,train_loss,inner_val_selection_metric,inner_val_delta_vs_frozen_ar,selection_metric_name,alpha,gate_mean,gate_p95,label_policy
future_arousal_max_delta_rows_4_10_train_q90,binary,short_temporal_conv_residual,real_residual,20260625,1,0.24891847930848598,0.22210294400879566,2.0510726328193396e-06,inner_val_pr_auc_delta_vs_frozen_ar,0.003782306332141161,0.02381204254925251,0.07478000223636627,true_train_and_true_inner_val_selection
future_arousal_max_delta_rows_4_10_train_q90,binary,short_temporal_conv_residual,real_residual,20260625,2,0.24873203597962856,0.22304762067042558,0.0009467277342627423,inner_val_pr_auc_delta_vs_frozen_ar,0.0038839930202811956,0.08641835302114487,0.5745411515235901,true_train_and_true_inner_val_selection
future_arousal_max_delta_rows_4_10_train_q90,binary,short_temporal_conv_residual,real_residual,20260625,3,0.24770552478730679,0.22765169272159713,0.005550799785434296,inner_val_pr_auc_delta_vs_frozen_ar,0.0040005873888731,0.0955493375658989,0.6782664060592651,true_train_and_true_inner_val_selection
future_arousal_max_delta_rows_4_10_train_q90,binary,short_temporal_conv_residual,real_residual,20260625,4,0.2462848024442792,0.2345694773331921,0.012468584397029275,inner_val_pr_auc_delta_vs_frozen_ar,0.004113511648029089,0.09125073999166489,0.6421200037002563,true_train_and_true_inner_val_selection
future_arousal_max_delta_rows_4_10_train_q90,binary,short_temporal_conv_residual,real_residual,20260625,5,0.24441341031342745,0.23885271273849185,0.01675181980232901,inner_val_pr_auc_delta_vs_frozen_ar,0.004226468037813902,0.0985822007060051,0.700384259223938,true_train_and_true_inner_val_selection
future_arousal_max_delta_rows_4_10_train_q90,binary,short_temporal_conv_residual,real_residual,20260625,6,0.24278401769697666,0.23676362319617109,0.01466273026000825,inner_val_pr_auc_delta_vs_frozen_ar,0.004284159280359745,0.09730889648199081,0.6828467845916748,true_train_and_true_inner_val_selection
future_arousal_max_delta_rows_4_10_train_q90,binary,short_temporal_conv_residual,real_residual,20260625,7,0.2418280178681016,0.23571530428718862,0.013614411351025785,inner_val_pr_auc_delta_vs_frozen_ar,0.004324624314904213,0.10654786974191666,0.7481071352958679,true_train_and_true_inner_val_selection
future_arousal_max_delta_rows_4_10_train_q90,binary,short_temporal_conv_residual,real_residual,20260625,8,0.24097788240760565,0.2342194052264836,0.012118512290320765,inner_val_pr_auc_delta_vs_frozen_ar,0.00437343493103981,0.10974588990211487,0.7660467624664307,true_train_and_true_inner_val_selection
future_arousal_max_delta_rows_4_10_train_q90,binary,short_temporal_conv_residual,real_residual,20260625,9,0.24049488361924887,0.2325226491611201,0.010421756224957252,inner_val_pr_auc_delta_vs_frozen_ar,0.004427316132932901,0.1176358014345169,0.8115394711494446,true_train_and_true_inner_val_selection
future_arousal_max_delta_rows_4_10_train_q90,binary,short_temporal_conv_residual,real_residual,20260625,10,0.2389506408944726,0.2322199918152793,0.010119098879116467,inner_val_pr_auc_delta_vs_frozen_ar,0.004483343102037907,0.12547360360622406,0.8542252779006958,true_train_and_true_inner_val_selection
future_arousal_max_delta_rows_4_10_train_q90,binary,short_temporal_conv_residual,real_residual,20260625,11,0.23786149360239506,0.23159525931242905,0.009494366376266217,inner_val_pr_auc_delta_vs_frozen_ar,0.004544706083834171,0.12970159947872162,0.8831692934036255,true_train_and_true_inner_val_selection
future_arousal_max_delta_rows_4_10_train_q90,binary,short_temporal_conv_residual,real_residual,20260625,12,0.23723819479346275,0.2301200586260088,0.008019165689845953,inner_val_pr_auc_delta_vs_frozen_ar,0.004610869102180004,0.13421735167503357,0.9072473049163818,true_train_and_true_inner_val_selection
future_arousal_max_delta_rows_4_10_train_q90,binary,short_temporal_conv_residual,real_residual,20260625,13,0.2356438860297203,0.22900802965090072,0.006907136714737888,inner_val_pr_auc_delta_vs_frozen_ar,0.004679735749959946,0.13870082795619965,0.9263579845428467,true_train_and_true_inner_val_selection
future_arousal_max_delta_rows_4_10_train_q90,binary,short_temporal_conv_residual,shuffled_pca_residual,20260625,1,0.24911453016102314,0.22208379042623344,-1.7102509929395326e-05,inner_val_pr_auc_delta_vs_frozen_ar,0.003772544674575329,0.023645536974072456,0.06409653276205063,true_train_and_true_inner_val_selection
future_arousal_max_delta_rows_4_10_train_q90,binary,short_temporal_conv_residual,shuffled_pca_residual,20260625,2,0.24876151047647,0.2220672327696495,-3.3660166513349576e-05,inner_val_pr_auc_delta_vs_frozen_ar,0.0038716434501111507,0.07082919776439667,0.35475218296051025,true_train_and_true_inner_val_selection
future_arousal_max_delta_rows_4_10_train_q90,binary,short_temporal_conv_residual,shuffled_pca_residual,20260625,3,0.24857369158416986,0.22214939722857172,4.850429240887966e-05,inner_val_pr_auc_delta_vs_frozen_ar,0.003984581679105759,0.15784524381160736,0.82310551404953,true_train_and_true_inner_val_selection
future_arousal_max_delta_rows_4_10_train_q90,binary,short_temporal_conv_residual,shuffled_pca_residual,20260625,4,0.24823062773793936,0.22221869353867574,0.00011780060251290192,inner_val_pr_auc_delta_vs_frozen_ar,0.004054164048284292,0.14961998164653778,0.7905516028404236,true_train_and_true_inner_val_selection
future_arousal_max_delta_rows_4_10_train_q90,binary,short_temporal_conv_residual,shuffled_pca_residual,20260625,5,0.24816988874226809,0.2221121377464848,1.1244810321969778e-05,inner_val_pr_auc_delta_vs_frozen_ar,0.004160469397902489,0.14544053375720978,0.771289587020874,true_train_and_true_inner_val_selection
future_arousal_max_delta_rows_4_10_train_q90,binary,short_temporal_conv_residual,shuffled_pca_residual,20260625,6,0.24785909708589315,0.22123675632995993,-0.0008641366062029088,inner_val_pr_auc_delta_vs_frozen_ar,0.004269764758646488,0.1470806896686554,0.7801476716995239,true_train_and_true_inner_val_selection
future_arousal_max_delta_rows_4_10_train_q90,binary,short_temporal_conv_residual,shuffled_pca_residual,20260625,7,0.24691174738109112,0.21897596599584335,-0.003124926940319489,inner_val_pr_auc_delta_vs_frozen_ar,0.004381843842566013,0.15092535316944122,0.7965816259384155,true_train_and_true_inner_val_selection
future_arousal_max_delta_rows_4_10_train_q90,binary,short_temporal_conv_residual,shuffled_pca_residual,20260625,8,0.24632015638053417,0.21597552767617942,-0.006125365259983417,inner_val_pr_auc_delta_vs_frozen_ar,0.004481316078454256,0.14277100563049316,0.7599623799324036,true_train_and_true_inner_val_selection
future_arousal_max_delta_rows_4_10_train_q90,binary,short_temporal_conv_residual,shuffled_pca_residual,20260625,9,0.24505849834531546,0.21180715196882713,-0.010293740967335707,inner_val_pr_auc_delta_vs_frozen_ar,0.004570511635392904,0.1415727734565735,0.7559452056884766,true_train_and_true_inner_val_selection
future_arousal_max_delta_rows_4_10_train_q90,binary,short_temporal_conv_residual,shuffled_pca_residual,20260625,10,0.24491742998361588,0.20828256364633602,-0.01381832928982682,inner_val_pr_auc_delta_vs_frozen_ar,0.004641456063836813,0.13978570699691772,0.7508077025413513,true_train_and_true_inner_val_selection
future_arousal_max_delta_rows_4_10_train_q90,binary,short_temporal_conv_residual,shuffled_pca_residual,20260625,11,0.2444105325266719,0.20593525079532862,-0.016165642140834213,inner_val_pr_auc_delta_vs_frozen_ar,0.00470475759357214,0.14076298475265503,0.7566729187965393,true_train_and_true_inner_val_selection
future_arousal_max_delta_rows_4_10_train_q90,binary,short_temporal_conv_residual,shuffled_pca_residual,20260625,12,0.24323336500674486,0.20323315148159232,-0.018867741454570514,inner_val_pr_auc_delta_vs_frozen_ar,0.004765552934259176,0.1500336080789566,0.7980566024780273,true_train_and_true_inner_val_selection
future_arousal_max_delta_rows_4_10_train_q90,binary,short_temporal_conv_residual,random_pca_residual,20260625,1,0.2487179171293974,0.22208743239995565,-1.3460536207182683e-05,inner_val_pr_auc_delta_vs_frozen_ar,0.003776226192712784,0.024326389655470848,0.06874944269657135,true_train_and_true_inner_val_selection
future_arousal_max_delta_rows_4_10_train_q90,binary,short_temporal_conv_residual,random_pca_residual,20260625,2,0.24898581486195326,0.22208481917395823,-1.607376220461032e-05,inner_val_pr_auc_delta_vs_frozen_ar,0.003877141745761037,0.07520990073680878,0.3802666664123535,true_train_and_true_inner_val_selection
future_arousal_max_delta_rows_4_10_train_q90,binary,short_temporal_conv_residual,random_pca_residual,20260625,3,0.24858720786869526,0.22222322882392734,0.000122335887764502,inner_val_pr_auc_delta_vs_frozen_ar,0.003988286480307579,0.16299603879451752,0.8378328084945679,true_train_and_true_inner_val_selection
future_arousal_max_delta_rows_4_10_train_q90,binary,short_temporal_conv_residual,random_pca_residual,20260625,4,0.2484145648777485,0.22251526621375434,0.000414373277591501,inner_val_pr_auc_delta_vs_frozen_ar,0.004055751021951437,0.146998330950737,0.7793157696723938,true_train_and_true_inner_val_selection
future_arousal_max_delta_rows_4_10_train_q90,binary,short_temporal_conv_residual,random_pca_residual,20260625,5,0.2481824029237032,0.22258973861707299,0.0004888456809101493,inner_val_pr_auc_delta_vs_frozen_ar,0.004157654941082001,0.1427195966243744,0.7647753953933716,true_train_and_true_inner_val_selection
future_arousal_max_delta_rows_4_10_train_q90,binary,short_temporal_conv_residual,random_pca_residual,20260625,6,0.24777196254581213,0.2222846640055929,0.00018377106943007204,inner_val_pr_auc_delta_vs_frozen_ar,0.004267583135515451,0.1454439014196396,0.7797888517379761,true_train_and_true_inner_val_selection
future_arousal_max_delta_rows_4_10_train_q90,binary,short_temporal_conv_residual,random_pca_residual,20260625,7,0.24684429354965687,0.2208880459088159,-0.0012128470273469472,inner_val_pr_auc_delta_vs_frozen_ar,0.004378683865070343,0.145009845495224,0.7780246734619141,true_train_and_true_inner_val_selection
future_arousal_max_delta_rows_4_10_train_q90,binary,short_temporal_conv_residual,random_pca_residual,20260625,8,0.24573552329093218,0.21808847034820933,-0.004012422587953507,inner_val_pr_auc_delta_vs_frozen_ar,0.004484050907194614,0.14039278030395508,0.7499046325683594,true_train_and_true_inner_val_selection
future_arousal_max_delta_rows_4_10_train_q90,binary,short_temporal_conv_residual,random_pca_residual,20260625,9,0.24531899113208055,0.2149851470161966,-0.007115745919966249,inner_val_pr_auc_delta_vs_frozen_ar,0.004573496989905834,0.13470618426799774,0.7185704112052917,true_train_and_true_inner_val_selection
future_arousal_max_delta_rows_4_10_train_q90,binary,short_temporal_conv_residual,random_pca_residual,20260625,10,0.2444943841546774,0.21131085363851143,-0.010790039297651405,inner_val_pr_auc_delta_vs_frozen_ar,0.0046403780579566956,0.1342812180519104,0.7190721035003662,true_train_and_true_inner_val_selection
future_arousal_max_delta_rows_4_10_train_q90,binary,short_temporal_conv_residual,random_pca_residual,20260625,11,0.24387351050972939,0.20866528386637792,-0.013435609069784915,inner_val_pr_auc_delta_vs_frozen_ar,0.004700996447354555,0.13603030145168304,0.731013834476471,true_train_and_true_inner_val_selection
future_arousal_max_delta_rows_4_10_train_q90,binary,short_temporal_conv_residual,random_pca_residual,20260625,12,0.24306517001241446,0.20618302803217023,-0.015917864903992607,inner_val_pr_auc_delta_vs_frozen_ar,0.0047568148002028465,0.14013761281967163,0.7529737949371338,true_train_and_true_inner_val_selection
future_arousal_max_delta_rows_4_10_train_q90,binary,short_temporal_conv_residual,random_pca_residual,20260625,13,0.24285333417356014,0.20440845461286522,-0.017692438323297616,inner_val_pr_auc_delta_vs_frozen_ar,0.004816999193280935,0.14630621671676636,0.7835981249809265,true_train_and_true_inner_val_selection
future_arousal_max_delta_rows_4_10_train_q90,binary,short_temporal_conv_residual,label_permutation_residual,20260625,1,0.2904161121696234,0.09817225284418615,-5.909651233537705e-06,inner_val_pr_auc_delta_vs_frozen_ar,0.003753639990463853,0.01860356144607067,0.04238424822688103,permuted_train_and_permuted_inner_val_selection
future_arousal_max_delta_rows_4_10_train_q90,binary,short_temporal_conv_residual,label_permutation_residual,20260625,2,0.29097918793559074,0.09817863513986771,4.7264444802408434e-07,inner_val_pr_auc_delta_vs_frozen_ar,0.003838416188955307,0.04315851256251335,0.18836165964603424,permuted_train_and_permuted_inner_val_selection
future_arousal_max_delta_rows_4_10_train_q90,binary,short_temporal_conv_residual,label_permutation_residual,20260625,3,0.29039754159748554,0.09818290462931215,4.742133892454703e-06,inner_val_pr_auc_delta_vs_frozen_ar,0.00392571184784174,0.09934384375810623,0.6577554941177368,permuted_train_and_permuted_inner_val_selection
future_arousal_max_delta_rows_4_10_train_q90,binary,short_temporal_conv_residual,label_permutation_residual,20260625,4,0.2908003907650709,0.09818862169420522,1.045919878553403e-05,inner_val_pr_auc_delta_vs_frozen_ar,0.003939600195735693,0.13104335963726044,0.8207137584686279,permuted_train_and_permuted_inner_val_selection
future_arousal_max_delta_rows_4_10_train_q90,binary,short_temporal_conv_residual,label_permutation_residual,20260625,5,0.29133838415145874,0.09819961626052903,2.1453765109341605e-05,inner_val_pr_auc_delta_vs_frozen_ar,0.004008378833532333,0.15124130249023438,0.8855774402618408,permuted_train_and_permuted_inner_val_selection
future_arousal_max_delta_rows_4_10_train_q90,binary,short_temporal_conv_residual,label_permutation_residual,20260625,6,0.29134152829647064,0.0981937616154486,1.559912002890851e-05,inner_val_pr_auc_delta_vs_frozen_ar,0.004109899513423443,0.16907265782356262,0.9290716648101807,permuted_train_and_permuted_inner_val_selection
future_arousal_max_delta_rows_4_10_train_q90,binary,short_temporal_conv_residual,label_permutation_residual,20260625,7,0.2899694796651602,0.09826651063393568,8.834813851599232e-05,inner_val_pr_auc_delta_vs_frozen_ar,0.004219591151922941,0.19022542238235474,0.9625477194786072,permuted_train_and_permuted_inner_val_selection
future_arousal_max_delta_rows_4_10_train_q90,binary,short_temporal_conv_residual,label_permutation_residual,20260625,8,0.289563599973917,0.09843035604299281,0.0002521935475731235,inner_val_pr_auc_delta_vs_frozen_ar,0.004330017138272524,0.21071191132068634,0.9819656014442444,permuted_train_and_permuted_inner_val_selection
future_arousal_max_delta_rows_4_10_train_q90,binary,short_temporal_conv_residual,label_permutation_residual,20260625,9,0.2897320967167616,0.09848716859317402,0.00030900609775433296,inner_val_pr_auc_delta_vs_frozen_ar,0.0044303457252681255,0.22341465950012207,0.9891065359115601,permuted_train_and_permuted_inner_val_selection
future_arousal_max_delta_rows_4_10_train_q90,binary,short_temporal_conv_residual,label_permutation_residual,20260625,10,0.2887390274554491,0.09859087018765966,0.00041270769223997195,inner_val_pr_auc_delta_vs_frozen_ar,0.004516522400081158,0.22774635255336761,0.9914984107017517,permuted_train_and_permuted_inner_val_selection
future_arousal_max_delta_rows_4_10_train_q90,binary,short_temporal_conv_residual,label_permutation_residual,20260625,11,0.28846268355846405,0.09874026377794941,0.0005621012825297172,inner_val_pr_auc_delta_vs_frozen_ar,0.004600916523486376,0.23712094128131866,0.9941246509552002,permuted_train_and_permuted_inner_val_selection
future_arousal_max_delta_rows_4_10_train_q90,binary,short_temporal_conv_residual,label_permutation_residual,20260625,12,0.2872244454920292,0.09888269933179328,0.0007045368363735871,inner_val_pr_auc_delta_vs_frozen_ar,0.0046822852455079556,0.24269737303256989,0.9954574704170227,permuted_train_and_permuted_inner_val_selection
future_arousal_max_delta_rows_4_10_train_q90,binary,short_temporal_conv_residual,label_permutation_residual,20260625,13,0.28672511130571365,0.09903693506085007,0.0008587725654303768,inner_val_pr_auc_delta_vs_frozen_ar,0.004761606454849243,0.24467378854751587,0.9961400628089905,permuted_train_and_permuted_inner_val_selection
future_arousal_max_delta_rows_4_10_train_q90,binary,short_temporal_conv_residual,label_permutation_residual,20260625,14,0.28582205809652805,0.09901956063871631,0.0008413981432966178,inner_val_pr_auc_delta_vs_frozen_ar,0.004841943271458149,0.2570660710334778,0.9976111650466919,permuted_train_and_permuted_inner_val_selection
future_arousal_max_delta_rows_4_10_train_q90,binary,short_temporal_conv_residual,label_permutation_residual,20260625,15,0.285111203789711,0.09917818359205977,0.0010000210966400747,inner_val_pr_auc_delta_vs_frozen_ar,0.00492325471714139,0.2634863555431366,0.9981245994567871,permuted_train_and_permuted_inner_val_selection
future_arousal_max_delta_rows_4_10_train_q90,binary,short_temporal_conv_residual,label_permutation_residual,20260625,16,0.2846406605094671,0.09912510880042638,0.0009469463050066906,inner_val_pr_auc_delta_vs_frozen_ar,0.005002452991902828,0.26677796244621277,0.9985492825508118,permuted_train_and_permuted_inner_val_selection
future_arousal_max_delta_rows_4_10_train_q90,binary,short_temporal_conv_residual,label_permutation_residual,20260625,17,0.2834003418684006,0.09927028666216223,0.0010921241667425363,inner_val_pr_auc_delta_vs_frozen_ar,0.005084532778710127,0.2742307186126709,0.9989646077156067,permuted_train_and_permuted_inner_val_selection
future_arousal_max_delta_rows_4_10_train_q90,binary,short_temporal_conv_residual,label_permutation_residual,20260625,18,0.2826864905655384,0.09927619662568232,0.0010980341302626317,inner_val_pr_auc_delta_vs_frozen_ar,0.00516676576808095,0.27922818064689636,0.9991915822029114,permuted_train_and_permuted_inner_val_selection
future_arousal_max_delta_rows_4_10_train_q90,binary,short_temporal_conv_residual,label_permutation_residual,20260625,19,0.281651109457016,0.09944913998930159,0.0012709774938819002,inner_val_pr_auc_delta_vs_frozen_ar,0.005251708440482616,0.28756222128868103,0.9994457364082336,permuted_train_and_permuted_inner_val_selection
future_arousal_max_delta_rows_4_10_train_q90,binary,short_temporal_conv_residual,label_permutation_residual,20260625,20,0.2804904840886593,0.09948344486547292,0.001305282370053229,inner_val_pr_auc_delta_vs_frozen_ar,0.005338713992387056,0.2957972288131714,0.9996331930160522,permuted_train_and_permuted_inner_val_selection
future_arousal_max_delta_rows_4_10_train_q90,binary,short_temporal_conv_residual,label_permutation_residual,20260625,21,0.2795149236917496,0.09941646277581673,0.0012383002803970367,inner_val_pr_auc_delta_vs_frozen_ar,0.005422748159617186,0.3013174831867218,0.9997411966323853,permuted_train_and_permuted_inner_val_selection
future_arousal_max_delta_rows_4_10_train_q90,binary,short_temporal_conv_residual,label_permutation_residual,20260625,22,0.27842581272125244,0.09921809661847286,0.0010399341230531711,inner_val_pr_auc_delta_vs_frozen_ar,0.00550811504945159,0.3053075671195984,0.9997961521148682,permuted_train_and_permuted_inner_val_selection
future_arousal_max_delta_rows_4_10_train_q90,binary,short_temporal_conv_residual,label_permutation_residual,20260625,23,0.2772312182933092,0.09943186335194117,0.0012537008565214752,inner_val_pr_auc_delta_vs_frozen_ar,0.005593269132077694,0.31234946846961975,0.9998589158058167,permuted_train_and_permuted_inner_val_selection
future_arousal_max_delta_rows_4_10_train_q90,binary,short_temporal_conv_residual,label_permutation_residual,20260625,24,0.27591603249311447,0.09945761244022833,0.001279449944808636,inner_val_pr_auc_delta_vs_frozen_ar,0.005676619242876768,0.31848272681236267,0.9999006390571594,permuted_train_and_permuted_inner_val_selection
future_arousal_max_delta_rows_4_10_train_q90,binary,short_temporal_conv_residual,label_permutation_residual,20260625,25,0.2747549246996641,0.09966653973903487,0.0014883772436151826,inner_val_pr_auc_delta_vs_frozen_ar,0.005758893210440874,0.3219446539878845,0.9999209642410278,permuted_train_and_permuted_inner_val_selection
future_arousal_max_delta_rows_4_10_train_q90,binary,short_temporal_conv_residual,label_permutation_residual,20260625,26,0.2733684964478016,0.09956617230463509,0.0013880098092153986,inner_val_pr_auc_delta_vs_frozen_ar,0.0058408696204423904,0.3261334002017975,0.9999390244483948,permuted_train_and_permuted_inner_val_selection
future_arousal_max_delta_rows_4_10_train_q90,binary,short_temporal_conv_residual,label_permutation_residual,20260625,27,0.27236539125442505,0.09958692778065335,0.0014087652852336624,inner_val_pr_auc_delta_vs_frozen_ar,0.0059202685952186584,0.33002015948295593,0.9999517798423767,permuted_train_and_permuted_inner_val_selection
future_arousal_max_delta_rows_4_10_train_q90,binary,short_temporal_conv_residual,label_permutation_residual,20260625,28,0.2714259438216686,0.0997095123511459,0.0015313498557262134,inner_val_pr_auc_delta_vs_frozen_ar,0.005999172106385231,0.3334059417247772,0.9999598860740662,permuted_train_and_permuted_inner_val_selection
future_arousal_max_delta_rows_4_10_train_q90,binary,short_temporal_conv_residual,label_permutation_residual,20260625,29,0.270222008228302,0.09967736130181268,0.0014991988063929873,inner_val_pr_auc_delta_vs_frozen_ar,0.006076698191463947,0.33798015117645264,0.9999699592590332,permuted_train_and_permuted_inner_val_selection
future_arousal_max_delta_rows_4_10_train_q90,binary,short_temporal_conv_residual,label_permutation_residual,20260625,30,0.26870154589414597,0.09963524398691222,0.0014570814914925262,inner_val_pr_auc_delta_vs_frozen_ar,0.0061523765325546265,0.3413979411125183,0.9999757409095764,permuted_train_and_permuted_inner_val_selection
future_arousal_max_delta_rows_4_10_train_q90,binary,short_temporal_conv_residual,label_permutation_residual,20260625,31,0.2670147977769375,0.0997559700594232,0.001577807564003511,inner_val_pr_auc_delta_vs_frozen_ar,0.006227496545761824,0.3448629677295685,0.9999803900718689,permuted_train_and_permuted_inner_val_selection
future_arousal_max_delta_rows_4_10_train_q90,binary,short_temporal_conv_residual,label_permutation_residual,20260625,32,0.2662711087614298,0.09965100584296784,0.0014728433475481445,inner_val_pr_auc_delta_vs_frozen_ar,0.006301084067672491,0.34686532616615295,0.9999825954437256,permuted_train_and_permuted_inner_val_selection
future_arousal_max_delta_rows_4_10_train_q90,binary,short_temporal_conv_residual,label_permutation_residual,20260625,33,0.2646998502314091,0.09963347202710524,0.0014553095316855447,inner_val_pr_auc_delta_vs_frozen_ar,0.006373507436364889,0.3498196303844452,0.9999856948852539,permuted_train_and_permuted_inner_val_selection
future_arousal_max_delta_rows_4_10_train_q90,binary,short_temporal_conv_residual,label_permutation_residual,20260625,34,0.2639715075492859,0.09966443739743702,0.0014862749020173316,inner_val_pr_auc_delta_vs_frozen_ar,0.006444761995226145,0.35389167070388794,0.9999890327453613,permuted_train_and_permuted_inner_val_selection
future_arousal_max_delta_rows_4_10_train_q90,binary,short_temporal_conv_residual,label_permutation_residual,20260625,35,0.26199739053845406,0.0997193798934145,0.0015412173979948152,inner_val_pr_auc_delta_vs_frozen_ar,0.0065155792981386185,0.35564330220222473,0.9999902844429016,permuted_train_and_permuted_inner_val_selection
future_arousal_max_delta_rows_4_10_train_q90,binary,short_temporal_conv_residual,label_permutation_residual,20260625,36,0.2610288057476282,0.0995474819499109,0.0013693194544912024,inner_val_pr_auc_delta_vs_frozen_ar,0.0065847584046423435,0.35792243480682373,0.9999916553497314,permuted_train_and_permuted_inner_val_selection
future_arousal_max_delta_rows_4_10_train_q90,binary,short_temporal_conv_residual,label_permutation_residual,20260625,37,0.25967209972441196,0.09972239556370333,0.0015442330682836347,inner_val_pr_auc_delta_vs_frozen_ar,0.0066528115421533585,0.36018577218055725,0.9999929666519165,permuted_train_and_permuted_inner_val_selection
future_arousal_max_delta_rows_4_10_train_q90,binary,short_temporal_conv_residual,label_permutation_residual,20260625,38,0.2582232104614377,0.0995865900431132,0.0014084275476935054,inner_val_pr_auc_delta_vs_frozen_ar,0.006720741745084524,0.3615679442882538,0.9999935626983643,permuted_train_and_permuted_inner_val_selection
future_arousal_max_delta_rows_4_10_train_q90,binary,short_temporal_conv_residual,label_permutation_residual,20260625,39,0.25764207635074854,0.0994777782164005,0.0012996157209808068,inner_val_pr_auc_delta_vs_frozen_ar,0.00678680744022131,0.36396706104278564,0.9999945759773254,permuted_train_and_permuted_inner_val_selection
future_arousal_max_delta_rows_4_10_train_q90,binary,short_temporal_conv_residual,train_only_video_mean_residual,20260625,1,0.24888733122497797,0.22208698351428088,-1.3909421881952433e-05,inner_val_pr_auc_delta_vs_frozen_ar,0.0037817363627254963,0.04265269637107849,0.18740403652191162,true_train_and_true_inner_val_selection
future_arousal_max_delta_rows_4_10_train_q90,binary,short_temporal_conv_residual,train_only_video_mean_residual,20260625,2,0.24852034728974104,0.2222875447765328,0.00018665184036997795,inner_val_pr_auc_delta_vs_frozen_ar,0.0038837986066937447,0.1912059485912323,0.9957070350646973,true_train_and_true_inner_val_selection
future_arousal_max_delta_rows_4_10_train_q90,binary,short_temporal_conv_residual,train_only_video_mean_residual,20260625,3,0.24775596894323826,0.22294953019619967,0.0008486372600368386,inner_val_pr_auc_delta_vs_frozen_ar,0.003991452977061272,0.26312705874443054,0.9995858073234558,true_train_and_true_inner_val_selection
future_arousal_max_delta_rows_4_10_train_q90,binary,short_temporal_conv_residual,train_only_video_mean_residual,20260625,4,0.24740059673786163,0.22164752129933576,-0.00045337163682707127,inner_val_pr_auc_delta_vs_frozen_ar,0.004108630120754242,0.27321097254753113,0.99983811378479,true_train_and_true_inner_val_selection
future_arousal_max_delta_rows_4_10_train_q90,binary,short_temporal_conv_residual,train_only_video_mean_residual,20260625,5,0.2451301608234644,0.21717589686522099,-0.0049249960709418505,inner_val_pr_auc_delta_vs_frozen_ar,0.0042214891873300076,0.2913297116756439,0.999922513961792,true_train_and_true_inner_val_selection
future_arousal_max_delta_rows_4_10_train_q90,binary,short_temporal_conv_residual,train_only_video_mean_residual,20260625,6,0.2434943951666355,0.2195835561763595,-0.0025173367598033403,inner_val_pr_auc_delta_vs_frozen_ar,0.0043004718609154224,0.3102378249168396,0.999950647354126,true_train_and_true_inner_val_selection
future_arousal_max_delta_rows_4_10_train_q90,binary,short_temporal_conv_residual,train_only_video_mean_residual,20260625,7,0.24191050976514816,0.21835164266807428,-0.003749250268088561,inner_val_pr_auc_delta_vs_frozen_ar,0.004370779264718294,0.3294297456741333,0.9999743103981018,true_train_and_true_inner_val_selection
future_arousal_max_delta_rows_4_10_train_q90,binary,short_temporal_conv_residual,train_only_video_mean_residual,20260625,8,0.24045137967914343,0.21956443553474642,-0.00253645740141642,inner_val_pr_auc_delta_vs_frozen_ar,0.00443224934861064,0.344320684671402,0.9999798536300659,true_train_and_true_inner_val_selection
future_arousal_max_delta_rows_4_10_train_q90,binary,short_temporal_conv_residual,train_only_video_mean_residual,20260625,9,0.2396666994318366,0.21949884708488443,-0.002602045851278406,inner_val_pr_auc_delta_vs_frozen_ar,0.004490222316235304,0.3535633087158203,0.9999837279319763,true_train_and_true_inner_val_selection
future_arousal_max_delta_rows_4_10_train_q90,binary,short_temporal_conv_residual,train_only_video_mean_residual,20260625,10,0.23866162914782763,0.220436246622913,-0.0016646463132498346,inner_val_pr_auc_delta_vs_frozen_ar,0.004549691453576088,0.3614339530467987,0.9999886751174927,true_train_and_true_inner_val_selection
future_arousal_max_delta_rows_4_10_train_q90,binary,short_temporal_conv_residual,train_only_video_mean_residual,20260625,11,0.23744501825422049,0.2216426800635692,-0.0004582128725936496,inner_val_pr_auc_delta_vs_frozen_ar,0.004609304945915937,0.37309375405311584,0.9999872446060181,true_train_and_true_inner_val_selection
future_arousal_max_delta_rows_4_10_train_q90,binary,short_temporal_conv_residual,diagnostics_only_residual,20260625,1,0.24901194218546152,0.2221121791773201,1.1286241157260068e-05,inner_val_pr_auc_delta_vs_frozen_ar,0.0037342992145568132,0.03001217544078827,0.08879358321428299,true_train_and_true_inner_val_selection
future_arousal_max_delta_rows_4_10_train_q90,binary,short_temporal_conv_residual,diagnostics_only_residual,20260625,2,0.24858164321631193,0.22201039134374123,-9.05015924216046e-05,inner_val_pr_auc_delta_vs_frozen_ar,0.0038098653312772512,0.2763618528842926,0.9905264377593994,true_train_and_true_inner_val_selection
future_arousal_max_delta_rows_4_10_train_q90,binary,short_temporal_conv_residual,diagnostics_only_residual,20260625,3,0.24862175155431032,0.221942134839975,-0.0001587580961878443,inner_val_pr_auc_delta_vs_frozen_ar,0.003805475775152445,0.33469077944755554,0.9997597932815552,true_train_and_true_inner_val_selection
future_arousal_max_delta_rows_4_10_train_q90,binary,short_temporal_conv_residual,diagnostics_only_residual,20260625,4,0.24853661935776472,0.2218524488057505,-0.00024844413041233415,inner_val_pr_auc_delta_vs_frozen_ar,0.0038479825016111135,0.3545290231704712,0.9999651312828064,true_train_and_true_inner_val_selection
future_arousal_max_delta_rows_4_10_train_q90,binary,short_temporal_conv_residual,diagnostics_only_residual,20260625,5,0.24842955358326435,0.22240659484996447,0.000305701913801637,inner_val_pr_auc_delta_vs_frozen_ar,0.00387914152815938,0.3679860532283783,0.9999918341636658,true_train_and_true_inner_val_selection
future_arousal_max_delta_rows_4_10_train_q90,binary,short_temporal_conv_residual,diagnostics_only_residual,20260625,6,0.2486121291294694,0.22270088733484775,0.000599994398684911,inner_val_pr_auc_delta_vs_frozen_ar,0.003921952098608017,0.38449689745903015,0.999998927116394,true_train_and_true_inner_val_selection
future_arousal_max_delta_rows_4_10_train_q90,binary,short_temporal_conv_residual,diagnostics_only_residual,20260625,7,0.24802743922919035,0.2234186666331453,0.001317773696982466,inner_val_pr_auc_delta_vs_frozen_ar,0.003967621363699436,0.39552879333496094,0.9999998211860657,true_train_and_true_inner_val_selection
future_arousal_max_delta_rows_4_10_train_q90,binary,short_temporal_conv_residual,diagnostics_only_residual,20260625,8,0.2482658764347434,0.22372860506889314,0.0016277121327303024,inner_val_pr_auc_delta_vs_frozen_ar,0.004014797508716583,0.39888447523117065,0.9999999403953552,true_train_and_true_inner_val_selection
future_arousal_max_delta_rows_4_10_train_q90,binary,short_temporal_conv_residual,diagnostics_only_residual,20260625,9,0.2482080776244402,0.22427909078842417,0.0021781978522613377,inner_val_pr_auc_delta_vs_frozen_ar,0.004061064217239618,0.40000155568122864,0.9999999403953552,true_train_and_true_inner_val_selection
future_arousal_max_delta_rows_4_10_train_q90,binary,short_temporal_conv_residual,diagnostics_only_residual,20260625,10,0.24780596606433392,0.2242701835227772,0.0021692905866143586,inner_val_pr_auc_delta_vs_frozen_ar,0.004105847794562578,0.40077880024909973,1.0,true_train_and_true_inner_val_selection
future_arousal_max_delta_rows_4_10_train_q90,binary,short_temporal_conv_residual,diagnostics_only_residual,20260625,11,0.2482495941221714,0.22469106209803244,0.0025901691618696043,inner_val_pr_auc_delta_vs_frozen_ar,0.004149381536990404,0.3992907702922821,0.9999999403953552,true_train_and_true_inner_val_selection
future_arousal_max_delta_rows_4_10_train_q90,binary,short_temporal_conv_residual,diagnostics_only_residual,20260625,12,0.24787684623152018,0.22471837126443434,0.0026174783282714997,inner_val_pr_auc_delta_vs_frozen_ar,0.004189697559922934,0.39760056138038635,0.9999999403953552,true_train_and_true_inner_val_selection
future_arousal_max_delta_rows_4_10_train_q90,binary,short_temporal_conv_residual,diagnostics_only_residual,20260625,13,0.2479865700006485,0.22499056825301347,0.0028896753168506373,inner_val_pr_auc_delta_vs_frozen_ar,0.004224810749292374,0.3957533538341522,0.9999999403953552,true_train_and_true_inner_val_selection
future_arousal_max_delta_rows_4_10_train_q90,binary,short_temporal_conv_residual,diagnostics_only_residual,20260625,14,0.24772218242287636,0.22517366709475173,0.0030727741585888924,inner_val_pr_auc_delta_vs_frozen_ar,0.00425087520852685,0.3937397301197052,0.9999999403953552,true_train_and_true_inner_val_selection
future_arousal_max_delta_rows_4_10_train_q90,binary,short_temporal_conv_residual,diagnostics_only_residual,20260625,15,0.24793394282460213,0.225305849081731,0.0032049561455681774,inner_val_pr_auc_delta_vs_frozen_ar,0.004285258706659079,0.39198002219200134,0.9999998807907104,true_train_and_true_inner_val_selection
future_arousal_max_delta_rows_4_10_train_q90,binary,short_temporal_conv_residual,diagnostics_only_residual,20260625,16,0.24790403619408607,0.22543469277657086,0.0033337998404080194,inner_val_pr_auc_delta_vs_frozen_ar,0.004309789277613163,0.38780349493026733,0.9999998211860657,true_train_and_true_inner_val_selection
future_arousal_max_delta_rows_4_10_train_q90,binary,short_temporal_conv_residual,diagnostics_only_residual,20260625,17,0.24778670445084572,0.22574856170219454,0.003647668766031703,inner_val_pr_auc_delta_vs_frozen_ar,0.004333323799073696,0.3871310353279114,0.9999997615814209,true_train_and_true_inner_val_selection
future_arousal_max_delta_rows_4_10_train_q90,binary,short_temporal_conv_residual,diagnostics_only_residual,20260625,18,0.24760850612074137,0.22580356601329427,0.00370267307713143,inner_val_pr_auc_delta_vs_frozen_ar,0.004356922581791878,0.3841310739517212,0.9999996423721313,true_train_and_true_inner_val_selection
future_arousal_max_delta_rows_4_10_train_q90,binary,short_temporal_conv_residual,diagnostics_only_residual,20260625,19,0.2474332181736827,0.22610358767464317,0.0040026947384803335,inner_val_pr_auc_delta_vs_frozen_ar,0.004382915794849396,0.38239786028862,0.999999463558197,true_train_and_true_inner_val_selection
future_arousal_max_delta_rows_4_10_train_q90,binary,short_temporal_conv_residual,diagnostics_only_residual,20260625,20,0.24757732264697552,0.22617512014465996,0.004074227208497122,inner_val_pr_auc_delta_vs_frozen_ar,0.0044045401737093925,0.38104769587516785,0.9999993443489075,true_train_and_true_inner_val_selection
future_arousal_max_delta_rows_4_10_train_q90,binary,short_temporal_conv_residual,diagnostics_only_residual,20260625,21,0.24746548105031252,0.22644631908898788,0.004345426152825044,inner_val_pr_auc_delta_vs_frozen_ar,0.004426611587405205,0.379073828458786,0.9999990463256836,true_train_and_true_inner_val_selection
future_arousal_max_delta_rows_4_10_train_q90,binary,short_temporal_conv_residual,diagnostics_only_residual,20260625,22,0.24754778388887644,0.22641523961924925,0.0043143466830864174,inner_val_pr_auc_delta_vs_frozen_ar,0.00445361714810133,0.377617746591568,0.9999988675117493,true_train_and_true_inner_val_selection
future_arousal_max_delta_rows_4_10_train_q90,binary,short_temporal_conv_residual,diagnostics_only_residual,20260625,23,0.24771465454250574,0.22650688902907792,0.004405996092915088,inner_val_pr_auc_delta_vs_frozen_ar,0.004476608242839575,0.3764738440513611,0.9999986290931702,true_train_and_true_inner_val_selection
future_arousal_max_delta_rows_4_10_train_q90,binary,short_temporal_conv_residual,diagnostics_only_residual,20260625,24,0.24743905663490295,0.22686328210559226,0.004762389169429421,inner_val_pr_auc_delta_vs_frozen_ar,0.004501085262745619,0.37627455592155457,0.9999984502792358,true_train_and_true_inner_val_selection
future_arousal_max_delta_rows_4_10_train_q90,binary,short_temporal_conv_residual,diagnostics_only_residual,20260625,25,0.24765987321734428,0.2268956175527551,0.0047947246165922774,inner_val_pr_auc_delta_vs_frozen_ar,0.004524495918303728,0.37679779529571533,0.9999983906745911,true_train_and_true_inner_val_selection
future_arousal_max_delta_rows_4_10_train_q90,binary,short_temporal_conv_residual,diagnostics_only_residual,20260625,26,0.2473699450492859,0.22701212416596517,0.004911231229802332,inner_val_pr_auc_delta_vs_frozen_ar,0.00454909959807992,0.3765905797481537,0.9999980330467224,true_train_and_true_inner_val_selection
future_arousal_max_delta_rows_4_10_train_q90,binary,short_temporal_conv_residual,diagnostics_only_residual,20260625,27,0.24778065364807844,0.2271487687520743,0.005047875815911457,inner_val_pr_auc_delta_vs_frozen_ar,0.0045763058587908745,0.3789636790752411,0.9999982714653015,true_train_and_true_inner_val_selection
future_arousal_max_delta_rows_4_10_train_q90,binary,short_temporal_conv_residual,diagnostics_only_residual,20260625,28,0.2474374258890748,0.22682625604271064,0.0047253631065478086,inner_val_pr_auc_delta_vs_frozen_ar,0.004599972628057003,0.38043224811553955,0.9999982714653015,true_train_and_true_inner_val_selection
future_arousal_max_delta_rows_4_10_train_q90,binary,short_temporal_conv_residual,diagnostics_only_residual,20260625,29,0.24725508596748114,0.2274733090921734,0.0053724161560105566,inner_val_pr_auc_delta_vs_frozen_ar,0.004619559273123741,0.3806999921798706,0.9999979734420776,true_train_and_true_inner_val_selection
future_arousal_max_delta_rows_4_10_train_q90,binary,short_temporal_conv_residual,diagnostics_only_residual,20260625,30,0.24708616733551025,0.2273296353870894,0.0052287424509265545,inner_val_pr_auc_delta_vs_frozen_ar,0.004642499145120382,0.38205549120903015,0.9999979734420776,true_train_and_true_inner_val_selection
future_arousal_max_delta_rows_4_10_train_q90,binary,short_temporal_conv_residual,diagnostics_only_residual,20260625,31,0.2474307343363762,0.22764563870274707,0.00554474576658423,inner_val_pr_auc_delta_vs_frozen_ar,0.00466495705768466,0.3824484348297119,0.9999974966049194,true_train_and_true_inner_val_selection
future_arousal_max_delta_rows_4_10_train_q90,binary,short_temporal_conv_residual,diagnostics_only_residual,20260625,32,0.24763622507452965,0.227405445817206,0.005304552881043173,inner_val_pr_auc_delta_vs_frozen_ar,0.004691855516284704,0.38527241349220276,0.9999979138374329,true_train_and_true_inner_val_selection
future_arousal_max_delta_rows_4_10_train_q90,binary,short_temporal_conv_residual,diagnostics_only_residual,20260625,33,0.24727948755025864,0.22751870867660254,0.005417815740439702,inner_val_pr_auc_delta_vs_frozen_ar,0.004715091548860073,0.3843066990375519,0.9999975562095642,true_train_and_true_inner_val_selection
future_arousal_max_delta_rows_4_10_train_q90,binary,short_temporal_conv_residual,diagnostics_only_residual,20260625,34,0.2472978187724948,0.22771178975133638,0.005610896815173544,inner_val_pr_auc_delta_vs_frozen_ar,0.004735379479825497,0.3832220733165741,0.9999968409538269,true_train_and_true_inner_val_selection
future_arousal_max_delta_rows_4_10_train_q90,binary,short_temporal_conv_residual,diagnostics_only_residual,20260625,35,0.24704685434699059,0.2280667429254052,0.005965849989242378,inner_val_pr_auc_delta_vs_frozen_ar,0.004758602939546108,0.3826805651187897,0.9999966025352478,true_train_and_true_inner_val_selection
future_arousal_max_delta_rows_4_10_train_q90,binary,short_temporal_conv_residual,diagnostics_only_residual,20260625,36,0.24718431290239096,0.22743614378888535,0.005335250852722517,inner_val_pr_auc_delta_vs_frozen_ar,0.004780335817486048,0.3831934630870819,0.9999970197677612,true_train_and_true_inner_val_selection
future_arousal_max_delta_rows_4_10_train_q90,binary,short_temporal_conv_residual,diagnostics_only_residual,20260625,37,0.24683574307709932,0.2277631246386616,0.005662231702498771,inner_val_pr_auc_delta_vs_frozen_ar,0.004803094081580639,0.38442665338516235,0.9999974370002747,true_train_and_true_inner_val_selection
future_arousal_max_delta_rows_4_10_train_q90,binary,short_temporal_conv_residual,diagnostics_only_residual,20260625,38,0.24712904449552298,0.22718091819448968,0.005080025258326848,inner_val_pr_auc_delta_vs_frozen_ar,0.004823022522032261,0.3856009542942047,0.9999974370002747,true_train_and_true_inner_val_selection
future_arousal_max_delta_rows_4_10_train_q90,binary,short_temporal_conv_residual,diagnostics_only_residual,20260625,39,0.24728495348244905,0.2278815912229498,0.005780698286786956,inner_val_pr_auc_delta_vs_frozen_ar,0.004843575414270163,0.38466188311576843,0.9999970197677612,true_train_and_true_inner_val_selection
future_arousal_max_delta_rows_4_10_train_q90,binary,short_temporal_conv_residual,diagnostics_only_residual,20260625,40,0.24734304565936327,0.22807657930420672,0.005975686368043881,inner_val_pr_auc_delta_vs_frozen_ar,0.004865335300564766,0.38553765416145325,0.9999972581863403,true_train_and_true_inner_val_selection
future_arousal_max_delta_rows_4_10_train_q90,binary,short_temporal_conv_residual,diagnostics_only_residual,20260625,41,0.24720336589962244,0.2275956266951247,0.005494733758961867,inner_val_pr_auc_delta_vs_frozen_ar,0.004887008108198643,0.3872137665748596,0.999997615814209,true_train_and_true_inner_val_selection
future_arousal_max_delta_rows_4_10_train_q90,binary,short_temporal_conv_residual,diagnostics_only_residual,20260625,42,0.24746200907975435,0.22782685583718282,0.005725962901019982,inner_val_pr_auc_delta_vs_frozen_ar,0.0049091908149421215,0.3864128887653351,0.9999973773956299,true_train_and_true_inner_val_selection
future_arousal_max_delta_rows_4_10_train_q90,binary,short_temporal_conv_residual,diagnostics_only_residual,20260625,43,0.24734811950474977,0.22787976202773427,0.005778869091571437,inner_val_pr_auc_delta_vs_frozen_ar,0.004925815854221582,0.3849089741706848,0.9999969005584717,true_train_and_true_inner_val_selection
future_arousal_max_delta_rows_4_10_train_q90,binary,short_temporal_conv_residual,diagnostics_only_residual,20260625,44,0.2472668243572116,0.22756984462125512,0.005468951685092288,inner_val_pr_auc_delta_vs_frozen_ar,0.004947036039084196,0.385248064994812,0.9999969601631165,true_train_and_true_inner_val_selection
future_arousal_max_delta_rows_4_10_train_q90,binary,short_temporal_conv_residual,diagnostics_only_residual,20260625,45,0.24673768319189548,0.2276815703016055,0.0055806773654426545,inner_val_pr_auc_delta_vs_frozen_ar,0.004965746775269508,0.38576823472976685,0.9999970197677612,true_train_and_true_inner_val_selection
future_arousal_max_delta_rows_4_10_train_q90,binary,short_temporal_conv_residual,diagnostics_only_residual,20260625,46,0.24706725124269724,0.2270822480353238,0.004981355099160978,inner_val_pr_auc_delta_vs_frozen_ar,0.004985867999494076,0.3848119378089905,0.999996542930603,true_train_and_true_inner_val_selection
future_arousal_max_delta_rows_4_10_train_q90,binary,short_temporal_conv_residual,diagnostics_only_residual,20260625,47,0.24716804455965757,0.22770551322787627,0.005604620291713436,inner_val_pr_auc_delta_vs_frozen_ar,0.0050082639791071415,0.385957270860672,0.9999968409538269,true_train_and_true_inner_val_selection
future_arousal_max_delta_rows_4_10_train_q90,binary,short_temporal_conv_residual,diagnostics_only_residual,20260625,48,0.24698470905423164,0.22781769537329227,0.005716802437129437,inner_val_pr_auc_delta_vs_frozen_ar,0.005027473904192448,0.38535597920417786,0.9999967217445374,true_train_and_true_inner_val_selection
future_arousal_max_delta_rows_4_10_train_q90,binary,short_temporal_conv_residual,real_residual,20260626,1,0.24616970866918564,0.22828894608489111,3.923385937226742e-05,inner_val_pr_auc_delta_vs_frozen_ar,0.0038121056277304888,0.02874068170785904,0.09643517434597015,true_train_and_true_inner_val_selection
future_arousal_max_delta_rows_4_10_train_q90,binary,short_temporal_conv_residual,real_residual,20260626,2,0.2460144329816103,0.22859259527467599,0.00034288304915713885,inner_val_pr_auc_delta_vs_frozen_ar,0.003915951121598482,0.10370853543281555,0.7044521570205688,true_train_and_true_inner_val_selection
future_arousal_max_delta_rows_4_10_train_q90,binary,short_temporal_conv_residual,real_residual,20260626,3,0.24533473141491413,0.23096281267913651,0.0027131004536176673,inner_val_pr_auc_delta_vs_frozen_ar,0.004032830707728863,0.12106022983789444,0.8095076084136963,true_train_and_true_inner_val_selection
future_arousal_max_delta_rows_4_10_train_q90,binary,short_temporal_conv_residual,real_residual,20260626,4,0.24442934524267912,0.23642816791560797,0.008178455690089126,inner_val_pr_auc_delta_vs_frozen_ar,0.004152319394052029,0.10837650299072266,0.7450613379478455,true_train_and_true_inner_val_selection
future_arousal_max_delta_rows_4_10_train_q90,binary,short_temporal_conv_residual,real_residual,20260626,5,0.24237191583961248,0.24295664773384235,0.014706935508323499,inner_val_pr_auc_delta_vs_frozen_ar,0.004271413665264845,0.11630533635616302,0.8038266897201538,true_train_and_true_inner_val_selection
future_arousal_max_delta_rows_4_10_train_q90,binary,short_temporal_conv_residual,real_residual,20260626,6,0.24091480765491724,0.24239541756039407,0.01414570533487522,inner_val_pr_auc_delta_vs_frozen_ar,0.0043511283583939075,0.11477182060480118,0.7971437573432922,true_train_and_true_inner_val_selection
future_arousal_max_delta_rows_4_10_train_q90,binary,short_temporal_conv_residual,real_residual,20260626,7,0.23965894524008036,0.2409373212959555,0.012687609070436645,inner_val_pr_auc_delta_vs_frozen_ar,0.004396111238747835,0.12296821922063828,0.8374216556549072,true_train_and_true_inner_val_selection
future_arousal_max_delta_rows_4_10_train_q90,binary,short_temporal_conv_residual,real_residual,20260626,8,0.2389350477606058,0.2400060311704075,0.011756318944888655,inner_val_pr_auc_delta_vs_frozen_ar,0.004442432429641485,0.1265391856431961,0.8561211824417114,true_train_and_true_inner_val_selection
future_arousal_max_delta_rows_4_10_train_q90,binary,short_temporal_conv_residual,real_residual,20260626,9,0.23757286835461855,0.23866525596811272,0.010415543742593875,inner_val_pr_auc_delta_vs_frozen_ar,0.0044967965222895145,0.13250604271888733,0.8856290578842163,true_train_and_true_inner_val_selection
future_arousal_max_delta_rows_4_10_train_q90,binary,short_temporal_conv_residual,real_residual,20260626,10,0.23713348433375359,0.23695303111392654,0.008703318888407696,inner_val_pr_auc_delta_vs_frozen_ar,0.004557047039270401,0.1360909640789032,0.9000135064125061,true_train_and_true_inner_val_selection
future_arousal_max_delta_rows_4_10_train_q90,binary,short_temporal_conv_residual,real_residual,20260626,11,0.23607365135103464,0.2361685885221621,0.007918876296643257,inner_val_pr_auc_delta_vs_frozen_ar,0.004622890613973141,0.13969828188419342,0.9149482250213623,true_train_and_true_inner_val_selection
future_arousal_max_delta_rows_4_10_train_q90,binary,short_temporal_conv_residual,real_residual,20260626,12,0.23496311530470848,0.23434587872480578,0.006096166499286931,inner_val_pr_auc_delta_vs_frozen_ar,0.004689056891947985,0.14307957887649536,0.9253634810447693,true_train_and_true_inner_val_selection
future_arousal_max_delta_rows_4_10_train_q90,binary,short_temporal_conv_residual,real_residual,20260626,13,0.23353920225054026,0.23334482632554898,0.005095114100030135,inner_val_pr_auc_delta_vs_frozen_ar,0.004755171947181225,0.14368566870689392,0.9306723475456238,true_train_and_true_inner_val_selection
future_arousal_max_delta_rows_4_10_train_q90,binary,short_temporal_conv_residual,shuffled_pca_residual,20260626,1,0.24637734703719616,0.22829363204004055,4.391981452170346e-05,inner_val_pr_auc_delta_vs_frozen_ar,0.003812164533883333,0.02847752533853054,0.09218454360961914,true_train_and_true_inner_val_selection
future_arousal_max_delta_rows_4_10_train_q90,binary,short_temporal_conv_residual,shuffled_pca_residual,20260626,2,0.24598552286624908,0.22831337252208317,6.366029656432182e-05,inner_val_pr_auc_delta_vs_frozen_ar,0.003919725306332111,0.09118221700191498,0.4816407263278961,true_train_and_true_inner_val_selection
future_arousal_max_delta_rows_4_10_train_q90,binary,short_temporal_conv_residual,shuffled_pca_residual,20260626,3,0.24617855064570904,0.22821158139701261,-3.813082850623317e-05,inner_val_pr_auc_delta_vs_frozen_ar,0.004032411612570286,0.17808780074119568,0.888155460357666,true_train_and_true_inner_val_selection
future_arousal_max_delta_rows_4_10_train_q90,binary,short_temporal_conv_residual,shuffled_pca_residual,20260626,4,0.24602466356009245,0.228424828245851,0.00017511602033215556,inner_val_pr_auc_delta_vs_frozen_ar,0.004106532316654921,0.17673055827617645,0.8850330710411072,true_train_and_true_inner_val_selection
future_arousal_max_delta_rows_4_10_train_q90,binary,short_temporal_conv_residual,shuffled_pca_residual,20260626,5,0.24609865341335535,0.22865766766228943,0.00040795543677057955,inner_val_pr_auc_delta_vs_frozen_ar,0.00420632166787982,0.16388028860092163,0.8489556312561035,true_train_and_true_inner_val_selection
future_arousal_max_delta_rows_4_10_train_q90,binary,short_temporal_conv_residual,shuffled_pca_residual,20260626,6,0.24503044318407774,0.22874291579172054,0.0004932035662016943,inner_val_pr_auc_delta_vs_frozen_ar,0.004323210101574659,0.1622331142425537,0.8428463935852051,true_train_and_true_inner_val_selection
future_arousal_max_delta_rows_4_10_train_q90,binary,short_temporal_conv_residual,shuffled_pca_residual,20260626,7,0.24449999257922173,0.2281928777615715,-5.683446394735836e-05,inner_val_pr_auc_delta_vs_frozen_ar,0.0044392673298716545,0.17021039128303528,0.8675780892372131,true_train_and_true_inner_val_selection
future_arousal_max_delta_rows_4_10_train_q90,binary,short_temporal_conv_residual,shuffled_pca_residual,20260626,8,0.24401389062404633,0.22731522690902886,-0.0009344853164899858,inner_val_pr_auc_delta_vs_frozen_ar,0.004546265117824078,0.15855011343955994,0.8273929953575134,true_train_and_true_inner_val_selection
future_arousal_max_delta_rows_4_10_train_q90,binary,short_temporal_conv_residual,shuffled_pca_residual,20260626,9,0.2431607823818922,0.22548947388711968,-0.002760238338399168,inner_val_pr_auc_delta_vs_frozen_ar,0.004645985551178455,0.15874917805194855,0.8315705060958862,true_train_and_true_inner_val_selection
future_arousal_max_delta_rows_4_10_train_q90,binary,short_temporal_conv_residual,shuffled_pca_residual,20260626,10,0.24208602029830217,0.22306799564642316,-0.005181716579095691,inner_val_pr_auc_delta_vs_frozen_ar,0.004734372720122337,0.15835785865783691,0.8297427296638489,true_train_and_true_inner_val_selection
future_arousal_max_delta_rows_4_10_train_q90,binary,short_temporal_conv_residual,shuffled_pca_residual,20260626,11,0.2418449344113469,0.22050636776558744,-0.007743344459931412,inner_val_pr_auc_delta_vs_frozen_ar,0.004811811726540327,0.16053937375545502,0.8386150002479553,true_train_and_true_inner_val_selection
future_arousal_max_delta_rows_4_10_train_q90,binary,short_temporal_conv_residual,shuffled_pca_residual,20260626,12,0.24119037203490734,0.2184169460888144,-0.009832766136704446,inner_val_pr_auc_delta_vs_frozen_ar,0.0048873950727283955,0.16456760466098785,0.8538634777069092,true_train_and_true_inner_val_selection
future_arousal_max_delta_rows_4_10_train_q90,binary,short_temporal_conv_residual,shuffled_pca_residual,20260626,13,0.24020663928240538,0.21631424017048984,-0.011935472055029012,inner_val_pr_auc_delta_vs_frozen_ar,0.004963402170687914,0.17264726758003235,0.8817864060401917,true_train_and_true_inner_val_selection
future_arousal_max_delta_rows_4_10_train_q90,binary,short_temporal_conv_residual,shuffled_pca_residual,20260626,14,0.2395466361194849,0.21480739657829384,-0.013442315647225006,inner_val_pr_auc_delta_vs_frozen_ar,0.005039356183260679,0.17543816566467285,0.8897812366485596,true_train_and_true_inner_val_selection
future_arousal_max_delta_rows_4_10_train_q90,binary,short_temporal_conv_residual,random_pca_residual,20260626,1,0.2459568176418543,0.2282758867860154,2.6174560496555754e-05,inner_val_pr_auc_delta_vs_frozen_ar,0.0038123305421322584,0.02726936526596546,0.08460435271263123,true_train_and_true_inner_val_selection
future_arousal_max_delta_rows_4_10_train_q90,binary,short_temporal_conv_residual,random_pca_residual,20260626,2,0.245943084359169,0.228262250801193,1.2538575674153618e-05,inner_val_pr_auc_delta_vs_frozen_ar,0.0039187888614833355,0.08674757182598114,0.45234215259552,true_train_and_true_inner_val_selection
future_arousal_max_delta_rows_4_10_train_q90,binary,short_temporal_conv_residual,random_pca_residual,20260626,3,0.24611224047839642,0.22814670620103142,-0.00010300602448742868,inner_val_pr_auc_delta_vs_frozen_ar,0.004032609518617392,0.17817309498786926,0.8846431970596313,true_train_and_true_inner_val_selection
future_arousal_max_delta_rows_4_10_train_q90,binary,short_temporal_conv_residual,random_pca_residual,20260626,4,0.246255936101079,0.22809207019092848,-0.00015764203459037174,inner_val_pr_auc_delta_vs_frozen_ar,0.004100610036402941,0.18171508610248566,0.8952865600585938,true_train_and_true_inner_val_selection
future_arousal_max_delta_rows_4_10_train_q90,binary,short_temporal_conv_residual,random_pca_residual,20260626,5,0.24567127414047718,0.2278355051438559,-0.00041420708166295395,inner_val_pr_auc_delta_vs_frozen_ar,0.004205633886158466,0.17328619956970215,0.8729691505432129,true_train_and_true_inner_val_selection
future_arousal_max_delta_rows_4_10_train_q90,binary,short_temporal_conv_residual,random_pca_residual,20260626,6,0.24564080964773893,0.22702063987344012,-0.001229072352078725,inner_val_pr_auc_delta_vs_frozen_ar,0.004311791155487299,0.1707860380411148,0.8679015636444092,true_train_and_true_inner_val_selection
future_arousal_max_delta_rows_4_10_train_q90,binary,short_temporal_conv_residual,random_pca_residual,20260626,7,0.2448808252811432,0.22546627793346882,-0.0027834342920500244,inner_val_pr_auc_delta_vs_frozen_ar,0.004422200843691826,0.17267055809497833,0.8726726770401001,true_train_and_true_inner_val_selection
future_arousal_max_delta_rows_4_10_train_q90,binary,short_temporal_conv_residual,random_pca_residual,20260626,8,0.24395104125142097,0.22224313142640859,-0.0060065807991102615,inner_val_pr_auc_delta_vs_frozen_ar,0.0045309728011488914,0.1758054941892624,0.8824882507324219,true_train_and_true_inner_val_selection
future_arousal_max_delta_rows_4_10_train_q90,binary,short_temporal_conv_residual,random_pca_residual,20260626,9,0.24304961506277323,0.21858225863232061,-0.009667453593198233,inner_val_pr_auc_delta_vs_frozen_ar,0.004631104879081249,0.17382122576236725,0.877811074256897,true_train_and_true_inner_val_selection
future_arousal_max_delta_rows_4_10_train_q90,binary,short_temporal_conv_residual,label_permutation_residual,20260626,1,0.3030696362257004,0.10012890444737152,4.168067956583643e-06,inner_val_pr_auc_delta_vs_frozen_ar,0.0037947860546410084,0.02539537288248539,0.07678871601819992,permuted_train_and_permuted_inner_val_selection
future_arousal_max_delta_rows_4_10_train_q90,binary,short_temporal_conv_residual,label_permutation_residual,20260626,2,0.3030520584434271,0.10011997911997182,-4.757259443113893e-06,inner_val_pr_auc_delta_vs_frozen_ar,0.003897940507158637,0.08364126831293106,0.5182534456253052,permuted_train_and_permuted_inner_val_selection
future_arousal_max_delta_rows_4_10_train_q90,binary,short_temporal_conv_residual,label_permutation_residual,20260626,3,0.3028221148997545,0.10012522539489258,4.89015477639354e-07,inner_val_pr_auc_delta_vs_frozen_ar,0.003964697942137718,0.14845684170722961,0.8431534767150879,permuted_train_and_permuted_inner_val_selection
future_arousal_max_delta_rows_4_10_train_q90,binary,short_temporal_conv_residual,label_permutation_residual,20260626,4,0.30241859145462513,0.10013270966733792,7.973287922985461e-06,inner_val_pr_auc_delta_vs_frozen_ar,0.003985390067100525,0.15957307815551758,0.8586974740028381,permuted_train_and_permuted_inner_val_selection
future_arousal_max_delta_rows_4_10_train_q90,binary,short_temporal_conv_residual,label_permutation_residual,20260626,5,0.302619319409132,0.10010942958857447,-1.5306790840469153e-05,inner_val_pr_auc_delta_vs_frozen_ar,0.0040517146699130535,0.157528817653656,0.8456857800483704,permuted_train_and_permuted_inner_val_selection
future_arousal_max_delta_rows_4_10_train_q90,binary,short_temporal_conv_residual,label_permutation_residual,20260626,6,0.30215543136000633,0.1000989561150264,-2.5780264388541863e-05,inner_val_pr_auc_delta_vs_frozen_ar,0.004142903257161379,0.14899393916130066,0.8327488303184509,permuted_train_and_permuted_inner_val_selection
future_arousal_max_delta_rows_4_10_train_q90,binary,short_temporal_conv_residual,label_permutation_residual,20260626,7,0.30191851407289505,0.10008686858854104,-3.786779087389114e-05,inner_val_pr_auc_delta_vs_frozen_ar,0.004235805477946997,0.14979101717472076,0.8527562022209167,permuted_train_and_permuted_inner_val_selection
future_arousal_max_delta_rows_4_10_train_q90,binary,short_temporal_conv_residual,label_permutation_residual,20260626,8,0.3020027410238981,0.10007779316481993,-4.694321459500217e-05,inner_val_pr_auc_delta_vs_frozen_ar,0.004317381419241428,0.15468093752861023,0.8792309761047363,permuted_train_and_permuted_inner_val_selection
future_arousal_max_delta_rows_4_10_train_q90,binary,short_temporal_conv_residual,label_permutation_residual,20260626,9,0.3016516175121069,0.10004158684621214,-8.314953320279206e-05,inner_val_pr_auc_delta_vs_frozen_ar,0.00438986299559474,0.16225042939186096,0.9084141850471497,permuted_train_and_permuted_inner_val_selection
future_arousal_max_delta_rows_4_10_train_q90,binary,short_temporal_conv_residual,label_permutation_residual,20260626,10,0.3013475388288498,0.10001119285747556,-0.00011354352193937434,inner_val_pr_auc_delta_vs_frozen_ar,0.004461325239390135,0.16858327388763428,0.9274183511734009,permuted_train_and_permuted_inner_val_selection
future_arousal_max_delta_rows_4_10_train_q90,binary,short_temporal_conv_residual,label_permutation_residual,20260626,11,0.3010934256017208,0.09998520706108949,-0.00013952931832544868,inner_val_pr_auc_delta_vs_frozen_ar,0.004531381651759148,0.17272664606571198,0.9393631219863892,permuted_train_and_permuted_inner_val_selection
future_arousal_max_delta_rows_4_10_train_q90,binary,short_temporal_conv_residual,label_permutation_residual,20260626,12,0.30096470937132835,0.09996060874487377,-0.00016412763454116963,inner_val_pr_auc_delta_vs_frozen_ar,0.004596923943608999,0.1790737360715866,0.9500166177749634,permuted_train_and_permuted_inner_val_selection
future_arousal_max_delta_rows_4_10_train_q90,binary,short_temporal_conv_residual,train_only_video_mean_residual,20260626,1,0.2459895545616746,0.22824361430661674,-6.0979189021037605e-06,inner_val_pr_auc_delta_vs_frozen_ar,0.0038174225483089685,0.06875905394554138,0.36158835887908936,true_train_and_true_inner_val_selection
future_arousal_max_delta_rows_4_10_train_q90,binary,short_temporal_conv_residual,train_only_video_mean_residual,20260626,2,0.24633657280355692,0.22827082946091581,2.111723539696686e-05,inner_val_pr_auc_delta_vs_frozen_ar,0.0039240578189492226,0.23623080551624298,0.9991512298583984,true_train_and_true_inner_val_selection
future_arousal_max_delta_rows_4_10_train_q90,binary,short_temporal_conv_residual,train_only_video_mean_residual,20260626,3,0.24519204162061214,0.2267504541773045,-0.0014992580482143525,inner_val_pr_auc_delta_vs_frozen_ar,0.004042821936309338,0.30096888542175293,0.9999538064002991,true_train_and_true_inner_val_selection
future_arousal_max_delta_rows_4_10_train_q90,binary,short_temporal_conv_residual,train_only_video_mean_residual,20260626,4,0.24356438405811787,0.22529523704685628,-0.002954475178662569,inner_val_pr_auc_delta_vs_frozen_ar,0.00415500532835722,0.30543264746665955,0.9999849200248718,true_train_and_true_inner_val_selection
future_arousal_max_delta_rows_4_10_train_q90,binary,short_temporal_conv_residual,train_only_video_mean_residual,20260626,5,0.2421977613121271,0.22449675129192154,-0.00375296093359731,inner_val_pr_auc_delta_vs_frozen_ar,0.004238167777657509,0.30965203046798706,0.999991774559021,true_train_and_true_inner_val_selection
future_arousal_max_delta_rows_4_10_train_q90,binary,short_temporal_conv_residual,train_only_video_mean_residual,20260626,6,0.24131191335618496,0.22445360057174946,-0.0037961116537693906,inner_val_pr_auc_delta_vs_frozen_ar,0.00430239038541913,0.32175877690315247,0.9999924302101135,true_train_and_true_inner_val_selection
future_arousal_max_delta_rows_4_10_train_q90,binary,short_temporal_conv_residual,train_only_video_mean_residual,20260626,7,0.24040160980075598,0.22494544828082233,-0.003304263944696517,inner_val_pr_auc_delta_vs_frozen_ar,0.004366702865809202,0.33268940448760986,0.9999944567680359,true_train_and_true_inner_val_selection
future_arousal_max_delta_rows_4_10_train_q90,binary,short_temporal_conv_residual,train_only_video_mean_residual,20260626,8,0.23882746044546366,0.2241759098281921,-0.004073802397326742,inner_val_pr_auc_delta_vs_frozen_ar,0.004438155796378851,0.3496743440628052,0.9999963045120239,true_train_and_true_inner_val_selection
future_arousal_max_delta_rows_4_10_train_q90,binary,short_temporal_conv_residual,train_only_video_mean_residual,20260626,9,0.23790814448148012,0.22314529427728783,-0.0051044179482310215,inner_val_pr_auc_delta_vs_frozen_ar,0.004504004493355751,0.36824265122413635,0.9999964237213135,true_train_and_true_inner_val_selection
future_arousal_max_delta_rows_4_10_train_q90,binary,short_temporal_conv_residual,train_only_video_mean_residual,20260626,10,0.23681989964097738,0.22149917780838227,-0.006750534417136578,inner_val_pr_auc_delta_vs_frozen_ar,0.00456315977498889,0.37399032711982727,0.999996542930603,true_train_and_true_inner_val_selection
future_arousal_max_delta_rows_4_10_train_q90,binary,short_temporal_conv_residual,diagnostics_only_residual,20260626,1,0.246265958994627,0.22811313748464246,-0.00013657474087638843,inner_val_pr_auc_delta_vs_frozen_ar,0.003836394054815173,0.06123672053217888,0.25798386335372925,true_train_and_true_inner_val_selection
future_arousal_max_delta_rows_4_10_train_q90,binary,short_temporal_conv_residual,diagnostics_only_residual,20260626,2,0.24622365832328796,0.22821455974285088,-3.515248266797166e-05,inner_val_pr_auc_delta_vs_frozen_ar,0.0039105042815208435,0.2347308099269867,0.9486488699913025,true_train_and_true_inner_val_selection
future_arousal_max_delta_rows_4_10_train_q90,binary,short_temporal_conv_residual,diagnostics_only_residual,20260626,3,0.24562500696629286,0.22816924265954291,-8.046956597593247e-05,inner_val_pr_auc_delta_vs_frozen_ar,0.003972929902374744,0.17361322045326233,0.8114829063415527,true_train_and_true_inner_val_selection
future_arousal_max_delta_rows_4_10_train_q90,binary,short_temporal_conv_residual,diagnostics_only_residual,20260626,4,0.2457630541175604,0.22822131051889072,-2.8401706628128354e-05,inner_val_pr_auc_delta_vs_frozen_ar,0.003989954944700003,0.17348481714725494,0.7938730120658875,true_train_and_true_inner_val_selection
future_arousal_max_delta_rows_4_10_train_q90,binary,short_temporal_conv_residual,diagnostics_only_residual,20260626,5,0.2457642648369074,0.22803641800543417,-0.00021329422008467547,inner_val_pr_auc_delta_vs_frozen_ar,0.0039978655986487865,0.261403352022171,0.9678988456726074,true_train_and_true_inner_val_selection
future_arousal_max_delta_rows_4_10_train_q90,binary,short_temporal_conv_residual,diagnostics_only_residual,20260626,6,0.24635463766753674,0.22727140765546133,-0.0009783045700575144,inner_val_pr_auc_delta_vs_frozen_ar,0.004020113032311201,0.3235735595226288,0.9977093935012817,true_train_and_true_inner_val_selection
future_arousal_max_delta_rows_4_10_train_q90,binary,short_temporal_conv_residual,diagnostics_only_residual,20260626,7,0.24574896786361933,0.2267269875970117,-0.0015227246285071383,inner_val_pr_auc_delta_vs_frozen_ar,0.004051062744110823,0.3509528934955597,0.9996306896209717,true_train_and_true_inner_val_selection
future_arousal_max_delta_rows_4_10_train_q90,binary,short_temporal_conv_residual,diagnostics_only_residual,20260626,8,0.24573934730142355,0.22597339346751905,-0.002276318757999801,inner_val_pr_auc_delta_vs_frozen_ar,0.0040788594633340836,0.3611564636230469,0.9998341798782349,true_train_and_true_inner_val_selection
future_arousal_max_delta_rows_4_10_train_q90,binary,short_temporal_conv_residual,real_residual,20260627,1,0.24581910390406847,0.22820320959690202,5.6894633730847355e-05,inner_val_pr_auc_delta_vs_frozen_ar,0.003808111185207963,0.031986817717552185,0.1186339259147644,true_train_and_true_inner_val_selection
future_arousal_max_delta_rows_4_10_train_q90,binary,short_temporal_conv_residual,real_residual,20260627,2,0.24579457473009825,0.2292081672995636,0.001061852336392416,inner_val_pr_auc_delta_vs_frozen_ar,0.003915149252861738,0.09536129236221313,0.6307591795921326,true_train_and_true_inner_val_selection
future_arousal_max_delta_rows_4_10_train_q90,binary,short_temporal_conv_residual,real_residual,20260627,3,0.2449333369731903,0.23334641294591194,0.0052000979827407645,inner_val_pr_auc_delta_vs_frozen_ar,0.004030424635857344,0.0851256474852562,0.5556347370147705,true_train_and_true_inner_val_selection
future_arousal_max_delta_rows_4_10_train_q90,binary,short_temporal_conv_residual,real_residual,20260627,4,0.2433935822919011,0.2415669160220123,0.01342060105884113,inner_val_pr_auc_delta_vs_frozen_ar,0.004152147565037012,0.10154073685407639,0.7032936215400696,true_train_and_true_inner_val_selection
future_arousal_max_delta_rows_4_10_train_q90,binary,short_temporal_conv_residual,real_residual,20260627,5,0.24102520942687988,0.24135020083509148,0.013203885871920312,inner_val_pr_auc_delta_vs_frozen_ar,0.00424622930586338,0.09673871099948883,0.6560666561126709,true_train_and_true_inner_val_selection
future_arousal_max_delta_rows_4_10_train_q90,binary,short_temporal_conv_residual,real_residual,20260627,6,0.24027720838785172,0.2408939762362272,0.012747661273056016,inner_val_pr_auc_delta_vs_frozen_ar,0.004277993459254503,0.1051793098449707,0.7124779224395752,true_train_and_true_inner_val_selection
future_arousal_max_delta_rows_4_10_train_q90,binary,short_temporal_conv_residual,real_residual,20260627,7,0.2392742121592164,0.2389278797459401,0.010781564782768926,inner_val_pr_auc_delta_vs_frozen_ar,0.004311197437345982,0.1087072566151619,0.7439839839935303,true_train_and_true_inner_val_selection
future_arousal_max_delta_rows_4_10_train_q90,binary,short_temporal_conv_residual,real_residual,20260627,8,0.2385433604940772,0.23776815579329016,0.009621840830118994,inner_val_pr_auc_delta_vs_frozen_ar,0.004356873221695423,0.11377674341201782,0.7876061797142029,true_train_and_true_inner_val_selection
future_arousal_max_delta_rows_4_10_train_q90,binary,short_temporal_conv_residual,real_residual,20260627,9,0.2373301424086094,0.23606117642685676,0.007914861463685585,inner_val_pr_auc_delta_vs_frozen_ar,0.004403422120958567,0.11608199030160904,0.8122316002845764,true_train_and_true_inner_val_selection
future_arousal_max_delta_rows_4_10_train_q90,binary,short_temporal_conv_residual,real_residual,20260627,10,0.23668628372251987,0.235632363963413,0.007486049000241829,inner_val_pr_auc_delta_vs_frozen_ar,0.004455769434571266,0.1195666715502739,0.8338404297828674,true_train_and_true_inner_val_selection
future_arousal_max_delta_rows_4_10_train_q90,binary,short_temporal_conv_residual,real_residual,20260627,11,0.23626622650772333,0.2341347864978496,0.005988471534678436,inner_val_pr_auc_delta_vs_frozen_ar,0.004512526094913483,0.12206775695085526,0.854190468788147,true_train_and_true_inner_val_selection
future_arousal_max_delta_rows_4_10_train_q90,binary,short_temporal_conv_residual,real_residual,20260627,12,0.23483968991786242,0.23372256766079003,0.005576252697618855,inner_val_pr_auc_delta_vs_frozen_ar,0.0045706965029239655,0.1248643770813942,0.8693839907646179,true_train_and_true_inner_val_selection
future_arousal_max_delta_rows_4_10_train_q90,binary,short_temporal_conv_residual,shuffled_pca_residual,20260627,1,0.24595270492136478,0.22817490028832438,2.8585325153207553e-05,inner_val_pr_auc_delta_vs_frozen_ar,0.0038037735503166914,0.03245621919631958,0.11694983392953873,true_train_and_true_inner_val_selection
future_arousal_max_delta_rows_4_10_train_q90,binary,short_temporal_conv_residual,shuffled_pca_residual,20260627,2,0.24559498950839043,0.2281065917881741,-3.9723174997063904e-05,inner_val_pr_auc_delta_vs_frozen_ar,0.003909940365701914,0.1046033725142479,0.5630807876586914,true_train_and_true_inner_val_selection
future_arousal_max_delta_rows_4_10_train_q90,binary,short_temporal_conv_residual,shuffled_pca_residual,20260627,3,0.2454438954591751,0.22784072742951536,-0.00030558753365581004,inner_val_pr_auc_delta_vs_frozen_ar,0.003979838453233242,0.1463211476802826,0.7749522924423218,true_train_and_true_inner_val_selection
future_arousal_max_delta_rows_4_10_train_q90,binary,short_temporal_conv_residual,shuffled_pca_residual,20260627,4,0.24589878134429455,0.22756509510526898,-0.0005812198579021877,inner_val_pr_auc_delta_vs_frozen_ar,0.004062245599925518,0.14879298210144043,0.7830482721328735,true_train_and_true_inner_val_selection
future_arousal_max_delta_rows_4_10_train_q90,binary,short_temporal_conv_residual,shuffled_pca_residual,20260627,5,0.24536645133048296,0.22659431550843345,-0.001551999454737718,inner_val_pr_auc_delta_vs_frozen_ar,0.004174310714006424,0.14415988326072693,0.7655568718910217,true_train_and_true_inner_val_selection
future_arousal_max_delta_rows_4_10_train_q90,binary,short_temporal_conv_residual,shuffled_pca_residual,20260627,6,0.2450433885678649,0.22454396141233268,-0.0036023535508384885,inner_val_pr_auc_delta_vs_frozen_ar,0.004284714814275503,0.14774811267852783,0.7855122089385986,true_train_and_true_inner_val_selection
future_arousal_max_delta_rows_4_10_train_q90,binary,short_temporal_conv_residual,shuffled_pca_residual,20260627,7,0.2439763555303216,0.2217835354791257,-0.006362779484045483,inner_val_pr_auc_delta_vs_frozen_ar,0.004392090253531933,0.13779373466968536,0.7476004958152771,true_train_and_true_inner_val_selection
future_arousal_max_delta_rows_4_10_train_q90,binary,short_temporal_conv_residual,shuffled_pca_residual,20260627,8,0.24314195103943348,0.21795099973852394,-0.010195315224647228,inner_val_pr_auc_delta_vs_frozen_ar,0.004486193414777517,0.13448922336101532,0.7355373501777649,true_train_and_true_inner_val_selection
future_arousal_max_delta_rows_4_10_train_q90,binary,short_temporal_conv_residual,shuffled_pca_residual,20260627,9,0.24230950139462948,0.21400025446827065,-0.014146060494900525,inner_val_pr_auc_delta_vs_frozen_ar,0.004569509997963905,0.12885107100009918,0.7043579816818237,true_train_and_true_inner_val_selection
future_arousal_max_delta_rows_4_10_train_q90,binary,short_temporal_conv_residual,random_pca_residual,20260627,1,0.24607016798108816,0.2282013438662076,5.502890303643593e-05,inner_val_pr_auc_delta_vs_frozen_ar,0.003806180087849498,0.03226790204644203,0.11567410081624985,true_train_and_true_inner_val_selection
future_arousal_max_delta_rows_4_10_train_q90,binary,short_temporal_conv_residual,random_pca_residual,20260627,2,0.24586069956421852,0.22816528267675837,1.8967713587197954e-05,inner_val_pr_auc_delta_vs_frozen_ar,0.0039137438870966434,0.10591442883014679,0.56788170337677,true_train_and_true_inner_val_selection
future_arousal_max_delta_rows_4_10_train_q90,binary,short_temporal_conv_residual,random_pca_residual,20260627,3,0.24512547347694635,0.2278566944677087,-0.00028962049546246704,inner_val_pr_auc_delta_vs_frozen_ar,0.003973379265516996,0.14599499106407166,0.773658037185669,true_train_and_true_inner_val_selection
future_arousal_max_delta_rows_4_10_train_q90,binary,short_temporal_conv_residual,random_pca_residual,20260627,4,0.2454279912635684,0.22758449092830213,-0.0005618240348690406,inner_val_pr_auc_delta_vs_frozen_ar,0.004053716082125902,0.14628028869628906,0.7756351828575134,true_train_and_true_inner_val_selection
future_arousal_max_delta_rows_4_10_train_q90,binary,short_temporal_conv_residual,random_pca_residual,20260627,5,0.2449384294450283,0.22675034318883622,-0.0013959717743349531,inner_val_pr_auc_delta_vs_frozen_ar,0.004161863122135401,0.1483268290758133,0.7840962409973145,true_train_and_true_inner_val_selection
future_arousal_max_delta_rows_4_10_train_q90,binary,short_temporal_conv_residual,random_pca_residual,20260627,6,0.24480638932436705,0.22522770403504463,-0.002918610928126536,inner_val_pr_auc_delta_vs_frozen_ar,0.004273001104593277,0.1468355357646942,0.7776225209236145,true_train_and_true_inner_val_selection
future_arousal_max_delta_rows_4_10_train_q90,binary,short_temporal_conv_residual,random_pca_residual,20260627,7,0.24440365098416805,0.22232545688878652,-0.005820858074384649,inner_val_pr_auc_delta_vs_frozen_ar,0.004381656646728516,0.14694274961948395,0.777995228767395,true_train_and_true_inner_val_selection
future_arousal_max_delta_rows_4_10_train_q90,binary,short_temporal_conv_residual,random_pca_residual,20260627,8,0.24308710545301437,0.21907105292461543,-0.009075262038555743,inner_val_pr_auc_delta_vs_frozen_ar,0.004478456452488899,0.13686099648475647,0.7334495186805725,true_train_and_true_inner_val_selection
future_arousal_max_delta_rows_4_10_train_q90,binary,short_temporal_conv_residual,random_pca_residual,20260627,9,0.24207449611276388,0.21420346841604235,-0.013942846547128823,inner_val_pr_auc_delta_vs_frozen_ar,0.004564560949802399,0.1388375461101532,0.7492715716362,true_train_and_true_inner_val_selection
future_arousal_max_delta_rows_4_10_train_q90,binary,short_temporal_conv_residual,label_permutation_residual,20260627,1,0.306855296716094,0.098454437974459,-1.4268765186856158e-05,inner_val_pr_auc_delta_vs_frozen_ar,0.0037869655061513186,0.02816706709563732,0.10284331440925598,permuted_train_and_permuted_inner_val_selection
future_arousal_max_delta_rows_4_10_train_q90,binary,short_temporal_conv_residual,label_permutation_residual,20260627,2,0.3061790429055691,0.09847733075735082,8.62401770496124e-06,inner_val_pr_auc_delta_vs_frozen_ar,0.003880596486851573,0.09004838019609451,0.5469490885734558,permuted_train_and_permuted_inner_val_selection
future_arousal_max_delta_rows_4_10_train_q90,binary,short_temporal_conv_residual,label_permutation_residual,20260627,3,0.30609213188290596,0.0984787250088483,1.0018269202438645e-05,inner_val_pr_auc_delta_vs_frozen_ar,0.003849981352686882,0.1173308789730072,0.6685333847999573,permuted_train_and_permuted_inner_val_selection
future_arousal_max_delta_rows_4_10_train_q90,binary,short_temporal_conv_residual,label_permutation_residual,20260627,4,0.305857814848423,0.0984651238476003,-3.5828920455643898e-06,inner_val_pr_auc_delta_vs_frozen_ar,0.003904458601027727,0.14674443006515503,0.7746418118476868,permuted_train_and_permuted_inner_val_selection
future_arousal_max_delta_rows_4_10_train_q90,binary,short_temporal_conv_residual,label_permutation_residual,20260627,5,0.3059699945151806,0.09844940876038813,-1.9297979257731912e-05,inner_val_pr_auc_delta_vs_frozen_ar,0.003987163305282593,0.1753455549478531,0.866761326789856,permuted_train_and_permuted_inner_val_selection
future_arousal_max_delta_rows_4_10_train_q90,binary,short_temporal_conv_residual,label_permutation_residual,20260627,6,0.30617878772318363,0.09846181634235282,-6.890397293041195e-06,inner_val_pr_auc_delta_vs_frozen_ar,0.004096711985766888,0.20913973450660706,0.942861020565033,permuted_train_and_permuted_inner_val_selection
future_arousal_max_delta_rows_4_10_train_q90,binary,short_temporal_conv_residual,label_permutation_residual,20260627,7,0.30517061799764633,0.09848829816332802,1.959142368215816e-05,inner_val_pr_auc_delta_vs_frozen_ar,0.0042005181312561035,0.23146602511405945,0.9719757437705994,permuted_train_and_permuted_inner_val_selection
future_arousal_max_delta_rows_4_10_train_q90,binary,short_temporal_conv_residual,label_permutation_residual,20260627,8,0.3047920987010002,0.09850668333885017,3.7976599204306294e-05,inner_val_pr_auc_delta_vs_frozen_ar,0.004289587493985891,0.23771032691001892,0.9797269701957703,permuted_train_and_permuted_inner_val_selection
future_arousal_max_delta_rows_4_10_train_q90,binary,short_temporal_conv_residual,label_permutation_residual,20260627,9,0.30456310510635376,0.09852399312393884,5.5286384292974056e-05,inner_val_pr_auc_delta_vs_frozen_ar,0.00437169848009944,0.24411094188690186,0.985159158706665,permuted_train_and_permuted_inner_val_selection
future_arousal_max_delta_rows_4_10_train_q90,binary,short_temporal_conv_residual,label_permutation_residual,20260627,10,0.3040369600057602,0.0985272871230531,5.8580383407239034e-05,inner_val_pr_auc_delta_vs_frozen_ar,0.004443385638296604,0.25124961137771606,0.9888314008712769,permuted_train_and_permuted_inner_val_selection
future_arousal_max_delta_rows_4_10_train_q90,binary,short_temporal_conv_residual,label_permutation_residual,20260627,11,0.3033982403576374,0.09857025023253246,0.00010154349288660214,inner_val_pr_auc_delta_vs_frozen_ar,0.0045119766145944595,0.2515537440776825,0.9890844821929932,permuted_train_and_permuted_inner_val_selection
future_arousal_max_delta_rows_4_10_train_q90,binary,short_temporal_conv_residual,label_permutation_residual,20260627,12,0.3029829114675522,0.09864433544894845,0.000175628709302586,inner_val_pr_auc_delta_vs_frozen_ar,0.00457810191437602,0.2571157217025757,0.990985631942749,permuted_train_and_permuted_inner_val_selection
future_arousal_max_delta_rows_4_10_train_q90,binary,short_temporal_conv_residual,label_permutation_residual,20260627,13,0.30290733091533184,0.09858800399382686,0.00011929725418100001,inner_val_pr_auc_delta_vs_frozen_ar,0.0046492223627865314,0.2571636438369751,0.9906783699989319,permuted_train_and_permuted_inner_val_selection
future_arousal_max_delta_rows_4_10_train_q90,binary,short_temporal_conv_residual,label_permutation_residual,20260627,14,0.30188456363976,0.09861676341388285,0.0001480566742369932,inner_val_pr_auc_delta_vs_frozen_ar,0.004719923250377178,0.26245009899139404,0.992381751537323,permuted_train_and_permuted_inner_val_selection
future_arousal_max_delta_rows_4_10_train_q90,binary,short_temporal_conv_residual,label_permutation_residual,20260627,15,0.30171388387680054,0.09858100167216398,0.00011229493251811717,inner_val_pr_auc_delta_vs_frozen_ar,0.004793322645127773,0.2674838900566101,0.9935302138328552,permuted_train_and_permuted_inner_val_selection
future_arousal_max_delta_rows_4_10_train_q90,binary,short_temporal_conv_residual,label_permutation_residual,20260627,16,0.30080518685281277,0.098535778196505,6.707145685913574e-05,inner_val_pr_auc_delta_vs_frozen_ar,0.004870256874710321,0.2694556415081024,0.994206964969635,permuted_train_and_permuted_inner_val_selection
future_arousal_max_delta_rows_4_10_train_q90,binary,short_temporal_conv_residual,label_permutation_residual,20260627,17,0.29984131269156933,0.0985255068744001,5.680013475424517e-05,inner_val_pr_auc_delta_vs_frozen_ar,0.004947909153997898,0.27539682388305664,0.9954507946968079,permuted_train_and_permuted_inner_val_selection
future_arousal_max_delta_rows_4_10_train_q90,binary,short_temporal_conv_residual,label_permutation_residual,20260627,18,0.29953817278146744,0.09850406902810827,3.536228846240386e-05,inner_val_pr_auc_delta_vs_frozen_ar,0.0050224666483700275,0.27689439058303833,0.9957462549209595,permuted_train_and_permuted_inner_val_selection
future_arousal_max_delta_rows_4_10_train_q90,binary,short_temporal_conv_residual,label_permutation_residual,20260627,19,0.29918842017650604,0.09846378350459062,-4.923235055243058e-06,inner_val_pr_auc_delta_vs_frozen_ar,0.005105638410896063,0.27909883856773376,0.9961304664611816,permuted_train_and_permuted_inner_val_selection
future_arousal_max_delta_rows_4_10_train_q90,binary,short_temporal_conv_residual,label_permutation_residual,20260627,20,0.2984584141522646,0.09846622010525113,-2.486634394727183e-06,inner_val_pr_auc_delta_vs_frozen_ar,0.005186439026147127,0.28160330653190613,0.9965888261795044,permuted_train_and_permuted_inner_val_selection
future_arousal_max_delta_rows_4_10_train_q90,binary,short_temporal_conv_residual,train_only_video_mean_residual,20260627,1,0.24630620889365673,0.22827900476763055,0.0001326898044593794,inner_val_pr_auc_delta_vs_frozen_ar,0.003807686734944582,0.084684357047081,0.6311253905296326,true_train_and_true_inner_val_selection
future_arousal_max_delta_rows_4_10_train_q90,binary,short_temporal_conv_residual,train_only_video_mean_residual,20260627,2,0.2459254413843155,0.22874022517319512,0.0005939102100239457,inner_val_pr_auc_delta_vs_frozen_ar,0.003909169230610132,0.1760556399822235,0.9975824952125549,true_train_and_true_inner_val_selection
future_arousal_max_delta_rows_4_10_train_q90,binary,short_temporal_conv_residual,train_only_video_mean_residual,20260627,3,0.24553919956088066,0.22896527315735643,0.0008189581941852597,inner_val_pr_auc_delta_vs_frozen_ar,0.004017248284071684,0.26420944929122925,0.9995123744010925,true_train_and_true_inner_val_selection
future_arousal_max_delta_rows_4_10_train_q90,binary,short_temporal_conv_residual,train_only_video_mean_residual,20260627,4,0.24410641938447952,0.22527466164100135,-0.0028716533221698204,inner_val_pr_auc_delta_vs_frozen_ar,0.004134823102504015,0.2982853353023529,0.9997596144676208,true_train_and_true_inner_val_selection
future_arousal_max_delta_rows_4_10_train_q90,binary,short_temporal_conv_residual,train_only_video_mean_residual,20260627,5,0.24256633967161179,0.22412525081539125,-0.004021064147779918,inner_val_pr_auc_delta_vs_frozen_ar,0.00423834752291441,0.30544915795326233,0.9997517466545105,true_train_and_true_inner_val_selection
future_arousal_max_delta_rows_4_10_train_q90,binary,short_temporal_conv_residual,train_only_video_mean_residual,20260627,6,0.24084132816642523,0.2234407190449842,-0.004705595918186978,inner_val_pr_auc_delta_vs_frozen_ar,0.004325038753449917,0.30661866068840027,0.9998548626899719,true_train_and_true_inner_val_selection
future_arousal_max_delta_rows_4_10_train_q90,binary,short_temporal_conv_residual,train_only_video_mean_residual,20260627,7,0.23898017778992653,0.2214376300611851,-0.006708684901986062,inner_val_pr_auc_delta_vs_frozen_ar,0.004401149693876505,0.31187698245048523,0.9999240040779114,true_train_and_true_inner_val_selection
future_arousal_max_delta_rows_4_10_train_q90,binary,short_temporal_conv_residual,train_only_video_mean_residual,20260627,8,0.23793501406908035,0.21875346535969128,-0.009392849603479886,inner_val_pr_auc_delta_vs_frozen_ar,0.0044723148457705975,0.3161952495574951,0.9999669790267944,true_train_and_true_inner_val_selection
future_arousal_max_delta_rows_4_10_train_q90,binary,short_temporal_conv_residual,train_only_video_mean_residual,20260627,9,0.23678678087890148,0.21898577402821268,-0.009160540934958494,inner_val_pr_auc_delta_vs_frozen_ar,0.004541947040706873,0.3242735266685486,0.9999799728393555,true_train_and_true_inner_val_selection
future_arousal_max_delta_rows_4_10_train_q90,binary,short_temporal_conv_residual,train_only_video_mean_residual,20260627,10,0.2356965523213148,0.21846057172710218,-0.009685743236068994,inner_val_pr_auc_delta_vs_frozen_ar,0.004602620843797922,0.32983899116516113,0.9999861121177673,true_train_and_true_inner_val_selection
future_arousal_max_delta_rows_4_10_train_q90,binary,short_temporal_conv_residual,train_only_video_mean_residual,20260627,11,0.23475247528403997,0.21688412466651574,-0.011262190296655428,inner_val_pr_auc_delta_vs_frozen_ar,0.00466406112536788,0.3361477553844452,0.999991238117218,true_train_and_true_inner_val_selection
future_arousal_max_delta_rows_4_10_train_q90,binary,short_temporal_conv_residual,diagnostics_only_residual,20260627,1,0.24610187578946352,0.22800441457893783,-0.00014190038423333995,inner_val_pr_auc_delta_vs_frozen_ar,0.0038455938920378685,0.054649580270051956,0.22660613059997559,true_train_and_true_inner_val_selection
future_arousal_max_delta_rows_4_10_train_q90,binary,short_temporal_conv_residual,diagnostics_only_residual,20260627,2,0.24573418032377958,0.22803720600477845,-0.00010910895839272294,inner_val_pr_auc_delta_vs_frozen_ar,0.0038997274823486805,0.1739492118358612,0.8132609128952026,true_train_and_true_inner_val_selection
future_arousal_max_delta_rows_4_10_train_q90,binary,short_temporal_conv_residual,diagnostics_only_residual,20260627,3,0.2460432155057788,0.22799725207671476,-0.00014906288645641363,inner_val_pr_auc_delta_vs_frozen_ar,0.00394013524055481,0.09742552787065506,0.46045982837677,true_train_and_true_inner_val_selection
future_arousal_max_delta_rows_4_10_train_q90,binary,short_temporal_conv_residual,diagnostics_only_residual,20260627,4,0.24629627261310816,0.22801345324337488,-0.00013286171979629002,inner_val_pr_auc_delta_vs_frozen_ar,0.003946394193917513,0.11843013763427734,0.5665052533149719,true_train_and_true_inner_val_selection
future_arousal_max_delta_rows_4_10_train_q90,binary,short_temporal_conv_residual,diagnostics_only_residual,20260627,5,0.24578507989645004,0.2280500635202791,-9.625144289207577e-05,inner_val_pr_auc_delta_vs_frozen_ar,0.003959550056606531,0.13012759387493134,0.6165077090263367,true_train_and_true_inner_val_selection
future_arousal_max_delta_rows_4_10_train_q90,binary,short_temporal_conv_residual,diagnostics_only_residual,20260627,6,0.24587328638881445,0.22804872767727155,-9.758728589961962e-05,inner_val_pr_auc_delta_vs_frozen_ar,0.003978108521550894,0.16664543747901917,0.7650272250175476,true_train_and_true_inner_val_selection
future_arousal_max_delta_rows_4_10_train_q90,binary,short_temporal_conv_residual,diagnostics_only_residual,20260627,7,0.24537731520831585,0.22776867500015283,-0.0003776399630183447,inner_val_pr_auc_delta_vs_frozen_ar,0.003996176645159721,0.24340246617794037,0.9487658143043518,true_train_and_true_inner_val_selection
future_arousal_max_delta_rows_4_10_train_q90,binary,short_temporal_conv_residual,diagnostics_only_residual,20260627,8,0.24546425323933363,0.22691424719800996,-0.0012320677651612155,inner_val_pr_auc_delta_vs_frozen_ar,0.004023613408207893,0.2975744307041168,0.9917591214179993,true_train_and_true_inner_val_selection
future_arousal_max_delta_rows_4_10_train_q90,binary,short_temporal_conv_residual,real_residual,20260628,1,0.2469908408820629,0.22593744857831763,8.799387186719798e-05,inner_val_pr_auc_delta_vs_frozen_ar,0.0037881173193454742,0.02150089293718338,0.055648475885391235,true_train_and_true_inner_val_selection
future_arousal_max_delta_rows_4_10_train_q90,binary,short_temporal_conv_residual,real_residual,20260628,2,0.24684230238199234,0.22655454930045776,0.0007050945940073328,inner_val_pr_auc_delta_vs_frozen_ar,0.0038881769869476557,0.060009200125932693,0.2918415069580078,true_train_and_true_inner_val_selection
future_arousal_max_delta_rows_4_10_train_q90,binary,short_temporal_conv_residual,real_residual,20260628,3,0.24668284226208925,0.23075088756574852,0.004901432859298088,inner_val_pr_auc_delta_vs_frozen_ar,0.004003672394901514,0.07529149949550629,0.5013620257377625,true_train_and_true_inner_val_selection
future_arousal_max_delta_rows_4_10_train_q90,binary,short_temporal_conv_residual,real_residual,20260628,4,0.2444130489602685,0.23952961078809368,0.013680156081643247,inner_val_pr_auc_delta_vs_frozen_ar,0.004123319406062365,0.08110351115465164,0.5521001219749451,true_train_and_true_inner_val_selection
future_arousal_max_delta_rows_4_10_train_q90,binary,short_temporal_conv_residual,real_residual,20260628,5,0.24231815803796053,0.24406284435815218,0.018213389651701745,inner_val_pr_auc_delta_vs_frozen_ar,0.004226578865200281,0.08193185180425644,0.5709027051925659,true_train_and_true_inner_val_selection
future_arousal_max_delta_rows_4_10_train_q90,binary,short_temporal_conv_residual,real_residual,20260628,6,0.24112748634070158,0.24223334404780494,0.016383889341354513,inner_val_pr_auc_delta_vs_frozen_ar,0.004283764865249395,0.08668212592601776,0.6260937452316284,true_train_and_true_inner_val_selection
future_arousal_max_delta_rows_4_10_train_q90,binary,short_temporal_conv_residual,real_residual,20260628,7,0.23980477638542652,0.24111025501091082,0.015260800304460392,inner_val_pr_auc_delta_vs_frozen_ar,0.004350576549768448,0.09082713723182678,0.6853357553482056,true_train_and_true_inner_val_selection
future_arousal_max_delta_rows_4_10_train_q90,binary,short_temporal_conv_residual,real_residual,20260628,8,0.23845071904361248,0.2406880561973353,0.014838601490884867,inner_val_pr_auc_delta_vs_frozen_ar,0.0044181374832987785,0.09398602694272995,0.7386672496795654,true_train_and_true_inner_val_selection
future_arousal_max_delta_rows_4_10_train_q90,binary,short_temporal_conv_residual,real_residual,20260628,9,0.23670831974595785,0.23942415594767757,0.013574701241227144,inner_val_pr_auc_delta_vs_frozen_ar,0.004486951045691967,0.09598394483327866,0.7556721568107605,true_train_and_true_inner_val_selection
future_arousal_max_delta_rows_4_10_train_q90,binary,short_temporal_conv_residual,real_residual,20260628,10,0.23539829440414906,0.23798863577350526,0.012139181067054833,inner_val_pr_auc_delta_vs_frozen_ar,0.004553126636892557,0.09714783728122711,0.773155152797699,true_train_and_true_inner_val_selection
future_arousal_max_delta_rows_4_10_train_q90,binary,short_temporal_conv_residual,real_residual,20260628,11,0.23436248302459717,0.23662678261703918,0.010777327910588747,inner_val_pr_auc_delta_vs_frozen_ar,0.0046147978864610195,0.09842442721128464,0.7839979529380798,true_train_and_true_inner_val_selection
future_arousal_max_delta_rows_4_10_train_q90,binary,short_temporal_conv_residual,real_residual,20260628,12,0.2330075753852725,0.2376039439020846,0.011754489195634182,inner_val_pr_auc_delta_vs_frozen_ar,0.004665390122681856,0.09944288432598114,0.7970996499061584,true_train_and_true_inner_val_selection
future_arousal_max_delta_rows_4_10_train_q90,binary,short_temporal_conv_residual,real_residual,20260628,13,0.23240939062088728,0.2361427382654892,0.010293283559038774,inner_val_pr_auc_delta_vs_frozen_ar,0.004723953548818827,0.10006051510572433,0.8008028268814087,true_train_and_true_inner_val_selection
future_arousal_max_delta_rows_4_10_train_q90,binary,short_temporal_conv_residual,shuffled_pca_residual,20260628,1,0.2469832096248865,0.22590627567243668,5.682096598624842e-05,inner_val_pr_auc_delta_vs_frozen_ar,0.0037499500904232264,0.022015880793333054,0.05051172897219658,true_train_and_true_inner_val_selection
future_arousal_max_delta_rows_4_10_train_q90,binary,short_temporal_conv_residual,shuffled_pca_residual,20260628,2,0.2468923842534423,0.2258797944667189,3.03397602684774e-05,inner_val_pr_auc_delta_vs_frozen_ar,0.0038242798764258623,0.04918842762708664,0.2181246280670166,true_train_and_true_inner_val_selection
future_arousal_max_delta_rows_4_10_train_q90,binary,short_temporal_conv_residual,shuffled_pca_residual,20260628,3,0.24694045260548592,0.22584438457876455,-5.07012768588555e-06,inner_val_pr_auc_delta_vs_frozen_ar,0.003933973144739866,0.12900155782699585,0.7045345902442932,true_train_and_true_inner_val_selection
future_arousal_max_delta_rows_4_10_train_q90,binary,short_temporal_conv_residual,shuffled_pca_residual,20260628,4,0.24664257001131773,0.22607340100843876,0.00022394630198832588,inner_val_pr_auc_delta_vs_frozen_ar,0.004046678077429533,0.14311137795448303,0.7704372406005859,true_train_and_true_inner_val_selection
future_arousal_max_delta_rows_4_10_train_q90,binary,short_temporal_conv_residual,shuffled_pca_residual,20260628,5,0.2461041770875454,0.22590520369819123,5.574899174079495e-05,inner_val_pr_auc_delta_vs_frozen_ar,0.004161071963608265,0.13693441450595856,0.746006190776825,true_train_and_true_inner_val_selection
future_arousal_max_delta_rows_4_10_train_q90,binary,short_temporal_conv_residual,shuffled_pca_residual,20260628,6,0.24607397243380547,0.22497358598267908,-0.0008758687237713503,inner_val_pr_auc_delta_vs_frozen_ar,0.004276458639651537,0.13352328538894653,0.731476902961731,true_train_and_true_inner_val_selection
future_arousal_max_delta_rows_4_10_train_q90,binary,short_temporal_conv_residual,shuffled_pca_residual,20260628,7,0.24512359127402306,0.22260457190846317,-0.003244882797987264,inner_val_pr_auc_delta_vs_frozen_ar,0.004384699277579784,0.1273934543132782,0.7041052579879761,true_train_and_true_inner_val_selection
future_arousal_max_delta_rows_4_10_train_q90,binary,short_temporal_conv_residual,shuffled_pca_residual,20260628,8,0.24401086941361427,0.2193102427295807,-0.006539211976869741,inner_val_pr_auc_delta_vs_frozen_ar,0.004478201270103455,0.11820881813764572,0.6574945449829102,true_train_and_true_inner_val_selection
future_arousal_max_delta_rows_4_10_train_q90,binary,short_temporal_conv_residual,shuffled_pca_residual,20260628,9,0.24332305509597063,0.2150645033850136,-0.010784951321436836,inner_val_pr_auc_delta_vs_frozen_ar,0.004556713160127401,0.11436241120100021,0.6379213929176331,true_train_and_true_inner_val_selection
future_arousal_max_delta_rows_4_10_train_q90,binary,short_temporal_conv_residual,shuffled_pca_residual,20260628,10,0.24254818353801966,0.21295294198724163,-0.012896512719208802,inner_val_pr_auc_delta_vs_frozen_ar,0.0046166046522557735,0.11177932471036911,0.6259154677391052,true_train_and_true_inner_val_selection
future_arousal_max_delta_rows_4_10_train_q90,binary,short_temporal_conv_residual,shuffled_pca_residual,20260628,11,0.24219935480505228,0.21040867035495717,-0.015440784351493264,inner_val_pr_auc_delta_vs_frozen_ar,0.0046694157645106316,0.11900150775909424,0.6700431108474731,true_train_and_true_inner_val_selection
future_arousal_max_delta_rows_4_10_train_q90,binary,short_temporal_conv_residual,shuffled_pca_residual,20260628,12,0.24210580624639988,0.20982109111214636,-0.016028363594304068,inner_val_pr_auc_delta_vs_frozen_ar,0.004722694866359234,0.11954560875892639,0.6728053689002991,true_train_and_true_inner_val_selection
future_arousal_max_delta_rows_4_10_train_q90,binary,short_temporal_conv_residual,random_pca_residual,20260628,1,0.24724896159023046,0.22595285942038124,0.00010340471393080475,inner_val_pr_auc_delta_vs_frozen_ar,0.0037522215861827135,0.021511925384402275,0.04694890230894089,true_train_and_true_inner_val_selection
future_arousal_max_delta_rows_4_10_train_q90,binary,short_temporal_conv_residual,random_pca_residual,20260628,2,0.2469182452186942,0.2259405343996866,9.107969323615683e-05,inner_val_pr_auc_delta_vs_frozen_ar,0.0038272684905678034,0.037564076483249664,0.1471533328294754,true_train_and_true_inner_val_selection
future_arousal_max_delta_rows_4_10_train_q90,binary,short_temporal_conv_residual,random_pca_residual,20260628,3,0.2469617836177349,0.2259443811196455,9.492641319505668e-05,inner_val_pr_auc_delta_vs_frozen_ar,0.003937080502510071,0.11213789880275726,0.612061083316803,true_train_and_true_inner_val_selection
future_arousal_max_delta_rows_4_10_train_q90,binary,short_temporal_conv_residual,random_pca_residual,20260628,4,0.24670773651450872,0.22623452792957602,0.0003850732231255871,inner_val_pr_auc_delta_vs_frozen_ar,0.004047019872814417,0.1400037407875061,0.7589836716651917,true_train_and_true_inner_val_selection
future_arousal_max_delta_rows_4_10_train_q90,binary,short_temporal_conv_residual,random_pca_residual,20260628,5,0.24665440432727337,0.22660654388918386,0.0007570891827334281,inner_val_pr_auc_delta_vs_frozen_ar,0.0041623241268098354,0.13995328545570374,0.7628265619277954,true_train_and_true_inner_val_selection
future_arousal_max_delta_rows_4_10_train_q90,binary,short_temporal_conv_residual,random_pca_residual,20260628,6,0.2459327643737197,0.22668964514876672,0.0008401904423162854,inner_val_pr_auc_delta_vs_frozen_ar,0.004277118481695652,0.12946125864982605,0.719977617263794,true_train_and_true_inner_val_selection
future_arousal_max_delta_rows_4_10_train_q90,binary,short_temporal_conv_residual,random_pca_residual,20260628,7,0.24523523729294538,0.2253395317739655,-0.0005099229324849186,inner_val_pr_auc_delta_vs_frozen_ar,0.004389564506709576,0.1248369887471199,0.6965245604515076,true_train_and_true_inner_val_selection
future_arousal_max_delta_rows_4_10_train_q90,binary,short_temporal_conv_residual,random_pca_residual,20260628,8,0.24395887181162834,0.22207042968356616,-0.0037790250228842692,inner_val_pr_auc_delta_vs_frozen_ar,0.0044935597106814384,0.12311651557683945,0.688228964805603,true_train_and_true_inner_val_selection
future_arousal_max_delta_rows_4_10_train_q90,binary,short_temporal_conv_residual,random_pca_residual,20260628,9,0.24310414865612984,0.21907895360615273,-0.006770501100297699,inner_val_pr_auc_delta_vs_frozen_ar,0.0045783803798258305,0.1126304492354393,0.6357359290122986,true_train_and_true_inner_val_selection
future_arousal_max_delta_rows_4_10_train_q90,binary,short_temporal_conv_residual,random_pca_residual,20260628,10,0.243196957744658,0.21622652856386604,-0.009622926142584393,inner_val_pr_auc_delta_vs_frozen_ar,0.004644147586077452,0.11433088034391403,0.6468880772590637,true_train_and_true_inner_val_selection
future_arousal_max_delta_rows_4_10_train_q90,binary,short_temporal_conv_residual,random_pca_residual,20260628,11,0.24232677556574345,0.2145972332182114,-0.01125222148823904,inner_val_pr_auc_delta_vs_frozen_ar,0.004698960110545158,0.1157611533999443,0.6561663746833801,true_train_and_true_inner_val_selection
future_arousal_max_delta_rows_4_10_train_q90,binary,short_temporal_conv_residual,random_pca_residual,20260628,12,0.24127858132123947,0.21209941403463306,-0.01375004067181737,inner_val_pr_auc_delta_vs_frozen_ar,0.004755726084113121,0.12235154956579208,0.6950511336326599,true_train_and_true_inner_val_selection
future_arousal_max_delta_rows_4_10_train_q90,binary,short_temporal_conv_residual,random_pca_residual,20260628,13,0.2405860386788845,0.2107467598465945,-0.015102694859855936,inner_val_pr_auc_delta_vs_frozen_ar,0.004815336782485247,0.1285153329372406,0.7301719784736633,true_train_and_true_inner_val_selection
future_arousal_max_delta_rows_4_10_train_q90,binary,short_temporal_conv_residual,random_pca_residual,20260628,14,0.23994918260723352,0.2101172226624417,-0.015732232044008726,inner_val_pr_auc_delta_vs_frozen_ar,0.004881288390606642,0.13325275480747223,0.7560224533081055,true_train_and_true_inner_val_selection
future_arousal_max_delta_rows_4_10_train_q90,binary,short_temporal_conv_residual,label_permutation_residual,20260628,1,0.3014638368040323,0.09777852707075732,1.1575560282861552e-05,inner_val_pr_auc_delta_vs_frozen_ar,0.0037431668024510145,0.027697954326868057,0.08359263837337494,permuted_train_and_permuted_inner_val_selection
future_arousal_max_delta_rows_4_10_train_q90,binary,short_temporal_conv_residual,label_permutation_residual,20260628,2,0.3009512033313513,0.09776630805681652,-6.434536579391636e-07,inner_val_pr_auc_delta_vs_frozen_ar,0.0037607077974826097,0.06864961981773376,0.34902942180633545,permuted_train_and_permuted_inner_val_selection
future_arousal_max_delta_rows_4_10_train_q90,binary,short_temporal_conv_residual,label_permutation_residual,20260628,3,0.3011451978236437,0.09775995799693947,-6.993513534989115e-06,inner_val_pr_auc_delta_vs_frozen_ar,0.0038583611603826284,0.12806883454322815,0.7707891464233398,permuted_train_and_permuted_inner_val_selection
future_arousal_max_delta_rows_4_10_train_q90,binary,short_temporal_conv_residual,label_permutation_residual,20260628,4,0.30086074210703373,0.09771234513455365,-5.460637592080708e-05,inner_val_pr_auc_delta_vs_frozen_ar,0.003967604599893093,0.14150245487689972,0.8190026879310608,permuted_train_and_permuted_inner_val_selection
future_arousal_max_delta_rows_4_10_train_q90,binary,short_temporal_conv_residual,label_permutation_residual,20260628,5,0.3016525898128748,0.09765667331729472,-0.00011027819317974141,inner_val_pr_auc_delta_vs_frozen_ar,0.0040776231326162815,0.13845816254615784,0.7915753126144409,permuted_train_and_permuted_inner_val_selection
future_arousal_max_delta_rows_4_10_train_q90,binary,short_temporal_conv_residual,label_permutation_residual,20260628,6,0.30042602494359016,0.09759264147976496,-0.00017431003070950135,inner_val_pr_auc_delta_vs_frozen_ar,0.004168969113379717,0.14147435128688812,0.8078517913818359,permuted_train_and_permuted_inner_val_selection
future_arousal_max_delta_rows_4_10_train_q90,binary,short_temporal_conv_residual,label_permutation_residual,20260628,7,0.2999184839427471,0.09758835056983303,-0.00017860094064142684,inner_val_pr_auc_delta_vs_frozen_ar,0.00422213040292263,0.13095678389072418,0.7775623202323914,permuted_train_and_permuted_inner_val_selection
future_arousal_max_delta_rows_4_10_train_q90,binary,short_temporal_conv_residual,label_permutation_residual,20260628,8,0.29990754276514053,0.09757545806400729,-0.0001914934464671697,inner_val_pr_auc_delta_vs_frozen_ar,0.00426299637183547,0.14486165344715118,0.8390198349952698,permuted_train_and_permuted_inner_val_selection
future_arousal_max_delta_rows_4_10_train_q90,binary,short_temporal_conv_residual,label_permutation_residual,20260628,9,0.2996899113059044,0.0976831965226089,-8.375498786555857e-05,inner_val_pr_auc_delta_vs_frozen_ar,0.004294978454709053,0.14863306283950806,0.8624600172042847,permuted_train_and_permuted_inner_val_selection
future_arousal_max_delta_rows_4_10_train_q90,binary,short_temporal_conv_residual,train_only_video_mean_residual,20260628,1,0.24694337416440248,0.22608527098911382,0.0002358162826633925,inner_val_pr_auc_delta_vs_frozen_ar,0.0038250561337918043,0.0822472870349884,0.5710809826850891,true_train_and_true_inner_val_selection
future_arousal_max_delta_rows_4_10_train_q90,binary,short_temporal_conv_residual,train_only_video_mean_residual,20260628,2,0.2469568708911538,0.22692906625164264,0.001079611545192205,inner_val_pr_auc_delta_vs_frozen_ar,0.003935585729777813,0.15155985951423645,0.9733563661575317,true_train_and_true_inner_val_selection
future_arousal_max_delta_rows_4_10_train_q90,binary,short_temporal_conv_residual,train_only_video_mean_residual,20260628,3,0.24581535812467337,0.22606339102007666,0.000213936313626234,inner_val_pr_auc_delta_vs_frozen_ar,0.0040541947819292545,0.19339267909526825,0.9954360127449036,true_train_and_true_inner_val_selection
future_arousal_max_delta_rows_4_10_train_q90,binary,short_temporal_conv_residual,train_only_video_mean_residual,20260628,4,0.24350488930940628,0.22616221842172834,0.0003127637152779139,inner_val_pr_auc_delta_vs_frozen_ar,0.004156040493398905,0.22127765417099,0.9971789717674255,true_train_and_true_inner_val_selection
future_arousal_max_delta_rows_4_10_train_q90,binary,short_temporal_conv_residual,train_only_video_mean_residual,20260628,5,0.24212270695716143,0.22702001049905784,0.001170555792607414,inner_val_pr_auc_delta_vs_frozen_ar,0.004215709399431944,0.24871192872524261,0.9986802339553833,true_train_and_true_inner_val_selection
future_arousal_max_delta_rows_4_10_train_q90,binary,short_temporal_conv_residual,train_only_video_mean_residual,20260628,6,0.24083340633660555,0.2279128103158138,0.002063355609363382,inner_val_pr_auc_delta_vs_frozen_ar,0.004276493564248085,0.27588316798210144,0.9993478655815125,true_train_and_true_inner_val_selection
future_arousal_max_delta_rows_4_10_train_q90,binary,short_temporal_conv_residual,train_only_video_mean_residual,20260628,7,0.2399207754060626,0.2262402289052494,0.0003907741987989599,inner_val_pr_auc_delta_vs_frozen_ar,0.0043439059518277645,0.2949933409690857,0.9997039437294006,true_train_and_true_inner_val_selection
future_arousal_max_delta_rows_4_10_train_q90,binary,short_temporal_conv_residual,train_only_video_mean_residual,20260628,8,0.23879194352775812,0.2244172929164221,-0.0014321617900283357,inner_val_pr_auc_delta_vs_frozen_ar,0.004408175125718117,0.31076541543006897,0.999879002571106,true_train_and_true_inner_val_selection
future_arousal_max_delta_rows_4_10_train_q90,binary,short_temporal_conv_residual,train_only_video_mean_residual,20260628,9,0.23760828096419573,0.22658462231064377,0.000735167604193343,inner_val_pr_auc_delta_vs_frozen_ar,0.004480612929910421,0.32380640506744385,0.9999478459358215,true_train_and_true_inner_val_selection
future_arousal_max_delta_rows_4_10_train_q90,binary,short_temporal_conv_residual,train_only_video_mean_residual,20260628,10,0.23590152151882648,0.2296316966283239,0.003782241921873458,inner_val_pr_auc_delta_vs_frozen_ar,0.004550694953650236,0.3361451029777527,0.9999706745147705,true_train_and_true_inner_val_selection
future_arousal_max_delta_rows_4_10_train_q90,binary,short_temporal_conv_residual,train_only_video_mean_residual,20260628,11,0.2345719812437892,0.2324678367155208,0.0066183820090703616,inner_val_pr_auc_delta_vs_frozen_ar,0.00461601372808218,0.34141314029693604,0.9999843239784241,true_train_and_true_inner_val_selection
future_arousal_max_delta_rows_4_10_train_q90,binary,short_temporal_conv_residual,train_only_video_mean_residual,20260628,12,0.2334870658814907,0.23085014213283045,0.005000687426380018,inner_val_pr_auc_delta_vs_frozen_ar,0.004676606506109238,0.34541016817092896,0.9999902248382568,true_train_and_true_inner_val_selection
future_arousal_max_delta_rows_4_10_train_q90,binary,short_temporal_conv_residual,train_only_video_mean_residual,20260628,13,0.2327638901770115,0.23007353054651844,0.004224075840068009,inner_val_pr_auc_delta_vs_frozen_ar,0.0047285351902246475,0.3489300310611725,0.999993622303009,true_train_and_true_inner_val_selection
future_arousal_max_delta_rows_4_10_train_q90,binary,short_temporal_conv_residual,train_only_video_mean_residual,20260628,14,0.23212121613323689,0.2303571629190962,0.004507708212645761,inner_val_pr_auc_delta_vs_frozen_ar,0.004779492504894733,0.3542073369026184,0.9999954104423523,true_train_and_true_inner_val_selection
future_arousal_max_delta_rows_4_10_train_q90,binary,short_temporal_conv_residual,train_only_video_mean_residual,20260628,15,0.2311951583251357,0.2320670130371341,0.006217558330683659,inner_val_pr_auc_delta_vs_frozen_ar,0.004822017624974251,0.3570743799209595,0.9999959468841553,true_train_and_true_inner_val_selection
future_arousal_max_delta_rows_4_10_train_q90,binary,short_temporal_conv_residual,train_only_video_mean_residual,20260628,16,0.23067665845155716,0.2313261099574528,0.0054766552510023825,inner_val_pr_auc_delta_vs_frozen_ar,0.004866926930844784,0.3597864806652069,0.9999961256980896,true_train_and_true_inner_val_selection
future_arousal_max_delta_rows_4_10_train_q90,binary,short_temporal_conv_residual,train_only_video_mean_residual,20260628,17,0.23012016620486975,0.23102695916224425,0.005177504455793819,inner_val_pr_auc_delta_vs_frozen_ar,0.004898983519524336,0.36126071214675903,0.9999963641166687,true_train_and_true_inner_val_selection
future_arousal_max_delta_rows_4_10_train_q90,binary,short_temporal_conv_residual,train_only_video_mean_residual,20260628,18,0.23001832701265812,0.23214159528679498,0.006292140580344552,inner_val_pr_auc_delta_vs_frozen_ar,0.004936559125781059,0.3627602756023407,0.9999969601631165,true_train_and_true_inner_val_selection
future_arousal_max_delta_rows_4_10_train_q90,binary,short_temporal_conv_residual,train_only_video_mean_residual,20260628,19,0.22986271884292364,0.2310972542601396,0.005247799553689175,inner_val_pr_auc_delta_vs_frozen_ar,0.004968269728124142,0.3656047284603119,0.9999973773956299,true_train_and_true_inner_val_selection
future_arousal_max_delta_rows_4_10_train_q90,binary,short_temporal_conv_residual,diagnostics_only_residual,20260628,1,0.2468287730589509,0.2257790693746888,-7.038533176162431e-05,inner_val_pr_auc_delta_vs_frozen_ar,0.0037969383411109447,0.02603759802877903,0.07329761981964111,true_train_and_true_inner_val_selection
future_arousal_max_delta_rows_4_10_train_q90,binary,short_temporal_conv_residual,diagnostics_only_residual,20260628,2,0.2468229467049241,0.2257450321822914,-0.00010442252415904241,inner_val_pr_auc_delta_vs_frozen_ar,0.0038841504137963057,0.035741791129112244,0.12463811039924622,true_train_and_true_inner_val_selection
future_arousal_max_delta_rows_4_10_train_q90,binary,short_temporal_conv_residual,diagnostics_only_residual,20260628,3,0.24685686454176903,0.22577781022915666,-7.164447729376966e-05,inner_val_pr_auc_delta_vs_frozen_ar,0.003923391457647085,0.02826252393424511,0.09190741926431656,true_train_and_true_inner_val_selection
future_arousal_max_delta_rows_4_10_train_q90,binary,short_temporal_conv_residual,diagnostics_only_residual,20260628,4,0.24637528881430626,0.2257137014981461,-0.00013575320830433446,inner_val_pr_auc_delta_vs_frozen_ar,0.003914228640496731,0.04808342456817627,0.19577547907829285,true_train_and_true_inner_val_selection
future_arousal_max_delta_rows_4_10_train_q90,binary,short_temporal_conv_residual,diagnostics_only_residual,20260628,5,0.24688408989459276,0.22573306537986554,-0.00011638932658489254,inner_val_pr_auc_delta_vs_frozen_ar,0.003917475696653128,0.07270707935094833,0.3341403603553772,true_train_and_true_inner_val_selection
future_arousal_max_delta_rows_4_10_train_q90,binary,short_temporal_conv_residual,diagnostics_only_residual,20260628,6,0.24660693760961294,0.22587149246440358,2.203775795314722e-05,inner_val_pr_auc_delta_vs_frozen_ar,0.003934613429009914,0.10870473086833954,0.5331448316574097,true_train_and_true_inner_val_selection
future_arousal_max_delta_rows_4_10_train_q90,binary,short_temporal_conv_residual,diagnostics_only_residual,20260628,7,0.24652973376214504,0.22564354329019953,-0.00020591141625089793,inner_val_pr_auc_delta_vs_frozen_ar,0.003953068051487207,0.19483180344104767,0.8697209358215332,true_train_and_true_inner_val_selection
future_arousal_max_delta_rows_4_10_train_q90,binary,short_temporal_conv_residual,diagnostics_only_residual,20260628,8,0.24655502755194902,0.22484065283021779,-0.0010088018762326456,inner_val_pr_auc_delta_vs_frozen_ar,0.003976865671575069,0.2870200276374817,0.9914608001708984,true_train_and_true_inner_val_selection
future_arousal_max_delta_rows_4_10_train_q90,binary,short_temporal_conv_residual,diagnostics_only_residual,20260628,9,0.246459755115211,0.22402649309368203,-0.0018229616127684034,inner_val_pr_auc_delta_vs_frozen_ar,0.004001805558800697,0.31817033886909485,0.9983565807342529,true_train_and_true_inner_val_selection
future_arousal_max_delta_rows_4_10_train_q90,binary,short_temporal_conv_residual,diagnostics_only_residual,20260628,10,0.24658747855573893,0.22394002673819613,-0.0019094279682543014,inner_val_pr_auc_delta_vs_frozen_ar,0.004028099589049816,0.31708696484565735,0.9983214735984802,true_train_and_true_inner_val_selection
future_arousal_max_delta_rows_4_10_train_q90,binary,short_temporal_conv_residual,diagnostics_only_residual,20260628,11,0.24637587554752827,0.22348105031589624,-0.0023684043905541907,inner_val_pr_auc_delta_vs_frozen_ar,0.0040471251122653484,0.30534061789512634,0.9968121647834778,true_train_and_true_inner_val_selection
future_arousal_max_delta_rows_4_10_train_q90,binary,short_temporal_conv_residual,diagnostics_only_residual,20260628,12,0.24603791534900665,0.22380804613191918,-0.0020414085745312505,inner_val_pr_auc_delta_vs_frozen_ar,0.004062305204570293,0.3051876425743103,0.9969258308410645,true_train_and_true_inner_val_selection
future_arousal_max_delta_rows_4_10_train_q90,binary,short_temporal_conv_residual,diagnostics_only_residual,20260628,13,0.24607437755912542,0.22316870824684798,-0.002680746459602451,inner_val_pr_auc_delta_vs_frozen_ar,0.0040880837477743626,0.3077295124530792,0.9975265860557556,true_train_and_true_inner_val_selection
future_arousal_max_delta_rows_4_10_train_q90,binary,short_temporal_conv_residual,diagnostics_only_residual,20260628,14,0.24618664383888245,0.22329180625110523,-0.0025576484553452017,inner_val_pr_auc_delta_vs_frozen_ar,0.004103454761207104,0.3014797866344452,0.9966645836830139,true_train_and_true_inner_val_selection
future_arousal_max_delta_rows_4_10_train_q90,binary,short_temporal_conv_residual,real_residual,20260629,1,0.24779495131224394,0.225654215593796,4.5606180542251407e-05,inner_val_pr_auc_delta_vs_frozen_ar,0.003768800524994731,0.02004583366215229,0.04730427265167236,true_train_and_true_inner_val_selection
future_arousal_max_delta_rows_4_10_train_q90,binary,short_temporal_conv_residual,real_residual,20260629,2,0.24776678439229727,0.2262653924718554,0.0006567830586016454,inner_val_pr_auc_delta_vs_frozen_ar,0.0038653274532407522,0.07016576826572418,0.4276014566421509,true_train_and_true_inner_val_selection
future_arousal_max_delta_rows_4_10_train_q90,binary,short_temporal_conv_residual,real_residual,20260629,3,0.24732941389083862,0.23019183882496563,0.004583229411711881,inner_val_pr_auc_delta_vs_frozen_ar,0.0039833057671785355,0.08757761865854263,0.6247349977493286,true_train_and_true_inner_val_selection
future_arousal_max_delta_rows_4_10_train_q90,binary,short_temporal_conv_residual,real_residual,20260629,4,0.24598007835447788,0.23768849167652256,0.01207988226326881,inner_val_pr_auc_delta_vs_frozen_ar,0.004104841034859419,0.08947071433067322,0.6294520497322083,true_train_and_true_inner_val_selection
future_arousal_max_delta_rows_4_10_train_q90,binary,short_temporal_conv_residual,real_residual,20260629,5,0.2433362491428852,0.2423998013973313,0.016791191984077553,inner_val_pr_auc_delta_vs_frozen_ar,0.004216631408780813,0.09257257729768753,0.6583881378173828,true_train_and_true_inner_val_selection
future_arousal_max_delta_rows_4_10_train_q90,binary,short_temporal_conv_residual,real_residual,20260629,6,0.2422913908958435,0.2400254029621154,0.014416793548861634,inner_val_pr_auc_delta_vs_frozen_ar,0.004275224637240171,0.09468027204275131,0.6798966526985168,true_train_and_true_inner_val_selection
future_arousal_max_delta_rows_4_10_train_q90,binary,short_temporal_conv_residual,real_residual,20260629,7,0.2404802069067955,0.2386799190067192,0.013071309593465447,inner_val_pr_auc_delta_vs_frozen_ar,0.004334457218647003,0.09740463644266129,0.7137709856033325,true_train_and_true_inner_val_selection
future_arousal_max_delta_rows_4_10_train_q90,binary,short_temporal_conv_residual,real_residual,20260629,8,0.23898063879460096,0.23669905554932957,0.011090446136075821,inner_val_pr_auc_delta_vs_frozen_ar,0.004403576720505953,0.10007781535387039,0.7481718063354492,true_train_and_true_inner_val_selection
future_arousal_max_delta_rows_4_10_train_q90,binary,short_temporal_conv_residual,real_residual,20260629,9,0.23717343620955944,0.23556453254338305,0.009955923130129302,inner_val_pr_auc_delta_vs_frozen_ar,0.004477459471672773,0.10362383723258972,0.7907190918922424,true_train_and_true_inner_val_selection
future_arousal_max_delta_rows_4_10_train_q90,binary,short_temporal_conv_residual,real_residual,20260629,10,0.23633556719869375,0.2342266519432436,0.00861804252998985,inner_val_pr_auc_delta_vs_frozen_ar,0.004547634162008762,0.1047632098197937,0.8111448287963867,true_train_and_true_inner_val_selection
future_arousal_max_delta_rows_4_10_train_q90,binary,short_temporal_conv_residual,real_residual,20260629,11,0.23524110578000546,0.2329698141885463,0.007361204775292535,inner_val_pr_auc_delta_vs_frozen_ar,0.004616647958755493,0.106821209192276,0.8347945213317871,true_train_and_true_inner_val_selection
future_arousal_max_delta_rows_4_10_train_q90,binary,short_temporal_conv_residual,real_residual,20260629,12,0.23372709471732378,0.23071591492950955,0.0051073055162557945,inner_val_pr_auc_delta_vs_frozen_ar,0.004679305478930473,0.10847119987010956,0.8522672057151794,true_train_and_true_inner_val_selection
future_arousal_max_delta_rows_4_10_train_q90,binary,short_temporal_conv_residual,real_residual,20260629,13,0.2327212654054165,0.22968124222359734,0.0040726328103435905,inner_val_pr_auc_delta_vs_frozen_ar,0.0047402093186974525,0.10945824533700943,0.8597168326377869,true_train_and_true_inner_val_selection
future_arousal_max_delta_rows_4_10_train_q90,binary,short_temporal_conv_residual,shuffled_pca_residual,20260629,1,0.2477916469797492,0.2256649496590234,5.6340245769642694e-05,inner_val_pr_auc_delta_vs_frozen_ar,0.003738672938197851,0.020825723186135292,0.044649429619312286,true_train_and_true_inner_val_selection
future_arousal_max_delta_rows_4_10_train_q90,binary,short_temporal_conv_residual,shuffled_pca_residual,20260629,2,0.24779223464429379,0.22563089163335268,2.2282220098923666e-05,inner_val_pr_auc_delta_vs_frozen_ar,0.0037963311187922955,0.03902773559093475,0.15462610125541687,true_train_and_true_inner_val_selection
future_arousal_max_delta_rows_4_10_train_q90,binary,short_temporal_conv_residual,shuffled_pca_residual,20260629,3,0.24792839400470257,0.22548131380168268,-0.00012729561157107105,inner_val_pr_auc_delta_vs_frozen_ar,0.0039001235272735357,0.11373800039291382,0.6136308908462524,true_train_and_true_inner_val_selection
future_arousal_max_delta_rows_4_10_train_q90,binary,short_temporal_conv_residual,shuffled_pca_residual,20260629,4,0.24775557965040207,0.2254403455836887,-0.00016826382956505737,inner_val_pr_auc_delta_vs_frozen_ar,0.004008447285741568,0.1482948213815689,0.7840557098388672,true_train_and_true_inner_val_selection
future_arousal_max_delta_rows_4_10_train_q90,binary,short_temporal_conv_residual,shuffled_pca_residual,20260629,5,0.24737909622490406,0.22518306734274213,-0.0004255420705116253,inner_val_pr_auc_delta_vs_frozen_ar,0.0041219876147806644,0.14824262261390686,0.7782477140426636,true_train_and_true_inner_val_selection
future_arousal_max_delta_rows_4_10_train_q90,binary,short_temporal_conv_residual,shuffled_pca_residual,20260629,6,0.247060127556324,0.2242903431556203,-0.0013182662576334547,inner_val_pr_auc_delta_vs_frozen_ar,0.0042306180112063885,0.13558422029018402,0.7286770343780518,true_train_and_true_inner_val_selection
future_arousal_max_delta_rows_4_10_train_q90,binary,short_temporal_conv_residual,shuffled_pca_residual,20260629,7,0.24652818404138088,0.2226102621061415,-0.0029983473071122646,inner_val_pr_auc_delta_vs_frozen_ar,0.00433445256203413,0.14038027822971344,0.7511411309242249,true_train_and_true_inner_val_selection
future_arousal_max_delta_rows_4_10_train_q90,binary,short_temporal_conv_residual,shuffled_pca_residual,20260629,8,0.2456302884966135,0.21975848656109426,-0.005850122852159495,inner_val_pr_auc_delta_vs_frozen_ar,0.004435728769749403,0.13950666785240173,0.7510640621185303,true_train_and_true_inner_val_selection
future_arousal_max_delta_rows_4_10_train_q90,binary,short_temporal_conv_residual,shuffled_pca_residual,20260629,9,0.24515262804925442,0.21629928369073212,-0.009309325722521633,inner_val_pr_auc_delta_vs_frozen_ar,0.004526946227997541,0.1327921450138092,0.7228291034698486,true_train_and_true_inner_val_selection
future_arousal_max_delta_rows_4_10_train_q90,binary,short_temporal_conv_residual,random_pca_residual,20260629,1,0.24763377849012613,0.2256615318939636,5.2922480709843844e-05,inner_val_pr_auc_delta_vs_frozen_ar,0.0037450185045599937,0.021352026611566544,0.0475396066904068,true_train_and_true_inner_val_selection
future_arousal_max_delta_rows_4_10_train_q90,binary,short_temporal_conv_residual,random_pca_residual,20260629,2,0.24825170915573835,0.2256234295085288,1.4820095275036582e-05,inner_val_pr_auc_delta_vs_frozen_ar,0.003819551318883896,0.045820530503988266,0.1956339180469513,true_train_and_true_inner_val_selection
future_arousal_max_delta_rows_4_10_train_q90,binary,short_temporal_conv_residual,random_pca_residual,20260629,3,0.247791001573205,0.22549077370747952,-0.00011783570577422742,inner_val_pr_auc_delta_vs_frozen_ar,0.003928786609321833,0.12790490686893463,0.6882901787757874,true_train_and_true_inner_val_selection
future_arousal_max_delta_rows_4_10_train_q90,binary,short_temporal_conv_residual,random_pca_residual,20260629,4,0.2474018083885312,0.225431919612803,-0.00017668980045074112,inner_val_pr_auc_delta_vs_frozen_ar,0.004036435857415199,0.14305631816387177,0.7604568600654602,true_train_and_true_inner_val_selection
future_arousal_max_delta_rows_4_10_train_q90,binary,short_temporal_conv_residual,random_pca_residual,20260629,5,0.24714180268347263,0.22501305187713125,-0.0005955575361225041,inner_val_pr_auc_delta_vs_frozen_ar,0.004153225105255842,0.14075806736946106,0.7495936751365662,true_train_and_true_inner_val_selection
future_arousal_max_delta_rows_4_10_train_q90,binary,short_temporal_conv_residual,random_pca_residual,20260629,6,0.2469303347170353,0.22393470728103712,-0.0016739021322166314,inner_val_pr_auc_delta_vs_frozen_ar,0.004269617609679699,0.13886749744415283,0.7426236271858215,true_train_and_true_inner_val_selection
future_arousal_max_delta_rows_4_10_train_q90,binary,short_temporal_conv_residual,random_pca_residual,20260629,7,0.24594725389033556,0.22189393593128673,-0.0037146734819670235,inner_val_pr_auc_delta_vs_frozen_ar,0.004381866659969091,0.12871792912483215,0.6921762824058533,true_train_and_true_inner_val_selection
future_arousal_max_delta_rows_4_10_train_q90,binary,short_temporal_conv_residual,random_pca_residual,20260629,8,0.24527469370514154,0.21826439831579497,-0.00734421109745878,inner_val_pr_auc_delta_vs_frozen_ar,0.004487101454287767,0.12765610218048096,0.6870627403259277,true_train_and_true_inner_val_selection
future_arousal_max_delta_rows_4_10_train_q90,binary,short_temporal_conv_residual,random_pca_residual,20260629,9,0.24428338091820478,0.2138200707695678,-0.011788538643685953,inner_val_pr_auc_delta_vs_frozen_ar,0.004578671883791685,0.12422550469636917,0.6703474521636963,true_train_and_true_inner_val_selection
future_arousal_max_delta_rows_4_10_train_q90,binary,short_temporal_conv_residual,label_permutation_residual,20260629,1,0.2940350230783224,0.09994834943613769,7.4631256976737115e-06,inner_val_pr_auc_delta_vs_frozen_ar,0.0037294593639671803,0.01973673701286316,0.039169635623693466,permuted_train_and_permuted_inner_val_selection
future_arousal_max_delta_rows_4_10_train_q90,binary,short_temporal_conv_residual,label_permutation_residual,20260629,2,0.2935854606330395,0.0999468566784272,5.970367987190306e-06,inner_val_pr_auc_delta_vs_frozen_ar,0.003685399889945984,0.019355198368430138,0.043641719967126846,permuted_train_and_permuted_inner_val_selection
future_arousal_max_delta_rows_4_10_train_q90,binary,short_temporal_conv_residual,label_permutation_residual,20260629,3,0.2934088706970215,0.09993559673490868,-5.289575531336466e-06,inner_val_pr_auc_delta_vs_frozen_ar,0.0037504052743315697,0.037381988018751144,0.17448395490646362,permuted_train_and_permuted_inner_val_selection
future_arousal_max_delta_rows_4_10_train_q90,binary,short_temporal_conv_residual,label_permutation_residual,20260629,4,0.29389034770429134,0.0999687826763169,2.7896365876883822e-05,inner_val_pr_auc_delta_vs_frozen_ar,0.0038377977907657623,0.06170909106731415,0.40037861466407776,permuted_train_and_permuted_inner_val_selection
future_arousal_max_delta_rows_4_10_train_q90,binary,short_temporal_conv_residual,label_permutation_residual,20260629,5,0.2932657841593027,0.09999768089259019,5.679458215017419e-05,inner_val_pr_auc_delta_vs_frozen_ar,0.003930734936147928,0.06170251592993736,0.37222543358802795,permuted_train_and_permuted_inner_val_selection
future_arousal_max_delta_rows_4_10_train_q90,binary,short_temporal_conv_residual,label_permutation_residual,20260629,6,0.29397308453917503,0.10006552932829182,0.00012464301785181098,inner_val_pr_auc_delta_vs_frozen_ar,0.004026168957352638,0.06095469370484352,0.3563000559806824,permuted_train_and_permuted_inner_val_selection
future_arousal_max_delta_rows_4_10_train_q90,binary,short_temporal_conv_residual,label_permutation_residual,20260629,7,0.29363130033016205,0.10012246002248501,0.00018157371204499673,inner_val_pr_auc_delta_vs_frozen_ar,0.004119065590202808,0.057034932076931,0.324890673160553,permuted_train_and_permuted_inner_val_selection
future_arousal_max_delta_rows_4_10_train_q90,binary,short_temporal_conv_residual,label_permutation_residual,20260629,8,0.2928202636539936,0.1001984672306459,0.00025758092020589096,inner_val_pr_auc_delta_vs_frozen_ar,0.004202499520033598,0.05247507989406586,0.28849825263023376,permuted_train_and_permuted_inner_val_selection
future_arousal_max_delta_rows_4_10_train_q90,binary,short_temporal_conv_residual,label_permutation_residual,20260629,9,0.2924011629074812,0.10024939247182951,0.00030850616138949905,inner_val_pr_auc_delta_vs_frozen_ar,0.004274899605661631,0.05292164534330368,0.29373297095298767,permuted_train_and_permuted_inner_val_selection
future_arousal_max_delta_rows_4_10_train_q90,binary,short_temporal_conv_residual,label_permutation_residual,20260629,10,0.29223400726914406,0.10017732546496917,0.0002364391545291583,inner_val_pr_auc_delta_vs_frozen_ar,0.004336134996265173,0.05451522767543793,0.3088776469230652,permuted_train_and_permuted_inner_val_selection
future_arousal_max_delta_rows_4_10_train_q90,binary,short_temporal_conv_residual,label_permutation_residual,20260629,11,0.29253728687763214,0.10018209735324116,0.0002412110428011427,inner_val_pr_auc_delta_vs_frozen_ar,0.004400038160383701,0.056725118309259415,0.3339329659938812,permuted_train_and_permuted_inner_val_selection
future_arousal_max_delta_rows_4_10_train_q90,binary,short_temporal_conv_residual,label_permutation_residual,20260629,12,0.29146386310458183,0.10014770449925268,0.00020681818881267133,inner_val_pr_auc_delta_vs_frozen_ar,0.004460150375962257,0.05934194475412369,0.3600439429283142,permuted_train_and_permuted_inner_val_selection
future_arousal_max_delta_rows_4_10_train_q90,binary,short_temporal_conv_residual,label_permutation_residual,20260629,13,0.29084810987114906,0.1001479628072238,0.00020707649678378126,inner_val_pr_auc_delta_vs_frozen_ar,0.004517711699008942,0.06096375361084938,0.3749547302722931,permuted_train_and_permuted_inner_val_selection
future_arousal_max_delta_rows_4_10_train_q90,binary,short_temporal_conv_residual,label_permutation_residual,20260629,14,0.29044206626713276,0.10022092209887966,0.00028003578843964483,inner_val_pr_auc_delta_vs_frozen_ar,0.00457272632047534,0.06222766265273094,0.3900150656700134,permuted_train_and_permuted_inner_val_selection
future_arousal_max_delta_rows_4_10_train_q90,binary,short_temporal_conv_residual,label_permutation_residual,20260629,15,0.2901456356048584,0.10017289805933313,0.00023201174889311837,inner_val_pr_auc_delta_vs_frozen_ar,0.004627802409231663,0.06433233618736267,0.4095695912837982,permuted_train_and_permuted_inner_val_selection
future_arousal_max_delta_rows_4_10_train_q90,binary,short_temporal_conv_residual,label_permutation_residual,20260629,16,0.2901900503784418,0.10013764437322867,0.00019675806278865449,inner_val_pr_auc_delta_vs_frozen_ar,0.004686698317527771,0.06570124626159668,0.4261114299297333,permuted_train_and_permuted_inner_val_selection
future_arousal_max_delta_rows_4_10_train_q90,binary,short_temporal_conv_residual,label_permutation_residual,20260629,17,0.2897379416972399,0.10012601296034718,0.00018512664990716354,inner_val_pr_auc_delta_vs_frozen_ar,0.004744522273540497,0.06733522564172745,0.4416559934616089,permuted_train_and_permuted_inner_val_selection
future_arousal_max_delta_rows_4_10_train_q90,binary,short_temporal_conv_residual,train_only_video_mean_residual,20260629,1,0.24778232164680958,0.2256646051117076,5.599569845385344e-05,inner_val_pr_auc_delta_vs_frozen_ar,0.0037688456941396,0.039000652730464935,0.13401448726654053,true_train_and_true_inner_val_selection
future_arousal_max_delta_rows_4_10_train_q90,binary,short_temporal_conv_residual,train_only_video_mean_residual,20260629,2,0.24759996123611927,0.22568529130706966,7.668189381590529e-05,inner_val_pr_auc_delta_vs_frozen_ar,0.0038665018510073423,0.162537083029747,0.9910241365432739,true_train_and_true_inner_val_selection
future_arousal_max_delta_rows_4_10_train_q90,binary,short_temporal_conv_residual,train_only_video_mean_residual,20260629,3,0.24777435045689344,0.22586497490761906,0.0002563654943653071,inner_val_pr_auc_delta_vs_frozen_ar,0.003978946711868048,0.2331613302230835,0.9987592697143555,true_train_and_true_inner_val_selection
future_arousal_max_delta_rows_4_10_train_q90,binary,short_temporal_conv_residual,train_only_video_mean_residual,20260629,4,0.24592299200594425,0.22323644700930984,-0.002372162403943917,inner_val_pr_auc_delta_vs_frozen_ar,0.004098848439753056,0.2659890055656433,0.9992586374282837,true_train_and_true_inner_val_selection
future_arousal_max_delta_rows_4_10_train_q90,binary,short_temporal_conv_residual,train_only_video_mean_residual,20260629,5,0.2441980941221118,0.22001583078679307,-0.005592778626460682,inner_val_pr_auc_delta_vs_frozen_ar,0.0042005074210464954,0.2875664234161377,0.9995207786560059,true_train_and_true_inner_val_selection
future_arousal_max_delta_rows_4_10_train_q90,binary,short_temporal_conv_residual,train_only_video_mean_residual,20260629,6,0.2422834001481533,0.21563840788304844,-0.009970201530205308,inner_val_pr_auc_delta_vs_frozen_ar,0.004285631701350212,0.3027857840061188,0.9998108148574829,true_train_and_true_inner_val_selection
future_arousal_max_delta_rows_4_10_train_q90,binary,short_temporal_conv_residual,train_only_video_mean_residual,20260629,7,0.24065393675118685,0.21228519839713772,-0.013323411016116032,inner_val_pr_auc_delta_vs_frozen_ar,0.004360876977443695,0.31936636567115784,0.9999293684959412,true_train_and_true_inner_val_selection
future_arousal_max_delta_rows_4_10_train_q90,binary,short_temporal_conv_residual,train_only_video_mean_residual,20260629,8,0.2387996232137084,0.21135463402970914,-0.014253975383544615,inner_val_pr_auc_delta_vs_frozen_ar,0.004429313819855452,0.3299434185028076,0.9999600648880005,true_train_and_true_inner_val_selection
future_arousal_max_delta_rows_4_10_train_q90,binary,short_temporal_conv_residual,train_only_video_mean_residual,20260629,9,0.23791535012423992,0.21105488008733958,-0.014553729325914172,inner_val_pr_auc_delta_vs_frozen_ar,0.004499522503465414,0.34074509143829346,0.9999738335609436,true_train_and_true_inner_val_selection
future_arousal_max_delta_rows_4_10_train_q90,binary,short_temporal_conv_residual,train_only_video_mean_residual,20260629,10,0.2365148589015007,0.21444358236848363,-0.011165027044770126,inner_val_pr_auc_delta_vs_frozen_ar,0.004565447103232145,0.3520953059196472,0.9999861121177673,true_train_and_true_inner_val_selection
future_arousal_max_delta_rows_4_10_train_q90,binary,short_temporal_conv_residual,train_only_video_mean_residual,20260629,11,0.2353260749951005,0.21486178219069427,-0.010746827222559485,inner_val_pr_auc_delta_vs_frozen_ar,0.004631214775145054,0.3636074662208557,0.9999919533729553,true_train_and_true_inner_val_selection
future_arousal_max_delta_rows_4_10_train_q90,binary,short_temporal_conv_residual,diagnostics_only_residual,20260629,1,0.247886685654521,0.22567284515087493,6.423573762118218e-05,inner_val_pr_auc_delta_vs_frozen_ar,0.003731741802766919,0.022121910005807877,0.04520930349826813,true_train_and_true_inner_val_selection
future_arousal_max_delta_rows_4_10_train_q90,binary,short_temporal_conv_residual,diagnostics_only_residual,20260629,2,0.247731551527977,0.22545667840752226,-0.00015193100573149265,inner_val_pr_auc_delta_vs_frozen_ar,0.0037721111439168453,0.23072433471679688,0.9575971364974976,true_train_and_true_inner_val_selection
future_arousal_max_delta_rows_4_10_train_q90,binary,short_temporal_conv_residual,diagnostics_only_residual,20260629,3,0.24781163223087788,0.22518008435880976,-0.00042852505444399003,inner_val_pr_auc_delta_vs_frozen_ar,0.0038543506525456905,0.286099374294281,0.9964044094085693,true_train_and_true_inner_val_selection
future_arousal_max_delta_rows_4_10_train_q90,binary,short_temporal_conv_residual,diagnostics_only_residual,20260629,4,0.24749406147748232,0.22447279860733516,-0.0011358108059185967,inner_val_pr_auc_delta_vs_frozen_ar,0.003901177318766713,0.2721492648124695,0.9934377670288086,true_train_and_true_inner_val_selection
future_arousal_max_delta_rows_4_10_train_q90,binary,short_temporal_conv_residual,diagnostics_only_residual,20260629,5,0.24765198305249214,0.22534610436983146,-0.00026250504342228975,inner_val_pr_auc_delta_vs_frozen_ar,0.003911585547029972,0.2596953213214874,0.9851477742195129,true_train_and_true_inner_val_selection
future_arousal_max_delta_rows_4_10_train_q90,binary,short_temporal_conv_residual,diagnostics_only_residual,20260629,6,0.24748241901397705,0.22495948474808092,-0.0006491246651728344,inner_val_pr_auc_delta_vs_frozen_ar,0.003929764963686466,0.2649052143096924,0.9877238273620605,true_train_and_true_inner_val_selection
future_arousal_max_delta_rows_4_10_train_q90,binary,short_temporal_conv_residual,diagnostics_only_residual,20260629,7,0.24752596020698547,0.22547984049160208,-0.00012876892165167297,inner_val_pr_auc_delta_vs_frozen_ar,0.003941213246434927,0.2721763849258423,0.9909011125564575,true_train_and_true_inner_val_selection
future_arousal_max_delta_rows_4_10_train_q90,binary,short_temporal_conv_residual,diagnostics_only_residual,20260629,8,0.24743080791085958,0.22535505302323913,-0.0002535563900146198,inner_val_pr_auc_delta_vs_frozen_ar,0.003962443210184574,0.2876395583152771,0.996450662612915,true_train_and_true_inner_val_selection
future_arousal_max_delta_rows_4_10_train_q90,binary,short_temporal_conv_residual,diagnostics_only_residual,20260629,9,0.2473973138257861,0.22622948769775786,0.0006208782845041061,inner_val_pr_auc_delta_vs_frozen_ar,0.003978344611823559,0.29971539974212646,0.9984908699989319,true_train_and_true_inner_val_selection
future_arousal_max_delta_rows_4_10_train_q90,binary,short_temporal_conv_residual,diagnostics_only_residual,20260629,10,0.24772434774786234,0.2263660954342577,0.0007574860210039502,inner_val_pr_auc_delta_vs_frozen_ar,0.00400624331086874,0.3181819021701813,0.9996582269668579,true_train_and_true_inner_val_selection
future_arousal_max_delta_rows_4_10_train_q90,binary,short_temporal_conv_residual,diagnostics_only_residual,20260629,11,0.24728829599916935,0.2276719370789901,0.0020633276657363586,inner_val_pr_auc_delta_vs_frozen_ar,0.004036519210785627,0.3444739878177643,0.9999596476554871,true_train_and_true_inner_val_selection
future_arousal_max_delta_rows_4_10_train_q90,binary,short_temporal_conv_residual,diagnostics_only_residual,20260629,12,0.2468842025846243,0.22718645272428975,0.001577843311035998,inner_val_pr_auc_delta_vs_frozen_ar,0.004068967420607805,0.36702415347099304,0.9999948740005493,true_train_and_true_inner_val_selection
future_arousal_max_delta_rows_4_10_train_q90,binary,short_temporal_conv_residual,diagnostics_only_residual,20260629,13,0.24714615941047668,0.22744260478009506,0.0018339953668413123,inner_val_pr_auc_delta_vs_frozen_ar,0.004108780063688755,0.3829295039176941,0.9999991059303284,true_train_and_true_inner_val_selection
future_arousal_max_delta_rows_4_10_train_q90,binary,short_temporal_conv_residual,diagnostics_only_residual,20260629,14,0.24693772662431002,0.2275392515092533,0.0019306420959995518,inner_val_pr_auc_delta_vs_frozen_ar,0.004155836999416351,0.3904828727245331,0.9999997019767761,true_train_and_true_inner_val_selection
future_arousal_max_delta_rows_4_10_train_q90,binary,short_temporal_conv_residual,diagnostics_only_residual,20260629,15,0.2471396615728736,0.22803325595125645,0.0024246465380027005,inner_val_pr_auc_delta_vs_frozen_ar,0.004198403563350439,0.39456677436828613,0.9999998211860657,true_train_and_true_inner_val_selection
future_arousal_max_delta_rows_4_10_train_q90,binary,short_temporal_conv_residual,diagnostics_only_residual,20260629,16,0.2467464478686452,0.22806181280599938,0.0024532033927456287,inner_val_pr_auc_delta_vs_frozen_ar,0.004240700509399176,0.3965657949447632,0.9999998807907104,true_train_and_true_inner_val_selection
future_arousal_max_delta_rows_4_10_train_q90,binary,short_temporal_conv_residual,diagnostics_only_residual,20260629,17,0.2468587076291442,0.22744348580782744,0.0018348763945736923,inner_val_pr_auc_delta_vs_frozen_ar,0.00428034458309412,0.3984776437282562,0.9999998807907104,true_train_and_true_inner_val_selection
future_arousal_max_delta_rows_4_10_train_q90,binary,short_temporal_conv_residual,diagnostics_only_residual,20260629,18,0.24694711342453957,0.22737198083319582,0.001763371419942067,inner_val_pr_auc_delta_vs_frozen_ar,0.004317344166338444,0.3979502022266388,0.9999998807907104,true_train_and_true_inner_val_selection
future_arousal_max_delta_rows_4_10_train_q90,binary,short_temporal_conv_residual,diagnostics_only_residual,20260629,19,0.24687835853546858,0.22678756711602416,0.0011789577027704057,inner_val_pr_auc_delta_vs_frozen_ar,0.004346149042248726,0.39800581336021423,0.9999998211860657,true_train_and_true_inner_val_selection
future_arousal_max_delta_rows_4_10_train_q90,binary,short_temporal_conv_residual,diagnostics_only_residual,20260629,20,0.24639226403087378,0.22780049985756673,0.002191890444312977,inner_val_pr_auc_delta_vs_frozen_ar,0.004369016271084547,0.3979891538619995,0.9999998211860657,true_train_and_true_inner_val_selection
future_arousal_max_delta_rows_4_10_train_q90,binary,short_temporal_conv_residual,diagnostics_only_residual,20260629,21,0.24693578947335482,0.22738246446272575,0.0017738550494720007,inner_val_pr_auc_delta_vs_frozen_ar,0.004395878408104181,0.3976258933544159,0.9999997019767761,true_train_and_true_inner_val_selection
future_arousal_max_delta_rows_4_10_train_q90,binary,short_temporal_conv_residual,diagnostics_only_residual,20260629,22,0.2466354575008154,0.22878147712165273,0.0031728677083989743,inner_val_pr_auc_delta_vs_frozen_ar,0.0044219535775482655,0.398004412651062,0.9999997019767761,true_train_and_true_inner_val_selection
future_arousal_max_delta_rows_4_10_train_q90,binary,short_temporal_conv_residual,diagnostics_only_residual,20260629,23,0.24659602344036102,0.2272957779402636,0.0016871685270098413,inner_val_pr_auc_delta_vs_frozen_ar,0.004454268608242273,0.40043896436691284,0.9999996423721313,true_train_and_true_inner_val_selection
future_arousal_max_delta_rows_4_10_train_q90,binary,short_temporal_conv_residual,diagnostics_only_residual,20260629,24,0.24632359761744738,0.22854825206491267,0.0029396426516589136,inner_val_pr_auc_delta_vs_frozen_ar,0.004476332105696201,0.3985503613948822,0.999999463558197,true_train_and_true_inner_val_selection
future_arousal_max_delta_rows_4_10_train_q90,binary,short_temporal_conv_residual,diagnostics_only_residual,20260629,25,0.24679583963006735,0.22851841833069036,0.0029098089174366126,inner_val_pr_auc_delta_vs_frozen_ar,0.004502959083765745,0.3993893265724182,0.999999463558197,true_train_and_true_inner_val_selection
future_arousal_max_delta_rows_4_10_train_q90,binary,short_temporal_conv_residual,diagnostics_only_residual,20260629,26,0.24618494138121605,0.22840706165220512,0.0027984522389513655,inner_val_pr_auc_delta_vs_frozen_ar,0.00452854298055172,0.400715172290802,0.999999463558197,true_train_and_true_inner_val_selection
future_arousal_max_delta_rows_4_10_train_q90,binary,short_temporal_conv_residual,diagnostics_only_residual,20260629,27,0.246203925460577,0.2272432102285713,0.0016346008153175495,inner_val_pr_auc_delta_vs_frozen_ar,0.0045530167408287525,0.4010898768901825,0.9999992847442627,true_train_and_true_inner_val_selection
future_arousal_max_delta_rows_4_10_train_q90,binary,short_temporal_conv_residual,diagnostics_only_residual,20260629,28,0.24624828342348337,0.2279362410309465,0.0023276316176927547,inner_val_pr_auc_delta_vs_frozen_ar,0.004578443709760904,0.40109288692474365,0.9999992251396179,true_train_and_true_inner_val_selection
future_arousal_max_delta_rows_4_10_train_q90,binary,short_temporal_conv_residual,diagnostics_only_residual,20260629,29,0.2464281339198351,0.2267187895661035,0.001110180152849749,inner_val_pr_auc_delta_vs_frozen_ar,0.004607755225151777,0.40173131227493286,0.9999992251396179,true_train_and_true_inner_val_selection
future_arousal_max_delta_rows_4_10_train_q90,binary,short_temporal_conv_residual,diagnostics_only_residual,20260629,30,0.2461352264508605,0.22685838159939875,0.0012497721861449984,inner_val_pr_auc_delta_vs_frozen_ar,0.004629829898476601,0.401506632566452,0.9999991059303284,true_train_and_true_inner_val_selection
future_arousal_max_delta_rows_4_10_train_q90,binary,short_temporal_conv_residual,real_residual,20260630,1,0.24587678536772728,0.22625978591753831,8.867104909981993e-05,inner_val_pr_auc_delta_vs_frozen_ar,0.0037395700346678495,0.02035824954509735,0.04575422778725624,true_train_and_true_inner_val_selection
future_arousal_max_delta_rows_4_10_train_q90,binary,short_temporal_conv_residual,real_residual,20260630,2,0.24604841321706772,0.22665895698333063,0.0004878421148921397,inner_val_pr_auc_delta_vs_frozen_ar,0.0038248347118496895,0.06503190845251083,0.3717658519744873,true_train_and_true_inner_val_selection
future_arousal_max_delta_rows_4_10_train_q90,binary,short_temporal_conv_residual,real_residual,20260630,3,0.24550112336874008,0.23064964615039374,0.004478531281955245,inner_val_pr_auc_delta_vs_frozen_ar,0.00394065584987402,0.09364279359579086,0.6553431749343872,true_train_and_true_inner_val_selection
future_arousal_max_delta_rows_4_10_train_q90,binary,short_temporal_conv_residual,real_residual,20260630,4,0.2436427976936102,0.23921067420814274,0.013039559339704243,inner_val_pr_auc_delta_vs_frozen_ar,0.004060821607708931,0.08781187236309052,0.5833128690719604,true_train_and_true_inner_val_selection
future_arousal_max_delta_rows_4_10_train_q90,binary,short_temporal_conv_residual,real_residual,20260630,5,0.24164814967662096,0.24552656399216657,0.01935544912372808,inner_val_pr_auc_delta_vs_frozen_ar,0.004164327401667833,0.0952235758304596,0.655540406703949,true_train_and_true_inner_val_selection
future_arousal_max_delta_rows_4_10_train_q90,binary,short_temporal_conv_residual,real_residual,20260630,6,0.240394601598382,0.2447060698321105,0.018534954963671996,inner_val_pr_auc_delta_vs_frozen_ar,0.004202262498438358,0.0986078530550003,0.6679887771606445,true_train_and_true_inner_val_selection
future_arousal_max_delta_rows_4_10_train_q90,binary,short_temporal_conv_residual,real_residual,20260630,7,0.23964610788971186,0.24305113515084142,0.01688002028240293,inner_val_pr_auc_delta_vs_frozen_ar,0.004239389672875404,0.10332420468330383,0.7189612984657288,true_train_and_true_inner_val_selection
future_arousal_max_delta_rows_4_10_train_q90,binary,short_temporal_conv_residual,real_residual,20260630,8,0.2381746917963028,0.24193117870206243,0.01576006383362394,inner_val_pr_auc_delta_vs_frozen_ar,0.004288165830075741,0.10889603197574615,0.7665084004402161,true_train_and_true_inner_val_selection
future_arousal_max_delta_rows_4_10_train_q90,binary,short_temporal_conv_residual,real_residual,20260630,9,0.23767932690680027,0.24156010653672627,0.015388991668287777,inner_val_pr_auc_delta_vs_frozen_ar,0.004341183230280876,0.11273890733718872,0.7993261814117432,true_train_and_true_inner_val_selection
future_arousal_max_delta_rows_4_10_train_q90,binary,short_temporal_conv_residual,real_residual,20260630,10,0.2365532238036394,0.2399693880630256,0.013798273194587096,inner_val_pr_auc_delta_vs_frozen_ar,0.004402819089591503,0.11651752144098282,0.8312355279922485,true_train_and_true_inner_val_selection
future_arousal_max_delta_rows_4_10_train_q90,binary,short_temporal_conv_residual,real_residual,20260630,11,0.23496264219284058,0.2393439271043519,0.013172812235913406,inner_val_pr_auc_delta_vs_frozen_ar,0.004465347621589899,0.11972606927156448,0.8519043922424316,true_train_and_true_inner_val_selection
future_arousal_max_delta_rows_4_10_train_q90,binary,short_temporal_conv_residual,real_residual,20260630,12,0.23413044400513172,0.23840115238507595,0.012230037516637454,inner_val_pr_auc_delta_vs_frozen_ar,0.004532849416136742,0.12364441156387329,0.8719041347503662,true_train_and_true_inner_val_selection
future_arousal_max_delta_rows_4_10_train_q90,binary,short_temporal_conv_residual,real_residual,20260630,13,0.23309152387082577,0.23884221534497874,0.012671100476540242,inner_val_pr_auc_delta_vs_frozen_ar,0.004598456900566816,0.1273244023323059,0.8903732895851135,true_train_and_true_inner_val_selection
future_arousal_max_delta_rows_4_10_train_q90,binary,short_temporal_conv_residual,shuffled_pca_residual,20260630,1,0.24632280319929123,0.22626523787581132,9.412300737282608e-05,inner_val_pr_auc_delta_vs_frozen_ar,0.003733011893928051,0.02098802477121353,0.0460682287812233,true_train_and_true_inner_val_selection
future_arousal_max_delta_rows_4_10_train_q90,binary,short_temporal_conv_residual,shuffled_pca_residual,20260630,2,0.2461933521553874,0.22623140580875506,6.0290940316565234e-05,inner_val_pr_auc_delta_vs_frozen_ar,0.0037906807847321033,0.04518905654549599,0.19471189379692078,true_train_and_true_inner_val_selection
future_arousal_max_delta_rows_4_10_train_q90,binary,short_temporal_conv_residual,shuffled_pca_residual,20260630,3,0.24633160885423422,0.22627306610054684,0.00010195123210834933,inner_val_pr_auc_delta_vs_frozen_ar,0.003899824572727084,0.13069242238998413,0.7051509022712708,true_train_and_true_inner_val_selection
future_arousal_max_delta_rows_4_10_train_q90,binary,short_temporal_conv_residual,shuffled_pca_residual,20260630,4,0.2458677189424634,0.22634747982035386,0.00017636495191536428,inner_val_pr_auc_delta_vs_frozen_ar,0.004008218180388212,0.15162096917629242,0.7993528842926025,true_train_and_true_inner_val_selection
future_arousal_max_delta_rows_4_10_train_q90,binary,short_temporal_conv_residual,shuffled_pca_residual,20260630,5,0.24568938184529543,0.22597887944589712,-0.00019223542254137582,inner_val_pr_auc_delta_vs_frozen_ar,0.004124785773456097,0.14929480850696564,0.7916812896728516,true_train_and_true_inner_val_selection
future_arousal_max_delta_rows_4_10_train_q90,binary,short_temporal_conv_residual,shuffled_pca_residual,20260630,6,0.24499326944351196,0.22508484311905802,-0.001086271749380474,inner_val_pr_auc_delta_vs_frozen_ar,0.0042399014346301556,0.14106279611587524,0.7603076100349426,true_train_and_true_inner_val_selection
future_arousal_max_delta_rows_4_10_train_q90,binary,short_temporal_conv_residual,shuffled_pca_residual,20260630,7,0.24396660085767508,0.2227831235971852,-0.0033879912712533045,inner_val_pr_auc_delta_vs_frozen_ar,0.004349540453404188,0.13541606068611145,0.7388789653778076,true_train_and_true_inner_val_selection
future_arousal_max_delta_rows_4_10_train_q90,binary,short_temporal_conv_residual,shuffled_pca_residual,20260630,8,0.24327167961746454,0.21841182389183164,-0.007759290976606853,inner_val_pr_auc_delta_vs_frozen_ar,0.004450411535799503,0.13094021379947662,0.7191069722175598,true_train_and_true_inner_val_selection
future_arousal_max_delta_rows_4_10_train_q90,binary,short_temporal_conv_residual,shuffled_pca_residual,20260630,9,0.24253075756132603,0.2136343514760036,-0.012536763392434896,inner_val_pr_auc_delta_vs_frozen_ar,0.004535421263426542,0.1250687688589096,0.6934269666671753,true_train_and_true_inner_val_selection
future_arousal_max_delta_rows_4_10_train_q90,binary,short_temporal_conv_residual,shuffled_pca_residual,20260630,10,0.24163670372217894,0.2097270250611465,-0.016444089807292006,inner_val_pr_auc_delta_vs_frozen_ar,0.004604628309607506,0.12517529726028442,0.69743412733078,true_train_and_true_inner_val_selection
future_arousal_max_delta_rows_4_10_train_q90,binary,short_temporal_conv_residual,shuffled_pca_residual,20260630,11,0.24064810946583748,0.2069795450901198,-0.019191569778318707,inner_val_pr_auc_delta_vs_frozen_ar,0.004661921877413988,0.13313837349414825,0.7420097589492798,true_train_and_true_inner_val_selection
future_arousal_max_delta_rows_4_10_train_q90,binary,short_temporal_conv_residual,shuffled_pca_residual,20260630,12,0.2395502831786871,0.20400167282637569,-0.02216944204206281,inner_val_pr_auc_delta_vs_frozen_ar,0.004726259503513575,0.1445033699274063,0.7944830060005188,true_train_and_true_inner_val_selection
future_arousal_max_delta_rows_4_10_train_q90,binary,short_temporal_conv_residual,random_pca_residual,20260630,1,0.24581928737461567,0.22625571595044658,8.460108200808447e-05,inner_val_pr_auc_delta_vs_frozen_ar,0.003735912963747978,0.020820382982492447,0.044966503977775574,true_train_and_true_inner_val_selection
future_arousal_max_delta_rows_4_10_train_q90,binary,short_temporal_conv_residual,random_pca_residual,20260630,2,0.24593997932970524,0.2262174757114826,4.636084304410204e-05,inner_val_pr_auc_delta_vs_frozen_ar,0.0037998866755515337,0.04336972162127495,0.1848497837781906,true_train_and_true_inner_val_selection
future_arousal_max_delta_rows_4_10_train_q90,binary,short_temporal_conv_residual,random_pca_residual,20260630,3,0.24587632901966572,0.22631872068544004,0.00014760581700154485,inner_val_pr_auc_delta_vs_frozen_ar,0.0039058797992765903,0.12435752898454666,0.6749210953712463,true_train_and_true_inner_val_selection
future_arousal_max_delta_rows_4_10_train_q90,binary,short_temporal_conv_residual,random_pca_residual,20260630,4,0.24582428950816393,0.22651913111588387,0.0003480162474453763,inner_val_pr_auc_delta_vs_frozen_ar,0.004015340004116297,0.14921650290489197,0.7953280210494995,true_train_and_true_inner_val_selection
future_arousal_max_delta_rows_4_10_train_q90,binary,short_temporal_conv_residual,random_pca_residual,20260630,5,0.24547831807285547,0.2265473473588231,0.00037623249038459816,inner_val_pr_auc_delta_vs_frozen_ar,0.004128210712224245,0.14398963749408722,0.778099000453949,true_train_and_true_inner_val_selection
future_arousal_max_delta_rows_4_10_train_q90,binary,short_temporal_conv_residual,random_pca_residual,20260630,6,0.24486671295017004,0.22594242033254214,-0.00022869453589635658,inner_val_pr_auc_delta_vs_frozen_ar,0.004241426941007376,0.13811759650707245,0.7512920498847961,true_train_and_true_inner_val_selection
future_arousal_max_delta_rows_4_10_train_q90,binary,short_temporal_conv_residual,random_pca_residual,20260630,7,0.24401956144720316,0.224608820619782,-0.001562294248656504,inner_val_pr_auc_delta_vs_frozen_ar,0.0043503413908183575,0.13143588602542877,0.7221612334251404,true_train_and_true_inner_val_selection
future_arousal_max_delta_rows_4_10_train_q90,binary,short_temporal_conv_residual,random_pca_residual,20260630,8,0.24318510945886374,0.22211035671083043,-0.004060758157608063,inner_val_pr_auc_delta_vs_frozen_ar,0.004448319785296917,0.12740013003349304,0.7052431106567383,true_train_and_true_inner_val_selection
future_arousal_max_delta_rows_4_10_train_q90,binary,short_temporal_conv_residual,random_pca_residual,20260630,9,0.24269034899771214,0.2192416802680919,-0.00692943460034659,inner_val_pr_auc_delta_vs_frozen_ar,0.004532445687800646,0.11733297258615494,0.6532518863677979,true_train_and_true_inner_val_selection
future_arousal_max_delta_rows_4_10_train_q90,binary,short_temporal_conv_residual,random_pca_residual,20260630,10,0.24212427996098995,0.2157431723084739,-0.010427942559964598,inner_val_pr_auc_delta_vs_frozen_ar,0.0045988489873707294,0.11943463981151581,0.6677612066268921,true_train_and_true_inner_val_selection
future_arousal_max_delta_rows_4_10_train_q90,binary,short_temporal_conv_residual,random_pca_residual,20260630,11,0.24160743970423937,0.2145289385247735,-0.01164217634366499,inner_val_pr_auc_delta_vs_frozen_ar,0.004652928560972214,0.12013226002454758,0.6752127408981323,true_train_and_true_inner_val_selection
future_arousal_max_delta_rows_4_10_train_q90,binary,short_temporal_conv_residual,random_pca_residual,20260630,12,0.2404621196910739,0.21272558722619575,-0.013445527642242744,inner_val_pr_auc_delta_vs_frozen_ar,0.004710950888693333,0.12478511780500412,0.699360191822052,true_train_and_true_inner_val_selection
future_arousal_max_delta_rows_4_10_train_q90,binary,short_temporal_conv_residual,random_pca_residual,20260630,13,0.23969796113669872,0.2108945974645929,-0.015276517403845585,inner_val_pr_auc_delta_vs_frozen_ar,0.004774482920765877,0.13074558973312378,0.7309665679931641,true_train_and_true_inner_val_selection
future_arousal_max_delta_rows_4_10_train_q90,binary,short_temporal_conv_residual,label_permutation_residual,20260630,1,0.30795303732156754,0.10035004314529736,-9.59371286470001e-06,inner_val_pr_auc_delta_vs_frozen_ar,0.0037272018380463123,0.020604142919182777,0.04369324818253517,permuted_train_and_permuted_inner_val_selection
future_arousal_max_delta_rows_4_10_train_q90,binary,short_temporal_conv_residual,label_permutation_residual,20260630,2,0.3077543284744024,0.10035231081938221,-7.326038779842392e-06,inner_val_pr_auc_delta_vs_frozen_ar,0.0036632956471294165,0.020861614495515823,0.04812430590391159,permuted_train_and_permuted_inner_val_selection
future_arousal_max_delta_rows_4_10_train_q90,binary,short_temporal_conv_residual,label_permutation_residual,20260630,3,0.3081655893474817,0.10035683363943002,-2.8032187320420343e-06,inner_val_pr_auc_delta_vs_frozen_ar,0.0036709047853946686,0.024680543690919876,0.07034680992364883,permuted_train_and_permuted_inner_val_selection
future_arousal_max_delta_rows_4_10_train_q90,binary,short_temporal_conv_residual,label_permutation_residual,20260630,4,0.3081022724509239,0.10035828657569919,-1.350282462869723e-06,inner_val_pr_auc_delta_vs_frozen_ar,0.0037675134371966124,0.028416180983185768,0.09595493972301483,permuted_train_and_permuted_inner_val_selection
future_arousal_max_delta_rows_4_10_train_q90,binary,short_temporal_conv_residual,label_permutation_residual,20260630,5,0.30780186131596565,0.10032835247549068,-3.1284382671373234e-05,inner_val_pr_auc_delta_vs_frozen_ar,0.0038784833159297705,0.03659391775727272,0.15446670353412628,permuted_train_and_permuted_inner_val_selection
future_arousal_max_delta_rows_4_10_train_q90,binary,short_temporal_conv_residual,label_permutation_residual,20260630,6,0.3070792257785797,0.10030722503526543,-5.2411822896628046e-05,inner_val_pr_auc_delta_vs_frozen_ar,0.003988947719335556,0.04277807101607323,0.20059102773666382,permuted_train_and_permuted_inner_val_selection
future_arousal_max_delta_rows_4_10_train_q90,binary,short_temporal_conv_residual,label_permutation_residual,20260630,7,0.3072676993906498,0.10027695859510619,-8.267826305587145e-05,inner_val_pr_auc_delta_vs_frozen_ar,0.004106010776013136,0.04760855436325073,0.24378402531147003,permuted_train_and_permuted_inner_val_selection
future_arousal_max_delta_rows_4_10_train_q90,binary,short_temporal_conv_residual,label_permutation_residual,20260630,8,0.3069324679672718,0.10024760619893795,-0.00011203065922410493,inner_val_pr_auc_delta_vs_frozen_ar,0.004213259555399418,0.0517118014395237,0.2778084874153137,permuted_train_and_permuted_inner_val_selection
future_arousal_max_delta_rows_4_10_train_q90,binary,short_temporal_conv_residual,train_only_video_mean_residual,20260630,1,0.24595469795167446,0.22629405841775246,0.00012294354931396967,inner_val_pr_auc_delta_vs_frozen_ar,0.0037677865475416183,0.044197507202625275,0.13998687267303467,true_train_and_true_inner_val_selection
future_arousal_max_delta_rows_4_10_train_q90,binary,short_temporal_conv_residual,train_only_video_mean_residual,20260630,2,0.24573154095560312,0.22698281428257186,0.0008116994141333655,inner_val_pr_auc_delta_vs_frozen_ar,0.0038684685714542866,0.1313876360654831,0.8900154232978821,true_train_and_true_inner_val_selection
future_arousal_max_delta_rows_4_10_train_q90,binary,short_temporal_conv_residual,train_only_video_mean_residual,20260630,3,0.24541954696178436,0.22898922280312023,0.002818107934681735,inner_val_pr_auc_delta_vs_frozen_ar,0.003986186347901821,0.24081739783287048,0.9951401352882385,true_train_and_true_inner_val_selection
future_arousal_max_delta_rows_4_10_train_q90,binary,short_temporal_conv_residual,train_only_video_mean_residual,20260630,4,0.24336989596486092,0.22807758948302093,0.0019064746145824318,inner_val_pr_auc_delta_vs_frozen_ar,0.004106214269995689,0.2950451076030731,0.999083399772644,true_train_and_true_inner_val_selection
future_arousal_max_delta_rows_4_10_train_q90,binary,short_temporal_conv_residual,train_only_video_mean_residual,20260630,5,0.24169478937983513,0.22284432820150077,-0.0033267866669377255,inner_val_pr_auc_delta_vs_frozen_ar,0.004196322523057461,0.3079015016555786,0.999153733253479,true_train_and_true_inner_val_selection
future_arousal_max_delta_rows_4_10_train_q90,binary,short_temporal_conv_residual,train_only_video_mean_residual,20260630,6,0.2399653559550643,0.21945648066876017,-0.0067146341996783265,inner_val_pr_auc_delta_vs_frozen_ar,0.004260509740561247,0.31365716457366943,0.9995386600494385,true_train_and_true_inner_val_selection
future_arousal_max_delta_rows_4_10_train_q90,binary,short_temporal_conv_residual,train_only_video_mean_residual,20260630,7,0.23862520698457956,0.21482188331980864,-0.011349231548629851,inner_val_pr_auc_delta_vs_frozen_ar,0.004332890268415213,0.3240409791469574,0.9998531341552734,true_train_and_true_inner_val_selection
future_arousal_max_delta_rows_4_10_train_q90,binary,short_temporal_conv_residual,train_only_video_mean_residual,20260630,8,0.23688229266554117,0.21703308189951892,-0.009138032968919574,inner_val_pr_auc_delta_vs_frozen_ar,0.004391575697809458,0.3288997411727905,0.999908983707428,true_train_and_true_inner_val_selection
future_arousal_max_delta_rows_4_10_train_q90,binary,short_temporal_conv_residual,train_only_video_mean_residual,20260630,9,0.23602654971182346,0.21928321532270403,-0.0068878995457344605,inner_val_pr_auc_delta_vs_frozen_ar,0.004445321392267942,0.3368082642555237,0.9999167323112488,true_train_and_true_inner_val_selection
future_arousal_max_delta_rows_4_10_train_q90,binary,short_temporal_conv_residual,train_only_video_mean_residual,20260630,10,0.23525418899953365,0.218625671671975,-0.007545443196463497,inner_val_pr_auc_delta_vs_frozen_ar,0.004496554844081402,0.34234464168548584,0.9999439120292664,true_train_and_true_inner_val_selection
future_arousal_max_delta_rows_4_10_train_q90,binary,short_temporal_conv_residual,train_only_video_mean_residual,20260630,11,0.23429448623210192,0.22064442110177135,-0.005526693766667146,inner_val_pr_auc_delta_vs_frozen_ar,0.004543855786323547,0.3454827070236206,0.9999551773071289,true_train_and_true_inner_val_selection
future_arousal_max_delta_rows_4_10_train_q90,binary,short_temporal_conv_residual,diagnostics_only_residual,20260630,1,0.2460200171917677,0.22601181959383027,-0.0001592952746082288,inner_val_pr_auc_delta_vs_frozen_ar,0.003792885225266218,0.019528014585375786,0.04622938483953476,true_train_and_true_inner_val_selection
future_arousal_max_delta_rows_4_10_train_q90,binary,short_temporal_conv_residual,diagnostics_only_residual,20260630,2,0.2456983821466565,0.2260407317256608,-0.00013038314277769025,inner_val_pr_auc_delta_vs_frozen_ar,0.003867372404783964,0.02582220546901226,0.08192053437232971,true_train_and_true_inner_val_selection
future_arousal_max_delta_rows_4_10_train_q90,binary,short_temporal_conv_residual,diagnostics_only_residual,20260630,3,0.24560018815100193,0.22605291863723356,-0.00011819623120493117,inner_val_pr_auc_delta_vs_frozen_ar,0.003912385553121567,0.026146112009882927,0.08517962694168091,true_train_and_true_inner_val_selection
future_arousal_max_delta_rows_4_10_train_q90,binary,short_temporal_conv_residual,diagnostics_only_residual,20260630,4,0.24620106164366007,0.22603672483170437,-0.00013439003673412775,inner_val_pr_auc_delta_vs_frozen_ar,0.003913168329745531,0.03321795538067818,0.12128861248493195,true_train_and_true_inner_val_selection
future_arousal_max_delta_rows_4_10_train_q90,binary,short_temporal_conv_residual,diagnostics_only_residual,20260630,5,0.24574439879506826,0.22597148568139216,-0.0001996291870463296,inner_val_pr_auc_delta_vs_frozen_ar,0.003928210120648146,0.06611371040344238,0.29959896206855774,true_train_and_true_inner_val_selection
future_arousal_max_delta_rows_4_10_train_q90,binary,short_temporal_conv_residual,diagnostics_only_residual,20260630,6,0.24545114673674107,0.2259804262674294,-0.000190688601009098,inner_val_pr_auc_delta_vs_frozen_ar,0.003941157832741737,0.07032155245542526,0.3259076476097107,true_train_and_true_inner_val_selection
future_arousal_max_delta_rows_4_10_train_q90,binary,short_temporal_conv_residual,diagnostics_only_residual,20260630,7,0.24599802121520042,0.22601974402442462,-0.00015137084401387058,inner_val_pr_auc_delta_vs_frozen_ar,0.003953138832002878,0.10638406872749329,0.5299643278121948,true_train_and_true_inner_val_selection
future_arousal_max_delta_rows_4_10_train_q90,binary,short_temporal_conv_residual,diagnostics_only_residual,20260630,8,0.24565970245748758,0.22604479375370595,-0.0001263211147325416,inner_val_pr_auc_delta_vs_frozen_ar,0.0039678472094237804,0.169221892952919,0.8039160966873169,true_train_and_true_inner_val_selection
future_arousal_max_delta_rows_4_10_train_q90,binary,short_temporal_conv_residual,real_residual,20260631,1,0.24762972723692656,0.22578498015499796,8.982461566323097e-05,inner_val_pr_auc_delta_vs_frozen_ar,0.003768217982724309,0.02404857985675335,0.0600769929587841,true_train_and_true_inner_val_selection
future_arousal_max_delta_rows_4_10_train_q90,binary,short_temporal_conv_residual,real_residual,20260631,2,0.24753889814019203,0.22619914810320332,0.0005039925638685994,inner_val_pr_auc_delta_vs_frozen_ar,0.003863988444209099,0.05547033250331879,0.22051860392093658,true_train_and_true_inner_val_selection
future_arousal_max_delta_rows_4_10_train_q90,binary,short_temporal_conv_residual,real_residual,20260631,3,0.2476294208317995,0.22880934828623184,0.0031141927468971153,inner_val_pr_auc_delta_vs_frozen_ar,0.003979948349297047,0.08439561724662781,0.5217805504798889,true_train_and_true_inner_val_selection
future_arousal_max_delta_rows_4_10_train_q90,binary,short_temporal_conv_residual,real_residual,20260631,4,0.24612453393638134,0.23605906339038876,0.010363907851054038,inner_val_pr_auc_delta_vs_frozen_ar,0.004099876619875431,0.0889820083975792,0.6086476445198059,true_train_and_true_inner_val_selection
future_arousal_max_delta_rows_4_10_train_q90,binary,short_temporal_conv_residual,real_residual,20260631,5,0.24348838813602924,0.2450025560802699,0.019307400540935188,inner_val_pr_auc_delta_vs_frozen_ar,0.00421689311042428,0.09661711007356644,0.6880160570144653,true_train_and_true_inner_val_selection
future_arousal_max_delta_rows_4_10_train_q90,binary,short_temporal_conv_residual,real_residual,20260631,6,0.2414600308984518,0.24514633378383446,0.01945117824449974,inner_val_pr_auc_delta_vs_frozen_ar,0.004301687236875296,0.10229073464870453,0.75331050157547,true_train_and_true_inner_val_selection
future_arousal_max_delta_rows_4_10_train_q90,binary,short_temporal_conv_residual,real_residual,20260631,7,0.23943789210170507,0.24409870433721434,0.018403548797879615,inner_val_pr_auc_delta_vs_frozen_ar,0.004368272144347429,0.1058177649974823,0.795143187046051,true_train_and_true_inner_val_selection
future_arousal_max_delta_rows_4_10_train_q90,binary,short_temporal_conv_residual,real_residual,20260631,8,0.238551065325737,0.24039826123002736,0.014703105690692636,inner_val_pr_auc_delta_vs_frozen_ar,0.004432514309883118,0.10663499683141708,0.8092468976974487,true_train_and_true_inner_val_selection
future_arousal_max_delta_rows_4_10_train_q90,binary,short_temporal_conv_residual,real_residual,20260631,9,0.23688970133662224,0.2395130169740956,0.01381786143476088,inner_val_pr_auc_delta_vs_frozen_ar,0.004480894189327955,0.10662934929132462,0.8243589401245117,true_train_and_true_inner_val_selection
future_arousal_max_delta_rows_4_10_train_q90,binary,short_temporal_conv_residual,real_residual,20260631,10,0.23614604957401752,0.2358438334912208,0.010148677951886065,inner_val_pr_auc_delta_vs_frozen_ar,0.00453704409301281,0.10657107084989548,0.8295118808746338,true_train_and_true_inner_val_selection
future_arousal_max_delta_rows_4_10_train_q90,binary,short_temporal_conv_residual,real_residual,20260631,11,0.23525287583470345,0.23532665916314932,0.009631503623814597,inner_val_pr_auc_delta_vs_frozen_ar,0.004574391525238752,0.10696268081665039,0.8454789519309998,true_train_and_true_inner_val_selection
future_arousal_max_delta_rows_4_10_train_q90,binary,short_temporal_conv_residual,real_residual,20260631,12,0.23399648070335388,0.23376482953646172,0.008069673997126992,inner_val_pr_auc_delta_vs_frozen_ar,0.0046240342780947685,0.1075017899274826,0.8519483208656311,true_train_and_true_inner_val_selection
future_arousal_max_delta_rows_4_10_train_q90,binary,short_temporal_conv_residual,real_residual,20260631,13,0.23373246658593416,0.2323013936050025,0.006606238065667763,inner_val_pr_auc_delta_vs_frozen_ar,0.004669139627367258,0.10781606286764145,0.8586977124214172,true_train_and_true_inner_val_selection
future_arousal_max_delta_rows_4_10_train_q90,binary,short_temporal_conv_residual,real_residual,20260631,14,0.2325788103044033,0.23038977704486543,0.0046946215055307106,inner_val_pr_auc_delta_vs_frozen_ar,0.004714321810752153,0.1080988198518753,0.8645539879798889,true_train_and_true_inner_val_selection
future_arousal_max_delta_rows_4_10_train_q90,binary,short_temporal_conv_residual,shuffled_pca_residual,20260631,1,0.24749745335429907,0.2258003436431539,0.00010518810381918153,inner_val_pr_auc_delta_vs_frozen_ar,0.0037410231307148933,0.02148742787539959,0.0470823310315609,true_train_and_true_inner_val_selection
future_arousal_max_delta_rows_4_10_train_q90,binary,short_temporal_conv_residual,shuffled_pca_residual,20260631,2,0.24786177091300488,0.2257870416703877,9.188613105298726e-05,inner_val_pr_auc_delta_vs_frozen_ar,0.0038008715491741896,0.038549844175577164,0.1513114720582962,true_train_and_true_inner_val_selection
future_arousal_max_delta_rows_4_10_train_q90,binary,short_temporal_conv_residual,shuffled_pca_residual,20260631,3,0.24811844993382692,0.22572811599042536,3.296045109063561e-05,inner_val_pr_auc_delta_vs_frozen_ar,0.003909156192094088,0.11653989553451538,0.6290318965911865,true_train_and_true_inner_val_selection
future_arousal_max_delta_rows_4_10_train_q90,binary,short_temporal_conv_residual,shuffled_pca_residual,20260631,4,0.24718890618532896,0.22575975280708552,6.459726775079333e-05,inner_val_pr_auc_delta_vs_frozen_ar,0.0040156422182917595,0.1560513973236084,0.8151274919509888,true_train_and_true_inner_val_selection
future_arousal_max_delta_rows_4_10_train_q90,binary,short_temporal_conv_residual,shuffled_pca_residual,20260631,5,0.2473772456869483,0.22580975526258168,0.00011459972324695533,inner_val_pr_auc_delta_vs_frozen_ar,0.004126347601413727,0.15042458474636078,0.7940202355384827,true_train_and_true_inner_val_selection
future_arousal_max_delta_rows_4_10_train_q90,binary,short_temporal_conv_residual,shuffled_pca_residual,20260631,6,0.24676741380244493,0.22524091015702996,-0.0004542453823047632,inner_val_pr_auc_delta_vs_frozen_ar,0.004238886293023825,0.13774031400680542,0.7362038493156433,true_train_and_true_inner_val_selection
future_arousal_max_delta_rows_4_10_train_q90,binary,short_temporal_conv_residual,shuffled_pca_residual,20260631,7,0.24610398709774017,0.22323075853675825,-0.002464397002576474,inner_val_pr_auc_delta_vs_frozen_ar,0.004348942078649998,0.1405482292175293,0.7484340667724609,true_train_and_true_inner_val_selection
future_arousal_max_delta_rows_4_10_train_q90,binary,short_temporal_conv_residual,shuffled_pca_residual,20260631,8,0.24525572452694178,0.22020776738197467,-0.005487388157360051,inner_val_pr_auc_delta_vs_frozen_ar,0.004451039247214794,0.13133586943149567,0.7062016129493713,true_train_and_true_inner_val_selection
future_arousal_max_delta_rows_4_10_train_q90,binary,short_temporal_conv_residual,shuffled_pca_residual,20260631,9,0.24382187519222498,0.21611772227820847,-0.009577433261126256,inner_val_pr_auc_delta_vs_frozen_ar,0.004537672735750675,0.12872405350208282,0.6906099319458008,true_train_and_true_inner_val_selection
future_arousal_max_delta_rows_4_10_train_q90,binary,short_temporal_conv_residual,shuffled_pca_residual,20260631,10,0.24355830438435078,0.21272349610117078,-0.012971659438163946,inner_val_pr_auc_delta_vs_frozen_ar,0.004607590846717358,0.1274576634168625,0.6860597133636475,true_train_and_true_inner_val_selection
future_arousal_max_delta_rows_4_10_train_q90,binary,short_temporal_conv_residual,shuffled_pca_residual,20260631,11,0.24279045220464468,0.21091605201211677,-0.014779103527217952,inner_val_pr_auc_delta_vs_frozen_ar,0.004667430184781551,0.12819720804691315,0.6936862468719482,true_train_and_true_inner_val_selection
future_arousal_max_delta_rows_4_10_train_q90,binary,short_temporal_conv_residual,shuffled_pca_residual,20260631,12,0.24249855149537325,0.20860461017214277,-0.017090545367191956,inner_val_pr_auc_delta_vs_frozen_ar,0.004727022722363472,0.13495983183383942,0.7290189862251282,true_train_and_true_inner_val_selection
future_arousal_max_delta_rows_4_10_train_q90,binary,short_temporal_conv_residual,shuffled_pca_residual,20260631,13,0.24103396851569414,0.20742199316565485,-0.018273162373679874,inner_val_pr_auc_delta_vs_frozen_ar,0.004790743812918663,0.13925395905971527,0.7529725432395935,true_train_and_true_inner_val_selection
future_arousal_max_delta_rows_4_10_train_q90,binary,short_temporal_conv_residual,random_pca_residual,20260631,1,0.24761097971349955,0.2257994280175435,0.00010427247820876673,inner_val_pr_auc_delta_vs_frozen_ar,0.003742949338629842,0.021580088883638382,0.04674968868494034,true_train_and_true_inner_val_selection
future_arousal_max_delta_rows_4_10_train_q90,binary,short_temporal_conv_residual,random_pca_residual,20260631,2,0.24763437546789646,0.22579246759029853,9.73120509638048e-05,inner_val_pr_auc_delta_vs_frozen_ar,0.0038056708872318268,0.03294629603624344,0.11620137840509415,true_train_and_true_inner_val_selection
future_arousal_max_delta_rows_4_10_train_q90,binary,short_temporal_conv_residual,random_pca_residual,20260631,3,0.24765198957175016,0.22572418137385752,2.9025834522800054e-05,inner_val_pr_auc_delta_vs_frozen_ar,0.003912222571671009,0.10206115990877151,0.5455469489097595,true_train_and_true_inner_val_selection
future_arousal_max_delta_rows_4_10_train_q90,binary,short_temporal_conv_residual,random_pca_residual,20260631,4,0.24753883015364408,0.22574122705934072,4.607152000599135e-05,inner_val_pr_auc_delta_vs_frozen_ar,0.0040217298083007336,0.14786165952682495,0.7870819568634033,true_train_and_true_inner_val_selection
future_arousal_max_delta_rows_4_10_train_q90,binary,short_temporal_conv_residual,random_pca_residual,20260631,5,0.24717245623469353,0.22559858388791573,-9.657165141899182e-05,inner_val_pr_auc_delta_vs_frozen_ar,0.004135163500905037,0.14310547709465027,0.7690099477767944,true_train_and_true_inner_val_selection
future_arousal_max_delta_rows_4_10_train_q90,binary,short_temporal_conv_residual,random_pca_residual,20260631,6,0.24676518142223358,0.2243816820977447,-0.001313473441590024,inner_val_pr_auc_delta_vs_frozen_ar,0.004251797683537006,0.13270655274391174,0.7223496437072754,true_train_and_true_inner_val_selection
future_arousal_max_delta_rows_4_10_train_q90,binary,short_temporal_conv_residual,random_pca_residual,20260631,7,0.24613693729043007,0.2215115174500488,-0.004183638089285929,inner_val_pr_auc_delta_vs_frozen_ar,0.004363350570201874,0.12584732472896576,0.6893669366836548,true_train_and_true_inner_val_selection
future_arousal_max_delta_rows_4_10_train_q90,binary,short_temporal_conv_residual,random_pca_residual,20260631,8,0.24535068310797215,0.215712185520122,-0.009982970019212722,inner_val_pr_auc_delta_vs_frozen_ar,0.00446667755022645,0.12614020705223083,0.691356360912323,true_train_and_true_inner_val_selection
future_arousal_max_delta_rows_4_10_train_q90,binary,short_temporal_conv_residual,random_pca_residual,20260631,9,0.24420385155826807,0.21077090180923833,-0.014924253730096398,inner_val_pr_auc_delta_vs_frozen_ar,0.004550968762487173,0.11182323098182678,0.6162062883377075,true_train_and_true_inner_val_selection
future_arousal_max_delta_rows_4_10_train_q90,binary,short_temporal_conv_residual,label_permutation_residual,20260631,1,0.29366207867860794,0.10100804637281731,-1.7058903022768024e-05,inner_val_pr_auc_delta_vs_frozen_ar,0.0037322912830859423,0.023067815229296684,0.053136058151721954,permuted_train_and_permuted_inner_val_selection
future_arousal_max_delta_rows_4_10_train_q90,binary,short_temporal_conv_residual,label_permutation_residual,20260631,2,0.29326404072344303,0.10101547506710754,-9.630208732541723e-06,inner_val_pr_auc_delta_vs_frozen_ar,0.0037249713204801083,0.023897256702184677,0.062372054904699326,permuted_train_and_permuted_inner_val_selection
future_arousal_max_delta_rows_4_10_train_q90,binary,short_temporal_conv_residual,label_permutation_residual,20260631,3,0.2937687337398529,0.10102143112222661,-3.674153613464348e-06,inner_val_pr_auc_delta_vs_frozen_ar,0.003820118261501193,0.02570291981101036,0.07881403714418411,permuted_train_and_permuted_inner_val_selection
future_arousal_max_delta_rows_4_10_train_q90,binary,short_temporal_conv_residual,label_permutation_residual,20260631,4,0.29320067539811134,0.10098872052933433,-3.6384746505746524e-05,inner_val_pr_auc_delta_vs_frozen_ar,0.003921342547982931,0.04088974744081497,0.17030686140060425,permuted_train_and_permuted_inner_val_selection
future_arousal_max_delta_rows_4_10_train_q90,binary,short_temporal_conv_residual,label_permutation_residual,20260631,5,0.29290701262652874,0.10090802709032595,-0.00011707818551412452,inner_val_pr_auc_delta_vs_frozen_ar,0.004026063717901707,0.05783627927303314,0.3058464527130127,permuted_train_and_permuted_inner_val_selection
future_arousal_max_delta_rows_4_10_train_q90,binary,short_temporal_conv_residual,label_permutation_residual,20260631,6,0.2928677201271057,0.10075831281245665,-0.00026679246338343066,inner_val_pr_auc_delta_vs_frozen_ar,0.004125599749386311,0.06516916304826736,0.38239383697509766,permuted_train_and_permuted_inner_val_selection
future_arousal_max_delta_rows_4_10_train_q90,binary,short_temporal_conv_residual,label_permutation_residual,20260631,7,0.2927747629582882,0.10069125765430037,-0.0003338476215397068,inner_val_pr_auc_delta_vs_frozen_ar,0.0041705286130309105,0.06360416114330292,0.36062130331993103,permuted_train_and_permuted_inner_val_selection
future_arousal_max_delta_rows_4_10_train_q90,binary,short_temporal_conv_residual,label_permutation_residual,20260631,8,0.29270987771451473,0.1006643557802744,-0.00036074949556567926,inner_val_pr_auc_delta_vs_frozen_ar,0.004222151357680559,0.06528756022453308,0.36673933267593384,permuted_train_and_permuted_inner_val_selection
future_arousal_max_delta_rows_4_10_train_q90,binary,short_temporal_conv_residual,train_only_video_mean_residual,20260631,1,0.24807266239076853,0.22586129128291796,0.00016613574358323446,inner_val_pr_auc_delta_vs_frozen_ar,0.0038100832607597113,0.06543177366256714,0.3255699872970581,true_train_and_true_inner_val_selection
future_arousal_max_delta_rows_4_10_train_q90,binary,short_temporal_conv_residual,train_only_video_mean_residual,20260631,2,0.2473854599520564,0.22624085298102714,0.0005456974416924165,inner_val_pr_auc_delta_vs_frozen_ar,0.003915861248970032,0.14187301695346832,0.9918196797370911,true_train_and_true_inner_val_selection
future_arousal_max_delta_rows_4_10_train_q90,binary,short_temporal_conv_residual,train_only_video_mean_residual,20260631,3,0.24677058029919863,0.22608901814611118,0.00039386260677645724,inner_val_pr_auc_delta_vs_frozen_ar,0.0040339520201087,0.16057412326335907,0.9932504296302795,true_train_and_true_inner_val_selection
future_arousal_max_delta_rows_4_10_train_q90,binary,short_temporal_conv_residual,train_only_video_mean_residual,20260631,4,0.24571939185261726,0.22624517110173706,0.000550015562402334,inner_val_pr_auc_delta_vs_frozen_ar,0.004128504078835249,0.18055999279022217,0.9876834154129028,true_train_and_true_inner_val_selection
future_arousal_max_delta_rows_4_10_train_q90,binary,short_temporal_conv_residual,train_only_video_mean_residual,20260631,5,0.24461075104773045,0.2295768701358512,0.0038817145965164834,inner_val_pr_auc_delta_vs_frozen_ar,0.004182895179837942,0.20288041234016418,0.9909239411354065,true_train_and_true_inner_val_selection
future_arousal_max_delta_rows_4_10_train_q90,binary,short_temporal_conv_residual,train_only_video_mean_residual,20260631,6,0.24304456636309624,0.23122365322175348,0.005528497682418754,inner_val_pr_auc_delta_vs_frozen_ar,0.0042612627148628235,0.22635598480701447,0.997212827205658,true_train_and_true_inner_val_selection
future_arousal_max_delta_rows_4_10_train_q90,binary,short_temporal_conv_residual,train_only_video_mean_residual,20260631,7,0.24206981994211674,0.23207393071209062,0.006378775172755896,inner_val_pr_auc_delta_vs_frozen_ar,0.004328855313360691,0.24086901545524597,0.9985098242759705,true_train_and_true_inner_val_selection
future_arousal_max_delta_rows_4_10_train_q90,binary,short_temporal_conv_residual,train_only_video_mean_residual,20260631,8,0.24120062869042158,0.23279754359142424,0.007102388052089514,inner_val_pr_auc_delta_vs_frozen_ar,0.004397632088512182,0.25388026237487793,0.9993082880973816,true_train_and_true_inner_val_selection
future_arousal_max_delta_rows_4_10_train_q90,binary,short_temporal_conv_residual,train_only_video_mean_residual,20260631,9,0.23991548735648394,0.23223967150015884,0.0065445159608241155,inner_val_pr_auc_delta_vs_frozen_ar,0.004463687539100647,0.26446273922920227,0.999573826789856,true_train_and_true_inner_val_selection
future_arousal_max_delta_rows_4_10_train_q90,binary,short_temporal_conv_residual,train_only_video_mean_residual,20260631,10,0.2388602215796709,0.22946893383398537,0.0037737782946506426,inner_val_pr_auc_delta_vs_frozen_ar,0.004528224002569914,0.27447378635406494,0.9997285604476929,true_train_and_true_inner_val_selection
future_arousal_max_delta_rows_4_10_train_q90,binary,short_temporal_conv_residual,train_only_video_mean_residual,20260631,11,0.23799378518015146,0.2302046993741012,0.004509543834766483,inner_val_pr_auc_delta_vs_frozen_ar,0.004585240501910448,0.2806161642074585,0.9997745752334595,true_train_and_true_inner_val_selection
future_arousal_max_delta_rows_4_10_train_q90,binary,short_temporal_conv_residual,train_only_video_mean_residual,20260631,12,0.23704837076365948,0.2309837473628734,0.005288591823538663,inner_val_pr_auc_delta_vs_frozen_ar,0.004637161735445261,0.2877046763896942,0.9998515844345093,true_train_and_true_inner_val_selection
future_arousal_max_delta_rows_4_10_train_q90,binary,short_temporal_conv_residual,train_only_video_mean_residual,20260631,13,0.23656903766095638,0.2349414681185663,0.009246312579231586,inner_val_pr_auc_delta_vs_frozen_ar,0.004695442505180836,0.2916091978549957,0.9998695850372314,true_train_and_true_inner_val_selection
future_arousal_max_delta_rows_4_10_train_q90,binary,short_temporal_conv_residual,train_only_video_mean_residual,20260631,14,0.2360288156196475,0.23437755649163877,0.008682400952304048,inner_val_pr_auc_delta_vs_frozen_ar,0.004750482738018036,0.2957661747932434,0.9999085664749146,true_train_and_true_inner_val_selection
future_arousal_max_delta_rows_4_10_train_q90,binary,short_temporal_conv_residual,train_only_video_mean_residual,20260631,15,0.23499698378145695,0.23485961541770853,0.009164459878373804,inner_val_pr_auc_delta_vs_frozen_ar,0.004807288758456707,0.29945075511932373,0.9999220371246338,true_train_and_true_inner_val_selection
future_arousal_max_delta_rows_4_10_train_q90,binary,short_temporal_conv_residual,train_only_video_mean_residual,20260631,16,0.23439817782491446,0.23481436599547273,0.009119210456138005,inner_val_pr_auc_delta_vs_frozen_ar,0.004856694024056196,0.3018542230129242,0.9999294877052307,true_train_and_true_inner_val_selection
future_arousal_max_delta_rows_4_10_train_q90,binary,short_temporal_conv_residual,train_only_video_mean_residual,20260631,17,0.23380299750715494,0.23488535719451367,0.009190201655178948,inner_val_pr_auc_delta_vs_frozen_ar,0.00490746321156621,0.30456769466400146,0.999936044216156,true_train_and_true_inner_val_selection
future_arousal_max_delta_rows_4_10_train_q90,binary,short_temporal_conv_residual,train_only_video_mean_residual,20260631,18,0.23363010864704847,0.23294820257206308,0.00725304703272836,inner_val_pr_auc_delta_vs_frozen_ar,0.0049538216553628445,0.30591538548469543,0.9999455809593201,true_train_and_true_inner_val_selection
future_arousal_max_delta_rows_4_10_train_q90,binary,short_temporal_conv_residual,train_only_video_mean_residual,20260631,19,0.2333283955231309,0.23353630667230282,0.0078411511329681,inner_val_pr_auc_delta_vs_frozen_ar,0.004993540700525045,0.3086417019367218,0.9999513030052185,true_train_and_true_inner_val_selection
future_arousal_max_delta_rows_4_10_train_q90,binary,short_temporal_conv_residual,train_only_video_mean_residual,20260631,20,0.23282076884061098,0.23334216094602778,0.007647005406693053,inner_val_pr_auc_delta_vs_frozen_ar,0.005032403394579887,0.3097594678401947,0.9999531507492065,true_train_and_true_inner_val_selection
future_arousal_max_delta_rows_4_10_train_q90,binary,short_temporal_conv_residual,train_only_video_mean_residual,20260631,21,0.23255220614373684,0.2322652233230861,0.006570067783751382,inner_val_pr_auc_delta_vs_frozen_ar,0.0050700148567557335,0.3123760223388672,0.9999570250511169,true_train_and_true_inner_val_selection
future_arousal_max_delta_rows_4_10_train_q90,binary,short_temporal_conv_residual,diagnostics_only_residual,20260631,1,0.24759582802653313,0.22557943048492796,-0.00011572505440676784,inner_val_pr_auc_delta_vs_frozen_ar,0.0038211436476558447,0.017014319077134132,0.03552081063389778,true_train_and_true_inner_val_selection
future_arousal_max_delta_rows_4_10_train_q90,binary,short_temporal_conv_residual,diagnostics_only_residual,20260631,2,0.2473686682060361,0.2256363913697123,-5.876416962241615e-05,inner_val_pr_auc_delta_vs_frozen_ar,0.003923817537724972,0.04406490921974182,0.17689575254917145,true_train_and_true_inner_val_selection
future_arousal_max_delta_rows_4_10_train_q90,binary,short_temporal_conv_residual,diagnostics_only_residual,20260631,3,0.24815864209085703,0.22566475552494925,-3.040001438547879e-05,inner_val_pr_auc_delta_vs_frozen_ar,0.003947889432311058,0.025097861886024475,0.08284717053174973,true_train_and_true_inner_val_selection
future_arousal_max_delta_rows_4_10_train_q90,binary,short_temporal_conv_residual,diagnostics_only_residual,20260631,4,0.24748324882239103,0.22562833395425522,-6.68215850795073e-05,inner_val_pr_auc_delta_vs_frozen_ar,0.003939734771847725,0.04055923968553543,0.16132839024066925,true_train_and_true_inner_val_selection
future_arousal_max_delta_rows_4_10_train_q90,binary,short_temporal_conv_residual,diagnostics_only_residual,20260631,5,0.24744899850338697,0.22558836013160935,-0.0001067954077253741,inner_val_pr_auc_delta_vs_frozen_ar,0.003954870160669088,0.06342749297618866,0.2860996723175049,true_train_and_true_inner_val_selection
future_arousal_max_delta_rows_4_10_train_q90,binary,short_temporal_conv_residual,diagnostics_only_residual,20260631,6,0.24730363860726357,0.22567018309585152,-2.4972443483206597e-05,inner_val_pr_auc_delta_vs_frozen_ar,0.0039632669650018215,0.10652806609869003,0.5276099443435669,true_train_and_true_inner_val_selection
future_arousal_max_delta_rows_4_10_train_q90,binary,short_temporal_conv_residual,diagnostics_only_residual,20260631,7,0.24733511451631784,0.22559153449678065,-0.00010362104255406956,inner_val_pr_auc_delta_vs_frozen_ar,0.003980419132858515,0.16337881982326508,0.7816145420074463,true_train_and_true_inner_val_selection
future_arousal_max_delta_rows_4_10_train_q90,binary,short_temporal_conv_residual,diagnostics_only_residual,20260631,8,0.24690435454249382,0.2247515700777305,-0.0009435854616042239,inner_val_pr_auc_delta_vs_frozen_ar,0.003998545464128256,0.28135016560554504,0.9901872277259827,true_train_and_true_inner_val_selection
future_arousal_max_delta_rows_4_10_train_q90,binary,short_temporal_conv_residual,real_residual,20260632,1,0.24899255391210318,0.2245882116351956,-1.551838817792639e-05,inner_val_pr_auc_delta_vs_frozen_ar,0.0037884812336415052,0.01962847262620926,0.05053344741463661,true_train_and_true_inner_val_selection
future_arousal_max_delta_rows_4_10_train_q90,binary,short_temporal_conv_residual,real_residual,20260632,2,0.24886261112987995,0.2251563462553596,0.000552616231986075,inner_val_pr_auc_delta_vs_frozen_ar,0.003890805644914508,0.06969932466745377,0.4242037832736969,true_train_and_true_inner_val_selection
future_arousal_max_delta_rows_4_10_train_q90,binary,short_temporal_conv_residual,real_residual,20260632,3,0.24862440954893827,0.22828215173653144,0.003678421713157909,inner_val_pr_auc_delta_vs_frozen_ar,0.00400798674672842,0.090500108897686,0.625659704208374,true_train_and_true_inner_val_selection
future_arousal_max_delta_rows_4_10_train_q90,binary,short_temporal_conv_residual,real_residual,20260632,4,0.2467658193781972,0.2343936125104241,0.009789882487050566,inner_val_pr_auc_delta_vs_frozen_ar,0.0041307080537080765,0.09962601959705353,0.7113326191902161,true_train_and_true_inner_val_selection
future_arousal_max_delta_rows_4_10_train_q90,binary,short_temporal_conv_residual,real_residual,20260632,5,0.24442817457020283,0.24129059659554014,0.016686866572166614,inner_val_pr_auc_delta_vs_frozen_ar,0.0042473329231143,0.11090019345283508,0.7994747757911682,true_train_and_true_inner_val_selection
future_arousal_max_delta_rows_4_10_train_q90,binary,short_temporal_conv_residual,real_residual,20260632,6,0.24294263869524002,0.24079356224181367,0.016189832218440142,inner_val_pr_auc_delta_vs_frozen_ar,0.004314064979553223,0.11128988862037659,0.7998288869857788,true_train_and_true_inner_val_selection
future_arousal_max_delta_rows_4_10_train_q90,binary,short_temporal_conv_residual,real_residual,20260632,7,0.24143431149423122,0.2409955244855984,0.016391794462224885,inner_val_pr_auc_delta_vs_frozen_ar,0.004363843239843845,0.12005967646837234,0.8521044254302979,true_train_and_true_inner_val_selection
future_arousal_max_delta_rows_4_10_train_q90,binary,short_temporal_conv_residual,real_residual,20260632,8,0.24019715748727322,0.23937458052232682,0.014770850498953297,inner_val_pr_auc_delta_vs_frozen_ar,0.004420432262122631,0.12237989157438278,0.8654199242591858,true_train_and_true_inner_val_selection
future_arousal_max_delta_rows_4_10_train_q90,binary,short_temporal_conv_residual,real_residual,20260632,9,0.2392195975407958,0.2384186032742815,0.013814873250907966,inner_val_pr_auc_delta_vs_frozen_ar,0.004490719176828861,0.13062892854213715,0.8975348472595215,true_train_and_true_inner_val_selection
future_arousal_max_delta_rows_4_10_train_q90,binary,short_temporal_conv_residual,real_residual,20260632,10,0.23788780067116022,0.23782237490656888,0.013218644883195352,inner_val_pr_auc_delta_vs_frozen_ar,0.0045636738650500774,0.1352742463350296,0.9157975316047668,true_train_and_true_inner_val_selection
future_arousal_max_delta_rows_4_10_train_q90,binary,short_temporal_conv_residual,real_residual,20260632,11,0.23602454829961061,0.23598042249932671,0.011376692475953187,inner_val_pr_auc_delta_vs_frozen_ar,0.004637854173779488,0.1398908942937851,0.9291883111000061,true_train_and_true_inner_val_selection
future_arousal_max_delta_rows_4_10_train_q90,binary,short_temporal_conv_residual,real_residual,20260632,12,0.2344741066917777,0.23392610099645095,0.00932237097307742,inner_val_pr_auc_delta_vs_frozen_ar,0.004711131099611521,0.14266574382781982,0.9400375485420227,true_train_and_true_inner_val_selection
future_arousal_max_delta_rows_4_10_train_q90,binary,short_temporal_conv_residual,real_residual,20260632,13,0.2330373041331768,0.23123021116967898,0.006626481146305457,inner_val_pr_auc_delta_vs_frozen_ar,0.004782547242939472,0.14515286684036255,0.949005663394928,true_train_and_true_inner_val_selection
future_arousal_max_delta_rows_4_10_train_q90,binary,short_temporal_conv_residual,shuffled_pca_residual,20260632,1,0.2489437833428383,0.22458230715748576,-2.1422865887771314e-05,inner_val_pr_auc_delta_vs_frozen_ar,0.003748292336240411,0.02208831161260605,0.054227981716394424,true_train_and_true_inner_val_selection
future_arousal_max_delta_rows_4_10_train_q90,binary,short_temporal_conv_residual,shuffled_pca_residual,20260632,2,0.24884935002774,0.22454493322503477,-5.879679833875606e-05,inner_val_pr_auc_delta_vs_frozen_ar,0.0038262971211224794,0.053510524332523346,0.24854454398155212,true_train_and_true_inner_val_selection
future_arousal_max_delta_rows_4_10_train_q90,binary,short_temporal_conv_residual,shuffled_pca_residual,20260632,3,0.24900204967707396,0.22423924548251412,-0.00036448454085941107,inner_val_pr_auc_delta_vs_frozen_ar,0.003937254659831524,0.13822054862976074,0.7443565130233765,true_train_and_true_inner_val_selection
future_arousal_max_delta_rows_4_10_train_q90,binary,short_temporal_conv_residual,shuffled_pca_residual,20260632,4,0.2489301711320877,0.22418170512642022,-0.00042202489695331025,inner_val_pr_auc_delta_vs_frozen_ar,0.004052689764648676,0.1733042448759079,0.8763141632080078,true_train_and_true_inner_val_selection
future_arousal_max_delta_rows_4_10_train_q90,binary,short_temporal_conv_residual,shuffled_pca_residual,20260632,5,0.24864953849464655,0.2237458919900696,-0.0008578380333039148,inner_val_pr_auc_delta_vs_frozen_ar,0.004169341176748276,0.16105753183364868,0.8372653126716614,true_train_and_true_inner_val_selection
future_arousal_max_delta_rows_4_10_train_q90,binary,short_temporal_conv_residual,shuffled_pca_residual,20260632,6,0.24823169223964214,0.2226967945300148,-0.0019069354933587135,inner_val_pr_auc_delta_vs_frozen_ar,0.004285146947950125,0.15605740249156952,0.8176419138908386,true_train_and_true_inner_val_selection
future_arousal_max_delta_rows_4_10_train_q90,binary,short_temporal_conv_residual,shuffled_pca_residual,20260632,7,0.24741816613823175,0.22090685046125635,-0.0036968795621171724,inner_val_pr_auc_delta_vs_frozen_ar,0.0044012246653437614,0.15697358548641205,0.822311282157898,true_train_and_true_inner_val_selection
future_arousal_max_delta_rows_4_10_train_q90,binary,short_temporal_conv_residual,shuffled_pca_residual,20260632,8,0.24664948415011168,0.21787269258303016,-0.006731037440343368,inner_val_pr_auc_delta_vs_frozen_ar,0.004511917941272259,0.15263377130031586,0.8041860461235046,true_train_and_true_inner_val_selection
future_arousal_max_delta_rows_4_10_train_q90,binary,short_temporal_conv_residual,random_pca_residual,20260632,1,0.24891261477023363,0.22458025938159823,-2.347064177529723e-05,inner_val_pr_auc_delta_vs_frozen_ar,0.0037474441342055798,0.021830204874277115,0.05153251811861992,true_train_and_true_inner_val_selection
future_arousal_max_delta_rows_4_10_train_q90,binary,short_temporal_conv_residual,random_pca_residual,20260632,2,0.249194229952991,0.22455935806791785,-4.4371955455674295e-05,inner_val_pr_auc_delta_vs_frozen_ar,0.0038225597236305475,0.050673361867666245,0.22928638756275177,true_train_and_true_inner_val_selection
future_arousal_max_delta_rows_4_10_train_q90,binary,short_temporal_conv_residual,random_pca_residual,20260632,3,0.24922937992960215,0.2243319034844161,-0.000271826538957437,inner_val_pr_auc_delta_vs_frozen_ar,0.003931599203497171,0.13579855859279633,0.7255507707595825,true_train_and_true_inner_val_selection
future_arousal_max_delta_rows_4_10_train_q90,binary,short_temporal_conv_residual,random_pca_residual,20260632,4,0.24879958480596542,0.2243854034817466,-0.00021832654162692866,inner_val_pr_auc_delta_vs_frozen_ar,0.004037100356072187,0.1608685553073883,0.8318206071853638,true_train_and_true_inner_val_selection
future_arousal_max_delta_rows_4_10_train_q90,binary,short_temporal_conv_residual,random_pca_residual,20260632,5,0.2489077802747488,0.22436688942559696,-0.0002368405977765664,inner_val_pr_auc_delta_vs_frozen_ar,0.004151028115302324,0.1555464267730713,0.8127685189247131,true_train_and_true_inner_val_selection
future_arousal_max_delta_rows_4_10_train_q90,binary,short_temporal_conv_residual,random_pca_residual,20260632,6,0.24816184025257826,0.22407588572107442,-0.000527844302299102,inner_val_pr_auc_delta_vs_frozen_ar,0.004266334697604179,0.14667312800884247,0.779451310634613,true_train_and_true_inner_val_selection
future_arousal_max_delta_rows_4_10_train_q90,binary,short_temporal_conv_residual,random_pca_residual,20260632,7,0.24748558271676302,0.22345632982888153,-0.0011474001944919987,inner_val_pr_auc_delta_vs_frozen_ar,0.004380369558930397,0.1474485546350479,0.7837246060371399,true_train_and_true_inner_val_selection
future_arousal_max_delta_rows_4_10_train_q90,binary,short_temporal_conv_residual,random_pca_residual,20260632,8,0.2462766943499446,0.22150536282853292,-0.0030983671948406066,inner_val_pr_auc_delta_vs_frozen_ar,0.004490237217396498,0.14846102893352509,0.7863417863845825,true_train_and_true_inner_val_selection
future_arousal_max_delta_rows_4_10_train_q90,binary,short_temporal_conv_residual,label_permutation_residual,20260632,1,0.2901350799947977,0.1010765197373532,3.4006532213803897e-07,inner_val_pr_auc_delta_vs_frozen_ar,0.0037316239904612303,0.019592024385929108,0.04132181406021118,permuted_train_and_permuted_inner_val_selection
future_arousal_max_delta_rows_4_10_train_q90,binary,short_temporal_conv_residual,label_permutation_residual,20260632,2,0.29050933569669724,0.10107798374562535,1.8040735942914665e-06,inner_val_pr_auc_delta_vs_frozen_ar,0.003728978568688035,0.02002951130270958,0.04875243455171585,permuted_train_and_permuted_inner_val_selection
future_arousal_max_delta_rows_4_10_train_q90,binary,short_temporal_conv_residual,label_permutation_residual,20260632,3,0.290777575224638,0.10113323363087384,5.70539588427843e-05,inner_val_pr_auc_delta_vs_frozen_ar,0.0038238989654928446,0.0478857047855854,0.22391797602176666,permuted_train_and_permuted_inner_val_selection
future_arousal_max_delta_rows_4_10_train_q90,binary,short_temporal_conv_residual,label_permutation_residual,20260632,4,0.28995322436094284,0.10127684627440392,0.00020066660237286205,inner_val_pr_auc_delta_vs_frozen_ar,0.003926953766494989,0.08324488997459412,0.49285751581192017,permuted_train_and_permuted_inner_val_selection
future_arousal_max_delta_rows_4_10_train_q90,binary,short_temporal_conv_residual,label_permutation_residual,20260632,5,0.2896109465509653,0.10148526173484106,0.00040908206280999837,inner_val_pr_auc_delta_vs_frozen_ar,0.0040388694033026695,0.0888233482837677,0.5508731603622437,permuted_train_and_permuted_inner_val_selection
future_arousal_max_delta_rows_4_10_train_q90,binary,short_temporal_conv_residual,label_permutation_residual,20260632,6,0.2897898815572262,0.10165355117347047,0.000577371501439411,inner_val_pr_auc_delta_vs_frozen_ar,0.0041392226703464985,0.08227483928203583,0.5103381276130676,permuted_train_and_permuted_inner_val_selection
future_arousal_max_delta_rows_4_10_train_q90,binary,short_temporal_conv_residual,label_permutation_residual,20260632,7,0.28945499658584595,0.10166049987882081,0.0005843202067897513,inner_val_pr_auc_delta_vs_frozen_ar,0.004203115124255419,0.07727393507957458,0.4828549921512604,permuted_train_and_permuted_inner_val_selection
future_arousal_max_delta_rows_4_10_train_q90,binary,short_temporal_conv_residual,label_permutation_residual,20260632,8,0.289166746661067,0.10169377250377307,0.0006175928317420087,inner_val_pr_auc_delta_vs_frozen_ar,0.004251324571669102,0.07531382143497467,0.46179649233818054,permuted_train_and_permuted_inner_val_selection
future_arousal_max_delta_rows_4_10_train_q90,binary,short_temporal_conv_residual,label_permutation_residual,20260632,9,0.2891790587455034,0.1016824051149683,0.0006062254429372443,inner_val_pr_auc_delta_vs_frozen_ar,0.004304985515773296,0.07665236294269562,0.4803009331226349,permuted_train_and_permuted_inner_val_selection
future_arousal_max_delta_rows_4_10_train_q90,binary,short_temporal_conv_residual,label_permutation_residual,20260632,10,0.28869301453232765,0.1016326357853324,0.0005564561133013374,inner_val_pr_auc_delta_vs_frozen_ar,0.004352957010269165,0.07746785879135132,0.488958477973938,permuted_train_and_permuted_inner_val_selection
future_arousal_max_delta_rows_4_10_train_q90,binary,short_temporal_conv_residual,label_permutation_residual,20260632,11,0.28869472444057465,0.10165596716185309,0.0005797874898220284,inner_val_pr_auc_delta_vs_frozen_ar,0.004410230554640293,0.08040657639503479,0.5197702646255493,permuted_train_and_permuted_inner_val_selection
future_arousal_max_delta_rows_4_10_train_q90,binary,short_temporal_conv_residual,label_permutation_residual,20260632,12,0.2878521606326103,0.10166813456551904,0.0005919548934879837,inner_val_pr_auc_delta_vs_frozen_ar,0.0044767167419195175,0.08043766766786575,0.5234402418136597,permuted_train_and_permuted_inner_val_selection
future_arousal_max_delta_rows_4_10_train_q90,binary,short_temporal_conv_residual,label_permutation_residual,20260632,13,0.28826509788632393,0.10171583313175009,0.0006396534597190306,inner_val_pr_auc_delta_vs_frozen_ar,0.0045421612448990345,0.08193641901016235,0.5362529158592224,permuted_train_and_permuted_inner_val_selection
future_arousal_max_delta_rows_4_10_train_q90,binary,short_temporal_conv_residual,label_permutation_residual,20260632,14,0.28715237230062485,0.10174457707484358,0.0006683974028125206,inner_val_pr_auc_delta_vs_frozen_ar,0.004616701044142246,0.08366886526346207,0.561127245426178,permuted_train_and_permuted_inner_val_selection
future_arousal_max_delta_rows_4_10_train_q90,binary,short_temporal_conv_residual,label_permutation_residual,20260632,15,0.2875478230416775,0.1017363149654506,0.0006601352934195448,inner_val_pr_auc_delta_vs_frozen_ar,0.004687219858169556,0.08648665994405746,0.5899510383605957,permuted_train_and_permuted_inner_val_selection
future_arousal_max_delta_rows_4_10_train_q90,binary,short_temporal_conv_residual,label_permutation_residual,20260632,16,0.2867403142154217,0.10176932683225096,0.000693147160219898,inner_val_pr_auc_delta_vs_frozen_ar,0.004763004370033741,0.08794461935758591,0.6070607304573059,permuted_train_and_permuted_inner_val_selection
future_arousal_max_delta_rows_4_10_train_q90,binary,short_temporal_conv_residual,label_permutation_residual,20260632,17,0.2860243655741215,0.101782096829372,0.0007059171573409462,inner_val_pr_auc_delta_vs_frozen_ar,0.00484433863312006,0.09010438621044159,0.6280598044395447,permuted_train_and_permuted_inner_val_selection
future_arousal_max_delta_rows_4_10_train_q90,binary,short_temporal_conv_residual,label_permutation_residual,20260632,18,0.28603743202984333,0.10179140348296191,0.0007152238109308512,inner_val_pr_auc_delta_vs_frozen_ar,0.004922893363982439,0.0919327661395073,0.6510367393493652,permuted_train_and_permuted_inner_val_selection
future_arousal_max_delta_rows_4_10_train_q90,binary,short_temporal_conv_residual,label_permutation_residual,20260632,19,0.28481208346784115,0.1017886065697666,0.0007124268977355408,inner_val_pr_auc_delta_vs_frozen_ar,0.005002783611416817,0.09368274360895157,0.6753214001655579,permuted_train_and_permuted_inner_val_selection
future_arousal_max_delta_rows_4_10_train_q90,binary,short_temporal_conv_residual,label_permutation_residual,20260632,20,0.28454672917723656,0.10183033790724201,0.0007541582352109527,inner_val_pr_auc_delta_vs_frozen_ar,0.00508359307423234,0.09721264243125916,0.702563464641571,permuted_train_and_permuted_inner_val_selection
future_arousal_max_delta_rows_4_10_train_q90,binary,short_temporal_conv_residual,label_permutation_residual,20260632,21,0.2836493607610464,0.10185496380471931,0.0007787841326882539,inner_val_pr_auc_delta_vs_frozen_ar,0.0051659224554896355,0.09717460721731186,0.7025179266929626,permuted_train_and_permuted_inner_val_selection
future_arousal_max_delta_rows_4_10_train_q90,binary,short_temporal_conv_residual,label_permutation_residual,20260632,22,0.2834183182567358,0.10197895842034957,0.0009027787483185112,inner_val_pr_auc_delta_vs_frozen_ar,0.0052467468194663525,0.09900172799825668,0.7222151756286621,permuted_train_and_permuted_inner_val_selection
future_arousal_max_delta_rows_4_10_train_q90,binary,short_temporal_conv_residual,label_permutation_residual,20260632,23,0.2831541132181883,0.10195980736357,0.0008836276915389352,inner_val_pr_auc_delta_vs_frozen_ar,0.005326759070158005,0.10075785964727402,0.7376824617385864,permuted_train_and_permuted_inner_val_selection
future_arousal_max_delta_rows_4_10_train_q90,binary,short_temporal_conv_residual,label_permutation_residual,20260632,24,0.2821521833539009,0.10193531050000458,0.0008591308279735227,inner_val_pr_auc_delta_vs_frozen_ar,0.0054090917110443115,0.10203953832387924,0.7530848979949951,permuted_train_and_permuted_inner_val_selection
future_arousal_max_delta_rows_4_10_train_q90,binary,short_temporal_conv_residual,label_permutation_residual,20260632,25,0.2812285106629133,0.1020983198236283,0.0010221401515972395,inner_val_pr_auc_delta_vs_frozen_ar,0.005491101182997227,0.10480740666389465,0.775315523147583,permuted_train_and_permuted_inner_val_selection
future_arousal_max_delta_rows_4_10_train_q90,binary,short_temporal_conv_residual,label_permutation_residual,20260632,26,0.280400512740016,0.10206494698793217,0.0009887673159011123,inner_val_pr_auc_delta_vs_frozen_ar,0.005571435671299696,0.10580339282751083,0.7838746905326843,permuted_train_and_permuted_inner_val_selection
future_arousal_max_delta_rows_4_10_train_q90,binary,short_temporal_conv_residual,label_permutation_residual,20260632,27,0.2798822708427906,0.10213317517407859,0.0010569955020475336,inner_val_pr_auc_delta_vs_frozen_ar,0.00565324816852808,0.10772684961557388,0.7991471290588379,permuted_train_and_permuted_inner_val_selection
future_arousal_max_delta_rows_4_10_train_q90,binary,short_temporal_conv_residual,label_permutation_residual,20260632,28,0.27851758897304535,0.10219716722351732,0.0011209875514862633,inner_val_pr_auc_delta_vs_frozen_ar,0.005734187085181475,0.10851574689149857,0.809431254863739,permuted_train_and_permuted_inner_val_selection
future_arousal_max_delta_rows_4_10_train_q90,binary,short_temporal_conv_residual,label_permutation_residual,20260632,29,0.27786165848374367,0.10222731189465398,0.0011511322226229193,inner_val_pr_auc_delta_vs_frozen_ar,0.005813559051603079,0.11069105565547943,0.8253760933876038,permuted_train_and_permuted_inner_val_selection
future_arousal_max_delta_rows_4_10_train_q90,binary,short_temporal_conv_residual,label_permutation_residual,20260632,30,0.2773600108921528,0.1023748797111451,0.0012987000391140452,inner_val_pr_auc_delta_vs_frozen_ar,0.005894515197724104,0.11203300952911377,0.8351110816001892,permuted_train_and_permuted_inner_val_selection
future_arousal_max_delta_rows_4_10_train_q90,binary,short_temporal_conv_residual,label_permutation_residual,20260632,31,0.27622266113758087,0.10249863417792249,0.0014224545058914295,inner_val_pr_auc_delta_vs_frozen_ar,0.0059729078784585,0.11363576352596283,0.8466516137123108,permuted_train_and_permuted_inner_val_selection
future_arousal_max_delta_rows_4_10_train_q90,binary,short_temporal_conv_residual,label_permutation_residual,20260632,32,0.2750478461384773,0.10242658701201471,0.0013504073399836503,inner_val_pr_auc_delta_vs_frozen_ar,0.006052854936569929,0.11538872122764587,0.8560370802879333,permuted_train_and_permuted_inner_val_selection
future_arousal_max_delta_rows_4_10_train_q90,binary,short_temporal_conv_residual,label_permutation_residual,20260632,33,0.27414466440677643,0.10245778566854494,0.0013816059965138794,inner_val_pr_auc_delta_vs_frozen_ar,0.006131272297352552,0.11602670699357986,0.8630193471908569,permuted_train_and_permuted_inner_val_selection
future_arousal_max_delta_rows_4_10_train_q90,binary,short_temporal_conv_residual,label_permutation_residual,20260632,34,0.2735941782593727,0.10261515572923838,0.0015389760572073197,inner_val_pr_auc_delta_vs_frozen_ar,0.0062076374888420105,0.11824624985456467,0.8751766681671143,permuted_train_and_permuted_inner_val_selection
future_arousal_max_delta_rows_4_10_train_q90,binary,short_temporal_conv_residual,label_permutation_residual,20260632,35,0.27195180021226406,0.10266700215478977,0.0015908224827587136,inner_val_pr_auc_delta_vs_frozen_ar,0.006281470879912376,0.11918103694915771,0.8813960552215576,permuted_train_and_permuted_inner_val_selection
future_arousal_max_delta_rows_4_10_train_q90,binary,short_temporal_conv_residual,label_permutation_residual,20260632,36,0.27156227454543114,0.10268064452796091,0.0016044648559298547,inner_val_pr_auc_delta_vs_frozen_ar,0.006356989033520222,0.12108445167541504,0.8922516703605652,permuted_train_and_permuted_inner_val_selection
future_arousal_max_delta_rows_4_10_train_q90,binary,short_temporal_conv_residual,label_permutation_residual,20260632,37,0.27070737071335316,0.10278314029341167,0.0017069606213806071,inner_val_pr_auc_delta_vs_frozen_ar,0.006428105290979147,0.121837317943573,0.8987464904785156,permuted_train_and_permuted_inner_val_selection
future_arousal_max_delta_rows_4_10_train_q90,binary,short_temporal_conv_residual,label_permutation_residual,20260632,38,0.2697460390627384,0.10281298903148486,0.0017368093594538059,inner_val_pr_auc_delta_vs_frozen_ar,0.006502028089016676,0.12421812862157822,0.9080408811569214,permuted_train_and_permuted_inner_val_selection
future_arousal_max_delta_rows_4_10_train_q90,binary,short_temporal_conv_residual,label_permutation_residual,20260632,39,0.2688098894432187,0.10294454205734499,0.001868362385313932,inner_val_pr_auc_delta_vs_frozen_ar,0.006573237478733063,0.12446526437997818,0.9101288318634033,permuted_train_and_permuted_inner_val_selection
future_arousal_max_delta_rows_4_10_train_q90,binary,short_temporal_conv_residual,label_permutation_residual,20260632,40,0.2677572946995497,0.10294431072431007,0.0018681310522790096,inner_val_pr_auc_delta_vs_frozen_ar,0.006642570253461599,0.12588967382907867,0.9176800847053528,permuted_train_and_permuted_inner_val_selection
future_arousal_max_delta_rows_4_10_train_q90,binary,short_temporal_conv_residual,label_permutation_residual,20260632,41,0.26659627072513103,0.10298512388077272,0.0019089442087416586,inner_val_pr_auc_delta_vs_frozen_ar,0.0067136469297111034,0.12758590281009674,0.9243425726890564,permuted_train_and_permuted_inner_val_selection
future_arousal_max_delta_rows_4_10_train_q90,binary,short_temporal_conv_residual,label_permutation_residual,20260632,42,0.2654390428215265,0.1027647889655722,0.0016886092935411434,inner_val_pr_auc_delta_vs_frozen_ar,0.006783754099160433,0.12891270220279694,0.9294160008430481,permuted_train_and_permuted_inner_val_selection
future_arousal_max_delta_rows_4_10_train_q90,binary,short_temporal_conv_residual,label_permutation_residual,20260632,43,0.2650297312065959,0.1028586003986837,0.0017824207266526476,inner_val_pr_auc_delta_vs_frozen_ar,0.006851441226899624,0.1286216825246811,0.9309689998626709,permuted_train_and_permuted_inner_val_selection
future_arousal_max_delta_rows_4_10_train_q90,binary,short_temporal_conv_residual,label_permutation_residual,20260632,44,0.2633960787206888,0.10282291844800873,0.0017467387759776687,inner_val_pr_auc_delta_vs_frozen_ar,0.006919119041413069,0.1297006607055664,0.9361959099769592,permuted_train_and_permuted_inner_val_selection
future_arousal_max_delta_rows_4_10_train_q90,binary,short_temporal_conv_residual,label_permutation_residual,20260632,45,0.262867895886302,0.10265112686751057,0.0015749471954795147,inner_val_pr_auc_delta_vs_frozen_ar,0.006983909290283918,0.13131873309612274,0.9424434304237366,permuted_train_and_permuted_inner_val_selection
future_arousal_max_delta_rows_4_10_train_q90,binary,short_temporal_conv_residual,label_permutation_residual,20260632,46,0.2617150293663144,0.10275594485924905,0.0016797651872179908,inner_val_pr_auc_delta_vs_frozen_ar,0.007049898151308298,0.13117414712905884,0.942730724811554,permuted_train_and_permuted_inner_val_selection
future_arousal_max_delta_rows_4_10_train_q90,binary,short_temporal_conv_residual,label_permutation_residual,20260632,47,0.2604424459859729,0.1027828924224578,0.0017067127504267476,inner_val_pr_auc_delta_vs_frozen_ar,0.007116538006812334,0.13288551568984985,0.9482136368751526,permuted_train_and_permuted_inner_val_selection
future_arousal_max_delta_rows_4_10_train_q90,binary,short_temporal_conv_residual,label_permutation_residual,20260632,48,0.2602327447384596,0.10281693282449211,0.0017407531524610553,inner_val_pr_auc_delta_vs_frozen_ar,0.007180994376540184,0.13341949880123138,0.9502963423728943,permuted_train_and_permuted_inner_val_selection
future_arousal_max_delta_rows_4_10_train_q90,binary,short_temporal_conv_residual,label_permutation_residual,20260632,49,0.25894912611693144,0.10298221641031986,0.001906036738288805,inner_val_pr_auc_delta_vs_frozen_ar,0.007244357373565435,0.13404439389705658,0.9533636569976807,permuted_train_and_permuted_inner_val_selection
future_arousal_max_delta_rows_4_10_train_q90,binary,short_temporal_conv_residual,train_only_video_mean_residual,20260632,1,0.249028448946774,0.22476169368743787,0.00015796366406434226,inner_val_pr_auc_delta_vs_frozen_ar,0.0038165871519595385,0.07378195971250534,0.4598392844200134,true_train_and_true_inner_val_selection
future_arousal_max_delta_rows_4_10_train_q90,binary,short_temporal_conv_residual,train_only_video_mean_residual,20260632,2,0.248853818513453,0.22590919473623894,0.0013054647128654118,inner_val_pr_auc_delta_vs_frozen_ar,0.003924109041690826,0.16009798645973206,0.9945070147514343,true_train_and_true_inner_val_selection
future_arousal_max_delta_rows_4_10_train_q90,binary,short_temporal_conv_residual,train_only_video_mean_residual,20260632,3,0.24789341911673546,0.22547429866319424,0.0008705686398207124,inner_val_pr_auc_delta_vs_frozen_ar,0.004043402150273323,0.18254713714122772,0.993592381477356,true_train_and_true_inner_val_selection
future_arousal_max_delta_rows_4_10_train_q90,binary,short_temporal_conv_residual,train_only_video_mean_residual,20260632,4,0.2461875667795539,0.22553002103911304,0.0009262910157395166,inner_val_pr_auc_delta_vs_frozen_ar,0.004142207559198141,0.2238306850194931,0.9963948726654053,true_train_and_true_inner_val_selection
future_arousal_max_delta_rows_4_10_train_q90,binary,short_temporal_conv_residual,train_only_video_mean_residual,20260632,5,0.24450192134827375,0.22666702491204446,0.0020632948886709357,inner_val_pr_auc_delta_vs_frozen_ar,0.004227958619594574,0.26470836997032166,0.9976041913032532,true_train_and_true_inner_val_selection
future_arousal_max_delta_rows_4_10_train_q90,binary,short_temporal_conv_residual,train_only_video_mean_residual,20260632,6,0.24309634510427713,0.2254959432266323,0.0008922132032587737,inner_val_pr_auc_delta_vs_frozen_ar,0.004319222178310156,0.2927378714084625,0.9984337091445923,true_train_and_true_inner_val_selection
future_arousal_max_delta_rows_4_10_train_q90,binary,short_temporal_conv_residual,train_only_video_mean_residual,20260632,7,0.24152491427958012,0.22130009137508552,-0.0033036386482880042,inner_val_pr_auc_delta_vs_frozen_ar,0.004395921248942614,0.3114054799079895,0.9993512034416199,true_train_and_true_inner_val_selection
future_arousal_max_delta_rows_4_10_train_q90,binary,short_temporal_conv_residual,train_only_video_mean_residual,20260632,8,0.2402380984276533,0.21828698021799753,-0.0063167498053759985,inner_val_pr_auc_delta_vs_frozen_ar,0.004460419528186321,0.31653541326522827,0.9996644258499146,true_train_and_true_inner_val_selection
future_arousal_max_delta_rows_4_10_train_q90,binary,short_temporal_conv_residual,train_only_video_mean_residual,20260632,9,0.2396063944324851,0.2200083796962941,-0.004595350327079417,inner_val_pr_auc_delta_vs_frozen_ar,0.004515690729022026,0.3161550462245941,0.999786376953125,true_train_and_true_inner_val_selection
future_arousal_max_delta_rows_4_10_train_q90,binary,short_temporal_conv_residual,train_only_video_mean_residual,20260632,10,0.23829839192330837,0.22061546389835587,-0.003988266125017653,inner_val_pr_auc_delta_vs_frozen_ar,0.004573111888021231,0.31845614314079285,0.9998485445976257,true_train_and_true_inner_val_selection
future_arousal_max_delta_rows_4_10_train_q90,binary,short_temporal_conv_residual,train_only_video_mean_residual,20260632,11,0.23777873907238245,0.22038056890995064,-0.004223161113422885,inner_val_pr_auc_delta_vs_frozen_ar,0.00462246173992753,0.3186558783054352,0.9998605251312256,true_train_and_true_inner_val_selection
future_arousal_max_delta_rows_4_10_train_q90,binary,short_temporal_conv_residual,train_only_video_mean_residual,20260632,12,0.23722315207123756,0.2203824752639559,-0.00422125475941762,inner_val_pr_auc_delta_vs_frozen_ar,0.004672810900956392,0.31972333788871765,0.999890148639679,true_train_and_true_inner_val_selection
future_arousal_max_delta_rows_4_10_train_q90,binary,short_temporal_conv_residual,train_only_video_mean_residual,20260632,13,0.2368088737130165,0.22037050608952236,-0.004233223933851171,inner_val_pr_auc_delta_vs_frozen_ar,0.004714678972959518,0.32289692759513855,0.9999200105667114,true_train_and_true_inner_val_selection
future_arousal_max_delta_rows_4_10_train_q90,binary,short_temporal_conv_residual,diagnostics_only_residual,20260632,1,0.24910921324044466,0.22460693476319524,3.204739821710545e-06,inner_val_pr_auc_delta_vs_frozen_ar,0.003734882455319166,0.040340356528759,0.15333297848701477,true_train_and_true_inner_val_selection
future_arousal_max_delta_rows_4_10_train_q90,binary,short_temporal_conv_residual,diagnostics_only_residual,20260632,2,0.24864866770803928,0.22420495576925767,-0.0003987742541158579,inner_val_pr_auc_delta_vs_frozen_ar,0.003802952356636524,0.26901984214782715,0.9899429082870483,true_train_and_true_inner_val_selection
future_arousal_max_delta_rows_4_10_train_q90,binary,short_temporal_conv_residual,diagnostics_only_residual,20260632,3,0.24880442954599857,0.2235224898898166,-0.0010812401335569266,inner_val_pr_auc_delta_vs_frozen_ar,0.0038954673800617456,0.3059037923812866,0.9990593194961548,true_train_and_true_inner_val_selection
future_arousal_max_delta_rows_4_10_train_q90,binary,short_temporal_conv_residual,diagnostics_only_residual,20260632,4,0.24872137140482664,0.22341291681632663,-0.0011908132070468924,inner_val_pr_auc_delta_vs_frozen_ar,0.003938032779842615,0.29549935460090637,0.9986991286277771,true_train_and_true_inner_val_selection
future_arousal_max_delta_rows_4_10_train_q90,binary,short_temporal_conv_residual,diagnostics_only_residual,20260632,5,0.24852280784398317,0.2235981539315262,-0.0010055760918473156,inner_val_pr_auc_delta_vs_frozen_ar,0.003961543086916208,0.290792852640152,0.9983206391334534,true_train_and_true_inner_val_selection
future_arousal_max_delta_rows_4_10_train_q90,binary,short_temporal_conv_residual,diagnostics_only_residual,20260632,6,0.24875646457076073,0.22471207330157955,0.00010834327820602452,inner_val_pr_auc_delta_vs_frozen_ar,0.003982654307037592,0.2965201139450073,0.9990282654762268,true_train_and_true_inner_val_selection
future_arousal_max_delta_rows_4_10_train_q90,binary,short_temporal_conv_residual,diagnostics_only_residual,20260632,7,0.24869598541408777,0.2246931330522424,8.940302886886742e-05,inner_val_pr_auc_delta_vs_frozen_ar,0.004010620526969433,0.3219064772129059,0.9998818635940552,true_train_and_true_inner_val_selection
future_arousal_max_delta_rows_4_10_train_q90,binary,short_temporal_conv_residual,diagnostics_only_residual,20260632,8,0.24870132375508547,0.22563194747452991,0.001028217451156388,inner_val_pr_auc_delta_vs_frozen_ar,0.004043095279484987,0.35223883390426636,0.9999921321868896,true_train_and_true_inner_val_selection
future_arousal_max_delta_rows_4_10_train_q90,binary,short_temporal_conv_residual,diagnostics_only_residual,20260632,9,0.2479560263454914,0.22568256426055788,0.0010788342371843562,inner_val_pr_auc_delta_vs_frozen_ar,0.004091392271220684,0.36785686016082764,0.9999987483024597,true_train_and_true_inner_val_selection
future_arousal_max_delta_rows_4_10_train_q90,binary,short_temporal_conv_residual,diagnostics_only_residual,20260632,10,0.24837012588977814,0.2265631834399618,0.0019594534165882638,inner_val_pr_auc_delta_vs_frozen_ar,0.004141544457525015,0.3779754340648651,0.9999997019767761,true_train_and_true_inner_val_selection
future_arousal_max_delta_rows_4_10_train_q90,binary,short_temporal_conv_residual,diagnostics_only_residual,20260632,11,0.24843543209135532,0.22621488960368616,0.0016111595803126322,inner_val_pr_auc_delta_vs_frozen_ar,0.004191385116428137,0.3792070746421814,0.9999998211860657,true_train_and_true_inner_val_selection
future_arousal_max_delta_rows_4_10_train_q90,binary,short_temporal_conv_residual,diagnostics_only_residual,20260632,12,0.24783387593925,0.22711083895265982,0.0025071089292862947,inner_val_pr_auc_delta_vs_frozen_ar,0.004235974047333002,0.3779370188713074,0.9999998211860657,true_train_and_true_inner_val_selection
future_arousal_max_delta_rows_4_10_train_q90,binary,short_temporal_conv_residual,diagnostics_only_residual,20260632,13,0.24774368293583393,0.22637005242099667,0.0017663223976231435,inner_val_pr_auc_delta_vs_frozen_ar,0.004275963641703129,0.37378355860710144,0.9999996423721313,true_train_and_true_inner_val_selection
future_arousal_max_delta_rows_4_10_train_q90,binary,short_temporal_conv_residual,diagnostics_only_residual,20260632,14,0.2477802922949195,0.22656650335568188,0.0019627733323083485,inner_val_pr_auc_delta_vs_frozen_ar,0.004306486342102289,0.36887040734291077,0.9999994039535522,true_train_and_true_inner_val_selection
future_arousal_max_delta_rows_4_10_train_q90,binary,short_temporal_conv_residual,diagnostics_only_residual,20260632,15,0.2479997994378209,0.22684065840712161,0.002236928383748088,inner_val_pr_auc_delta_vs_frozen_ar,0.004334447905421257,0.36588114500045776,0.9999991059303284,true_train_and_true_inner_val_selection
future_arousal_max_delta_rows_4_10_train_q90,binary,short_temporal_conv_residual,diagnostics_only_residual,20260632,16,0.2477988749742508,0.2273559870911558,0.00275225706778226,inner_val_pr_auc_delta_vs_frozen_ar,0.004357423633337021,0.358615905046463,0.9999977946281433,true_train_and_true_inner_val_selection
future_arousal_max_delta_rows_4_10_train_q90,binary,short_temporal_conv_residual,diagnostics_only_residual,20260632,17,0.24787986651062965,0.22685164676082376,0.0022479167374502285,inner_val_pr_auc_delta_vs_frozen_ar,0.004386548418551683,0.3507881164550781,0.9999945163726807,true_train_and_true_inner_val_selection
future_arousal_max_delta_rows_4_10_train_q90,binary,short_temporal_conv_residual,diagnostics_only_residual,20260632,18,0.24775604717433453,0.2266454248484226,0.0020416948250490674,inner_val_pr_auc_delta_vs_frozen_ar,0.004415989853441715,0.33906564116477966,0.999981701374054,true_train_and_true_inner_val_selection
future_arousal_max_delta_rows_4_10_train_q90,binary,short_temporal_conv_residual,diagnostics_only_residual,20260632,19,0.24745656922459602,0.22790894634306882,0.0033052163196952977,inner_val_pr_auc_delta_vs_frozen_ar,0.00444841617718339,0.33709678053855896,0.9999766945838928,true_train_and_true_inner_val_selection
future_arousal_max_delta_rows_4_10_train_q90,binary,short_temporal_conv_residual,diagnostics_only_residual,20260632,20,0.24756144639104605,0.2276637077552728,0.0030599777318992827,inner_val_pr_auc_delta_vs_frozen_ar,0.004476799163967371,0.34662503004074097,0.9999906420707703,true_train_and_true_inner_val_selection
future_arousal_max_delta_rows_4_10_train_q90,binary,short_temporal_conv_residual,diagnostics_only_residual,20260632,21,0.24702404625713825,0.2274676136909599,0.0028638836675863866,inner_val_pr_auc_delta_vs_frozen_ar,0.004503671545535326,0.34626835584640503,0.9999895095825195,true_train_and_true_inner_val_selection
future_arousal_max_delta_rows_4_10_train_q90,binary,short_temporal_conv_residual,diagnostics_only_residual,20260632,22,0.24718222953379154,0.22790640142767835,0.003302671404304819,inner_val_pr_auc_delta_vs_frozen_ar,0.004523784853518009,0.3453703820705414,0.9999875426292419,true_train_and_true_inner_val_selection
future_arousal_max_delta_rows_4_10_train_q90,binary,short_temporal_conv_residual,diagnostics_only_residual,20260632,23,0.24776769895106554,0.22707711982399137,0.0024733898006178423,inner_val_pr_auc_delta_vs_frozen_ar,0.004546433687210083,0.34279659390449524,0.9999831914901733,true_train_and_true_inner_val_selection
future_arousal_max_delta_rows_4_10_train_q90,binary,short_temporal_conv_residual,diagnostics_only_residual,20260632,24,0.24745004903525114,0.2281349986063783,0.0035312685830047597,inner_val_pr_auc_delta_vs_frozen_ar,0.004572132136672735,0.34345558285713196,0.9999833703041077,true_train_and_true_inner_val_selection
future_arousal_max_delta_rows_4_10_train_q90,binary,short_temporal_conv_residual,diagnostics_only_residual,20260632,25,0.24693360272794962,0.22765797259284196,0.0030542425694684294,inner_val_pr_auc_delta_vs_frozen_ar,0.004595543723553419,0.34068313241004944,0.9999767541885376,true_train_and_true_inner_val_selection
future_arousal_max_delta_rows_4_10_train_q90,binary,short_temporal_conv_residual,diagnostics_only_residual,20260632,26,0.24738557916134596,0.2282324693573061,0.003628739333932568,inner_val_pr_auc_delta_vs_frozen_ar,0.004615309182554483,0.336367130279541,0.9999628067016602,true_train_and_true_inner_val_selection
future_arousal_max_delta_rows_4_10_train_q90,binary,short_temporal_conv_residual,diagnostics_only_residual,20260632,27,0.24722592812031507,0.22775123475161643,0.003147504728242906,inner_val_pr_auc_delta_vs_frozen_ar,0.004635484889149666,0.3374674320220947,0.999964714050293,true_train_and_true_inner_val_selection
future_arousal_max_delta_rows_4_10_train_q90,binary,short_temporal_conv_residual,diagnostics_only_residual,20260632,28,0.24732694122940302,0.22706207172520898,0.0024583417018354536,inner_val_pr_auc_delta_vs_frozen_ar,0.004660189617425203,0.3368024230003357,0.9999623894691467,true_train_and_true_inner_val_selection
future_arousal_max_delta_rows_4_10_train_q90,binary,short_temporal_conv_residual,diagnostics_only_residual,20260632,29,0.24653550423681736,0.22776613272523127,0.003162402701857747,inner_val_pr_auc_delta_vs_frozen_ar,0.004685942083597183,0.3370632827281952,0.9999629855155945,true_train_and_true_inner_val_selection
future_arousal_max_delta_rows_4_10_train_q90,binary,short_temporal_conv_residual,diagnostics_only_residual,20260632,30,0.2469976544380188,0.226706426162887,0.0021026961395134713,inner_val_pr_auc_delta_vs_frozen_ar,0.004708366468548775,0.3363479971885681,0.9999592900276184,true_train_and_true_inner_val_selection
future_arousal_max_delta_rows_4_10_train_q90,binary,short_temporal_conv_residual,diagnostics_only_residual,20260632,31,0.24705681577324867,0.2271893045670854,0.0025855745437118605,inner_val_pr_auc_delta_vs_frozen_ar,0.0047322046011686325,0.33767637610435486,0.9999642968177795,true_train_and_true_inner_val_selection
future_arousal_max_delta_rows_4_10_train_q90,binary,short_temporal_conv_residual,diagnostics_only_residual,20260632,32,0.24734211433678865,0.22696252570302192,0.00235879567964839,inner_val_pr_auc_delta_vs_frozen_ar,0.004755744244903326,0.33580905199050903,0.9999567270278931,true_train_and_true_inner_val_selection
future_arousal_max_delta_rows_4_10_train_q90,binary,short_temporal_conv_residual,diagnostics_only_residual,20260632,33,0.24691134691238403,0.22719770680976323,0.002593976786389701,inner_val_pr_auc_delta_vs_frozen_ar,0.0047789872623980045,0.3344983756542206,0.9999513626098633,true_train_and_true_inner_val_selection
future_arousal_max_delta_rows_4_10_train_q90,binary,short_temporal_conv_residual,diagnostics_only_residual,20260632,34,0.24726267904043198,0.22735738907596312,0.002753659052589591,inner_val_pr_auc_delta_vs_frozen_ar,0.004805319476872683,0.3343724012374878,0.999950647354126,true_train_and_true_inner_val_selection
future_arousal_max_delta_rows_4_10_train_q90,binary,short_temporal_conv_residual,real_residual,20260633,1,0.24812396708875895,0.225243668454402,0.00011676066076646285,inner_val_pr_auc_delta_vs_frozen_ar,0.003806481370702386,0.029855333268642426,0.10814715921878815,true_train_and_true_inner_val_selection
future_arousal_max_delta_rows_4_10_train_q90,binary,short_temporal_conv_residual,real_residual,20260633,2,0.24808605667203665,0.22690619203389614,0.001779284240260609,inner_val_pr_auc_delta_vs_frozen_ar,0.003911465406417847,0.09221502393484116,0.6381524205207825,true_train_and_true_inner_val_selection
future_arousal_max_delta_rows_4_10_train_q90,binary,short_temporal_conv_residual,real_residual,20260633,3,0.24700951483100653,0.23283114200606672,0.007704234212431188,inner_val_pr_auc_delta_vs_frozen_ar,0.004031410440802574,0.08928735554218292,0.6050546765327454,true_train_and_true_inner_val_selection
future_arousal_max_delta_rows_4_10_train_q90,binary,short_temporal_conv_residual,real_residual,20260633,4,0.24523079860955477,0.2419704747455176,0.016843566951882077,inner_val_pr_auc_delta_vs_frozen_ar,0.004150694236159325,0.10017410665750504,0.697475016117096,true_train_and_true_inner_val_selection
future_arousal_max_delta_rows_4_10_train_q90,binary,short_temporal_conv_residual,real_residual,20260633,5,0.24315639026463032,0.24061268780270287,0.015485780009067335,inner_val_pr_auc_delta_vs_frozen_ar,0.004224407020956278,0.09860784560441971,0.6730071902275085,true_train_and_true_inner_val_selection
future_arousal_max_delta_rows_4_10_train_q90,binary,short_temporal_conv_residual,real_residual,20260633,6,0.24220489151775837,0.23896335044343103,0.0138364426497955,inner_val_pr_auc_delta_vs_frozen_ar,0.004265651106834412,0.10518785566091537,0.716794490814209,true_train_and_true_inner_val_selection
future_arousal_max_delta_rows_4_10_train_q90,binary,short_temporal_conv_residual,real_residual,20260633,7,0.24085358809679747,0.2371092320548692,0.011982324261233662,inner_val_pr_auc_delta_vs_frozen_ar,0.0043162391521036625,0.10979258269071579,0.7567437291145325,true_train_and_true_inner_val_selection
future_arousal_max_delta_rows_4_10_train_q90,binary,short_temporal_conv_residual,real_residual,20260633,8,0.23987705819308758,0.235687665719817,0.010560757926181469,inner_val_pr_auc_delta_vs_frozen_ar,0.004374961368739605,0.11305642873048782,0.7832083702087402,true_train_and_true_inner_val_selection
future_arousal_max_delta_rows_4_10_train_q90,binary,short_temporal_conv_residual,real_residual,20260633,9,0.2386603681370616,0.2349622323913988,0.009835324597763262,inner_val_pr_auc_delta_vs_frozen_ar,0.004437771160155535,0.11661124974489212,0.810218095779419,true_train_and_true_inner_val_selection
future_arousal_max_delta_rows_4_10_train_q90,binary,short_temporal_conv_residual,real_residual,20260633,10,0.2377084456384182,0.2323727346451558,0.007245826851520254,inner_val_pr_auc_delta_vs_frozen_ar,0.004504363052546978,0.11603506654500961,0.8200278878211975,true_train_and_true_inner_val_selection
future_arousal_max_delta_rows_4_10_train_q90,binary,short_temporal_conv_residual,real_residual,20260633,11,0.2362421927973628,0.23176797144908806,0.006641063655452528,inner_val_pr_auc_delta_vs_frozen_ar,0.004569027107208967,0.11878852546215057,0.8398593664169312,true_train_and_true_inner_val_selection
future_arousal_max_delta_rows_4_10_train_q90,binary,short_temporal_conv_residual,real_residual,20260633,12,0.23499291855841875,0.23051973120735578,0.0053928234137202435,inner_val_pr_auc_delta_vs_frozen_ar,0.004635590128600597,0.11969447135925293,0.8532222509384155,true_train_and_true_inner_val_selection
future_arousal_max_delta_rows_4_10_train_q90,binary,short_temporal_conv_residual,shuffled_pca_residual,20260633,1,0.24833363201469183,0.22517622568458712,4.9317890951583454e-05,inner_val_pr_auc_delta_vs_frozen_ar,0.003778568236157298,0.02488265186548233,0.07093260437250137,true_train_and_true_inner_val_selection
future_arousal_max_delta_rows_4_10_train_q90,binary,short_temporal_conv_residual,shuffled_pca_residual,20260633,2,0.24808956123888493,0.22511495894241945,-1.1948851216081469e-05,inner_val_pr_auc_delta_vs_frozen_ar,0.0038751279935240746,0.07379550486803055,0.37284964323043823,true_train_and_true_inner_val_selection
future_arousal_max_delta_rows_4_10_train_q90,binary,short_temporal_conv_residual,shuffled_pca_residual,20260633,3,0.2481475854292512,0.22514108486350656,1.4177069871029735e-05,inner_val_pr_auc_delta_vs_frozen_ar,0.003979687578976154,0.1512906849384308,0.7940806746482849,true_train_and_true_inner_val_selection
future_arousal_max_delta_rows_4_10_train_q90,binary,short_temporal_conv_residual,shuffled_pca_residual,20260633,4,0.2483210964128375,0.22505497195700863,-7.193583662690184e-05,inner_val_pr_auc_delta_vs_frozen_ar,0.004093106836080551,0.15870457887649536,0.8225597739219666,true_train_and_true_inner_val_selection
future_arousal_max_delta_rows_4_10_train_q90,binary,short_temporal_conv_residual,shuffled_pca_residual,20260633,5,0.24734587129205465,0.22468445545550536,-0.0004424523381301726,inner_val_pr_auc_delta_vs_frozen_ar,0.0042070201598107815,0.14224845170974731,0.7595793008804321,true_train_and_true_inner_val_selection
future_arousal_max_delta_rows_4_10_train_q90,binary,short_temporal_conv_residual,shuffled_pca_residual,20260633,6,0.24739203229546547,0.22352534061545248,-0.0016015671781830498,inner_val_pr_auc_delta_vs_frozen_ar,0.004316248930990696,0.13431516289710999,0.7252012491226196,true_train_and_true_inner_val_selection
future_arousal_max_delta_rows_4_10_train_q90,binary,short_temporal_conv_residual,shuffled_pca_residual,20260633,7,0.2466151276603341,0.22100564317322402,-0.004121264620411513,inner_val_pr_auc_delta_vs_frozen_ar,0.004422878380864859,0.13235192000865936,0.7186936736106873,true_train_and_true_inner_val_selection
future_arousal_max_delta_rows_4_10_train_q90,binary,short_temporal_conv_residual,shuffled_pca_residual,20260633,8,0.24558736942708492,0.21763807237978022,-0.00748883541385531,inner_val_pr_auc_delta_vs_frozen_ar,0.00451840553432703,0.12337184697389603,0.6720296144485474,true_train_and_true_inner_val_selection
future_arousal_max_delta_rows_4_10_train_q90,binary,short_temporal_conv_residual,shuffled_pca_residual,20260633,9,0.2444491060450673,0.21481802260778193,-0.0103088851858536,inner_val_pr_auc_delta_vs_frozen_ar,0.004593517631292343,0.12008965015411377,0.6535595059394836,true_train_and_true_inner_val_selection
future_arousal_max_delta_rows_4_10_train_q90,binary,short_temporal_conv_residual,random_pca_residual,20260633,1,0.2484973417595029,0.22518385620233305,5.694840869752138e-05,inner_val_pr_auc_delta_vs_frozen_ar,0.003791545517742634,0.025515588000416756,0.07603421807289124,true_train_and_true_inner_val_selection
future_arousal_max_delta_rows_4_10_train_q90,binary,short_temporal_conv_residual,random_pca_residual,20260633,2,0.2487287661060691,0.22512476523473163,-2.142558903905911e-06,inner_val_pr_auc_delta_vs_frozen_ar,0.0038924713153392076,0.07828289270401001,0.40174955129623413,true_train_and_true_inner_val_selection
future_arousal_max_delta_rows_4_10_train_q90,binary,short_temporal_conv_residual,random_pca_residual,20260633,3,0.2480071522295475,0.2251388302765228,1.1922482887255503e-05,inner_val_pr_auc_delta_vs_frozen_ar,0.0040030465461313725,0.14966154098510742,0.7957615256309509,true_train_and_true_inner_val_selection
future_arousal_max_delta_rows_4_10_train_q90,binary,short_temporal_conv_residual,random_pca_residual,20260633,4,0.24827254004776478,0.22509692567198727,-2.9982121648258753e-05,inner_val_pr_auc_delta_vs_frozen_ar,0.004115855786949396,0.149195596575737,0.7951815128326416,true_train_and_true_inner_val_selection
future_arousal_max_delta_rows_4_10_train_q90,binary,short_temporal_conv_residual,random_pca_residual,20260633,5,0.24753658007830381,0.22450828736227324,-0.0006186204313622934,inner_val_pr_auc_delta_vs_frozen_ar,0.004229296464473009,0.1340724229812622,0.7297905683517456,true_train_and_true_inner_val_selection
future_arousal_max_delta_rows_4_10_train_q90,binary,short_temporal_conv_residual,random_pca_residual,20260633,6,0.24707192741334438,0.22255381168288915,-0.0025730961107463812,inner_val_pr_auc_delta_vs_frozen_ar,0.004339794162660837,0.12930715084075928,0.7067228555679321,true_train_and_true_inner_val_selection
future_arousal_max_delta_rows_4_10_train_q90,binary,short_temporal_conv_residual,random_pca_residual,20260633,7,0.24599128123372793,0.21904352148884432,-0.006083386304791216,inner_val_pr_auc_delta_vs_frozen_ar,0.004444078076630831,0.12465326488018036,0.6814935207366943,true_train_and_true_inner_val_selection
future_arousal_max_delta_rows_4_10_train_q90,binary,short_temporal_conv_residual,random_pca_residual,20260633,8,0.24527898244559765,0.21414902102888314,-0.010977886764752393,inner_val_pr_auc_delta_vs_frozen_ar,0.004534107632935047,0.12178801745176315,0.669549286365509,true_train_and_true_inner_val_selection
future_arousal_max_delta_rows_4_10_train_q90,binary,short_temporal_conv_residual,random_pca_residual,20260633,9,0.2446798011660576,0.21071595028923565,-0.014410957504399885,inner_val_pr_auc_delta_vs_frozen_ar,0.004602977540344,0.11638861894607544,0.6397203207015991,true_train_and_true_inner_val_selection
future_arousal_max_delta_rows_4_10_train_q90,binary,short_temporal_conv_residual,label_permutation_residual,20260633,1,0.28986455500125885,0.10026908089057238,8.965587104337036e-06,inner_val_pr_auc_delta_vs_frozen_ar,0.003734671976417303,0.02247922308743,0.0537613146007061,permuted_train_and_permuted_inner_val_selection
future_arousal_max_delta_rows_4_10_train_q90,binary,short_temporal_conv_residual,label_permutation_residual,20260633,2,0.2891834657639265,0.10026945918842908,9.34388496104388e-06,inner_val_pr_auc_delta_vs_frozen_ar,0.0037479987367987633,0.03415466099977493,0.1483478546142578,permuted_train_and_permuted_inner_val_selection
future_arousal_max_delta_rows_4_10_train_q90,binary,short_temporal_conv_residual,label_permutation_residual,20260633,3,0.28994233906269073,0.10025987808296363,-2.372205044065545e-07,inner_val_pr_auc_delta_vs_frozen_ar,0.003829722059890628,0.07356519252061844,0.49205830693244934,permuted_train_and_permuted_inner_val_selection
future_arousal_max_delta_rows_4_10_train_q90,binary,short_temporal_conv_residual,label_permutation_residual,20260633,4,0.28949943743646145,0.10021365361198706,-4.6461691480981226e-05,inner_val_pr_auc_delta_vs_frozen_ar,0.003917294554412365,0.08794868737459183,0.6192291378974915,permuted_train_and_permuted_inner_val_selection
future_arousal_max_delta_rows_4_10_train_q90,binary,short_temporal_conv_residual,label_permutation_residual,20260633,5,0.29001867212355137,0.10015672301975907,-0.0001033922837089668,inner_val_pr_auc_delta_vs_frozen_ar,0.00401252880692482,0.08753499388694763,0.6010013818740845,permuted_train_and_permuted_inner_val_selection
future_arousal_max_delta_rows_4_10_train_q90,binary,short_temporal_conv_residual,label_permutation_residual,20260633,6,0.28972283378243446,0.10001863402065009,-0.00024148128281795134,inner_val_pr_auc_delta_vs_frozen_ar,0.004111606627702713,0.08701939135789871,0.572295606136322,permuted_train_and_permuted_inner_val_selection
future_arousal_max_delta_rows_4_10_train_q90,binary,short_temporal_conv_residual,label_permutation_residual,20260633,7,0.2893955036997795,0.09994134446027977,-0.0003187708431882652,inner_val_pr_auc_delta_vs_frozen_ar,0.004162975586950779,0.07859253138303757,0.49547672271728516,permuted_train_and_permuted_inner_val_selection
future_arousal_max_delta_rows_4_10_train_q90,binary,short_temporal_conv_residual,label_permutation_residual,20260633,8,0.2885857820510864,0.09983545923517992,-0.00042465606828812064,inner_val_pr_auc_delta_vs_frozen_ar,0.004212439991533756,0.0799461305141449,0.507828414440155,permuted_train_and_permuted_inner_val_selection
future_arousal_max_delta_rows_4_10_train_q90,binary,short_temporal_conv_residual,label_permutation_residual,20260633,9,0.2885435279458761,0.09980418328127114,-0.0004559320221969032,inner_val_pr_auc_delta_vs_frozen_ar,0.00426811259239912,0.07919047772884369,0.49081841111183167,permuted_train_and_permuted_inner_val_selection
future_arousal_max_delta_rows_4_10_train_q90,binary,short_temporal_conv_residual,label_permutation_residual,20260633,10,0.28865453787148,0.09976651487653918,-0.0004936004269288641,inner_val_pr_auc_delta_vs_frozen_ar,0.004331069998443127,0.08079683780670166,0.5100384950637817,permuted_train_and_permuted_inner_val_selection
future_arousal_max_delta_rows_4_10_train_q90,binary,short_temporal_conv_residual,train_only_video_mean_residual,20260633,1,0.24824441969394684,0.22531750558490304,0.00019059779126751053,inner_val_pr_auc_delta_vs_frozen_ar,0.0038514179177582264,0.10167718678712845,0.7983143925666809,true_train_and_true_inner_val_selection
future_arousal_max_delta_rows_4_10_train_q90,binary,short_temporal_conv_residual,train_only_video_mean_residual,20260633,2,0.24818995036184788,0.2260252784444663,0.0008983706508307598,inner_val_pr_auc_delta_vs_frozen_ar,0.0039632273837924,0.188239187002182,0.9960117340087891,true_train_and_true_inner_val_selection
future_arousal_max_delta_rows_4_10_train_q90,binary,short_temporal_conv_residual,train_only_video_mean_residual,20260633,3,0.24701140075922012,0.22584123653619909,0.0007143287425635525,inner_val_pr_auc_delta_vs_frozen_ar,0.004083889536559582,0.241988405585289,0.9988517761230469,true_train_and_true_inner_val_selection
future_arousal_max_delta_rows_4_10_train_q90,binary,short_temporal_conv_residual,train_only_video_mean_residual,20260633,4,0.2451083855703473,0.22343935603737639,-0.001687551756259148,inner_val_pr_auc_delta_vs_frozen_ar,0.004189690575003624,0.27775248885154724,0.9992377758026123,true_train_and_true_inner_val_selection
future_arousal_max_delta_rows_4_10_train_q90,binary,short_temporal_conv_residual,train_only_video_mean_residual,20260633,5,0.24286711867898703,0.2196271558370575,-0.005499751956578036,inner_val_pr_auc_delta_vs_frozen_ar,0.004272639285773039,0.2941504120826721,0.9998143315315247,true_train_and_true_inner_val_selection
future_arousal_max_delta_rows_4_10_train_q90,binary,short_temporal_conv_residual,train_only_video_mean_residual,20260633,6,0.24158097431063652,0.21910866081733804,-0.006018246976297492,inner_val_pr_auc_delta_vs_frozen_ar,0.004342344123870134,0.29997214674949646,0.999932587146759,true_train_and_true_inner_val_selection
future_arousal_max_delta_rows_4_10_train_q90,binary,short_temporal_conv_residual,train_only_video_mean_residual,20260633,7,0.24024529103189707,0.21716075316788003,-0.007966154625755506,inner_val_pr_auc_delta_vs_frozen_ar,0.004411000292748213,0.3140021860599518,0.9999645948410034,true_train_and_true_inner_val_selection
future_arousal_max_delta_rows_4_10_train_q90,binary,short_temporal_conv_residual,train_only_video_mean_residual,20260633,8,0.23896152339875698,0.21561680939091019,-0.009510098402725348,inner_val_pr_auc_delta_vs_frozen_ar,0.004473726265132427,0.3222995400428772,0.9999779462814331,true_train_and_true_inner_val_selection
future_arousal_max_delta_rows_4_10_train_q90,binary,short_temporal_conv_residual,train_only_video_mean_residual,20260633,9,0.2379426434636116,0.2144897291729138,-0.010637178620721721,inner_val_pr_auc_delta_vs_frozen_ar,0.004538447596132755,0.3299565613269806,0.999984085559845,true_train_and_true_inner_val_selection
future_arousal_max_delta_rows_4_10_train_q90,binary,short_temporal_conv_residual,train_only_video_mean_residual,20260633,10,0.23667884059250355,0.21321523100380776,-0.011911676789827769,inner_val_pr_auc_delta_vs_frozen_ar,0.004593963734805584,0.3333619236946106,0.9999902248382568,true_train_and_true_inner_val_selection
future_arousal_max_delta_rows_4_10_train_q90,binary,short_temporal_conv_residual,diagnostics_only_residual,20260633,1,0.248139095492661,0.22500082533387095,-0.0001260824597645871,inner_val_pr_auc_delta_vs_frozen_ar,0.003778931451961398,0.017512213438749313,0.03850211948156357,true_train_and_true_inner_val_selection
future_arousal_max_delta_rows_4_10_train_q90,binary,short_temporal_conv_residual,diagnostics_only_residual,20260633,2,0.24847755581140518,0.22504783687967142,-7.907091396411325e-05,inner_val_pr_auc_delta_vs_frozen_ar,0.003870339598506689,0.0223567895591259,0.07009001821279526,true_train_and_true_inner_val_selection
future_arousal_max_delta_rows_4_10_train_q90,binary,short_temporal_conv_residual,diagnostics_only_residual,20260633,3,0.2483834344893694,0.22507805378692902,-4.88540067065113e-05,inner_val_pr_auc_delta_vs_frozen_ar,0.003927899990230799,0.021724987775087357,0.07054409384727478,true_train_and_true_inner_val_selection
future_arousal_max_delta_rows_4_10_train_q90,binary,short_temporal_conv_residual,diagnostics_only_residual,20260633,4,0.24784300662577152,0.22501787758440778,-0.00010903020922775619,inner_val_pr_auc_delta_vs_frozen_ar,0.003919797483831644,0.030020540580153465,0.11329169571399689,true_train_and_true_inner_val_selection
future_arousal_max_delta_rows_4_10_train_q90,binary,short_temporal_conv_residual,diagnostics_only_residual,20260633,5,0.24809397291392088,0.2250342160399576,-9.269175367793148e-05,inner_val_pr_auc_delta_vs_frozen_ar,0.0039373342879116535,0.045020438730716705,0.1935432404279709,true_train_and_true_inner_val_selection
future_arousal_max_delta_rows_4_10_train_q90,binary,short_temporal_conv_residual,diagnostics_only_residual,20260633,6,0.24767320696264505,0.22503361091236776,-9.329688126777369e-05,inner_val_pr_auc_delta_vs_frozen_ar,0.003949982579797506,0.049952294677495956,0.22081665694713593,true_train_and_true_inner_val_selection
future_arousal_max_delta_rows_4_10_train_q90,binary,short_temporal_conv_residual,diagnostics_only_residual,20260633,7,0.24772092793136835,0.22505602012048112,-7.08876731544128e-05,inner_val_pr_auc_delta_vs_frozen_ar,0.003961870912462473,0.07547851651906967,0.37423449754714966,true_train_and_true_inner_val_selection
future_arousal_max_delta_rows_4_10_train_q90,binary,short_temporal_conv_residual,diagnostics_only_residual,20260633,8,0.2478433633223176,0.2250119591027804,-0.00011494869085512671,inner_val_pr_auc_delta_vs_frozen_ar,0.00398274976760149,0.09826857596635818,0.5073633193969727,true_train_and_true_inner_val_selection
future_arousal_max_delta_rows_4_10_train_q90,binary,short_temporal_conv_residual,real_residual,20260634,1,0.2539014043286443,0.22269594452595484,-0.00011402950831901348,inner_val_pr_auc_delta_vs_frozen_ar,0.0037957809399813414,0.02035767026245594,0.06059988588094711,true_train_and_true_inner_val_selection
future_arousal_max_delta_rows_4_10_train_q90,binary,short_temporal_conv_residual,real_residual,20260634,2,0.2540422473102808,0.22420021642851012,0.0013902423942362685,inner_val_pr_auc_delta_vs_frozen_ar,0.0038987952284514904,0.07740094512701035,0.526215136051178,true_train_and_true_inner_val_selection
future_arousal_max_delta_rows_4_10_train_q90,binary,short_temporal_conv_residual,real_residual,20260634,3,0.2531034154817462,0.23036638124999975,0.007556407215725897,inner_val_pr_auc_delta_vs_frozen_ar,0.00401786994189024,0.07945745438337326,0.5534332990646362,true_train_and_true_inner_val_selection
future_arousal_max_delta_rows_4_10_train_q90,binary,short_temporal_conv_residual,real_residual,20260634,4,0.2513244282454252,0.23716392570002462,0.014353951665750764,inner_val_pr_auc_delta_vs_frozen_ar,0.00413998868316412,0.08990587294101715,0.647181510925293,true_train_and_true_inner_val_selection
future_arousal_max_delta_rows_4_10_train_q90,binary,short_temporal_conv_residual,real_residual,20260634,5,0.2491178484633565,0.234128417136127,0.011318443101853148,inner_val_pr_auc_delta_vs_frozen_ar,0.0042328122071921825,0.09034512937068939,0.6337330937385559,true_train_and_true_inner_val_selection
future_arousal_max_delta_rows_4_10_train_q90,binary,short_temporal_conv_residual,real_residual,20260634,6,0.24770007468760014,0.2324673171185155,0.009657343084241654,inner_val_pr_auc_delta_vs_frozen_ar,0.004272020421922207,0.09371799230575562,0.6602442264556885,true_train_and_true_inner_val_selection
future_arousal_max_delta_rows_4_10_train_q90,binary,short_temporal_conv_residual,real_residual,20260634,7,0.24660745076835155,0.23037581724407705,0.007565843209803191,inner_val_pr_auc_delta_vs_frozen_ar,0.004314896184951067,0.09582287818193436,0.6825593709945679,true_train_and_true_inner_val_selection
future_arousal_max_delta_rows_4_10_train_q90,binary,short_temporal_conv_residual,real_residual,20260634,8,0.24539443850517273,0.22990685947060793,0.007096885436334077,inner_val_pr_auc_delta_vs_frozen_ar,0.004365555942058563,0.09809799492359161,0.7133269906044006,true_train_and_true_inner_val_selection
future_arousal_max_delta_rows_4_10_train_q90,binary,short_temporal_conv_residual,real_residual,20260634,9,0.2442208444699645,0.22973310184220205,0.006923127807928198,inner_val_pr_auc_delta_vs_frozen_ar,0.004423501901328564,0.10090643912553787,0.7482492923736572,true_train_and_true_inner_val_selection
future_arousal_max_delta_rows_4_10_train_q90,binary,short_temporal_conv_residual,real_residual,20260634,10,0.24325341172516346,0.22969445400591956,0.006884479971645707,inner_val_pr_auc_delta_vs_frozen_ar,0.004486273042857647,0.1037881150841713,0.7860682010650635,true_train_and_true_inner_val_selection
future_arousal_max_delta_rows_4_10_train_q90,binary,short_temporal_conv_residual,real_residual,20260634,11,0.2419174686074257,0.2300848211799395,0.007274847145665647,inner_val_pr_auc_delta_vs_frozen_ar,0.004551446996629238,0.10464317351579666,0.8035048842430115,true_train_and_true_inner_val_selection
future_arousal_max_delta_rows_4_10_train_q90,binary,short_temporal_conv_residual,real_residual,20260634,12,0.2411439474672079,0.23012263305155067,0.007312659017276818,inner_val_pr_auc_delta_vs_frozen_ar,0.004615715704858303,0.10581564903259277,0.8173890113830566,true_train_and_true_inner_val_selection
future_arousal_max_delta_rows_4_10_train_q90,binary,short_temporal_conv_residual,shuffled_pca_residual,20260634,1,0.2537062130868435,0.22266462141583157,-0.00014535261844228486,inner_val_pr_auc_delta_vs_frozen_ar,0.0037872500251978636,0.027500810101628304,0.0851491242647171,true_train_and_true_inner_val_selection
future_arousal_max_delta_rows_4_10_train_q90,binary,short_temporal_conv_residual,shuffled_pca_residual,20260634,2,0.2540722880512476,0.22266958629646738,-0.0001403877378064744,inner_val_pr_auc_delta_vs_frozen_ar,0.0038856288883835077,0.08155862241983414,0.4184783697128296,true_train_and_true_inner_val_selection
future_arousal_max_delta_rows_4_10_train_q90,binary,short_temporal_conv_residual,shuffled_pca_residual,20260634,3,0.2539856471121311,0.2227960254133464,-1.3948620927461963e-05,inner_val_pr_auc_delta_vs_frozen_ar,0.003999748267233372,0.16391175985336304,0.8377106785774231,true_train_and_true_inner_val_selection
future_arousal_max_delta_rows_4_10_train_q90,binary,short_temporal_conv_residual,shuffled_pca_residual,20260634,4,0.25388982705771923,0.22194358340212553,-0.0008663906321483283,inner_val_pr_auc_delta_vs_frozen_ar,0.004117514472454786,0.17815235257148743,0.880020797252655,true_train_and_true_inner_val_selection
future_arousal_max_delta_rows_4_10_train_q90,binary,short_temporal_conv_residual,shuffled_pca_residual,20260634,5,0.2529100216925144,0.22028840706651828,-0.002521566967755573,inner_val_pr_auc_delta_vs_frozen_ar,0.004236807115375996,0.1633974015712738,0.8349632024765015,true_train_and_true_inner_val_selection
future_arousal_max_delta_rows_4_10_train_q90,binary,short_temporal_conv_residual,shuffled_pca_residual,20260634,6,0.2523976182565093,0.21727271461523717,-0.005537259419036683,inner_val_pr_auc_delta_vs_frozen_ar,0.00435097049921751,0.1528993546962738,0.7945400476455688,true_train_and_true_inner_val_selection
future_arousal_max_delta_rows_4_10_train_q90,binary,short_temporal_conv_residual,shuffled_pca_residual,20260634,7,0.2515909066423774,0.21200465042367728,-0.010805323610596579,inner_val_pr_auc_delta_vs_frozen_ar,0.004458053503185511,0.14999252557754517,0.7792497277259827,true_train_and_true_inner_val_selection
future_arousal_max_delta_rows_4_10_train_q90,binary,short_temporal_conv_residual,shuffled_pca_residual,20260634,8,0.25069175101816654,0.2066257554332768,-0.016184218600997058,inner_val_pr_auc_delta_vs_frozen_ar,0.004554749466478825,0.14303436875343323,0.751092255115509,true_train_and_true_inner_val_selection
future_arousal_max_delta_rows_4_10_train_q90,binary,short_temporal_conv_residual,random_pca_residual,20260634,1,0.25384092796593904,0.2226719438410494,-0.00013803019322444765,inner_val_pr_auc_delta_vs_frozen_ar,0.0037745239678770304,0.02435789629817009,0.06595699489116669,true_train_and_true_inner_val_selection
future_arousal_max_delta_rows_4_10_train_q90,binary,short_temporal_conv_residual,random_pca_residual,20260634,2,0.25385929364711046,0.22269931821329472,-0.00011065582097913307,inner_val_pr_auc_delta_vs_frozen_ar,0.0038712474051862955,0.06907209008932114,0.3403598964214325,true_train_and_true_inner_val_selection
future_arousal_max_delta_rows_4_10_train_q90,binary,short_temporal_conv_residual,random_pca_residual,20260634,3,0.2541749617084861,0.22279866540148235,-1.1308632791501294e-05,inner_val_pr_auc_delta_vs_frozen_ar,0.003981486894190311,0.1516033262014389,0.7906085252761841,true_train_and_true_inner_val_selection
future_arousal_max_delta_rows_4_10_train_q90,binary,short_temporal_conv_residual,random_pca_residual,20260634,4,0.2538384348154068,0.2222530023525081,-0.0005569716817657444,inner_val_pr_auc_delta_vs_frozen_ar,0.004095986485481262,0.17524507641792297,0.8740609288215637,true_train_and_true_inner_val_selection
future_arousal_max_delta_rows_4_10_train_q90,binary,short_temporal_conv_residual,random_pca_residual,20260634,5,0.25336974393576384,0.2211851625531773,-0.0016248114810965553,inner_val_pr_auc_delta_vs_frozen_ar,0.0042109256610274315,0.16402968764305115,0.8390640020370483,true_train_and_true_inner_val_selection
future_arousal_max_delta_rows_4_10_train_q90,binary,short_temporal_conv_residual,random_pca_residual,20260634,6,0.25260317604988813,0.21909905966871807,-0.0037109143655557897,inner_val_pr_auc_delta_vs_frozen_ar,0.004324351437389851,0.14864769577980042,0.7806975841522217,true_train_and_true_inner_val_selection
future_arousal_max_delta_rows_4_10_train_q90,binary,short_temporal_conv_residual,random_pca_residual,20260634,7,0.25181505270302296,0.2146751239228946,-0.008134850111379266,inner_val_pr_auc_delta_vs_frozen_ar,0.004433453548699617,0.14992859959602356,0.7868412733078003,true_train_and_true_inner_val_selection
future_arousal_max_delta_rows_4_10_train_q90,binary,short_temporal_conv_residual,random_pca_residual,20260634,8,0.2505929786711931,0.20969136676177613,-0.013118607272497723,inner_val_pr_auc_delta_vs_frozen_ar,0.004528170917183161,0.14320482313632965,0.7590658664703369,true_train_and_true_inner_val_selection
future_arousal_max_delta_rows_4_10_train_q90,binary,short_temporal_conv_residual,label_permutation_residual,20260634,1,0.27805448696017265,0.09846467746383153,1.987663861130473e-05,inner_val_pr_auc_delta_vs_frozen_ar,0.0037366999313235283,0.019659889861941338,0.05013464391231537,permuted_train_and_permuted_inner_val_selection
future_arousal_max_delta_rows_4_10_train_q90,binary,short_temporal_conv_residual,label_permutation_residual,20260634,2,0.2779043558984995,0.09846984071880821,2.5039893587985862e-05,inner_val_pr_auc_delta_vs_frozen_ar,0.003780466504395008,0.036726098507642746,0.14716660976409912,permuted_train_and_permuted_inner_val_selection
future_arousal_max_delta_rows_4_10_train_q90,binary,short_temporal_conv_residual,label_permutation_residual,20260634,3,0.2779889665544033,0.09847358425562656,2.8783430406340016e-05,inner_val_pr_auc_delta_vs_frozen_ar,0.0038790481630712748,0.08158794790506363,0.4442281126976013,permuted_train_and_permuted_inner_val_selection
future_arousal_max_delta_rows_4_10_train_q90,binary,short_temporal_conv_residual,label_permutation_residual,20260634,4,0.27795387245714664,0.09852701352121578,8.221269599555103e-05,inner_val_pr_auc_delta_vs_frozen_ar,0.003962858114391565,0.08181705325841904,0.4671633541584015,permuted_train_and_permuted_inner_val_selection
future_arousal_max_delta_rows_4_10_train_q90,binary,short_temporal_conv_residual,label_permutation_residual,20260634,5,0.27756173722445965,0.09859299127070453,0.0001481904454843086,inner_val_pr_auc_delta_vs_frozen_ar,0.004067312926054001,0.09197420626878738,0.5441063642501831,permuted_train_and_permuted_inner_val_selection
future_arousal_max_delta_rows_4_10_train_q90,binary,short_temporal_conv_residual,label_permutation_residual,20260634,6,0.2775486707687378,0.09867132945899504,0.00022652863377481403,inner_val_pr_auc_delta_vs_frozen_ar,0.004160596523433924,0.09449050575494766,0.5779271721839905,permuted_train_and_permuted_inner_val_selection
future_arousal_max_delta_rows_4_10_train_q90,binary,short_temporal_conv_residual,label_permutation_residual,20260634,7,0.2774045243859291,0.09868389632017376,0.00023909549495353122,inner_val_pr_auc_delta_vs_frozen_ar,0.004236180800944567,0.08900880813598633,0.5442084670066833,permuted_train_and_permuted_inner_val_selection
future_arousal_max_delta_rows_4_10_train_q90,binary,short_temporal_conv_residual,label_permutation_residual,20260634,8,0.27677253633737564,0.09878391723372575,0.0003391164085055215,inner_val_pr_auc_delta_vs_frozen_ar,0.004281646106392145,0.09005440771579742,0.563940167427063,permuted_train_and_permuted_inner_val_selection
future_arousal_max_delta_rows_4_10_train_q90,binary,short_temporal_conv_residual,label_permutation_residual,20260634,9,0.27733113802969456,0.09876350975573436,0.00031870893051413884,inner_val_pr_auc_delta_vs_frozen_ar,0.004336364101618528,0.09295149147510529,0.5882765054702759,permuted_train_and_permuted_inner_val_selection
future_arousal_max_delta_rows_4_10_train_q90,binary,short_temporal_conv_residual,label_permutation_residual,20260634,10,0.2769398055970669,0.09875506436200301,0.00031026353678278995,inner_val_pr_auc_delta_vs_frozen_ar,0.004387943539768457,0.09463866055011749,0.6102908849716187,permuted_train_and_permuted_inner_val_selection
future_arousal_max_delta_rows_4_10_train_q90,binary,short_temporal_conv_residual,label_permutation_residual,20260634,11,0.2762589827179909,0.09866169734039526,0.00021689651517503572,inner_val_pr_auc_delta_vs_frozen_ar,0.004449646454304457,0.09999027848243713,0.652043342590332,permuted_train_and_permuted_inner_val_selection
future_arousal_max_delta_rows_4_10_train_q90,binary,short_temporal_conv_residual,label_permutation_residual,20260634,12,0.27590650506317616,0.09862043006371973,0.0001756292384995084,inner_val_pr_auc_delta_vs_frozen_ar,0.004524906165897846,0.10588530451059341,0.7017452120780945,permuted_train_and_permuted_inner_val_selection
future_arousal_max_delta_rows_4_10_train_q90,binary,short_temporal_conv_residual,label_permutation_residual,20260634,13,0.2758945357054472,0.09871718118426603,0.0002723803590458096,inner_val_pr_auc_delta_vs_frozen_ar,0.004599808249622583,0.11016019433736801,0.7325378656387329,permuted_train_and_permuted_inner_val_selection
future_arousal_max_delta_rows_4_10_train_q90,binary,short_temporal_conv_residual,label_permutation_residual,20260634,14,0.27551535330712795,0.0988157738372718,0.0003709730120515786,inner_val_pr_auc_delta_vs_frozen_ar,0.0046816677786409855,0.11734598129987717,0.7819806933403015,permuted_train_and_permuted_inner_val_selection
future_arousal_max_delta_rows_4_10_train_q90,binary,short_temporal_conv_residual,label_permutation_residual,20260634,15,0.2751675583422184,0.09878406603317855,0.0003392652079583225,inner_val_pr_auc_delta_vs_frozen_ar,0.0047655776143074036,0.12212517857551575,0.8158212900161743,permuted_train_and_permuted_inner_val_selection
future_arousal_max_delta_rows_4_10_train_q90,binary,short_temporal_conv_residual,label_permutation_residual,20260634,16,0.27436186745762825,0.09877256113041458,0.0003277603051943523,inner_val_pr_auc_delta_vs_frozen_ar,0.00485142320394516,0.12818953394889832,0.8500828146934509,permuted_train_and_permuted_inner_val_selection
future_arousal_max_delta_rows_4_10_train_q90,binary,short_temporal_conv_residual,label_permutation_residual,20260634,17,0.274007149040699,0.09879007102474562,0.00034527019952539095,inner_val_pr_auc_delta_vs_frozen_ar,0.004939486272633076,0.1341417282819748,0.8767919540405273,permuted_train_and_permuted_inner_val_selection
future_arousal_max_delta_rows_4_10_train_q90,binary,short_temporal_conv_residual,label_permutation_residual,20260634,18,0.2729215528815985,0.09869332862318635,0.0002485277979661221,inner_val_pr_auc_delta_vs_frozen_ar,0.005025687161833048,0.1389274150133133,0.8957917094230652,permuted_train_and_permuted_inner_val_selection
future_arousal_max_delta_rows_4_10_train_q90,binary,short_temporal_conv_residual,label_permutation_residual,20260634,19,0.27268662862479687,0.09873175548902718,0.0002869546638069598,inner_val_pr_auc_delta_vs_frozen_ar,0.005111466161906719,0.14247994124889374,0.9079921841621399,permuted_train_and_permuted_inner_val_selection
future_arousal_max_delta_rows_4_10_train_q90,binary,short_temporal_conv_residual,label_permutation_residual,20260634,20,0.27234404720366,0.09865169219114384,0.00020689136592361157,inner_val_pr_auc_delta_vs_frozen_ar,0.005199366249144077,0.15114174783229828,0.9310961365699768,permuted_train_and_permuted_inner_val_selection
future_arousal_max_delta_rows_4_10_train_q90,binary,short_temporal_conv_residual,label_permutation_residual,20260634,21,0.2707332409918308,0.09866398512310623,0.0002191842978860048,inner_val_pr_auc_delta_vs_frozen_ar,0.005285050254315138,0.15236924588680267,0.9366008639335632,permuted_train_and_permuted_inner_val_selection
future_arousal_max_delta_rows_4_10_train_q90,binary,short_temporal_conv_residual,label_permutation_residual,20260634,22,0.27036401256918907,0.09867256827020304,0.0002277674449828182,inner_val_pr_auc_delta_vs_frozen_ar,0.005370398052036762,0.1564859002828598,0.945932149887085,permuted_train_and_permuted_inner_val_selection
future_arousal_max_delta_rows_4_10_train_q90,binary,short_temporal_conv_residual,train_only_video_mean_residual,20260634,1,0.25430674385279417,0.22277606954770687,-3.390448656698242e-05,inner_val_pr_auc_delta_vs_frozen_ar,0.0037941422779113054,0.06004524603486061,0.287533700466156,true_train_and_true_inner_val_selection
future_arousal_max_delta_rows_4_10_train_q90,binary,short_temporal_conv_residual,train_only_video_mean_residual,20260634,2,0.2539615957066417,0.22314449298607658,0.00033451895180272584,inner_val_pr_auc_delta_vs_frozen_ar,0.0038986606523394585,0.16027387976646423,0.9876359701156616,true_train_and_true_inner_val_selection
future_arousal_max_delta_rows_4_10_train_q90,binary,short_temporal_conv_residual,train_only_video_mean_residual,20260634,3,0.2529168399050832,0.22407828521154577,0.0012683111772719136,inner_val_pr_auc_delta_vs_frozen_ar,0.004015537444502115,0.21382388472557068,0.9967825412750244,true_train_and_true_inner_val_selection
future_arousal_max_delta_rows_4_10_train_q90,binary,short_temporal_conv_residual,train_only_video_mean_residual,20260634,4,0.2511934023350477,0.22241054358272624,-0.00039943045154761103,inner_val_pr_auc_delta_vs_frozen_ar,0.004126028157770634,0.25464579463005066,0.9992946982383728,true_train_and_true_inner_val_selection
future_arousal_max_delta_rows_4_10_train_q90,binary,short_temporal_conv_residual,train_only_video_mean_residual,20260634,5,0.24936494696885347,0.22020352133046997,-0.0026064527038038854,inner_val_pr_auc_delta_vs_frozen_ar,0.004213795997202396,0.2749464213848114,0.9998610615730286,true_train_and_true_inner_val_selection
future_arousal_max_delta_rows_4_10_train_q90,binary,short_temporal_conv_residual,train_only_video_mean_residual,20260634,6,0.24783352855592966,0.21649534560574082,-0.006314628428533031,inner_val_pr_auc_delta_vs_frozen_ar,0.00430298550054431,0.28957629203796387,0.999970555305481,true_train_and_true_inner_val_selection
future_arousal_max_delta_rows_4_10_train_q90,binary,short_temporal_conv_residual,train_only_video_mean_residual,20260634,7,0.2458745427429676,0.21523888800062044,-0.007571086033653418,inner_val_pr_auc_delta_vs_frozen_ar,0.004385066218674183,0.29777806997299194,0.9999893307685852,true_train_and_true_inner_val_selection
future_arousal_max_delta_rows_4_10_train_q90,binary,short_temporal_conv_residual,train_only_video_mean_residual,20260634,8,0.24443752318620682,0.21155333187383837,-0.011256642160435482,inner_val_pr_auc_delta_vs_frozen_ar,0.004454532638192177,0.29244324564933777,0.9999927878379822,true_train_and_true_inner_val_selection
future_arousal_max_delta_rows_4_10_train_q90,binary,short_temporal_conv_residual,train_only_video_mean_residual,20260634,9,0.24318781308829784,0.20884596838055675,-0.01396400565371711,inner_val_pr_auc_delta_vs_frozen_ar,0.004508788697421551,0.29112914204597473,0.9999927878379822,true_train_and_true_inner_val_selection
future_arousal_max_delta_rows_4_10_train_q90,binary,short_temporal_conv_residual,train_only_video_mean_residual,20260634,10,0.24251155741512775,0.2101324546126274,-0.012677519421646466,inner_val_pr_auc_delta_vs_frozen_ar,0.004554766695946455,0.2939477860927582,0.9999927878379822,true_train_and_true_inner_val_selection
future_arousal_max_delta_rows_4_10_train_q90,binary,short_temporal_conv_residual,train_only_video_mean_residual,20260634,11,0.2420584298670292,0.20951166263227947,-0.01329831140199439,inner_val_pr_auc_delta_vs_frozen_ar,0.004601633176207542,0.2971646785736084,0.9999912977218628,true_train_and_true_inner_val_selection
future_arousal_max_delta_rows_4_10_train_q90,binary,short_temporal_conv_residual,diagnostics_only_residual,20260634,1,0.2539870850741863,0.22270405359055448,-0.00010592044371937614,inner_val_pr_auc_delta_vs_frozen_ar,0.0038316308055073023,0.031746234744787216,0.10169550776481628,true_train_and_true_inner_val_selection
future_arousal_max_delta_rows_4_10_train_q90,binary,short_temporal_conv_residual,diagnostics_only_residual,20260634,2,0.2536415960639715,0.2232161505667456,0.00040617653247174146,inner_val_pr_auc_delta_vs_frozen_ar,0.003923662006855011,0.04677554965019226,0.18296940624713898,true_train_and_true_inner_val_selection
future_arousal_max_delta_rows_4_10_train_q90,binary,short_temporal_conv_residual,diagnostics_only_residual,20260634,3,0.25343032740056515,0.22367464688774114,0.0008646728534672798,inner_val_pr_auc_delta_vs_frozen_ar,0.003960247617214918,0.06819821149110794,0.3007499873638153,true_train_and_true_inner_val_selection
future_arousal_max_delta_rows_4_10_train_q90,binary,short_temporal_conv_residual,diagnostics_only_residual,20260634,4,0.2536082211881876,0.2235905605914478,0.0007805865571739456,inner_val_pr_auc_delta_vs_frozen_ar,0.003951911348849535,0.06746140867471695,0.2980192303657532,true_train_and_true_inner_val_selection
future_arousal_max_delta_rows_4_10_train_q90,binary,short_temporal_conv_residual,diagnostics_only_residual,20260634,5,0.2534759175032377,0.22386547681098237,0.0010555027767085168,inner_val_pr_auc_delta_vs_frozen_ar,0.003972165752202272,0.10490788519382477,0.5105734467506409,true_train_and_true_inner_val_selection
future_arousal_max_delta_rows_4_10_train_q90,binary,short_temporal_conv_residual,diagnostics_only_residual,20260634,6,0.2531847320497036,0.22410904122301256,0.0012990671887387062,inner_val_pr_auc_delta_vs_frozen_ar,0.003990063443779945,0.1266980916261673,0.6195645928382874,true_train_and_true_inner_val_selection
future_arousal_max_delta_rows_4_10_train_q90,binary,short_temporal_conv_residual,diagnostics_only_residual,20260634,7,0.25353938434273005,0.22337598882036422,0.000566014786090363,inner_val_pr_auc_delta_vs_frozen_ar,0.004012214485555887,0.1971132457256317,0.8754811882972717,true_train_and_true_inner_val_selection
future_arousal_max_delta_rows_4_10_train_q90,binary,short_temporal_conv_residual,diagnostics_only_residual,20260634,8,0.2528271824121475,0.2209898755647101,-0.001820098469563769,inner_val_pr_auc_delta_vs_frozen_ar,0.004034461919218302,0.2824181914329529,0.9888386726379395,true_train_and_true_inner_val_selection
future_arousal_max_delta_rows_4_10_train_q90,binary,short_temporal_conv_residual,diagnostics_only_residual,20260634,9,0.25342189986258745,0.2190882605998699,-0.003721713434403945,inner_val_pr_auc_delta_vs_frozen_ar,0.004060286097228527,0.3040790855884552,0.9960190653800964,true_train_and_true_inner_val_selection
future_arousal_max_delta_rows_4_10_train_q90,binary,short_temporal_conv_residual,diagnostics_only_residual,20260634,10,0.2527465187013149,0.21978815494170875,-0.0030218190925651034,inner_val_pr_auc_delta_vs_frozen_ar,0.004072653129696846,0.29728904366493225,0.9945271015167236,true_train_and_true_inner_val_selection
future_arousal_max_delta_rows_4_10_train_q90,binary,short_temporal_conv_residual,diagnostics_only_residual,20260634,11,0.25332238897681236,0.22037709065212152,-0.0024328833821523344,inner_val_pr_auc_delta_vs_frozen_ar,0.0040970160625875,0.30039745569229126,0.9955552220344543,true_train_and_true_inner_val_selection
future_arousal_max_delta_rows_4_10_train_q90,binary,short_temporal_conv_residual,diagnostics_only_residual,20260634,12,0.2529738061130047,0.2187179511588171,-0.004092022875456763,inner_val_pr_auc_delta_vs_frozen_ar,0.004118616692721844,0.29621750116348267,0.9949474930763245,true_train_and_true_inner_val_selection
future_arousal_max_delta_rows_4_10_train_q90,binary,short_temporal_conv_residual,diagnostics_only_residual,20260634,13,0.25294417701661587,0.21979323025716843,-0.003016743777105424,inner_val_pr_auc_delta_vs_frozen_ar,0.004133577924221754,0.294596403837204,0.9947301745414734,true_train_and_true_inner_val_selection
future_arousal_max_delta_rows_4_10_train_q90,binary,short_temporal_conv_residual,diagnostics_only_residual,20260634,14,0.25293317157775164,0.21960508670061818,-0.003204887333655676,inner_val_pr_auc_delta_vs_frozen_ar,0.004150644410401583,0.29547837376594543,0.9952563047409058,true_train_and_true_inner_val_selection
future_arousal_max_delta_rows_4_10_train_q90,binary,short_temporal_conv_residual,real_residual,20260635,1,0.1579766059294343,0.22502592879988248,-2.5804108022303707e-05,inner_val_pr_auc_delta_vs_frozen_ar,0.002147573744878173,0.02358257956802845,0.054878465831279755,true_train_and_true_inner_val_selection
future_arousal_max_delta_rows_4_10_train_q90,binary,short_temporal_conv_residual,real_residual,20260635,2,0.15763353928923607,0.22507216919531808,2.043628741330017e-05,inner_val_pr_auc_delta_vs_frozen_ar,0.002181571675464511,0.04937615618109703,0.2449602633714676,true_train_and_true_inner_val_selection
future_arousal_max_delta_rows_4_10_train_q90,binary,short_temporal_conv_residual,real_residual,20260635,3,0.15787427965551615,0.22552963718371322,0.00047790427580843287,inner_val_pr_auc_delta_vs_frozen_ar,0.002229533391073346,0.09731258451938629,0.6760239601135254,true_train_and_true_inner_val_selection
future_arousal_max_delta_rows_4_10_train_q90,binary,short_temporal_conv_residual,real_residual,20260635,4,0.15756915789097548,0.22659249901424314,0.0015407661063383538,inner_val_pr_auc_delta_vs_frozen_ar,0.002279672771692276,0.0900149792432785,0.6119091510772705,true_train_and_true_inner_val_selection
future_arousal_max_delta_rows_4_10_train_q90,binary,short_temporal_conv_residual,real_residual,20260635,5,0.15738518629223108,0.2283770779224587,0.003325345014553921,inner_val_pr_auc_delta_vs_frozen_ar,0.0023275422863662243,0.08893648535013199,0.5872496962547302,true_train_and_true_inner_val_selection
future_arousal_max_delta_rows_4_10_train_q90,binary,short_temporal_conv_residual,real_residual,20260635,6,0.15697737783193588,0.23051112026085807,0.005459387352953288,inner_val_pr_auc_delta_vs_frozen_ar,0.002372265327721834,0.09672094136476517,0.6488611698150635,true_train_and_true_inner_val_selection
future_arousal_max_delta_rows_4_10_train_q90,binary,short_temporal_conv_residual,real_residual,20260635,7,0.15635769348591566,0.2332317900426797,0.008180057134774904,inner_val_pr_auc_delta_vs_frozen_ar,0.0024178684689104557,0.10677257925271988,0.730505645275116,true_train_and_true_inner_val_selection
future_arousal_max_delta_rows_4_10_train_q90,binary,short_temporal_conv_residual,real_residual,20260635,8,0.15554975159466267,0.23658642209706407,0.011534689189159286,inner_val_pr_auc_delta_vs_frozen_ar,0.002464145189151168,0.1115298643708229,0.7732688188552856,true_train_and_true_inner_val_selection
future_arousal_max_delta_rows_4_10_train_q90,binary,short_temporal_conv_residual,real_residual,20260635,9,0.154781480319798,0.23992632194896707,0.014874589041062286,inner_val_pr_auc_delta_vs_frozen_ar,0.002507238183170557,0.11656031757593155,0.8101801872253418,true_train_and_true_inner_val_selection
future_arousal_max_delta_rows_4_10_train_q90,binary,short_temporal_conv_residual,real_residual,20260635,10,0.15442782081663609,0.24116646051897905,0.01611472761107427,inner_val_pr_auc_delta_vs_frozen_ar,0.002543507842347026,0.11899177730083466,0.8291849493980408,true_train_and_true_inner_val_selection
future_arousal_max_delta_rows_4_10_train_q90,binary,short_temporal_conv_residual,real_residual,20260635,11,0.15386195946484804,0.2408115964796734,0.015759863571768618,inner_val_pr_auc_delta_vs_frozen_ar,0.0025702472776174545,0.12271907180547714,0.8458018898963928,true_train_and_true_inner_val_selection
future_arousal_max_delta_rows_4_10_train_q90,binary,short_temporal_conv_residual,real_residual,20260635,12,0.15330712404102087,0.2401731610892239,0.015121428181319119,inner_val_pr_auc_delta_vs_frozen_ar,0.0025905328802764416,0.12502412497997284,0.8592754602432251,true_train_and_true_inner_val_selection
future_arousal_max_delta_rows_4_10_train_q90,binary,short_temporal_conv_residual,real_residual,20260635,13,0.15308193489909172,0.24021201553679847,0.015160282628893684,inner_val_pr_auc_delta_vs_frozen_ar,0.0026068221777677536,0.12905876338481903,0.8738430738449097,true_train_and_true_inner_val_selection
future_arousal_max_delta_rows_4_10_train_q90,binary,short_temporal_conv_residual,real_residual,20260635,14,0.15271879825741053,0.23957061609774635,0.01451888318984157,inner_val_pr_auc_delta_vs_frozen_ar,0.002621797611936927,0.13060200214385986,0.8775516152381897,true_train_and_true_inner_val_selection
future_arousal_max_delta_rows_4_10_train_q90,binary,short_temporal_conv_residual,real_residual,20260635,15,0.15243752021342516,0.23939494815922374,0.014343215251318958,inner_val_pr_auc_delta_vs_frozen_ar,0.002638143952935934,0.13388670980930328,0.8920993804931641,true_train_and_true_inner_val_selection
future_arousal_max_delta_rows_4_10_train_q90,binary,short_temporal_conv_residual,real_residual,20260635,16,0.15229643508791924,0.23916524052836238,0.0141135076204576,inner_val_pr_auc_delta_vs_frozen_ar,0.0026541249826550484,0.13611505925655365,0.9000011086463928,true_train_and_true_inner_val_selection
future_arousal_max_delta_rows_4_10_train_q90,binary,short_temporal_conv_residual,real_residual,20260635,17,0.15209563076496124,0.2383468412946891,0.013295108386784327,inner_val_pr_auc_delta_vs_frozen_ar,0.002670729998499155,0.1366981565952301,0.9037266373634338,true_train_and_true_inner_val_selection
future_arousal_max_delta_rows_4_10_train_q90,binary,short_temporal_conv_residual,real_residual,20260635,18,0.15185752138495445,0.23813073337874213,0.013079000470837349,inner_val_pr_auc_delta_vs_frozen_ar,0.0026880097575485706,0.13857175409793854,0.9095511436462402,true_train_and_true_inner_val_selection
future_arousal_max_delta_rows_4_10_train_q90,binary,short_temporal_conv_residual,real_residual,20260635,1,0.24929716624319553,0.2250262658055798,-2.546710232498306e-05,inner_val_pr_auc_delta_vs_frozen_ar,0.00375384627841413,0.02666417695581913,0.0734177678823471,true_train_and_true_inner_val_selection
future_arousal_max_delta_rows_4_10_train_q90,binary,short_temporal_conv_residual,real_residual,20260635,2,0.24870316311717033,0.22568049037958665,0.0006287574716818678,inner_val_pr_auc_delta_vs_frozen_ar,0.0038481212686747313,0.08648000657558441,0.5568331480026245,true_train_and_true_inner_val_selection
future_arousal_max_delta_rows_4_10_train_q90,binary,short_temporal_conv_residual,real_residual,20260635,3,0.248622871004045,0.22934645682517082,0.004294723917266041,inner_val_pr_auc_delta_vs_frozen_ar,0.003964110743254423,0.09585243463516235,0.6635721921920776,true_train_and_true_inner_val_selection
future_arousal_max_delta_rows_4_10_train_q90,binary,short_temporal_conv_residual,real_residual,20260635,4,0.24688263144344091,0.23590118601374674,0.010849453105841955,inner_val_pr_auc_delta_vs_frozen_ar,0.004084198269993067,0.10156214982271194,0.7029845118522644,true_train_and_true_inner_val_selection
future_arousal_max_delta_rows_4_10_train_q90,binary,short_temporal_conv_residual,real_residual,20260635,5,0.2446731673553586,0.23965023833530816,0.014598505427403374,inner_val_pr_auc_delta_vs_frozen_ar,0.004196587018668652,0.11083174496889114,0.7635931372642517,true_train_and_true_inner_val_selection
future_arousal_max_delta_rows_4_10_train_q90,binary,short_temporal_conv_residual,real_residual,20260635,6,0.24326959438621998,0.23779968657560643,0.01274795366770165,inner_val_pr_auc_delta_vs_frozen_ar,0.004251761361956596,0.11330433189868927,0.782834529876709,true_train_and_true_inner_val_selection
future_arousal_max_delta_rows_4_10_train_q90,binary,short_temporal_conv_residual,real_residual,20260635,7,0.24187644105404615,0.23641579445546915,0.011364061547564364,inner_val_pr_auc_delta_vs_frozen_ar,0.0043065366335213184,0.12026050686836243,0.8264439702033997,true_train_and_true_inner_val_selection
future_arousal_max_delta_rows_4_10_train_q90,binary,short_temporal_conv_residual,real_residual,20260635,8,0.24040271062403917,0.23518280270660052,0.010131069798695741,inner_val_pr_auc_delta_vs_frozen_ar,0.00436151959002018,0.1236480325460434,0.8558065891265869,true_train_and_true_inner_val_selection
future_arousal_max_delta_rows_4_10_train_q90,binary,short_temporal_conv_residual,real_residual,20260635,9,0.23922870866954327,0.23464135393053429,0.009589621022629502,inner_val_pr_auc_delta_vs_frozen_ar,0.004427067935466766,0.1271732747554779,0.8642975091934204,true_train_and_true_inner_val_selection
future_arousal_max_delta_rows_4_10_train_q90,binary,short_temporal_conv_residual,real_residual,20260635,10,0.23848228808492422,0.23402402681524512,0.008972293907340334,inner_val_pr_auc_delta_vs_frozen_ar,0.004488833248615265,0.130453959107399,0.8791067004203796,true_train_and_true_inner_val_selection
future_arousal_max_delta_rows_4_10_train_q90,binary,short_temporal_conv_residual,real_residual,20260635,11,0.23709284979850054,0.23263589550035138,0.007584162592446597,inner_val_pr_auc_delta_vs_frozen_ar,0.004551589023321867,0.1333002746105194,0.887462854385376,true_train_and_true_inner_val_selection
future_arousal_max_delta_rows_4_10_train_q90,binary,short_temporal_conv_residual,real_residual,20260635,12,0.2356557808816433,0.2309904367718401,0.0059387038639353296,inner_val_pr_auc_delta_vs_frozen_ar,0.004616165533661842,0.13570691645145416,0.8968878388404846,true_train_and_true_inner_val_selection
future_arousal_max_delta_rows_4_10_train_q90,binary,short_temporal_conv_residual,real_residual,20260635,13,0.23466853331774473,0.23077948460321057,0.005727751695305788,inner_val_pr_auc_delta_vs_frozen_ar,0.004675672389566898,0.13826699554920197,0.9040865302085876,true_train_and_true_inner_val_selection
future_arousal_max_delta_rows_4_10_train_q90,binary,short_temporal_conv_residual,shuffled_pca_residual,20260635,1,0.24927842989563942,0.22503252704432833,-1.9205863576454707e-05,inner_val_pr_auc_delta_vs_frozen_ar,0.003741726977750659,0.022108769044280052,0.054768383502960205,true_train_and_true_inner_val_selection
future_arousal_max_delta_rows_4_10_train_q90,binary,short_temporal_conv_residual,shuffled_pca_residual,20260635,2,0.24906132090836763,0.22499967751115715,-5.2055396747630045e-05,inner_val_pr_auc_delta_vs_frozen_ar,0.0038173370994627476,0.058010756969451904,0.27215903997421265,true_train_and_true_inner_val_selection
future_arousal_max_delta_rows_4_10_train_q90,binary,short_temporal_conv_residual,shuffled_pca_residual,20260635,3,0.2488511987030506,0.22503300855919098,-1.8724348713805572e-05,inner_val_pr_auc_delta_vs_frozen_ar,0.0039277044124901295,0.1380593478679657,0.7367855310440063,true_train_and_true_inner_val_selection
future_arousal_max_delta_rows_4_10_train_q90,binary,short_temporal_conv_residual,shuffled_pca_residual,20260635,4,0.24896602146327496,0.2252016092442365,0.00014987633633170572,inner_val_pr_auc_delta_vs_frozen_ar,0.004037077538669109,0.14266258478164673,0.7599153518676758,true_train_and_true_inner_val_selection
future_arousal_max_delta_rows_4_10_train_q90,binary,short_temporal_conv_residual,shuffled_pca_residual,20260635,5,0.24854701943695545,0.22511030704076068,5.857413285589863e-05,inner_val_pr_auc_delta_vs_frozen_ar,0.004155393689870834,0.1479678750038147,0.7885007858276367,true_train_and_true_inner_val_selection
future_arousal_max_delta_rows_4_10_train_q90,binary,short_temporal_conv_residual,shuffled_pca_residual,20260635,6,0.2477581761777401,0.2252764195992682,0.00022468669136341268,inner_val_pr_auc_delta_vs_frozen_ar,0.00427159434184432,0.13142874836921692,0.7150141000747681,true_train_and_true_inner_val_selection
future_arousal_max_delta_rows_4_10_train_q90,binary,short_temporal_conv_residual,shuffled_pca_residual,20260635,7,0.2473225500434637,0.2245435158118051,-0.000508217096099689,inner_val_pr_auc_delta_vs_frozen_ar,0.004381885286420584,0.1304318606853485,0.710783839225769,true_train_and_true_inner_val_selection
future_arousal_max_delta_rows_4_10_train_q90,binary,short_temporal_conv_residual,shuffled_pca_residual,20260635,8,0.24619079381227493,0.22256367002280478,-0.0024880628851000064,inner_val_pr_auc_delta_vs_frozen_ar,0.00448288768529892,0.12573492527008057,0.6873408555984497,true_train_and_true_inner_val_selection
future_arousal_max_delta_rows_4_10_train_q90,binary,short_temporal_conv_residual,shuffled_pca_residual,20260635,9,0.24494512658566236,0.21981891274093107,-0.005232820166973712,inner_val_pr_auc_delta_vs_frozen_ar,0.004564784932881594,0.11808966100215912,0.6457253098487854,true_train_and_true_inner_val_selection
future_arousal_max_delta_rows_4_10_train_q90,binary,short_temporal_conv_residual,shuffled_pca_residual,20260635,10,0.2445878116413951,0.21795537936927836,-0.007096353538626421,inner_val_pr_auc_delta_vs_frozen_ar,0.004628901369869709,0.11664018034934998,0.6362785696983337,true_train_and_true_inner_val_selection
future_arousal_max_delta_rows_4_10_train_q90,binary,short_temporal_conv_residual,shuffled_pca_residual,20260635,11,0.24397309869527817,0.21617684860346376,-0.008874884304441027,inner_val_pr_auc_delta_vs_frozen_ar,0.004683735780417919,0.11900744587182999,0.6560471653938293,true_train_and_true_inner_val_selection
future_arousal_max_delta_rows_4_10_train_q90,binary,short_temporal_conv_residual,shuffled_pca_residual,20260635,12,0.24313206505030394,0.21477590401244917,-0.010275828895455613,inner_val_pr_auc_delta_vs_frozen_ar,0.004732441157102585,0.12603214383125305,0.6984723210334778,true_train_and_true_inner_val_selection
future_arousal_max_delta_rows_4_10_train_q90,binary,short_temporal_conv_residual,shuffled_pca_residual,20260635,13,0.24246371909976006,0.2139976692438036,-0.011054063664101194,inner_val_pr_auc_delta_vs_frozen_ar,0.004786805249750614,0.1306886523962021,0.7249427437782288,true_train_and_true_inner_val_selection
future_arousal_max_delta_rows_4_10_train_q90,binary,short_temporal_conv_residual,shuffled_pca_residual,20260635,14,0.24180214945226908,0.21267952103850482,-0.012372211869399963,inner_val_pr_auc_delta_vs_frozen_ar,0.0048483870923519135,0.13720643520355225,0.7554206252098083,true_train_and_true_inner_val_selection
future_arousal_max_delta_rows_4_10_train_q90,binary,short_temporal_conv_residual,random_pca_residual,20260635,1,0.24911050871014595,0.22503091598557956,-2.081692232522303e-05,inner_val_pr_auc_delta_vs_frozen_ar,0.0037400948349386454,0.022524414584040642,0.05773445591330528,true_train_and_true_inner_val_selection
future_arousal_max_delta_rows_4_10_train_q90,binary,short_temporal_conv_residual,random_pca_residual,20260635,2,0.24925388768315315,0.22499589961870392,-5.5833289200862835e-05,inner_val_pr_auc_delta_vs_frozen_ar,0.0038137203082442284,0.06210136041045189,0.30243122577667236,true_train_and_true_inner_val_selection
future_arousal_max_delta_rows_4_10_train_q90,binary,short_temporal_conv_residual,random_pca_residual,20260635,3,0.248981561511755,0.22490919085001806,-0.0001425420578867187,inner_val_pr_auc_delta_vs_frozen_ar,0.003920793067663908,0.14283955097198486,0.7633499503135681,true_train_and_true_inner_val_selection
future_arousal_max_delta_rows_4_10_train_q90,binary,short_temporal_conv_residual,random_pca_residual,20260635,4,0.24858432170003653,0.2247775750428641,-0.0002741578650406751,inner_val_pr_auc_delta_vs_frozen_ar,0.004032294265925884,0.157170370221138,0.8260185718536377,true_train_and_true_inner_val_selection
future_arousal_max_delta_rows_4_10_train_q90,binary,short_temporal_conv_residual,random_pca_residual,20260635,5,0.24830528255552053,0.2243639294815229,-0.0006878034263818888,inner_val_pr_auc_delta_vs_frozen_ar,0.004149163141846657,0.15393783152103424,0.8180030584335327,true_train_and_true_inner_val_selection
future_arousal_max_delta_rows_4_10_train_q90,binary,short_temporal_conv_residual,random_pca_residual,20260635,6,0.2478097202256322,0.2230925839593662,-0.001959148948538575,inner_val_pr_auc_delta_vs_frozen_ar,0.0042634508572518826,0.1467897593975067,0.790786623954773,true_train_and_true_inner_val_selection
future_arousal_max_delta_rows_4_10_train_q90,binary,short_temporal_conv_residual,random_pca_residual,20260635,7,0.24644267465919256,0.2205428088725406,-0.004508924035364181,inner_val_pr_auc_delta_vs_frozen_ar,0.004375237971544266,0.14267663657665253,0.773665726184845,true_train_and_true_inner_val_selection
future_arousal_max_delta_rows_4_10_train_q90,binary,short_temporal_conv_residual,random_pca_residual,20260635,8,0.2460715500637889,0.21588585950107123,-0.009165873406833558,inner_val_pr_auc_delta_vs_frozen_ar,0.00447264825925231,0.1414562314748764,0.7713829278945923,true_train_and_true_inner_val_selection
future_arousal_max_delta_rows_4_10_train_q90,binary,short_temporal_conv_residual,label_permutation_residual,20260635,1,0.288589546456933,0.09798628392466881,-5.461763303959977e-06,inner_val_pr_auc_delta_vs_frozen_ar,0.0037279725074768066,0.02331872470676899,0.05079818144440651,permuted_train_and_permuted_inner_val_selection
future_arousal_max_delta_rows_4_10_train_q90,binary,short_temporal_conv_residual,label_permutation_residual,20260635,2,0.2891639396548271,0.09798637146875766,-5.374219215106835e-06,inner_val_pr_auc_delta_vs_frozen_ar,0.0036767348647117615,0.024444563314318657,0.060335271060466766,permuted_train_and_permuted_inner_val_selection
future_arousal_max_delta_rows_4_10_train_q90,binary,short_temporal_conv_residual,label_permutation_residual,20260635,3,0.2885538712143898,0.09799182222584442,7.65378716516274e-08,inner_val_pr_auc_delta_vs_frozen_ar,0.0037317820824682713,0.040412601083517075,0.18049775063991547,permuted_train_and_permuted_inner_val_selection
future_arousal_max_delta_rows_4_10_train_q90,binary,short_temporal_conv_residual,label_permutation_residual,20260635,4,0.28906326554715633,0.09798374797637259,-7.99771160017726e-06,inner_val_pr_auc_delta_vs_frozen_ar,0.003826975356787443,0.07219503819942474,0.42585045099258423,permuted_train_and_permuted_inner_val_selection
future_arousal_max_delta_rows_4_10_train_q90,binary,short_temporal_conv_residual,label_permutation_residual,20260635,5,0.2884084936231375,0.09798510385607721,-6.641831895554118e-06,inner_val_pr_auc_delta_vs_frozen_ar,0.003929946105927229,0.07363792508840561,0.40782952308654785,permuted_train_and_permuted_inner_val_selection
future_arousal_max_delta_rows_4_10_train_q90,binary,short_temporal_conv_residual,label_permutation_residual,20260635,6,0.2880105245858431,0.09795556857274236,-3.61771152304069e-05,inner_val_pr_auc_delta_vs_frozen_ar,0.0040354374796152115,0.08898897469043732,0.5127726197242737,permuted_train_and_permuted_inner_val_selection
future_arousal_max_delta_rows_4_10_train_q90,binary,short_temporal_conv_residual,label_permutation_residual,20260635,7,0.2881656792014837,0.09794361374841012,-4.8131939562642834e-05,inner_val_pr_auc_delta_vs_frozen_ar,0.004124784842133522,0.07976359128952026,0.45445573329925537,permuted_train_and_permuted_inner_val_selection
future_arousal_max_delta_rows_4_10_train_q90,binary,short_temporal_conv_residual,label_permutation_residual,20260635,8,0.28743248246610165,0.0979823320732716,-9.413614701164752e-06,inner_val_pr_auc_delta_vs_frozen_ar,0.004184212069958448,0.0775768831372261,0.44326233863830566,permuted_train_and_permuted_inner_val_selection
future_arousal_max_delta_rows_4_10_train_q90,binary,short_temporal_conv_residual,label_permutation_residual,20260635,9,0.2868289928883314,0.09811243870739209,0.00012069301941931843,inner_val_pr_auc_delta_vs_frozen_ar,0.004240197595208883,0.08417803049087524,0.49836841225624084,permuted_train_and_permuted_inner_val_selection
future_arousal_max_delta_rows_4_10_train_q90,binary,short_temporal_conv_residual,label_permutation_residual,20260635,10,0.2866663783788681,0.09816110153397961,0.00016935584600684395,inner_val_pr_auc_delta_vs_frozen_ar,0.004282967187464237,0.08331651240587234,0.4921676218509674,permuted_train_and_permuted_inner_val_selection
future_arousal_max_delta_rows_4_10_train_q90,binary,short_temporal_conv_residual,label_permutation_residual,20260635,11,0.2866947799921036,0.09820851466931615,0.00021676898134338762,inner_val_pr_auc_delta_vs_frozen_ar,0.004329853691160679,0.08711405843496323,0.5293404459953308,permuted_train_and_permuted_inner_val_selection
future_arousal_max_delta_rows_4_10_train_q90,binary,short_temporal_conv_residual,label_permutation_residual,20260635,12,0.28658716566860676,0.09822316601947087,0.00023142033149810282,inner_val_pr_auc_delta_vs_frozen_ar,0.004365414381027222,0.08891796320676804,0.5444513559341431,permuted_train_and_permuted_inner_val_selection
future_arousal_max_delta_rows_4_10_train_q90,binary,short_temporal_conv_residual,label_permutation_residual,20260635,13,0.2863954193890095,0.0982179548913576,0.00022620920338482786,inner_val_pr_auc_delta_vs_frozen_ar,0.0044156815856695175,0.09145325422286987,0.5629681348800659,permuted_train_and_permuted_inner_val_selection
future_arousal_max_delta_rows_4_10_train_q90,binary,short_temporal_conv_residual,label_permutation_residual,20260635,14,0.2857198417186737,0.09827354144568815,0.0002817957577153779,inner_val_pr_auc_delta_vs_frozen_ar,0.004461392760276794,0.09520453959703445,0.5944073796272278,permuted_train_and_permuted_inner_val_selection
future_arousal_max_delta_rows_4_10_train_q90,binary,short_temporal_conv_residual,label_permutation_residual,20260635,15,0.28608995862305164,0.09828328491930101,0.00029153923132824167,inner_val_pr_auc_delta_vs_frozen_ar,0.004505041055381298,0.09737983345985413,0.6107977032661438,permuted_train_and_permuted_inner_val_selection
future_arousal_max_delta_rows_4_10_train_q90,binary,short_temporal_conv_residual,label_permutation_residual,20260635,16,0.2854127138853073,0.09838040627615592,0.00038866058818315397,inner_val_pr_auc_delta_vs_frozen_ar,0.004546161741018295,0.1000133752822876,0.6289318799972534,permuted_train_and_permuted_inner_val_selection
future_arousal_max_delta_rows_4_10_train_q90,binary,short_temporal_conv_residual,label_permutation_residual,20260635,17,0.28527626395225525,0.0984015772513757,0.0004098315634029348,inner_val_pr_auc_delta_vs_frozen_ar,0.004588691052049398,0.10211306065320969,0.6462526321411133,permuted_train_and_permuted_inner_val_selection
future_arousal_max_delta_rows_4_10_train_q90,binary,short_temporal_conv_residual,label_permutation_residual,20260635,18,0.2851178999990225,0.09841634237587546,0.00042459668790269245,inner_val_pr_auc_delta_vs_frozen_ar,0.004634964279830456,0.10599640756845474,0.6728265881538391,permuted_train_and_permuted_inner_val_selection
future_arousal_max_delta_rows_4_10_train_q90,binary,short_temporal_conv_residual,label_permutation_residual,20260635,19,0.28445275500416756,0.09843866972380264,0.00044692403582986817,inner_val_pr_auc_delta_vs_frozen_ar,0.004685071296989918,0.10719356685876846,0.6812422275543213,permuted_train_and_permuted_inner_val_selection
future_arousal_max_delta_rows_4_10_train_q90,binary,short_temporal_conv_residual,label_permutation_residual,20260635,20,0.2843536715954542,0.09851088453393833,0.0005191388459655638,inner_val_pr_auc_delta_vs_frozen_ar,0.004734948743134737,0.10761253535747528,0.6835157871246338,permuted_train_and_permuted_inner_val_selection
future_arousal_max_delta_rows_4_10_train_q90,binary,short_temporal_conv_residual,label_permutation_residual,20260635,21,0.28377589769661427,0.09852060377081265,0.0005288580828398809,inner_val_pr_auc_delta_vs_frozen_ar,0.004785615485161543,0.11311382800340652,0.7249951362609863,permuted_train_and_permuted_inner_val_selection
future_arousal_max_delta_rows_4_10_train_q90,binary,short_temporal_conv_residual,label_permutation_residual,20260635,22,0.28361094556748867,0.09857184469843827,0.000580099010465504,inner_val_pr_auc_delta_vs_frozen_ar,0.004832269623875618,0.11283218860626221,0.7227035164833069,permuted_train_and_permuted_inner_val_selection
future_arousal_max_delta_rows_4_10_train_q90,binary,short_temporal_conv_residual,label_permutation_residual,20260635,23,0.2834112048149109,0.09865446452472731,0.0006627188367545472,inner_val_pr_auc_delta_vs_frozen_ar,0.004883026238530874,0.11462773382663727,0.7365702390670776,permuted_train_and_permuted_inner_val_selection
future_arousal_max_delta_rows_4_10_train_q90,binary,short_temporal_conv_residual,label_permutation_residual,20260635,24,0.28236884996294975,0.09863030725605713,0.000638561568084367,inner_val_pr_auc_delta_vs_frozen_ar,0.004942209459841251,0.11813326925039291,0.7612245082855225,permuted_train_and_permuted_inner_val_selection
future_arousal_max_delta_rows_4_10_train_q90,binary,short_temporal_conv_residual,label_permutation_residual,20260635,25,0.28228647634387016,0.09867015047544724,0.0006784047874744681,inner_val_pr_auc_delta_vs_frozen_ar,0.004999329801648855,0.11838777363300323,0.7611634135246277,permuted_train_and_permuted_inner_val_selection
future_arousal_max_delta_rows_4_10_train_q90,binary,short_temporal_conv_residual,label_permutation_residual,20260635,26,0.28237350657582283,0.09867577332965026,0.0006840276416774926,inner_val_pr_auc_delta_vs_frozen_ar,0.005053482949733734,0.1203697919845581,0.7724000811576843,permuted_train_and_permuted_inner_val_selection
future_arousal_max_delta_rows_4_10_train_q90,binary,short_temporal_conv_residual,label_permutation_residual,20260635,27,0.28126438707113266,0.09863269406378208,0.0006409483758093165,inner_val_pr_auc_delta_vs_frozen_ar,0.005112289451062679,0.12236737459897995,0.7860612869262695,permuted_train_and_permuted_inner_val_selection
future_arousal_max_delta_rows_4_10_train_q90,binary,short_temporal_conv_residual,label_permutation_residual,20260635,28,0.28146969340741634,0.09860968898481565,0.0006179432968428794,inner_val_pr_auc_delta_vs_frozen_ar,0.005175353959202766,0.12345883250236511,0.794742226600647,permuted_train_and_permuted_inner_val_selection
future_arousal_max_delta_rows_4_10_train_q90,binary,short_temporal_conv_residual,label_permutation_residual,20260635,29,0.2807382829487324,0.09865423527124484,0.0006624895832720717,inner_val_pr_auc_delta_vs_frozen_ar,0.0052392915822565556,0.12696202099323273,0.8153405785560608,permuted_train_and_permuted_inner_val_selection
future_arousal_max_delta_rows_4_10_train_q90,binary,short_temporal_conv_residual,label_permutation_residual,20260635,30,0.2798681892454624,0.09861582458831161,0.0006240789003388453,inner_val_pr_auc_delta_vs_frozen_ar,0.005303347483277321,0.1274225115776062,0.8176745772361755,permuted_train_and_permuted_inner_val_selection
future_arousal_max_delta_rows_4_10_train_q90,binary,short_temporal_conv_residual,label_permutation_residual,20260635,31,0.2793950866907835,0.09857403828762316,0.0005822925996503969,inner_val_pr_auc_delta_vs_frozen_ar,0.00536986393854022,0.13040460646152496,0.8354039788246155,permuted_train_and_permuted_inner_val_selection
future_arousal_max_delta_rows_4_10_train_q90,binary,short_temporal_conv_residual,label_permutation_residual,20260635,32,0.2786205317825079,0.0985955349697801,0.0006037892818073348,inner_val_pr_auc_delta_vs_frozen_ar,0.005430635530501604,0.13119670748710632,0.8388956189155579,permuted_train_and_permuted_inner_val_selection
future_arousal_max_delta_rows_4_10_train_q90,binary,short_temporal_conv_residual,label_permutation_residual,20260635,33,0.27858390659093857,0.09856361759204108,0.0005718719040683079,inner_val_pr_auc_delta_vs_frozen_ar,0.005500197876244783,0.13281407952308655,0.8484911918640137,permuted_train_and_permuted_inner_val_selection
future_arousal_max_delta_rows_4_10_train_q90,binary,short_temporal_conv_residual,label_permutation_residual,20260635,34,0.2776197735220194,0.09858114342566376,0.000589397737690997,inner_val_pr_auc_delta_vs_frozen_ar,0.005566686857491732,0.1345033347606659,0.854221761226654,permuted_train_and_permuted_inner_val_selection
future_arousal_max_delta_rows_4_10_train_q90,binary,short_temporal_conv_residual,train_only_video_mean_residual,20260635,1,0.24912036955356598,0.22505471766644847,2.984758543683741e-06,inner_val_pr_auc_delta_vs_frozen_ar,0.0037878616712987423,0.04706903547048569,0.1864626258611679,true_train_and_true_inner_val_selection
future_arousal_max_delta_rows_4_10_train_q90,binary,short_temporal_conv_residual,train_only_video_mean_residual,20260635,2,0.249099581502378,0.22572863279521754,0.0006768998873127596,inner_val_pr_auc_delta_vs_frozen_ar,0.0038903558161109686,0.1626175194978714,0.9666428565979004,true_train_and_true_inner_val_selection
future_arousal_max_delta_rows_4_10_train_q90,binary,short_temporal_conv_residual,train_only_video_mean_residual,20260635,3,0.24830087274312973,0.22776480249938041,0.002713069591475631,inner_val_pr_auc_delta_vs_frozen_ar,0.004008248448371887,0.23352530598640442,0.9973501563072205,true_train_and_true_inner_val_selection
future_arousal_max_delta_rows_4_10_train_q90,binary,short_temporal_conv_residual,train_only_video_mean_residual,20260635,4,0.2456037886440754,0.22199930317677435,-0.0030524297311304294,inner_val_pr_auc_delta_vs_frozen_ar,0.004125721286982298,0.261932373046875,0.9995331168174744,true_train_and_true_inner_val_selection
future_arousal_max_delta_rows_4_10_train_q90,binary,short_temporal_conv_residual,train_only_video_mean_residual,20260635,5,0.2431692285463214,0.22379064447906008,-0.0012610884288447033,inner_val_pr_auc_delta_vs_frozen_ar,0.004206070676445961,0.27235448360443115,0.9997968077659607,true_train_and_true_inner_val_selection
future_arousal_max_delta_rows_4_10_train_q90,binary,short_temporal_conv_residual,train_only_video_mean_residual,20260635,6,0.24188542738556862,0.22441036599847475,-0.0006413669094300356,inner_val_pr_auc_delta_vs_frozen_ar,0.004263120703399181,0.2790941596031189,0.9998878240585327,true_train_and_true_inner_val_selection
future_arousal_max_delta_rows_4_10_train_q90,binary,short_temporal_conv_residual,train_only_video_mean_residual,20260635,7,0.24037072714418173,0.22510697579695835,5.524288905356389e-05,inner_val_pr_auc_delta_vs_frozen_ar,0.004324000794440508,0.28419116139411926,0.9999275207519531,true_train_and_true_inner_val_selection
future_arousal_max_delta_rows_4_10_train_q90,binary,short_temporal_conv_residual,train_only_video_mean_residual,20260635,8,0.23969783261418343,0.22342130250646958,-0.0016304304014352067,inner_val_pr_auc_delta_vs_frozen_ar,0.0043794261291623116,0.2891620397567749,0.9999595880508423,true_train_and_true_inner_val_selection
future_arousal_max_delta_rows_4_10_train_q90,binary,short_temporal_conv_residual,train_only_video_mean_residual,20260635,9,0.23917249217629433,0.22310439643150576,-0.0019473364763990253,inner_val_pr_auc_delta_vs_frozen_ar,0.004429475869983435,0.2940509617328644,0.999970555305481,true_train_and_true_inner_val_selection
future_arousal_max_delta_rows_4_10_train_q90,binary,short_temporal_conv_residual,train_only_video_mean_residual,20260635,10,0.2377162054181099,0.22067033244588036,-0.004381400462024426,inner_val_pr_auc_delta_vs_frozen_ar,0.004484445322304964,0.30080538988113403,0.9999790787696838,true_train_and_true_inner_val_selection
future_arousal_max_delta_rows_4_10_train_q90,binary,short_temporal_conv_residual,train_only_video_mean_residual,20260635,11,0.23719416838139296,0.22051564280550787,-0.004536090102396917,inner_val_pr_auc_delta_vs_frozen_ar,0.004532919730991125,0.30722448229789734,0.9999884366989136,true_train_and_true_inner_val_selection
future_arousal_max_delta_rows_4_10_train_q90,binary,short_temporal_conv_residual,diagnostics_only_residual,20260635,1,0.24931912496685982,0.22493071396576844,-0.00012101894213634168,inner_val_pr_auc_delta_vs_frozen_ar,0.0038260542787611485,0.031879816204309464,0.10671347379684448,true_train_and_true_inner_val_selection
future_arousal_max_delta_rows_4_10_train_q90,binary,short_temporal_conv_residual,diagnostics_only_residual,20260635,2,0.24898666329681873,0.22496909983361835,-8.263307428643674e-05,inner_val_pr_auc_delta_vs_frozen_ar,0.0039093452505767345,0.027504319325089455,0.09108077734708786,true_train_and_true_inner_val_selection
future_arousal_max_delta_rows_4_10_train_q90,binary,short_temporal_conv_residual,diagnostics_only_residual,20260635,3,0.24862338695675135,0.22502512715493614,-2.6605752968644758e-05,inner_val_pr_auc_delta_vs_frozen_ar,0.003951752092689276,0.03226315230131149,0.11827632039785385,true_train_and_true_inner_val_selection
future_arousal_max_delta_rows_4_10_train_q90,binary,short_temporal_conv_residual,diagnostics_only_residual,20260635,4,0.24880506563931704,0.2250188436940851,-3.288921381969234e-05,inner_val_pr_auc_delta_vs_frozen_ar,0.003945637494325638,0.04663638770580292,0.19671396911144257,true_train_and_true_inner_val_selection
future_arousal_max_delta_rows_4_10_train_q90,binary,short_temporal_conv_residual,diagnostics_only_residual,20260635,5,0.24853445310145617,0.22506980661427603,1.8073706371246612e-05,inner_val_pr_auc_delta_vs_frozen_ar,0.003968123346567154,0.0805729404091835,0.39130479097366333,true_train_and_true_inner_val_selection
future_arousal_max_delta_rows_4_10_train_q90,binary,short_temporal_conv_residual,diagnostics_only_residual,20260635,6,0.248383485712111,0.22507686514495281,2.5132237048031136e-05,inner_val_pr_auc_delta_vs_frozen_ar,0.00397390965372324,0.0908370390534401,0.4504668116569519,true_train_and_true_inner_val_selection
future_arousal_max_delta_rows_4_10_train_q90,binary,short_temporal_conv_residual,diagnostics_only_residual,20260635,7,0.24853096809238195,0.2251138389724053,6.210606450052225e-05,inner_val_pr_auc_delta_vs_frozen_ar,0.003995081875473261,0.14606793224811554,0.723979115486145,true_train_and_true_inner_val_selection
future_arousal_max_delta_rows_4_10_train_q90,binary,short_temporal_conv_residual,diagnostics_only_residual,20260635,8,0.2485228730365634,0.22430064242560838,-0.0007510904822964071,inner_val_pr_auc_delta_vs_frozen_ar,0.004014648497104645,0.23776721954345703,0.9573273658752441,true_train_and_true_inner_val_selection
future_arousal_max_delta_rows_4_10_train_q90,binary,short_temporal_conv_residual,diagnostics_only_residual,20260635,9,0.2483707321807742,0.22324661921043615,-0.0018051136974686355,inner_val_pr_auc_delta_vs_frozen_ar,0.00403788173571229,0.2984004616737366,0.995915949344635,true_train_and_true_inner_val_selection
future_arousal_max_delta_rows_4_10_train_q90,binary,short_temporal_conv_residual,diagnostics_only_residual,20260635,10,0.24834409169852734,0.2225341328430297,-0.0025176000648750863,inner_val_pr_auc_delta_vs_frozen_ar,0.004054721910506487,0.3039507567882538,0.9969190955162048,true_train_and_true_inner_val_selection
future_arousal_max_delta_rows_4_10_train_q90,binary,short_temporal_conv_residual,diagnostics_only_residual,20260635,11,0.24832221772521734,0.22321327421631965,-0.0018384586915851375,inner_val_pr_auc_delta_vs_frozen_ar,0.004075744189321995,0.3032132089138031,0.9967765808105469,true_train_and_true_inner_val_selection
future_arousal_max_delta_rows_4_10_train_q90,binary,short_temporal_conv_residual,diagnostics_only_residual,20260635,12,0.24795515276491642,0.22268476219049183,-0.0023669707174129584,inner_val_pr_auc_delta_vs_frozen_ar,0.004095886833965778,0.29457664489746094,0.9951846599578857,true_train_and_true_inner_val_selection
future_arousal_max_delta_rows_4_10_train_q90,binary,short_temporal_conv_residual,diagnostics_only_residual,20260635,13,0.24813367892056704,0.22286375643310724,-0.0021879764747975428,inner_val_pr_auc_delta_vs_frozen_ar,0.004110129550099373,0.30039656162261963,0.9966832995414734,true_train_and_true_inner_val_selection
future_arousal_max_delta_rows_4_10_train_q90,binary,short_temporal_conv_residual,diagnostics_only_residual,20260635,14,0.24826924223452806,0.22244660351598122,-0.0026051293919235607,inner_val_pr_auc_delta_vs_frozen_ar,0.004129474051296711,0.30074548721313477,0.9968790411949158,true_train_and_true_inner_val_selection
future_arousal_max_delta_rows_4_10_train_q90,binary,short_temporal_conv_residual,diagnostics_only_residual,20260635,15,0.2482051020488143,0.22232617587480707,-0.0027255570330977086,inner_val_pr_auc_delta_vs_frozen_ar,0.004141872748732567,0.29817578196525574,0.9965754151344299,true_train_and_true_inner_val_selection
future_arousal_max_delta_rows_4_10_train_q90,binary,short_temporal_conv_residual,real_residual,20260636,1,0.15707875788211823,0.22444981207658085,-0.00013821466574245878,inner_val_pr_auc_delta_vs_frozen_ar,0.002145548118278384,0.020856043323874474,0.04502483457326889,true_train_and_true_inner_val_selection
future_arousal_max_delta_rows_4_10_train_q90,binary,short_temporal_conv_residual,real_residual,20260636,2,0.15705942083150148,0.22445273948416308,-0.00013528725816022713,inner_val_pr_auc_delta_vs_frozen_ar,0.0021573721896857023,0.021481316536664963,0.049240607768297195,true_train_and_true_inner_val_selection
future_arousal_max_delta_rows_4_10_train_q90,binary,short_temporal_conv_residual,real_residual,20260636,3,0.15740150585770607,0.22446971238792313,-0.00011831435440018412,inner_val_pr_auc_delta_vs_frozen_ar,0.002180265262722969,0.022710848599672318,0.05835123732686043,true_train_and_true_inner_val_selection
future_arousal_max_delta_rows_4_10_train_q90,binary,short_temporal_conv_residual,real_residual,20260636,4,0.15713529475033283,0.22447685964485717,-0.00011116709746614162,inner_val_pr_auc_delta_vs_frozen_ar,0.0022134988103061914,0.030687857419252396,0.1042499765753746,true_train_and_true_inner_val_selection
future_arousal_max_delta_rows_4_10_train_q90,binary,short_temporal_conv_residual,real_residual,20260636,5,0.15702235139906406,0.22452026601937372,-6.776072294958913e-05,inner_val_pr_auc_delta_vs_frozen_ar,0.0022592307068407536,0.05626498535275459,0.2783850133419037,true_train_and_true_inner_val_selection
future_arousal_max_delta_rows_4_10_train_q90,binary,short_temporal_conv_residual,real_residual,20260636,6,0.15709137916564941,0.22465685014380712,6.882340148381405e-05,inner_val_pr_auc_delta_vs_frozen_ar,0.0023082063999027014,0.0688239112496376,0.3924788236618042,true_train_and_true_inner_val_selection
future_arousal_max_delta_rows_4_10_train_q90,binary,short_temporal_conv_residual,real_residual,20260636,7,0.15709521155804396,0.22495237647984234,0.0003643497375190319,inner_val_pr_auc_delta_vs_frozen_ar,0.002358674304559827,0.08224377036094666,0.5123053193092346,true_train_and_true_inner_val_selection
future_arousal_max_delta_rows_4_10_train_q90,binary,short_temporal_conv_residual,real_residual,20260636,8,0.1571069322526455,0.22553790257125023,0.000949875828926916,inner_val_pr_auc_delta_vs_frozen_ar,0.002407498424872756,0.0928589478135109,0.6090221405029297,true_train_and_true_inner_val_selection
future_arousal_max_delta_rows_4_10_train_q90,binary,short_temporal_conv_residual,real_residual,20260636,9,0.1565636470913887,0.22672454730359667,0.002136520561273364,inner_val_pr_auc_delta_vs_frozen_ar,0.002455333014950156,0.10115347057580948,0.6835618019104004,true_train_and_true_inner_val_selection
future_arousal_max_delta_rows_4_10_train_q90,binary,short_temporal_conv_residual,real_residual,20260636,10,0.15613302029669285,0.22869212007605408,0.004104093333730768,inner_val_pr_auc_delta_vs_frozen_ar,0.002503381110727787,0.10854470729827881,0.7365570068359375,true_train_and_true_inner_val_selection
future_arousal_max_delta_rows_4_10_train_q90,binary,short_temporal_conv_residual,real_residual,20260636,11,0.15572909731417894,0.23060698006262476,0.006018953320301446,inner_val_pr_auc_delta_vs_frozen_ar,0.0025503956712782383,0.11399984359741211,0.7759114503860474,true_train_and_true_inner_val_selection
future_arousal_max_delta_rows_4_10_train_q90,binary,short_temporal_conv_residual,real_residual,20260636,12,0.15501336380839348,0.232118695981086,0.007530669238762694,inner_val_pr_auc_delta_vs_frozen_ar,0.002594616962596774,0.12024800479412079,0.8138022422790527,true_train_and_true_inner_val_selection
future_arousal_max_delta_rows_4_10_train_q90,binary,short_temporal_conv_residual,real_residual,20260636,13,0.15455750282853842,0.2320964925579256,0.0075084658156023,inner_val_pr_auc_delta_vs_frozen_ar,0.002635085955262184,0.12372919917106628,0.8359294533729553,true_train_and_true_inner_val_selection
future_arousal_max_delta_rows_4_10_train_q90,binary,short_temporal_conv_residual,real_residual,20260636,14,0.15399218909442425,0.23085084841731165,0.006262821674988345,inner_val_pr_auc_delta_vs_frozen_ar,0.0026703791227191687,0.1268211007118225,0.8496527075767517,true_train_and_true_inner_val_selection
future_arousal_max_delta_rows_4_10_train_q90,binary,short_temporal_conv_residual,real_residual,20260636,15,0.15347439423203468,0.22902141317014216,0.004433386427818847,inner_val_pr_auc_delta_vs_frozen_ar,0.0027005448937416077,0.13126014173030853,0.8677722811698914,true_train_and_true_inner_val_selection
future_arousal_max_delta_rows_4_10_train_q90,binary,short_temporal_conv_residual,real_residual,20260636,16,0.1532451556995511,0.22702738985706677,0.0024393631147434647,inner_val_pr_auc_delta_vs_frozen_ar,0.0027280047070235014,0.13345575332641602,0.8762571215629578,true_train_and_true_inner_val_selection
future_arousal_max_delta_rows_4_10_train_q90,binary,short_temporal_conv_residual,real_residual,20260636,17,0.15277949813753366,0.22581386868997327,0.0012258419476499638,inner_val_pr_auc_delta_vs_frozen_ar,0.0027516682166606188,0.13679195940494537,0.8896966576576233,true_train_and_true_inner_val_selection
future_arousal_max_delta_rows_4_10_train_q90,binary,short_temporal_conv_residual,real_residual,20260636,18,0.1524958536028862,0.2244087064394239,-0.0001793203028994106,inner_val_pr_auc_delta_vs_frozen_ar,0.0027743219397962093,0.1391785442829132,0.8992814421653748,true_train_and_true_inner_val_selection
future_arousal_max_delta_rows_4_10_train_q90,binary,short_temporal_conv_residual,real_residual,20260636,19,0.15216827765107155,0.22310774853776127,-0.0014802782045620355,inner_val_pr_auc_delta_vs_frozen_ar,0.0027985218912363052,0.14195652306079865,0.9064571857452393,true_train_and_true_inner_val_selection
future_arousal_max_delta_rows_4_10_train_q90,binary,short_temporal_conv_residual,real_residual,20260636,20,0.15171763114631176,0.22163185957520026,-0.002956167167123047,inner_val_pr_auc_delta_vs_frozen_ar,0.0028221288230270147,0.14387796819210052,0.9117238521575928,true_train_and_true_inner_val_selection
future_arousal_max_delta_rows_4_10_train_q90,binary,short_temporal_conv_residual,real_residual,20260636,1,0.24786862265318632,0.22456846662746677,-1.9560114856542743e-05,inner_val_pr_auc_delta_vs_frozen_ar,0.003792230971157551,0.020438937470316887,0.04533378407359123,true_train_and_true_inner_val_selection
future_arousal_max_delta_rows_4_10_train_q90,binary,short_temporal_conv_residual,real_residual,20260636,2,0.24780686758458614,0.22488992270248956,0.00030189596016624853,inner_val_pr_auc_delta_vs_frozen_ar,0.003883341094478965,0.04717886075377464,0.18245263397693634,true_train_and_true_inner_val_selection
future_arousal_max_delta_rows_4_10_train_q90,binary,short_temporal_conv_residual,real_residual,20260636,3,0.24802813958376646,0.22675343390295194,0.0021654071606286296,inner_val_pr_auc_delta_vs_frozen_ar,0.004001376684755087,0.06817620247602463,0.34863001108169556,true_train_and_true_inner_val_selection
future_arousal_max_delta_rows_4_10_train_q90,binary,short_temporal_conv_residual,real_residual,20260636,4,0.2465353412553668,0.23163962795256138,0.007051601210238068,inner_val_pr_auc_delta_vs_frozen_ar,0.00412412267178297,0.08747939765453339,0.5558115839958191,true_train_and_true_inner_val_selection
future_arousal_max_delta_rows_4_10_train_q90,binary,short_temporal_conv_residual,real_residual,20260636,5,0.2441155407577753,0.23866111072341864,0.01407308398109533,inner_val_pr_auc_delta_vs_frozen_ar,0.004236969631165266,0.09394913911819458,0.6130757331848145,true_train_and_true_inner_val_selection
future_arousal_max_delta_rows_4_10_train_q90,binary,short_temporal_conv_residual,real_residual,20260636,6,0.24238406401127577,0.23847488196395764,0.013886855221634326,inner_val_pr_auc_delta_vs_frozen_ar,0.004294472746551037,0.09615975618362427,0.6299023628234863,true_train_and_true_inner_val_selection
future_arousal_max_delta_rows_4_10_train_q90,binary,short_temporal_conv_residual,real_residual,20260636,7,0.24146523233503103,0.2379329502423317,0.013344923500008377,inner_val_pr_auc_delta_vs_frozen_ar,0.004328190814703703,0.10214806348085403,0.6779341101646423,true_train_and_true_inner_val_selection
future_arousal_max_delta_rows_4_10_train_q90,binary,short_temporal_conv_residual,real_residual,20260636,8,0.24088178481906652,0.2356050424083455,0.0110170156660222,inner_val_pr_auc_delta_vs_frozen_ar,0.004373408388346434,0.10627139359712601,0.7132415175437927,true_train_and_true_inner_val_selection
future_arousal_max_delta_rows_4_10_train_q90,binary,short_temporal_conv_residual,real_residual,20260636,9,0.23943371698260307,0.23515475660195218,0.010566729859628865,inner_val_pr_auc_delta_vs_frozen_ar,0.004419766832143068,0.10937180370092392,0.7459746599197388,true_train_and_true_inner_val_selection
future_arousal_max_delta_rows_4_10_train_q90,binary,short_temporal_conv_residual,real_residual,20260636,10,0.2383089391514659,0.23214566652505034,0.007557639782727027,inner_val_pr_auc_delta_vs_frozen_ar,0.004476960748434067,0.11203952133655548,0.7774487137794495,true_train_and_true_inner_val_selection
future_arousal_max_delta_rows_4_10_train_q90,binary,short_temporal_conv_residual,real_residual,20260636,11,0.2374384431168437,0.22948470148557254,0.00489667474324923,inner_val_pr_auc_delta_vs_frozen_ar,0.004537832457572222,0.115479476749897,0.8038682341575623,true_train_and_true_inner_val_selection
future_arousal_max_delta_rows_4_10_train_q90,binary,short_temporal_conv_residual,real_residual,20260636,12,0.23610192630439997,0.2289471213277891,0.004359094585465795,inner_val_pr_auc_delta_vs_frozen_ar,0.004595845937728882,0.11711352318525314,0.825683057308197,true_train_and_true_inner_val_selection
future_arousal_max_delta_rows_4_10_train_q90,binary,short_temporal_conv_residual,real_residual,20260636,13,0.2350409785285592,0.22672120878939325,0.0021331820470699425,inner_val_pr_auc_delta_vs_frozen_ar,0.004660521633923054,0.11918643862009048,0.8483260273933411,true_train_and_true_inner_val_selection
future_arousal_max_delta_rows_4_10_train_q90,binary,short_temporal_conv_residual,shuffled_pca_residual,20260636,1,0.24806216545403004,0.22463401497740437,4.5988235081062534e-05,inner_val_pr_auc_delta_vs_frozen_ar,0.00377450929954648,0.022800510749220848,0.05955028906464577,true_train_and_true_inner_val_selection
future_arousal_max_delta_rows_4_10_train_q90,binary,short_temporal_conv_residual,shuffled_pca_residual,20260636,2,0.2476051039993763,0.22456740490992536,-2.0621832397954565e-05,inner_val_pr_auc_delta_vs_frozen_ar,0.0038701726589351892,0.06393535435199738,0.3121331036090851,true_train_and_true_inner_val_selection
future_arousal_max_delta_rows_4_10_train_q90,binary,short_temporal_conv_residual,shuffled_pca_residual,20260636,3,0.24765059351921082,0.22437113689299998,-0.00021688984932333177,inner_val_pr_auc_delta_vs_frozen_ar,0.003978943917900324,0.14228735864162445,0.7577864527702332,true_train_and_true_inner_val_selection
future_arousal_max_delta_rows_4_10_train_q90,binary,short_temporal_conv_residual,shuffled_pca_residual,20260636,4,0.24789587780833244,0.22436310403106416,-0.0002249227112591512,inner_val_pr_auc_delta_vs_frozen_ar,0.004089712630957365,0.14198508858680725,0.762761116027832,true_train_and_true_inner_val_selection
future_arousal_max_delta_rows_4_10_train_q90,binary,short_temporal_conv_residual,shuffled_pca_residual,20260636,5,0.2472847243770957,0.22362379143590774,-0.0009642353064155673,inner_val_pr_auc_delta_vs_frozen_ar,0.004206947050988674,0.13548147678375244,0.7350497245788574,true_train_and_true_inner_val_selection
future_arousal_max_delta_rows_4_10_train_q90,binary,short_temporal_conv_residual,shuffled_pca_residual,20260636,6,0.2464968590065837,0.22152466177999713,-0.003063364962326176,inner_val_pr_auc_delta_vs_frozen_ar,0.004319836851209402,0.13310615718364716,0.7291500568389893,true_train_and_true_inner_val_selection
future_arousal_max_delta_rows_4_10_train_q90,binary,short_temporal_conv_residual,shuffled_pca_residual,20260636,7,0.24584009312093258,0.2179070104113725,-0.006681016330950806,inner_val_pr_auc_delta_vs_frozen_ar,0.0044243535958230495,0.12249408662319183,0.6698012948036194,true_train_and_true_inner_val_selection
future_arousal_max_delta_rows_4_10_train_q90,binary,short_temporal_conv_residual,shuffled_pca_residual,20260636,8,0.24461317714303732,0.21207208683386783,-0.012515939908455481,inner_val_pr_auc_delta_vs_frozen_ar,0.004517297260463238,0.11751306056976318,0.6397190093994141,true_train_and_true_inner_val_selection
future_arousal_max_delta_rows_4_10_train_q90,binary,short_temporal_conv_residual,shuffled_pca_residual,20260636,9,0.24392489437013865,0.20726108614364325,-0.017326940598680063,inner_val_pr_auc_delta_vs_frozen_ar,0.004586613271385431,0.11309269815683365,0.6196976900100708,true_train_and_true_inner_val_selection
future_arousal_max_delta_rows_4_10_train_q90,binary,short_temporal_conv_residual,random_pca_residual,20260636,1,0.24813770409673452,0.22464257087328382,5.454413096050992e-05,inner_val_pr_auc_delta_vs_frozen_ar,0.003767516929656267,0.02138403430581093,0.049797095358371735,true_train_and_true_inner_val_selection
future_arousal_max_delta_rows_4_10_train_q90,binary,short_temporal_conv_residual,random_pca_residual,20260636,2,0.24825932830572128,0.22465621794374588,6.819120142256829e-05,inner_val_pr_auc_delta_vs_frozen_ar,0.0038603150751441717,0.05147363245487213,0.22967244684696198,true_train_and_true_inner_val_selection
future_arousal_max_delta_rows_4_10_train_q90,binary,short_temporal_conv_residual,random_pca_residual,20260636,3,0.2481485977768898,0.22458844755184815,4.2080952483702916e-07,inner_val_pr_auc_delta_vs_frozen_ar,0.003960433416068554,0.12144481390714645,0.6514301300048828,true_train_and_true_inner_val_selection
future_arousal_max_delta_rows_4_10_train_q90,binary,short_temporal_conv_residual,random_pca_residual,20260636,4,0.24804942589253187,0.22504753272334083,0.00045950598101751616,inner_val_pr_auc_delta_vs_frozen_ar,0.004071429371833801,0.1445111185312271,0.7625617980957031,true_train_and_true_inner_val_selection
future_arousal_max_delta_rows_4_10_train_q90,binary,short_temporal_conv_residual,random_pca_residual,20260636,5,0.24734234251081944,0.225030094815029,0.0004420680727056925,inner_val_pr_auc_delta_vs_frozen_ar,0.004188013728708029,0.14044450223445892,0.7455945014953613,true_train_and_true_inner_val_selection
future_arousal_max_delta_rows_4_10_train_q90,binary,short_temporal_conv_residual,random_pca_residual,20260636,6,0.24640277493745089,0.22429228837789045,-0.0002957383644328626,inner_val_pr_auc_delta_vs_frozen_ar,0.004302356857806444,0.13023246824741364,0.6971392631530762,true_train_and_true_inner_val_selection
future_arousal_max_delta_rows_4_10_train_q90,binary,short_temporal_conv_residual,random_pca_residual,20260636,7,0.24607861042022705,0.2216720239005236,-0.002916002841799714,inner_val_pr_auc_delta_vs_frozen_ar,0.004407926928251982,0.12723051011562347,0.6810527443885803,true_train_and_true_inner_val_selection
future_arousal_max_delta_rows_4_10_train_q90,binary,short_temporal_conv_residual,random_pca_residual,20260636,8,0.2447237577289343,0.21738860754690867,-0.007199419195414641,inner_val_pr_auc_delta_vs_frozen_ar,0.0045026796869933605,0.12152789533138275,0.6530284881591797,true_train_and_true_inner_val_selection
future_arousal_max_delta_rows_4_10_train_q90,binary,short_temporal_conv_residual,random_pca_residual,20260636,9,0.24428485427051783,0.21365687902951155,-0.010931147712811756,inner_val_pr_auc_delta_vs_frozen_ar,0.004571684170514345,0.11653576046228409,0.6314709782600403,true_train_and_true_inner_val_selection
future_arousal_max_delta_rows_4_10_train_q90,binary,short_temporal_conv_residual,random_pca_residual,20260636,10,0.2435857066884637,0.2097249950130498,-0.014863031729273501,inner_val_pr_auc_delta_vs_frozen_ar,0.004631492774933577,0.11760430783033371,0.6412792205810547,true_train_and_true_inner_val_selection
future_arousal_max_delta_rows_4_10_train_q90,binary,short_temporal_conv_residual,random_pca_residual,20260636,11,0.2428302839398384,0.20864275526096807,-0.015945271481355244,inner_val_pr_auc_delta_vs_frozen_ar,0.004678666591644287,0.11459393054246902,0.6283228397369385,true_train_and_true_inner_val_selection
future_arousal_max_delta_rows_4_10_train_q90,binary,short_temporal_conv_residual,random_pca_residual,20260636,12,0.24235908687114716,0.2053653616001857,-0.019222665142137607,inner_val_pr_auc_delta_vs_frozen_ar,0.004728065803647041,0.12144669145345688,0.6699753999710083,true_train_and_true_inner_val_selection
future_arousal_max_delta_rows_4_10_train_q90,binary,short_temporal_conv_residual,label_permutation_residual,20260636,1,0.29286750219762325,0.10374068077036017,1.2697824767524124e-05,inner_val_pr_auc_delta_vs_frozen_ar,0.0037324747536331415,0.019708314910531044,0.03986392170190811,permuted_train_and_permuted_inner_val_selection
future_arousal_max_delta_rows_4_10_train_q90,binary,short_temporal_conv_residual,label_permutation_residual,20260636,2,0.2924494482576847,0.10373882010095606,1.0837155363416229e-05,inner_val_pr_auc_delta_vs_frozen_ar,0.0037226476706564426,0.021314607933163643,0.05901923030614853,permuted_train_and_permuted_inner_val_selection
future_arousal_max_delta_rows_4_10_train_q90,binary,short_temporal_conv_residual,label_permutation_residual,20260636,3,0.29281836561858654,0.10373861865775877,1.0635712166126576e-05,inner_val_pr_auc_delta_vs_frozen_ar,0.003819279605522752,0.05522305145859718,0.29816803336143494,permuted_train_and_permuted_inner_val_selection
future_arousal_max_delta_rows_4_10_train_q90,binary,short_temporal_conv_residual,label_permutation_residual,20260636,4,0.29233676195144653,0.1037071824429303,-2.080050266234368e-05,inner_val_pr_auc_delta_vs_frozen_ar,0.003919001203030348,0.08166971802711487,0.504256546497345,permuted_train_and_permuted_inner_val_selection
future_arousal_max_delta_rows_4_10_train_q90,binary,short_temporal_conv_residual,label_permutation_residual,20260636,5,0.2920788861811161,0.10370966009872198,-1.8322846870658105e-05,inner_val_pr_auc_delta_vs_frozen_ar,0.004029286094009876,0.09161537885665894,0.5794311761856079,permuted_train_and_permuted_inner_val_selection
future_arousal_max_delta_rows_4_10_train_q90,binary,short_temporal_conv_residual,label_permutation_residual,20260636,6,0.2919671256095171,0.10367233337100415,-5.5649574588492734e-05,inner_val_pr_auc_delta_vs_frozen_ar,0.004139023832976818,0.09042103588581085,0.5774019360542297,permuted_train_and_permuted_inner_val_selection
future_arousal_max_delta_rows_4_10_train_q90,binary,short_temporal_conv_residual,label_permutation_residual,20260636,7,0.2924013305455446,0.10366901600601794,-5.8966939574703336e-05,inner_val_pr_auc_delta_vs_frozen_ar,0.004218421410769224,0.07988456636667252,0.5013984441757202,permuted_train_and_permuted_inner_val_selection
future_arousal_max_delta_rows_4_10_train_q90,binary,short_temporal_conv_residual,label_permutation_residual,20260636,8,0.29138467088341713,0.1037062642588791,-2.171868671353716e-05,inner_val_pr_auc_delta_vs_frozen_ar,0.00425916351377964,0.07932692021131516,0.48971426486968994,permuted_train_and_permuted_inner_val_selection
future_arousal_max_delta_rows_4_10_train_q90,binary,short_temporal_conv_residual,label_permutation_residual,20260636,9,0.2908388804644346,0.10371845165750214,-9.531288090502965e-06,inner_val_pr_auc_delta_vs_frozen_ar,0.004300891887396574,0.08288788050413132,0.5204731822013855,permuted_train_and_permuted_inner_val_selection
future_arousal_max_delta_rows_4_10_train_q90,binary,short_temporal_conv_residual,train_only_video_mean_residual,20260636,1,0.24817965645343065,0.22468505214535364,9.702540303033191e-05,inner_val_pr_auc_delta_vs_frozen_ar,0.0038049621507525444,0.05647753179073334,0.2666618525981903,true_train_and_true_inner_val_selection
future_arousal_max_delta_rows_4_10_train_q90,binary,short_temporal_conv_residual,train_only_video_mean_residual,20260636,2,0.2481885040178895,0.22511756851679576,0.0005295417744724529,inner_val_pr_auc_delta_vs_frozen_ar,0.003912291489541531,0.13942180573940277,0.947139322757721,true_train_and_true_inner_val_selection
future_arousal_max_delta_rows_4_10_train_q90,binary,short_temporal_conv_residual,train_only_video_mean_residual,20260636,3,0.24730982817709446,0.2253400011052635,0.0007519743629401943,inner_val_pr_auc_delta_vs_frozen_ar,0.004031176213175058,0.19623303413391113,0.9981127977371216,true_train_and_true_inner_val_selection
future_arousal_max_delta_rows_4_10_train_q90,binary,short_temporal_conv_residual,train_only_video_mean_residual,20260636,4,0.24611643888056278,0.22411567980142066,-0.00047234694090264595,inner_val_pr_auc_delta_vs_frozen_ar,0.0041432310827076435,0.22788874804973602,0.9995445609092712,true_train_and_true_inner_val_selection
future_arousal_max_delta_rows_4_10_train_q90,binary,short_temporal_conv_residual,train_only_video_mean_residual,20260636,5,0.24428382702171803,0.22161489558879144,-0.0029731311535318716,inner_val_pr_auc_delta_vs_frozen_ar,0.004230407066643238,0.22688564658164978,0.9996726512908936,true_train_and_true_inner_val_selection
future_arousal_max_delta_rows_4_10_train_q90,binary,short_temporal_conv_residual,train_only_video_mean_residual,20260636,6,0.2429756000638008,0.22304752079460413,-0.0015405059477191785,inner_val_pr_auc_delta_vs_frozen_ar,0.0043008471839129925,0.22874540090560913,0.9997798800468445,true_train_and_true_inner_val_selection
future_arousal_max_delta_rows_4_10_train_q90,binary,short_temporal_conv_residual,train_only_video_mean_residual,20260636,7,0.24201088026165962,0.22099594595582583,-0.0035920807864974758,inner_val_pr_auc_delta_vs_frozen_ar,0.004363998305052519,0.23470306396484375,0.9997737407684326,true_train_and_true_inner_val_selection
future_arousal_max_delta_rows_4_10_train_q90,binary,short_temporal_conv_residual,train_only_video_mean_residual,20260636,8,0.24164468608796597,0.22117767232799385,-0.003410354414329464,inner_val_pr_auc_delta_vs_frozen_ar,0.004422721918672323,0.2463018000125885,0.9998544454574585,true_train_and_true_inner_val_selection
future_arousal_max_delta_rows_4_10_train_q90,binary,short_temporal_conv_residual,train_only_video_mean_residual,20260636,9,0.24061673320829868,0.22052610123949534,-0.004061925502827968,inner_val_pr_auc_delta_vs_frozen_ar,0.004478415008634329,0.25010111927986145,0.9998908638954163,true_train_and_true_inner_val_selection
future_arousal_max_delta_rows_4_10_train_q90,binary,short_temporal_conv_residual,train_only_video_mean_residual,20260636,10,0.2395838052034378,0.21782899955730256,-0.0067590271850207495,inner_val_pr_auc_delta_vs_frozen_ar,0.004528244491666555,0.25585782527923584,0.9999064803123474,true_train_and_true_inner_val_selection
future_arousal_max_delta_rows_4_10_train_q90,binary,short_temporal_conv_residual,train_only_video_mean_residual,20260636,11,0.2392662651836872,0.21793466949911205,-0.006653357243211255,inner_val_pr_auc_delta_vs_frozen_ar,0.004580042324960232,0.25996506214141846,0.999883234500885,true_train_and_true_inner_val_selection
future_arousal_max_delta_rows_4_10_train_q90,binary,short_temporal_conv_residual,diagnostics_only_residual,20260636,1,0.24764183163642883,0.22444194013590568,-0.00014608660641762805,inner_val_pr_auc_delta_vs_frozen_ar,0.003789836773648858,0.03584500029683113,0.12384913116693497,true_train_and_true_inner_val_selection
future_arousal_max_delta_rows_4_10_train_q90,binary,short_temporal_conv_residual,diagnostics_only_residual,20260636,2,0.248435216024518,0.22443136300037933,-0.0001566637419439798,inner_val_pr_auc_delta_vs_frozen_ar,0.0038784099742770195,0.03662208467721939,0.13480603694915771,true_train_and_true_inner_val_selection
future_arousal_max_delta_rows_4_10_train_q90,binary,short_temporal_conv_residual,diagnostics_only_residual,20260636,3,0.24781674332916737,0.22447859240763537,-0.00010943433468793562,inner_val_pr_auc_delta_vs_frozen_ar,0.003907638601958752,0.024205012246966362,0.07746821641921997,true_train_and_true_inner_val_selection
future_arousal_max_delta_rows_4_10_train_q90,binary,short_temporal_conv_residual,diagnostics_only_residual,20260636,4,0.2480290476232767,0.22449391859133774,-9.41081509855668e-05,inner_val_pr_auc_delta_vs_frozen_ar,0.003912276588380337,0.02767644077539444,0.09620694816112518,true_train_and_true_inner_val_selection
future_arousal_max_delta_rows_4_10_train_q90,binary,short_temporal_conv_residual,diagnostics_only_residual,20260636,5,0.24771708715707064,0.2243763748307351,-0.00021165191158820096,inner_val_pr_auc_delta_vs_frozen_ar,0.003928534220904112,0.05419761314988136,0.2401430904865265,true_train_and_true_inner_val_selection
future_arousal_max_delta_rows_4_10_train_q90,binary,short_temporal_conv_residual,diagnostics_only_residual,20260636,6,0.24752445705235004,0.2243881545438856,-0.00019987219843770054,inner_val_pr_auc_delta_vs_frozen_ar,0.003939969930797815,0.06292993575334549,0.2923239767551422,true_train_and_true_inner_val_selection
future_arousal_max_delta_rows_4_10_train_q90,binary,short_temporal_conv_residual,diagnostics_only_residual,20260636,7,0.24793747812509537,0.22440323072974538,-0.00018479601257792577,inner_val_pr_auc_delta_vs_frozen_ar,0.00395711837336421,0.07883717119693756,0.388262540102005,true_train_and_true_inner_val_selection
future_arousal_max_delta_rows_4_10_train_q90,binary,short_temporal_conv_residual,diagnostics_only_residual,20260636,8,0.24773370567709208,0.22436148810158063,-0.0002265386407426795,inner_val_pr_auc_delta_vs_frozen_ar,0.00397439394146204,0.12405271828174591,0.6361182332038879,true_train_and_true_inner_val_selection
future_arousal_max_delta_rows_4_10_train_q90,binary,short_temporal_conv_residual,real_residual,20260637,1,0.15715984720736742,0.22605613521928813,4.3488673092867414e-05,inner_val_pr_auc_delta_vs_frozen_ar,0.0021427664905786514,0.021104369312524796,0.04707782343029976,true_train_and_true_inner_val_selection
future_arousal_max_delta_rows_4_10_train_q90,binary,short_temporal_conv_residual,real_residual,20260637,2,0.15732091199606657,0.22605314191662568,4.049537043041007e-05,inner_val_pr_auc_delta_vs_frozen_ar,0.002160700736567378,0.028954852372407913,0.09704610705375671,true_train_and_true_inner_val_selection
future_arousal_max_delta_rows_4_10_train_q90,binary,short_temporal_conv_residual,real_residual,20260637,3,0.15715076681226492,0.2262013842314648,0.00018873768526952994,inner_val_pr_auc_delta_vs_frozen_ar,0.0022066314704716206,0.07120279967784882,0.3711634874343872,true_train_and_true_inner_val_selection
future_arousal_max_delta_rows_4_10_train_q90,binary,short_temporal_conv_residual,real_residual,20260637,4,0.15707781072705984,0.22671689676110637,0.0007042502149111063,inner_val_pr_auc_delta_vs_frozen_ar,0.0022561971563845873,0.1002499982714653,0.6545791029930115,true_train_and_true_inner_val_selection
future_arousal_max_delta_rows_4_10_train_q90,binary,short_temporal_conv_residual,real_residual,20260637,5,0.15725799649953842,0.22779819237031704,0.0017855458241217703,inner_val_pr_auc_delta_vs_frozen_ar,0.002305961214005947,0.09333182126283646,0.6336740851402283,true_train_and_true_inner_val_selection
future_arousal_max_delta_rows_4_10_train_q90,binary,short_temporal_conv_residual,real_residual,20260637,6,0.15672294702380896,0.2293818078587145,0.003369161312519242,inner_val_pr_auc_delta_vs_frozen_ar,0.002353405114263296,0.09239595383405685,0.6287071704864502,true_train_and_true_inner_val_selection
future_arousal_max_delta_rows_4_10_train_q90,binary,short_temporal_conv_residual,real_residual,20260637,7,0.156428262591362,0.23134784328264524,0.005335196736449971,inner_val_pr_auc_delta_vs_frozen_ar,0.002398992655798793,0.09703514724969864,0.6716925501823425,true_train_and_true_inner_val_selection
future_arousal_max_delta_rows_4_10_train_q90,binary,short_temporal_conv_residual,real_residual,20260637,8,0.15593123715370893,0.23382141317022673,0.00780876662403146,inner_val_pr_auc_delta_vs_frozen_ar,0.0024457189720124006,0.1046898365020752,0.7350277304649353,true_train_and_true_inner_val_selection
future_arousal_max_delta_rows_4_10_train_q90,binary,short_temporal_conv_residual,real_residual,20260637,9,0.15489906910806894,0.2368047093968282,0.010792062850632944,inner_val_pr_auc_delta_vs_frozen_ar,0.0024915055837482214,0.10988293588161469,0.7721178531646729,true_train_and_true_inner_val_selection
future_arousal_max_delta_rows_4_10_train_q90,binary,short_temporal_conv_residual,real_residual,20260637,10,0.15455792285501957,0.23973562462888678,0.013722978082691517,inner_val_pr_auc_delta_vs_frozen_ar,0.002534382278099656,0.11441364139318466,0.8065406084060669,true_train_and_true_inner_val_selection
future_arousal_max_delta_rows_4_10_train_q90,binary,short_temporal_conv_residual,real_residual,20260637,11,0.15374893229454756,0.24102087909664727,0.015008232550452,inner_val_pr_auc_delta_vs_frozen_ar,0.002571284305304289,0.11649413406848907,0.8185216188430786,true_train_and_true_inner_val_selection
future_arousal_max_delta_rows_4_10_train_q90,binary,short_temporal_conv_residual,real_residual,20260637,12,0.15338701009750366,0.2414980723955895,0.015485425849394246,inner_val_pr_auc_delta_vs_frozen_ar,0.0026012761518359184,0.11985863000154495,0.8419289588928223,true_train_and_true_inner_val_selection
future_arousal_max_delta_rows_4_10_train_q90,binary,short_temporal_conv_residual,real_residual,20260637,13,0.15276034642010927,0.24110185748405225,0.015089210937856978,inner_val_pr_auc_delta_vs_frozen_ar,0.002624600427225232,0.12251157313585281,0.8532135486602783,true_train_and_true_inner_val_selection
future_arousal_max_delta_rows_4_10_train_q90,binary,short_temporal_conv_residual,real_residual,20260637,14,0.15265968907624483,0.24071444339255965,0.014701796846364384,inner_val_pr_auc_delta_vs_frozen_ar,0.0026438117492944,0.12641043961048126,0.8682163953781128,true_train_and_true_inner_val_selection
future_arousal_max_delta_rows_4_10_train_q90,binary,short_temporal_conv_residual,real_residual,20260637,15,0.15243179816752672,0.24006971157371476,0.014057065027519494,inner_val_pr_auc_delta_vs_frozen_ar,0.0026620428543537855,0.12837660312652588,0.8768939971923828,true_train_and_true_inner_val_selection
future_arousal_max_delta_rows_4_10_train_q90,binary,short_temporal_conv_residual,real_residual,20260637,16,0.15212545543909073,0.2398660598554358,0.013853413309240531,inner_val_pr_auc_delta_vs_frozen_ar,0.002680018078535795,0.1309216171503067,0.8895793557167053,true_train_and_true_inner_val_selection
future_arousal_max_delta_rows_4_10_train_q90,binary,short_temporal_conv_residual,real_residual,20260637,17,0.15178283397108316,0.23979370714353293,0.013781060597337663,inner_val_pr_auc_delta_vs_frozen_ar,0.002698015421628952,0.13366162776947021,0.9005836844444275,true_train_and_true_inner_val_selection
future_arousal_max_delta_rows_4_10_train_q90,binary,short_temporal_conv_residual,real_residual,20260637,18,0.15137287974357605,0.2393638138422563,0.013351167296061034,inner_val_pr_auc_delta_vs_frozen_ar,0.002717107068747282,0.1354535073041916,0.910185694694519,true_train_and_true_inner_val_selection
future_arousal_max_delta_rows_4_10_train_q90,binary,short_temporal_conv_residual,real_residual,20260637,19,0.15112566389143467,0.23921712195945255,0.013204475413257283,inner_val_pr_auc_delta_vs_frozen_ar,0.0027359824161976576,0.13692887127399445,0.9152351021766663,true_train_and_true_inner_val_selection
future_arousal_max_delta_rows_4_10_train_q90,binary,short_temporal_conv_residual,real_residual,20260637,20,0.15083542931824923,0.2386039726787639,0.012591326132568637,inner_val_pr_auc_delta_vs_frozen_ar,0.0027576677966862917,0.13805973529815674,0.9198780059814453,true_train_and_true_inner_val_selection
future_arousal_max_delta_rows_4_10_train_q90,binary,short_temporal_conv_residual,real_residual,20260637,1,0.24800528585910797,0.2260610505877429,4.840404154762834e-05,inner_val_pr_auc_delta_vs_frozen_ar,0.0037766708992421627,0.02789445035159588,0.08997634798288345,true_train_and_true_inner_val_selection
future_arousal_max_delta_rows_4_10_train_q90,binary,short_temporal_conv_residual,real_residual,20260637,2,0.24814937822520733,0.22694097902906835,0.0009283324828730788,inner_val_pr_auc_delta_vs_frozen_ar,0.003877804148942232,0.08603416383266449,0.4852243661880493,true_train_and_true_inner_val_selection
future_arousal_max_delta_rows_4_10_train_q90,binary,short_temporal_conv_residual,real_residual,20260637,3,0.24723586440086365,0.23141546635682003,0.005402819810624765,inner_val_pr_auc_delta_vs_frozen_ar,0.003995853941887617,0.08371925354003906,0.5385624766349792,true_train_and_true_inner_val_selection
future_arousal_max_delta_rows_4_10_train_q90,binary,short_temporal_conv_residual,real_residual,20260637,4,0.24514659494161606,0.24105466426562322,0.015042017719427953,inner_val_pr_auc_delta_vs_frozen_ar,0.004116549622267485,0.0973411351442337,0.6627258062362671,true_train_and_true_inner_val_selection
future_arousal_max_delta_rows_4_10_train_q90,binary,short_temporal_conv_residual,real_residual,20260637,5,0.24343226477503777,0.24116021001629134,0.015147563470096076,inner_val_pr_auc_delta_vs_frozen_ar,0.004204080905765295,0.0980582982301712,0.6630703210830688,true_train_and_true_inner_val_selection
future_arousal_max_delta_rows_4_10_train_q90,binary,short_temporal_conv_residual,real_residual,20260637,6,0.24201606679707766,0.24057818435329023,0.014565537807094964,inner_val_pr_auc_delta_vs_frozen_ar,0.004232029430568218,0.10600485652685165,0.7153153419494629,true_train_and_true_inner_val_selection
future_arousal_max_delta_rows_4_10_train_q90,binary,short_temporal_conv_residual,real_residual,20260637,7,0.2413006853312254,0.23903111120977188,0.013018464663576618,inner_val_pr_auc_delta_vs_frozen_ar,0.0042666783556342125,0.1082218587398529,0.7321070432662964,true_train_and_true_inner_val_selection
future_arousal_max_delta_rows_4_10_train_q90,binary,short_temporal_conv_residual,real_residual,20260637,8,0.24055536184459925,0.23829624041062988,0.012283593864434617,inner_val_pr_auc_delta_vs_frozen_ar,0.004307594615966082,0.11216393113136292,0.7618921399116516,true_train_and_true_inner_val_selection
future_arousal_max_delta_rows_4_10_train_q90,binary,short_temporal_conv_residual,real_residual,20260637,9,0.2391871102154255,0.23762841929139722,0.011615772745201952,inner_val_pr_auc_delta_vs_frozen_ar,0.0043549807742238045,0.11857437342405319,0.8079577088356018,true_train_and_true_inner_val_selection
future_arousal_max_delta_rows_4_10_train_q90,binary,short_temporal_conv_residual,real_residual,20260637,10,0.23889902886003256,0.2366918457893215,0.010679199243126242,inner_val_pr_auc_delta_vs_frozen_ar,0.00440249452367425,0.1212630569934845,0.8255690336227417,true_train_and_true_inner_val_selection
future_arousal_max_delta_rows_4_10_train_q90,binary,short_temporal_conv_residual,real_residual,20260637,11,0.23769094981253147,0.23634185217514286,0.010329205628947596,inner_val_pr_auc_delta_vs_frozen_ar,0.004453875124454498,0.1240176260471344,0.8436682224273682,true_train_and_true_inner_val_selection
future_arousal_max_delta_rows_4_10_train_q90,binary,short_temporal_conv_residual,real_residual,20260637,12,0.23696150071918964,0.23529126909376227,0.009278622547567006,inner_val_pr_auc_delta_vs_frozen_ar,0.004512850195169449,0.1262429803609848,0.8625946044921875,true_train_and_true_inner_val_selection
future_arousal_max_delta_rows_4_10_train_q90,binary,short_temporal_conv_residual,real_residual,20260637,13,0.2354040127247572,0.23569695578751765,0.00968430924132238,inner_val_pr_auc_delta_vs_frozen_ar,0.004569114185869694,0.12795571982860565,0.8747831583023071,true_train_and_true_inner_val_selection
future_arousal_max_delta_rows_4_10_train_q90,binary,short_temporal_conv_residual,shuffled_pca_residual,20260637,1,0.24853882379829884,0.22605341690656366,4.077036036839732e-05,inner_val_pr_auc_delta_vs_frozen_ar,0.003752084681764245,0.0252163577824831,0.07245427370071411,true_train_and_true_inner_val_selection
future_arousal_max_delta_rows_4_10_train_q90,binary,short_temporal_conv_residual,shuffled_pca_residual,20260637,2,0.24809090606868267,0.22601658861388285,3.942067687584538e-06,inner_val_pr_auc_delta_vs_frozen_ar,0.0038454236928373575,0.0767301693558693,0.39090868830680847,true_train_and_true_inner_val_selection
future_arousal_max_delta_rows_4_10_train_q90,binary,short_temporal_conv_residual,shuffled_pca_residual,20260637,3,0.24801189545542002,0.2259809500396965,-3.1696506498757326e-05,inner_val_pr_auc_delta_vs_frozen_ar,0.003948005847632885,0.14225158095359802,0.7557217478752136,true_train_and_true_inner_val_selection
future_arousal_max_delta_rows_4_10_train_q90,binary,short_temporal_conv_residual,shuffled_pca_residual,20260637,4,0.24738905858248472,0.22606340133404457,5.0754787849299765e-05,inner_val_pr_auc_delta_vs_frozen_ar,0.004062070976942778,0.14404518902301788,0.7688009738922119,true_train_and_true_inner_val_selection
future_arousal_max_delta_rows_4_10_train_q90,binary,short_temporal_conv_residual,shuffled_pca_residual,20260637,5,0.24741969723254442,0.2257187316155741,-0.0002939149306211697,inner_val_pr_auc_delta_vs_frozen_ar,0.004177973140031099,0.14266709983348846,0.7664225697517395,true_train_and_true_inner_val_selection
future_arousal_max_delta_rows_4_10_train_q90,binary,short_temporal_conv_residual,shuffled_pca_residual,20260637,6,0.2472331654280424,0.22484707285693883,-0.0011655736892564328,inner_val_pr_auc_delta_vs_frozen_ar,0.004287108313292265,0.1306113600730896,0.7125982046127319,true_train_and_true_inner_val_selection
future_arousal_max_delta_rows_4_10_train_q90,binary,short_temporal_conv_residual,shuffled_pca_residual,20260637,7,0.2467638636007905,0.22278518483884824,-0.003227461707347029,inner_val_pr_auc_delta_vs_frozen_ar,0.004392061848193407,0.1307380646467209,0.7100434303283691,true_train_and_true_inner_val_selection
future_arousal_max_delta_rows_4_10_train_q90,binary,short_temporal_conv_residual,shuffled_pca_residual,20260637,8,0.24534454103559256,0.2190315750876857,-0.006981071458509569,inner_val_pr_auc_delta_vs_frozen_ar,0.004486026242375374,0.1210104376077652,0.6607367992401123,true_train_and_true_inner_val_selection
future_arousal_max_delta_rows_4_10_train_q90,binary,short_temporal_conv_residual,shuffled_pca_residual,20260637,9,0.24483811669051647,0.21513496479955196,-0.010877681746643303,inner_val_pr_auc_delta_vs_frozen_ar,0.004561175592243671,0.11797403544187546,0.6468181014060974,true_train_and_true_inner_val_selection
future_arousal_max_delta_rows_4_10_train_q90,binary,short_temporal_conv_residual,shuffled_pca_residual,20260637,10,0.24417042452841997,0.21210662086280493,-0.013906025683390333,inner_val_pr_auc_delta_vs_frozen_ar,0.004621264059096575,0.11816439032554626,0.6454684138298035,true_train_and_true_inner_val_selection
future_arousal_max_delta_rows_4_10_train_q90,binary,short_temporal_conv_residual,shuffled_pca_residual,20260637,11,0.24374950490891933,0.21027921744616418,-0.015733429100031088,inner_val_pr_auc_delta_vs_frozen_ar,0.0046720546670258045,0.1199701577425003,0.6615669131278992,true_train_and_true_inner_val_selection
future_arousal_max_delta_rows_4_10_train_q90,binary,short_temporal_conv_residual,shuffled_pca_residual,20260637,12,0.2430133018642664,0.20925465662127013,-0.016757989924925137,inner_val_pr_auc_delta_vs_frozen_ar,0.004721389152109623,0.12174937129020691,0.6718335747718811,true_train_and_true_inner_val_selection
future_arousal_max_delta_rows_4_10_train_q90,binary,short_temporal_conv_residual,random_pca_residual,20260637,1,0.24809755757451057,0.22605257784337027,3.993129717499988e-05,inner_val_pr_auc_delta_vs_frozen_ar,0.0037546430248767138,0.025248097255825996,0.07203873991966248,true_train_and_true_inner_val_selection
future_arousal_max_delta_rows_4_10_train_q90,binary,short_temporal_conv_residual,random_pca_residual,20260637,2,0.2485893815755844,0.22598157878918076,-3.106775701450237e-05,inner_val_pr_auc_delta_vs_frozen_ar,0.0038465268444269896,0.07546579092741013,0.38126471638679504,true_train_and_true_inner_val_selection
future_arousal_max_delta_rows_4_10_train_q90,binary,short_temporal_conv_residual,random_pca_residual,20260637,3,0.24825904984027147,0.22592300977085283,-8.96367753424332e-05,inner_val_pr_auc_delta_vs_frozen_ar,0.003942857962101698,0.13834203779697418,0.7398706078529358,true_train_and_true_inner_val_selection
future_arousal_max_delta_rows_4_10_train_q90,binary,short_temporal_conv_residual,random_pca_residual,20260637,4,0.24787156470119953,0.22595005610783084,-6.259043836442935e-05,inner_val_pr_auc_delta_vs_frozen_ar,0.004041808191686869,0.14539262652397156,0.7696009278297424,true_train_and_true_inner_val_selection
future_arousal_max_delta_rows_4_10_train_q90,binary,short_temporal_conv_residual,random_pca_residual,20260637,5,0.2478890586644411,0.22539747363609444,-0.0006151729101008252,inner_val_pr_auc_delta_vs_frozen_ar,0.004154433961957693,0.14379940927028656,0.7626798152923584,true_train_and_true_inner_val_selection
future_arousal_max_delta_rows_4_10_train_q90,binary,short_temporal_conv_residual,random_pca_residual,20260637,6,0.24711166974157095,0.22412634501926815,-0.00188630152692712,inner_val_pr_auc_delta_vs_frozen_ar,0.004264439921826124,0.13817615807056427,0.7379147410392761,true_train_and_true_inner_val_selection
future_arousal_max_delta_rows_4_10_train_q90,binary,short_temporal_conv_residual,random_pca_residual,20260637,7,0.24647138454020023,0.22105269598421717,-0.004959950561978094,inner_val_pr_auc_delta_vs_frozen_ar,0.004373546224087477,0.1365002542734146,0.7315500974655151,true_train_and_true_inner_val_selection
future_arousal_max_delta_rows_4_10_train_q90,binary,short_temporal_conv_residual,random_pca_residual,20260637,8,0.245736850425601,0.21708531238450884,-0.008927334161686423,inner_val_pr_auc_delta_vs_frozen_ar,0.0044653452932834625,0.12296067178249359,0.6637856364250183,true_train_and_true_inner_val_selection
future_arousal_max_delta_rows_4_10_train_q90,binary,short_temporal_conv_residual,random_pca_residual,20260637,9,0.2447219891473651,0.21196246310221584,-0.01405018344397943,inner_val_pr_auc_delta_vs_frozen_ar,0.004540645517408848,0.1211194321513176,0.6568264365196228,true_train_and_true_inner_val_selection
future_arousal_max_delta_rows_4_10_train_q90,binary,short_temporal_conv_residual,label_permutation_residual,20260637,1,0.2910875007510185,0.09815480708635005,2.0184231291964227e-05,inner_val_pr_auc_delta_vs_frozen_ar,0.003730009077116847,0.021700182929635048,0.05083252117037773,permuted_train_and_permuted_inner_val_selection
future_arousal_max_delta_rows_4_10_train_q90,binary,short_temporal_conv_residual,label_permutation_residual,20260637,2,0.2908163331449032,0.09815376447199152,1.914161693343519e-05,inner_val_pr_auc_delta_vs_frozen_ar,0.0037376321852207184,0.04559387266635895,0.22331076860427856,permuted_train_and_permuted_inner_val_selection
future_arousal_max_delta_rows_4_10_train_q90,binary,short_temporal_conv_residual,label_permutation_residual,20260637,3,0.2909315098077059,0.09812912956504402,-5.493290014063623e-06,inner_val_pr_auc_delta_vs_frozen_ar,0.0038136697839945555,0.08884880691766739,0.5745673775672913,permuted_train_and_permuted_inner_val_selection
future_arousal_max_delta_rows_4_10_train_q90,binary,short_temporal_conv_residual,label_permutation_residual,20260637,4,0.29077583365142345,0.09817701384160928,4.239098655119122e-05,inner_val_pr_auc_delta_vs_frozen_ar,0.0039018644019961357,0.09940925985574722,0.6462758779525757,permuted_train_and_permuted_inner_val_selection
future_arousal_max_delta_rows_4_10_train_q90,binary,short_temporal_conv_residual,label_permutation_residual,20260637,5,0.29043792374432087,0.09827788611447523,0.00014326325941714513,inner_val_pr_auc_delta_vs_frozen_ar,0.0039976793341338634,0.11089995503425598,0.7211848497390747,permuted_train_and_permuted_inner_val_selection
future_arousal_max_delta_rows_4_10_train_q90,binary,short_temporal_conv_residual,label_permutation_residual,20260637,6,0.29076889157295227,0.09829364302258155,0.00015902016752346315,inner_val_pr_auc_delta_vs_frozen_ar,0.0040643163956701756,0.09697283059358597,0.6169649958610535,permuted_train_and_permuted_inner_val_selection
future_arousal_max_delta_rows_4_10_train_q90,binary,short_temporal_conv_residual,label_permutation_residual,20260637,7,0.2901311945170164,0.09835755456268924,0.00022293170763115766,inner_val_pr_auc_delta_vs_frozen_ar,0.004115178249776363,0.09961497038602829,0.6304795145988464,permuted_train_and_permuted_inner_val_selection
future_arousal_max_delta_rows_4_10_train_q90,binary,short_temporal_conv_residual,label_permutation_residual,20260637,8,0.29015665128827095,0.09830923149197898,0.00017460863692089768,inner_val_pr_auc_delta_vs_frozen_ar,0.004140842240303755,0.09862349927425385,0.6169170141220093,permuted_train_and_permuted_inner_val_selection
future_arousal_max_delta_rows_4_10_train_q90,binary,short_temporal_conv_residual,label_permutation_residual,20260637,9,0.2901353444904089,0.09825722011115443,0.00012259725609634065,inner_val_pr_auc_delta_vs_frozen_ar,0.004172367509454489,0.10845556855201721,0.676932692527771,permuted_train_and_permuted_inner_val_selection
future_arousal_max_delta_rows_4_10_train_q90,binary,short_temporal_conv_residual,label_permutation_residual,20260637,10,0.28987287171185017,0.09820407631570734,6.945346064925195e-05,inner_val_pr_auc_delta_vs_frozen_ar,0.004218593239784241,0.11120261996984482,0.6960639357566833,permuted_train_and_permuted_inner_val_selection
future_arousal_max_delta_rows_4_10_train_q90,binary,short_temporal_conv_residual,label_permutation_residual,20260637,11,0.28920483589172363,0.09815278701020892,1.816415515083769e-05,inner_val_pr_auc_delta_vs_frozen_ar,0.004277700092643499,0.11806298047304153,0.7350125312805176,permuted_train_and_permuted_inner_val_selection
future_arousal_max_delta_rows_4_10_train_q90,binary,short_temporal_conv_residual,label_permutation_residual,20260637,12,0.28891762904822826,0.09811966236978018,-1.4960485277909497e-05,inner_val_pr_auc_delta_vs_frozen_ar,0.0043398067355155945,0.1251843273639679,0.7817838191986084,permuted_train_and_permuted_inner_val_selection
future_arousal_max_delta_rows_4_10_train_q90,binary,short_temporal_conv_residual,label_permutation_residual,20260637,13,0.2888454459607601,0.09805626510148231,-7.835775357577235e-05,inner_val_pr_auc_delta_vs_frozen_ar,0.004408493172377348,0.12985092401504517,0.8049267530441284,permuted_train_and_permuted_inner_val_selection
future_arousal_max_delta_rows_4_10_train_q90,binary,short_temporal_conv_residual,label_permutation_residual,20260637,14,0.28808133490383625,0.09797450840984952,-0.00016011444520856732,inner_val_pr_auc_delta_vs_frozen_ar,0.004483228083699942,0.13570548593997955,0.8358628153800964,permuted_train_and_permuted_inner_val_selection
future_arousal_max_delta_rows_4_10_train_q90,binary,short_temporal_conv_residual,label_permutation_residual,20260637,15,0.2872730251401663,0.09794452818021249,-0.00019009467484559783,inner_val_pr_auc_delta_vs_frozen_ar,0.004563084803521633,0.1394328474998474,0.8505501747131348,permuted_train_and_permuted_inner_val_selection
future_arousal_max_delta_rows_4_10_train_q90,binary,short_temporal_conv_residual,train_only_video_mean_residual,20260637,1,0.24832164961844683,0.2260792296914955,6.658314530022524e-05,inner_val_pr_auc_delta_vs_frozen_ar,0.003768691560253501,0.05138213187456131,0.27575722336769104,true_train_and_true_inner_val_selection
future_arousal_max_delta_rows_4_10_train_q90,binary,short_temporal_conv_residual,train_only_video_mean_residual,20260637,2,0.2483692243695259,0.2262042446387726,0.00019159809257732197,inner_val_pr_auc_delta_vs_frozen_ar,0.003865697653964162,0.17896175384521484,0.9919012784957886,true_train_and_true_inner_val_selection
future_arousal_max_delta_rows_4_10_train_q90,binary,short_temporal_conv_residual,train_only_video_mean_residual,20260637,3,0.24778670351952314,0.22580251105069707,-0.0002101354954981982,inner_val_pr_auc_delta_vs_frozen_ar,0.003981838468462229,0.23941093683242798,0.9982187151908875,true_train_and_true_inner_val_selection
future_arousal_max_delta_rows_4_10_train_q90,binary,short_temporal_conv_residual,train_only_video_mean_residual,20260637,4,0.24618905782699585,0.22197167889708946,-0.004040967649105803,inner_val_pr_auc_delta_vs_frozen_ar,0.0040891882963478565,0.2570462226867676,0.998269259929657,true_train_and_true_inner_val_selection
future_arousal_max_delta_rows_4_10_train_q90,binary,short_temporal_conv_residual,train_only_video_mean_residual,20260637,5,0.24450131691992283,0.2237546187417388,-0.0022580278044564694,inner_val_pr_auc_delta_vs_frozen_ar,0.00417637312784791,0.283794641494751,0.9989961981773376,true_train_and_true_inner_val_selection
future_arousal_max_delta_rows_4_10_train_q90,binary,short_temporal_conv_residual,train_only_video_mean_residual,20260637,6,0.24286222271621227,0.2257002242035666,-0.0003124223426286543,inner_val_pr_auc_delta_vs_frozen_ar,0.004262817557901144,0.30426549911499023,0.9994410872459412,true_train_and_true_inner_val_selection
future_arousal_max_delta_rows_4_10_train_q90,binary,short_temporal_conv_residual,train_only_video_mean_residual,20260637,7,0.24112354032695293,0.2271645268443146,0.0011518802981193288,inner_val_pr_auc_delta_vs_frozen_ar,0.004337047692388296,0.32020604610443115,0.9997183084487915,true_train_and_true_inner_val_selection
future_arousal_max_delta_rows_4_10_train_q90,binary,short_temporal_conv_residual,train_only_video_mean_residual,20260637,8,0.23943144269287586,0.22431185516942947,-0.0017007913767657923,inner_val_pr_auc_delta_vs_frozen_ar,0.004409348126500845,0.3262632191181183,0.9998134970664978,true_train_and_true_inner_val_selection
future_arousal_max_delta_rows_4_10_train_q90,binary,short_temporal_conv_residual,train_only_video_mean_residual,20260637,9,0.23794042505323887,0.2246264751344546,-0.001386171411740661,inner_val_pr_auc_delta_vs_frozen_ar,0.004477791953831911,0.3301761746406555,0.9998649954795837,true_train_and_true_inner_val_selection
future_arousal_max_delta_rows_4_10_train_q90,binary,short_temporal_conv_residual,train_only_video_mean_residual,20260637,10,0.23672765772789717,0.22382094234392394,-0.0021917042022713273,inner_val_pr_auc_delta_vs_frozen_ar,0.004543253220617771,0.33669760823249817,0.9999289512634277,true_train_and_true_inner_val_selection
future_arousal_max_delta_rows_4_10_train_q90,binary,short_temporal_conv_residual,train_only_video_mean_residual,20260637,11,0.23561969585716724,0.2243948528081525,-0.001617793738042772,inner_val_pr_auc_delta_vs_frozen_ar,0.0046001216396689415,0.34210702776908875,0.9999462962150574,true_train_and_true_inner_val_selection
future_arousal_max_delta_rows_4_10_train_q90,binary,short_temporal_conv_residual,train_only_video_mean_residual,20260637,12,0.23513631336390972,0.22355447079955987,-0.0024581757466353993,inner_val_pr_auc_delta_vs_frozen_ar,0.004653869196772575,0.3461458086967468,0.9999433159828186,true_train_and_true_inner_val_selection
future_arousal_max_delta_rows_4_10_train_q90,binary,short_temporal_conv_residual,train_only_video_mean_residual,20260637,13,0.23394764494150877,0.22594861460461443,-6.403194158083325e-05,inner_val_pr_auc_delta_vs_frozen_ar,0.004703195299953222,0.34941282868385315,0.9999591112136841,true_train_and_true_inner_val_selection
future_arousal_max_delta_rows_4_10_train_q90,binary,short_temporal_conv_residual,train_only_video_mean_residual,20260637,14,0.23348827380686998,0.22416055133038537,-0.0018520952158098958,inner_val_pr_auc_delta_vs_frozen_ar,0.004749889485538006,0.3556908369064331,0.9999628663063049,true_train_and_true_inner_val_selection
future_arousal_max_delta_rows_4_10_train_q90,binary,short_temporal_conv_residual,train_only_video_mean_residual,20260637,15,0.23259869031608105,0.22642016533288672,0.0004075187866914576,inner_val_pr_auc_delta_vs_frozen_ar,0.0047949543222785,0.3593994379043579,0.999971330165863,true_train_and_true_inner_val_selection
future_arousal_max_delta_rows_4_10_train_q90,binary,short_temporal_conv_residual,diagnostics_only_residual,20260637,1,0.24843705166131258,0.22588751240796145,-0.00012513413823381225,inner_val_pr_auc_delta_vs_frozen_ar,0.0038404082879424095,0.032609131187200546,0.10729127377271652,true_train_and_true_inner_val_selection
future_arousal_max_delta_rows_4_10_train_q90,binary,short_temporal_conv_residual,diagnostics_only_residual,20260637,2,0.24803975690156221,0.22590270513021804,-0.00010994141597722717,inner_val_pr_auc_delta_vs_frozen_ar,0.003929364960640669,0.03190717101097107,0.10835957527160645,true_train_and_true_inner_val_selection
future_arousal_max_delta_rows_4_10_train_q90,binary,short_temporal_conv_residual,diagnostics_only_residual,20260637,3,0.2480138298124075,0.22591757566865384,-9.507087754143106e-05,inner_val_pr_auc_delta_vs_frozen_ar,0.003945499192923307,0.02884293720126152,0.0977684035897255,true_train_and_true_inner_val_selection
future_arousal_max_delta_rows_4_10_train_q90,binary,short_temporal_conv_residual,diagnostics_only_residual,20260637,4,0.24791360646486282,0.22588015657383506,-0.00013248997236020577,inner_val_pr_auc_delta_vs_frozen_ar,0.00394710898399353,0.048473380506038666,0.20140282809734344,true_train_and_true_inner_val_selection
future_arousal_max_delta_rows_4_10_train_q90,binary,short_temporal_conv_residual,diagnostics_only_residual,20260637,5,0.2479046108201146,0.22590230070473724,-0.00011034584145802606,inner_val_pr_auc_delta_vs_frozen_ar,0.003963509574532509,0.07069097459316254,0.3283850848674774,true_train_and_true_inner_val_selection
future_arousal_max_delta_rows_4_10_train_q90,binary,short_temporal_conv_residual,diagnostics_only_residual,20260637,6,0.24803549982607365,0.22588496845367045,-0.00012767809252481332,inner_val_pr_auc_delta_vs_frozen_ar,0.003974915482103825,0.08580245077610016,0.4154469072818756,true_train_and_true_inner_val_selection
future_arousal_max_delta_rows_4_10_train_q90,binary,short_temporal_conv_residual,diagnostics_only_residual,20260637,7,0.24805943947285414,0.2258851810992762,-0.00012746544691907835,inner_val_pr_auc_delta_vs_frozen_ar,0.003994697239249945,0.11324239522218704,0.5659233927726746,true_train_and_true_inner_val_selection
future_arousal_max_delta_rows_4_10_train_q90,binary,short_temporal_conv_residual,diagnostics_only_residual,20260637,8,0.2477135956287384,0.2256810813807933,-0.0003315651654019758,inner_val_pr_auc_delta_vs_frozen_ar,0.004010580480098724,0.19885142147541046,0.8860293030738831,true_train_and_true_inner_val_selection
future_arousal_max_delta_rows_4_10_train_q90,binary,short_temporal_conv_residual,real_residual,20260638,1,0.15676064044237137,0.22705375604169348,8.98448069002189e-05,inner_val_pr_auc_delta_vs_frozen_ar,0.0021410181652754545,0.021341148763895035,0.0440928190946579,true_train_and_true_inner_val_selection
future_arousal_max_delta_rows_4_10_train_q90,binary,short_temporal_conv_residual,real_residual,20260638,2,0.15687809139490128,0.2270317413071603,6.783007236704774e-05,inner_val_pr_auc_delta_vs_frozen_ar,0.002145725768059492,0.02216896042227745,0.05644010379910469,true_train_and_true_inner_val_selection
future_arousal_max_delta_rows_4_10_train_q90,binary,short_temporal_conv_residual,real_residual,20260638,3,0.1570592736825347,0.22711094796597867,0.00014703673118540705,inner_val_pr_auc_delta_vs_frozen_ar,0.0021875009406358004,0.054411210119724274,0.2808637320995331,true_train_and_true_inner_val_selection
future_arousal_max_delta_rows_4_10_train_q90,binary,short_temporal_conv_residual,real_residual,20260638,4,0.1566121680662036,0.22751025091157429,0.0005463396767810269,inner_val_pr_auc_delta_vs_frozen_ar,0.0022361704614013433,0.09353099763393402,0.6637970209121704,true_train_and_true_inner_val_selection
future_arousal_max_delta_rows_4_10_train_q90,binary,short_temporal_conv_residual,real_residual,20260638,5,0.1567501099780202,0.22836261650526846,0.0013987052704751979,inner_val_pr_auc_delta_vs_frozen_ar,0.002286311471834779,0.08870996534824371,0.6256304383277893,true_train_and_true_inner_val_selection
future_arousal_max_delta_rows_4_10_train_q90,binary,short_temporal_conv_residual,real_residual,20260638,6,0.15620375983417034,0.22969175493779392,0.0027278437030006653,inner_val_pr_auc_delta_vs_frozen_ar,0.002334411721676588,0.08637025952339172,0.5844246745109558,true_train_and_true_inner_val_selection
future_arousal_max_delta_rows_4_10_train_q90,binary,short_temporal_conv_residual,real_residual,20260638,7,0.15607763268053532,0.23112363400559668,0.004159722770803426,inner_val_pr_auc_delta_vs_frozen_ar,0.002379447454586625,0.08879218250513077,0.6086586117744446,true_train_and_true_inner_val_selection
future_arousal_max_delta_rows_4_10_train_q90,binary,short_temporal_conv_residual,real_residual,20260638,8,0.15562333725392818,0.2332449768251087,0.006281065590315438,inner_val_pr_auc_delta_vs_frozen_ar,0.0024246471002697945,0.0962471142411232,0.673311173915863,true_train_and_true_inner_val_selection
future_arousal_max_delta_rows_4_10_train_q90,binary,short_temporal_conv_residual,real_residual,20260638,9,0.15500358771532774,0.23601629220888642,0.009052380974093166,inner_val_pr_auc_delta_vs_frozen_ar,0.0024713887833058834,0.10249665379524231,0.7255010604858398,true_train_and_true_inner_val_selection
future_arousal_max_delta_rows_4_10_train_q90,binary,short_temporal_conv_residual,real_residual,20260638,10,0.1544048609212041,0.238532646561314,0.011568735326520752,inner_val_pr_auc_delta_vs_frozen_ar,0.002515537431463599,0.10557182133197784,0.7491910457611084,true_train_and_true_inner_val_selection
future_arousal_max_delta_rows_4_10_train_q90,binary,short_temporal_conv_residual,real_residual,20260638,11,0.1537222396582365,0.2404773040783377,0.013513392843544442,inner_val_pr_auc_delta_vs_frozen_ar,0.0025550792925059795,0.10898714512586594,0.7747780680656433,true_train_and_true_inner_val_selection
future_arousal_max_delta_rows_4_10_train_q90,binary,short_temporal_conv_residual,real_residual,20260638,12,0.15308431070297956,0.240784095515736,0.013820184280942754,inner_val_pr_auc_delta_vs_frozen_ar,0.002587791532278061,0.1115485355257988,0.7974975109100342,true_train_and_true_inner_val_selection
future_arousal_max_delta_rows_4_10_train_q90,binary,short_temporal_conv_residual,real_residual,20260638,13,0.15271753910928965,0.2402180539305565,0.013254142695763249,inner_val_pr_auc_delta_vs_frozen_ar,0.0026132443454116583,0.11510121077299118,0.8205001354217529,true_train_and_true_inner_val_selection
future_arousal_max_delta_rows_4_10_train_q90,binary,short_temporal_conv_residual,real_residual,20260638,14,0.15228052530437708,0.23954556804108512,0.012581656806291863,inner_val_pr_auc_delta_vs_frozen_ar,0.0026332249399274588,0.11906790733337402,0.8389216065406799,true_train_and_true_inner_val_selection
future_arousal_max_delta_rows_4_10_train_q90,binary,short_temporal_conv_residual,real_residual,20260638,15,0.1522598946467042,0.2391854327556605,0.012221521520867251,inner_val_pr_auc_delta_vs_frozen_ar,0.0026515789795666933,0.12229042500257492,0.8519609570503235,true_train_and_true_inner_val_selection
future_arousal_max_delta_rows_4_10_train_q90,binary,short_temporal_conv_residual,real_residual,20260638,16,0.15174538362771273,0.23874275483715154,0.011778843602358285,inner_val_pr_auc_delta_vs_frozen_ar,0.002669454086571932,0.12551230192184448,0.8643894195556641,true_train_and_true_inner_val_selection
future_arousal_max_delta_rows_4_10_train_q90,binary,short_temporal_conv_residual,real_residual,20260638,17,0.1516373259946704,0.2378588951983792,0.01089498396358593,inner_val_pr_auc_delta_vs_frozen_ar,0.0026877294294536114,0.12706267833709717,0.8733212351799011,true_train_and_true_inner_val_selection
future_arousal_max_delta_rows_4_10_train_q90,binary,short_temporal_conv_residual,real_residual,20260638,18,0.15134261082857847,0.23738712457257458,0.010423213337781317,inner_val_pr_auc_delta_vs_frozen_ar,0.002707401756197214,0.12959112226963043,0.8869097828865051,true_train_and_true_inner_val_selection
future_arousal_max_delta_rows_4_10_train_q90,binary,short_temporal_conv_residual,real_residual,20260638,19,0.1508686849847436,0.23689289341593434,0.009928982181141077,inner_val_pr_auc_delta_vs_frozen_ar,0.002727761399000883,0.1317865550518036,0.8962510824203491,true_train_and_true_inner_val_selection
future_arousal_max_delta_rows_4_10_train_q90,binary,short_temporal_conv_residual,real_residual,20260638,20,0.15075812116265297,0.2362847737604834,0.009320862525690143,inner_val_pr_auc_delta_vs_frozen_ar,0.0027483042795211077,0.13275045156478882,0.9015094041824341,true_train_and_true_inner_val_selection
future_arousal_max_delta_rows_4_10_train_q90,binary,short_temporal_conv_residual,real_residual,20260638,1,0.2473720870912075,0.22703146329395904,6.755205916578189e-05,inner_val_pr_auc_delta_vs_frozen_ar,0.003756991820409894,0.024675646796822548,0.07160390168428421,true_train_and_true_inner_val_selection
future_arousal_max_delta_rows_4_10_train_q90,binary,short_temporal_conv_residual,real_residual,20260638,2,0.24748004041612148,0.22782217615298997,0.0008582649181967106,inner_val_pr_auc_delta_vs_frozen_ar,0.0038526845164597034,0.08644098788499832,0.5649678111076355,true_train_and_true_inner_val_selection
future_arousal_max_delta_rows_4_10_train_q90,binary,short_temporal_conv_residual,real_residual,20260638,3,0.2471703477203846,0.2320758998953987,0.005111988660605443,inner_val_pr_auc_delta_vs_frozen_ar,0.003969497978687286,0.0881437286734581,0.5920517444610596,true_train_and_true_inner_val_selection
future_arousal_max_delta_rows_4_10_train_q90,binary,short_temporal_conv_residual,real_residual,20260638,4,0.24482787307351828,0.2408561597101275,0.01389224847533424,inner_val_pr_auc_delta_vs_frozen_ar,0.004087781999260187,0.09691343456506729,0.6779265999794006,true_train_and_true_inner_val_selection
future_arousal_max_delta_rows_4_10_train_q90,binary,short_temporal_conv_residual,real_residual,20260638,5,0.24298774730414152,0.24210497033709313,0.015141059102299875,inner_val_pr_auc_delta_vs_frozen_ar,0.0041871401481330395,0.0978255495429039,0.6654155850410461,true_train_and_true_inner_val_selection
future_arousal_max_delta_rows_4_10_train_q90,binary,short_temporal_conv_residual,real_residual,20260638,6,0.24157248809933662,0.23989331591028046,0.0129294046754872,inner_val_pr_auc_delta_vs_frozen_ar,0.0042227208614349365,0.10381661355495453,0.7041813731193542,true_train_and_true_inner_val_selection
future_arousal_max_delta_rows_4_10_train_q90,binary,short_temporal_conv_residual,real_residual,20260638,7,0.24090334866195917,0.23708324774661343,0.010119336511820176,inner_val_pr_auc_delta_vs_frozen_ar,0.004261992871761322,0.10994820296764374,0.7536585927009583,true_train_and_true_inner_val_selection
future_arousal_max_delta_rows_4_10_train_q90,binary,short_temporal_conv_residual,real_residual,20260638,8,0.23997141234576702,0.23596603174199696,0.009002120507203698,inner_val_pr_auc_delta_vs_frozen_ar,0.004303861875087023,0.11410896480083466,0.7863792777061462,true_train_and_true_inner_val_selection
future_arousal_max_delta_rows_4_10_train_q90,binary,short_temporal_conv_residual,real_residual,20260638,9,0.23912528436630964,0.2344773401046433,0.007513428869850042,inner_val_pr_auc_delta_vs_frozen_ar,0.004353860858827829,0.1168387234210968,0.8115420937538147,true_train_and_true_inner_val_selection
future_arousal_max_delta_rows_4_10_train_q90,binary,short_temporal_conv_residual,real_residual,20260638,10,0.23831941653043032,0.2331990583598413,0.006235147125048052,inner_val_pr_auc_delta_vs_frozen_ar,0.004408671986311674,0.12027686834335327,0.8363791108131409,true_train_and_true_inner_val_selection
future_arousal_max_delta_rows_4_10_train_q90,binary,short_temporal_conv_residual,real_residual,20260638,11,0.2372433915734291,0.2331518781388274,0.006187966904034142,inner_val_pr_auc_delta_vs_frozen_ar,0.004467138554900885,0.12224783003330231,0.8446704745292664,true_train_and_true_inner_val_selection
future_arousal_max_delta_rows_4_10_train_q90,binary,short_temporal_conv_residual,real_residual,20260638,12,0.23586769960820675,0.2321792481905771,0.005215336955783828,inner_val_pr_auc_delta_vs_frozen_ar,0.004532185848802328,0.12305035442113876,0.858036458492279,true_train_and_true_inner_val_selection
future_arousal_max_delta_rows_4_10_train_q90,binary,short_temporal_conv_residual,real_residual,20260638,13,0.23474969062954187,0.2315962722220446,0.004632360987251338,inner_val_pr_auc_delta_vs_frozen_ar,0.004599398467689753,0.12583453953266144,0.8756358623504639,true_train_and_true_inner_val_selection
future_arousal_max_delta_rows_4_10_train_q90,binary,short_temporal_conv_residual,shuffled_pca_residual,20260638,1,0.2476091179996729,0.2270487784510077,8.486721621445148e-05,inner_val_pr_auc_delta_vs_frozen_ar,0.003750356612727046,0.02376481518149376,0.06253006309270859,true_train_and_true_inner_val_selection
future_arousal_max_delta_rows_4_10_train_q90,binary,short_temporal_conv_residual,shuffled_pca_residual,20260638,2,0.24740509688854218,0.22701517669952104,5.126546472777882e-05,inner_val_pr_auc_delta_vs_frozen_ar,0.0038367132656276226,0.06682813167572021,0.3269635736942291,true_train_and_true_inner_val_selection
future_arousal_max_delta_rows_4_10_train_q90,binary,short_temporal_conv_residual,shuffled_pca_residual,20260638,3,0.24695906043052673,0.22696842591418126,4.514679388001319e-06,inner_val_pr_auc_delta_vs_frozen_ar,0.003948302939534187,0.14432194828987122,0.7591413259506226,true_train_and_true_inner_val_selection
future_arousal_max_delta_rows_4_10_train_q90,binary,short_temporal_conv_residual,shuffled_pca_residual,20260638,4,0.24711169861257076,0.22692234698721186,-4.1564247581393765e-05,inner_val_pr_auc_delta_vs_frozen_ar,0.0040564751252532005,0.1335512399673462,0.7114416360855103,true_train_and_true_inner_val_selection
future_arousal_max_delta_rows_4_10_train_q90,binary,short_temporal_conv_residual,shuffled_pca_residual,20260638,5,0.24676037952303886,0.2264109047241638,-0.0005530065106294502,inner_val_pr_auc_delta_vs_frozen_ar,0.004169562831521034,0.1360354870557785,0.7278788089752197,true_train_and_true_inner_val_selection
future_arousal_max_delta_rows_4_10_train_q90,binary,short_temporal_conv_residual,shuffled_pca_residual,20260638,6,0.2463006842881441,0.22479553802406696,-0.0021683732107262987,inner_val_pr_auc_delta_vs_frozen_ar,0.004283221438527107,0.1348777860403061,0.7224096655845642,true_train_and_true_inner_val_selection
future_arousal_max_delta_rows_4_10_train_q90,binary,short_temporal_conv_residual,shuffled_pca_residual,20260638,7,0.24554569367319345,0.22188667308596255,-0.0050772381488307095,inner_val_pr_auc_delta_vs_frozen_ar,0.004392179660499096,0.12263330817222595,0.6627486944198608,true_train_and_true_inner_val_selection
future_arousal_max_delta_rows_4_10_train_q90,binary,short_temporal_conv_residual,shuffled_pca_residual,20260638,8,0.24466645065695047,0.21698656775756164,-0.009977343477231615,inner_val_pr_auc_delta_vs_frozen_ar,0.0044894032180309296,0.12400098890066147,0.6686387658119202,true_train_and_true_inner_val_selection
future_arousal_max_delta_rows_4_10_train_q90,binary,short_temporal_conv_residual,shuffled_pca_residual,20260638,9,0.2434640247374773,0.21166907624830927,-0.015294834986483985,inner_val_pr_auc_delta_vs_frozen_ar,0.004572367295622826,0.11964674293994904,0.644902229309082,true_train_and_true_inner_val_selection
future_arousal_max_delta_rows_4_10_train_q90,binary,short_temporal_conv_residual,random_pca_residual,20260638,1,0.2473853062838316,0.22703924361820726,7.533238341400628e-05,inner_val_pr_auc_delta_vs_frozen_ar,0.003749484894797206,0.023118678480386734,0.058158550411462784,true_train_and_true_inner_val_selection
future_arousal_max_delta_rows_4_10_train_q90,binary,short_temporal_conv_residual,random_pca_residual,20260638,2,0.24725568387657404,0.22702039174795083,5.6480513157569634e-05,inner_val_pr_auc_delta_vs_frozen_ar,0.0038334098644554615,0.06165841594338417,0.2948695123195648,true_train_and_true_inner_val_selection
future_arousal_max_delta_rows_4_10_train_q90,binary,short_temporal_conv_residual,random_pca_residual,20260638,3,0.24733668006956577,0.2270291137211691,6.52024863758427e-05,inner_val_pr_auc_delta_vs_frozen_ar,0.003939134534448385,0.14139480888843536,0.7533977031707764,true_train_and_true_inner_val_selection
future_arousal_max_delta_rows_4_10_train_q90,binary,short_temporal_conv_residual,random_pca_residual,20260638,4,0.24690294452011585,0.22713837040485257,0.00017445917005931566,inner_val_pr_auc_delta_vs_frozen_ar,0.004050000105053186,0.14265573024749756,0.7641212940216064,true_train_and_true_inner_val_selection
future_arousal_max_delta_rows_4_10_train_q90,binary,short_temporal_conv_residual,random_pca_residual,20260638,5,0.2469823071733117,0.2271151567263699,0.0001512454915766348,inner_val_pr_auc_delta_vs_frozen_ar,0.004163837991654873,0.13774485886096954,0.7439060807228088,true_train_and_true_inner_val_selection
future_arousal_max_delta_rows_4_10_train_q90,binary,short_temporal_conv_residual,random_pca_residual,20260638,6,0.24629687331616879,0.22601482807141754,-0.0009490831633757191,inner_val_pr_auc_delta_vs_frozen_ar,0.004279845394194126,0.14046049118041992,0.7551852464675903,true_train_and_true_inner_val_selection
future_arousal_max_delta_rows_4_10_train_q90,binary,short_temporal_conv_residual,random_pca_residual,20260638,7,0.24557696375995874,0.22345011114233532,-0.0035138000924579416,inner_val_pr_auc_delta_vs_frozen_ar,0.004389521665871143,0.1319412738084793,0.7183369994163513,true_train_and_true_inner_val_selection
future_arousal_max_delta_rows_4_10_train_q90,binary,short_temporal_conv_residual,random_pca_residual,20260638,8,0.24460637755692005,0.2197142536222858,-0.007249657612507454,inner_val_pr_auc_delta_vs_frozen_ar,0.004488026257604361,0.12443670630455017,0.6823632717132568,true_train_and_true_inner_val_selection
future_arousal_max_delta_rows_4_10_train_q90,binary,short_temporal_conv_residual,random_pca_residual,20260638,9,0.24393766652792692,0.21494405891127508,-0.012019852323518182,inner_val_pr_auc_delta_vs_frozen_ar,0.004570887424051762,0.12328605353832245,0.6806346774101257,true_train_and_true_inner_val_selection
future_arousal_max_delta_rows_4_10_train_q90,binary,short_temporal_conv_residual,random_pca_residual,20260638,10,0.24291326198726892,0.21032850946944978,-0.016635401765343477,inner_val_pr_auc_delta_vs_frozen_ar,0.004636915400624275,0.12704434990882874,0.702873945236206,true_train_and_true_inner_val_selection
future_arousal_max_delta_rows_4_10_train_q90,binary,short_temporal_conv_residual,random_pca_residual,20260638,11,0.24287440720945597,0.20856397062106644,-0.018399940613726823,inner_val_pr_auc_delta_vs_frozen_ar,0.004689869005233049,0.1255306750535965,0.6966050863265991,true_train_and_true_inner_val_selection
future_arousal_max_delta_rows_4_10_train_q90,binary,short_temporal_conv_residual,random_pca_residual,20260638,12,0.2420449797064066,0.20646628892722646,-0.0204976223075668,inner_val_pr_auc_delta_vs_frozen_ar,0.004746272228658199,0.1307172179222107,0.7275289297103882,true_train_and_true_inner_val_selection
future_arousal_max_delta_rows_4_10_train_q90,binary,short_temporal_conv_residual,label_permutation_residual,20260638,1,0.2966481540352106,0.0974094275873139,-7.449824953667528e-06,inner_val_pr_auc_delta_vs_frozen_ar,0.003738783299922943,0.021733803674578667,0.04680132865905762,permuted_train_and_permuted_inner_val_selection
future_arousal_max_delta_rows_4_10_train_q90,binary,short_temporal_conv_residual,label_permutation_residual,20260638,2,0.29656630754470825,0.09741453037919962,-2.347033067950921e-06,inner_val_pr_auc_delta_vs_frozen_ar,0.003759602550417185,0.023876864463090897,0.06181631609797478,permuted_train_and_permuted_inner_val_selection
future_arousal_max_delta_rows_4_10_train_q90,binary,short_temporal_conv_residual,label_permutation_residual,20260638,3,0.29678179882466793,0.09740757816344903,-9.299248818539496e-06,inner_val_pr_auc_delta_vs_frozen_ar,0.0038614491932094097,0.0396186001598835,0.15935145318508148,permuted_train_and_permuted_inner_val_selection
future_arousal_max_delta_rows_4_10_train_q90,binary,short_temporal_conv_residual,label_permutation_residual,20260638,4,0.2966769691556692,0.09735689143316012,-5.998597910744641e-05,inner_val_pr_auc_delta_vs_frozen_ar,0.0039720553904771805,0.06008826196193695,0.327848345041275,permuted_train_and_permuted_inner_val_selection
future_arousal_max_delta_rows_4_10_train_q90,binary,short_temporal_conv_residual,label_permutation_residual,20260638,5,0.29675869457423687,0.09724441349203841,-0.00017246392022915447,inner_val_pr_auc_delta_vs_frozen_ar,0.004086253698915243,0.07761350274085999,0.49537593126296997,permuted_train_and_permuted_inner_val_selection
future_arousal_max_delta_rows_4_10_train_q90,binary,short_temporal_conv_residual,label_permutation_residual,20260638,6,0.2966471500694752,0.0970555194431784,-0.00036135796908916273,inner_val_pr_auc_delta_vs_frozen_ar,0.004189673345535994,0.07333656400442123,0.44234195351600647,permuted_train_and_permuted_inner_val_selection
future_arousal_max_delta_rows_4_10_train_q90,binary,short_temporal_conv_residual,label_permutation_residual,20260638,7,0.2961165439337492,0.096921544516953,-0.0004953328953145597,inner_val_pr_auc_delta_vs_frozen_ar,0.004263380542397499,0.07500579953193665,0.4636944532394409,permuted_train_and_permuted_inner_val_selection
future_arousal_max_delta_rows_4_10_train_q90,binary,short_temporal_conv_residual,label_permutation_residual,20260638,8,0.29530357010662556,0.0968616689841704,-0.0005552084280971703,inner_val_pr_auc_delta_vs_frozen_ar,0.004313677549362183,0.07324911653995514,0.45299839973449707,permuted_train_and_permuted_inner_val_selection
future_arousal_max_delta_rows_4_10_train_q90,binary,short_temporal_conv_residual,train_only_video_mean_residual,20260638,1,0.24734857771545649,0.22710417166200195,0.00014026042720868825,inner_val_pr_auc_delta_vs_frozen_ar,0.0037759023252874613,0.05033787712454796,0.26139816641807556,true_train_and_true_inner_val_selection
future_arousal_max_delta_rows_4_10_train_q90,binary,short_temporal_conv_residual,train_only_video_mean_residual,20260638,2,0.24780907947570086,0.2275418570740679,0.0005779458392746462,inner_val_pr_auc_delta_vs_frozen_ar,0.003876121249049902,0.15985895693302155,0.9932611584663391,true_train_and_true_inner_val_selection
future_arousal_max_delta_rows_4_10_train_q90,binary,short_temporal_conv_residual,train_only_video_mean_residual,20260638,3,0.24718991946429014,0.22884536315879467,0.0018814519240014094,inner_val_pr_auc_delta_vs_frozen_ar,0.0039849234744906425,0.22132305800914764,0.9983439445495605,true_train_and_true_inner_val_selection
future_arousal_max_delta_rows_4_10_train_q90,binary,short_temporal_conv_residual,train_only_video_mean_residual,20260638,4,0.24587816651910543,0.22596295734249994,-0.0010009538922933214,inner_val_pr_auc_delta_vs_frozen_ar,0.004098501056432724,0.2585231363773346,0.9976958632469177,true_train_and_true_inner_val_selection
future_arousal_max_delta_rows_4_10_train_q90,binary,short_temporal_conv_residual,train_only_video_mean_residual,20260638,5,0.24405970517545938,0.22344322492414173,-0.0035206863106515274,inner_val_pr_auc_delta_vs_frozen_ar,0.004198556300252676,0.2698766887187958,0.9986118078231812,true_train_and_true_inner_val_selection
future_arousal_max_delta_rows_4_10_train_q90,binary,short_temporal_conv_residual,train_only_video_mean_residual,20260638,6,0.24204990081489086,0.21868032333576182,-0.008283587899031442,inner_val_pr_auc_delta_vs_frozen_ar,0.004291674587875605,0.27719026803970337,0.9992693066596985,true_train_and_true_inner_val_selection
future_arousal_max_delta_rows_4_10_train_q90,binary,short_temporal_conv_residual,train_only_video_mean_residual,20260638,7,0.24024955742061138,0.21763492641802035,-0.009328984816772912,inner_val_pr_auc_delta_vs_frozen_ar,0.004370225593447685,0.28414538502693176,0.9993704557418823,true_train_and_true_inner_val_selection
future_arousal_max_delta_rows_4_10_train_q90,binary,short_temporal_conv_residual,train_only_video_mean_residual,20260638,8,0.23849097732454538,0.21629738288546013,-0.010666528349333126,inner_val_pr_auc_delta_vs_frozen_ar,0.004445188213139772,0.2977825105190277,0.9995215535163879,true_train_and_true_inner_val_selection
future_arousal_max_delta_rows_4_10_train_q90,binary,short_temporal_conv_residual,train_only_video_mean_residual,20260638,9,0.2374152448028326,0.21765156188765047,-0.009312349347142784,inner_val_pr_auc_delta_vs_frozen_ar,0.004515703767538071,0.3067600727081299,0.9997162818908691,true_train_and_true_inner_val_selection
future_arousal_max_delta_rows_4_10_train_q90,binary,short_temporal_conv_residual,train_only_video_mean_residual,20260638,10,0.23586455639451742,0.2193465322936229,-0.007617378941170372,inner_val_pr_auc_delta_vs_frozen_ar,0.004579379688948393,0.3118518590927124,0.9998323321342468,true_train_and_true_inner_val_selection
future_arousal_max_delta_rows_4_10_train_q90,binary,short_temporal_conv_residual,train_only_video_mean_residual,20260638,11,0.23509041406214237,0.2189880629854284,-0.00797584824936487,inner_val_pr_auc_delta_vs_frozen_ar,0.004635400604456663,0.3178237974643707,0.9998618364334106,true_train_and_true_inner_val_selection
future_arousal_max_delta_rows_4_10_train_q90,binary,short_temporal_conv_residual,diagnostics_only_residual,20260638,1,0.24737634044140577,0.22702633094432334,6.241970953008158e-05,inner_val_pr_auc_delta_vs_frozen_ar,0.0037785794120281935,0.025486255064606667,0.07868193835020065,true_train_and_true_inner_val_selection
future_arousal_max_delta_rows_4_10_train_q90,binary,short_temporal_conv_residual,diagnostics_only_residual,20260638,2,0.24728082120418549,0.2270630706157397,9.915938094642862e-05,inner_val_pr_auc_delta_vs_frozen_ar,0.0038727628998458385,0.01882334053516388,0.05502565577626228,true_train_and_true_inner_val_selection
future_arousal_max_delta_rows_4_10_train_q90,binary,short_temporal_conv_residual,diagnostics_only_residual,20260638,3,0.24725078139454126,0.22729328311818747,0.00032937188339421386,inner_val_pr_auc_delta_vs_frozen_ar,0.003944248892366886,0.1712956726551056,0.8466799259185791,true_train_and_true_inner_val_selection
future_arousal_max_delta_rows_4_10_train_q90,binary,short_temporal_conv_residual,diagnostics_only_residual,20260638,4,0.2470602933317423,0.22730691652343954,0.0003430052886462809,inner_val_pr_auc_delta_vs_frozen_ar,0.003978540189564228,0.13442254066467285,0.7021578550338745,true_train_and_true_inner_val_selection
future_arousal_max_delta_rows_4_10_train_q90,binary,short_temporal_conv_residual,diagnostics_only_residual,20260638,5,0.2472830032929778,0.22727399261579256,0.00031008138099930527,inner_val_pr_auc_delta_vs_frozen_ar,0.00399708840996027,0.10213711857795715,0.5398985743522644,true_train_and_true_inner_val_selection
future_arousal_max_delta_rows_4_10_train_q90,binary,short_temporal_conv_residual,diagnostics_only_residual,20260638,6,0.24698902945965528,0.22701998302335857,5.607178856531503e-05,inner_val_pr_auc_delta_vs_frozen_ar,0.004021297674626112,0.0994807705283165,0.5285117030143738,true_train_and_true_inner_val_selection
future_arousal_max_delta_rows_4_10_train_q90,binary,short_temporal_conv_residual,diagnostics_only_residual,20260638,7,0.246864415705204,0.2275562129587923,0.0005923017239990447,inner_val_pr_auc_delta_vs_frozen_ar,0.004020835272967815,0.07857766002416611,0.4091239273548126,true_train_and_true_inner_val_selection
future_arousal_max_delta_rows_4_10_train_q90,binary,short_temporal_conv_residual,diagnostics_only_residual,20260638,8,0.24634808581322432,0.22762880530503035,0.0006648940702370931,inner_val_pr_auc_delta_vs_frozen_ar,0.004030836280435324,0.0770401805639267,0.40170639753341675,true_train_and_true_inner_val_selection
future_arousal_max_delta_rows_4_10_train_q90,binary,short_temporal_conv_residual,diagnostics_only_residual,20260638,9,0.24735196214169264,0.2276040283156307,0.0006401170808374435,inner_val_pr_auc_delta_vs_frozen_ar,0.004031652119010687,0.08041193336248398,0.42294153571128845,true_train_and_true_inner_val_selection
future_arousal_max_delta_rows_4_10_train_q90,binary,short_temporal_conv_residual,diagnostics_only_residual,20260638,10,0.2470103083178401,0.22755705281529703,0.0005931415805037754,inner_val_pr_auc_delta_vs_frozen_ar,0.0040409862995147705,0.08876465260982513,0.47260361909866333,true_train_and_true_inner_val_selection
future_arousal_max_delta_rows_4_10_train_q90,binary,short_temporal_conv_residual,diagnostics_only_residual,20260638,11,0.24671479407697916,0.22774663037504836,0.0007827191402551004,inner_val_pr_auc_delta_vs_frozen_ar,0.0040420289151370525,0.08324987441301346,0.44189754128456116,true_train_and_true_inner_val_selection
future_arousal_max_delta_rows_4_10_train_q90,binary,short_temporal_conv_residual,diagnostics_only_residual,20260638,12,0.24683349020779133,0.22767461622064517,0.0007107049858519066,inner_val_pr_auc_delta_vs_frozen_ar,0.004049202427268028,0.09079229086637497,0.4873133897781372,true_train_and_true_inner_val_selection
future_arousal_max_delta_rows_4_10_train_q90,binary,short_temporal_conv_residual,diagnostics_only_residual,20260638,13,0.24709187634289265,0.22784745034177314,0.0008835391069798859,inner_val_pr_auc_delta_vs_frozen_ar,0.004055391531437635,0.08861054480075836,0.47580084204673767,true_train_and_true_inner_val_selection
future_arousal_max_delta_rows_4_10_train_q90,binary,short_temporal_conv_residual,diagnostics_only_residual,20260638,14,0.24711641855537891,0.2278178350895581,0.0008539238547648487,inner_val_pr_auc_delta_vs_frozen_ar,0.004056790843605995,0.09324252605438232,0.5047430396080017,true_train_and_true_inner_val_selection
future_arousal_max_delta_rows_4_10_train_q90,binary,short_temporal_conv_residual,diagnostics_only_residual,20260638,15,0.24668078310787678,0.22790404448320062,0.0009401332484073599,inner_val_pr_auc_delta_vs_frozen_ar,0.004066778812557459,0.09499509632587433,0.516577959060669,true_train_and_true_inner_val_selection
future_arousal_max_delta_rows_4_10_train_q90,binary,short_temporal_conv_residual,diagnostics_only_residual,20260638,16,0.2465965999290347,0.2280250120893179,0.0010611008545246547,inner_val_pr_auc_delta_vs_frozen_ar,0.004068673588335514,0.09036052972078323,0.4911499321460724,true_train_and_true_inner_val_selection
future_arousal_max_delta_rows_4_10_train_q90,binary,short_temporal_conv_residual,diagnostics_only_residual,20260638,17,0.24676967412233353,0.22809024730335206,0.001126336068558803,inner_val_pr_auc_delta_vs_frozen_ar,0.004077335353940725,0.09427592903375626,0.5146584510803223,true_train_and_true_inner_val_selection
future_arousal_max_delta_rows_4_10_train_q90,binary,short_temporal_conv_residual,diagnostics_only_residual,20260638,18,0.24690440110862255,0.22810371030086588,0.0011397990660726165,inner_val_pr_auc_delta_vs_frozen_ar,0.004079627804458141,0.09711335599422455,0.5326135158538818,true_train_and_true_inner_val_selection
future_arousal_max_delta_rows_4_10_train_q90,binary,short_temporal_conv_residual,diagnostics_only_residual,20260638,19,0.2465813932940364,0.22824030729345243,0.0012763960586591738,inner_val_pr_auc_delta_vs_frozen_ar,0.004084100015461445,0.10007167607545853,0.5497117042541504,true_train_and_true_inner_val_selection
future_arousal_max_delta_rows_4_10_train_q90,binary,short_temporal_conv_residual,diagnostics_only_residual,20260638,20,0.24637436773627996,0.22804990446463527,0.0010859932298420139,inner_val_pr_auc_delta_vs_frozen_ar,0.004094064235687256,0.1091177687048912,0.601220965385437,true_train_and_true_inner_val_selection
future_arousal_max_delta_rows_4_10_train_q90,binary,short_temporal_conv_residual,diagnostics_only_residual,20260638,21,0.2467870879918337,0.22842033001386053,0.00145641877906727,inner_val_pr_auc_delta_vs_frozen_ar,0.004095642827451229,0.09833838045597076,0.5417262315750122,true_train_and_true_inner_val_selection
future_arousal_max_delta_rows_4_10_train_q90,binary,short_temporal_conv_residual,diagnostics_only_residual,20260638,22,0.24653572402894497,0.22823640367658482,0.0012724924417915617,inner_val_pr_auc_delta_vs_frozen_ar,0.004104781895875931,0.11217691004276276,0.619711697101593,true_train_and_true_inner_val_selection
future_arousal_max_delta_rows_4_10_train_q90,binary,short_temporal_conv_residual,diagnostics_only_residual,20260638,23,0.2470183577388525,0.22855550861275353,0.0015915973779602743,inner_val_pr_auc_delta_vs_frozen_ar,0.004105699714273214,0.10708144307136536,0.5923982858657837,true_train_and_true_inner_val_selection
future_arousal_max_delta_rows_4_10_train_q90,binary,short_temporal_conv_residual,diagnostics_only_residual,20260638,24,0.24670963641256094,0.2284466526954862,0.0014827414606929379,inner_val_pr_auc_delta_vs_frozen_ar,0.0041141570545732975,0.11184582114219666,0.620853066444397,true_train_and_true_inner_val_selection
future_arousal_max_delta_rows_4_10_train_q90,binary,short_temporal_conv_residual,diagnostics_only_residual,20260638,25,0.24696255382150412,0.2286386696102261,0.0016747583754328499,inner_val_pr_auc_delta_vs_frozen_ar,0.004120036493986845,0.1133522093296051,0.629554271697998,true_train_and_true_inner_val_selection
future_arousal_max_delta_rows_4_10_train_q90,binary,short_temporal_conv_residual,diagnostics_only_residual,20260638,26,0.24675847496837378,0.22846109579756704,0.0014971845627737845,inner_val_pr_auc_delta_vs_frozen_ar,0.004128821659833193,0.11879612505435944,0.6603854894638062,true_train_and_true_inner_val_selection
future_arousal_max_delta_rows_4_10_train_q90,binary,short_temporal_conv_residual,diagnostics_only_residual,20260638,27,0.2468891991302371,0.22882062308293682,0.0018567118481435663,inner_val_pr_auc_delta_vs_frozen_ar,0.0041309925727546215,0.10752327740192413,0.5985884070396423,true_train_and_true_inner_val_selection
future_arousal_max_delta_rows_4_10_train_q90,binary,short_temporal_conv_residual,diagnostics_only_residual,20260638,28,0.2468373142182827,0.22878589963117044,0.0018219883963771777,inner_val_pr_auc_delta_vs_frozen_ar,0.004137839190661907,0.12328305095434189,0.6845367550849915,true_train_and_true_inner_val_selection
future_arousal_max_delta_rows_4_10_train_q90,binary,short_temporal_conv_residual,diagnostics_only_residual,20260638,29,0.2465924322605133,0.22900672605360528,0.002042814818812022,inner_val_pr_auc_delta_vs_frozen_ar,0.004142141900956631,0.1224067211151123,0.6803337335586548,true_train_and_true_inner_val_selection
future_arousal_max_delta_rows_4_10_train_q90,binary,short_temporal_conv_residual,diagnostics_only_residual,20260638,30,0.2464114697650075,0.22896151599347808,0.0019976047586848233,inner_val_pr_auc_delta_vs_frozen_ar,0.0041512250900268555,0.12941037118434906,0.7159285545349121,true_train_and_true_inner_val_selection
future_arousal_max_delta_rows_4_10_train_q90,binary,short_temporal_conv_residual,diagnostics_only_residual,20260638,31,0.24685285799205303,0.22919054536804695,0.002226634133253691,inner_val_pr_auc_delta_vs_frozen_ar,0.004159313626587391,0.13414189219474792,0.7387742400169373,true_train_and_true_inner_val_selection
future_arousal_max_delta_rows_4_10_train_q90,binary,short_temporal_conv_residual,diagnostics_only_residual,20260638,32,0.2465613530948758,0.2291339939879502,0.0021700827531569433,inner_val_pr_auc_delta_vs_frozen_ar,0.004167825914919376,0.13204604387283325,0.7306580543518066,true_train_and_true_inner_val_selection
future_arousal_max_delta_rows_4_10_train_q90,binary,short_temporal_conv_residual,diagnostics_only_residual,20260638,33,0.24702212121337652,0.22935781021994933,0.0023938989851560732,inner_val_pr_auc_delta_vs_frozen_ar,0.004174298141151667,0.1371597796678543,0.7547893524169922,true_train_and_true_inner_val_selection
future_arousal_max_delta_rows_4_10_train_q90,binary,short_temporal_conv_residual,diagnostics_only_residual,20260638,34,0.24651005677878857,0.22938076286313364,0.0024168516283403774,inner_val_pr_auc_delta_vs_frozen_ar,0.004183280281722546,0.14415614306926727,0.7862702012062073,true_train_and_true_inner_val_selection
future_arousal_max_delta_rows_4_10_train_q90,binary,short_temporal_conv_residual,diagnostics_only_residual,20260638,35,0.2464056694880128,0.22941414918392167,0.0024502379491284088,inner_val_pr_auc_delta_vs_frozen_ar,0.00419060280546546,0.1496201455593109,0.8096608519554138,true_train_and_true_inner_val_selection
future_arousal_max_delta_rows_4_10_train_q90,binary,short_temporal_conv_residual,diagnostics_only_residual,20260638,36,0.24629998579621315,0.22957499807514992,0.002611086840356658,inner_val_pr_auc_delta_vs_frozen_ar,0.00420097541064024,0.15418604016304016,0.8269830942153931,true_train_and_true_inner_val_selection
future_arousal_max_delta_rows_4_10_train_q90,binary,short_temporal_conv_residual,diagnostics_only_residual,20260638,37,0.24653674568980932,0.22973887034555152,0.002774959110758257,inner_val_pr_auc_delta_vs_frozen_ar,0.00420727115124464,0.160552978515625,0.8503394722938538,true_train_and_true_inner_val_selection
future_arousal_max_delta_rows_4_10_train_q90,binary,short_temporal_conv_residual,diagnostics_only_residual,20260638,38,0.24609509855508804,0.22976031953089554,0.002796408296102282,inner_val_pr_auc_delta_vs_frozen_ar,0.00421871105208993,0.17224350571632385,0.886724054813385,true_train_and_true_inner_val_selection
future_arousal_max_delta_rows_4_10_train_q90,binary,short_temporal_conv_residual,diagnostics_only_residual,20260638,39,0.24647579435259104,0.2301700511371459,0.003206139902352634,inner_val_pr_auc_delta_vs_frozen_ar,0.004228344187140465,0.18030597269535065,0.9081436395645142,true_train_and_true_inner_val_selection
future_arousal_max_delta_rows_4_10_train_q90,binary,short_temporal_conv_residual,diagnostics_only_residual,20260638,40,0.2466183342039585,0.2300292779239248,0.0030653666891315434,inner_val_pr_auc_delta_vs_frozen_ar,0.004240151960402727,0.19050507247447968,0.9307073354721069,true_train_and_true_inner_val_selection
future_arousal_max_delta_rows_4_10_train_q90,binary,short_temporal_conv_residual,diagnostics_only_residual,20260638,41,0.24589899368584156,0.23050310775774002,0.0035391965229467637,inner_val_pr_auc_delta_vs_frozen_ar,0.004253745079040527,0.2004581093788147,0.9486302733421326,true_train_and_true_inner_val_selection
future_arousal_max_delta_rows_4_10_train_q90,binary,short_temporal_conv_residual,diagnostics_only_residual,20260638,42,0.24628292582929134,0.2308691270854598,0.0039052158506665546,inner_val_pr_auc_delta_vs_frozen_ar,0.00426787743344903,0.2235221117734909,0.9764193296432495,true_train_and_true_inner_val_selection
future_arousal_max_delta_rows_4_10_train_q90,binary,short_temporal_conv_residual,diagnostics_only_residual,20260638,43,0.2463499130681157,0.2311032879610841,0.004139376726290833,inner_val_pr_auc_delta_vs_frozen_ar,0.004284007009118795,0.23316234350204468,0.9833328723907471,true_train_and_true_inner_val_selection
future_arousal_max_delta_rows_4_10_train_q90,binary,short_temporal_conv_residual,diagnostics_only_residual,20260638,44,0.24601934291422367,0.2311282140146693,0.0041643027798760335,inner_val_pr_auc_delta_vs_frozen_ar,0.004305609501898289,0.23961196839809418,0.9869028925895691,true_train_and_true_inner_val_selection
future_arousal_max_delta_rows_4_10_train_q90,binary,short_temporal_conv_residual,diagnostics_only_residual,20260638,45,0.24620336946099997,0.23138546553935752,0.004421554304564257,inner_val_pr_auc_delta_vs_frozen_ar,0.004321716725826263,0.25067079067230225,0.9915690422058105,true_train_and_true_inner_val_selection
future_arousal_max_delta_rows_4_10_train_q90,binary,short_temporal_conv_residual,diagnostics_only_residual,20260638,46,0.2459523007273674,0.23161674413793126,0.0046528329031380045,inner_val_pr_auc_delta_vs_frozen_ar,0.004341122228652239,0.2588310241699219,0.9939996004104614,true_train_and_true_inner_val_selection
future_arousal_max_delta_rows_4_10_train_q90,binary,short_temporal_conv_residual,diagnostics_only_residual,20260638,47,0.24607443809509277,0.23155938957150335,0.00459547833671009,inner_val_pr_auc_delta_vs_frozen_ar,0.00436309352517128,0.27113476395606995,0.9965972304344177,true_train_and_true_inner_val_selection
future_arousal_max_delta_rows_4_10_train_q90,binary,short_temporal_conv_residual,diagnostics_only_residual,20260638,48,0.24607225507497787,0.23142969254421672,0.004465781309423461,inner_val_pr_auc_delta_vs_frozen_ar,0.004378977231681347,0.27580124139785767,0.997287392616272,true_train_and_true_inner_val_selection
future_arousal_max_delta_rows_4_10_train_q90,binary,short_temporal_conv_residual,diagnostics_only_residual,20260638,49,0.2456764169037342,0.23143852331976766,0.004474612084974405,inner_val_pr_auc_delta_vs_frozen_ar,0.004399044904857874,0.28300756216049194,0.9981305003166199,true_train_and_true_inner_val_selection
future_arousal_max_delta_rows_4_10_train_q90,binary,short_temporal_conv_residual,diagnostics_only_residual,20260638,50,0.24600850883871317,0.23145650591855257,0.004492594683759316,inner_val_pr_auc_delta_vs_frozen_ar,0.004416070878505707,0.2846769392490387,0.998294472694397,true_train_and_true_inner_val_selection
future_arousal_max_delta_rows_4_10_train_q90,binary,short_temporal_conv_residual,diagnostics_only_residual,20260638,51,0.24558767396956682,0.23124358311064236,0.0042796718758491,inner_val_pr_auc_delta_vs_frozen_ar,0.004435539245605469,0.2903558611869812,0.9987600445747375,true_train_and_true_inner_val_selection
future_arousal_max_delta_rows_4_10_train_q90,binary,short_temporal_conv_residual,diagnostics_only_residual,20260638,52,0.2458169972524047,0.23125760886767488,0.004293697632881621,inner_val_pr_auc_delta_vs_frozen_ar,0.004450259730219841,0.2952553927898407,0.9990635514259338,true_train_and_true_inner_val_selection
future_arousal_max_delta_rows_4_10_train_q90,binary,short_temporal_conv_residual,diagnostics_only_residual,20260638,53,0.24570897035300732,0.2311815606167723,0.0042176493819790495,inner_val_pr_auc_delta_vs_frozen_ar,0.00446672085672617,0.2930225133895874,0.9989508986473083,true_train_and_true_inner_val_selection
future_arousal_max_delta_rows_4_10_train_q90,binary,short_temporal_conv_residual,diagnostics_only_residual,20260638,54,0.24552176520228386,0.23118790974492914,0.0042239985101358846,inner_val_pr_auc_delta_vs_frozen_ar,0.004481529351323843,0.2945922017097473,0.9990518093109131,true_train_and_true_inner_val_selection
future_arousal_max_delta_rows_4_10_train_q90,binary,short_temporal_conv_residual,real_residual,20260639,1,0.15691601764410734,0.2260947547690258,0.00011325148066640423,inner_val_pr_auc_delta_vs_frozen_ar,0.0021406712476164103,0.019783886149525642,0.04132803529500961,true_train_and_true_inner_val_selection
future_arousal_max_delta_rows_4_10_train_q90,binary,short_temporal_conv_residual,real_residual,20260639,2,0.15678597427904606,0.22609351120738402,0.00011200791902463147,inner_val_pr_auc_delta_vs_frozen_ar,0.002136694733053446,0.020754419267177582,0.05187538266181946,true_train_and_true_inner_val_selection
future_arousal_max_delta_rows_4_10_train_q90,binary,short_temporal_conv_residual,real_residual,20260639,3,0.1568995462730527,0.2261078928628918,0.0001263895745323984,inner_val_pr_auc_delta_vs_frozen_ar,0.0021742593962699175,0.04118622466921806,0.17343522608280182,true_train_and_true_inner_val_selection
future_arousal_max_delta_rows_4_10_train_q90,binary,short_temporal_conv_residual,real_residual,20260639,4,0.15691996738314629,0.22630367213188332,0.00032216884352392894,inner_val_pr_auc_delta_vs_frozen_ar,0.002222463022917509,0.09118161350488663,0.5661870241165161,true_train_and_true_inner_val_selection
future_arousal_max_delta_rows_4_10_train_q90,binary,short_temporal_conv_residual,real_residual,20260639,5,0.1568451216444373,0.22677646290147804,0.0007949596131186509,inner_val_pr_auc_delta_vs_frozen_ar,0.0022733169607818127,0.12905366718769073,0.8114524483680725,true_train_and_true_inner_val_selection
future_arousal_max_delta_rows_4_10_train_q90,binary,short_temporal_conv_residual,real_residual,20260639,6,0.15646469220519066,0.22764173697996076,0.0016602336916013705,inner_val_pr_auc_delta_vs_frozen_ar,0.0023236789274960756,0.1359243243932724,0.8592575788497925,true_train_and_true_inner_val_selection
future_arousal_max_delta_rows_4_10_train_q90,binary,short_temporal_conv_residual,real_residual,20260639,7,0.15630623139441013,0.22889117911630885,0.0029096758279494594,inner_val_pr_auc_delta_vs_frozen_ar,0.0023730408865958452,0.14751660823822021,0.9059269428253174,true_train_and_true_inner_val_selection
future_arousal_max_delta_rows_4_10_train_q90,binary,short_temporal_conv_residual,real_residual,20260639,8,0.15577626042068005,0.23048452593017185,0.00450302264181246,inner_val_pr_auc_delta_vs_frozen_ar,0.0024212158750742674,0.15718670189380646,0.9388201236724854,true_train_and_true_inner_val_selection
future_arousal_max_delta_rows_4_10_train_q90,binary,short_temporal_conv_residual,real_residual,20260639,9,0.15532450191676617,0.23178169725345865,0.0058001939650992596,inner_val_pr_auc_delta_vs_frozen_ar,0.002468631835654378,0.1576448380947113,0.9499322772026062,true_train_and_true_inner_val_selection
future_arousal_max_delta_rows_4_10_train_q90,binary,short_temporal_conv_residual,real_residual,20260639,10,0.1546703828498721,0.23309056184338606,0.007109058555026665,inner_val_pr_auc_delta_vs_frozen_ar,0.002514974679797888,0.15870578587055206,0.9599518775939941,true_train_and_true_inner_val_selection
future_arousal_max_delta_rows_4_10_train_q90,binary,short_temporal_conv_residual,real_residual,20260639,11,0.15401873085647821,0.23436360800476755,0.008382104716408156,inner_val_pr_auc_delta_vs_frozen_ar,0.0025582867674529552,0.15513738989830017,0.9637258052825928,true_train_and_true_inner_val_selection
future_arousal_max_delta_rows_4_10_train_q90,binary,short_temporal_conv_residual,real_residual,20260639,12,0.1533297896385193,0.23546941391886744,0.00948791063050805,inner_val_pr_auc_delta_vs_frozen_ar,0.0025979308411478996,0.15397655963897705,0.968146026134491,true_train_and_true_inner_val_selection
future_arousal_max_delta_rows_4_10_train_q90,binary,short_temporal_conv_residual,real_residual,20260639,13,0.15267716255038977,0.23614846094815922,0.01016695765979983,inner_val_pr_auc_delta_vs_frozen_ar,0.0026332931593060493,0.15443795919418335,0.972671627998352,true_train_and_true_inner_val_selection
future_arousal_max_delta_rows_4_10_train_q90,binary,short_temporal_conv_residual,real_residual,20260639,14,0.1517981830984354,0.23615519543798302,0.010173692149623631,inner_val_pr_auc_delta_vs_frozen_ar,0.0026630882639437914,0.15300366282463074,0.9750502109527588,true_train_and_true_inner_val_selection
future_arousal_max_delta_rows_4_10_train_q90,binary,short_temporal_conv_residual,real_residual,20260639,15,0.1514885388314724,0.2358535722289284,0.009872068940568995,inner_val_pr_auc_delta_vs_frozen_ar,0.0026893122121691704,0.15338753163814545,0.9775590896606445,true_train_and_true_inner_val_selection
future_arousal_max_delta_rows_4_10_train_q90,binary,short_temporal_conv_residual,real_residual,20260639,16,0.1515015186741948,0.2357306358833034,0.009749132594944004,inner_val_pr_auc_delta_vs_frozen_ar,0.0027112397365272045,0.15319491922855377,0.9799508452415466,true_train_and_true_inner_val_selection
future_arousal_max_delta_rows_4_10_train_q90,binary,short_temporal_conv_residual,real_residual,20260639,17,0.1511251088231802,0.23550292282510096,0.009521419536741571,inner_val_pr_auc_delta_vs_frozen_ar,0.002729318104684353,0.15100650489330292,0.9800004363059998,true_train_and_true_inner_val_selection
future_arousal_max_delta_rows_4_10_train_q90,binary,short_temporal_conv_residual,real_residual,20260639,18,0.15068899653851986,0.23528825766419392,0.00930675437583453,inner_val_pr_auc_delta_vs_frozen_ar,0.002747175982221961,0.1516936719417572,0.98234623670578,true_train_and_true_inner_val_selection
future_arousal_max_delta_rows_4_10_train_q90,binary,short_temporal_conv_residual,real_residual,20260639,19,0.15078794583678246,0.235422971107659,0.00944146781929961,inner_val_pr_auc_delta_vs_frozen_ar,0.002763288328424096,0.15056712925434113,0.9828525185585022,true_train_and_true_inner_val_selection
future_arousal_max_delta_rows_4_10_train_q90,binary,short_temporal_conv_residual,real_residual,20260639,20,0.15021573472768068,0.23545455625364964,0.009473052965290246,inner_val_pr_auc_delta_vs_frozen_ar,0.0027790023013949394,0.14962823688983917,0.9829219579696655,true_train_and_true_inner_val_selection
future_arousal_max_delta_rows_4_10_train_q90,binary,short_temporal_conv_residual,real_residual,20260639,21,0.14996317215263844,0.2355929581578716,0.009611454869512204,inner_val_pr_auc_delta_vs_frozen_ar,0.0027944808825850487,0.14935249090194702,0.9835411310195923,true_train_and_true_inner_val_selection
future_arousal_max_delta_rows_4_10_train_q90,binary,short_temporal_conv_residual,real_residual,20260639,22,0.14957546070218086,0.23533892021025984,0.009357416921900452,inner_val_pr_auc_delta_vs_frozen_ar,0.0028110581915825605,0.14844265580177307,0.9836853742599487,true_train_and_true_inner_val_selection
future_arousal_max_delta_rows_4_10_train_q90,binary,short_temporal_conv_residual,real_residual,20260639,1,0.247615123167634,0.22607667672042628,9.517343206688622e-05,inner_val_pr_auc_delta_vs_frozen_ar,0.003751868149265647,0.019236065447330475,0.0428227037191391,true_train_and_true_inner_val_selection
future_arousal_max_delta_rows_4_10_train_q90,binary,short_temporal_conv_residual,real_residual,20260639,2,0.24737379234284163,0.22650333568112507,0.0005218323927656809,inner_val_pr_auc_delta_vs_frozen_ar,0.0038405226077884436,0.054085467010736465,0.270392507314682,true_train_and_true_inner_val_selection
future_arousal_max_delta_rows_4_10_train_q90,binary,short_temporal_conv_residual,real_residual,20260639,3,0.24706463236361742,0.23004117214252628,0.004059668854166892,inner_val_pr_auc_delta_vs_frozen_ar,0.003956102766096592,0.08555236458778381,0.5993631482124329,true_train_and_true_inner_val_selection
future_arousal_max_delta_rows_4_10_train_q90,binary,short_temporal_conv_residual,real_residual,20260639,4,0.24557248782366514,0.23655439468937378,0.01057289140101439,inner_val_pr_auc_delta_vs_frozen_ar,0.0040779998525977135,0.0808820053935051,0.542793869972229,true_train_and_true_inner_val_selection
future_arousal_max_delta_rows_4_10_train_q90,binary,short_temporal_conv_residual,real_residual,20260639,5,0.24319219216704369,0.24134449207653894,0.015362988788179543,inner_val_pr_auc_delta_vs_frozen_ar,0.00418803421780467,0.0922548696398735,0.6556398868560791,true_train_and_true_inner_val_selection
future_arousal_max_delta_rows_4_10_train_q90,binary,short_temporal_conv_residual,real_residual,20260639,6,0.24146934412419796,0.23885487501296887,0.012873371724609478,inner_val_pr_auc_delta_vs_frozen_ar,0.00424446864053607,0.09388001263141632,0.6798714995384216,true_train_and_true_inner_val_selection
future_arousal_max_delta_rows_4_10_train_q90,binary,short_temporal_conv_residual,real_residual,20260639,7,0.24056508671492338,0.23709747866444963,0.011115975376090242,inner_val_pr_auc_delta_vs_frozen_ar,0.004291838966310024,0.10072766244411469,0.7484557032585144,true_train_and_true_inner_val_selection
future_arousal_max_delta_rows_4_10_train_q90,binary,short_temporal_conv_residual,real_residual,20260639,8,0.2392150368541479,0.2352691058973409,0.00928760260898151,inner_val_pr_auc_delta_vs_frozen_ar,0.004352123476564884,0.10490469634532928,0.7905372977256775,true_train_and_true_inner_val_selection
future_arousal_max_delta_rows_4_10_train_q90,binary,short_temporal_conv_residual,real_residual,20260639,9,0.23814276792109013,0.23480575631924816,0.008824253030888768,inner_val_pr_auc_delta_vs_frozen_ar,0.0044196066446602345,0.10894470661878586,0.8316314816474915,true_train_and_true_inner_val_selection
future_arousal_max_delta_rows_4_10_train_q90,binary,short_temporal_conv_residual,real_residual,20260639,10,0.23689726740121841,0.23342437210859096,0.0074428688202315685,inner_val_pr_auc_delta_vs_frozen_ar,0.004489430692046881,0.11074371635913849,0.8507689833641052,true_train_and_true_inner_val_selection
future_arousal_max_delta_rows_4_10_train_q90,binary,short_temporal_conv_residual,real_residual,20260639,11,0.2355910837650299,0.23222756645417753,0.006246063165818133,inner_val_pr_auc_delta_vs_frozen_ar,0.004556265193969011,0.11266559362411499,0.8679536581039429,true_train_and_true_inner_val_selection
future_arousal_max_delta_rows_4_10_train_q90,binary,short_temporal_conv_residual,real_residual,20260639,12,0.23431649152189493,0.23179659923493665,0.005815095946577253,inner_val_pr_auc_delta_vs_frozen_ar,0.0046203420497477055,0.11490494012832642,0.884486734867096,true_train_and_true_inner_val_selection
future_arousal_max_delta_rows_4_10_train_q90,binary,short_temporal_conv_residual,real_residual,20260639,13,0.23295085038989782,0.23050580363496753,0.00452430034660814,inner_val_pr_auc_delta_vs_frozen_ar,0.004683586768805981,0.11674569547176361,0.8928393125534058,true_train_and_true_inner_val_selection
future_arousal_max_delta_rows_4_10_train_q90,binary,short_temporal_conv_residual,shuffled_pca_residual,20260639,1,0.2478584134951234,0.2260652319099327,8.372862157329797e-05,inner_val_pr_auc_delta_vs_frozen_ar,0.0037339350674301386,0.021101778373122215,0.04853363335132599,true_train_and_true_inner_val_selection
future_arousal_max_delta_rows_4_10_train_q90,binary,short_temporal_conv_residual,shuffled_pca_residual,20260639,2,0.24783423077315092,0.22605359037976477,7.208709140538172e-05,inner_val_pr_auc_delta_vs_frozen_ar,0.003783512394875288,0.04450364038348198,0.1919955015182495,true_train_and_true_inner_val_selection
future_arousal_max_delta_rows_4_10_train_q90,binary,short_temporal_conv_residual,shuffled_pca_residual,20260639,3,0.2476464593783021,0.22597515792349407,-6.345364865323333e-06,inner_val_pr_auc_delta_vs_frozen_ar,0.0038895464967936277,0.12865683436393738,0.6985602378845215,true_train_and_true_inner_val_selection
future_arousal_max_delta_rows_4_10_train_q90,binary,short_temporal_conv_residual,shuffled_pca_residual,20260639,4,0.2471224758774042,0.2260588520998033,7.734881144391692e-05,inner_val_pr_auc_delta_vs_frozen_ar,0.0040026698261499405,0.15550222992897034,0.8140539526939392,true_train_and_true_inner_val_selection
future_arousal_max_delta_rows_4_10_train_q90,binary,short_temporal_conv_residual,shuffled_pca_residual,20260639,5,0.24746831972151995,0.22611737250301162,0.00013586921465222335,inner_val_pr_auc_delta_vs_frozen_ar,0.0041117193177342415,0.1431112289428711,0.765051543712616,true_train_and_true_inner_val_selection
future_arousal_max_delta_rows_4_10_train_q90,binary,short_temporal_conv_residual,shuffled_pca_residual,20260639,6,0.24678135756403208,0.22558029515257197,-0.0004012081357874231,inner_val_pr_auc_delta_vs_frozen_ar,0.004223847296088934,0.14100942015647888,0.7546311616897583,true_train_and_true_inner_val_selection
future_arousal_max_delta_rows_4_10_train_q90,binary,short_temporal_conv_residual,shuffled_pca_residual,20260639,7,0.24534858390688896,0.22387682091457417,-0.0021046823737852216,inner_val_pr_auc_delta_vs_frozen_ar,0.004335657227784395,0.13761839270591736,0.7391160726547241,true_train_and_true_inner_val_selection
future_arousal_max_delta_rows_4_10_train_q90,binary,short_temporal_conv_residual,shuffled_pca_residual,20260639,8,0.24504307378083467,0.2210098114603116,-0.004971691828047797,inner_val_pr_auc_delta_vs_frozen_ar,0.004435885231941938,0.13499955832958221,0.7259994149208069,true_train_and_true_inner_val_selection
future_arousal_max_delta_rows_4_10_train_q90,binary,short_temporal_conv_residual,shuffled_pca_residual,20260639,9,0.24405834637582302,0.2178476182889154,-0.00813388499944398,inner_val_pr_auc_delta_vs_frozen_ar,0.004524976946413517,0.13238777220249176,0.7124791741371155,true_train_and_true_inner_val_selection
future_arousal_max_delta_rows_4_10_train_q90,binary,short_temporal_conv_residual,shuffled_pca_residual,20260639,10,0.24301583785563707,0.214786643579626,-0.011194859708733379,inner_val_pr_auc_delta_vs_frozen_ar,0.004600136075168848,0.13164463639259338,0.7120979428291321,true_train_and_true_inner_val_selection
future_arousal_max_delta_rows_4_10_train_q90,binary,short_temporal_conv_residual,shuffled_pca_residual,20260639,11,0.24242963548749685,0.21184252087877414,-0.014138982409585249,inner_val_pr_auc_delta_vs_frozen_ar,0.004669783171266317,0.14133012294769287,0.7640200257301331,true_train_and_true_inner_val_selection
future_arousal_max_delta_rows_4_10_train_q90,binary,short_temporal_conv_residual,shuffled_pca_residual,20260639,12,0.24159559048712254,0.21051044318604095,-0.01547106010231844,inner_val_pr_auc_delta_vs_frozen_ar,0.004739568568766117,0.14455941319465637,0.7807035446166992,true_train_and_true_inner_val_selection
future_arousal_max_delta_rows_4_10_train_q90,binary,short_temporal_conv_residual,shuffled_pca_residual,20260639,13,0.2408254649490118,0.20865688649862263,-0.017324616789736763,inner_val_pr_auc_delta_vs_frozen_ar,0.0048127491027116776,0.15640579164028168,0.8301308751106262,true_train_and_true_inner_val_selection
future_arousal_max_delta_rows_4_10_train_q90,binary,short_temporal_conv_residual,random_pca_residual,20260639,1,0.2474296810105443,0.22605703941587502,7.553612751562411e-05,inner_val_pr_auc_delta_vs_frozen_ar,0.00373938400298357,0.021457646042108536,0.05059903487563133,true_train_and_true_inner_val_selection
future_arousal_max_delta_rows_4_10_train_q90,binary,short_temporal_conv_residual,random_pca_residual,20260639,2,0.247259221971035,0.22604541791582372,6.391462746432874e-05,inner_val_pr_auc_delta_vs_frozen_ar,0.0038009993731975555,0.049765028059482574,0.2266029715538025,true_train_and_true_inner_val_selection
future_arousal_max_delta_rows_4_10_train_q90,binary,short_temporal_conv_residual,random_pca_residual,20260639,3,0.2474336801096797,0.22600370647697365,2.2203188614261515e-05,inner_val_pr_auc_delta_vs_frozen_ar,0.0039053952787071466,0.1282728761434555,0.6999688744544983,true_train_and_true_inner_val_selection
future_arousal_max_delta_rows_4_10_train_q90,binary,short_temporal_conv_residual,random_pca_residual,20260639,4,0.24709035456180573,0.22611384836273235,0.00013234507437295817,inner_val_pr_auc_delta_vs_frozen_ar,0.004011793527752161,0.14335347712039948,0.7703442573547363,true_train_and_true_inner_val_selection
future_arousal_max_delta_rows_4_10_train_q90,binary,short_temporal_conv_residual,random_pca_residual,20260639,5,0.24724688567221165,0.22624594286427713,0.00026443957591773537,inner_val_pr_auc_delta_vs_frozen_ar,0.004124364349991083,0.1380767971277237,0.7516557574272156,true_train_and_true_inner_val_selection
future_arousal_max_delta_rows_4_10_train_q90,binary,short_temporal_conv_residual,random_pca_residual,20260639,6,0.24646476935595274,0.22579459892884407,-0.00018690435951532192,inner_val_pr_auc_delta_vs_frozen_ar,0.004235608037561178,0.13525983691215515,0.739720344543457,true_train_and_true_inner_val_selection
future_arousal_max_delta_rows_4_10_train_q90,binary,short_temporal_conv_residual,random_pca_residual,20260639,7,0.24579307436943054,0.22431186999160507,-0.0016696332967543193,inner_val_pr_auc_delta_vs_frozen_ar,0.0043457671999931335,0.13101528584957123,0.7224577069282532,true_train_and_true_inner_val_selection
future_arousal_max_delta_rows_4_10_train_q90,binary,short_temporal_conv_residual,random_pca_residual,20260639,8,0.24469474330544472,0.22075896209825982,-0.005222541190099572,inner_val_pr_auc_delta_vs_frozen_ar,0.004447702784091234,0.12841622531414032,0.7078127861022949,true_train_and_true_inner_val_selection
future_arousal_max_delta_rows_4_10_train_q90,binary,short_temporal_conv_residual,random_pca_residual,20260639,9,0.24401107616722584,0.21647722757882876,-0.009504275709530635,inner_val_pr_auc_delta_vs_frozen_ar,0.004531766753643751,0.11967773735523224,0.6657961010932922,true_train_and_true_inner_val_selection
future_arousal_max_delta_rows_4_10_train_q90,binary,short_temporal_conv_residual,random_pca_residual,20260639,10,0.2433972740545869,0.2126026788309429,-0.013378824457416505,inner_val_pr_auc_delta_vs_frozen_ar,0.00459687877446413,0.11947620660066605,0.668592095375061,true_train_and_true_inner_val_selection
future_arousal_max_delta_rows_4_10_train_q90,binary,short_temporal_conv_residual,random_pca_residual,20260639,11,0.24266342911869287,0.20981878228365627,-0.016162721004703118,inner_val_pr_auc_delta_vs_frozen_ar,0.004652522504329681,0.1208074614405632,0.6794351935386658,true_train_and_true_inner_val_selection
future_arousal_max_delta_rows_4_10_train_q90,binary,short_temporal_conv_residual,random_pca_residual,20260639,12,0.24226764123886824,0.20838371639437916,-0.017597786893980227,inner_val_pr_auc_delta_vs_frozen_ar,0.004703827667981386,0.12425591051578522,0.7005566358566284,true_train_and_true_inner_val_selection
future_arousal_max_delta_rows_4_10_train_q90,binary,short_temporal_conv_residual,random_pca_residual,20260639,13,0.24108342174440622,0.20658932677564723,-0.01939217651271216,inner_val_pr_auc_delta_vs_frozen_ar,0.004760933108627796,0.12830078601837158,0.7251648902893066,true_train_and_true_inner_val_selection
future_arousal_max_delta_rows_4_10_train_q90,binary,short_temporal_conv_residual,label_permutation_residual,20260639,1,0.2938744220882654,0.10505716560116574,7.646600424071615e-06,inner_val_pr_auc_delta_vs_frozen_ar,0.0037277734372764826,0.01960981823503971,0.04030747711658478,permuted_train_and_permuted_inner_val_selection
future_arousal_max_delta_rows_4_10_train_q90,binary,short_temporal_conv_residual,label_permutation_residual,20260639,2,0.2935515623539686,0.1050557748693156,6.255868573931678e-06,inner_val_pr_auc_delta_vs_frozen_ar,0.0036700910422950983,0.019464677199721336,0.042628660798072815,permuted_train_and_permuted_inner_val_selection
future_arousal_max_delta_rows_4_10_train_q90,binary,short_temporal_conv_residual,label_permutation_residual,20260639,3,0.29411737620830536,0.10506588260912106,1.636360837939388e-05,inner_val_pr_auc_delta_vs_frozen_ar,0.0037271997425705194,0.02427154779434204,0.0788043960928917,permuted_train_and_permuted_inner_val_selection
future_arousal_max_delta_rows_4_10_train_q90,binary,short_temporal_conv_residual,label_permutation_residual,20260639,4,0.2935803234577179,0.10508069928932035,3.118028857868049e-05,inner_val_pr_auc_delta_vs_frozen_ar,0.003831704845651984,0.05038033798336983,0.24869558215141296,permuted_train_and_permuted_inner_val_selection
future_arousal_max_delta_rows_4_10_train_q90,binary,short_temporal_conv_residual,label_permutation_residual,20260639,5,0.2937083635479212,0.1051044864902282,5.4967489486537624e-05,inner_val_pr_auc_delta_vs_frozen_ar,0.003944343887269497,0.06439732760190964,0.3627835512161255,permuted_train_and_permuted_inner_val_selection
future_arousal_max_delta_rows_4_10_train_q90,binary,short_temporal_conv_residual,label_permutation_residual,20260639,6,0.2934140097349882,0.10508905901754177,3.954001680010755e-05,inner_val_pr_auc_delta_vs_frozen_ar,0.004050114657729864,0.07111577689647675,0.40552541613578796,permuted_train_and_permuted_inner_val_selection
future_arousal_max_delta_rows_4_10_train_q90,binary,short_temporal_conv_residual,label_permutation_residual,20260639,7,0.29325970634818077,0.1050598741854805,1.0355184738838896e-05,inner_val_pr_auc_delta_vs_frozen_ar,0.004137554205954075,0.06383480131626129,0.3463248908519745,permuted_train_and_permuted_inner_val_selection
future_arousal_max_delta_rows_4_10_train_q90,binary,short_temporal_conv_residual,label_permutation_residual,20260639,8,0.2928268201649189,0.10502783559664983,-2.1683404091837888e-05,inner_val_pr_auc_delta_vs_frozen_ar,0.0042021689005196095,0.06374375522136688,0.3512457013130188,permuted_train_and_permuted_inner_val_selection
future_arousal_max_delta_rows_4_10_train_q90,binary,short_temporal_conv_residual,label_permutation_residual,20260639,9,0.2927223704755306,0.10503896473933258,-1.0554261409084775e-05,inner_val_pr_auc_delta_vs_frozen_ar,0.004255226813256741,0.05855964124202728,0.31298184394836426,permuted_train_and_permuted_inner_val_selection
future_arousal_max_delta_rows_4_10_train_q90,binary,short_temporal_conv_residual,label_permutation_residual,20260639,10,0.2920004017651081,0.10506251047775964,1.2991477017970654e-05,inner_val_pr_auc_delta_vs_frozen_ar,0.004324778448790312,0.059759460389614105,0.32603874802589417,permuted_train_and_permuted_inner_val_selection
future_arousal_max_delta_rows_4_10_train_q90,binary,short_temporal_conv_residual,label_permutation_residual,20260639,11,0.29198948852717876,0.10512121543495015,7.16964342084847e-05,inner_val_pr_auc_delta_vs_frozen_ar,0.0044011580757796764,0.05803651362657547,0.31831490993499756,permuted_train_and_permuted_inner_val_selection
future_arousal_max_delta_rows_4_10_train_q90,binary,short_temporal_conv_residual,label_permutation_residual,20260639,12,0.2915445789694786,0.10520591793008555,0.00015639892934388167,inner_val_pr_auc_delta_vs_frozen_ar,0.004478780087083578,0.05809371545910835,0.3275528848171234,permuted_train_and_permuted_inner_val_selection
future_arousal_max_delta_rows_4_10_train_q90,binary,short_temporal_conv_residual,label_permutation_residual,20260639,13,0.2903017159551382,0.1053117702351829,0.0002622512344412353,inner_val_pr_auc_delta_vs_frozen_ar,0.004551578778773546,0.06026219204068184,0.35423722863197327,permuted_train_and_permuted_inner_val_selection
future_arousal_max_delta_rows_4_10_train_q90,binary,short_temporal_conv_residual,label_permutation_residual,20260639,14,0.2912623751908541,0.10536880761927331,0.0003192886185316435,inner_val_pr_auc_delta_vs_frozen_ar,0.004624587018042803,0.06338637322187424,0.38524049520492554,permuted_train_and_permuted_inner_val_selection
future_arousal_max_delta_rows_4_10_train_q90,binary,short_temporal_conv_residual,label_permutation_residual,20260639,15,0.29028075374662876,0.10547277773223233,0.0004232587314906694,inner_val_pr_auc_delta_vs_frozen_ar,0.00468751834705472,0.0651162788271904,0.4049416184425354,permuted_train_and_permuted_inner_val_selection
future_arousal_max_delta_rows_4_10_train_q90,binary,short_temporal_conv_residual,label_permutation_residual,20260639,16,0.2898254618048668,0.10554392381880523,0.0004944048180635652,inner_val_pr_auc_delta_vs_frozen_ar,0.004748976789414883,0.0656660720705986,0.4146205484867096,permuted_train_and_permuted_inner_val_selection
future_arousal_max_delta_rows_4_10_train_q90,binary,short_temporal_conv_residual,label_permutation_residual,20260639,17,0.28904901444911957,0.10569419836128002,0.0006446793605383583,inner_val_pr_auc_delta_vs_frozen_ar,0.004812007769942284,0.06794791668653488,0.4297178387641907,permuted_train_and_permuted_inner_val_selection
future_arousal_max_delta_rows_4_10_train_q90,binary,short_temporal_conv_residual,label_permutation_residual,20260639,18,0.28940477780997753,0.1057142784852374,0.0006647594844957361,inner_val_pr_auc_delta_vs_frozen_ar,0.004877792671322823,0.06985053420066833,0.4525214433670044,permuted_train_and_permuted_inner_val_selection
future_arousal_max_delta_rows_4_10_train_q90,binary,short_temporal_conv_residual,label_permutation_residual,20260639,19,0.28851991705596447,0.10579476489102511,0.0007452458902834497,inner_val_pr_auc_delta_vs_frozen_ar,0.004942844621837139,0.06997136026620865,0.45770689845085144,permuted_train_and_permuted_inner_val_selection
future_arousal_max_delta_rows_4_10_train_q90,binary,short_temporal_conv_residual,label_permutation_residual,20260639,20,0.28822227753698826,0.10582137342774436,0.0007718544270026995,inner_val_pr_auc_delta_vs_frozen_ar,0.005011004861444235,0.07241057604551315,0.4786135256290436,permuted_train_and_permuted_inner_val_selection
future_arousal_max_delta_rows_4_10_train_q90,binary,short_temporal_conv_residual,label_permutation_residual,20260639,21,0.28738305903971195,0.10579724476381899,0.0007477257630773282,inner_val_pr_auc_delta_vs_frozen_ar,0.005079776048660278,0.07371144741773605,0.4925277531147003,permuted_train_and_permuted_inner_val_selection
future_arousal_max_delta_rows_4_10_train_q90,binary,short_temporal_conv_residual,label_permutation_residual,20260639,22,0.28695736452937126,0.10590700147811793,0.0008574824773762701,inner_val_pr_auc_delta_vs_frozen_ar,0.005153875332325697,0.07602304220199585,0.5172377824783325,permuted_train_and_permuted_inner_val_selection
future_arousal_max_delta_rows_4_10_train_q90,binary,short_temporal_conv_residual,label_permutation_residual,20260639,23,0.28620212711393833,0.10580694497042603,0.0007574259696843666,inner_val_pr_auc_delta_vs_frozen_ar,0.005220347549766302,0.07664920389652252,0.5232951045036316,permuted_train_and_permuted_inner_val_selection
future_arousal_max_delta_rows_4_10_train_q90,binary,short_temporal_conv_residual,label_permutation_residual,20260639,24,0.2858475483953953,0.10584019887299867,0.0007906798722570052,inner_val_pr_auc_delta_vs_frozen_ar,0.005293916445225477,0.07809732109308243,0.542677104473114,permuted_train_and_permuted_inner_val_selection
future_arousal_max_delta_rows_4_10_train_q90,binary,short_temporal_conv_residual,label_permutation_residual,20260639,25,0.2845901418477297,0.10572750928065211,0.0006779902799104454,inner_val_pr_auc_delta_vs_frozen_ar,0.005367383826524019,0.08077763766050339,0.5691436529159546,permuted_train_and_permuted_inner_val_selection
future_arousal_max_delta_rows_4_10_train_q90,binary,short_temporal_conv_residual,label_permutation_residual,20260639,26,0.2847906593233347,0.1057781929314823,0.0007286739307406365,inner_val_pr_auc_delta_vs_frozen_ar,0.00544539513066411,0.08143249899148941,0.5789498090744019,permuted_train_and_permuted_inner_val_selection
future_arousal_max_delta_rows_4_10_train_q90,binary,short_temporal_conv_residual,label_permutation_residual,20260639,27,0.28381965309381485,0.1058355843942482,0.0007860653935065354,inner_val_pr_auc_delta_vs_frozen_ar,0.0055147199891507626,0.08295374363660812,0.5968979597091675,permuted_train_and_permuted_inner_val_selection
future_arousal_max_delta_rows_4_10_train_q90,binary,short_temporal_conv_residual,label_permutation_residual,20260639,28,0.2828198727220297,0.10573582724261948,0.0006863082418778199,inner_val_pr_auc_delta_vs_frozen_ar,0.005589952226728201,0.08552469313144684,0.6213658452033997,permuted_train_and_permuted_inner_val_selection
future_arousal_max_delta_rows_4_10_train_q90,binary,short_temporal_conv_residual,label_permutation_residual,20260639,29,0.2820595223456621,0.10567343585439631,0.0006239168536546491,inner_val_pr_auc_delta_vs_frozen_ar,0.005667631980031729,0.08636222034692764,0.6280502676963806,permuted_train_and_permuted_inner_val_selection
future_arousal_max_delta_rows_4_10_train_q90,binary,short_temporal_conv_residual,label_permutation_residual,20260639,30,0.28098949044942856,0.10565698315863975,0.0006074641578980855,inner_val_pr_auc_delta_vs_frozen_ar,0.005745931528508663,0.08692695945501328,0.6425206065177917,permuted_train_and_permuted_inner_val_selection
future_arousal_max_delta_rows_4_10_train_q90,binary,short_temporal_conv_residual,train_only_video_mean_residual,20260639,1,0.24752721097320318,0.2261196955218812,0.00013819223352179444,inner_val_pr_auc_delta_vs_frozen_ar,0.003778149140998721,0.0638694316148758,0.37390780448913574,true_train_and_true_inner_val_selection
future_arousal_max_delta_rows_4_10_train_q90,binary,short_temporal_conv_residual,train_only_video_mean_residual,20260639,2,0.24743506126105785,0.22699568894266314,0.0010141856543037508,inner_val_pr_auc_delta_vs_frozen_ar,0.0038799713365733624,0.17175425589084625,0.9966647028923035,true_train_and_true_inner_val_selection
future_arousal_max_delta_rows_4_10_train_q90,binary,short_temporal_conv_residual,train_only_video_mean_residual,20260639,3,0.2467851685360074,0.22807210122869004,0.0020905979403306463,inner_val_pr_auc_delta_vs_frozen_ar,0.0039969817735254765,0.2084226906299591,0.9971694350242615,true_train_and_true_inner_val_selection
future_arousal_max_delta_rows_4_10_train_q90,binary,short_temporal_conv_residual,train_only_video_mean_residual,20260639,4,0.2453159699216485,0.22879617121636642,0.0028146679280070253,inner_val_pr_auc_delta_vs_frozen_ar,0.0041007003746926785,0.28221410512924194,0.9991742372512817,true_train_and_true_inner_val_selection
future_arousal_max_delta_rows_4_10_train_q90,binary,short_temporal_conv_residual,train_only_video_mean_residual,20260639,5,0.24296308681368828,0.23225261086786014,0.006271107579500751,inner_val_pr_auc_delta_vs_frozen_ar,0.0041674054227769375,0.3285238742828369,0.9996047616004944,true_train_and_true_inner_val_selection
future_arousal_max_delta_rows_4_10_train_q90,binary,short_temporal_conv_residual,train_only_video_mean_residual,20260639,6,0.2410765439271927,0.23424993443946063,0.008268431151101235,inner_val_pr_auc_delta_vs_frozen_ar,0.004252977669239044,0.35889849066734314,0.9998447895050049,true_train_and_true_inner_val_selection
future_arousal_max_delta_rows_4_10_train_q90,binary,short_temporal_conv_residual,train_only_video_mean_residual,20260639,7,0.23838625010102987,0.2330877386393668,0.007106235351007406,inner_val_pr_auc_delta_vs_frozen_ar,0.00435241824015975,0.3778478801250458,0.9999449849128723,true_train_and_true_inner_val_selection
future_arousal_max_delta_rows_4_10_train_q90,binary,short_temporal_conv_residual,train_only_video_mean_residual,20260639,8,0.23598360735923052,0.231715992460798,0.0057344891724386005,inner_val_pr_auc_delta_vs_frozen_ar,0.00444114301353693,0.3872682452201843,0.9999672174453735,true_train_and_true_inner_val_selection
future_arousal_max_delta_rows_4_10_train_q90,binary,short_temporal_conv_residual,train_only_video_mean_residual,20260639,9,0.23501040786504745,0.23071579844829157,0.004734295159932178,inner_val_pr_auc_delta_vs_frozen_ar,0.00450699869543314,0.3935301601886749,0.9999752044677734,true_train_and_true_inner_val_selection
future_arousal_max_delta_rows_4_10_train_q90,binary,short_temporal_conv_residual,train_only_video_mean_residual,20260639,10,0.23385990597307682,0.23218870487004833,0.0062072015816889425,inner_val_pr_auc_delta_vs_frozen_ar,0.0045578619465231895,0.39760133624076843,0.9999803900718689,true_train_and_true_inner_val_selection
future_arousal_max_delta_rows_4_10_train_q90,binary,short_temporal_conv_residual,train_only_video_mean_residual,20260639,11,0.23283212073147297,0.23046006480700915,0.004478561518649754,inner_val_pr_auc_delta_vs_frozen_ar,0.004609852097928524,0.39901989698410034,0.9999879598617554,true_train_and_true_inner_val_selection
future_arousal_max_delta_rows_4_10_train_q90,binary,short_temporal_conv_residual,train_only_video_mean_residual,20260639,12,0.231948871165514,0.23141110591582842,0.005429602627469027,inner_val_pr_auc_delta_vs_frozen_ar,0.004659074358642101,0.4006205201148987,0.999991774559021,true_train_and_true_inner_val_selection
future_arousal_max_delta_rows_4_10_train_q90,binary,short_temporal_conv_residual,train_only_video_mean_residual,20260639,13,0.23088827542960644,0.23232350092222034,0.006341997633860952,inner_val_pr_auc_delta_vs_frozen_ar,0.004703990183770657,0.40298351645469666,0.9999942183494568,true_train_and_true_inner_val_selection
future_arousal_max_delta_rows_4_10_train_q90,binary,short_temporal_conv_residual,train_only_video_mean_residual,20260639,14,0.23036829195916653,0.2311200585653241,0.005138555276964718,inner_val_pr_auc_delta_vs_frozen_ar,0.004748976789414883,0.40648093819618225,0.9999958872795105,true_train_and_true_inner_val_selection
future_arousal_max_delta_rows_4_10_train_q90,binary,short_temporal_conv_residual,diagnostics_only_residual,20260639,1,0.24741853214800358,0.22604499390778293,6.349061942353962e-05,inner_val_pr_auc_delta_vs_frozen_ar,0.003767402144148946,0.12365957349538803,0.6135101914405823,true_train_and_true_inner_val_selection
future_arousal_max_delta_rows_4_10_train_q90,binary,short_temporal_conv_residual,diagnostics_only_residual,20260639,2,0.24739305209368467,0.22590019343964896,-8.13098487104369e-05,inner_val_pr_auc_delta_vs_frozen_ar,0.003851763904094696,0.28752490878105164,0.9962882995605469,true_train_and_true_inner_val_selection
future_arousal_max_delta_rows_4_10_train_q90,binary,short_temporal_conv_residual,diagnostics_only_residual,20260639,3,0.24732153955847025,0.22547151055299025,-0.0005099927353691414,inner_val_pr_auc_delta_vs_frozen_ar,0.0039356243796646595,0.3000805377960205,0.9987577199935913,true_train_and_true_inner_val_selection
future_arousal_max_delta_rows_4_10_train_q90,binary,short_temporal_conv_residual,diagnostics_only_residual,20260639,4,0.24717005714774132,0.22625462638809904,0.0002731230997396472,inner_val_pr_auc_delta_vs_frozen_ar,0.003958672285079956,0.27324604988098145,0.994118332862854,true_train_and_true_inner_val_selection
future_arousal_max_delta_rows_4_10_train_q90,binary,short_temporal_conv_residual,diagnostics_only_residual,20260639,5,0.24701277632266283,0.2256933126077237,-0.00028819068063568043,inner_val_pr_auc_delta_vs_frozen_ar,0.003985214047133923,0.2941518723964691,0.9985043406486511,true_train_and_true_inner_val_selection
future_arousal_max_delta_rows_4_10_train_q90,binary,short_temporal_conv_residual,diagnostics_only_residual,20260639,6,0.24717953614890575,0.22674817073935138,0.0007666674509919924,inner_val_pr_auc_delta_vs_frozen_ar,0.00400139344856143,0.31277158856391907,0.9996595978736877,true_train_and_true_inner_val_selection
future_arousal_max_delta_rows_4_10_train_q90,binary,short_temporal_conv_residual,diagnostics_only_residual,20260639,7,0.24693990219384432,0.22727253412146578,0.001291030833106388,inner_val_pr_auc_delta_vs_frozen_ar,0.00403917022049427,0.3376859128475189,0.9999641180038452,true_train_and_true_inner_val_selection
future_arousal_max_delta_rows_4_10_train_q90,binary,short_temporal_conv_residual,diagnostics_only_residual,20260639,8,0.24701803922653198,0.2282057742306838,0.0022242709423244134,inner_val_pr_auc_delta_vs_frozen_ar,0.004082779865711927,0.3654978275299072,0.9999977946281433,true_train_and_true_inner_val_selection
future_arousal_max_delta_rows_4_10_train_q90,binary,short_temporal_conv_residual,diagnostics_only_residual,20260639,9,0.2465337449684739,0.22783050895432666,0.0018490056659672682,inner_val_pr_auc_delta_vs_frozen_ar,0.004132336471229792,0.37700358033180237,0.9999995231628418,true_train_and_true_inner_val_selection
future_arousal_max_delta_rows_4_10_train_q90,binary,short_temporal_conv_residual,diagnostics_only_residual,20260639,10,0.24688316695392132,0.2287896409327749,0.0028081376444155093,inner_val_pr_auc_delta_vs_frozen_ar,0.004177733324468136,0.3805195093154907,0.9999997615814209,true_train_and_true_inner_val_selection
future_arousal_max_delta_rows_4_10_train_q90,binary,short_temporal_conv_residual,diagnostics_only_residual,20260639,11,0.24641578365117311,0.22878134866330682,0.0027998453749474295,inner_val_pr_auc_delta_vs_frozen_ar,0.00421907426789403,0.3786201477050781,0.9999997615814209,true_train_and_true_inner_val_selection
future_arousal_max_delta_rows_4_10_train_q90,binary,short_temporal_conv_residual,diagnostics_only_residual,20260639,12,0.24691426288336515,0.22899107027670892,0.0030095669883495324,inner_val_pr_auc_delta_vs_frozen_ar,0.004258958622813225,0.377699613571167,0.9999997615814209,true_train_and_true_inner_val_selection
future_arousal_max_delta_rows_4_10_train_q90,binary,short_temporal_conv_residual,diagnostics_only_residual,20260639,13,0.24683873914182186,0.22924771067047756,0.0032662073821181636,inner_val_pr_auc_delta_vs_frozen_ar,0.004286827053874731,0.3731665313243866,0.9999996423721313,true_train_and_true_inner_val_selection
future_arousal_max_delta_rows_4_10_train_q90,binary,short_temporal_conv_residual,diagnostics_only_residual,20260639,14,0.24626300856471062,0.22899772459711654,0.0030162213087571443,inner_val_pr_auc_delta_vs_frozen_ar,0.004317077808082104,0.36696359515190125,0.9999992847442627,true_train_and_true_inner_val_selection
future_arousal_max_delta_rows_4_10_train_q90,binary,short_temporal_conv_residual,diagnostics_only_residual,20260639,15,0.24652006849646568,0.22897182771504493,0.0029903244266855367,inner_val_pr_auc_delta_vs_frozen_ar,0.004339126404374838,0.3603339195251465,0.9999984502792358,true_train_and_true_inner_val_selection
future_arousal_max_delta_rows_4_10_train_q90,binary,short_temporal_conv_residual,diagnostics_only_residual,20260639,16,0.24632873386144638,0.22880815612092537,0.0028266528325659734,inner_val_pr_auc_delta_vs_frozen_ar,0.004357446450740099,0.3535478711128235,0.9999966621398926,true_train_and_true_inner_val_selection
future_arousal_max_delta_rows_4_10_train_q90,binary,short_temporal_conv_residual,diagnostics_only_residual,20260639,17,0.24663800653070211,0.22909180683412217,0.003110303545762777,inner_val_pr_auc_delta_vs_frozen_ar,0.004378617741167545,0.3491780161857605,0.9999945759773254,true_train_and_true_inner_val_selection
future_arousal_max_delta_rows_4_10_train_q90,binary,short_temporal_conv_residual,diagnostics_only_residual,20260639,18,0.24611975718289614,0.22945154614160418,0.003470042853244787,inner_val_pr_auc_delta_vs_frozen_ar,0.004400429781526327,0.3457358479499817,0.9999920725822449,true_train_and_true_inner_val_selection
future_arousal_max_delta_rows_4_10_train_q90,binary,short_temporal_conv_residual,diagnostics_only_residual,20260639,19,0.24641792196780443,0.22959715492554456,0.0036156516371851632,inner_val_pr_auc_delta_vs_frozen_ar,0.004423379432410002,0.3393721580505371,0.9999852180480957,true_train_and_true_inner_val_selection
future_arousal_max_delta_rows_4_10_train_q90,binary,short_temporal_conv_residual,diagnostics_only_residual,20260639,20,0.24632501229643822,0.22932680042673811,0.0033452971383787222,inner_val_pr_auc_delta_vs_frozen_ar,0.004450915846973658,0.335287481546402,0.9999767541885376,true_train_and_true_inner_val_selection
future_arousal_max_delta_rows_4_10_train_q90,binary,short_temporal_conv_residual,diagnostics_only_residual,20260639,21,0.24631217308342457,0.2296527989245013,0.003671295636141908,inner_val_pr_auc_delta_vs_frozen_ar,0.004476439673453569,0.33182936906814575,0.999966561794281,true_train_and_true_inner_val_selection
future_arousal_max_delta_rows_4_10_train_q90,binary,short_temporal_conv_residual,diagnostics_only_residual,20260639,22,0.2461631102487445,0.23031506697700938,0.004333563688649983,inner_val_pr_auc_delta_vs_frozen_ar,0.004497974645346403,0.3292387127876282,0.9999564290046692,true_train_and_true_inner_val_selection
future_arousal_max_delta_rows_4_10_train_q90,binary,short_temporal_conv_residual,diagnostics_only_residual,20260639,23,0.24624869972467422,0.22895582225426525,0.002974318965905859,inner_val_pr_auc_delta_vs_frozen_ar,0.004524582996964455,0.3319944739341736,0.9999649524688721,true_train_and_true_inner_val_selection
future_arousal_max_delta_rows_4_10_train_q90,binary,short_temporal_conv_residual,diagnostics_only_residual,20260639,24,0.24582035187631845,0.229474092056303,0.0034925887679436163,inner_val_pr_auc_delta_vs_frozen_ar,0.0045443023554980755,0.334247887134552,0.9999699592590332,true_train_and_true_inner_val_selection
future_arousal_max_delta_rows_4_10_train_q90,binary,short_temporal_conv_residual,diagnostics_only_residual,20260639,25,0.24560932349413633,0.22983039652202045,0.003848893233661055,inner_val_pr_auc_delta_vs_frozen_ar,0.004557959269732237,0.32900339365005493,0.9999518990516663,true_train_and_true_inner_val_selection
future_arousal_max_delta_rows_4_10_train_q90,binary,short_temporal_conv_residual,diagnostics_only_residual,20260639,26,0.24578456580638885,0.22975393455414417,0.003772431265784776,inner_val_pr_auc_delta_vs_frozen_ar,0.004579196684062481,0.33246910572052,0.999963641166687,true_train_and_true_inner_val_selection
future_arousal_max_delta_rows_4_10_train_q90,binary,short_temporal_conv_residual,diagnostics_only_residual,20260639,27,0.24590260721743107,0.22893997371370517,0.002958470425345777,inner_val_pr_auc_delta_vs_frozen_ar,0.004586811177432537,0.3293024003505707,0.9999513030052185,true_train_and_true_inner_val_selection
future_arousal_max_delta_rows_4_10_train_q90,binary,short_temporal_conv_residual,diagnostics_only_residual,20260639,28,0.24619764275848866,0.23007364833081378,0.004092145042454393,inner_val_pr_auc_delta_vs_frozen_ar,0.004602885339409113,0.3275913894176483,0.9999426007270813,true_train_and_true_inner_val_selection
future_arousal_max_delta_rows_4_10_train_q90,binary,short_temporal_conv_residual,diagnostics_only_residual,20260639,29,0.24617785774171352,0.22993471377674693,0.003953210488387537,inner_val_pr_auc_delta_vs_frozen_ar,0.004620157182216644,0.3292151391506195,0.9999493360519409,true_train_and_true_inner_val_selection
future_arousal_max_delta_rows_4_10_train_q90,binary,short_temporal_conv_residual,diagnostics_only_residual,20260639,30,0.24627906549721956,0.229365959456077,0.0033844561677175977,inner_val_pr_auc_delta_vs_frozen_ar,0.004641402047127485,0.3282494843006134,0.9999439716339111,true_train_and_true_inner_val_selection
