schema_version,target_name,target_value_column,target_mask_column,target_threshold_train_only,target_threshold_quantile,target_transform,validation_protocol,fold,model_lane,n_train,n_test,train_videos,test_videos,train_event_count,test_event_count,train_positive_rate,test_positive_rate,feature_width,decision_threshold_train_only,uses_future_features,uses_train_only_transform,vjepa_encoding_run,tribe_encoding_run,pca_run,pr_auc,roc_auc,f1,balanced_accuracy,precision,recall,accuracy,top_1pct_recall,top_5pct_recall,top_10pct_recall,predicted_positive_rate,predicted_positive_count,delta_mae,delta_mse,delta_pearson
again_dense_2hz_benchmark_v1,arousal_spike_rows_2_6_train_q90,future_arousal_max_delta_rows_2_6,target_mask_arousal_spike_rows_2_6,0.15704058010258418,0.9,positive_delta,grouped_video,1,AR_only,186467,46622,796,199,18647,4837,0.10000160886376679,0.10374930290420831,7,0.09608681499958038,False,True,False,False,False,0.16862829478665933,0.6203883332303799,0.22446890197082162,0.5884680552506878,0.13278322419470837,0.7252429191647716,0.48007378490841235,0.03638618978705809,0.11990903452553235,0.19206119495555096,0.5666638067864956,26419,0.09831827511426987,0.01477531033540217,0.21676563558041764
again_dense_2hz_benchmark_v1,arousal_spike_rows_2_6_train_q90,future_arousal_max_delta_rows_2_6,target_mask_arousal_spike_rows_2_6,0.15704058010258418,0.9,positive_delta,grouped_video,1,raw_cortical_only,186467,46622,796,199,18647,4837,0.10000160886376679,0.10374930290420831,512,0.12691083550453186,False,True,False,False,False,0.13448995348845696,0.5684269492503601,0.19932706810534864,0.5497564605171303,0.1385372147407467,0.3551788298532148,0.7039595040967783,0.02212114947281373,0.08062848873268555,0.15298738887740335,0.26599030500622023,12401,0.10199761434799082,0.01648849762397748,0.11365727131130253
again_dense_2hz_benchmark_v1,arousal_spike_rows_2_6_train_q90,future_arousal_max_delta_rows_2_6,target_mask_arousal_spike_rows_2_6,0.15704058010258418,0.9,positive_delta,grouped_video,1,AR_plus_raw_cortical,186467,46622,796,199,18647,4837,0.10000160886376679,0.10374930290420831,519,0.1466470777988434,False,True,False,False,False,0.1696844466856893,0.63050882980448,0.22771731643477064,0.5748071936316944,0.17074682367524016,0.3417407483977672,0.759512676418858,0.02935703948728551,0.11432706222865413,0.20157122183171386,0.20764874951739523,9681,0.10068957438535933,0.016078661355090798,0.21747992526629964
again_dense_2hz_benchmark_v1,arousal_spike_rows_2_6_train_q90,future_arousal_max_delta_rows_2_6,target_mask_arousal_spike_rows_2_6,0.15704058010258418,0.9,positive_delta,grouped_video,1,temporal_diagnostics_only,186467,46622,796,199,18647,4837,0.10000160886376679,0.10374930290420831,53,0.10249846428632736,False,True,False,False,False,0.10340965378789094,0.49089305495815494,0.1605546995377504,0.48760179432359585,0.098660228187284,0.4308455654331197,0.5325811848483548,0.011784163737854042,0.056439942112879886,0.10150919991730412,0.4530693663935481,21123,0.10156122741954866,0.01566651488517192,0.020643259043447826
again_dense_2hz_benchmark_v1,arousal_spike_rows_2_6_train_q90,future_arousal_max_delta_rows_2_6,target_mask_arousal_spike_rows_2_6,0.15704058010258418,0.9,positive_delta,grouped_video,1,AR_plus_temporal_diagnostics,186467,46622,796,199,18647,4837,0.10000160886376679,0.10374930290420831,60,0.11669543161988258,False,True,False,False,False,0.148753299821976,0.5947819732171508,0.20720929156448106,0.5575190605877983,0.13348038631214976,0.4628902212114947,0.6325125477242504,0.034318792640066154,0.09654744676452347,0.15650196402728964,0.35978722491527604,16774,0.09981468652856056,0.015273017354241006,0.19015215547302627
again_dense_2hz_benchmark_v1,arousal_spike_rows_2_6_train_q90,future_arousal_max_delta_rows_2_6,target_mask_arousal_spike_rows_2_6,0.15704058010258418,0.9,positive_delta,grouped_video,1,AR_plus_raw_cortical_plus_temporal_diagnostics,186467,46622,796,199,18647,4837,0.10000160886376679,0.10374930290420831,572,0.14736284911632536,False,True,False,False,False,0.17166470657763014,0.6333075121028824,0.23129346314325452,0.5776118626491296,0.17426385832547417,0.34380814554475914,0.7629016344215177,0.029977258631383088,0.11701467851974365,0.2036386189787058,0.20468877354038867,9543,0.10054205728984465,0.016104771576264852,0.21893336361587412
again_dense_2hz_benchmark_v1,arousal_spike_rows_2_6_train_q90,future_arousal_max_delta_rows_2_6,target_mask_arousal_spike_rows_2_6,0.15704058010258418,0.9,positive_delta,grouped_video,1,shuffled_cortical_control,186467,46622,796,199,18647,4837,0.10000160886376679,0.10374930290420831,512,0.09231864660978317,False,True,False,False,False,0.10198630716693376,0.4935649994041731,0.1790891110569238,0.4974109815079897,0.10304938887503118,0.6832747570808352,0.35011368023679806,0.008683068017366137,0.04837709323961133,0.09365309075873475,0.6879155763373515,32072,0.10069383409848838,0.015481257489703613,-0.004403758991316241
again_dense_2hz_benchmark_v1,arousal_spike_rows_2_6_train_q90,future_arousal_max_delta_rows_2_6,target_mask_arousal_spike_rows_2_6,0.15704058010258418,0.9,positive_delta,grouped_video,1,shuffled_temporal_diagnostics_control,186467,46622,796,199,18647,4837,0.10000160886376679,0.10374930290420831,53,0.09322007969021798,False,True,False,False,False,0.10355871283544651,0.4951112699763146,0.18623959626381228,0.4976345631992077,0.10328638497652583,0.9460409344635105,0.14227188880785896,0.009923506305561299,0.05395906553648956,0.10233615877610089,0.9502809832268028,44304,0.1005128380915369,0.015300687360748471,-0.004563115451397121
again_dense_2hz_benchmark_v1,arousal_spike_rows_2_6_train_q90,future_arousal_max_delta_rows_2_6,target_mask_arousal_spike_rows_2_6,0.15704058010258418,0.9,positive_delta,grouped_video,1,random_matched_feature_control,186467,46622,796,199,18647,4837,0.10000160886376679,0.10374930290420831,512,0.09616741836071015,False,True,False,False,False,0.10518638882260897,0.503146814957862,0.17711254725033532,0.5003971297491968,0.10387242106768692,0.6005788712011577,0.42100295997597703,0.011163944593756461,0.05499276410998553,0.09840810419681621,0.5998670155720476,27967,0.10074941122567867,0.015466960440311189,0.004744059290725406
again_dense_2hz_benchmark_v1,arousal_spike_rows_2_6_train_q90,future_arousal_max_delta_rows_2_6,target_mask_arousal_spike_rows_2_6,0.15704058010258418,0.9,positive_delta,grouped_video,1,timestamp_video_time_only_control,186467,46622,796,199,18647,4837,0.10000160886376679,0.10374930290420831,7,0.09133703261613846,False,True,False,False,False,0.09903951124161546,0.484124940451318,0.18404255319148935,0.4943045002142231,0.10257808979436947,0.8941492660740128,0.17742696581013256,0.01054372544965888,0.03928054579284681,0.08641720074426297,0.9043584573806358,42163,0.10047511110984746,0.015310120341025446,-0.0007626463623707526
again_dense_2hz_benchmark_v1,arousal_spike_rows_2_6_train_q90,future_arousal_max_delta_rows_2_6,target_mask_arousal_spike_rows_2_6,0.15704058010258418,0.9,positive_delta,grouped_video,1,quality_motion_luma_only_control,186467,46622,796,199,18647,4837,0.10000160886376679,0.10374930290420831,10,0.08843057230114937,False,True,False,False,False,0.09184057890428679,0.4425479189236948,0.16771756056467466,0.46801320264507107,0.09567218080149115,0.6791399627868514,0.30069495088155807,0.015298738887740335,0.04444903866032665,0.07153194128592102,0.7364763416412853,34336,0.10043829266794684,0.01530276467238728,-0.012750896434998589
again_dense_2hz_benchmark_v1,arousal_spike_rows_2_6_train_q90,future_arousal_max_delta_rows_2_6,target_mask_arousal_spike_rows_2_6,0.15642857142856914,0.9,positive_delta,grouped_video,2,AR_only,186470,46619,796,199,18651,4926,0.10002145117177026,0.10566507218087046,7,0.0960838571190834,False,True,False,False,False,0.15943504166960562,0.6171151914815659,0.22817975080875053,0.5889272523005411,0.13546301578246814,0.7231019082419813,0.48310774576889254,0.02781161185546082,0.11226146975233454,0.17986195696305318,0.5640404127072652,26295,0.0996009526763979,0.014996103841432488,0.21362846067162503
again_dense_2hz_benchmark_v1,arousal_spike_rows_2_6_train_q90,future_arousal_max_delta_rows_2_6,target_mask_arousal_spike_rows_2_6,0.15642857142856914,0.9,positive_delta,grouped_video,2,raw_cortical_only,186470,46619,796,199,18651,4926,0.10002145117177026,0.10566507218087046,512,0.12535689771175385,False,True,False,False,False,0.14966496585930084,0.5929736547792903,0.21801220776229413,0.5656596650892276,0.15217041800643086,0.38428745432399514,0.7087024603702353,0.023548518067397484,0.09744214372716199,0.17458384084449857,0.26684399064759,12440,0.10227467762386593,0.01642716547988857,0.12270284460475255
again_dense_2hz_benchmark_v1,arousal_spike_rows_2_6_train_q90,future_arousal_max_delta_rows_2_6,target_mask_arousal_spike_rows_2_6,0.15642857142856914,0.9,positive_delta,grouped_video,2,AR_plus_raw_cortical,186470,46619,796,199,18651,4926,0.10002145117177026,0.10566507218087046,519,0.1465180069208145,False,True,False,False,False,0.1773100145257389,0.6417961047156564,0.23924642645412028,0.5831240161698927,0.17708434909800097,0.3686561104344296,0.7522683884253202,0.030247665448639872,0.12342671538773853,0.20686155095412098,0.2199746884317553,10255,0.10191521975214485,0.01644905926622336,0.21827468228835
again_dense_2hz_benchmark_v1,arousal_spike_rows_2_6_train_q90,future_arousal_max_delta_rows_2_6,target_mask_arousal_spike_rows_2_6,0.15642857142856914,0.9,positive_delta,grouped_video,2,temporal_diagnostics_only,186470,46619,796,199,18651,4926,0.10002145117177026,0.10566507218087046,53,0.09784365817904471,False,True,False,False,False,0.11922687420961461,0.5295266205400087,0.1866628258677805,0.5201992973814483,0.1134553094633634,0.5261875761266748,0.515476522447929,0.018879415347137638,0.06658546488022736,0.11611855460820138,0.4900577017954053,22846,0.10115733084685641,0.015489117193556643,0.041864662648458714
again_dense_2hz_benchmark_v1,arousal_spike_rows_2_6_train_q90,future_arousal_max_delta_rows_2_6,target_mask_arousal_spike_rows_2_6,0.15642857142856914,0.9,positive_delta,grouped_video,2,AR_plus_temporal_diagnostics,186470,46619,796,199,18651,4926,0.10002145117177026,0.10566507218087046,60,0.12256076782941817,False,True,False,False,False,0.15634087945380798,0.6162841746622713,0.22074866310160426,0.5690693615617877,0.1498475388412952,0.4190012180267966,0.6874235826594307,0.02882663418595209,0.10150223304912707,0.17458384084449857,0.29545893305304705,13774,0.09985692251426694,0.015171849077813314,0.20428178950077122
again_dense_2hz_benchmark_v1,arousal_spike_rows_2_6_train_q90,future_arousal_max_delta_rows_2_6,target_mask_arousal_spike_rows_2_6,0.15642857142856914,0.9,positive_delta,grouped_video,2,AR_plus_raw_cortical_plus_temporal_diagnostics,186470,46619,796,199,18651,4926,0.10002145117177026,0.10566507218087046,572,0.1476776897907256,False,True,False,False,False,0.18038231249964506,0.6401368366860841,0.23918040323110265,0.5831398380827458,0.17677895349966022,0.3696711327649208,0.751496171089041,0.03329273244011368,0.12728380024360536,0.21112464474218431,0.2209614105836676,10301,0.10232539477956963,0.016574848143305655,0.21908167099120127
again_dense_2hz_benchmark_v1,arousal_spike_rows_2_6_train_q90,future_arousal_max_delta_rows_2_6,target_mask_arousal_spike_rows_2_6,0.15642857142856914,0.9,positive_delta,grouped_video,2,shuffled_cortical_control,186470,46619,796,199,18651,4926,0.10002145117177026,0.10566507218087046,512,0.09632627069950103,False,True,False,False,False,0.10403567906718006,0.4944371430094183,0.1780392156862745,0.4964486391007704,0.10455640589569161,0.599066179455948,0.41551727836289926,0.00832318311002842,0.05075111652456354,0.09663012586276898,0.6054183916428924,28224,0.10182584908995182,0.01567900018826744,-0.003929223598185373
again_dense_2hz_benchmark_v1,arousal_spike_rows_2_6_train_q90,future_arousal_max_delta_rows_2_6,target_mask_arousal_spike_rows_2_6,0.15642857142856914,0.9,positive_delta,grouped_video,2,shuffled_temporal_diagnostics_control,186470,46619,796,199,18651,4926,0.10002145117177026,0.10566507218087046,53,0.09175389297306538,False,True,False,False,False,0.10447753997528868,0.4958581669685611,0.1906833055566847,0.501426998258903,0.1059490468877044,0.9522939504669102,0.14584182414895214,0.012586276898091758,0.04790905399918798,0.09703613479496549,0.9497415216971621,44276,0.10121394420659989,0.015414360831552766,-0.0020126027008803356
again_dense_2hz_benchmark_v1,arousal_spike_rows_2_6_train_q90,future_arousal_max_delta_rows_2_6,target_mask_arousal_spike_rows_2_6,0.15642857142856914,0.9,positive_delta,grouped_video,2,random_matched_feature_control,186470,46619,796,199,18651,4926,0.10002145117177026,0.10566507218087046,512,0.09389703907072544,False,True,False,False,False,0.1077929548019164,0.5040023377576164,0.1828377230246389,0.5019830293076943,0.10624012638230648,0.6552984165651644,0.38106780497222165,0.010353227771010963,0.0513601299228583,0.10332927324401137,0.6517514318196443,30384,0.10154875039668636,0.015619154086906594,0.0014432901761347373
again_dense_2hz_benchmark_v1,arousal_spike_rows_2_6_train_q90,future_arousal_max_delta_rows_2_6,target_mask_arousal_spike_rows_2_6,0.15642857142856914,0.9,positive_delta,grouped_video,2,timestamp_video_time_only_control,186470,46619,796,199,18651,4926,0.10002145117177026,0.10566507218087046,7,0.09188307076692581,False,True,False,False,False,0.10916322570915064,0.5064092136887636,0.19168876384025263,0.5040102864490251,0.10645951840276997,0.9612261469752335,0.14341791973229798,0.012789281364190013,0.053999187982135606,0.10576532683719042,0.9540530684913876,44477,0.10118078988745317,0.015421928777603233,0.0020098935853290895
again_dense_2hz_benchmark_v1,arousal_spike_rows_2_6_train_q90,future_arousal_max_delta_rows_2_6,target_mask_arousal_spike_rows_2_6,0.15642857142856914,0.9,positive_delta,grouped_video,2,quality_motion_luma_only_control,186470,46619,796,199,18651,4926,0.10002145117177026,0.10566507218087046,10,0.09335943758487701,False,True,False,False,False,0.10949430453929503,0.5097979465528334,0.18731348628452743,0.5019876621897007,0.10613890316820432,0.796386520503451,0.26980415710332695,0.009947218838814454,0.06090133982947625,0.11368250101502234,0.7928312490615415,36961,0.10122273821311427,0.015419837152468627,0.015581179174565616
again_dense_2hz_benchmark_v1,arousal_spike_rows_2_6_train_q90,future_arousal_max_delta_rows_2_6,target_mask_arousal_spike_rows_2_6,0.15625,0.9,positive_delta,grouped_video,3,AR_only,186480,46609,796,199,18656,4981,0.10004290004290005,0.10686777231865091,7,0.09622012078762054,False,True,False,False,False,0.1575410519369319,0.6027358463940624,0.22105031861129423,0.5729227608585151,0.13100907873195416,0.7068861674362578,0.4675920959471347,0.02911062035735796,0.11845011041959445,0.1806866091146356,0.5766268317277778,26876,0.09917031118633414,0.014728768436879735,0.20014309008086417
again_dense_2hz_benchmark_v1,arousal_spike_rows_2_6_train_q90,future_arousal_max_delta_rows_2_6,target_mask_arousal_spike_rows_2_6,0.15625,0.9,positive_delta,grouped_video,3,raw_cortical_only,186480,46609,796,199,18656,4981,0.10004290004290005,0.10686777231865091,512,0.1255849227309227,False,True,False,False,False,0.1538946885008853,0.5950983102562101,0.22397826892208914,0.5691511403369317,0.16171881964874743,0.3641838988154989,0.7303095968589758,0.022686207588837583,0.09877534631600081,0.1754667737402128,0.24066167478384004,11217,0.09989163222273802,0.015613109745740763,0.12335532812946257
again_dense_2hz_benchmark_v1,arousal_spike_rows_2_6_train_q90,future_arousal_max_delta_rows_2_6,target_mask_arousal_spike_rows_2_6,0.15625,0.9,positive_delta,grouped_video,3,AR_plus_raw_cortical,186480,46609,796,199,18656,4981,0.10004290004290005,0.10686777231865091,519,0.14584899246692656,False,True,False,False,False,0.18643329025761762,0.6445521520260703,0.259500693481276,0.5969133364997812,0.19822015043966523,0.3756273840594258,0.770902615374713,0.03131901224653684,0.12467376028909857,0.2212407147159205,0.20251453581926238,9439,0.09939855114889344,0.015511537200210236,0.22225386805896388
again_dense_2hz_benchmark_v1,arousal_spike_rows_2_6_train_q90,future_arousal_max_delta_rows_2_6,target_mask_arousal_spike_rows_2_6,0.15625,0.9,positive_delta,grouped_video,3,temporal_diagnostics_only,186480,46609,796,199,18656,4981,0.10004290004290005,0.10686777231865091,53,0.09497726559638976,False,True,False,False,False,0.11990797642296627,0.5436437264333399,0.19597699400505159,0.5270333985778995,0.11549497847919656,0.646456534832363,0.4331352313930786,0.005219835374422807,0.06002810680586228,0.12728367797631,0.5981677358450085,27880,0.09981091911599774,0.014988503941590113,0.041736745471043536
again_dense_2hz_benchmark_v1,arousal_spike_rows_2_6_train_q90,future_arousal_max_delta_rows_2_6,target_mask_arousal_spike_rows_2_6,0.15625,0.9,positive_delta,grouped_video,3,AR_plus_temporal_diagnostics,186480,46609,796,199,18656,4981,0.10004290004290005,0.10686777231865091,60,0.11263971924781799,False,True,False,False,False,0.15954119896126012,0.6090527737505913,0.22042628030651984,0.5688066463843473,0.13925925925925925,0.528407950210801,0.6005707052286039,0.026299939771130296,0.1082112025697651,0.1812888978116844,0.405501083481731,18900,0.09896843009694957,0.014863151575151386,0.19548529992415226
again_dense_2hz_benchmark_v1,arousal_spike_rows_2_6_train_q90,future_arousal_max_delta_rows_2_6,target_mask_arousal_spike_rows_2_6,0.15625,0.9,positive_delta,grouped_video,3,AR_plus_raw_cortical_plus_temporal_diagnostics,186480,46609,796,199,18656,4981,0.10004290004290005,0.10686777231865091,572,0.1466372549533844,False,True,False,False,False,0.18770867462851745,0.6459854524159231,0.2608273854895711,0.5980175324443706,0.19915343915343917,0.3778357759486047,0.7711386212963162,0.030515960650471793,0.12607910058221242,0.22264605500903434,0.2027505417408655,9450,0.09926211168372305,0.015501497592262221,0.22620560933847952
again_dense_2hz_benchmark_v1,arousal_spike_rows_2_6_train_q90,future_arousal_max_delta_rows_2_6,target_mask_arousal_spike_rows_2_6,0.15625,0.9,positive_delta,grouped_video,3,shuffled_cortical_control,186480,46609,796,199,18656,4981,0.10004290004290005,0.10686777231865091,512,0.09433771595358849,False,True,False,False,False,0.10836657762239595,0.5042173857275307,0.18599337370044555,0.5052435562430404,0.10842129799207485,0.6536839991969484,0.3885301122100882,0.011443485243926922,0.04798233286488657,0.10238907849829351,0.6443176210603102,30031,0.1003704041620379,0.01508874832438715,0.006322923412208901
again_dense_2hz_benchmark_v1,arousal_spike_rows_2_6_train_q90,future_arousal_max_delta_rows_2_6,target_mask_arousal_spike_rows_2_6,0.15625,0.9,positive_delta,grouped_video,3,shuffled_temporal_diagnostics_control,186480,46609,796,199,18656,4981,0.10004290004290005,0.10686777231865091,53,0.09287147633731366,False,True,False,False,False,0.1084074791396209,0.5006201040652858,0.19238060294747142,0.5009533512829679,0.10706021144335043,0.9474001204577394,0.14992812546932996,0.010640433647861875,0.05320216823930938,0.10238907849829351,0.9456971829474994,44078,0.10022953097063123,0.014936963166182652,0.0036951535354543064
again_dense_2hz_benchmark_v1,arousal_spike_rows_2_6_train_q90,future_arousal_max_delta_rows_2_6,target_mask_arousal_spike_rows_2_6,0.15625,0.9,positive_delta,grouped_video,3,random_matched_feature_control,186480,46609,796,199,18656,4981,0.10004290004290005,0.10686777231865091,512,0.09603556096553802,False,True,False,False,False,0.10573789599829647,0.49698205540041296,0.18095468570391432,0.4989292982980758,0.10652847526445133,0.6004818309576391,0.4190821515158017,0.00883356755671552,0.04798233286488657,0.09857458341698454,0.6023943873500825,28077,0.10072589482239012,0.015188540756009328,-0.0017738128810212907
again_dense_2hz_benchmark_v1,arousal_spike_rows_2_6_train_q90,future_arousal_max_delta_rows_2_6,target_mask_arousal_spike_rows_2_6,0.15625,0.9,positive_delta,grouped_video,3,timestamp_video_time_only_control,186480,46609,796,199,18656,4981,0.10004290004290005,0.10686777231865091,7,0.0925927683711052,False,True,False,False,False,0.1149948214028819,0.5120823933483993,0.19251539954434224,0.5032985535290663,0.10755957853051411,0.9160811082112026,0.17874230298869317,0.019875527002609916,0.058823529411764705,0.11001806866091146,0.9101890192881203,42423,0.10034264497372755,0.014971499001319326,0.0059278137886091195
again_dense_2hz_benchmark_v1,arousal_spike_rows_2_6_train_q90,future_arousal_max_delta_rows_2_6,target_mask_arousal_spike_rows_2_6,0.15625,0.9,positive_delta,grouped_video,3,quality_motion_luma_only_control,186480,46609,796,199,18656,4981,0.10004290004290005,0.10686777231865091,10,0.09201478958129883,False,True,False,False,False,0.11637331927826486,0.5083250820302698,0.1957445087172849,0.5098401937355224,0.10883695823305818,0.9714916683396908,0.14686004848848935,0.021682393093756275,0.06906243726159406,0.11845011041959445,0.9539144800360445,44461,0.10017832552497985,0.014911569737255936,0.04119546932751918
again_dense_2hz_benchmark_v1,arousal_spike_rows_2_6_train_q90,future_arousal_max_delta_rows_2_6,target_mask_arousal_spike_rows_2_6,0.16,0.9,positive_delta,grouped_video,4,AR_only,186452,46637,796,199,18646,4307,0.10000429064853153,0.09235156635289576,7,0.09610388427972794,False,True,False,False,False,0.15354447139116995,0.6155399977105598,0.1996700203810941,0.5804604780585898,0.11599759434671478,0.7165080102159276,0.46954135128760427,0.0410958904109589,0.137682841885303,0.1871372184815417,0.5704483564551751,26604,0.09702132798369878,0.014145436260644672,0.21422888741182855
again_dense_2hz_benchmark_v1,arousal_spike_rows_2_6_train_q90,future_arousal_max_delta_rows_2_6,target_mask_arousal_spike_rows_2_6,0.16,0.9,positive_delta,grouped_video,4,raw_cortical_only,186452,46637,796,199,18646,4307,0.10000429064853153,0.09235156635289576,512,0.12700513750314713,False,True,False,False,False,0.12806791626040354,0.5833413057850161,0.19314602494645333,0.5594449582977974,0.13253220368289098,0.3559322033898305,0.7253682698286767,0.02275365683770606,0.09101462735082425,0.16902716508010215,0.24802195681540407,11567,0.09888116239326349,0.015352967656608723,0.1174720974605735
again_dense_2hz_benchmark_v1,arousal_spike_rows_2_6_train_q90,future_arousal_max_delta_rows_2_6,target_mask_arousal_spike_rows_2_6,0.16,0.9,positive_delta,grouped_video,4,AR_plus_raw_cortical,186452,46637,796,199,18646,4307,0.10000429064853153,0.09235156635289576,519,0.1473137557506561,False,True,False,False,False,0.16171484295056,0.6402433070486511,0.22957169459962756,0.5893956492189274,0.16900636104408862,0.3577896447643371,0.7782232990972833,0.03087996285117251,0.12189459020199675,0.21337357789644765,0.19551000278748634,9118,0.09813254304800492,0.015083808187690994,0.22297748016793872
again_dense_2hz_benchmark_v1,arousal_spike_rows_2_6_train_q90,future_arousal_max_delta_rows_2_6,target_mask_arousal_spike_rows_2_6,0.16,0.9,positive_delta,grouped_video,4,temporal_diagnostics_only,186452,46637,796,199,18646,4307,0.10000429064853153,0.09235156635289576,53,0.0990162268280983,False,True,False,False,False,0.10292666077713294,0.5322183858283762,0.16964413319994284,0.5239205665174252,0.10024914488408429,0.5511957278848386,0.501683212899629,0.015091711167866265,0.06617134896679823,0.12305549106106338,0.5077727984218539,23681,0.09840637558630977,0.014544106491910687,0.038122091012432045
again_dense_2hz_benchmark_v1,arousal_spike_rows_2_6_train_q90,future_arousal_max_delta_rows_2_6,target_mask_arousal_spike_rows_2_6,0.16,0.9,positive_delta,grouped_video,4,AR_plus_temporal_diagnostics,186452,46637,796,199,18646,4307,0.10000429064853153,0.09235156635289576,60,0.11270394176244736,False,True,False,False,False,0.1456944993039089,0.6204285339503304,0.20083461453986381,0.5743590211924605,0.12384873767472099,0.5307638727652658,0.6099020091343783,0.03018342233573253,0.11307174367309032,0.1855119572788484,0.3957801745395287,18458,0.09720205844005807,0.014252954983978284,0.2102019159203972
again_dense_2hz_benchmark_v1,arousal_spike_rows_2_6_train_q90,future_arousal_max_delta_rows_2_6,target_mask_arousal_spike_rows_2_6,0.16,0.9,positive_delta,grouped_video,4,AR_plus_raw_cortical_plus_temporal_diagnostics,186452,46637,796,199,18646,4307,0.10000429064853153,0.09235156635289576,572,0.1480636328458786,False,True,False,False,False,0.16354290748035893,0.6428591378310466,0.23009109609168382,0.590384364867657,0.16829661472326707,0.3635941490596703,0.7752857173488861,0.02948688182029255,0.1239842117483167,0.2173206408172742,0.1995196946630358,9305,0.09861935478696963,0.01521632026020364,0.22422294370388246
again_dense_2hz_benchmark_v1,arousal_spike_rows_2_6_train_q90,future_arousal_max_delta_rows_2_6,target_mask_arousal_spike_rows_2_6,0.16,0.9,positive_delta,grouped_video,4,shuffled_cortical_control,186452,46637,796,199,18646,4307,0.10000429064853153,0.09235156635289576,512,0.0938790462911129,False,True,False,False,False,0.09223729984680826,0.4978347100964806,0.16063654971603195,0.497487929017042,0.09170506912442396,0.6468539586719294,0.37571027295923837,0.010215927559786394,0.05015091711167866,0.1009983747387973,0.6514141132577138,30380,0.09881589256650802,0.014720406757670432,-0.0036401908838629825
again_dense_2hz_benchmark_v1,arousal_spike_rows_2_6_train_q90,future_arousal_max_delta_rows_2_6,target_mask_arousal_spike_rows_2_6,0.16,0.9,positive_delta,grouped_video,4,shuffled_temporal_diagnostics_control,186452,46637,796,199,18646,4307,0.10000429064853153,0.09235156635289576,53,0.09255864545702934,False,True,False,False,False,0.09295374348417978,0.5037992777457911,0.1694392465711172,0.5034033674955768,0.0929518996480462,0.9565823078709078,0.13392799708386047,0.009287206872533085,0.04991873693986534,0.10076619456698398,0.9504041855179364,44324,0.09832033250632052,0.01446335997239039,3.2589888538026016e-05
again_dense_2hz_benchmark_v1,arousal_spike_rows_2_6_train_q90,future_arousal_max_delta_rows_2_6,target_mask_arousal_spike_rows_2_6,0.16,0.9,positive_delta,grouped_video,4,random_matched_feature_control,186452,46637,796,199,18646,4307,0.10000429064853153,0.09235156635289576,512,0.09635155797004699,False,True,False,False,False,0.0930734508697354,0.498112366427153,0.1580090610066406,0.495860657560794,0.09119237795049966,0.591130717436731,0.41818727619701096,0.010215927559786394,0.055026700719758535,0.1035523566287439,0.5986448527992796,27919,0.0985670844095724,0.014631249375012213,-0.002718967906892999
again_dense_2hz_benchmark_v1,arousal_spike_rows_2_6_train_q90,future_arousal_max_delta_rows_2_6,target_mask_arousal_spike_rows_2_6,0.16,0.9,positive_delta,grouped_video,4,timestamp_video_time_only_control,186452,46637,796,199,18646,4307,0.10000429064853153,0.09235156635289576,7,0.09168408364057543,False,True,False,False,False,0.09143408439854003,0.4975774607190147,0.1673728813559322,0.4996091496649404,0.09227871939736347,0.8987694450893894,0.17417501125715634,0.007894125841653122,0.04713257487810541,0.09612259113071743,0.899478954478204,41949,0.09838211712869241,0.014482703523973031,-0.0011182477502345055
again_dense_2hz_benchmark_v1,arousal_spike_rows_2_6_train_q90,future_arousal_max_delta_rows_2_6,target_mask_arousal_spike_rows_2_6,0.16,0.9,positive_delta,grouped_video,4,quality_motion_luma_only_control,186452,46637,796,199,18646,4307,0.10000429064853153,0.09235156635289576,10,0.0955057568848133,False,True,False,False,False,0.09634195424288128,0.5070927778912259,0.1709776648388391,0.5180591141797143,0.09662011004292884,0.7420478291153936,0.33544181658339944,0.023218017181332713,0.05781286278151846,0.1070350592059438,0.7092651757188498,33078,0.0983310296534602,0.014449599244763826,0.028894191728944748
again_dense_2hz_benchmark_v1,arousal_spike_rows_2_6_train_q90,future_arousal_max_delta_rows_2_6,target_mask_arousal_spike_rows_2_6,0.16000000000000003,0.9,positive_delta,grouped_video,5,AR_only,186487,46602,796,199,18667,4275,0.10009813016456912,0.09173426033217459,7,0.09559585154056549,False,True,False,False,False,0.1418723132993132,0.595528459361996,0.1962850568579718,0.5752450905419335,0.11446017423771002,0.6884210526315789,0.48283335479163986,0.04093567251461988,0.11415204678362573,0.16982456140350877,0.5517359769966954,25712,0.09630149722716584,0.014310531942879692,0.18358010076309852
again_dense_2hz_benchmark_v1,arousal_spike_rows_2_6_train_q90,future_arousal_max_delta_rows_2_6,target_mask_arousal_spike_rows_2_6,0.16000000000000003,0.9,positive_delta,grouped_video,5,raw_cortical_only,186487,46602,796,199,18667,4275,0.10009813016456912,0.09173426033217459,512,0.12672966718673706,False,True,False,False,False,0.12903408561248297,0.5885728172898362,0.1935656836461126,0.5601993999102228,0.13565054015969938,0.3377777777777778,0.7418136560662633,0.023625730994152046,0.0968421052631579,0.17473684210526316,0.22842367280374232,10645,0.09670117107884432,0.015176735697831557,0.10520028023496454
again_dense_2hz_benchmark_v1,arousal_spike_rows_2_6_train_q90,future_arousal_max_delta_rows_2_6,target_mask_arousal_spike_rows_2_6,0.16000000000000003,0.9,positive_delta,grouped_video,5,AR_plus_raw_cortical,186487,46602,796,199,18667,4275,0.10009813016456912,0.09173426033217459,519,0.14787401556968688,False,True,False,False,False,0.16078356201441096,0.6325490303356615,0.222888786340563,0.5835001921132834,0.16603643863870746,0.3389473684210526,0.7831852710184112,0.0360233918128655,0.1288888888888889,0.21754385964912282,0.18726664091669887,8727,0.09587528458029922,0.015084460560038463,0.2011286613962029
again_dense_2hz_benchmark_v1,arousal_spike_rows_2_6_train_q90,future_arousal_max_delta_rows_2_6,target_mask_arousal_spike_rows_2_6,0.16000000000000003,0.9,positive_delta,grouped_video,5,temporal_diagnostics_only,186487,46602,796,199,18667,4275,0.10009813016456912,0.09173426033217459,53,0.09564798772335052,False,True,False,False,False,0.10411326518533309,0.5362739279823187,0.16763918888423224,0.5188855440038895,0.09721806760394855,0.6081871345029239,0.44596798420668643,0.01239766081871345,0.06619883040935673,0.13052631578947368,0.5738809493154801,26744,0.09693741892531,0.014410766794296486,0.037943116078720744
again_dense_2hz_benchmark_v1,arousal_spike_rows_2_6_train_q90,future_arousal_max_delta_rows_2_6,target_mask_arousal_spike_rows_2_6,0.16000000000000003,0.9,positive_delta,grouped_video,5,AR_plus_temporal_diagnostics,186487,46602,796,199,18667,4275,0.10009813016456912,0.09173426033217459,60,0.1182531736791134,False,True,False,False,False,0.1389433715888953,0.6025676254646192,0.19053727366914994,0.5597246749306465,0.12073277479054645,0.45169590643274854,0.6479335650830437,0.035555555555555556,0.10619883040935672,0.16865497076023392,0.34320415432814044,15994,0.09531279220654938,0.014280817824507174,0.18077548672754393
again_dense_2hz_benchmark_v1,arousal_spike_rows_2_6_train_q90,future_arousal_max_delta_rows_2_6,target_mask_arousal_spike_rows_2_6,0.16000000000000003,0.9,positive_delta,grouped_video,5,AR_plus_raw_cortical_plus_temporal_diagnostics,186487,46602,796,199,18667,4275,0.10009813016456912,0.09173426033217459,572,0.14889726638793943,False,True,False,False,False,0.16099289689641083,0.6341995300581645,0.2247660298553639,0.5848776132691215,0.1678992373468916,0.3398830409356725,0.7849233938457577,0.036491228070175435,0.13076023391812866,0.2201169590643275,0.185700184541436,8654,0.09606490631215939,0.015196501648792536,0.19840666558344702
again_dense_2hz_benchmark_v1,arousal_spike_rows_2_6_train_q90,future_arousal_max_delta_rows_2_6,target_mask_arousal_spike_rows_2_6,0.16000000000000003,0.9,positive_delta,grouped_video,5,shuffled_cortical_control,186487,46602,796,199,18667,4275,0.10009813016456912,0.09173426033217459,512,0.09649591594934463,False,True,False,False,False,0.09359421301686092,0.5055244816982566,0.16211593671736607,0.5054857854822044,0.09323075842203253,0.6208187134502924,0.41131281919230933,0.01239766081871345,0.05239766081871345,0.10245614035087719,0.6108536114329857,28467,0.0981332621434555,0.014636381080668894,0.005852422400703663
again_dense_2hz_benchmark_v1,arousal_spike_rows_2_6_train_q90,future_arousal_max_delta_rows_2_6,target_mask_arousal_spike_rows_2_6,0.16000000000000003,0.9,positive_delta,grouped_video,5,shuffled_temporal_diagnostics_control,186487,46602,796,199,18667,4275,0.10009813016456912,0.09173426033217459,53,0.09228890091180801,False,True,False,False,False,0.09080296337269919,0.49496439099812833,0.1667144906743185,0.4978687487021473,0.09136246209142986,0.951345029239766,0.12759109051113687,0.009122807017543859,0.0495906432748538,0.09894736842105263,0.9552165143126904,44515,0.09764399004119248,0.014410649696874774,-0.007586288223420295
again_dense_2hz_benchmark_v1,arousal_spike_rows_2_6_train_q90,future_arousal_max_delta_rows_2_6,target_mask_arousal_spike_rows_2_6,0.16000000000000003,0.9,positive_delta,grouped_video,5,random_matched_feature_control,186487,46602,796,199,18667,4275,0.10009813016456912,0.09173426033217459,512,0.09425902441143989,False,True,False,False,False,0.09274333131002628,0.5037596756083277,0.16201959306706856,0.5028521051015091,0.09246699970225296,0.6538011695906433,0.37959744216986396,0.008888888888888889,0.05286549707602339,0.10385964912280701,0.6486202308913781,30227,0.09800366750160848,0.014614596916574978,-0.002017428297462892
again_dense_2hz_benchmark_v1,arousal_spike_rows_2_6_train_q90,future_arousal_max_delta_rows_2_6,target_mask_arousal_spike_rows_2_6,0.16000000000000003,0.9,positive_delta,grouped_video,5,timestamp_video_time_only_control,186487,46602,796,199,18667,4275,0.10009813016456912,0.09173426033217459,7,0.094955213367939,False,True,False,False,False,0.09982337818524861,0.506985020690345,0.1657591673492989,0.503173164323382,0.09239612151164352,0.8046783625730994,0.25698467876915154,0.01847953216374269,0.05824561403508772,0.11415204678362573,0.7989142096905713,37231,0.09749614041578161,0.014382450284738887,0.013138589940984002
again_dense_2hz_benchmark_v1,arousal_spike_rows_2_6_train_q90,future_arousal_max_delta_rows_2_6,target_mask_arousal_spike_rows_2_6,0.16000000000000003,0.9,positive_delta,grouped_video,5,quality_motion_luma_only_control,186487,46602,796,199,18667,4275,0.10009813016456912,0.09173426033217459,10,0.094348955899477,False,True,False,False,False,0.10029702931210926,0.5129610798244854,0.1692239560267799,0.5152930629074636,0.0952157598499062,0.759766081871345,0.3156731470752328,0.022690058479532163,0.06807017543859649,0.1223391812865497,0.7319857516844771,34112,0.09779073606083345,0.014427299570939207,0.022656494838540833
again_dense_2hz_benchmark_v1,arousal_spike_rows_2_6_train_q90,future_arousal_max_delta_rows_2_6,target_mask_arousal_spike_rows_2_6,0.153846154,0.9,positive_delta,blocked_temporal_70_30,1,AR_only,162758,70331,995,995,16361,7824,0.10052347657258015,0.11124539676671738,7,0.13348349332809448,False,True,False,False,False,0.20362280980175984,0.6704334441740889,0.19601837672281777,0.5507766279460954,0.2653283875190923,0.1554192229038855,0.8581706502111445,0.037321063394683024,0.13254089979550102,0.20679959100204498,0.06516329925637343,4583,0.0932461439259792,0.014415688367010729,0.2253318949190494
again_dense_2hz_benchmark_v1,arousal_spike_rows_2_6_train_q90,future_arousal_max_delta_rows_2_6,target_mask_arousal_spike_rows_2_6,0.153846154,0.9,positive_delta,blocked_temporal_70_30,1,raw_cortical_only,162758,70331,995,995,16361,7824,0.10052347657258015,0.11124539676671738,512,0.12722811102867126,False,True,False,False,False,0.12148606011671154,0.5239458477174073,0.1877976268778447,0.515176111114001,0.11823753519960245,0.4561605316973415,0.5610612674354125,0.015081799591002046,0.058793456032719835,0.11055725971370144,0.4291848544738451,30185,0.13712757349459503,0.030712292490157257,0.03475132113457111
again_dense_2hz_benchmark_v1,arousal_spike_rows_2_6_train_q90,future_arousal_max_delta_rows_2_6,target_mask_arousal_spike_rows_2_6,0.153846154,0.9,positive_delta,blocked_temporal_70_30,1,AR_plus_raw_cortical,162758,70331,995,995,16361,7824,0.10052347657258015,0.11124539676671738,519,0.1437877744436264,False,True,False,False,False,0.13833688627603746,0.5608611630998351,0.20560521865184828,0.5424833931892061,0.13460930085416006,0.4350715746421268,0.6259970709928765,0.020833333333333332,0.07374744376278118,0.13139059304703476,0.35955695212637384,25288,0.13648339842131987,0.029998499177805383,0.0848975031557007
again_dense_2hz_benchmark_v1,arousal_spike_rows_2_6_train_q90,future_arousal_max_delta_rows_2_6,target_mask_arousal_spike_rows_2_6,0.153846154,0.9,positive_delta,blocked_temporal_70_30,1,temporal_diagnostics_only,162758,70331,995,995,16361,7824,0.10052347657258015,0.11124539676671738,53,0.09936966374516486,False,True,False,False,False,0.11454177840551727,0.509061567926478,0.17945639122366555,0.5058895734966027,0.11408743927827897,0.42024539877300615,0.5724787078244302,0.008307770961145194,0.053169734151329244,0.11017382413087934,0.4097766276606333,28820,0.10179354486225281,0.016243757309411733,0.010077489362549936
again_dense_2hz_benchmark_v1,arousal_spike_rows_2_6_train_q90,future_arousal_max_delta_rows_2_6,target_mask_arousal_spike_rows_2_6,0.153846154,0.9,positive_delta,blocked_temporal_70_30,1,AR_plus_temporal_diagnostics,162758,70331,995,995,16361,7824,0.10052347657258015,0.11124539676671738,60,0.11428177356719971,False,True,False,False,False,0.18601527002583237,0.6415455293138048,0.24243778204727223,0.5786354004016172,0.18637081816308304,0.3467535787321063,0.7589256515619002,0.030930470347648262,0.11618098159509202,0.20040899795501022,0.20697843056404716,14557,0.0925067872990752,0.014517895201739187,0.18833838919617701
again_dense_2hz_benchmark_v1,arousal_spike_rows_2_6_train_q90,future_arousal_max_delta_rows_2_6,target_mask_arousal_spike_rows_2_6,0.153846154,0.9,positive_delta,blocked_temporal_70_30,1,AR_plus_raw_cortical_plus_temporal_diagnostics,162758,70331,995,995,16361,7824,0.10052347657258015,0.11124539676671738,572,0.1446925938129425,False,True,False,False,False,0.14054777556350537,0.5622095846737558,0.20532603285216525,0.5427484023629845,0.1356907894736842,0.4217791411042945,0.636803116691075,0.02223926380368098,0.0787321063394683,0.1381646216768916,0.3457934623423526,24320,0.1339254230255673,0.028934724135504127,0.08770432055279322
again_dense_2hz_benchmark_v1,arousal_spike_rows_2_6_train_q90,future_arousal_max_delta_rows_2_6,target_mask_arousal_spike_rows_2_6,0.153846154,0.9,positive_delta,blocked_temporal_70_30,1,shuffled_cortical_control,162758,70331,995,995,16361,7824,0.10052347657258015,0.11124539676671738,512,0.09634683877229691,False,True,False,False,False,0.11118170543471378,0.5006433594365857,0.18042063094641964,0.5021746122716464,0.11218707186449121,0.46050613496932513,0.5345722369936443,0.010480572597137014,0.04920756646216769,0.09688139059304704,0.45664074163597845,32116,0.10413151172065914,0.018037851215991794,-0.004561385381187854
again_dense_2hz_benchmark_v1,arousal_spike_rows_2_6_train_q90,future_arousal_max_delta_rows_2_6,target_mask_arousal_spike_rows_2_6,0.153846154,0.9,positive_delta,blocked_temporal_70_30,1,shuffled_temporal_diagnostics_control,162758,70331,995,995,16361,7824,0.10052347657258015,0.11124539676671738,53,0.09366561397910118,False,True,False,False,False,0.11230177534258193,0.5023297339573224,0.19944813544792114,0.5007368571448014,0.11139873114675604,0.9515593047034765,0.15021825368614125,0.011247443762781187,0.05291411042944785,0.10135480572597137,0.9502495343447412,66832,0.10423494075915242,0.01653860150494589,0.0039558596794147475
again_dense_2hz_benchmark_v1,arousal_spike_rows_2_6_train_q90,future_arousal_max_delta_rows_2_6,target_mask_arousal_spike_rows_2_6,0.153846154,0.9,positive_delta,blocked_temporal_70_30,1,random_matched_feature_control,162758,70331,995,995,16361,7824,0.10052347657258015,0.11124539676671738,512,0.098432432487607,False,True,False,False,False,0.11033044478861324,0.49737424500480487,0.18450613298902518,0.4991235061427721,0.11092997981679864,0.5479294478527608,0.46117643713298545,0.008819018404907975,0.051763803680981595,0.10020449897750511,0.5494874237533947,38646,0.10466192093839537,0.016805221824488608,-0.004786056087499919
again_dense_2hz_benchmark_v1,arousal_spike_rows_2_6_train_q90,future_arousal_max_delta_rows_2_6,target_mask_arousal_spike_rows_2_6,0.153846154,0.9,positive_delta,blocked_temporal_70_30,1,timestamp_video_time_only_control,162758,70331,995,995,16361,7824,0.10052347657258015,0.11124539676671738,7,0.08435530960559845,False,True,False,False,False,0.11159743983833023,0.47210940697750237,0.17254117953844147,0.47994520523721795,0.10394302770068597,0.5074130879345603,0.45858867355789057,0.018149284253578733,0.05853783231083844,0.10263292433537832,0.5430606702592029,38194,0.09519204673309337,0.014977811056828442,0.00258077920010104
again_dense_2hz_benchmark_v1,arousal_spike_rows_2_6_train_q90,future_arousal_max_delta_rows_2_6,target_mask_arousal_spike_rows_2_6,0.153846154,0.9,positive_delta,blocked_temporal_70_30,1,quality_motion_luma_only_control,162758,70331,995,995,16361,7824,0.10052347657258015,0.11124539676671738,10,0.0940106064081192,False,True,False,False,False,0.10676072979520596,0.48907947054306194,0.1852385028402459,0.4937389128981971,0.10924736117485084,0.6085122699386503,0.4045015711421706,0.0077965235173824135,0.04268916155419223,0.09061860940695296,0.619641409904594,43580,0.10301741566147345,0.016345617704768955,-0.00811105748979737
again_dense_2hz_benchmark_v1,arousal_delta_p2rows_train_q90,future_arousal_delta_p2rows,target_mask_arousal_delta_p2rows,0.05885150026254019,0.9,positive_delta,grouped_video,1,AR_only,189793,47438,796,199,18980,4395,0.10000368822875448,0.09264724482482398,7,0.13028155267238617,False,True,False,False,False,0.19704187172499632,0.6614966719657568,0.2924944812362031,0.6119410657866091,0.2840300107181136,0.3014789533560865,0.8648762595387663,0.03162684869169511,0.18748577929465302,0.3037542662116041,0.0983388844386357,4665,0.1049976506373036,0.014368315798219946,0.21979392626989214
again_dense_2hz_benchmark_v1,arousal_delta_p2rows_train_q90,future_arousal_delta_p2rows,target_mask_arousal_delta_p2rows,0.05885150026254019,0.9,positive_delta,grouped_video,1,raw_cortical_only,189793,47438,796,199,18980,4395,0.10000368822875448,0.09264724482482398,512,0.11658097505569458,False,True,False,False,False,0.12285216670829885,0.5776799753940797,0.1881463593889443,0.5544593010503004,0.12228743005322779,0.40773606370876,0.6739955310088959,0.01820250284414107,0.089419795221843,0.15494880546075085,0.30890847000295124,14654,0.10502226481201682,0.015066456405973067,0.08161435141848677
again_dense_2hz_benchmark_v1,arousal_delta_p2rows_train_q90,future_arousal_delta_p2rows,target_mask_arousal_delta_p2rows,0.05885150026254019,0.9,positive_delta,grouped_video,1,AR_plus_raw_cortical,189793,47438,796,199,18980,4395,0.10000368822875448,0.09264724482482398,519,0.1487759709358215,False,True,False,False,False,0.18036214749374158,0.6566937705520133,0.25627926777352067,0.6033200733176922,0.20476190476190476,0.3424345847554039,0.8158649184198322,0.03299203640500569,0.1533560864618885,0.25392491467576794,0.1549390783759855,7350,0.10617935551265732,0.015647586310159507,0.20910349921108567
again_dense_2hz_benchmark_v1,arousal_delta_p2rows_train_q90,future_arousal_delta_p2rows,target_mask_arousal_delta_p2rows,0.05885150026254019,0.9,positive_delta,grouped_video,1,temporal_diagnostics_only,189793,47438,796,199,18980,4395,0.10000368822875448,0.09264724482482398,53,0.0952526181936264,False,True,False,False,False,0.10585018106084658,0.5308910128419613,0.16861412668158338,0.5131979193650755,0.0959567377224423,0.6944254835039818,0.3655508242337367,0.016609783845278725,0.07076222980659841,0.12946530147895335,0.6704751465070197,31806,0.10448758945721467,0.013959321730695105,0.029854221067126027
again_dense_2hz_benchmark_v1,arousal_delta_p2rows_train_q90,future_arousal_delta_p2rows,target_mask_arousal_delta_p2rows,0.05885150026254019,0.9,positive_delta,grouped_video,1,AR_plus_temporal_diagnostics,189793,47438,796,199,18980,4395,0.10000368822875448,0.09264724482482398,60,0.13793786466121674,False,True,False,False,False,0.19458387959865436,0.6588299971584359,0.2774157923799006,0.6033477938311655,0.26952789699570817,0.28577929465301477,0.8620726000252962,0.03253697383390216,0.18521046643913538,0.28737201365187715,0.09823348370504659,4660,0.10546504198553441,0.014571486038038007,0.21688911160848318
again_dense_2hz_benchmark_v1,arousal_delta_p2rows_train_q90,future_arousal_delta_p2rows,target_mask_arousal_delta_p2rows,0.05885150026254019,0.9,positive_delta,grouped_video,1,AR_plus_raw_cortical_plus_temporal_diagnostics,189793,47438,796,199,18980,4395,0.10000368822875448,0.09264724482482398,572,0.14993665516376495,False,True,False,False,False,0.18153913037579952,0.6564948108483311,0.2572989585111832,0.6039309421958838,0.20590244568930183,0.3428896473265074,0.8166027235549559,0.034357224118316265,0.1565415244596132,0.2566552901023891,0.15428559382773305,7319,0.10636239900540387,0.01572436098053845,0.20990484596315642
again_dense_2hz_benchmark_v1,arousal_delta_p2rows_train_q90,future_arousal_delta_p2rows,target_mask_arousal_delta_p2rows,0.05885150026254019,0.9,positive_delta,grouped_video,1,shuffled_cortical_control,189793,47438,796,199,18980,4395,0.10000368822875448,0.09264724482482398,512,0.09260784685611725,False,True,False,False,False,0.09231720608046814,0.5014341956162736,0.16553330985343123,0.50532649877836,0.09395374584819781,0.6951080773606371,0.3507104009443906,0.008873720136518772,0.046871444823663254,0.09647326507394767,0.6854420506766727,32516,0.10389966049213997,0.013910463373708831,0.0018853038056249345
again_dense_2hz_benchmark_v1,arousal_delta_p2rows_train_q90,future_arousal_delta_p2rows,target_mask_arousal_delta_p2rows,0.05885150026254019,0.9,positive_delta,grouped_video,1,shuffled_temporal_diagnostics_control,189793,47438,796,199,18980,4395,0.10000368822875448,0.09264724482482398,53,0.09325833469629288,False,True,False,False,False,0.09403926767385036,0.5029712753579727,0.16902203495756304,0.5004517957371358,0.09272695098212706,0.953811149032992,0.13109743243812977,0.010921501706484642,0.05369738339021615,0.09988623435722412,0.9529912728192588,45208,0.10423082807295417,0.013806737451174745,0.00614927464764293
again_dense_2hz_benchmark_v1,arousal_delta_p2rows_train_q90,future_arousal_delta_p2rows,target_mask_arousal_delta_p2rows,0.05885150026254019,0.9,positive_delta,grouped_video,1,random_matched_feature_control,189793,47438,796,199,18980,4395,0.10000368822875448,0.09264724482482398,512,0.09422029852867127,False,True,False,False,False,0.09094725283044881,0.4944212836664618,0.16127837753154642,0.4981967340805344,0.09217895285230529,0.6441410693970421,0.37929507989375605,0.009101251422070534,0.04732650739476678,0.09510807736063709,0.6474134659977233,30712,0.10425514761938898,0.013990842781902877,-0.003653663814182957
again_dense_2hz_benchmark_v1,arousal_delta_p2rows_train_q90,future_arousal_delta_p2rows,target_mask_arousal_delta_p2rows,0.05885150026254019,0.9,positive_delta,grouped_video,1,timestamp_video_time_only_control,189793,47438,796,199,18980,4395,0.10000368822875448,0.09264724482482398,7,0.09394445270299911,False,True,False,False,False,0.09644857032952085,0.49327927146007944,0.16636608644552067,0.4924941053602058,0.09131556702406905,0.9340159271899886,0.13278384417555547,0.018657565415244597,0.06097838452787258,0.10784982935153584,0.9476369155529323,44954,0.10411895842641089,0.013773680069852846,0.012578817661902943
again_dense_2hz_benchmark_v1,arousal_delta_p2rows_train_q90,future_arousal_delta_p2rows,target_mask_arousal_delta_p2rows,0.05885150026254019,0.9,positive_delta,grouped_video,1,quality_motion_luma_only_control,189793,47438,796,199,18980,4395,0.10000368822875448,0.09264724482482398,10,0.09113423973321914,False,True,False,False,False,0.09135492407037574,0.4886150466196501,0.1687571750499596,0.5022874101848623,0.09307506507515888,0.9030716723549488,0.1757662633331928,0.012514220705346985,0.05164960182025029,0.09852104664391353,0.8989206964880475,42643,0.10452177618502811,0.013891546543871671,0.012843860161823178
again_dense_2hz_benchmark_v1,arousal_delta_p2rows_train_q90,future_arousal_delta_p2rows,target_mask_arousal_delta_p2rows,0.05833333309999999,0.9,positive_delta,grouped_video,2,AR_only,189800,47431,796,199,18980,4815,0.1,0.10151588623474099,7,0.13046950697898865,False,True,False,False,False,0.2170268034143511,0.6528168087454318,0.30905263157894736,0.6146962509607885,0.3133404482390608,0.30488058151609554,0.8616094958993064,0.037383177570093455,0.18359293873312565,0.3063343717549325,0.09877506272269192,4685,0.10488669798987742,0.014487458125390696,0.24734187170549232
again_dense_2hz_benchmark_v1,arousal_delta_p2rows_train_q90,future_arousal_delta_p2rows,target_mask_arousal_delta_p2rows,0.05833333309999999,0.9,positive_delta,grouped_video,2,raw_cortical_only,189800,47431,796,199,18980,4815,0.1,0.10151588623474099,512,0.11677653342485428,False,True,False,False,False,0.13720194967286817,0.5745906792353302,0.19889443460527023,0.5520379754891956,0.13410044869011434,0.38483904465212876,0.6852902110434105,0.026583592938733126,0.090134994807892,0.15825545171339564,0.2913284560730324,13818,0.10476110434647345,0.015158617423328342,0.06963643610092239
again_dense_2hz_benchmark_v1,arousal_delta_p2rows_train_q90,future_arousal_delta_p2rows,target_mask_arousal_delta_p2rows,0.05833333309999999,0.9,positive_delta,grouped_video,2,AR_plus_raw_cortical,189800,47431,796,199,18980,4815,0.1,0.10151588623474099,519,0.1490204334259033,False,True,False,False,False,0.202890323605333,0.6478908632934632,0.26313096862210095,0.597223947401714,0.22320266165196007,0.3204569055036345,0.8177984862220911,0.04236760124610592,0.1576323987538941,0.25399792315680164,0.14574856106765618,6913,0.10431453173654333,0.01529496693314396,0.22474523119884496
again_dense_2hz_benchmark_v1,arousal_delta_p2rows_train_q90,future_arousal_delta_p2rows,target_mask_arousal_delta_p2rows,0.05833333309999999,0.9,positive_delta,grouped_video,2,temporal_diagnostics_only,189800,47431,796,199,18980,4815,0.1,0.10151588623474099,53,0.092860409617424,False,True,False,False,False,0.10361214592450577,0.5010664167788034,0.1742826780021254,0.4955234954826614,0.10030109145652992,0.6641744548286604,0.36111403934135905,0.011630321910695742,0.05379023883696781,0.1063343717549325,0.6722185912167148,31884,0.10478771349980848,0.014275222584565532,0.02087861347816002
again_dense_2hz_benchmark_v1,arousal_delta_p2rows_train_q90,future_arousal_delta_p2rows,target_mask_arousal_delta_p2rows,0.05833333309999999,0.9,positive_delta,grouped_video,2,AR_plus_temporal_diagnostics,189800,47431,796,199,18980,4815,0.1,0.10151588623474099,60,0.1309465579688549,False,True,False,False,False,0.20503469477118993,0.6410239349648268,0.2698561334808887,0.6018551698171173,0.22864974033467975,0.3291796469366563,0.8191688979781155,0.03592938733125649,0.17590861889927312,0.2743509865005192,0.14614914296557105,6932,0.1043370223259862,0.01449040143956615,0.23888267113597567
again_dense_2hz_benchmark_v1,arousal_delta_p2rows_train_q90,future_arousal_delta_p2rows,target_mask_arousal_delta_p2rows,0.05833333309999999,0.9,positive_delta,grouped_video,2,AR_plus_raw_cortical_plus_temporal_diagnostics,189800,47431,796,199,18980,4815,0.1,0.10151588623474099,572,0.15018334686756132,False,True,False,False,False,0.2031527183501853,0.6477388574360401,0.26593931128537335,0.5991417889935887,0.22553129969640018,0.32398753894080995,0.8184309839556408,0.042782969885773625,0.1557632398753894,0.24922118380062305,0.14583289409879616,6917,0.10480633647431359,0.01543086514674887,0.22601077033548708
again_dense_2hz_benchmark_v1,arousal_delta_p2rows_train_q90,future_arousal_delta_p2rows,target_mask_arousal_delta_p2rows,0.05833333309999999,0.9,positive_delta,grouped_video,2,shuffled_cortical_control,189800,47431,796,199,18980,4815,0.1,0.10151588623474099,512,0.09047980234026909,False,True,False,False,False,0.10225584247490199,0.49938992731048804,0.17875795153585308,0.49982151458673374,0.10147248918113864,0.7499480789200416,0.30047858995171933,0.010799584631360333,0.051713395638629284,0.10301142263759086,0.7502688115367586,35586,0.105139676572907,0.014405288923507982,0.0009338063015377387
again_dense_2hz_benchmark_v1,arousal_delta_p2rows_train_q90,future_arousal_delta_p2rows,target_mask_arousal_delta_p2rows,0.05833333309999999,0.9,positive_delta,grouped_video,2,shuffled_temporal_diagnostics_control,189800,47431,796,199,18980,4815,0.1,0.10151588623474099,53,0.09198363460600376,False,True,False,False,False,0.10017937301014952,0.4945397459911995,0.18323923569950373,0.499566804505584,0.1014325117893051,0.9470404984423676,0.1429444877822521,0.0122533748701973,0.04672897196261682,0.09325025960539979,0.9478189369821425,44956,0.10486058659110611,0.01420275101028027,-0.003922509532355604
again_dense_2hz_benchmark_v1,arousal_delta_p2rows_train_q90,future_arousal_delta_p2rows,target_mask_arousal_delta_p2rows,0.05833333309999999,0.9,positive_delta,grouped_video,2,random_matched_feature_control,189800,47431,796,199,18980,4815,0.1,0.10151588623474099,512,0.09166809692978858,False,True,False,False,False,0.10126028782439031,0.5000245107069318,0.17772855523033515,0.501041564934684,0.10178808747130604,0.6998961578400831,0.34256077249056527,0.010384215991692628,0.0490134994807892,0.09553478712357218,0.6980244987455462,33108,0.10520748518370318,0.014454993690405768,-0.0004594993517279097
again_dense_2hz_benchmark_v1,arousal_delta_p2rows_train_q90,future_arousal_delta_p2rows,target_mask_arousal_delta_p2rows,0.05833333309999999,0.9,positive_delta,grouped_video,2,timestamp_video_time_only_control,189800,47431,796,199,18980,4815,0.1,0.10151588623474099,7,0.0953676849603653,False,True,False,False,False,0.11025657224844372,0.5090740640024047,0.18347232752084913,0.499840476940978,0.10148542167876928,0.954932502596054,0.13714659189137907,0.0161993769470405,0.0652128764278297,0.10944963655244029,0.955219160464675,45307,0.10511958024063298,0.014240798933325872,0.010528979151227498
again_dense_2hz_benchmark_v1,arousal_delta_p2rows_train_q90,future_arousal_delta_p2rows,target_mask_arousal_delta_p2rows,0.05833333309999999,0.9,positive_delta,grouped_video,2,quality_motion_luma_only_control,189800,47431,796,199,18980,4815,0.1,0.10151588623474099,10,0.09264463074505329,False,True,False,False,False,0.10715362083785573,0.5090278837739755,0.1858201482074905,0.506831720534178,0.10282611104954006,0.963447559709242,0.1429234045244671,0.015368639667705089,0.05960539979231568,0.10799584631360332,0.9511711749699564,45115,0.10479674485226885,0.014182450858962343,0.008030052718348075
again_dense_2hz_benchmark_v1,arousal_delta_p2rows_train_q90,future_arousal_delta_p2rows,target_mask_arousal_delta_p2rows,0.058110430492643694,0.9,positive_delta,grouped_video,3,AR_only,189781,47450,796,199,18979,4908,0.1000047423082395,0.10343519494204426,7,0.13120029866695404,False,True,False,False,False,0.21290711420838143,0.6456588090308338,0.30201066885514977,0.6103748395037348,0.30413223140495865,0.29991850040749796,0.8566069546891465,0.0356560717196414,0.1752241238793806,0.2968622656886716,0.10200210748155954,4840,0.10744912669419932,0.01560077365700131,0.21077893692934957
again_dense_2hz_benchmark_v1,arousal_delta_p2rows_train_q90,future_arousal_delta_p2rows,target_mask_arousal_delta_p2rows,0.058110430492643694,0.9,positive_delta,grouped_video,3,raw_cortical_only,189781,47450,796,199,18979,4908,0.1000047423082395,0.10343519494204426,512,0.11708084493875504,False,True,False,False,False,0.1332177288583833,0.5672653108867877,0.19698417755123712,0.5471056178932353,0.13320407870170903,0.37795436022819884,0.6812644889357218,0.018948655256723717,0.08577832110839446,0.1560717196414018,0.29348788198103265,13926,0.10574012917521054,0.015705949297997384,0.07677750651903398
again_dense_2hz_benchmark_v1,arousal_delta_p2rows_train_q90,future_arousal_delta_p2rows,target_mask_arousal_delta_p2rows,0.058110430492643694,0.9,positive_delta,grouped_video,3,AR_plus_raw_cortical,189781,47450,796,199,18979,4908,0.1000047423082395,0.10343519494204426,519,0.14940395951271057,False,True,False,False,False,0.20091816706172494,0.6457008189078748,0.2741066246579886,0.6037565321611124,0.23109184957360548,0.3367970660146699,0.8154899894625922,0.0389160554197229,0.15118174409127955,0.2536674816625917,0.15074815595363542,7153,0.10713497618341641,0.016454325929954047,0.20728173010217865
again_dense_2hz_benchmark_v1,arousal_delta_p2rows_train_q90,future_arousal_delta_p2rows,target_mask_arousal_delta_p2rows,0.058110430492643694,0.9,positive_delta,grouped_video,3,temporal_diagnostics_only,189781,47450,796,199,18979,4908,0.1000047423082395,0.10343519494204426,53,0.09211243689060211,False,True,False,False,False,0.11441120001935837,0.5317494117803023,0.1863693420955475,0.5103618584205983,0.1059880742420425,0.7713936430317848,0.30332982086406746,0.013447432762836185,0.059494702526487364,0.11919315403422982,0.752813487881981,35721,0.10565697856280677,0.014796183729870826,0.036993680954600816
again_dense_2hz_benchmark_v1,arousal_delta_p2rows_train_q90,future_arousal_delta_p2rows,target_mask_arousal_delta_p2rows,0.058110430492643694,0.9,positive_delta,grouped_video,3,AR_plus_temporal_diagnostics,189781,47450,796,199,18979,4908,0.1000047423082395,0.10343519494204426,60,0.13721349835395813,False,True,False,False,False,0.21290125226921175,0.6461643332326802,0.2921852683125893,0.6051950693187158,0.29260318757662446,0.2917685411572942,0.8537829293993677,0.0356560717196414,0.17339038304808477,0.2866748166259169,0.10314014752370916,4894,0.10700516298785359,0.015621495269400367,0.21044703230760958
again_dense_2hz_benchmark_v1,arousal_delta_p2rows_train_q90,future_arousal_delta_p2rows,target_mask_arousal_delta_p2rows,0.058110430492643694,0.9,positive_delta,grouped_video,3,AR_plus_raw_cortical_plus_temporal_diagnostics,189781,47450,796,199,18979,4908,0.1000047423082395,0.10343519494204426,572,0.15026405453681946,False,True,False,False,False,0.20119790631413417,0.6450304520961059,0.2746653445711453,0.6042973036627459,0.23102585487906588,0.33863080684596575,0.8150052687038989,0.03850855745721271,0.15179299103504482,0.25794621026894865,0.1516122233930453,7194,0.10720318427807368,0.016519246634997937,0.2071941013171671
again_dense_2hz_benchmark_v1,arousal_delta_p2rows_train_q90,future_arousal_delta_p2rows,target_mask_arousal_delta_p2rows,0.058110430492643694,0.9,positive_delta,grouped_video,3,shuffled_cortical_control,189781,47450,796,199,18979,4908,0.1000047423082395,0.10343519494204426,512,0.09623006731271744,False,True,False,False,False,0.10304430702398718,0.496548372427735,0.175234986550609,0.4982160062578936,0.10287802973845772,0.5906682966585167,0.4248893572181243,0.009779951100244499,0.05175224123879381,0.09963325183374083,0.5938672286617492,28179,0.10604088827682057,0.014961216877634905,0.0010191482218916627
again_dense_2hz_benchmark_v1,arousal_delta_p2rows_train_q90,future_arousal_delta_p2rows,target_mask_arousal_delta_p2rows,0.058110430492643694,0.9,positive_delta,grouped_video,3,shuffled_temporal_diagnostics_control,189781,47450,796,199,18979,4908,0.1000047423082395,0.10343519494204426,53,0.09313131868839264,False,True,False,False,False,0.10535687152958734,0.5049569930738564,0.18657356608478803,0.4998830533913712,0.1034124333768273,0.9527302363488183,0.14071654373024237,0.010187449062754686,0.053178484107579464,0.1069682151589242,0.9529399367755532,45217,0.1058430158709323,0.014752687306339716,0.006814030288892576
again_dense_2hz_benchmark_v1,arousal_delta_p2rows_train_q90,future_arousal_delta_p2rows,target_mask_arousal_delta_p2rows,0.058110430492643694,0.9,positive_delta,grouped_video,3,random_matched_feature_control,189781,47450,796,199,18979,4908,0.1000047423082395,0.10343519494204426,512,0.09440459311008453,False,True,False,False,False,0.10251567118281353,0.4995291316118992,0.17866241146664427,0.5004376182517094,0.10356018563593289,0.6501629991850041,0.3816859852476291,0.008353708231458843,0.04808475957620212,0.09494702526487367,0.6493782929399368,30813,0.10602996990298741,0.014944208874048395,-0.003929101799867277
again_dense_2hz_benchmark_v1,arousal_delta_p2rows_train_q90,future_arousal_delta_p2rows,target_mask_arousal_delta_p2rows,0.058110430492643694,0.9,positive_delta,grouped_video,3,timestamp_video_time_only_control,189781,47450,796,199,18979,4908,0.1000047423082395,0.10343519494204426,7,0.09254936128854752,False,True,False,False,False,0.10105967639032024,0.485852046610671,0.18547890207302287,0.49653719645463174,0.10276401277392358,0.9506927465362673,0.13633298208640673,0.008149959250203748,0.05297473512632437,0.10228198859005705,0.9569020021074816,45405,0.10601866966963204,0.014788747845927834,0.005001825705236564
again_dense_2hz_benchmark_v1,arousal_delta_p2rows_train_q90,future_arousal_delta_p2rows,target_mask_arousal_delta_p2rows,0.058110430492643694,0.9,positive_delta,grouped_video,3,quality_motion_luma_only_control,189781,47450,796,199,18979,4908,0.1000047423082395,0.10343519494204426,10,0.09259157627820969,False,True,False,False,False,0.10973630084969004,0.5194701304242526,0.18878832582432917,0.5061522163417813,0.10463163477261679,0.9647514262428688,0.1424236037934668,0.011409942950285249,0.05541972290138549,0.1039119804400978,0.9537197049525816,45254,0.10592160816429946,0.014772647531786812,0.02237879335148812
again_dense_2hz_benchmark_v1,arousal_delta_p2rows_train_q90,future_arousal_delta_p2rows,target_mask_arousal_delta_p2rows,0.058823529999999985,0.9,positive_delta,grouped_video,4,AR_only,189784,47447,796,199,18989,4467,0.10005585296969186,0.09414715366619597,7,0.1301160424947739,False,True,False,False,False,0.1978201102386155,0.6643940939934578,0.2907926694634577,0.6093268895117632,0.28686560662165106,0.29482874412357285,0.8646068244567623,0.031117080814864563,0.17931497649429148,0.29997761361092457,0.09676059603346893,4591,0.1039085843737184,0.01417976927331887,0.21732667392148422
again_dense_2hz_benchmark_v1,arousal_delta_p2rows_train_q90,future_arousal_delta_p2rows,target_mask_arousal_delta_p2rows,0.058823529999999985,0.9,positive_delta,grouped_video,4,raw_cortical_only,189784,47447,796,199,18989,4467,0.10005585296969186,0.09414715366619597,512,0.11686949580907824,False,True,False,False,False,0.1303149320028498,0.587079975244758,0.1988071570576541,0.5647074982319544,0.12871287128712872,0.4365345869711216,0.6687461799481527,0.024848891873740765,0.08999328408327736,0.16476382359525407,0.3193036440660105,15150,0.10549597160263778,0.015106161551258969,0.08677986135305224
again_dense_2hz_benchmark_v1,arousal_delta_p2rows_train_q90,future_arousal_delta_p2rows,target_mask_arousal_delta_p2rows,0.058823529999999985,0.9,positive_delta,grouped_video,4,AR_plus_raw_cortical,189784,47447,796,199,18989,4467,0.10005585296969186,0.09414715366619597,519,0.14799287170171738,False,True,False,False,False,0.18956619002497874,0.6677243506306472,0.25857155194749115,0.6022410426577904,0.21048931383577052,0.3351242444593687,0.8190612683625941,0.03626595030221625,0.15804790687262144,0.25721961047683006,0.149893565451978,7112,0.10550534515482898,0.015429797794001849,0.21253015763086308
again_dense_2hz_benchmark_v1,arousal_delta_p2rows_train_q90,future_arousal_delta_p2rows,target_mask_arousal_delta_p2rows,0.058823529999999985,0.9,positive_delta,grouped_video,4,temporal_diagnostics_only,189784,47447,796,199,18989,4467,0.10005585296969186,0.09414715366619597,53,0.09030240327119828,False,True,False,False,False,0.1065711172546335,0.5261756552341909,0.17036791514749752,0.5051857695276972,0.09525826692435996,0.8054622789344079,0.26144961746791157,0.016565927915827176,0.06783075889858965,0.12446832325945825,0.7960671907602167,37771,0.10432448644451664,0.013938739828524187,0.038429088033231466
again_dense_2hz_benchmark_v1,arousal_delta_p2rows_train_q90,future_arousal_delta_p2rows,target_mask_arousal_delta_p2rows,0.058823529999999985,0.9,positive_delta,grouped_video,4,AR_plus_temporal_diagnostics,189784,47447,796,199,18989,4467,0.10005585296969186,0.09414715366619597,60,0.1372540205717087,False,True,False,False,False,0.19561679935306067,0.660414814372666,0.2799381352187362,0.6032184262587239,0.27633587786259545,0.2836355495858518,0.8626256665331844,0.03290799194089993,0.17573315424222072,0.2878889635101858,0.0966341391447299,4585,0.10434717049694736,0.0144081483169451,0.21431543862846206
again_dense_2hz_benchmark_v1,arousal_delta_p2rows_train_q90,future_arousal_delta_p2rows,target_mask_arousal_delta_p2rows,0.058823529999999985,0.9,positive_delta,grouped_video,4,AR_plus_raw_cortical_plus_temporal_diagnostics,189784,47447,796,199,18989,4467,0.10005585296969186,0.09414715366619597,572,0.14883432388305662,False,True,False,False,False,0.19190950477264906,0.6688153198946245,0.263519313304721,0.6061105570939904,0.21369901155506055,0.3436310723080367,0.8191666491032099,0.036489814192970677,0.15670472352809492,0.25990597716588315,0.151389971968723,7183,0.10521915492170697,0.01542862206485545,0.21361428165688398
again_dense_2hz_benchmark_v1,arousal_delta_p2rows_train_q90,future_arousal_delta_p2rows,target_mask_arousal_delta_p2rows,0.058823529999999985,0.9,positive_delta,grouped_video,4,shuffled_cortical_control,189784,47447,796,199,18989,4467,0.10005585296969186,0.09414715366619597,512,0.0923736035823822,False,True,False,False,False,0.09250601482587409,0.4937191672804955,0.16470964987190437,0.4973647475103867,0.09350098469928798,0.6908439668681442,0.34031656374481,0.010521602865457802,0.04969778374748153,0.09827624804119095,0.6956182688051932,33005,0.10430310587935643,0.014006796572612189,-0.0029628823597163973
again_dense_2hz_benchmark_v1,arousal_delta_p2rows_train_q90,future_arousal_delta_p2rows,target_mask_arousal_delta_p2rows,0.058823529999999985,0.9,positive_delta,grouped_video,4,shuffled_temporal_diagnostics_control,189784,47447,796,199,18989,4467,0.10005585296969186,0.09414715366619597,53,0.09320764727890492,False,True,False,False,False,0.09274328264318457,0.4929625641030449,0.17010184287099903,0.49634259113130225,0.0934897048044246,0.9422431161853593,0.13440259658144876,0.009626147302440116,0.04566823371390195,0.0987239758226998,0.948869264653192,45021,0.10414628728816301,0.013790719049442068,-0.003334855901651022
again_dense_2hz_benchmark_v1,arousal_delta_p2rows_train_q90,future_arousal_delta_p2rows,target_mask_arousal_delta_p2rows,0.058823529999999985,0.9,positive_delta,grouped_video,4,random_matched_feature_control,189784,47447,796,199,18989,4467,0.10005585296969186,0.09414715366619597,512,0.09398637115955354,False,True,False,False,False,0.09337967149879474,0.4979099873400751,0.16345662178285325,0.49794723895819226,0.0936066373840898,0.6440564137004701,0.379349590068919,0.009178419520931274,0.04768300873069174,0.09626147302440116,0.6477754125655996,30735,0.10435028505546111,0.014009150417177653,0.004947793448731767
again_dense_2hz_benchmark_v1,arousal_delta_p2rows_train_q90,future_arousal_delta_p2rows,target_mask_arousal_delta_p2rows,0.058823529999999985,0.9,positive_delta,grouped_video,4,timestamp_video_time_only_control,189784,47447,796,199,18989,4467,0.10005585296969186,0.09414715366619597,7,0.09723567217588425,False,True,False,False,False,0.09712836044762135,0.5079195575474476,0.17243250849297445,0.5032147828712976,0.09472173144876325,0.960152227445713,0.13231605791725504,0.013431833445265278,0.05260801432728901,0.09693306469666443,0.9543279870170928,45280,0.10405792867280822,0.013761923899756742,0.008878841700329381
again_dense_2hz_benchmark_v1,arousal_delta_p2rows_train_q90,future_arousal_delta_p2rows,target_mask_arousal_delta_p2rows,0.058823529999999985,0.9,positive_delta,grouped_video,4,quality_motion_luma_only_control,189784,47447,796,199,18989,4467,0.10005585296969186,0.09414715366619597,10,0.0902261734008789,False,True,False,False,False,0.0993242514623223,0.5070312507324537,0.17211557890482926,0.5024975876556305,0.09459609532905404,0.9534363107230803,0.13646805909751933,0.01567047235280949,0.059547794940676066,0.10655921199910455,0.9489114169494384,45023,0.10398868119822181,0.013769308656315598,0.03468233873296189
again_dense_2hz_benchmark_v1,arousal_delta_p2rows_train_q90,future_arousal_delta_p2rows,target_mask_arousal_delta_p2rows,0.05739932386040705,0.9,positive_delta,grouped_video,5,AR_only,189766,47465,796,199,18977,5139,0.10000210785915285,0.10826925102707258,7,0.13114596158266068,False,True,False,False,False,0.21726086761975827,0.6584781863054139,0.31039968184529726,0.6122095082418725,0.3173409229518195,0.303755594473633,0.8538712735699989,0.027437244600116754,0.1648180579879354,0.2963611597587079,0.10363425682081534,4919,0.1071046201458406,0.015887961233239763,0.1895361935072502
again_dense_2hz_benchmark_v1,arousal_delta_p2rows_train_q90,future_arousal_delta_p2rows,target_mask_arousal_delta_p2rows,0.05739932386040705,0.9,positive_delta,grouped_video,5,raw_cortical_only,189766,47465,796,199,18977,5139,0.10000210785915285,0.10826925102707258,512,0.11644913256168365,False,True,False,False,False,0.15383177955799582,0.5933319304766788,0.21945630663472554,0.5637639082635649,0.14982578397212543,0.41000194590387234,0.6842304856209839,0.023545436855419342,0.10040863981319323,0.16909904650710256,0.29628147055725274,14063,0.105618028839953,0.015774508998522927,0.09343731923230486
again_dense_2hz_benchmark_v1,arousal_delta_p2rows_train_q90,future_arousal_delta_p2rows,target_mask_arousal_delta_p2rows,0.05739932386040705,0.9,positive_delta,grouped_video,5,AR_plus_raw_cortical,189766,47465,796,199,18977,5139,0.10000210785915285,0.10826925102707258,519,0.14782794937491417,False,True,False,False,False,0.215308606919179,0.6654056059299431,0.288623707239459,0.6101394671408482,0.24411250168214238,0.35298696244405525,0.811608553671126,0.03346954660439774,0.15178050204319907,0.2626970227670753,0.15655746339407986,7431,0.10720135510334354,0.016756392936306208,0.20259548116353732
again_dense_2hz_benchmark_v1,arousal_delta_p2rows_train_q90,future_arousal_delta_p2rows,target_mask_arousal_delta_p2rows,0.05739932386040705,0.9,positive_delta,grouped_video,5,temporal_diagnostics_only,189766,47465,796,199,18977,5139,0.10000210785915285,0.10826925102707258,53,0.08784806542098522,False,True,False,False,False,0.12161911961116559,0.5356349841646935,0.1961892247043364,0.51001850397075,0.11053527800399793,0.8715703444249854,0.22675655746339407,0.012259194395796848,0.06324187585133294,0.12103522086008951,0.853702728326135,40521,0.1059446682608345,0.015008108760400277,0.03952203885759914
again_dense_2hz_benchmark_v1,arousal_delta_p2rows_train_q90,future_arousal_delta_p2rows,target_mask_arousal_delta_p2rows,0.05739932386040705,0.9,positive_delta,grouped_video,5,AR_plus_temporal_diagnostics,189766,47465,796,199,18977,5139,0.10000210785915285,0.10826925102707258,60,0.13762566447257996,False,True,False,False,False,0.21470096624690665,0.6590798322350052,0.2890999902066399,0.6011279061290014,0.2910094637223975,0.287215411558669,0.847066259348994,0.028604786923525978,0.16228838295388207,0.2765129402607511,0.10685768460971241,5072,0.10743047687936585,0.01605688476745575,0.19095027716622304
again_dense_2hz_benchmark_v1,arousal_delta_p2rows_train_q90,future_arousal_delta_p2rows,target_mask_arousal_delta_p2rows,0.05739932386040705,0.9,positive_delta,grouped_video,5,AR_plus_raw_cortical_plus_temporal_diagnostics,189766,47465,796,199,18977,5139,0.10000210785915285,0.10826925102707258,572,0.1486136093735695,False,True,False,False,False,0.2166044492930929,0.6669528123689936,0.28878623765530426,0.6101957418569789,0.2444384522043953,0.3527923720568204,0.811861371536922,0.03483167931504184,0.15197509243043394,0.26697801128624243,0.15626250921731802,7417,0.10703252570955236,0.016750014590570208,0.20438035036088817
again_dense_2hz_benchmark_v1,arousal_delta_p2rows_train_q90,future_arousal_delta_p2rows,target_mask_arousal_delta_p2rows,0.05739932386040705,0.9,positive_delta,grouped_video,5,shuffled_cortical_control,189766,47465,796,199,18977,5139,0.10000210785915285,0.10826925102707258,512,0.09646746516227722,False,True,False,False,False,0.10669059504364371,0.4979352206458498,0.18250950570342206,0.49870100365442455,0.10784799377255679,0.5931115002918855,0.4247340145370273,0.00953492897450866,0.043782837127845885,0.09437633780891223,0.5954282102601918,28262,0.10579548926286039,0.015087614562855229,-0.0003210488147864055
again_dense_2hz_benchmark_v1,arousal_delta_p2rows_train_q90,future_arousal_delta_p2rows,target_mask_arousal_delta_p2rows,0.05739932386040705,0.9,positive_delta,grouped_video,5,shuffled_temporal_diagnostics_control,189766,47465,796,199,18977,5139,0.10000210785915285,0.10826925102707258,53,0.09403499029576778,False,True,False,False,False,0.1104679654913768,0.504035661007859,0.19453321952478314,0.5002308318469186,0.10831601750740529,0.953492897450866,0.14511745496681766,0.011480832846857365,0.05448530842576377,0.10644094181747421,0.9530812177393869,45238,0.10571995321562905,0.014893290451055525,0.0002246524071977271
again_dense_2hz_benchmark_v1,arousal_delta_p2rows_train_q90,future_arousal_delta_p2rows,target_mask_arousal_delta_p2rows,0.05739932386040705,0.9,positive_delta,grouped_video,5,random_matched_feature_control,189766,47465,796,199,18977,5139,0.10000210785915285,0.10826925102707258,512,0.0959334596991539,False,True,False,False,False,0.10600342277661429,0.4936491220946595,0.18101964508279422,0.4954107383973746,0.10679645645855948,0.5935006810663553,0.41856104498051194,0.008561977038334306,0.043782837127845885,0.09612765129402608,0.601685452438639,28559,0.10591533022777196,0.015135905714424143,-0.004712474896140344
again_dense_2hz_benchmark_v1,arousal_delta_p2rows_train_q90,future_arousal_delta_p2rows,target_mask_arousal_delta_p2rows,0.05739932386040705,0.9,positive_delta,grouped_video,5,timestamp_video_time_only_control,189766,47465,796,199,18977,5139,0.10000210785915285,0.10826925102707258,7,0.09382812306284904,False,True,False,False,False,0.10944560292758371,0.4965552660376458,0.19411553641908863,0.4993410334412908,0.10813511892864282,0.9474605954465849,0.14825661013378277,0.009340338587273789,0.05915547771940066,0.10780307452811831,0.9486358369324766,45027,0.10561136304760517,0.014859481273110662,0.014570470663377482
again_dense_2hz_benchmark_v1,arousal_delta_p2rows_train_q90,future_arousal_delta_p2rows,target_mask_arousal_delta_p2rows,0.05739932386040705,0.9,positive_delta,grouped_video,5,quality_motion_luma_only_control,189766,47465,796,199,18977,5139,0.10000210785915285,0.10826925102707258,10,0.09053139761090279,False,True,False,False,False,0.1106196746272301,0.5060718696971349,0.1960745242602371,0.5046811065551601,0.10922168450028859,0.9573847051955633,0.15000526703887074,0.012259194395796848,0.05234481416618019,0.09982486865148861,0.9490361318866534,45046,0.10590117263043365,0.01494577617943981,0.016805202720201827
again_dense_2hz_benchmark_v1,arousal_delta_p2rows_train_q90,future_arousal_delta_p2rows,target_mask_arousal_delta_p2rows,0.05714285699999999,0.9,positive_delta,blocked_temporal_70_30,1,AR_only,165783,71448,995,995,16594,7652,0.10009470211059035,0.10709886910760273,7,0.12571046054363252,False,True,False,False,False,0.2619383402615456,0.7069858873211158,0.34615384615384615,0.625250565896516,0.3987730061349693,0.30580240460010455,0.87627365356623,0.034892838473601674,0.19302143230527966,0.35572399372713015,0.08212966073228083,5868,0.09964970536312787,0.013881979549434662,0.2490198201527559
again_dense_2hz_benchmark_v1,arousal_delta_p2rows_train_q90,future_arousal_delta_p2rows,target_mask_arousal_delta_p2rows,0.05714285699999999,0.9,positive_delta,blocked_temporal_70_30,1,raw_cortical_only,165783,71448,995,995,16594,7652,0.10009470211059035,0.10709886910760273,512,0.12323029339313507,False,True,False,False,False,0.11884383190547043,0.527133421999167,0.17852046976182637,0.5123973560260707,0.11298277299249791,0.4251176163094616,0.5809819729033703,0.015682174594877155,0.06468897020386827,0.12049137480397282,0.4029783898779532,28792,0.12784941398241417,0.026308697688228848,0.027197891744772076
again_dense_2hz_benchmark_v1,arousal_delta_p2rows_train_q90,future_arousal_delta_p2rows,target_mask_arousal_delta_p2rows,0.05714285699999999,0.9,positive_delta,blocked_temporal_70_30,1,AR_plus_raw_cortical,165783,71448,995,995,16594,7652,0.10009470211059035,0.10709886910760273,519,0.14735567867755886,False,True,False,False,False,0.1553248859797867,0.5827792346927053,0.20194285352656394,0.5458014539418101,0.13323034528829694,0.4170151594354417,0.6470020154517971,0.03123366440146367,0.11121275483533717,0.17812336644014637,0.3352228193931251,23951,0.12345843225986308,0.024585927487833684,0.11173790929984896
again_dense_2hz_benchmark_v1,arousal_delta_p2rows_train_q90,future_arousal_delta_p2rows,target_mask_arousal_delta_p2rows,0.05714285699999999,0.9,positive_delta,blocked_temporal_70_30,1,temporal_diagnostics_only,165783,71448,995,995,16594,7652,0.10009470211059035,0.10709886910760273,53,0.09612643271684647,False,True,False,False,False,0.10892711456817178,0.4963749228665587,0.1749326925216385,0.4954025527395757,0.10541417500201121,0.5137219027705175,0.48100716605083416,0.013460533193936227,0.05462624150548876,0.1088604286461056,0.5219320344866196,37291,0.10465323909074079,0.014864529533262956,0.016332668135082308
again_dense_2hz_benchmark_v1,arousal_delta_p2rows_train_q90,future_arousal_delta_p2rows,target_mask_arousal_delta_p2rows,0.05714285699999999,0.9,positive_delta,blocked_temporal_70_30,1,AR_plus_temporal_diagnostics,165783,71448,995,995,16594,7652,0.10009470211059035,0.10709886910760273,60,0.13617444634437567,False,True,False,False,False,0.2373785966668428,0.674372268905883,0.29119195411330245,0.5958270894317247,0.36512315270935963,0.24215891270256143,0.8737403426268056,0.03476215368531103,0.18844746471510715,0.2986147412441192,0.07103067965513381,5075,0.09805169693425538,0.013735808432860559,0.2371329274413236
again_dense_2hz_benchmark_v1,arousal_delta_p2rows_train_q90,future_arousal_delta_p2rows,target_mask_arousal_delta_p2rows,0.05714285699999999,0.9,positive_delta,blocked_temporal_70_30,1,AR_plus_raw_cortical_plus_temporal_diagnostics,165783,71448,995,995,16594,7652,0.10009470211059035,0.10709886910760273,572,0.13712767958641048,False,True,False,False,False,0.1552387411228635,0.583730734912122,0.20984157614616078,0.5548513161250361,0.13772112595497815,0.44053842132775745,0.644678647407905,0.03227914270778881,0.1079456351280711,0.17537898588604287,0.3425848169297951,24477,0.12235049438750875,0.023667018751112757,0.11232203299304178
again_dense_2hz_benchmark_v1,arousal_delta_p2rows_train_q90,future_arousal_delta_p2rows,target_mask_arousal_delta_p2rows,0.05714285699999999,0.9,positive_delta,blocked_temporal_70_30,1,shuffled_cortical_control,165783,71448,995,995,16594,7652,0.10009470211059035,0.10709886910760273,512,0.0938902273774147,False,True,False,False,False,0.10452039365993634,0.48836791591185663,0.17342846286992866,0.4893024721343716,0.10341876038467349,0.5368531102979613,0.4519370731161124,0.009017250392054366,0.0474385781495034,0.09657605854678515,0.5559567797559064,39722,0.11062752499921134,0.017647390153013486,-0.008384497135939821
again_dense_2hz_benchmark_v1,arousal_delta_p2rows_train_q90,future_arousal_delta_p2rows,target_mask_arousal_delta_p2rows,0.05714285699999999,0.9,positive_delta,blocked_temporal_70_30,1,shuffled_temporal_diagnostics_control,165783,71448,995,995,16594,7652,0.10009470211059035,0.10709886910760273,53,0.09196340963244438,False,True,False,False,False,0.10840080632517834,0.5010816052880527,0.19193383242689788,0.4987094211400512,0.10683779662773311,0.9431521170935703,0.14946534542604412,0.01189231573444851,0.049921589127025615,0.10141139571353894,0.9454568357406785,67551,0.10735400633631903,0.015311019712713864,-0.0027497152333207063
again_dense_2hz_benchmark_v1,arousal_delta_p2rows_train_q90,future_arousal_delta_p2rows,target_mask_arousal_delta_p2rows,0.05714285699999999,0.9,positive_delta,blocked_temporal_70_30,1,random_matched_feature_control,165783,71448,995,995,16594,7652,0.10009470211059035,0.10709886910760273,512,0.09606818109750748,False,True,False,False,False,0.11042122762470806,0.5070991762179611,0.18296028306762613,0.5024738337900568,0.10789140526093684,0.601411395713539,0.4247284738551114,0.01189231573444851,0.05462624150548876,0.1085990590695243,0.5969936177359758,42654,0.10740085275947595,0.015500854197039417,0.004691222505135982
again_dense_2hz_benchmark_v1,arousal_delta_p2rows_train_q90,future_arousal_delta_p2rows,target_mask_arousal_delta_p2rows,0.05714285699999999,0.9,positive_delta,blocked_temporal_70_30,1,timestamp_video_time_only_control,165783,71448,995,995,16594,7652,0.10009470211059035,0.10709886910760273,7,0.08440186083316803,False,True,False,False,False,0.1060934781360123,0.47737950500348453,0.15319845632089815,0.4836304540639651,0.09867429948779753,0.3423941453214846,0.5946142649199417,0.016466283324621016,0.05253528489283847,0.09801359121798223,0.37162691747844584,26552,0.09113471893341661,0.012021340953215606,0.0009154474180063315
again_dense_2hz_benchmark_v1,arousal_delta_p2rows_train_q90,future_arousal_delta_p2rows,target_mask_arousal_delta_p2rows,0.05714285699999999,0.9,positive_delta,blocked_temporal_70_30,1,quality_motion_luma_only_control,165783,71448,995,995,16594,7652,0.10009470211059035,0.10709886910760273,10,0.08812039047479629,False,True,False,False,False,0.10381461118866575,0.4936158885154611,0.19417501922324595,0.505663279257521,0.10826300825849541,0.9405384213277574,0.16393740902474527,0.010193413486670152,0.04142707788813382,0.08677469942498693,0.9304249244205576,66477,0.10611336081554583,0.015056159460224228,0.01128332848220434
again_dense_2hz_benchmark_v1,arousal_abs_delta_p4rows_train_q90,future_arousal_delta_p4rows,target_mask_arousal_delta_p4rows,0.16666666600000002,0.9,abs_movement,grouped_video,1,AR_only,188154,47063,796,199,18947,4815,0.10069942706506373,0.10230967001678601,7,0.09410612359642982,False,True,False,False,False,0.12247413089397287,0.5371808146447924,0.19310695807062683,0.5334341743742089,0.11176932643843687,0.7092419522326064,0.3936000679939655,0.029906542056074768,0.0731048805815161,0.11588785046728972,0.6492148821792066,30554,0.11573439809629198,0.021815418788828388,-0.20737711289303032
again_dense_2hz_benchmark_v1,arousal_abs_delta_p4rows_train_q90,future_arousal_delta_p4rows,target_mask_arousal_delta_p4rows,0.16666666600000002,0.9,abs_movement,grouped_video,1,raw_cortical_only,188154,47063,796,199,18947,4815,0.10069942706506373,0.10230967001678601,512,0.11330820322036743,False,True,False,False,False,0.12983547768654374,0.5612878600630054,0.19492519112611978,0.5450303631644074,0.12589361444323277,0.4315680166147456,0.6352761192444171,0.014953271028037384,0.0893042575285566,0.15638629283489097,0.35072137347810384,16506,0.1158091237707563,0.02259929653608415,0.01491304696931858
again_dense_2hz_benchmark_v1,arousal_abs_delta_p4rows_train_q90,future_arousal_delta_p4rows,target_mask_arousal_delta_p4rows,0.16666666600000002,0.9,abs_movement,grouped_video,1,AR_plus_raw_cortical,188154,47063,796,199,18947,4815,0.10069942706506373,0.10230967001678601,519,0.11378085166215897,False,True,False,False,False,0.12942568279546737,0.5663962734605906,0.19677070093677917,0.5473416082615965,0.1272218164110056,0.43406022845275183,0.637443426895863,0.015991692627206646,0.08660436137071652,0.1536863966770509,0.3490640205681746,16428,0.1163158946203309,0.023045465666647637,-0.028755887036897947
again_dense_2hz_benchmark_v1,arousal_abs_delta_p4rows_train_q90,future_arousal_delta_p4rows,target_mask_arousal_delta_p4rows,0.16666666600000002,0.9,abs_movement,grouped_video,1,temporal_diagnostics_only,188154,47063,796,199,18947,4815,0.10069942706506373,0.10230967001678601,53,0.09984756968915462,False,True,False,False,False,0.11093127351543357,0.521042435872403,0.17909903337588912,0.5165188498787656,0.1086283185840708,0.509865005192108,0.5218111892569535,0.011007268951194185,0.06542056074766354,0.12377985462097611,0.48020738159488346,22600,0.11550108517197713,0.021539063720107117,-0.014983972093676159
again_dense_2hz_benchmark_v1,arousal_abs_delta_p4rows_train_q90,future_arousal_delta_p4rows,target_mask_arousal_delta_p4rows,0.16666666600000002,0.9,abs_movement,grouped_video,1,AR_plus_temporal_diagnostics,188154,47063,796,199,18947,4815,0.10069942706506373,0.10230967001678601,60,0.09930621832609177,False,True,False,False,False,0.117762703421588,0.5410149764934463,0.18912233023239608,0.5312595477861721,0.11362304278656954,0.5636552440290759,0.5054926375284193,0.01640706126687435,0.06728971962616823,0.12876427829698858,0.5075324564944861,23886,0.11614562053432156,0.02219296862837795,-0.12508100116804285
again_dense_2hz_benchmark_v1,arousal_abs_delta_p4rows_train_q90,future_arousal_delta_p4rows,target_mask_arousal_delta_p4rows,0.16666666600000002,0.9,abs_movement,grouped_video,1,AR_plus_raw_cortical_plus_temporal_diagnostics,188154,47063,796,199,18947,4815,0.10069942706506373,0.10230967001678601,572,0.11405396312475204,False,True,False,False,False,0.13163851376719907,0.5683109308768302,0.19681127880020816,0.5474393351191589,0.12743536331331945,0.43198338525441327,0.6392707647196312,0.01703011422637591,0.08701973001038421,0.16220145379023884,0.3468117204598092,16322,0.11618453437015368,0.023078310634831255,-0.024669563479580582
again_dense_2hz_benchmark_v1,arousal_abs_delta_p4rows_train_q90,future_arousal_delta_p4rows,target_mask_arousal_delta_p4rows,0.16666666600000002,0.9,abs_movement,grouped_video,1,shuffled_cortical_control,188154,47063,796,199,18947,4815,0.10069942706506373,0.10230967001678601,512,0.096536785364151,False,True,False,False,False,0.10219810446148259,0.49756444073593636,0.1732240102796304,0.4976317655939718,0.10157511391769222,0.5879543094496366,0.4257909610522066,0.009968847352024923,0.05150571131879543,0.10072689511941849,0.5922061917004866,27871,0.11506810730432103,0.021300342877378826,-0.002826190233543051
again_dense_2hz_benchmark_v1,arousal_abs_delta_p4rows_train_q90,future_arousal_delta_p4rows,target_mask_arousal_delta_p4rows,0.16666666600000002,0.9,abs_movement,grouped_video,1,shuffled_temporal_diagnostics_control,188154,47063,796,199,18947,4815,0.10069942706506373,0.10230967001678601,53,0.0931464359164238,False,True,False,False,False,0.10326484390993931,0.5032884473090015,0.18585964628926754,0.5032410955003762,0.1029362434868171,0.9559709241952232,0.14314854556658096,0.011214953271028037,0.051713395638629284,0.10134994807892005,0.9501519240167435,44717,0.11525811548991899,0.02119235794339787,-0.004936180173740322
again_dense_2hz_benchmark_v1,arousal_abs_delta_p4rows_train_q90,future_arousal_delta_p4rows,target_mask_arousal_delta_p4rows,0.16666666600000002,0.9,abs_movement,grouped_video,1,random_matched_feature_control,188154,47063,796,199,18947,4815,0.10069942706506373,0.10230967001678601,512,0.09868801198899746,False,True,False,False,False,0.10134619544197791,0.497093618986775,0.17213008551438197,0.49897243257092616,0.1019687607936447,0.5518172377985462,0.4569406965131845,0.010176531671858774,0.047559709241952235,0.09740394600207684,0.5536621124875167,26057,0.11523140625697426,0.021324878994340282,0.0010108306845553832
again_dense_2hz_benchmark_v1,arousal_abs_delta_p4rows_train_q90,future_arousal_delta_p4rows,target_mask_arousal_delta_p4rows,0.16666666600000002,0.9,abs_movement,grouped_video,1,timestamp_video_time_only_control,188154,47063,796,199,18947,4815,0.10069942706506373,0.10230967001678601,7,0.08815368264913559,False,True,False,False,False,0.1129470915991592,0.5292062342459685,0.1859945630413251,0.5058671729783076,0.1034992260424973,0.9165109034267913,0.17924909164311667,0.014122533748701973,0.06542056074766354,0.11838006230529595,0.9059770945328602,42638,0.11510357105854811,0.021258657127193454,-0.01738418587542737
again_dense_2hz_benchmark_v1,arousal_abs_delta_p4rows_train_q90,future_arousal_delta_p4rows,target_mask_arousal_delta_p4rows,0.16666666600000002,0.9,abs_movement,grouped_video,1,quality_motion_luma_only_control,188154,47063,796,199,18947,4815,0.10069942706506373,0.10230967001678601,10,0.09191858731210231,False,True,False,False,False,0.10660339311670972,0.5117725592225739,0.1860780836015678,0.5080095639592788,0.10400450384295296,0.8824506749740395,0.2101863459617959,0.013707165109034268,0.05628245067497404,0.109865005192108,0.8680704587467862,40854,0.11576629531634662,0.02141308140271633,-0.028125299270956108
again_dense_2hz_benchmark_v1,arousal_abs_delta_p4rows_train_q90,future_arousal_delta_p4rows,target_mask_arousal_delta_p4rows,0.16666666600000002,0.9,abs_movement,grouped_video,2,AR_only,188182,47035,796,199,19067,4695,0.10132212432644992,0.09981928351227809,7,0.09493469446897507,False,True,False,False,False,0.1207733840292702,0.5441326766482398,0.1951274531919693,0.5459806460505578,0.11245084338132535,0.7369542066027689,0.39313277346656744,0.02939297124600639,0.07838125665601704,0.12310969116080937,0.65417242479005,30769,0.11542258643115381,0.020556799426056694,-0.19676306404060728
again_dense_2hz_benchmark_v1,arousal_abs_delta_p4rows_train_q90,future_arousal_delta_p4rows,target_mask_arousal_delta_p4rows,0.16666666600000002,0.9,abs_movement,grouped_video,2,raw_cortical_only,188182,47035,796,199,19067,4695,0.10132212432644992,0.09981928351227809,512,0.11938832104206083,False,True,False,False,False,0.12470790639390239,0.5726203692105543,0.1909471281856219,0.5459826331090221,0.12817332944266122,0.3742279020234292,0.6834484958009992,0.017252396166134186,0.07284345047923323,0.13610223642172525,0.29144254278728604,13708,0.11472276975402629,0.02135076194466165,0.0007409586960161669
again_dense_2hz_benchmark_v1,arousal_abs_delta_p4rows_train_q90,future_arousal_delta_p4rows,target_mask_arousal_delta_p4rows,0.16666666600000002,0.9,abs_movement,grouped_video,2,AR_plus_raw_cortical,188182,47035,796,199,19067,4695,0.10132212432644992,0.09981928351227809,519,0.11994480341672897,False,True,False,False,False,0.12582180720223654,0.576683350411975,0.19159718816413274,0.5467150150689459,0.12873462214411246,0.3744408945686901,0.684596577017115,0.016400425985090523,0.07177848775292865,0.1412140575079872,0.2903369830976932,13656,0.11518797078387709,0.02175336609254074,-0.038808552345107744
again_dense_2hz_benchmark_v1,arousal_abs_delta_p4rows_train_q90,future_arousal_delta_p4rows,target_mask_arousal_delta_p4rows,0.16666666600000002,0.9,abs_movement,grouped_video,2,temporal_diagnostics_only,188182,47035,796,199,19067,4695,0.10132212432644992,0.09981928351227809,53,0.09350263327360153,False,True,False,False,False,0.10993141078307653,0.5337193961555701,0.1843254817987152,0.523718007729909,0.10642927794263106,0.6875399361022364,0.3926012543850324,0.008519701810436636,0.05750798722044728,0.1275825346112886,0.6448389497182949,30330,0.11432331601854609,0.020134314979038823,-0.009755152517119156
again_dense_2hz_benchmark_v1,arousal_abs_delta_p4rows_train_q90,future_arousal_delta_p4rows,target_mask_arousal_delta_p4rows,0.16666666600000002,0.9,abs_movement,grouped_video,2,AR_plus_temporal_diagnostics,188182,47035,796,199,19067,4695,0.10132212432644992,0.09981928351227809,60,0.09684697017073632,False,True,False,False,False,0.11942682193573928,0.5511866184943329,0.19021472693401315,0.5383878567084351,0.1123465369469539,0.6198083067092651,0.47322206867226535,0.012566560170394037,0.07710330138445154,0.14249201277955273,0.5506962899968109,25902,0.11491949166775467,0.020707838091542242,-0.115969697268666
again_dense_2hz_benchmark_v1,arousal_abs_delta_p4rows_train_q90,future_arousal_delta_p4rows,target_mask_arousal_delta_p4rows,0.16666666600000002,0.9,abs_movement,grouped_video,2,AR_plus_raw_cortical_plus_temporal_diagnostics,188182,47035,796,199,19067,4695,0.10132212432644992,0.09981928351227809,572,0.12050313353538512,False,True,False,False,False,0.1249799750087248,0.5738563598195651,0.1920440438279268,0.5471210163879503,0.1286148062463852,0.37891373801916933,0.6817476347400871,0.017252396166134186,0.07326943556975506,0.1380191693290735,0.2940788774316998,13832,0.11544326342239342,0.021887248837264856,-0.03085171588353136
again_dense_2hz_benchmark_v1,arousal_abs_delta_p4rows_train_q90,future_arousal_delta_p4rows,target_mask_arousal_delta_p4rows,0.16666666600000002,0.9,abs_movement,grouped_video,2,shuffled_cortical_control,188182,47035,796,199,19067,4695,0.10132212432644992,0.09981928351227809,512,0.0973089411854744,False,True,False,False,False,0.09871897059774536,0.4995245371537173,0.17101021361212376,0.49923689409179606,0.09959292532285233,0.6044728434504792,0.4150100988625492,0.007028753993610224,0.043663471778487756,0.09222577209797657,0.6058467098968853,28496,0.11521810104845565,0.02023062778566392,-0.008044269624102693
again_dense_2hz_benchmark_v1,arousal_abs_delta_p4rows_train_q90,future_arousal_delta_p4rows,target_mask_arousal_delta_p4rows,0.16666666600000002,0.9,abs_movement,grouped_video,2,shuffled_temporal_diagnostics_control,188182,47035,796,199,19067,4695,0.10132212432644992,0.09981928351227809,53,0.09495794512331486,False,True,False,False,False,0.1001049064952284,0.49910716684198053,0.18033782962692915,0.4990741690951539,0.099644128113879,0.9482428115015974,0.13957691081109813,0.011288604898828542,0.050266240681576146,0.10074547390841321,0.949909641756139,44679,0.11480043971703646,0.019942491539271464,-0.00031233446473856154
again_dense_2hz_benchmark_v1,arousal_abs_delta_p4rows_train_q90,future_arousal_delta_p4rows,target_mask_arousal_delta_p4rows,0.16666666600000002,0.9,abs_movement,grouped_video,2,random_matched_feature_control,188182,47035,796,199,19067,4695,0.10132212432644992,0.09981928351227809,512,0.09089370630681515,False,True,False,False,False,0.09954658315277978,0.4994255288216542,0.17562346329469616,0.49882339728643266,0.09953644455820038,0.7454739084132055,0.30141384075688316,0.010436634717784877,0.047284345047923323,0.09456869009584665,0.7475922185606463,35163,0.1150456967047627,0.020154044537805334,0.0011818778238318688
again_dense_2hz_benchmark_v1,arousal_abs_delta_p4rows_train_q90,future_arousal_delta_p4rows,target_mask_arousal_delta_p4rows,0.16666666600000002,0.9,abs_movement,grouped_video,2,timestamp_video_time_only_control,188182,47035,796,199,19067,4695,0.10132212432644992,0.09981928351227809,7,0.08363299071788788,False,True,False,False,False,0.10881829479662267,0.5251556923188369,0.18240620957309184,0.505015197224356,0.10076601826830739,0.9610223642172524,0.14004464760284893,0.014696485623003195,0.05516506922257721,0.11160809371671991,0.9519931965557563,44777,0.11491456831546759,0.020137065280434803,-0.03792401406169728
again_dense_2hz_benchmark_v1,arousal_abs_delta_p4rows_train_q90,future_arousal_delta_p4rows,target_mask_arousal_delta_p4rows,0.16666666600000002,0.9,abs_movement,grouped_video,2,quality_motion_luma_only_control,188182,47035,796,199,19067,4695,0.10132212432644992,0.09981928351227809,10,0.09463382735848427,False,True,False,False,False,0.10724907670290132,0.5154098069132531,0.18004931629679444,0.5037518556359266,0.1006138043342102,0.8553780617678381,0.22232380142447114,0.012140575079872205,0.065814696485623,0.12140575079872204,0.8486233655788242,39915,0.1147939378939529,0.02003456995671973,-0.033706936662333396
again_dense_2hz_benchmark_v1,arousal_abs_delta_p4rows_train_q90,future_arousal_delta_p4rows,target_mask_arousal_delta_p4rows,0.16666666600000002,0.9,abs_movement,grouped_video,3,AR_only,188189,47028,796,199,18894,4868,0.10039906689551462,0.1035128008845794,7,0.09470435380935668,False,True,False,False,False,0.12741595783649273,0.555566522123335,0.2048447789275635,0.5534828387845185,0.11952792644435296,0.7156943303204601,0.424853278897678,0.024239934264585046,0.08401807723911257,0.12736236647493837,0.619800969635111,29148,0.11407140046366485,0.020477476684425826,-0.1891433952233514
again_dense_2hz_benchmark_v1,arousal_abs_delta_p4rows_train_q90,future_arousal_delta_p4rows,target_mask_arousal_delta_p4rows,0.16666666600000002,0.9,abs_movement,grouped_video,3,raw_cortical_only,188189,47028,796,199,18894,4868,0.10039906689551462,0.1035128008845794,512,0.11874176114797592,False,True,False,False,False,0.1189602467688656,0.5396064645541732,0.1772044380740033,0.5255527715366901,0.11947884601617868,0.34285127362366474,0.6704303819001446,0.01705012325390304,0.0686113393590797,0.12838948233360722,0.2970358084545377,13969,0.11529902352121972,0.021607082174551845,0.004059675970198292
again_dense_2hz_benchmark_v1,arousal_abs_delta_p4rows_train_q90,future_arousal_delta_p4rows,target_mask_arousal_delta_p4rows,0.16666666600000002,0.9,abs_movement,grouped_video,3,AR_plus_raw_cortical,188189,47028,796,199,18894,4868,0.10039906689551462,0.1035128008845794,519,0.11927620470523835,False,True,False,False,False,0.12034133989986484,0.5448323769331997,0.17829457364341086,0.526734061968414,0.12022053558642418,0.34490550534100245,0.670919452241218,0.01602300739523418,0.07128184059161874,0.12900575184880855,0.29697201667091944,13966,0.11551080311258816,0.021938391642276282,-0.032692115114782275
again_dense_2hz_benchmark_v1,arousal_abs_delta_p4rows_train_q90,future_arousal_delta_p4rows,target_mask_arousal_delta_p4rows,0.16666666600000002,0.9,abs_movement,grouped_video,3,temporal_diagnostics_only,188189,47028,796,199,18894,4868,0.10039906689551462,0.1035128008845794,53,0.09651003032922745,False,True,False,False,False,0.09964071797597435,0.4871222645000694,0.1571672031812157,0.4823153452278677,0.09634582346659237,0.426253081347576,0.5267712851918006,0.005341002465078061,0.04683648315529992,0.09798685291700904,0.4579612145955601,21537,0.1128708494349375,0.020022988018678006,-0.007298751350298379
again_dense_2hz_benchmark_v1,arousal_abs_delta_p4rows_train_q90,future_arousal_delta_p4rows,target_mask_arousal_delta_p4rows,0.16666666600000002,0.9,abs_movement,grouped_video,3,AR_plus_temporal_diagnostics,188189,47028,796,199,18894,4868,0.10039906689551462,0.1035128008845794,60,0.097539022564888,False,True,False,False,False,0.10765838326738797,0.513234619281089,0.17565756728818102,0.5107982717167765,0.10794786127711638,0.471240755957272,0.5421663689716765,0.01191454396055875,0.05012325390304026,0.10949055053410024,0.4518797312239517,21251,0.1130923590307642,0.020544427607522075,-0.09630265360313695
again_dense_2hz_benchmark_v1,arousal_abs_delta_p4rows_train_q90,future_arousal_delta_p4rows,target_mask_arousal_delta_p4rows,0.16666666600000002,0.9,abs_movement,grouped_video,3,AR_plus_raw_cortical_plus_temporal_diagnostics,188189,47028,796,199,18894,4868,0.10039906689551462,0.1035128008845794,572,0.11358691453933716,False,True,False,False,False,0.12138808085422861,0.5499532852310485,0.18709981167608286,0.5334878262408417,0.12136574639628635,0.4081758422350041,0.6328570213489836,0.015817584223500412,0.0714872637633525,0.13044371405094496,0.34813302713277194,16372,0.11561095590439426,0.0220281195311477,-0.029496446860834368
again_dense_2hz_benchmark_v1,arousal_abs_delta_p4rows_train_q90,future_arousal_delta_p4rows,target_mask_arousal_delta_p4rows,0.16666666600000002,0.9,abs_movement,grouped_video,3,shuffled_cortical_control,188189,47028,796,199,18894,4868,0.10039906689551462,0.1035128008845794,512,0.09480897486209869,False,True,False,False,False,0.10498006194143723,0.5059751953469118,0.18069362855851784,0.5043215168883574,0.10474787164374591,0.6571487263763353,0.3831334524113294,0.011298274445357435,0.049506984387838945,0.10004108463434676,0.6494003572339883,30540,0.11401358047952115,0.020164966665380882,0.004762081819692401
again_dense_2hz_benchmark_v1,arousal_abs_delta_p4rows_train_q90,future_arousal_delta_p4rows,target_mask_arousal_delta_p4rows,0.16666666600000002,0.9,abs_movement,grouped_video,3,shuffled_temporal_diagnostics_control,188189,47028,796,199,18894,4868,0.10039906689551462,0.1035128008845794,53,0.09275869727134704,False,True,False,False,False,0.10198608135569999,0.49553971040400147,0.1871956717763751,0.5010419086658174,0.1037147234496081,0.959531635168447,0.13747129369737177,0.011503697617091208,0.0462202136400986,0.09675431388660641,0.9576635196053415,45037,0.11392483932521275,0.020020682823732577,0.004169316435450261
again_dense_2hz_benchmark_v1,arousal_abs_delta_p4rows_train_q90,future_arousal_delta_p4rows,target_mask_arousal_delta_p4rows,0.16666666600000002,0.9,abs_movement,grouped_video,3,random_matched_feature_control,188189,47028,796,199,18894,4868,0.10039906689551462,0.1035128008845794,512,0.09408120810985565,False,True,False,False,False,0.1043695381903317,0.5052926943997044,0.1819665213110142,0.5067067449743435,0.10542099944583891,0.6643385373870172,0.3817087692438547,0.008216926869350863,0.051972062448644205,0.1004519309778143,0.6523135153525559,30677,0.11415273872129328,0.020231079074681795,0.004284989353897286
again_dense_2hz_benchmark_v1,arousal_abs_delta_p4rows_train_q90,future_arousal_delta_p4rows,target_mask_arousal_delta_p4rows,0.16666666600000002,0.9,abs_movement,grouped_video,3,timestamp_video_time_only_control,188189,47028,796,199,18894,4868,0.10039906689551462,0.1035128008845794,7,0.08446122705936432,False,True,False,False,False,0.12469758965494582,0.5408308178414898,0.18798343936180956,0.5037194359945054,0.10423992653481758,0.9560394412489729,0.14504125202007315,0.016433853738701727,0.07888249794576828,0.14276910435497125,0.9493705877349664,44647,0.11377960992024286,0.0201357028564086,-0.036552162212895714
again_dense_2hz_benchmark_v1,arousal_abs_delta_p4rows_train_q90,future_arousal_delta_p4rows,target_mask_arousal_delta_p4rows,0.16666666600000002,0.9,abs_movement,grouped_video,3,quality_motion_luma_only_control,188189,47028,796,199,18894,4868,0.10039906689551462,0.1035128008845794,10,0.09124544262886047,False,True,False,False,False,0.11210615394488574,0.5317654240838594,0.18869351484212515,0.5077435765304611,0.10509442351344395,0.9225554642563681,0.1788083694820107,0.00657354149548069,0.06388660640920296,0.12017255546425637,0.9086714297865102,42733,0.11396136670028226,0.020112850751785413,-0.034888784925986065
again_dense_2hz_benchmark_v1,arousal_abs_delta_p4rows_train_q90,future_arousal_delta_p4rows,target_mask_arousal_delta_p4rows,0.16666666600000002,0.9,abs_movement,grouped_video,4,AR_only,188170,47047,796,199,19174,4588,0.10189722059839507,0.09751950177482092,7,0.09466271139681338,False,True,False,False,False,0.10658707675099034,0.5264482492808643,0.18770153306556542,0.53836599800581,0.10784632386400572,0.7231909328683522,0.3895891342699853,0.023321708805579773,0.06299040976460331,0.09612031386224934,0.6539418028779731,30766,0.11648511926133874,0.021083862432844158,-0.1974701294622629
again_dense_2hz_benchmark_v1,arousal_abs_delta_p4rows_train_q90,future_arousal_delta_p4rows,target_mask_arousal_delta_p4rows,0.16666666600000002,0.9,abs_movement,grouped_video,4,raw_cortical_only,188170,47047,796,199,19174,4588,0.10189722059839507,0.09751950177482092,512,0.12026870548725128,False,True,False,False,False,0.12276361723795638,0.5633933062621383,0.18314941687150255,0.5403022086664333,0.12048441478015551,0.38164777680906714,0.6680128382256042,0.01918047079337402,0.08347863993025284,0.1506102877070619,0.3089038620953515,14533,0.1167796810139918,0.021993452878374814,-0.006388274723936129
again_dense_2hz_benchmark_v1,arousal_abs_delta_p4rows_train_q90,future_arousal_delta_p4rows,target_mask_arousal_delta_p4rows,0.16666666600000002,0.9,abs_movement,grouped_video,4,AR_plus_raw_cortical,188170,47047,796,199,19174,4588,0.10189722059839507,0.09751950177482092,519,0.12078424841165539,False,True,False,False,False,0.12283112964456283,0.566958179235754,0.18387817680993712,0.5410626889599204,0.12072613116767897,0.3855710549258936,0.666227389631645,0.017000871839581516,0.08500435919790758,0.15213600697471666,0.3114545029438646,14653,0.11771440120373063,0.022516489503830082,-0.049552866769161666
again_dense_2hz_benchmark_v1,arousal_abs_delta_p4rows_train_q90,future_arousal_delta_p4rows,target_mask_arousal_delta_p4rows,0.16666666600000002,0.9,abs_movement,grouped_video,4,temporal_diagnostics_only,188170,47047,796,199,19174,4588,0.10189722059839507,0.09751950177482092,53,0.09780818074941634,False,True,False,False,False,0.11381679011958959,0.5307506843927368,0.1741193429232109,0.5119690444279669,0.10097175298666017,0.6318657367044463,0.41545688354198995,0.017218831734960766,0.06778552746294682,0.1379686137750654,0.6102620783471847,28711,0.11650027622682876,0.020893468238133227,-0.02938522805721212
again_dense_2hz_benchmark_v1,arousal_abs_delta_p4rows_train_q90,future_arousal_delta_p4rows,target_mask_arousal_delta_p4rows,0.16666666600000002,0.9,abs_movement,grouped_video,4,AR_plus_temporal_diagnostics,188170,47047,796,199,19174,4588,0.10189722059839507,0.09751950177482092,60,0.09590169787406921,False,True,False,False,False,0.11500409133209702,0.5422227521280953,0.18041327635661183,0.5238575454903693,0.104199066874028,0.6717523975588492,0.40480795799944735,0.016346992153443766,0.06843940714908457,0.13775065387968613,0.6286904584776926,29578,0.11776597681889095,0.0216833975528705,-0.13679743775885764
again_dense_2hz_benchmark_v1,arousal_abs_delta_p4rows_train_q90,future_arousal_delta_p4rows,target_mask_arousal_delta_p4rows,0.16666666600000002,0.9,abs_movement,grouped_video,4,AR_plus_raw_cortical_plus_temporal_diagnostics,188170,47047,796,199,19174,4588,0.10189722059839507,0.09751950177482092,572,0.11549438387155533,False,True,False,False,False,0.1235297739831134,0.5688337308346061,0.18875372963047968,0.5457613522562708,0.11955573646566262,0.44812554489973844,0.6243543690352201,0.018526591107236267,0.08565823888404533,0.14821272885789014,0.36552808893234423,17197,0.1181757455424082,0.022738517597011277,-0.04899896116108727
again_dense_2hz_benchmark_v1,arousal_abs_delta_p4rows_train_q90,future_arousal_delta_p4rows,target_mask_arousal_delta_p4rows,0.16666666600000002,0.9,abs_movement,grouped_video,4,shuffled_cortical_control,188170,47047,796,199,19174,4588,0.10189722059839507,0.09751950177482092,512,0.09788642972707748,False,True,False,False,False,0.09776466251253754,0.4978987575746954,0.16755327233486336,0.4994349130859571,0.09735419831149104,0.6006974716652136,0.417922503028886,0.011769834350479512,0.054272013949433304,0.10047951176983436,0.6017174315046655,28309,0.11540579278293517,0.0204413117697262,0.0035079353008382747
again_dense_2hz_benchmark_v1,arousal_abs_delta_p4rows_train_q90,future_arousal_delta_p4rows,target_mask_arousal_delta_p4rows,0.16666666600000002,0.9,abs_movement,grouped_video,4,shuffled_temporal_diagnostics_control,188170,47047,796,199,19174,4588,0.10189722059839507,0.09751950177482092,53,0.09440043978393078,False,True,False,False,False,0.09845067326033463,0.5021817267565347,0.17698112444111755,0.5001362153094489,0.09754465779086104,0.9533565823888405,0.13531149701362466,0.01024411508282476,0.05056669572798605,0.10309503051438536,0.9531107190681659,44841,0.11502041678564821,0.02022726828146345,0.0008562973459449194
again_dense_2hz_benchmark_v1,arousal_abs_delta_p4rows_train_q90,future_arousal_delta_p4rows,target_mask_arousal_delta_p4rows,0.16666666600000002,0.9,abs_movement,grouped_video,4,random_matched_feature_control,188170,47047,796,199,19174,4588,0.10189722059839507,0.09751950177482092,512,0.09593586549162865,False,True,False,False,False,0.09902587660462056,0.5042677845243926,0.1717620267577569,0.5046562766443767,0.09878200510772052,0.6575850043591979,0.3815546155971688,0.011333914559721011,0.05013077593722755,0.10265911072362685,0.6491806066274152,30542,0.11540926310849892,0.02046812436306275,0.001814636759969994
again_dense_2hz_benchmark_v1,arousal_abs_delta_p4rows_train_q90,future_arousal_delta_p4rows,target_mask_arousal_delta_p4rows,0.16666666600000002,0.9,abs_movement,grouped_video,4,timestamp_video_time_only_control,188170,47047,796,199,19174,4588,0.10189722059839507,0.09751950177482092,7,0.08891331404447556,False,True,False,False,False,0.10147604814924392,0.5063732337876883,0.1735784523300556,0.49644437488317616,0.0967806689584222,0.840671316477768,0.21935511297213425,0.011551874455100261,0.058195292066259806,0.11290322580645161,0.8470890811316343,39853,0.11542341894297035,0.020492815911921793,-0.03955860782209854
again_dense_2hz_benchmark_v1,arousal_abs_delta_p4rows_train_q90,future_arousal_delta_p4rows,target_mask_arousal_delta_p4rows,0.16666666600000002,0.9,abs_movement,grouped_video,4,quality_motion_luma_only_control,188170,47047,796,199,19174,4588,0.10189722059839507,0.09751950177482092,10,0.09275574833154679,False,True,False,False,False,0.10157807498318838,0.4919288566252734,0.17323100685394344,0.49946884242787537,0.0974001302648719,0.782258064516129,0.2718345484302931,0.01983435047951177,0.06560592850915431,0.10701830863121185,0.7832167832167832,36848,0.11498336984153693,0.0202962949750327,-0.025056333465131166
again_dense_2hz_benchmark_v1,arousal_abs_delta_p4rows_train_q90,future_arousal_delta_p4rows,target_mask_arousal_delta_p4rows,0.16666666600000002,0.9,abs_movement,grouped_video,5,AR_only,188173,47044,796,199,18966,4796,0.10079023026682893,0.10194711334070232,7,0.09385422170162201,False,True,False,False,False,0.11368725807911591,0.5356604791730596,0.19648085816709082,0.5410355158523033,0.11308155101269411,0.7485404503753128,0.3758396394864382,0.020016680567139282,0.06150959132610509,0.09070058381984987,0.6748363234418842,31747,0.11441832949132004,0.01997231960404902,-0.18607733112881525
again_dense_2hz_benchmark_v1,arousal_abs_delta_p4rows_train_q90,future_arousal_delta_p4rows,target_mask_arousal_delta_p4rows,0.16666666600000002,0.9,abs_movement,grouped_video,5,raw_cortical_only,188173,47044,796,199,18966,4796,0.10079023026682893,0.10194711334070232,512,0.118822480738163,False,True,False,False,False,0.1278253765719664,0.5702941764179232,0.1943482977734153,0.54603464210455,0.12918068813955086,0.3922018348623853,0.6685018280758439,0.0158465387823186,0.07756463719766472,0.1482485404503753,0.30951874840574783,14561,0.11474083210639231,0.02105082403056756,-0.003445258091943935
again_dense_2hz_benchmark_v1,arousal_abs_delta_p4rows_train_q90,future_arousal_delta_p4rows,target_mask_arousal_delta_p4rows,0.16666666600000002,0.9,abs_movement,grouped_video,5,AR_plus_raw_cortical,188173,47044,796,199,18966,4796,0.10079023026682893,0.10194711334070232,519,0.1193288579583168,False,True,False,False,False,0.12882048110833827,0.5755111745151825,0.19817685533295565,0.5503163515673526,0.1315915464058546,0.4011676396997498,0.669054502168183,0.01626355296080067,0.07839866555462886,0.1469974979149291,0.31079415015729955,14621,0.1155753119723668,0.021475157829671063,-0.03919899638953325
again_dense_2hz_benchmark_v1,arousal_abs_delta_p4rows_train_q90,future_arousal_delta_p4rows,target_mask_arousal_delta_p4rows,0.16666666600000002,0.9,abs_movement,grouped_video,5,temporal_diagnostics_only,188173,47044,796,199,18966,4796,0.10079023026682893,0.10194711334070232,53,0.0963744804263115,False,True,False,False,False,0.12011562762191118,0.5524066637618074,0.19133396652801887,0.5344999872866346,0.11349419124218052,0.6090492076730609,0.47515092254060026,0.011467889908256881,0.07110091743119266,0.14845704753961636,0.5470835813281184,25737,0.11365027413497265,0.019655118735670104,-0.02274520341114632
again_dense_2hz_benchmark_v1,arousal_abs_delta_p4rows_train_q90,future_arousal_delta_p4rows,target_mask_arousal_delta_p4rows,0.16666666600000002,0.9,abs_movement,grouped_video,5,AR_plus_temporal_diagnostics,188173,47044,796,199,18966,4796,0.10079023026682893,0.10194711334070232,60,0.09157042652368545,False,True,False,False,False,0.12551100201593485,0.5608081452084274,0.19511785923999664,0.5385417912010562,0.11266832434527077,0.7274812343619683,0.38812600969305333,0.021684737281067557,0.07443703085904921,0.13761467889908258,0.6582561006717116,30967,0.11484308094079068,0.020358123522483177,-0.12796767351455993
again_dense_2hz_benchmark_v1,arousal_abs_delta_p4rows_train_q90,future_arousal_delta_p4rows,target_mask_arousal_delta_p4rows,0.16666666600000002,0.9,abs_movement,grouped_video,5,AR_plus_raw_cortical_plus_temporal_diagnostics,188173,47044,796,199,18966,4796,0.10079023026682893,0.10194711334070232,572,0.11970429867506026,False,True,False,False,False,0.129400145637767,0.5752764189655616,0.19998965392374943,0.5523789470459114,0.13298933608531133,0.4030442035029191,0.6712651985375393,0.0164720600500417,0.07881567973311093,0.14678899082568808,0.3089660743134087,14535,0.11544247820661574,0.021500719889334847,-0.037793004661960596
again_dense_2hz_benchmark_v1,arousal_abs_delta_p4rows_train_q90,future_arousal_delta_p4rows,target_mask_arousal_delta_p4rows,0.16666666600000002,0.9,abs_movement,grouped_video,5,shuffled_cortical_control,188173,47044,796,199,18966,4796,0.10079023026682893,0.10194711334070232,512,0.09319028407335281,False,True,False,False,False,0.09997217301357439,0.4947882012546276,0.17780590049829945,0.49932509599380537,0.10177164760208855,0.7030859049207673,0.33710993963098373,0.009382819015846538,0.04628857381150959,0.09570475396163469,0.7042981039027294,33133,0.11385147671495684,0.019545606951109375,0.003067169669092046
again_dense_2hz_benchmark_v1,arousal_abs_delta_p4rows_train_q90,future_arousal_delta_p4rows,target_mask_arousal_delta_p4rows,0.16666666600000002,0.9,abs_movement,grouped_video,5,shuffled_temporal_diagnostics_control,188173,47044,796,199,18966,4796,0.10079023026682893,0.10194711334070232,53,0.09420575052499772,False,True,False,False,False,0.10104706548623718,0.4978070036903504,0.18403865984592677,0.4997608544897684,0.1019009874387049,0.9489157631359466,0.14218603860215967,0.0079232693911593,0.0475396163469558,0.09924937447873228,0.9493452937675367,44661,0.11345993646417717,0.019306210703892088,0.003470086270987856
again_dense_2hz_benchmark_v1,arousal_abs_delta_p4rows_train_q90,future_arousal_delta_p4rows,target_mask_arousal_delta_p4rows,0.16666666600000002,0.9,abs_movement,grouped_video,5,random_matched_feature_control,188173,47044,796,199,18966,4796,0.10079023026682893,0.10194711334070232,512,0.09226774871349334,False,True,False,False,False,0.10182053461382912,0.4990079947524597,0.17786728853084588,0.49975181299697613,0.10188221007893139,0.6997497914929107,0.34053226766431427,0.009174311926605505,0.04774812343619683,0.09862385321100918,0.7001955616019045,32940,0.11361255405367134,0.019520209997630728,0.0033984995216210776
again_dense_2hz_benchmark_v1,arousal_abs_delta_p4rows_train_q90,future_arousal_delta_p4rows,target_mask_arousal_delta_p4rows,0.16666666600000002,0.9,abs_movement,grouped_video,5,timestamp_video_time_only_control,188173,47044,796,199,18966,4796,0.10079023026682893,0.10194711334070232,7,0.08675795048475266,False,True,False,False,False,0.11611641414045822,0.5271071949120006,0.18602285011764208,0.5078219671635092,0.10353696231801987,0.9149291075896581,0.18372162231102798,0.018765638031693076,0.06797331109257715,0.12718932443703085,0.9008800272085707,42381,0.11347997725098787,0.019461475887516094,-0.034622468935080614
again_dense_2hz_benchmark_v1,arousal_abs_delta_p4rows_train_q90,future_arousal_delta_p4rows,target_mask_arousal_delta_p4rows,0.16666666600000002,0.9,abs_movement,grouped_video,5,quality_motion_luma_only_control,188173,47044,796,199,18966,4796,0.10079023026682893,0.10194711334070232,10,0.09326572269201279,False,True,False,False,False,0.10577663233269233,0.5074396457653675,0.1829709271491249,0.5063811717269283,0.1034454560322739,0.7912844036697247,0.27956806394014116,0.011676396997497914,0.05963302752293578,0.12010008340283569,0.7798231442904515,36686,0.11346170068364975,0.019493568728606456,-0.02945371889205533
again_dense_2hz_benchmark_v1,arousal_abs_delta_p4rows_train_q90,future_arousal_delta_p4rows,target_mask_arousal_delta_p4rows,0.15858729496357507,0.9,abs_movement,blocked_temporal_70_30,1,AR_only,164112,71105,995,995,16412,8671,0.10000487471970362,0.12194641727023416,7,0.09123324602842331,False,True,False,False,False,0.1159705042782493,0.45895758551638305,0.21126018653363493,0.5002787074161732,0.12202237136465324,0.786299158113251,0.28401659517614797,0.022027447814554263,0.05362703263752739,0.08695652173913043,0.7858097180226425,55875,0.13053718225073788,0.026233559583346198,-0.15027497993995562
again_dense_2hz_benchmark_v1,arousal_abs_delta_p4rows_train_q90,future_arousal_delta_p4rows,target_mask_arousal_delta_p4rows,0.15858729496357507,0.9,abs_movement,blocked_temporal_70_30,1,raw_cortical_only,164112,71105,995,995,16412,8671,0.10000487471970362,0.12194641727023416,512,0.12374944239854813,False,True,False,False,False,0.1350216911564397,0.5284242210287269,0.20565357617150445,0.5164942191871235,0.1294444278592113,0.5000576634759544,0.5289220167358132,0.01637642717102987,0.06239188098258563,0.11901741436973821,0.4710920469727867,33497,0.14667247113688703,0.035074621259650475,0.005798598162748198
again_dense_2hz_benchmark_v1,arousal_abs_delta_p4rows_train_q90,future_arousal_delta_p4rows,target_mask_arousal_delta_p4rows,0.15858729496357507,0.9,abs_movement,blocked_temporal_70_30,1,AR_plus_raw_cortical,164112,71105,995,995,16412,8671,0.10000487471970362,0.12194641727023416,519,0.11450913846492769,False,True,False,False,False,0.1303048112995315,0.5198650545359939,0.2054018300077169,0.512117629338482,0.1269763384581834,0.5371929419905432,0.4931580057661205,0.013839234229039326,0.05812478376196517,0.1131357398223965,0.5159130862808523,36684,0.15122912440429576,0.03727053867535222,-0.025891240653716792
again_dense_2hz_benchmark_v1,arousal_abs_delta_p4rows_train_q90,future_arousal_delta_p4rows,target_mask_arousal_delta_p4rows,0.15858729496357507,0.9,abs_movement,blocked_temporal_70_30,1,temporal_diagnostics_only,164112,71105,995,995,16412,8671,0.10000487471970362,0.12194641727023416,53,0.0981537438929081,False,True,False,False,False,0.1344789390017548,0.5265589266324748,0.21132670230666015,0.5192347277414836,0.1295977011494253,0.5721370084188675,0.4792349342521623,0.013377926421404682,0.06954215200092262,0.1254757236766232,0.5383587652063849,38280,0.11939802520332093,0.02283410447116393,-0.010002217264788733
again_dense_2hz_benchmark_v1,arousal_abs_delta_p4rows_train_q90,future_arousal_delta_p4rows,target_mask_arousal_delta_p4rows,0.15858729496357507,0.9,abs_movement,blocked_temporal_70_30,1,AR_plus_temporal_diagnostics,164112,71105,995,995,16412,8671,0.10000487471970362,0.12194641727023416,60,0.09834675118327141,False,True,False,False,False,0.11984723992435942,0.4825258268256593,0.20155640650090878,0.4906624929543404,0.1189841243385141,0.6586322223503632,0.363659376977709,0.015915119363395226,0.056394879483335256,0.09929650559335716,0.6750298853807749,47998,0.1297736280952791,0.026265568852764674,-0.12850978407445487
again_dense_2hz_benchmark_v1,arousal_abs_delta_p4rows_train_q90,future_arousal_delta_p4rows,target_mask_arousal_delta_p4rows,0.15858729496357507,0.9,abs_movement,blocked_temporal_70_30,1,AR_plus_raw_cortical_plus_temporal_diagnostics,164112,71105,995,995,16412,8671,0.10000487471970362,0.12194641727023416,572,0.12102034091949462,False,True,False,False,False,0.1314021252776515,0.5232535203120753,0.2046986236355007,0.5152080015248264,0.12886551734440826,0.4974051435820551,0.528668869981014,0.012109329950409411,0.060431322800138396,0.11475031714911775,0.4706982631319879,33469,0.14840436437441912,0.03630974312330817,-0.025954749058469662
again_dense_2hz_benchmark_v1,arousal_abs_delta_p4rows_train_q90,future_arousal_delta_p4rows,target_mask_arousal_delta_p4rows,0.15858729496357507,0.9,abs_movement,blocked_temporal_70_30,1,shuffled_cortical_control,164112,71105,995,995,16412,8671,0.10000487471970362,0.12194641727023416,512,0.09441328197717666,False,True,False,False,False,0.12116919494248155,0.49987280213390284,0.19457257252569715,0.5002750241355551,0.1220694517891768,0.4791834851804867,0.5162224878700513,0.008880175296966901,0.047399377234459694,0.09675931265136663,0.4787005133253639,34038,0.11735315764286125,0.023029507623010887,-0.0065067466907654985
again_dense_2hz_benchmark_v1,arousal_abs_delta_p4rows_train_q90,future_arousal_delta_p4rows,target_mask_arousal_delta_p4rows,0.15858729496357507,0.9,abs_movement,blocked_temporal_70_30,1,shuffled_temporal_diagnostics_control,164112,71105,995,995,16412,8671,0.10000487471970362,0.12194641727023416,53,0.09244464449584484,False,True,False,False,False,0.12155810087252349,0.5000277566781378,0.2163020095492943,0.5003736941250903,0.12203063716421224,0.9508707184869104,0.15974966598692075,0.009456810056510206,0.049936570176450236,0.09975781340099181,0.9502144715561494,67565,0.11916887543616932,0.022582165164263753,-0.0007475437109259242
again_dense_2hz_benchmark_v1,arousal_abs_delta_p4rows_train_q90,future_arousal_delta_p4rows,target_mask_arousal_delta_p4rows,0.15858729496357507,0.9,abs_movement,blocked_temporal_70_30,1,random_matched_feature_control,164112,71105,995,995,16412,8671,0.10000487471970362,0.12194641727023416,512,0.09798996597528457,False,True,False,False,False,0.12052919783310004,0.49646119578713827,0.1980335017505608,0.49761448193086155,0.12101568104950292,0.5446891938646061,0.46202095492581396,0.00980279091223619,0.04613078076346442,0.09756660131472725,0.5488784192391534,39028,0.11912065183144427,0.022701504778340414,0.004685776256642896
again_dense_2hz_benchmark_v1,arousal_abs_delta_p4rows_train_q90,future_arousal_delta_p4rows,target_mask_arousal_delta_p4rows,0.15858729496357507,0.9,abs_movement,blocked_temporal_70_30,1,timestamp_video_time_only_control,164112,71105,995,995,16412,8671,0.10000487471970362,0.12194641727023416,7,0.09540921449661255,False,True,False,False,False,0.1252163462785046,0.49517911858296826,0.20819262127142474,0.4864799541774769,0.11863123993558776,0.849613654711106,0.21191196118416428,0.014761849844308615,0.05143582055126283,0.10148771767962173,0.87335630405738,62100,0.12166138543640491,0.02334567039949342,0.003890979941610434
again_dense_2hz_benchmark_v1,arousal_abs_delta_p4rows_train_q90,future_arousal_delta_p4rows,target_mask_arousal_delta_p4rows,0.15858729496357507,0.9,abs_movement,blocked_temporal_70_30,1,quality_motion_luma_only_control,164112,71105,995,995,16412,8671,0.10000487471970362,0.12194641727023416,10,0.08814815804362297,False,True,False,False,False,0.12459927962505297,0.5071754859742428,0.2195554420755493,0.513104230409603,0.1251738750687413,0.8925152808211279,0.22622881653892132,0.01107138738323146,0.056279552531426594,0.10644677661169415,0.8695028479009915,61826,0.11967624990222712,0.02279625023661549,-0.026645137553442822
