benchmark_mode,representation_name,feature_name,split,target,threshold,task_type,canonical_prediction_key,lane,is_control,train_rows,test_rows,train_videos,test_videos,computed_fresh,ridge_only,f1,balanced_accuracy,precision,recall,accuracy,tp,fp,fn,tn,decision_threshold,pr_auc,positive_class_rate,event_count,top_1pct_recall,top_5pct_recall,top_10pct_recall,top_event_count_recall
existing_suite_with_frozen_tensor_adapter,pca_sequence_128_causal_past_2s_mean,PCA128,blocked,arousal__future_spike_1_3s,0.05,binary,mean_train,mean_train,True,5989,2956,124,124,True,True,0.23416965352449226,0.5,0.13261163734776726,1.0,0.13261163734776726,392.0,2564.0,0.0,0.0,0.17398564034062447,0.1672412833758784,0.13261163734776726,392.0,0.015306122448979591,0.07397959183673469,0.14030612244897958,0.20153061224489796
existing_suite_with_frozen_tensor_adapter,pca_sequence_128_causal_past_2s_mean,PCA128,blocked,arousal__future_spike_1_3s,0.05,binary,time_ridge,time_ridge,True,5989,2956,124,124,True,True,0.17860300618921307,0.5044115540131809,0.13667117726657646,0.2576530612244898,0.685723951285521,101.0,638.0,291.0,1926.0,0.15519250593113548,0.12903577286525997,0.13261163734776726,392.0,0.00510204081632653,0.04336734693877551,0.11224489795918367,0.14285714285714285
existing_suite_with_frozen_tensor_adapter,pca_sequence_128_causal_past_2s_mean,PCA128,blocked,arousal__future_spike_1_3s,0.05,binary,autoregressive,AR_only,False,5989,2956,124,124,True,True,0.2802428771602055,0.6000867585723837,0.17152658662092624,0.7653061224489796,0.4786874154262517,300.0,1449.0,92.0,1115.0,0.20632346950364092,0.3413433554377356,0.13261163734776726,392.0,0.058673469387755105,0.17857142857142858,0.3010204081632653,0.375
existing_suite_with_frozen_tensor_adapter,pca_sequence_128_causal_past_2s_mean,PCA128,blocked,arousal__future_spike_1_3s,0.05,binary,PCA128,PCA128_only,False,5989,2956,124,124,True,True,0.3071090047393365,0.6089337451049063,0.24434389140271492,0.413265306122449,0.7527063599458728,162.0,501.0,230.0,2063.0,0.25782726622179064,0.2355396209298257,0.13261163734776726,392.0,0.03826530612244898,0.11224489795918367,0.20153061224489796,0.2653061224489796
existing_suite_with_frozen_tensor_adapter,pca_sequence_128_causal_past_2s_mean,PCA128,blocked,arousal__future_spike_1_3s,0.05,binary,shuffled_PCA128,shuffled_PCA128,True,5989,2956,124,124,True,True,0.222509702457956,0.5278900951956446,0.14904679376083188,0.4387755102040816,0.5933694181326117,172.0,982.0,220.0,1582.0,0.1750864872925551,0.14908805540728087,0.13261163734776726,392.0,0.017857142857142856,0.0663265306122449,0.12755102040816327,0.16581632653061223
existing_suite_with_frozen_tensor_adapter,pca_sequence_128_causal_past_2s_mean,PCA128,blocked,arousal__future_spike_1_3s,0.05,binary,random_gaussian_PCA128,random_gaussian_PCA128,True,5989,2956,124,124,True,True,0.22685571309424524,0.5087952497691745,0.13559322033898305,0.6938775510204082,0.37280108254397837,272.0,1734.0,120.0,830.0,0.1483481079144061,0.13315222867169005,0.13261163734776726,392.0,0.012755102040816327,0.05357142857142857,0.09438775510204081,0.13010204081632654
existing_suite_with_frozen_tensor_adapter,pca_sequence_128_causal_past_2s_mean,PCA128,blocked,arousal__future_spike_1_3s,0.05,binary,autoregressive_plus_PCA128,AR_plus_PCA128,False,5989,2956,124,124,True,True,0.3627760252365931,0.6673923079372155,0.2625570776255708,0.5867346938775511,0.7266576454668471,230.0,646.0,162.0,1918.0,0.28746982284902284,0.3746780166177827,0.13261163734776726,392.0,0.0663265306122449,0.21173469387755103,0.3137755102040816,0.3903061224489796
existing_suite_with_frozen_tensor_adapter,pca_sequence_128_causal_past_2s_mean,PCA128,blocked,arousal__future_spike_1_3s,0.05,binary,autoregressive_plus_shuffled_PCA128,AR_plus_shuffled_PCA128,True,5989,2956,124,124,True,True,0.3534057255676209,0.6421228787927027,0.2882447665056361,0.45663265306122447,0.7784167794316644,179.0,442.0,213.0,2122.0,0.21870433489992158,0.33444570591629025,0.13261163734776726,392.0,0.0663265306122449,0.1760204081632653,0.29846938775510207,0.35714285714285715
existing_suite_with_frozen_tensor_adapter,pca_sequence_128_causal_past_2s_mean,PCA128,blocked,arousal__future_spike_1_3s,0.05,binary,autoregressive_plus_random_gaussian_PCA128,AR_plus_random_PCA128,True,5989,2956,124,124,True,True,0.3272058823529412,0.6508186347862077,0.2153225806451613,0.6811224489795918,0.628552097428958,267.0,973.0,125.0,1591.0,0.2403742101526056,0.32938724849146495,0.13261163734776726,392.0,0.058673469387755105,0.1760204081632653,0.29846938775510207,0.35714285714285715
existing_suite_with_frozen_tensor_adapter,pca_sequence_128_causal_past_2s_mean,PCA128,blocked,arousal__future_spike_1_3s,0.05,binary,residualized_autoregressive_plus_PCA128,residualized_AR_plus_PCA128,False,5989,2956,124,124,True,True,0.34633812457221075,0.6635777165780509,0.23666978484565013,0.6454081632653061,0.6769282814614344,253.0,816.0,139.0,1748.0,0.2637609834997248,0.3687927502765938,0.13261163734776726,392.0,0.0663265306122449,0.19642857142857142,0.31887755102040816,0.36989795918367346
existing_suite_with_frozen_tensor_adapter,pca_sequence_128_causal_past_2s_mean,PCA128,blocked,arousal__future_spike_1_3s,0.05,binary,residualized_autoregressive_plus_shuffled_PCA128,residualized_AR_plus_shuffled_PCA128,True,5989,2956,124,124,True,True,0.3078730904817861,0.6298154987423987,0.2,0.6683673469387755,0.6014884979702301,262.0,1048.0,130.0,1516.0,0.22776572774703963,0.33171032454804084,0.13261163734776726,392.0,0.061224489795918366,0.18112244897959184,0.30612244897959184,0.35459183673469385
existing_suite_with_frozen_tensor_adapter,pca_sequence_128_causal_past_2s_mean,PCA128,blocked,arousal__future_spike_1_3s,0.05,binary,residualized_autoregressive_plus_random_gaussian_PCA128,residualized_AR_plus_random_PCA128,True,5989,2956,124,124,True,True,0.2923387096774194,0.6159978031774332,0.18216080402010051,0.7397959183673469,0.5250338294993234,290.0,1302.0,102.0,1262.0,0.21739537101140563,0.3197489306549909,0.13261163734776726,392.0,0.058673469387755105,0.17346938775510204,0.29081632653061223,0.3469387755102041
existing_suite_with_frozen_tensor_adapter,pca_sequence_128_causal_past_2s_mean,PCA128,blocked,arousal__future_spike_1_3s,0.075,binary,mean_train,mean_train,True,5989,2956,124,124,True,True,0.14321608040201003,0.5,0.07713125845737483,1.0,0.07713125845737483,228.0,2728.0,0.0,0.0,0.10185339789614292,0.09341183029343447,0.07713125845737483,228.0,0.017543859649122806,0.06578947368421052,0.13596491228070176,0.08771929824561403
existing_suite_with_frozen_tensor_adapter,pca_sequence_128_causal_past_2s_mean,PCA128,blocked,arousal__future_spike_1_3s,0.075,binary,time_ridge,time_ridge,True,5989,2956,124,124,True,True,0.10693069306930693,0.513389411946288,0.09747292418772563,0.11842105263157894,0.8474289580514208,27.0,250.0,201.0,2478.0,0.10147343823964072,0.07371232192018495,0.07713125845737483,228.0,0.0,0.043859649122807015,0.12719298245614036,0.09210526315789473
existing_suite_with_frozen_tensor_adapter,pca_sequence_128_causal_past_2s_mean,PCA128,blocked,arousal__future_spike_1_3s,0.075,binary,autoregressive,AR_only,False,5989,2956,124,124,True,True,0.17202354006337708,0.5884042033235581,0.09591115598182735,0.8333333333333334,0.38125845737483083,190.0,1791.0,38.0,937.0,0.19549486470045568,0.19956751637514736,0.07713125845737483,228.0,0.07894736842105263,0.19298245614035087,0.2719298245614035,0.2412280701754386
existing_suite_with_frozen_tensor_adapter,pca_sequence_128_causal_past_2s_mean,PCA128,blocked,arousal__future_spike_1_3s,0.075,binary,PCA128,PCA128_only,False,5989,2956,124,124,True,True,0.1857451403887689,0.5591076297782579,0.1829787234042553,0.18859649122807018,0.8724627875507442,43.0,192.0,185.0,2536.0,0.22560135602301176,0.16407617664144317,0.07713125845737483,228.0,0.06140350877192982,0.14912280701754385,0.21929824561403508,0.18859649122807018
existing_suite_with_frozen_tensor_adapter,pca_sequence_128_causal_past_2s_mean,PCA128,blocked,arousal__future_spike_1_3s,0.075,binary,shuffled_PCA128,shuffled_PCA128,True,5989,2956,124,124,True,True,0.11155378486055778,0.5035788701960179,0.08,0.18421052631578946,0.773680649526387,42.0,483.0,186.0,2245.0,0.13471484266536876,0.0778227288703029,0.07713125845737483,228.0,0.0,0.04824561403508772,0.10087719298245613,0.07894736842105263
existing_suite_with_frozen_tensor_adapter,pca_sequence_128_causal_past_2s_mean,PCA128,blocked,arousal__future_spike_1_3s,0.075,binary,random_gaussian_PCA128,random_gaussian_PCA128,True,5989,2956,124,124,True,True,0.12581344902386116,0.5106240675001286,0.08357348703170028,0.2543859649122807,0.7273342354533153,58.0,636.0,170.0,2092.0,0.1349965161367558,0.08657481738282302,0.07713125845737483,228.0,0.013157894736842105,0.043859649122807015,0.12719298245614036,0.08771929824561403
existing_suite_with_frozen_tensor_adapter,pca_sequence_128_causal_past_2s_mean,PCA128,blocked,arousal__future_spike_1_3s,0.075,binary,autoregressive_plus_PCA128,AR_plus_PCA128,False,5989,2956,124,124,True,True,0.2358142962417097,0.6732745536862684,0.141718334809566,0.7017543859649122,0.6491880920162382,160.0,969.0,68.0,1759.0,0.22752643339938544,0.2622172891514529,0.07713125845737483,228.0,0.09210526315789473,0.2324561403508772,0.35526315789473684,0.32456140350877194
existing_suite_with_frozen_tensor_adapter,pca_sequence_128_causal_past_2s_mean,PCA128,blocked,arousal__future_spike_1_3s,0.075,binary,autoregressive_plus_shuffled_PCA128,AR_plus_shuffled_PCA128,True,5989,2956,124,124,True,True,0.1764389456697149,0.5907708236867829,0.10055180870631514,0.7192982456140351,0.4820703653585927,164.0,1467.0,64.0,1261.0,0.2416743994762877,0.19316812378767778,0.07713125845737483,228.0,0.07456140350877193,0.18859649122807018,0.2675438596491228,0.23684210526315788
existing_suite_with_frozen_tensor_adapter,pca_sequence_128_causal_past_2s_mean,PCA128,blocked,arousal__future_spike_1_3s,0.075,binary,autoregressive_plus_random_gaussian_PCA128,AR_plus_random_PCA128,True,5989,2956,124,124,True,True,0.16404040404040401,0.5705420075114472,0.09034267912772585,0.8903508771929824,0.30006765899864685,203.0,2044.0,25.0,684.0,0.17839480610148564,0.19433237603384615,0.07713125845737483,228.0,0.07894736842105263,0.17982456140350878,0.2631578947368421,0.23684210526315788
existing_suite_with_frozen_tensor_adapter,pca_sequence_128_causal_past_2s_mean,PCA128,blocked,arousal__future_spike_1_3s,0.075,binary,residualized_autoregressive_plus_PCA128,residualized_AR_plus_PCA128,False,5989,2956,124,124,True,True,0.20197044334975373,0.6338426711941143,0.1174785100286533,0.7192982456140351,0.5615696887686062,164.0,1232.0,64.0,1496.0,0.2420368565076592,0.24449385377441812,0.07713125845737483,228.0,0.07894736842105263,0.23684210526315788,0.32894736842105265,0.29385964912280704
existing_suite_with_frozen_tensor_adapter,pca_sequence_128_causal_past_2s_mean,PCA128,blocked,arousal__future_spike_1_3s,0.075,binary,residualized_autoregressive_plus_shuffled_PCA128,residualized_AR_plus_shuffled_PCA128,True,5989,2956,124,124,True,True,0.18037974683544303,0.6006231671554252,0.10251798561151079,0.75,0.4742895805142084,171.0,1497.0,57.0,1231.0,0.21451342494143744,0.20163265234487251,0.07713125845737483,228.0,0.07456140350877193,0.19736842105263158,0.27631578947368424,0.2412280701754386
existing_suite_with_frozen_tensor_adapter,pca_sequence_128_causal_past_2s_mean,PCA128,blocked,arousal__future_spike_1_3s,0.075,binary,residualized_autoregressive_plus_random_gaussian_PCA128,residualized_AR_plus_random_PCA128,True,5989,2956,124,124,True,True,0.17714884696016772,0.5936712198384524,0.1005952380952381,0.7412280701754386,0.4688768606224628,169.0,1511.0,59.0,1217.0,0.22535638565056845,0.19695124693340338,0.07713125845737483,228.0,0.07456140350877193,0.19298245614035087,0.2675438596491228,0.2149122807017544
existing_suite_with_frozen_tensor_adapter,pca_sequence_128_causal_past_2s_mean,PCA128,blocked,arousal__future_change_p3s_movement,0.05,binary,mean_train,mean_train,True,5989,2708,124,123,True,True,0.3957345971563981,0.5,0.2466765140324963,1.0,0.2466765140324963,668.0,2040.0,0.0,0.0,0.2603105693771915,0.3054153809034922,0.2466765140324963,668.0,0.020958083832335328,0.08982035928143713,0.1467065868263473,0.29191616766467066
existing_suite_with_frozen_tensor_adapter,pca_sequence_128_causal_past_2s_mean,PCA128,blocked,arousal__future_change_p3s_movement,0.05,binary,time_ridge,time_ridge,True,5989,2708,124,123,True,True,0.3957345971563981,0.5,0.2466765140324963,1.0,0.2466765140324963,668.0,2040.0,0.0,0.0,0.20298485423084484,0.2733323878962203,0.2466765140324963,668.0,0.01347305389221557,0.06736526946107785,0.13622754491017963,0.2619760479041916
existing_suite_with_frozen_tensor_adapter,pca_sequence_128_causal_past_2s_mean,PCA128,blocked,arousal__future_change_p3s_movement,0.05,binary,autoregressive,AR_only,False,5989,2708,124,123,True,True,0.07876230661040788,0.5172816132441,0.6511627906976745,0.041916167664670656,0.7581240768094535,28.0,15.0,640.0,2025.0,0.24535043812493867,0.32046731799390327,0.2466765140324963,668.0,0.02694610778443114,0.09580838323353294,0.15868263473053892,0.2964071856287425
existing_suite_with_frozen_tensor_adapter,pca_sequence_128_causal_past_2s_mean,PCA128,blocked,arousal__future_change_p3s_movement,0.05,binary,PCA128,PCA128_only,False,5989,2708,124,123,True,True,0.3864788732394366,0.5694816249853234,0.3098464317976513,0.5134730538922155,0.5978581979320532,343.0,764.0,325.0,1276.0,0.27215025654870767,0.3085160665095239,0.2466765140324963,668.0,0.01347305389221557,0.0748502994011976,0.13622754491017963,0.3383233532934132
existing_suite_with_frozen_tensor_adapter,pca_sequence_128_causal_past_2s_mean,PCA128,blocked,arousal__future_change_p3s_movement,0.05,binary,shuffled_PCA128,shuffled_PCA128,True,5989,2708,124,123,True,True,0.3734290843806104,0.4977999882587766,0.24563060935285783,0.7784431137724551,0.35561299852289513,520.0,1597.0,148.0,443.0,0.20097383655144757,0.2448414404178682,0.2466765140324963,668.0,0.008982035928143712,0.05089820359281437,0.10029940119760479,0.2440119760479042
existing_suite_with_frozen_tensor_adapter,pca_sequence_128_causal_past_2s_mean,PCA128,blocked,arousal__future_change_p3s_movement,0.05,binary,random_gaussian_PCA128,random_gaussian_PCA128,True,5989,2708,124,123,True,True,0.370257966616085,0.5025243630386287,0.24796747967479674,0.7305389221556886,0.3870014771048744,488.0,1480.0,180.0,560.0,0.22400752420101333,0.2622674821152359,0.2466765140324963,668.0,0.010479041916167664,0.06287425149700598,0.12125748502994012,0.26497005988023953
existing_suite_with_frozen_tensor_adapter,pca_sequence_128_causal_past_2s_mean,PCA128,blocked,arousal__future_change_p3s_movement,0.05,binary,autoregressive_plus_PCA128,AR_plus_PCA128,False,5989,2708,124,123,True,True,0.1876484560570071,0.5358474228014559,0.4540229885057471,0.11826347305389222,0.7474150664697193,79.0,95.0,589.0,1945.0,0.30388907377762703,0.35363148257125315,0.2466765140324963,668.0,0.03293413173652695,0.09730538922155689,0.15868263473053892,0.344311377245509
existing_suite_with_frozen_tensor_adapter,pca_sequence_128_causal_past_2s_mean,PCA128,blocked,arousal__future_change_p3s_movement,0.05,binary,autoregressive_plus_shuffled_PCA128,AR_plus_shuffled_PCA128,True,5989,2708,124,123,True,True,0.07072135785007072,0.5152812023012798,0.6410256410256411,0.0374251497005988,0.7573855243722304,25.0,14.0,643.0,2026.0,0.24660343079255626,0.3153735283487771,0.2466765140324963,668.0,0.025449101796407185,0.08832335329341318,0.15718562874251496,0.28892215568862273
existing_suite_with_frozen_tensor_adapter,pca_sequence_128_causal_past_2s_mean,PCA128,blocked,arousal__future_change_p3s_movement,0.05,binary,autoregressive_plus_random_gaussian_PCA128,AR_plus_random_PCA128,True,5989,2708,124,123,True,True,0.07323943661971831,0.5155395092168604,0.6190476190476191,0.038922155688622756,0.7570162481536189,26.0,16.0,642.0,2024.0,0.2564929645618171,0.3142332828288892,0.2466765140324963,668.0,0.02694610778443114,0.10029940119760479,0.15119760479041916,0.28592814371257486
existing_suite_with_frozen_tensor_adapter,pca_sequence_128_causal_past_2s_mean,PCA128,blocked,arousal__future_change_p3s_movement,0.05,binary,residualized_autoregressive_plus_PCA128,residualized_AR_plus_PCA128,False,5989,2708,124,123,True,True,0.108991825613079,0.5235675707408712,0.6060606060606061,0.059880239520958084,0.758493353028065,40.0,26.0,628.0,2014.0,0.26980068165912513,0.3305612048894771,0.2466765140324963,668.0,0.02844311377245509,0.09730538922155689,0.15419161676646706,0.3188622754491018
existing_suite_with_frozen_tensor_adapter,pca_sequence_128_causal_past_2s_mean,PCA128,blocked,arousal__future_change_p3s_movement,0.05,binary,residualized_autoregressive_plus_shuffled_PCA128,residualized_AR_plus_shuffled_PCA128,True,5989,2708,124,123,True,True,0.07605633802816901,0.5165331102500881,0.6428571428571429,0.040419161676646706,0.757754800590842,27.0,15.0,641.0,2025.0,0.2474744546874978,0.31719225349712954,0.2466765140324963,668.0,0.025449101796407185,0.08832335329341318,0.15718562874251496,0.28892215568862273
existing_suite_with_frozen_tensor_adapter,pca_sequence_128_causal_past_2s_mean,PCA128,blocked,arousal__future_change_p3s_movement,0.05,binary,residualized_autoregressive_plus_random_gaussian_PCA128,residualized_AR_plus_random_PCA128,True,5989,2708,124,123,True,True,0.07313642756680731,0.5152944111776447,0.6046511627906976,0.038922155688622756,0.7566469719350074,26.0,17.0,642.0,2023.0,0.2662242236438016,0.3182294489409719,0.2466765140324963,668.0,0.02844311377245509,0.09131736526946108,0.1601796407185629,0.29191616766467066
existing_suite_with_frozen_tensor_adapter,pca_sequence_128_causal_past_2s_mean,PCA128,official,arousal__future_spike_1_3s,0.05,binary,mean_train,mean_train,True,7029,2956,124,124,True,True,0.23416965352449226,0.5,0.13261163734776726,1.0,0.13261163734776726,392.0,2564.0,0.0,0.0,0.1720017072129748,0.1672412833758784,0.13261163734776726,392.0,0.015306122448979591,0.07397959183673469,0.14030612244897958,0.20153061224489796
existing_suite_with_frozen_tensor_adapter,pca_sequence_128_causal_past_2s_mean,PCA128,official,arousal__future_spike_1_3s,0.05,binary,time_ridge,time_ridge,True,7029,2956,124,124,True,True,0.21081081081081085,0.48762695405775414,0.12800875273522977,0.5969387755102041,0.40730717185385656,234.0,1594.0,158.0,970.0,0.14424011580360893,0.13284758403998007,0.13261163734776726,392.0,0.007653061224489796,0.04591836734693878,0.09948979591836735,0.12755102040816327
existing_suite_with_frozen_tensor_adapter,pca_sequence_128_causal_past_2s_mean,PCA128,official,arousal__future_spike_1_3s,0.05,binary,autoregressive,AR_only,False,7029,2956,124,124,True,True,0.37055837563451777,0.6374725397179153,0.3686868686868687,0.37244897959183676,0.8322056833558863,146.0,250.0,246.0,2314.0,0.19482303103146306,0.34867872547116596,0.13261163734776726,392.0,0.058673469387755105,0.18877551020408162,0.30612244897959184,0.37244897959183676
existing_suite_with_frozen_tensor_adapter,pca_sequence_128_causal_past_2s_mean,PCA128,official,arousal__future_spike_1_3s,0.05,binary,PCA128,PCA128_only,False,7029,2956,124,124,True,True,0.3342465753424657,0.6320143111846923,0.2603129445234708,0.46683673469387754,0.753382949932341,183.0,520.0,209.0,2044.0,0.25043394462033614,0.26452758155337913,0.13261163734776726,392.0,0.04591836734693878,0.1377551020408163,0.24744897959183673,0.3010204081632653
existing_suite_with_frozen_tensor_adapter,pca_sequence_128_causal_past_2s_mean,PCA128,official,arousal__future_spike_1_3s,0.05,binary,shuffled_PCA128,shuffled_PCA128,True,7029,2956,124,124,True,True,0.22030237580993522,0.4999820911203795,0.13260530421216848,0.6505102040816326,0.3893775372124493,255.0,1668.0,137.0,896.0,0.1677117527608367,0.12532029616874724,0.13261163734776726,392.0,0.002551020408163265,0.04336734693877551,0.08163265306122448,0.11734693877551021
existing_suite_with_frozen_tensor_adapter,pca_sequence_128_causal_past_2s_mean,PCA128,official,arousal__future_spike_1_3s,0.05,binary,random_gaussian_PCA128,random_gaussian_PCA128,True,7029,2956,124,124,True,True,0.1982281284606866,0.48748169314527684,0.1265912305516266,0.45663265306122447,0.510148849797023,179.0,1235.0,213.0,1329.0,0.1742528595109826,0.12962117837441314,0.13261163734776726,392.0,0.007653061224489796,0.04081632653061224,0.08673469387755102,0.13520408163265307
existing_suite_with_frozen_tensor_adapter,pca_sequence_128_causal_past_2s_mean,PCA128,official,arousal__future_spike_1_3s,0.05,binary,autoregressive_plus_PCA128,AR_plus_PCA128,False,7029,2956,124,124,True,True,0.36390977443609024,0.6246955490464516,0.4432234432234432,0.3086734693877551,0.8569012178619756,121.0,152.0,271.0,2412.0,0.2820764814160352,0.3773889094540744,0.13261163734776726,392.0,0.058673469387755105,0.2066326530612245,0.32653061224489793,0.38010204081632654
existing_suite_with_frozen_tensor_adapter,pca_sequence_128_causal_past_2s_mean,PCA128,official,arousal__future_spike_1_3s,0.05,binary,autoregressive_plus_shuffled_PCA128,AR_plus_shuffled_PCA128,True,7029,2956,124,124,True,True,0.326027397260274,0.6090790060173835,0.3520710059171598,0.30357142857142855,0.8335588633288228,119.0,219.0,273.0,2345.0,0.22386454461785069,0.32497067449663003,0.13261163734776726,392.0,0.058673469387755105,0.17091836734693877,0.28061224489795916,0.34183673469387754
existing_suite_with_frozen_tensor_adapter,pca_sequence_128_causal_past_2s_mean,PCA128,official,arousal__future_spike_1_3s,0.05,binary,autoregressive_plus_random_gaussian_PCA128,AR_plus_random_PCA128,True,7029,2956,124,124,True,True,0.3400576368876081,0.6146287688242223,0.39072847682119205,0.3010204081632653,0.8450608930987822,118.0,184.0,274.0,2380.0,0.24868743282483902,0.3288724806858135,0.13261163734776726,392.0,0.061224489795918366,0.1760204081632653,0.29846938775510207,0.35459183673469385
existing_suite_with_frozen_tensor_adapter,pca_sequence_128_causal_past_2s_mean,PCA128,official,arousal__future_spike_1_3s,0.05,binary,residualized_autoregressive_plus_PCA128,residualized_AR_plus_PCA128,False,7029,2956,124,124,True,True,0.367816091954023,0.6289439332675347,0.42105263157894735,0.32653061224489793,0.851150202976996,128.0,176.0,264.0,2388.0,0.2785759791945644,0.3874440202548516,0.13261163734776726,392.0,0.06377551020408163,0.20408163265306123,0.31887755102040816,0.3979591836734694
existing_suite_with_frozen_tensor_adapter,pca_sequence_128_causal_past_2s_mean,PCA128,official,arousal__future_spike_1_3s,0.05,binary,residualized_autoregressive_plus_shuffled_PCA128,residualized_AR_plus_shuffled_PCA128,True,7029,2956,124,124,True,True,0.3426294820717132,0.6192990066541437,0.3573407202216066,0.32908163265306123,0.8325439783491204,129.0,232.0,263.0,2332.0,0.223737659173563,0.3292916367953141,0.13261163734776726,392.0,0.058673469387755105,0.17091836734693877,0.2857142857142857,0.3520408163265306
existing_suite_with_frozen_tensor_adapter,pca_sequence_128_causal_past_2s_mean,PCA128,official,arousal__future_spike_1_3s,0.05,binary,residualized_autoregressive_plus_random_gaussian_PCA128,residualized_AR_plus_random_PCA128,True,7029,2956,124,124,True,True,0.34532374100719426,0.6173747970326977,0.39603960396039606,0.30612244897959184,0.8460757780784844,120.0,183.0,272.0,2381.0,0.23237545807280996,0.33403982273171756,0.13261163734776726,392.0,0.05612244897959184,0.1760204081632653,0.29591836734693877,0.3520408163265306
existing_suite_with_frozen_tensor_adapter,pca_sequence_128_causal_past_2s_mean,PCA128,official,arousal__future_spike_1_3s,0.075,binary,mean_train,mean_train,True,7029,2956,124,124,True,True,0.14321608040201003,0.5,0.07713125845737483,1.0,0.07713125845737483,228.0,2728.0,0.0,0.0,0.10086783326219946,0.09341183029343447,0.07713125845737483,228.0,0.017543859649122806,0.06578947368421052,0.13596491228070176,0.08771929824561403
existing_suite_with_frozen_tensor_adapter,pca_sequence_128_causal_past_2s_mean,PCA128,official,arousal__future_spike_1_3s,0.075,binary,time_ridge,time_ridge,True,7029,2956,124,124,True,True,0.11904761904761905,0.510157817564439,0.08522727272727272,0.19736842105263158,0.7746955345060893,45.0,483.0,183.0,2245.0,0.09856850068512568,0.07569931753744165,0.07713125845737483,228.0,0.0,0.04824561403508772,0.11403508771929824,0.08771929824561403
existing_suite_with_frozen_tensor_adapter,pca_sequence_128_causal_past_2s_mean,PCA128,official,arousal__future_spike_1_3s,0.075,binary,autoregressive,AR_only,False,7029,2956,124,124,True,True,0.25806451612903225,0.5914910994495035,0.29714285714285715,0.22807017543859648,0.898849797023004,52.0,123.0,176.0,2605.0,0.17464358769316055,0.22010854345199676,0.07713125845737483,228.0,0.07894736842105263,0.20175438596491227,0.30701754385964913,0.2675438596491228
existing_suite_with_frozen_tensor_adapter,pca_sequence_128_causal_past_2s_mean,PCA128,official,arousal__future_spike_1_3s,0.075,binary,PCA128,PCA128_only,False,7029,2956,124,124,True,True,0.21414141414141416,0.5770051962751453,0.19850187265917604,0.2324561403508772,0.868403247631935,53.0,214.0,175.0,2514.0,0.22126864788258,0.17906742519087013,0.07713125845737483,228.0,0.06140350877192982,0.15350877192982457,0.2543859649122807,0.20175438596491227
existing_suite_with_frozen_tensor_adapter,pca_sequence_128_causal_past_2s_mean,PCA128,official,arousal__future_spike_1_3s,0.075,binary,shuffled_PCA128,shuffled_PCA128,True,7029,2956,124,124,True,True,0.12552301255230125,0.5173059114060812,0.09202453987730061,0.19736842105263158,0.7878890392422192,45.0,444.0,183.0,2284.0,0.13718614275994914,0.08196952760230777,0.07713125845737483,228.0,0.008771929824561403,0.04824561403508772,0.10526315789473684,0.06578947368421052
existing_suite_with_frozen_tensor_adapter,pca_sequence_128_causal_past_2s_mean,PCA128,official,arousal__future_spike_1_3s,0.075,binary,random_gaussian_PCA128,random_gaussian_PCA128,True,7029,2956,124,124,True,True,0.12923076923076923,0.5031254823275196,0.07835820895522388,0.3684210526315789,0.6170500676589986,84.0,988.0,144.0,1740.0,0.11522470118414734,0.07848196073100458,0.07713125845737483,228.0,0.017543859649122806,0.06140350877192982,0.10087719298245613,0.08333333333333333
existing_suite_with_frozen_tensor_adapter,pca_sequence_128_causal_past_2s_mean,PCA128,official,arousal__future_spike_1_3s,0.075,binary,autoregressive_plus_PCA128,AR_plus_PCA128,False,7029,2956,124,124,True,True,0.21428571428571427,0.5637540515511653,0.4125,0.14473684210526316,0.9181326116373477,33.0,47.0,195.0,2681.0,0.254449388953602,0.22507155839757556,0.07713125845737483,228.0,0.08333333333333333,0.20175438596491227,0.2894736842105263,0.2543859649122807
existing_suite_with_frozen_tensor_adapter,pca_sequence_128_causal_past_2s_mean,PCA128,official,arousal__future_spike_1_3s,0.075,binary,autoregressive_plus_shuffled_PCA128,AR_plus_shuffled_PCA128,True,7029,2956,124,124,True,True,0.25531914893617025,0.5869347121469363,0.32432432432432434,0.21052631578947367,0.9052774018944519,48.0,100.0,180.0,2628.0,0.19879525909708612,0.21688671814636715,0.07713125845737483,228.0,0.07894736842105263,0.21052631578947367,0.31140350877192985,0.2675438596491228
existing_suite_with_frozen_tensor_adapter,pca_sequence_128_causal_past_2s_mean,PCA128,official,arousal__future_spike_1_3s,0.075,binary,autoregressive_plus_random_gaussian_PCA128,AR_plus_random_PCA128,True,7029,2956,124,124,True,True,0.23369565217391303,0.5765196532386685,0.30714285714285716,0.18859649122807018,0.9046008119079838,43.0,97.0,185.0,2631.0,0.1914595667154254,0.2162083590593057,0.07713125845737483,228.0,0.08771929824561403,0.19736842105263158,0.3026315789473684,0.25877192982456143
existing_suite_with_frozen_tensor_adapter,pca_sequence_128_causal_past_2s_mean,PCA128,official,arousal__future_spike_1_3s,0.075,binary,residualized_autoregressive_plus_PCA128,residualized_AR_plus_PCA128,False,7029,2956,124,124,True,True,0.3010204081632653,0.6101410968770902,0.3597560975609756,0.25877192982456143,0.9073071718538566,59.0,105.0,169.0,2623.0,0.23767970045513964,0.25949908025433166,0.07713125845737483,228.0,0.08771929824561403,0.22807017543859648,0.35526315789473684,0.3026315789473684
existing_suite_with_frozen_tensor_adapter,pca_sequence_128_causal_past_2s_mean,PCA128,official,arousal__future_spike_1_3s,0.075,binary,residualized_autoregressive_plus_shuffled_PCA128,residualized_AR_plus_shuffled_PCA128,True,7029,2956,124,124,True,True,0.24293785310734461,0.5790856356433606,0.3412698412698413,0.18859649122807018,0.9093369418132612,43.0,83.0,185.0,2645.0,0.2075026011672746,0.21548423395905764,0.07713125845737483,228.0,0.07894736842105263,0.20614035087719298,0.30701754385964913,0.2675438596491228
existing_suite_with_frozen_tensor_adapter,pca_sequence_128_causal_past_2s_mean,PCA128,official,arousal__future_spike_1_3s,0.075,binary,residualized_autoregressive_plus_random_gaussian_PCA128,residualized_AR_plus_random_PCA128,True,7029,2956,124,124,True,True,0.21354166666666666,0.5688345680917837,0.26282051282051283,0.17982456140350878,0.8978349120433018,41.0,115.0,187.0,2613.0,0.1925964741754319,0.2056707744963243,0.07713125845737483,228.0,0.08771929824561403,0.17543859649122806,0.29385964912280704,0.23684210526315788
existing_suite_with_frozen_tensor_adapter,pca_sequence_128_causal_past_2s_mean,PCA128,official,arousal__future_change_p3s_movement,0.05,binary,mean_train,mean_train,True,7029,2708,124,123,True,True,0.3957345971563981,0.5,0.2466765140324963,1.0,0.2466765140324963,668.0,2040.0,0.0,0.0,0.25437473324797266,0.3054153809034922,0.2466765140324963,668.0,0.020958083832335328,0.08982035928143713,0.1467065868263473,0.29191616766467066
existing_suite_with_frozen_tensor_adapter,pca_sequence_128_causal_past_2s_mean,PCA128,official,arousal__future_change_p3s_movement,0.05,binary,time_ridge,time_ridge,True,7029,2708,124,123,True,True,0.38977443609022555,0.4926279793354467,0.24388407978923599,0.9700598802395209,0.25073855243722304,648.0,2009.0,20.0,31.0,0.19921680397521907,0.3051863635931792,0.2466765140324963,668.0,0.029940119760479042,0.08383233532934131,0.13922155688622753,0.2694610778443114
existing_suite_with_frozen_tensor_adapter,pca_sequence_128_causal_past_2s_mean,PCA128,official,arousal__future_change_p3s_movement,0.05,binary,autoregressive,AR_only,False,7029,2708,124,123,True,True,0.46378575776019476,0.6395914054244453,0.39076923076923076,0.5703592814371258,0.6746676514032496,381.0,594.0,287.0,1446.0,0.23047935419910917,0.44158510022578834,0.2466765140324963,668.0,0.03143712574850299,0.12874251497005987,0.21407185628742514,0.4491017964071856
existing_suite_with_frozen_tensor_adapter,pca_sequence_128_causal_past_2s_mean,PCA128,official,arousal__future_change_p3s_movement,0.05,binary,PCA128,PCA128_only,False,7029,2708,124,123,True,True,0.37665782493368705,0.5763003404954796,0.3380952380952381,0.4251497005988024,0.6528803545051699,284.0,556.0,384.0,1484.0,0.2878592860765722,0.3183414623717985,0.2466765140324963,668.0,0.016467065868263474,0.07784431137724551,0.14520958083832336,0.34281437125748504
existing_suite_with_frozen_tensor_adapter,pca_sequence_128_causal_past_2s_mean,PCA128,official,arousal__future_change_p3s_movement,0.05,binary,shuffled_PCA128,shuffled_PCA128,True,7029,2708,124,123,True,True,0.37214885954381755,0.5132499706469414,0.2539595849262698,0.6961077844311377,0.4206056129985229,465.0,1366.0,203.0,674.0,0.22189931976450578,0.25431242547950184,0.2466765140324963,668.0,0.0074850299401197605,0.05389221556886228,0.10479041916167664,0.25449101796407186
existing_suite_with_frozen_tensor_adapter,pca_sequence_128_causal_past_2s_mean,PCA128,official,arousal__future_change_p3s_movement,0.05,binary,random_gaussian_PCA128,random_gaussian_PCA128,True,7029,2708,124,123,True,True,0.38816010763538517,0.5083568157802043,0.2503253796095445,0.8637724550898204,0.3282865583456425,577.0,1728.0,91.0,312.0,0.19509677010392706,0.26682534054166807,0.2466765140324963,668.0,0.0074850299401197605,0.058383233532934134,0.1122754491017964,0.28293413173652693
existing_suite_with_frozen_tensor_adapter,pca_sequence_128_causal_past_2s_mean,PCA128,official,arousal__future_change_p3s_movement,0.05,binary,autoregressive_plus_PCA128,AR_plus_PCA128,False,7029,2708,124,123,True,True,0.43705220061412486,0.6090715627568393,0.3320373250388802,0.6392215568862275,0.5937961595273265,427.0,859.0,241.0,1181.0,0.2703707711596851,0.4183085111906947,0.2466765140324963,668.0,0.03293413173652695,0.11676646706586827,0.20209580838323354,0.42065868263473055
existing_suite_with_frozen_tensor_adapter,pca_sequence_128_causal_past_2s_mean,PCA128,official,arousal__future_change_p3s_movement,0.05,binary,autoregressive_plus_shuffled_PCA128,AR_plus_shuffled_PCA128,True,7029,2708,124,123,True,True,0.43512450851900386,0.6195814253845251,0.38694638694638694,0.49700598802395207,0.6816838995568686,332.0,526.0,336.0,1514.0,0.24613685117554457,0.4203148118857274,0.2466765140324963,668.0,0.02844311377245509,0.12125748502994012,0.218562874251497,0.4236526946107784
existing_suite_with_frozen_tensor_adapter,pca_sequence_128_causal_past_2s_mean,PCA128,official,arousal__future_change_p3s_movement,0.05,binary,autoregressive_plus_random_gaussian_PCA128,AR_plus_random_PCA128,True,7029,2708,124,123,True,True,0.424857324032974,0.6100622284842081,0.36853685368536854,0.5014970059880239,0.6650664697193501,335.0,574.0,333.0,1466.0,0.2459338656038072,0.4208643541411632,0.2466765140324963,668.0,0.029940119760479042,0.13023952095808383,0.21107784431137724,0.41916167664670656
existing_suite_with_frozen_tensor_adapter,pca_sequence_128_causal_past_2s_mean,PCA128,official,arousal__future_change_p3s_movement,0.05,binary,residualized_autoregressive_plus_PCA128,residualized_AR_plus_PCA128,False,7029,2708,124,123,True,True,0.4448669201520913,0.6257147469766349,0.38571428571428573,0.5254491017964071,0.6765140324963073,351.0,559.0,317.0,1481.0,0.26990424164744614,0.43106000531473043,0.2466765140324963,668.0,0.03592814371257485,0.12125748502994012,0.20958083832335328,0.42664670658682635
existing_suite_with_frozen_tensor_adapter,pca_sequence_128_causal_past_2s_mean,PCA128,official,arousal__future_change_p3s_movement,0.05,binary,residualized_autoregressive_plus_shuffled_PCA128,residualized_AR_plus_shuffled_PCA128,True,7029,2708,124,123,True,True,0.4492574257425742,0.6283242338851709,0.3829113924050633,0.5434131736526946,0.6713441654357459,363.0,585.0,305.0,1455.0,0.24343564475161833,0.42192722942559013,0.2466765140324963,668.0,0.02844311377245509,0.12425149700598802,0.21706586826347304,0.4236526946107784
existing_suite_with_frozen_tensor_adapter,pca_sequence_128_causal_past_2s_mean,PCA128,official,arousal__future_change_p3s_movement,0.05,binary,residualized_autoregressive_plus_random_gaussian_PCA128,residualized_AR_plus_random_PCA128,True,7029,2708,124,123,True,True,0.43195666892349355,0.6186744158741341,0.3943139678615575,0.47754491017964074,0.6901772525849336,319.0,490.0,349.0,1550.0,0.2592539946919667,0.4158461148600262,0.2466765140324963,668.0,0.02844311377245509,0.12275449101796407,0.20808383233532934,0.41317365269461076
existing_suite_with_frozen_tensor_adapter,pca_sequence_128_causal_past_2s_mean,PCA128,grouped_0,arousal__future_spike_1_3s,0.05,binary,mean_train,mean_train,True,8072,1913,99,25,True,True,0.2513711151736746,0.5,0.14375326711970726,1.0,0.14375326711970726,275.0,1638.0,0.0,0.0,0.16427155599603568,0.21931681786674165,0.14375326711970726,275.0,0.03636363636363636,0.09818181818181818,0.21818181818181817,0.23636363636363636
existing_suite_with_frozen_tensor_adapter,pca_sequence_128_causal_past_2s_mean,PCA128,grouped_0,arousal__future_spike_1_3s,0.05,binary,time_ridge,time_ridge,True,8072,1913,99,25,True,True,0.22876254180602007,0.49070152070152073,0.14016393442622951,0.6218181818181818,0.3972817564035546,171.0,1049.0,104.0,589.0,0.1616429105202029,0.20479591914470097,0.14375326711970726,275.0,0.03272727272727273,0.13090909090909092,0.19272727272727272,0.23636363636363636
existing_suite_with_frozen_tensor_adapter,pca_sequence_128_causal_past_2s_mean,PCA128,grouped_0,arousal__future_spike_1_3s,0.05,binary,autoregressive,AR_only,False,8072,1913,99,25,True,True,0.41491085899513774,0.6674037074037074,0.3742690058479532,0.46545454545454545,0.8112911657083115,128.0,214.0,147.0,1424.0,0.21169121609680222,0.39691181155126076,0.14375326711970726,275.0,0.05090909090909091,0.21818181818181817,0.3490909090909091,0.4072727272727273
existing_suite_with_frozen_tensor_adapter,pca_sequence_128_causal_past_2s_mean,PCA128,grouped_0,arousal__future_spike_1_3s,0.05,binary,PCA128,PCA128_only,False,8072,1913,99,25,True,True,0.34098360655737703,0.6185780885780885,0.31044776119402984,0.3781818181818182,0.7898588604286461,104.0,231.0,171.0,1407.0,0.23631829241245036,0.3289924683674964,0.14375326711970726,275.0,0.04727272727272727,0.1781818181818182,0.31636363636363635,0.3709090909090909
existing_suite_with_frozen_tensor_adapter,pca_sequence_128_causal_past_2s_mean,PCA128,grouped_0,arousal__future_spike_1_3s,0.05,binary,shuffled_PCA128,shuffled_PCA128,True,8072,1913,99,25,True,True,0.2461964038727524,0.5205228105228105,0.1520068317677199,0.6472727272727272,0.43021432305279667,178.0,993.0,97.0,645.0,0.15133244962629191,0.14358259390475128,0.14375326711970726,275.0,0.007272727272727273,0.03636363636363636,0.09454545454545454,0.13454545454545455
existing_suite_with_frozen_tensor_adapter,pca_sequence_128_causal_past_2s_mean,PCA128,grouped_0,arousal__future_spike_1_3s,0.05,binary,random_gaussian_PCA128,random_gaussian_PCA128,True,8072,1913,99,25,True,True,0.23513870541611628,0.4997657897657898,0.14366424535916061,0.6472727272727272,0.3946680606377418,178.0,1061.0,97.0,577.0,0.15089516172455567,0.14013241875882565,0.14375326711970726,275.0,0.01818181818181818,0.05454545454545454,0.09818181818181818,0.12
existing_suite_with_frozen_tensor_adapter,pca_sequence_128_causal_past_2s_mean,PCA128,grouped_0,arousal__future_spike_1_3s,0.05,binary,autoregressive_plus_PCA128,AR_plus_PCA128,False,8072,1913,99,25,True,True,0.4747663551401869,0.6903108003108003,0.48846153846153845,0.4618181818181818,0.8531102979613173,127.0,133.0,148.0,1505.0,0.27358748794237436,0.4443786829850141,0.14375326711970726,275.0,0.05818181818181818,0.22545454545454546,0.3709090909090909,0.4727272727272727
existing_suite_with_frozen_tensor_adapter,pca_sequence_128_causal_past_2s_mean,PCA128,grouped_0,arousal__future_spike_1_3s,0.05,binary,autoregressive_plus_shuffled_PCA128,AR_plus_shuffled_PCA128,True,8072,1913,99,25,True,True,0.3831070889894419,0.6512387612387612,0.327319587628866,0.4618181818181818,0.786199686356508,127.0,261.0,148.0,1377.0,0.21668593806310332,0.3746104030274007,0.14375326711970726,275.0,0.05454545454545454,0.2109090909090909,0.32,0.39636363636363636
existing_suite_with_frozen_tensor_adapter,pca_sequence_128_causal_past_2s_mean,PCA128,grouped_0,arousal__future_spike_1_3s,0.05,binary,autoregressive_plus_random_gaussian_PCA128,AR_plus_random_PCA128,True,8072,1913,99,25,True,True,0.4147058823529412,0.6757775557775558,0.34814814814814815,0.5127272727272727,0.7919498170412964,141.0,264.0,134.0,1374.0,0.20905704065330902,0.3831571906823439,0.14375326711970726,275.0,0.05454545454545454,0.20727272727272728,0.3381818181818182,0.4072727272727273
existing_suite_with_frozen_tensor_adapter,pca_sequence_128_causal_past_2s_mean,PCA128,grouped_0,arousal__future_spike_1_3s,0.05,binary,residualized_autoregressive_plus_PCA128,residualized_AR_plus_PCA128,False,8072,1913,99,25,True,True,0.475,0.6954201354201355,0.4666666666666667,0.48363636363636364,0.8463146889702039,133.0,152.0,142.0,1486.0,0.26529429398731164,0.4411309200272995,0.14375326711970726,275.0,0.05818181818181818,0.2290909090909091,0.36727272727272725,0.48363636363636364
existing_suite_with_frozen_tensor_adapter,pca_sequence_128_causal_past_2s_mean,PCA128,grouped_0,arousal__future_spike_1_3s,0.05,binary,residualized_autoregressive_plus_shuffled_PCA128,residualized_AR_plus_shuffled_PCA128,True,8072,1913,99,25,True,True,0.38383838383838387,0.6548218448218448,0.3181818181818182,0.48363636363636364,0.7767903815995818,133.0,285.0,142.0,1353.0,0.21113340140465478,0.37551876198143047,0.14375326711970726,275.0,0.05454545454545454,0.2109090909090909,0.32,0.4
existing_suite_with_frozen_tensor_adapter,pca_sequence_128_causal_past_2s_mean,PCA128,grouped_0,arousal__future_spike_1_3s,0.05,binary,residualized_autoregressive_plus_random_gaussian_PCA128,residualized_AR_plus_random_PCA128,True,8072,1913,99,25,True,True,0.38108484005563287,0.6553790653790654,0.30855855855855857,0.49818181818181817,0.7673810768426556,137.0,307.0,138.0,1331.0,0.2036152787381349,0.37211573144672916,0.14375326711970726,275.0,0.05090909090909091,0.22181818181818183,0.3418181818181818,0.3890909090909091
existing_suite_with_frozen_tensor_adapter,pca_sequence_128_causal_past_2s_mean,PCA128,grouped_0,arousal__future_spike_1_3s,0.075,binary,mean_train,mean_train,True,8072,1913,99,25,True,True,0.15792007703418393,0.5,0.08572922111866178,1.0,0.08572922111866178,164.0,1749.0,0.0,0.0,0.0957631318136769,0.114278949077713,0.08572922111866178,164.0,0.024390243902439025,0.07317073170731707,0.20121951219512196,0.15853658536585366
existing_suite_with_frozen_tensor_adapter,pca_sequence_128_causal_past_2s_mean,PCA128,grouped_0,arousal__future_spike_1_3s,0.075,binary,time_ridge,time_ridge,True,8072,1913,99,25,True,True,0.155154091392136,0.521303113974536,0.09395109395109395,0.4451219512195122,0.5844223732357554,73.0,704.0,91.0,1045.0,0.09685610334570716,0.1590783990864169,0.08572922111866178,164.0,0.054878048780487805,0.16463414634146342,0.24390243902439024,0.21951219512195122
existing_suite_with_frozen_tensor_adapter,pca_sequence_128_causal_past_2s_mean,PCA128,grouped_0,arousal__future_spike_1_3s,0.075,binary,autoregressive,AR_only,False,8072,1913,99,25,True,True,0.36734693877551017,0.6749152826005104,0.3157894736842105,0.43902439024390244,0.8703606900156822,72.0,156.0,92.0,1593.0,0.16165744787341646,0.3151356151478539,0.08572922111866178,164.0,0.07926829268292683,0.2621951219512195,0.42073170731707316,0.40853658536585363
existing_suite_with_frozen_tensor_adapter,pca_sequence_128_causal_past_2s_mean,PCA128,grouped_0,arousal__future_spike_1_3s,0.075,binary,PCA128,PCA128_only,False,8072,1913,99,25,True,True,0.2848297213622291,0.6079397286254167,0.2893081761006289,0.2804878048780488,0.8792472556194459,46.0,113.0,118.0,1636.0,0.2139326002155106,0.25406480539928483,0.08572922111866178,164.0,0.07317073170731707,0.21341463414634146,0.3048780487804878,0.2865853658536585
existing_suite_with_frozen_tensor_adapter,pca_sequence_128_causal_past_2s_mean,PCA128,grouped_0,arousal__future_spike_1_3s,0.075,binary,shuffled_PCA128,shuffled_PCA128,True,8072,1913,99,25,True,True,0.1438423645320197,0.5001481682912884,0.08578143360752057,0.4451219512195122,0.545739675901725,73.0,778.0,91.0,971.0,0.10425136058748916,0.08271742582016281,0.08572922111866178,164.0,0.0,0.042682926829268296,0.07926829268292683,0.06707317073170732
existing_suite_with_frozen_tensor_adapter,pca_sequence_128_causal_past_2s_mean,PCA128,grouped_0,arousal__future_spike_1_3s,0.075,binary,random_gaussian_PCA128,random_gaussian_PCA128,True,8072,1913,99,25,True,True,0.14987714987714987,0.5175936772232217,0.09384615384615384,0.3719512195121951,0.6382645060115003,61.0,589.0,103.0,1160.0,0.11390467232545665,0.09477456460954231,0.08572922111866178,164.0,0.012195121951219513,0.06097560975609756,0.10975609756097561,0.0975609756097561
existing_suite_with_frozen_tensor_adapter,pca_sequence_128_causal_past_2s_mean,PCA128,grouped_0,arousal__future_spike_1_3s,0.075,binary,autoregressive_plus_PCA128,AR_plus_PCA128,False,8072,1913,99,25,True,True,0.41087613293051356,0.6790151863782788,0.40718562874251496,0.4146341463414634,0.8980658651332984,68.0,99.0,96.0,1650.0,0.22332033301885884,0.37530937595540353,0.08572922111866178,164.0,0.09146341463414634,0.3048780487804878,0.43902439024390244,0.40853658536585363
existing_suite_with_frozen_tensor_adapter,pca_sequence_128_causal_past_2s_mean,PCA128,grouped_0,arousal__future_spike_1_3s,0.075,binary,autoregressive_plus_shuffled_PCA128,AR_plus_shuffled_PCA128,True,8072,1913,99,25,True,True,0.3715170278637771,0.6546249424758399,0.37735849056603776,0.36585365853658536,0.893883951907998,60.0,99.0,104.0,1650.0,0.20724541774286334,0.3026590581827995,0.08572922111866178,164.0,0.08536585365853659,0.25609756097560976,0.3902439024390244,0.36585365853658536
existing_suite_with_frozen_tensor_adapter,pca_sequence_128_causal_past_2s_mean,PCA128,grouped_0,arousal__future_spike_1_3s,0.075,binary,autoregressive_plus_random_gaussian_PCA128,AR_plus_random_PCA128,True,8072,1913,99,25,True,True,0.3804034582132565,0.6677718278040414,0.36065573770491804,0.4024390243902439,0.887611082070047,66.0,117.0,98.0,1632.0,0.1858473885290405,0.3053162556564901,0.08572922111866178,164.0,0.07926829268292683,0.2804878048780488,0.4024390243902439,0.3780487804878049
existing_suite_with_frozen_tensor_adapter,pca_sequence_128_causal_past_2s_mean,PCA128,grouped_0,arousal__future_spike_1_3s,0.075,binary,residualized_autoregressive_plus_PCA128,residualized_AR_plus_PCA128,False,8072,1913,99,25,True,True,0.42016806722689076,0.6949249745499171,0.38860103626943004,0.4573170731707317,0.8917929952953476,75.0,118.0,89.0,1631.0,0.2171413184471284,0.37626973486468096,0.08572922111866178,164.0,0.07926829268292683,0.3231707317073171,0.4573170731707317,0.40853658536585363
existing_suite_with_frozen_tensor_adapter,pca_sequence_128_causal_past_2s_mean,PCA128,grouped_0,arousal__future_spike_1_3s,0.075,binary,residualized_autoregressive_plus_shuffled_PCA128,residualized_AR_plus_shuffled_PCA128,True,8072,1913,99,25,True,True,0.36532507739938075,0.6512902843436668,0.3710691823899371,0.3597560975609756,0.8928384736016728,59.0,100.0,105.0,1649.0,0.20696257794599857,0.30184450658745715,0.08572922111866178,164.0,0.08536585365853659,0.25609756097560976,0.3902439024390244,0.36585365853658536
existing_suite_with_frozen_tensor_adapter,pca_sequence_128_causal_past_2s_mean,PCA128,grouped_0,arousal__future_spike_1_3s,0.075,binary,residualized_autoregressive_plus_random_gaussian_PCA128,residualized_AR_plus_random_PCA128,True,8072,1913,99,25,True,True,0.36470588235294116,0.6564343387859264,0.3522727272727273,0.3780487804878049,0.8870883429168844,62.0,114.0,102.0,1635.0,0.19419596627586047,0.308612974550909,0.08572922111866178,164.0,0.08536585365853659,0.2682926829268293,0.4146341463414634,0.3597560975609756
existing_suite_with_frozen_tensor_adapter,pca_sequence_128_causal_past_2s_mean,PCA128,grouped_0,arousal__future_change_p3s_movement,0.05,binary,mean_train,mean_train,True,7874,1863,99,25,True,True,0.3607567091948966,0.5,0.2200751476113795,1.0,0.2200751476113795,410.0,1453.0,0.0,0.0,0.25984251968503935,0.28089240547599703,0.2200751476113795,410.0,0.012195121951219513,0.06585365853658537,0.16585365853658537,0.3097560975609756
existing_suite_with_frozen_tensor_adapter,pca_sequence_128_causal_past_2s_mean,PCA128,grouped_0,arousal__future_change_p3s_movement,0.05,binary,time_ridge,time_ridge,True,7874,1863,99,25,True,True,0.35704697986577183,0.495876487670589,0.21863013698630138,0.973170731707317,0.2286634460547504,399.0,1426.0,11.0,27.0,0.21187491823567234,0.2920432498464402,0.2200751476113795,410.0,0.026829268292682926,0.1,0.16097560975609757,0.2975609756097561
existing_suite_with_frozen_tensor_adapter,pca_sequence_128_causal_past_2s_mean,PCA128,grouped_0,arousal__future_change_p3s_movement,0.05,binary,autoregressive,AR_only,False,7874,1863,99,25,True,True,0.4828178694158076,0.6799162372215601,0.3726790450928382,0.6853658536585366,0.6768652710681696,281.0,473.0,129.0,980.0,0.23493815799438017,0.4678557156887136,0.2200751476113795,410.0,0.02926829268292683,0.15121951219512195,0.2926829268292683,0.4658536585365854
existing_suite_with_frozen_tensor_adapter,pca_sequence_128_causal_past_2s_mean,PCA128,grouped_0,arousal__future_change_p3s_movement,0.05,binary,PCA128,PCA128_only,False,7874,1863,99,25,True,True,0.36963036963036955,0.5858988132207543,0.3130287648054145,0.45121951219512196,0.6612989801395599,185.0,406.0,225.0,1047.0,0.2617243683258601,0.30452886390350076,0.2200751476113795,410.0,0.024390243902439025,0.09024390243902439,0.17804878048780487,0.35609756097560974
existing_suite_with_frozen_tensor_adapter,pca_sequence_128_causal_past_2s_mean,PCA128,grouped_0,arousal__future_change_p3s_movement,0.05,binary,shuffled_PCA128,shuffled_PCA128,True,7874,1863,99,25,True,True,0.34987468671679195,0.5002828462558542,0.22018927444794953,0.8512195121951219,0.30381105743424586,349.0,1236.0,61.0,217.0,0.21475939423835635,0.21557911565337723,0.2200751476113795,410.0,0.00975609756097561,0.04390243902439024,0.09024390243902439,0.2121951219512195
existing_suite_with_frozen_tensor_adapter,pca_sequence_128_causal_past_2s_mean,PCA128,grouped_0,arousal__future_change_p3s_movement,0.05,binary,random_gaussian_PCA128,random_gaussian_PCA128,True,7874,1863,99,25,True,True,0.3400936037441498,0.49065935910563513,0.21612690019828157,0.7975609756097561,0.3188405797101449,327.0,1186.0,83.0,267.0,0.2118798622942071,0.22131738071684148,0.2200751476113795,410.0,0.014634146341463415,0.05609756097560976,0.1073170731707317,0.22439024390243903
existing_suite_with_frozen_tensor_adapter,pca_sequence_128_causal_past_2s_mean,PCA128,grouped_0,arousal__future_change_p3s_movement,0.05,binary,autoregressive_plus_PCA128,AR_plus_PCA128,False,7874,1863,99,25,True,True,0.44741873804971316,0.647031373273127,0.36792452830188677,0.5707317073170731,0.6897477187332259,234.0,402.0,176.0,1051.0,0.24663925511051565,0.43158534769157714,0.2200751476113795,410.0,0.03414634146341464,0.14390243902439023,0.25853658536585367,0.4317073170731707
existing_suite_with_frozen_tensor_adapter,pca_sequence_128_causal_past_2s_mean,PCA128,grouped_0,arousal__future_change_p3s_movement,0.05,binary,autoregressive_plus_shuffled_PCA128,AR_plus_shuffled_PCA128,True,7874,1863,99,25,True,True,0.44038155802861684,0.6413148574018431,0.3266509433962264,0.675609756097561,0.6221148684916801,277.0,571.0,133.0,882.0,0.24488040377965042,0.4408947695640416,0.2200751476113795,410.0,0.03170731707317073,0.14878048780487804,0.275609756097561,0.4292682926829268
existing_suite_with_frozen_tensor_adapter,pca_sequence_128_causal_past_2s_mean,PCA128,grouped_0,arousal__future_change_p3s_movement,0.05,binary,autoregressive_plus_random_gaussian_PCA128,AR_plus_random_PCA128,True,7874,1863,99,25,True,True,0.458259325044405,0.6570291910764944,0.36033519553072624,0.6292682926829268,0.6725711218464842,258.0,458.0,152.0,995.0,0.25256146812726227,0.44765789240962367,0.2200751476113795,410.0,0.024390243902439025,0.15853658536585366,0.2731707317073171,0.4609756097560976
existing_suite_with_frozen_tensor_adapter,pca_sequence_128_causal_past_2s_mean,PCA128,grouped_0,arousal__future_change_p3s_movement,0.05,binary,residualized_autoregressive_plus_PCA128,residualized_AR_plus_PCA128,False,7874,1863,99,25,True,True,0.46036294173829984,0.6576326523760764,0.3783359497645212,0.5878048780487805,0.6967257112184648,241.0,396.0,169.0,1057.0,0.24309048230445768,0.4449931395041329,0.2200751476113795,410.0,0.03170731707317073,0.15121951219512195,0.2658536585365854,0.45365853658536587
existing_suite_with_frozen_tensor_adapter,pca_sequence_128_causal_past_2s_mean,PCA128,grouped_0,arousal__future_change_p3s_movement,0.05,binary,residualized_autoregressive_plus_shuffled_PCA128,residualized_AR_plus_shuffled_PCA128,True,7874,1863,99,25,True,True,0.44356120826709067,0.6444421130377855,0.3290094339622642,0.6804878048780488,0.6242619431025228,279.0,569.0,131.0,884.0,0.24466644433131352,0.44036002649305017,0.2200751476113795,410.0,0.03170731707317073,0.14878048780487804,0.275609756097561,0.43658536585365854
existing_suite_with_frozen_tensor_adapter,pca_sequence_128_causal_past_2s_mean,PCA128,grouped_0,arousal__future_change_p3s_movement,0.05,binary,residualized_autoregressive_plus_random_gaussian_PCA128,residualized_AR_plus_random_PCA128,True,7874,1863,99,25,True,True,0.4472168905950096,0.646844207946553,0.3686708860759494,0.5682926829268292,0.6908212560386473,233.0,399.0,177.0,1054.0,0.26763995620639236,0.4452952932860648,0.2200751476113795,410.0,0.03414634146341464,0.14634146341463414,0.2682926829268293,0.44390243902439025
existing_suite_with_frozen_tensor_adapter,pca_sequence_128_causal_past_2s_mean,PCA128,grouped_1,arousal__future_spike_1_3s,0.05,binary,mean_train,mean_train,True,7915,2070,99,25,True,True,0.2793017456359102,0.5,0.16231884057971013,1.0,0.16231884057971013,336.0,1734.0,0.0,0.0,0.15982312065698043,0.17258498455878624,0.16231884057971013,336.0,0.01488095238095238,0.05357142857142857,0.11011904761904762,0.19345238095238096
existing_suite_with_frozen_tensor_adapter,pca_sequence_128_causal_past_2s_mean,PCA128,grouped_1,arousal__future_spike_1_3s,0.05,binary,time_ridge,time_ridge,True,7915,2070,99,25,True,True,0.24492557510148846,0.4922402784643269,0.1584938704028021,0.5386904761904762,0.4608695652173913,181.0,961.0,155.0,773.0,0.16248323160567785,0.1862253414314243,0.16231884057971013,336.0,0.023809523809523808,0.0744047619047619,0.13095238095238096,0.20238095238095238
existing_suite_with_frozen_tensor_adapter,pca_sequence_128_causal_past_2s_mean,PCA128,grouped_1,arousal__future_spike_1_3s,0.05,binary,autoregressive,AR_only,False,7915,2070,99,25,True,True,0.472463768115942,0.6874845526445873,0.4604519774011299,0.4851190476190476,0.8241545893719807,163.0,191.0,173.0,1543.0,0.21979923256611766,0.457660913019466,0.16231884057971013,336.0,0.05952380952380952,0.19345238095238096,0.3125,0.46726190476190477
existing_suite_with_frozen_tensor_adapter,pca_sequence_128_causal_past_2s_mean,PCA128,grouped_1,arousal__future_spike_1_3s,0.05,binary,PCA128,PCA128_only,False,7915,2070,99,25,True,True,0.3207070707070707,0.5941207365299062,0.27850877192982454,0.37797619047619047,0.740096618357488,127.0,329.0,209.0,1405.0,0.25697163792916144,0.25130040431750356,0.16231884057971013,336.0,0.023809523809523808,0.09226190476190477,0.17857142857142858,0.3005952380952381
existing_suite_with_frozen_tensor_adapter,pca_sequence_128_causal_past_2s_mean,PCA128,grouped_1,arousal__future_spike_1_3s,0.05,binary,shuffled_PCA128,shuffled_PCA128,True,7915,2070,99,25,True,True,0.2608695652173913,0.5043921980556929,0.16422513492675406,0.6339285714285714,0.41690821256038646,213.0,1084.0,123.0,650.0,0.15227232843262123,0.17038958271051574,0.16231884057971013,336.0,0.008928571428571428,0.05952380952380952,0.12202380952380952,0.16964285714285715
existing_suite_with_frozen_tensor_adapter,pca_sequence_128_causal_past_2s_mean,PCA128,grouped_1,arousal__future_spike_1_3s,0.05,binary,random_gaussian_PCA128,random_gaussian_PCA128,True,7915,2070,99,25,True,True,0.2488599348534202,0.49356875102982367,0.15929941618015012,0.5684523809523809,0.4429951690821256,191.0,1008.0,145.0,726.0,0.15122585113269976,0.16110021642634223,0.16231884057971013,336.0,0.008928571428571428,0.044642857142857144,0.09523809523809523,0.17559523809523808
existing_suite_with_frozen_tensor_adapter,pca_sequence_128_causal_past_2s_mean,PCA128,grouped_1,arousal__future_spike_1_3s,0.05,binary,autoregressive_plus_PCA128,AR_plus_PCA128,False,7915,2070,99,25,True,True,0.4357405140758874,0.6775107101664195,0.3700623700623701,0.5297619047619048,0.7772946859903381,178.0,303.0,158.0,1431.0,0.2584430589568157,0.42280358213559377,0.16231884057971013,336.0,0.05357142857142857,0.17857142857142858,0.2857142857142857,0.41369047619047616
existing_suite_with_frozen_tensor_adapter,pca_sequence_128_causal_past_2s_mean,PCA128,grouped_1,arousal__future_spike_1_3s,0.05,binary,autoregressive_plus_shuffled_PCA128,AR_plus_shuffled_PCA128,True,7915,2070,99,25,True,True,0.45721271393643037,0.6932103723842478,0.3879668049792531,0.5565476190476191,0.7855072463768116,187.0,295.0,149.0,1439.0,0.2133185036423791,0.43421349808591014,0.16231884057971013,336.0,0.05357142857142857,0.19345238095238096,0.3005952380952381,0.4255952380952381
existing_suite_with_frozen_tensor_adapter,pca_sequence_128_causal_past_2s_mean,PCA128,grouped_1,arousal__future_spike_1_3s,0.05,binary,autoregressive_plus_random_gaussian_PCA128,AR_plus_random_PCA128,True,7915,2070,99,25,True,True,0.43636363636363634,0.6623826000988631,0.4444444444444444,0.42857142857142855,0.8202898550724638,144.0,180.0,192.0,1554.0,0.24199786116889527,0.42989366281638347,0.16231884057971013,336.0,0.05654761904761905,0.18452380952380953,0.31845238095238093,0.4494047619047619
existing_suite_with_frozen_tensor_adapter,pca_sequence_128_causal_past_2s_mean,PCA128,grouped_1,arousal__future_spike_1_3s,0.05,binary,residualized_autoregressive_plus_PCA128,residualized_AR_plus_PCA128,False,7915,2070,99,25,True,True,0.46054333764553684,0.690198138078761,0.4073226544622426,0.5297619047619048,0.7985507246376812,178.0,259.0,158.0,1475.0,0.25218004835433105,0.4469679320788422,0.16231884057971013,336.0,0.05952380952380952,0.17857142857142858,0.3005952380952381,0.4494047619047619
existing_suite_with_frozen_tensor_adapter,pca_sequence_128_causal_past_2s_mean,PCA128,grouped_1,arousal__future_spike_1_3s,0.05,binary,residualized_autoregressive_plus_shuffled_PCA128,residualized_AR_plus_shuffled_PCA128,True,7915,2070,99,25,True,True,0.4577723378212974,0.6934987230186191,0.3887733887733888,0.5565476190476191,0.7859903381642512,187.0,294.0,149.0,1440.0,0.2132102046674166,0.43488610535951155,0.16231884057971013,336.0,0.05357142857142857,0.19345238095238096,0.2976190476190476,0.42857142857142855
existing_suite_with_frozen_tensor_adapter,pca_sequence_128_causal_past_2s_mean,PCA128,grouped_1,arousal__future_spike_1_3s,0.05,binary,residualized_autoregressive_plus_random_gaussian_PCA128,residualized_AR_plus_random_PCA128,True,7915,2070,99,25,True,True,0.45864661654135336,0.6918716015818092,0.3961038961038961,0.5446428571428571,0.7913043478260869,183.0,279.0,153.0,1455.0,0.20280418238757186,0.43741971613130426,0.16231884057971013,336.0,0.05357142857142857,0.19345238095238096,0.33035714285714285,0.4642857142857143
existing_suite_with_frozen_tensor_adapter,pca_sequence_128_causal_past_2s_mean,PCA128,grouped_1,arousal__future_spike_1_3s,0.075,binary,mean_train,mean_train,True,7915,2070,99,25,True,True,0.1842105263157895,0.5,0.10144927536231885,1.0,0.10144927536231885,210.0,1860.0,0.0,0.0,0.09185091598231207,0.1029539858043236,0.10144927536231885,210.0,0.023809523809523808,0.02857142857142857,0.08571428571428572,0.09047619047619047
existing_suite_with_frozen_tensor_adapter,pca_sequence_128_causal_past_2s_mean,PCA128,grouped_1,arousal__future_spike_1_3s,0.075,binary,time_ridge,time_ridge,True,7915,2070,99,25,True,True,0.16860109957238853,0.48206605222734256,0.09670637701471618,0.6571428571428571,0.34251207729468597,138.0,1289.0,72.0,571.0,0.08391058558898906,0.11701764919726287,0.10144927536231885,210.0,0.01904761904761905,0.0761904761904762,0.13333333333333333,0.1380952380952381
existing_suite_with_frozen_tensor_adapter,pca_sequence_128_causal_past_2s_mean,PCA128,grouped_1,arousal__future_spike_1_3s,0.075,binary,autoregressive,AR_only,False,7915,2070,99,25,True,True,0.368421052631579,0.6564516129032258,0.34146341463414637,0.4,0.8608695652173913,84.0,162.0,126.0,1698.0,0.16072263876209766,0.33241273708957303,0.10144927536231885,210.0,0.0761904761904762,0.21904761904761905,0.3380952380952381,0.34285714285714286
existing_suite_with_frozen_tensor_adapter,pca_sequence_128_causal_past_2s_mean,PCA128,grouped_1,arousal__future_spike_1_3s,0.075,binary,PCA128,PCA128_only,False,7915,2070,99,25,True,True,0.17766497461928935,0.5432795698924732,0.19021739130434784,0.16666666666666666,0.8434782608695652,35.0,149.0,175.0,1711.0,0.2272586365420014,0.16242021365944614,0.10144927536231885,210.0,0.02857142857142857,0.10952380952380952,0.19047619047619047,0.19523809523809524
existing_suite_with_frozen_tensor_adapter,pca_sequence_128_causal_past_2s_mean,PCA128,grouped_1,arousal__future_spike_1_3s,0.075,binary,shuffled_PCA128,shuffled_PCA128,True,7915,2070,99,25,True,True,0.13014608233731742,0.4838709677419355,0.09023941068139964,0.23333333333333334,0.6835748792270532,49.0,494.0,161.0,1366.0,0.1089559548516399,0.09935512990221895,0.10144927536231885,210.0,0.004761904761904762,0.023809523809523808,0.09523809523809523,0.09523809523809523
existing_suite_with_frozen_tensor_adapter,pca_sequence_128_causal_past_2s_mean,PCA128,grouped_1,arousal__future_spike_1_3s,0.075,binary,random_gaussian_PCA128,random_gaussian_PCA128,True,7915,2070,99,25,True,True,0.16703786191536749,0.5137864823348695,0.10901162790697674,0.35714285714285715,0.6386473429951691,75.0,613.0,135.0,1247.0,0.1107925216348325,0.11313534046747192,0.10144927536231885,210.0,0.01904761904761905,0.05714285714285714,0.12380952380952381,0.12380952380952381
existing_suite_with_frozen_tensor_adapter,pca_sequence_128_causal_past_2s_mean,PCA128,grouped_1,arousal__future_spike_1_3s,0.075,binary,autoregressive_plus_PCA128,AR_plus_PCA128,False,7915,2070,99,25,True,True,0.26966292134831465,0.5879416282642089,0.3287671232876712,0.22857142857142856,0.8743961352657005,48.0,98.0,162.0,1762.0,0.257049325487911,0.2954722060707714,0.10144927536231885,210.0,0.06666666666666667,0.2,0.3,0.3
existing_suite_with_frozen_tensor_adapter,pca_sequence_128_causal_past_2s_mean,PCA128,grouped_1,arousal__future_spike_1_3s,0.075,binary,autoregressive_plus_shuffled_PCA128,AR_plus_shuffled_PCA128,True,7915,2070,99,25,True,True,0.3502304147465438,0.6411674347158218,0.3392857142857143,0.3619047619047619,0.863768115942029,76.0,148.0,134.0,1712.0,0.17300512448870808,0.3220362866172231,0.10144927536231885,210.0,0.08095238095238096,0.22380952380952382,0.3380952380952381,0.34285714285714286
existing_suite_with_frozen_tensor_adapter,pca_sequence_128_causal_past_2s_mean,PCA128,grouped_1,arousal__future_spike_1_3s,0.075,binary,autoregressive_plus_random_gaussian_PCA128,AR_plus_random_PCA128,True,7915,2070,99,25,True,True,0.35662650602409646,0.6409754224270353,0.36097560975609755,0.3523809523809524,0.8710144927536232,74.0,131.0,136.0,1729.0,0.18725321416182084,0.32438524033095606,0.10144927536231885,210.0,0.0761904761904762,0.20476190476190476,0.3523809523809524,0.35714285714285715
existing_suite_with_frozen_tensor_adapter,pca_sequence_128_causal_past_2s_mean,PCA128,grouped_1,arousal__future_spike_1_3s,0.075,binary,residualized_autoregressive_plus_PCA128,residualized_AR_plus_PCA128,False,7915,2070,99,25,True,True,0.3356643356643356,0.6319124423963134,0.3287671232876712,0.34285714285714286,0.8623188405797102,72.0,147.0,138.0,1713.0,0.2267725168544824,0.32189378512952943,0.10144927536231885,210.0,0.06666666666666667,0.20952380952380953,0.3238095238095238,0.3238095238095238
existing_suite_with_frozen_tensor_adapter,pca_sequence_128_causal_past_2s_mean,PCA128,grouped_1,arousal__future_spike_1_3s,0.075,binary,residualized_autoregressive_plus_shuffled_PCA128,residualized_AR_plus_shuffled_PCA128,True,7915,2070,99,25,True,True,0.3502304147465438,0.6411674347158218,0.3392857142857143,0.3619047619047619,0.863768115942029,76.0,148.0,134.0,1712.0,0.17319627273019747,0.3217881646778548,0.10144927536231885,210.0,0.08095238095238096,0.21904761904761905,0.3380952380952381,0.3476190476190476
existing_suite_with_frozen_tensor_adapter,pca_sequence_128_causal_past_2s_mean,PCA128,grouped_1,arousal__future_spike_1_3s,0.075,binary,residualized_autoregressive_plus_random_gaussian_PCA128,residualized_AR_plus_random_PCA128,True,7915,2070,99,25,True,True,0.31720430107526887,0.6127880184331798,0.36419753086419754,0.28095238095238095,0.8772946859903382,59.0,103.0,151.0,1757.0,0.2069523061566493,0.32261840461519753,0.10144927536231885,210.0,0.08095238095238096,0.21428571428571427,0.34285714285714286,0.3476190476190476
existing_suite_with_frozen_tensor_adapter,pca_sequence_128_causal_past_2s_mean,PCA128,grouped_1,arousal__future_change_p3s_movement,0.05,binary,mean_train,mean_train,True,7717,2020,99,25,True,True,0.4100747737111374,0.5,0.25792079207920793,1.0,0.25792079207920793,521.0,1499.0,0.0,0.0,0.25074510820266943,0.27617903058627036,0.25792079207920793,521.0,0.013435700575815739,0.05566218809980806,0.10940499040307101,0.2763915547024952
existing_suite_with_frozen_tensor_adapter,pca_sequence_128_causal_past_2s_mean,PCA128,grouped_1,arousal__future_change_p3s_movement,0.05,binary,time_ridge,time_ridge,True,7717,2020,99,25,True,True,0.40803212851405624,0.5001991090669531,0.2579989842559675,0.9750479846449136,0.2702970297029703,508.0,1461.0,13.0,38.0,0.19666344709065908,0.32124945750219536,0.25792079207920793,521.0,0.023032629558541268,0.08253358925143954,0.15355086372360843,0.33013435700575816
existing_suite_with_frozen_tensor_adapter,pca_sequence_128_causal_past_2s_mean,PCA128,grouped_1,arousal__future_change_p3s_movement,0.05,binary,autoregressive,AR_only,False,7717,2020,99,25,True,True,0.4459574468085106,0.6206857034568151,0.40061162079510704,0.5028790786948176,0.6777227722772278,262.0,392.0,259.0,1107.0,0.24557859660620174,0.41868842687283,0.25792079207920793,521.0,0.026871401151631478,0.10748560460652591,0.19385796545105566,0.4126679462571977
existing_suite_with_frozen_tensor_adapter,pca_sequence_128_causal_past_2s_mean,PCA128,grouped_1,arousal__future_change_p3s_movement,0.05,binary,PCA128,PCA128_only,False,7717,2020,99,25,True,True,0.4131326949384405,0.5766851605484911,0.32093517534537724,0.5796545105566219,0.5752475247524752,302.0,639.0,219.0,860.0,0.2806640263009123,0.3214114685341413,0.25792079207920793,521.0,0.02111324376199616,0.0710172744721689,0.1324376199616123,0.33205374280230326
existing_suite_with_frozen_tensor_adapter,pca_sequence_128_causal_past_2s_mean,PCA128,grouped_1,arousal__future_change_p3s_movement,0.05,binary,shuffled_PCA128,shuffled_PCA128,True,7717,2020,99,25,True,True,0.38421052631578956,0.5120624242137113,0.26468455402465557,0.7005758157389635,0.4207920792079208,365.0,1014.0,156.0,485.0,0.21472442453910434,0.2591682623935532,0.25792079207920793,521.0,0.011516314779270634,0.04222648752399232,0.09404990403071017,0.2648752399232246
existing_suite_with_frozen_tensor_adapter,pca_sequence_128_causal_past_2s_mean,PCA128,grouped_1,arousal__future_change_p3s_movement,0.05,binary,random_gaussian_PCA128,random_gaussian_PCA128,True,7717,2020,99,25,True,True,0.3954233409610984,0.5036467049690196,0.25961538461538464,0.8291746641074856,0.346039603960396,432.0,1232.0,89.0,267.0,0.1936066006706316,0.2803310709687227,0.25792079207920793,521.0,0.013435700575815739,0.05950095969289827,0.11132437619961612,0.29558541266794625
existing_suite_with_frozen_tensor_adapter,pca_sequence_128_causal_past_2s_mean,PCA128,grouped_1,arousal__future_change_p3s_movement,0.05,binary,autoregressive_plus_PCA128,AR_plus_PCA128,False,7717,2020,99,25,True,True,0.43817427385892116,0.6132655295468892,0.38596491228070173,0.5067178502879078,0.6648514851485149,264.0,420.0,257.0,1079.0,0.2891132408987188,0.40707109757478327,0.25792079207920793,521.0,0.02495201535508637,0.10940499040307101,0.20153550863723607,0.4069097888675624
existing_suite_with_frozen_tensor_adapter,pca_sequence_128_causal_past_2s_mean,PCA128,grouped_1,arousal__future_change_p3s_movement,0.05,binary,autoregressive_plus_shuffled_PCA128,AR_plus_shuffled_PCA128,True,7717,2020,99,25,True,True,0.4153461217681402,0.5958681347385781,0.3672566371681416,0.4779270633397313,0.652970297029703,249.0,429.0,272.0,1070.0,0.24208966527778855,0.4064868608556715,0.25792079207920793,521.0,0.02495201535508637,0.11324376199616124,0.19193857965451055,0.40307101727447214
existing_suite_with_frozen_tensor_adapter,pca_sequence_128_causal_past_2s_mean,PCA128,grouped_1,arousal__future_change_p3s_movement,0.05,binary,autoregressive_plus_random_gaussian_PCA128,AR_plus_random_PCA128,True,7717,2020,99,25,True,True,0.44038155802861684,0.612399309072331,0.3758480325644505,0.5316698656429942,0.6514851485148515,277.0,460.0,244.0,1039.0,0.24603505475165388,0.4040298147990057,0.25792079207920793,521.0,0.026871401151631478,0.10940499040307101,0.20153550863723607,0.40307101727447214
existing_suite_with_frozen_tensor_adapter,pca_sequence_128_causal_past_2s_mean,PCA128,grouped_1,arousal__future_change_p3s_movement,0.05,binary,residualized_autoregressive_plus_PCA128,residualized_AR_plus_PCA128,False,7717,2020,99,25,True,True,0.43402777777777773,0.6128385014193724,0.39619651347068147,0.4798464491362764,0.6772277227722773,250.0,381.0,271.0,1118.0,0.2929174761194231,0.4184126051066249,0.25792079207920793,521.0,0.023032629558541268,0.10940499040307101,0.20153550863723607,0.4107485604606526
existing_suite_with_frozen_tensor_adapter,pca_sequence_128_causal_past_2s_mean,PCA128,grouped_1,arousal__future_change_p3s_movement,0.05,binary,residualized_autoregressive_plus_shuffled_PCA128,residualized_AR_plus_shuffled_PCA128,True,7717,2020,99,25,True,True,0.40959409594095947,0.5993093284198423,0.39431616341030196,0.42610364683301344,0.6831683168316832,222.0,341.0,299.0,1158.0,0.2600189257996256,0.40811259368586916,0.25792079207920793,521.0,0.02495201535508637,0.11324376199616124,0.19385796545105566,0.4069097888675624
existing_suite_with_frozen_tensor_adapter,pca_sequence_128_causal_past_2s_mean,PCA128,grouped_1,arousal__future_change_p3s_movement,0.05,binary,residualized_autoregressive_plus_random_gaussian_PCA128,residualized_AR_plus_random_PCA128,True,7717,2020,99,25,True,True,0.4345830145371079,0.6051078198005324,0.361323155216285,0.54510556621881,0.6341584158415842,284.0,502.0,237.0,997.0,0.24139975978767148,0.4062508047075859,0.25792079207920793,521.0,0.028790786948176585,0.11324376199616124,0.2053742802303263,0.39923224568138194
existing_suite_with_frozen_tensor_adapter,pca_sequence_128_causal_past_2s_mean,PCA128,grouped_2,arousal__future_spike_1_3s,0.05,binary,mean_train,mean_train,True,8104,1881,99,25,True,True,0.29850746268656714,0.5,0.17543859649122806,1.0,0.17543859649122806,330.0,1551.0,0.0,0.0,0.15683613030602173,0.19156869924333492,0.17543859649122806,330.0,0.012121212121212121,0.07575757575757576,0.13333333333333333,0.20909090909090908
existing_suite_with_frozen_tensor_adapter,pca_sequence_128_causal_past_2s_mean,PCA128,grouped_2,arousal__future_spike_1_3s,0.05,binary,time_ridge,time_ridge,True,8104,1881,99,25,True,True,0.3045912653975364,0.5304319793681496,0.18681318681318682,0.8242424242424242,0.3397129186602871,272.0,1184.0,58.0,367.0,0.14402589264674698,0.21685355278317317,0.17543859649122806,330.0,0.01818181818181818,0.07575757575757576,0.1393939393939394,0.23636363636363636
existing_suite_with_frozen_tensor_adapter,pca_sequence_128_causal_past_2s_mean,PCA128,grouped_2,arousal__future_spike_1_3s,0.05,binary,autoregressive,AR_only,False,8104,1881,99,25,True,True,0.38109756097560976,0.6245970341715023,0.3834355828220859,0.3787878787878788,0.7841573631047315,125.0,201.0,205.0,1350.0,0.23064162941805533,0.4109470943369099,0.17543859649122806,330.0,0.051515151515151514,0.1787878787878788,0.2696969696969697,0.38484848484848483
existing_suite_with_frozen_tensor_adapter,pca_sequence_128_causal_past_2s_mean,PCA128,grouped_2,arousal__future_spike_1_3s,0.05,binary,PCA128,PCA128_only,False,8104,1881,99,25,True,True,0.3475783475783476,0.6042553191489362,0.3279569892473118,0.3696969696969697,0.7565124933545986,122.0,250.0,208.0,1301.0,0.2505923611956687,0.340386719292572,0.17543859649122806,330.0,0.04242424242424243,0.14242424242424243,0.23636363636363636,0.3393939393939394
existing_suite_with_frozen_tensor_adapter,pca_sequence_128_causal_past_2s_mean,PCA128,grouped_2,arousal__future_spike_1_3s,0.05,binary,shuffled_PCA128,shuffled_PCA128,True,8104,1881,99,25,True,True,0.27564604541895066,0.5181173436492585,0.18585005279831046,0.5333333333333333,0.5082402977139819,176.0,771.0,154.0,780.0,0.15672504535101928,0.18198526464780104,0.17543859649122806,330.0,0.021212121212121213,0.048484848484848485,0.08787878787878788,0.17272727272727273
existing_suite_with_frozen_tensor_adapter,pca_sequence_128_causal_past_2s_mean,PCA128,grouped_2,arousal__future_spike_1_3s,0.05,binary,random_gaussian_PCA128,random_gaussian_PCA128,True,8104,1881,99,25,True,True,0.24761904761904763,0.4868471953578336,0.16774193548387098,0.4727272727272727,0.4960127591706539,156.0,774.0,174.0,777.0,0.15717552405034244,0.17602714245123807,0.17543859649122806,330.0,0.015151515151515152,0.051515151515151514,0.10909090909090909,0.15757575757575756
existing_suite_with_frozen_tensor_adapter,pca_sequence_128_causal_past_2s_mean,PCA128,grouped_2,arousal__future_spike_1_3s,0.05,binary,autoregressive_plus_PCA128,AR_plus_PCA128,False,8104,1881,99,25,True,True,0.4163027656477438,0.647678916827853,0.4005602240896359,0.43333333333333335,0.786815523657629,143.0,214.0,187.0,1337.0,0.2669844646532874,0.44371210483533274,0.17543859649122806,330.0,0.05454545454545454,0.19696969696969696,0.3,0.42727272727272725
existing_suite_with_frozen_tensor_adapter,pca_sequence_128_causal_past_2s_mean,PCA128,grouped_2,arousal__future_spike_1_3s,0.05,binary,autoregressive_plus_shuffled_PCA128,AR_plus_shuffled_PCA128,True,8104,1881,99,25,True,True,0.381562099871959,0.628401031592521,0.3303769401330377,0.45151515151515154,0.7432216905901117,149.0,302.0,181.0,1249.0,0.21701124260007623,0.40159798063298147,0.17543859649122806,330.0,0.048484848484848485,0.17575757575757575,0.27575757575757576,0.3878787878787879
existing_suite_with_frozen_tensor_adapter,pca_sequence_128_causal_past_2s_mean,PCA128,grouped_2,arousal__future_spike_1_3s,0.05,binary,autoregressive_plus_random_gaussian_PCA128,AR_plus_random_PCA128,True,8104,1881,99,25,True,True,0.3779761904761904,0.6231141199226305,0.3713450292397661,0.38484848484848483,0.7777777777777778,127.0,215.0,203.0,1336.0,0.23919996350714948,0.40128816234618014,0.17543859649122806,330.0,0.048484848484848485,0.18484848484848485,0.27575757575757576,0.38484848484848483
existing_suite_with_frozen_tensor_adapter,pca_sequence_128_causal_past_2s_mean,PCA128,grouped_2,arousal__future_spike_1_3s,0.05,binary,residualized_autoregressive_plus_PCA128,residualized_AR_plus_PCA128,False,8104,1881,99,25,True,True,0.43399089529590285,0.6567053513862025,0.43465045592705165,0.43333333333333335,0.8017012227538544,143.0,186.0,187.0,1365.0,0.2664285010592943,0.4435668285425931,0.17543859649122806,330.0,0.05454545454545454,0.18787878787878787,0.29393939393939394,0.43636363636363634
existing_suite_with_frozen_tensor_adapter,pca_sequence_128_causal_past_2s_mean,PCA128,grouped_2,arousal__future_spike_1_3s,0.05,binary,residualized_autoregressive_plus_shuffled_PCA128,residualized_AR_plus_shuffled_PCA128,True,8104,1881,99,25,True,True,0.3863013698630136,0.6301418439716312,0.3525,0.42727272727272725,0.7618288144603934,141.0,259.0,189.0,1292.0,0.22813175346004677,0.40229875076121485,0.17543859649122806,330.0,0.048484848484848485,0.17575757575757575,0.27575757575757576,0.3939393939393939
existing_suite_with_frozen_tensor_adapter,pca_sequence_128_causal_past_2s_mean,PCA128,grouped_2,arousal__future_spike_1_3s,0.05,binary,residualized_autoregressive_plus_random_gaussian_PCA128,residualized_AR_plus_random_PCA128,True,8104,1881,99,25,True,True,0.38778625954198476,0.6285944551901999,0.39076923076923076,0.38484848484848483,0.786815523657629,127.0,198.0,203.0,1353.0,0.2378066429450279,0.409004529013137,0.17543859649122806,330.0,0.048484848484848485,0.17272727272727273,0.2818181818181818,0.38484848484848483
existing_suite_with_frozen_tensor_adapter,pca_sequence_128_causal_past_2s_mean,PCA128,grouped_2,arousal__future_spike_1_3s,0.075,binary,mean_train,mean_train,True,8104,1881,99,25,True,True,0.18523878437047755,0.5,0.10207336523125997,1.0,0.10207336523125997,192.0,1689.0,0.0,0.0,0.0919299111549852,0.1142494010000937,0.10207336523125997,192.0,0.015625,0.08333333333333333,0.14583333333333334,0.14583333333333334
existing_suite_with_frozen_tensor_adapter,pca_sequence_128_causal_past_2s_mean,PCA128,grouped_2,arousal__future_spike_1_3s,0.075,binary,time_ridge,time_ridge,True,8104,1881,99,25,True,True,0.1590524534686971,0.5181921625222025,0.11779448621553884,0.24479166666666666,0.735778841041999,47.0,352.0,145.0,1337.0,0.09640744130911542,0.13090840290637784,0.10207336523125997,192.0,0.026041666666666668,0.11458333333333333,0.17708333333333334,0.17708333333333334
existing_suite_with_frozen_tensor_adapter,pca_sequence_128_causal_past_2s_mean,PCA128,grouped_2,arousal__future_spike_1_3s,0.075,binary,autoregressive,AR_only,False,8104,1881,99,25,True,True,0.31890660592255127,0.6298937981053878,0.2834008097165992,0.3645833333333333,0.8410419989367358,70.0,177.0,122.0,1512.0,0.16541672271536806,0.28988553915102155,0.10207336523125997,192.0,0.0625,0.24479166666666666,0.3072916666666667,0.3125
existing_suite_with_frozen_tensor_adapter,pca_sequence_128_causal_past_2s_mean,PCA128,grouped_2,arousal__future_spike_1_3s,0.075,binary,PCA128,PCA128_only,False,8104,1881,99,25,True,True,0.3360995850622407,0.6490665704558911,0.2793103448275862,0.421875,0.8298777246145668,81.0,209.0,111.0,1480.0,0.17998146853672037,0.2948066205546226,0.10207336523125997,192.0,0.052083333333333336,0.21875,0.3385416666666667,0.3385416666666667
existing_suite_with_frozen_tensor_adapter,pca_sequence_128_causal_past_2s_mean,PCA128,grouped_2,arousal__future_spike_1_3s,0.075,binary,shuffled_PCA128,shuffled_PCA128,True,8104,1881,99,25,True,True,0.14232209737827714,0.48502719804618116,0.09359605911330049,0.296875,0.6347687400318979,57.0,552.0,135.0,1137.0,0.11606274047798688,0.09276571220611232,0.10207336523125997,192.0,0.0,0.036458333333333336,0.08854166666666667,0.08854166666666667
existing_suite_with_frozen_tensor_adapter,pca_sequence_128_causal_past_2s_mean,PCA128,grouped_2,arousal__future_spike_1_3s,0.075,binary,random_gaussian_PCA128,random_gaussian_PCA128,True,8104,1881,99,25,True,True,0.16761041902604756,0.510055876258141,0.10709117221418235,0.3854166666666667,0.6092503987240829,74.0,617.0,118.0,1072.0,0.10500302900307719,0.10032189941076058,0.10207336523125997,192.0,0.0,0.015625,0.09895833333333333,0.09895833333333333
existing_suite_with_frozen_tensor_adapter,pca_sequence_128_causal_past_2s_mean,PCA128,grouped_2,arousal__future_spike_1_3s,0.075,binary,autoregressive_plus_PCA128,AR_plus_PCA128,False,8104,1881,99,25,True,True,0.384,0.6546403197158082,0.39344262295081966,0.375,0.8771929824561403,72.0,111.0,120.0,1578.0,0.2324845671274991,0.35561527001815474,0.10207336523125997,192.0,0.078125,0.265625,0.3854166666666667,0.3854166666666667
existing_suite_with_frozen_tensor_adapter,pca_sequence_128_causal_past_2s_mean,PCA128,grouped_2,arousal__future_spike_1_3s,0.075,binary,autoregressive_plus_shuffled_PCA128,AR_plus_shuffled_PCA128,True,8104,1881,99,25,True,True,0.2851485148514851,0.6161560094730609,0.23003194888178913,0.375,0.8080808080808081,72.0,241.0,120.0,1448.0,0.1688318509339286,0.2715521665227661,0.10207336523125997,192.0,0.0625,0.23958333333333334,0.296875,0.3020833333333333
existing_suite_with_frozen_tensor_adapter,pca_sequence_128_causal_past_2s_mean,PCA128,grouped_2,arousal__future_spike_1_3s,0.075,binary,autoregressive_plus_random_gaussian_PCA128,AR_plus_random_PCA128,True,8104,1881,99,25,True,True,0.3022222222222222,0.6208370337477798,0.26356589147286824,0.3541666666666667,0.8330675172780436,68.0,190.0,124.0,1499.0,0.17343721127065612,0.2778672884819672,0.10207336523125997,192.0,0.0625,0.23958333333333334,0.3020833333333333,0.3072916666666667
existing_suite_with_frozen_tensor_adapter,pca_sequence_128_causal_past_2s_mean,PCA128,grouped_2,arousal__future_spike_1_3s,0.075,binary,residualized_autoregressive_plus_PCA128,residualized_AR_plus_PCA128,False,8104,1881,99,25,True,True,0.3931203931203931,0.668368857312019,0.37209302325581395,0.4166666666666667,0.8686868686868687,80.0,135.0,112.0,1554.0,0.21437858688808223,0.352521205243635,0.10207336523125997,192.0,0.078125,0.2552083333333333,0.4010416666666667,0.4010416666666667
existing_suite_with_frozen_tensor_adapter,pca_sequence_128_causal_past_2s_mean,PCA128,grouped_2,arousal__future_spike_1_3s,0.075,binary,residualized_autoregressive_plus_shuffled_PCA128,residualized_AR_plus_shuffled_PCA128,True,8104,1881,99,25,True,True,0.2851485148514851,0.6161560094730609,0.23003194888178913,0.375,0.8080808080808081,72.0,241.0,120.0,1448.0,0.16862812401058166,0.27183148829758613,0.10207336523125997,192.0,0.0625,0.23958333333333334,0.296875,0.3020833333333333
existing_suite_with_frozen_tensor_adapter,pca_sequence_128_causal_past_2s_mean,PCA128,grouped_2,arousal__future_spike_1_3s,0.075,binary,residualized_autoregressive_plus_random_gaussian_PCA128,residualized_AR_plus_random_PCA128,True,8104,1881,99,25,True,True,0.3183856502242153,0.6307217658377738,0.2795275590551181,0.3697916666666667,0.8383838383838383,71.0,183.0,121.0,1506.0,0.17539760807699947,0.28275908796601135,0.10207336523125997,192.0,0.0625,0.23958333333333334,0.3229166666666667,0.328125
existing_suite_with_frozen_tensor_adapter,pca_sequence_128_causal_past_2s_mean,PCA128,grouped_2,arousal__future_change_p3s_movement,0.05,binary,mean_train,mean_train,True,7906,1831,99,25,True,True,0.44501061571125267,0.5,0.2861824139814309,1.0,0.2861824139814309,524.0,1307.0,0.0,0.0,0.24437136352137617,0.3171123774422133,0.2861824139814309,524.0,0.015267175572519083,0.07061068702290077,0.11450381679389313,0.31679389312977096
existing_suite_with_frozen_tensor_adapter,pca_sequence_128_causal_past_2s_mean,PCA128,grouped_2,arousal__future_change_p3s_movement,0.05,binary,time_ridge,time_ridge,True,7906,1831,99,25,True,True,0.4132730015082957,0.48896210656652084,0.28054607508532425,0.7843511450381679,0.3626433642818132,411.0,1054.0,113.0,253.0,0.20013371673410144,0.335940652835199,0.2861824139814309,524.0,0.019083969465648856,0.0916030534351145,0.15267175572519084,0.30725190839694655
existing_suite_with_frozen_tensor_adapter,pca_sequence_128_causal_past_2s_mean,PCA128,grouped_2,arousal__future_change_p3s_movement,0.05,binary,autoregressive,AR_only,False,7906,1831,99,25,True,True,0.5046066619418852,0.6365577016300952,0.40135287485907556,0.6793893129770993,0.6182413981430912,356.0,531.0,168.0,776.0,0.223656413522116,0.49491865506241745,0.2861824139814309,524.0,0.026717557251908396,0.12786259541984732,0.22900763358778625,0.4618320610687023
existing_suite_with_frozen_tensor_adapter,pca_sequence_128_causal_past_2s_mean,PCA128,grouped_2,arousal__future_change_p3s_movement,0.05,binary,PCA128,PCA128_only,False,7906,1831,99,25,True,True,0.4164265129682997,0.5557939632162694,0.33449074074074076,0.5515267175572519,0.557618787547788,289.0,575.0,235.0,732.0,0.2675595116973666,0.3479108746909849,0.2861824139814309,524.0,0.022900763358778626,0.0648854961832061,0.12404580152671756,0.366412213740458
existing_suite_with_frozen_tensor_adapter,pca_sequence_128_causal_past_2s_mean,PCA128,grouped_2,arousal__future_change_p3s_movement,0.05,binary,shuffled_PCA128,shuffled_PCA128,True,7906,1831,99,25,True,True,0.41597510373443985,0.4989304508314011,0.28561253561253563,0.7652671755725191,0.3850354997269252,401.0,1003.0,123.0,304.0,0.2136009828988199,0.2937639953939065,0.2861824139814309,524.0,0.013358778625954198,0.05916030534351145,0.09541984732824428,0.2862595419847328
existing_suite_with_frozen_tensor_adapter,pca_sequence_128_causal_past_2s_mean,PCA128,grouped_2,arousal__future_change_p3s_movement,0.05,binary,random_gaussian_PCA128,random_gaussian_PCA128,True,7906,1831,99,25,True,True,0.4152947424322889,0.5027779075675897,0.28771155261221487,0.7461832061068703,0.3986892408519934,391.0,968.0,133.0,339.0,0.20300510272621033,0.29757361274474015,0.2861824139814309,524.0,0.015267175572519083,0.05534351145038168,0.11259541984732824,0.28435114503816794
existing_suite_with_frozen_tensor_adapter,pca_sequence_128_causal_past_2s_mean,PCA128,grouped_2,arousal__future_change_p3s_movement,0.05,binary,autoregressive_plus_PCA128,AR_plus_PCA128,False,7906,1831,99,25,True,True,0.4576271186440678,0.6009179871157654,0.38372093023255816,0.566793893129771,0.6155106499180776,297.0,477.0,227.0,830.0,0.27950797451440823,0.4587903180645509,0.2861824139814309,524.0,0.030534351145038167,0.12595419847328243,0.1984732824427481,0.4255725190839695
existing_suite_with_frozen_tensor_adapter,pca_sequence_128_causal_past_2s_mean,PCA128,grouped_2,arousal__future_change_p3s_movement,0.05,binary,autoregressive_plus_shuffled_PCA128,AR_plus_shuffled_PCA128,True,7906,1831,99,25,True,True,0.4788273615635179,0.6236866082223144,0.41761363636363635,0.5610687022900763,0.6504642271982524,294.0,410.0,230.0,897.0,0.26380067884307273,0.4895049390096277,0.2861824139814309,524.0,0.02862595419847328,0.1297709923664122,0.22900763358778625,0.4541984732824427
existing_suite_with_frozen_tensor_adapter,pca_sequence_128_causal_past_2s_mean,PCA128,grouped_2,arousal__future_change_p3s_movement,0.05,binary,autoregressive_plus_random_gaussian_PCA128,AR_plus_random_PCA128,True,7906,1831,99,25,True,True,0.46351931330472107,0.5987547965447356,0.3707093821510298,0.6183206106870229,0.590387766247952,324.0,550.0,200.0,757.0,0.23448133526223228,0.48379294427319697,0.2861824139814309,524.0,0.026717557251908396,0.12404580152671756,0.22328244274809161,0.46946564885496184
existing_suite_with_frozen_tensor_adapter,pca_sequence_128_causal_past_2s_mean,PCA128,grouped_2,arousal__future_change_p3s_movement,0.05,binary,residualized_autoregressive_plus_PCA128,residualized_AR_plus_PCA128,False,7906,1831,99,25,True,True,0.4757894736842105,0.6084771079974536,0.3762486126526082,0.6469465648854962,0.5920262151829602,339.0,562.0,185.0,745.0,0.2471845816171954,0.47196341696857724,0.2861824139814309,524.0,0.030534351145038167,0.12786259541984732,0.20801526717557253,0.44656488549618323
existing_suite_with_frozen_tensor_adapter,pca_sequence_128_causal_past_2s_mean,PCA128,grouped_2,arousal__future_change_p3s_movement,0.05,binary,residualized_autoregressive_plus_shuffled_PCA128,residualized_AR_plus_shuffled_PCA128,True,7906,1831,99,25,True,True,0.4792176039119805,0.6240691636928576,0.4182076813655761,0.5610687022900763,0.651010376843255,294.0,409.0,230.0,898.0,0.2638354800935595,0.4893324703469555,0.2861824139814309,524.0,0.02862595419847328,0.1297709923664122,0.23091603053435114,0.4541984732824427
existing_suite_with_frozen_tensor_adapter,pca_sequence_128_causal_past_2s_mean,PCA128,grouped_2,arousal__future_change_p3s_movement,0.05,binary,residualized_autoregressive_plus_random_gaussian_PCA128,residualized_AR_plus_random_PCA128,True,7906,1831,99,25,True,True,0.48199853049228514,0.6182563647301378,0.3918757467144564,0.6259541984732825,0.6149645002730748,328.0,509.0,196.0,798.0,0.2378368275646687,0.4914503103665223,0.2861824139814309,524.0,0.02862595419847328,0.12786259541984732,0.22519083969465647,0.4732824427480916
existing_suite_with_frozen_tensor_adapter,pca_sequence_128_causal_past_2s_mean,PCA128,grouped_3,arousal__future_spike_1_3s,0.05,binary,mean_train,mean_train,True,7844,2141,99,25,True,True,0.27963037364403376,0.5,0.1625408687529192,1.0,0.1625408687529192,348.0,1793.0,0.0,0.0,0.15973992860785313,0.19620567859291968,0.1625408687529192,348.0,0.0,0.0603448275862069,0.10919540229885058,0.23850574712643677
existing_suite_with_frozen_tensor_adapter,pca_sequence_128_causal_past_2s_mean,PCA128,grouped_3,arousal__future_spike_1_3s,0.05,binary,time_ridge,time_ridge,True,7844,2141,99,25,True,True,0.27586206896551724,0.5150072760607983,0.16802507836990596,0.7701149425287356,0.3428304530593181,268.0,1327.0,80.0,466.0,0.14194443219730116,0.17634337064192607,0.1625408687529192,348.0,0.014367816091954023,0.06321839080459771,0.1235632183908046,0.20689655172413793
existing_suite_with_frozen_tensor_adapter,pca_sequence_128_causal_past_2s_mean,PCA128,grouped_3,arousal__future_spike_1_3s,0.05,binary,autoregressive,AR_only,False,7844,2141,99,25,True,True,0.4181184668989547,0.6657595630517146,0.3508771929824561,0.5172413793103449,0.7659971975712284,180.0,333.0,168.0,1460.0,0.18659612688462876,0.386542420351806,0.1625408687529192,348.0,0.05172413793103448,0.1724137931034483,0.29310344827586204,0.4109195402298851
existing_suite_with_frozen_tensor_adapter,pca_sequence_128_causal_past_2s_mean,PCA128,grouped_3,arousal__future_spike_1_3s,0.05,binary,PCA128,PCA128_only,False,7844,2141,99,25,True,True,0.3071090047393365,0.5807786987710829,0.22913719943422914,0.46551724137931033,0.658570761326483,162.0,545.0,186.0,1248.0,0.2390007739186383,0.24901985197335685,0.1625408687529192,348.0,0.02586206896551724,0.09195402298850575,0.15804597701149425,0.2557471264367816
existing_suite_with_frozen_tensor_adapter,pca_sequence_128_causal_past_2s_mean,PCA128,grouped_3,arousal__future_spike_1_3s,0.05,binary,shuffled_PCA128,shuffled_PCA128,True,7844,2141,99,25,True,True,0.23059532780708364,0.4894873742715926,0.15628192032686414,0.4396551724137931,0.523120037365717,153.0,826.0,195.0,967.0,0.16304907305562014,0.1662321256787899,0.1625408687529192,348.0,0.008620689655172414,0.0603448275862069,0.11206896551724138,0.1810344827586207
existing_suite_with_frozen_tensor_adapter,pca_sequence_128_causal_past_2s_mean,PCA128,grouped_3,arousal__future_spike_1_3s,0.05,binary,random_gaussian_PCA128,random_gaussian_PCA128,True,7844,2141,99,25,True,True,0.27067669172932335,0.5225589937881032,0.17307692307692307,0.6206896551724138,0.4563288183092013,216.0,1032.0,132.0,761.0,0.15120937622391292,0.1723504502805577,0.1625408687529192,348.0,0.017241379310344827,0.05459770114942529,0.1206896551724138,0.1752873563218391
existing_suite_with_frozen_tensor_adapter,pca_sequence_128_causal_past_2s_mean,PCA128,grouped_3,arousal__future_spike_1_3s,0.05,binary,autoregressive_plus_PCA128,AR_plus_PCA128,False,7844,2141,99,25,True,True,0.4075471698113207,0.6532828817047137,0.3624161073825503,0.46551724137931033,0.7800093414292387,162.0,285.0,186.0,1508.0,0.280602027054094,0.38810933671965664,0.1625408687529192,348.0,0.05172413793103448,0.16954022988505746,0.27873563218390807,0.3936781609195402
existing_suite_with_frozen_tensor_adapter,pca_sequence_128_causal_past_2s_mean,PCA128,grouped_3,arousal__future_spike_1_3s,0.05,binary,autoregressive_plus_shuffled_PCA128,AR_plus_shuffled_PCA128,True,7844,2141,99,25,True,True,0.40868454661558107,0.6531979409068471,0.367816091954023,0.45977011494252873,0.7837459131247081,160.0,275.0,188.0,1518.0,0.22147159831735108,0.37854474020977324,0.1625408687529192,348.0,0.05172413793103448,0.1752873563218391,0.27873563218390807,0.40804597701149425
existing_suite_with_frozen_tensor_adapter,pca_sequence_128_causal_past_2s_mean,PCA128,grouped_3,arousal__future_spike_1_3s,0.05,binary,autoregressive_plus_random_gaussian_PCA128,AR_plus_random_PCA128,True,7844,2141,99,25,True,True,0.40103492884864167,0.6474083440711322,0.36470588235294116,0.4454022988505747,0.7837459131247081,155.0,270.0,193.0,1523.0,0.21924441349564575,0.37430944116650533,0.1625408687529192,348.0,0.05172413793103448,0.1781609195402299,0.2959770114942529,0.3793103448275862
existing_suite_with_frozen_tensor_adapter,pca_sequence_128_causal_past_2s_mean,PCA128,grouped_3,arousal__future_spike_1_3s,0.05,binary,residualized_autoregressive_plus_PCA128,residualized_AR_plus_PCA128,False,7844,2141,99,25,True,True,0.42053789731051344,0.6640254886499862,0.3659574468085106,0.4942528735632184,0.7786081270434376,172.0,298.0,176.0,1495.0,0.2759313015897438,0.4058929403399582,0.1625408687529192,348.0,0.05172413793103448,0.1781609195402299,0.3017241379310345,0.3994252873563218
existing_suite_with_frozen_tensor_adapter,pca_sequence_128_causal_past_2s_mean,PCA128,grouped_3,arousal__future_spike_1_3s,0.05,binary,residualized_autoregressive_plus_shuffled_PCA128,residualized_AR_plus_shuffled_PCA128,True,7844,2141,99,25,True,True,0.4071246819338422,0.6523613541806899,0.365296803652968,0.45977011494252873,0.7823446987389071,160.0,278.0,188.0,1515.0,0.2211873179277005,0.37833014512895513,0.1625408687529192,348.0,0.05172413793103448,0.1752873563218391,0.28160919540229884,0.40229885057471265
existing_suite_with_frozen_tensor_adapter,pca_sequence_128_causal_past_2s_mean,PCA128,grouped_3,arousal__future_spike_1_3s,0.05,binary,residualized_autoregressive_plus_random_gaussian_PCA128,residualized_AR_plus_random_PCA128,True,7844,2141,99,25,True,True,0.4041095890410959,0.6564296978671846,0.3352272727272727,0.5086206896551724,0.7561886968706212,177.0,351.0,171.0,1442.0,0.19829993201091345,0.38329022247266886,0.1625408687529192,348.0,0.05172413793103448,0.16666666666666666,0.29310344827586204,0.4051724137931034
existing_suite_with_frozen_tensor_adapter,pca_sequence_128_causal_past_2s_mean,PCA128,grouped_3,arousal__future_spike_1_3s,0.075,binary,mean_train,mean_train,True,7844,2141,99,25,True,True,0.17632027257240204,0.5,0.0966837926202709,1.0,0.0966837926202709,207.0,1934.0,0.0,0.0,0.09306476287608363,0.11214313910860192,0.0966837926202709,207.0,0.0,0.043478260869565216,0.07246376811594203,0.06763285024154589
existing_suite_with_frozen_tensor_adapter,pca_sequence_128_causal_past_2s_mean,PCA128,grouped_3,arousal__future_spike_1_3s,0.075,binary,time_ridge,time_ridge,True,7844,2141,99,25,True,True,0.15007215007215008,0.4732863230570168,0.08821034775233248,0.5024154589371981,0.44978981784212985,104.0,1075.0,103.0,859.0,0.08504679143228697,0.09865524171462176,0.0966837926202709,207.0,0.014492753623188406,0.06280193236714976,0.12077294685990338,0.1111111111111111
existing_suite_with_frozen_tensor_adapter,pca_sequence_128_causal_past_2s_mean,PCA128,grouped_3,arousal__future_spike_1_3s,0.075,binary,autoregressive,AR_only,False,7844,2141,99,25,True,True,0.304932735426009,0.6200423142444634,0.28451882845188287,0.3285024154589372,0.8552078468005605,68.0,171.0,139.0,1763.0,0.17740980647962054,0.25871095570851804,0.0966837926202709,207.0,0.06763285024154589,0.2028985507246377,0.30434782608695654,0.2995169082125604
existing_suite_with_frozen_tensor_adapter,pca_sequence_128_causal_past_2s_mean,PCA128,grouped_3,arousal__future_spike_1_3s,0.075,binary,PCA128,PCA128_only,False,7844,2141,99,25,True,True,0.22950819672131145,0.5800436131468909,0.18421052631578946,0.30434782608695654,0.8024287716020552,63.0,279.0,144.0,1655.0,0.21548608612632894,0.1883545871013275,0.0966837926202709,207.0,0.05314009661835749,0.11594202898550725,0.18357487922705315,0.178743961352657
existing_suite_with_frozen_tensor_adapter,pca_sequence_128_causal_past_2s_mean,PCA128,grouped_3,arousal__future_spike_1_3s,0.075,binary,shuffled_PCA128,shuffled_PCA128,True,7844,2141,99,25,True,True,0.1688500727802038,0.5309963081196389,0.12083333333333333,0.28019323671497587,0.733302195235871,58.0,422.0,149.0,1512.0,0.1203670314479346,0.10195192784523496,0.0966837926202709,207.0,0.01932367149758454,0.057971014492753624,0.10628019323671498,0.10144927536231885
existing_suite_with_frozen_tensor_adapter,pca_sequence_128_causal_past_2s_mean,PCA128,grouped_3,arousal__future_spike_1_3s,0.075,binary,random_gaussian_PCA128,random_gaussian_PCA128,True,7844,2141,99,25,True,True,0.14567526555386953,0.511495286482922,0.10619469026548672,0.2318840579710145,0.7370387669313405,48.0,404.0,159.0,1530.0,0.12341596274981155,0.10487551500391204,0.0966837926202709,207.0,0.00966183574879227,0.057971014492753624,0.12560386473429952,0.11594202898550725
existing_suite_with_frozen_tensor_adapter,pca_sequence_128_causal_past_2s_mean,PCA128,grouped_3,arousal__future_spike_1_3s,0.075,binary,autoregressive_plus_PCA128,AR_plus_PCA128,False,7844,2141,99,25,True,True,0.31746031746031744,0.6266829529047955,0.29914529914529914,0.33816425120772947,0.8594114899579636,70.0,164.0,137.0,1770.0,0.250176846019029,0.2647089570116298,0.0966837926202709,207.0,0.057971014492753624,0.20772946859903382,0.32367149758454106,0.3188405797101449
existing_suite_with_frozen_tensor_adapter,pca_sequence_128_causal_past_2s_mean,PCA128,grouped_3,arousal__future_spike_1_3s,0.075,binary,autoregressive_plus_shuffled_PCA128,AR_plus_shuffled_PCA128,True,7844,2141,99,25,True,True,0.2850356294536817,0.6051136789412946,0.2803738317757009,0.2898550724637681,0.8594114899579636,60.0,154.0,147.0,1780.0,0.19584664557653783,0.2529993178516953,0.0966837926202709,207.0,0.07246376811594203,0.18840579710144928,0.2898550724637681,0.28502415458937197
existing_suite_with_frozen_tensor_adapter,pca_sequence_128_causal_past_2s_mean,PCA128,grouped_3,arousal__future_spike_1_3s,0.075,binary,autoregressive_plus_random_gaussian_PCA128,AR_plus_random_PCA128,True,7844,2141,99,25,True,True,0.31683168316831684,0.636876839070985,0.2684563758389262,0.3864734299516908,0.8388603456328818,80.0,218.0,127.0,1716.0,0.16692315865961757,0.2555420950526644,0.0966837926202709,207.0,0.06763285024154589,0.19806763285024154,0.30434782608695654,0.2995169082125604
existing_suite_with_frozen_tensor_adapter,pca_sequence_128_causal_past_2s_mean,PCA128,grouped_3,arousal__future_spike_1_3s,0.075,binary,residualized_autoregressive_plus_PCA128,residualized_AR_plus_PCA128,False,7844,2141,99,25,True,True,0.32083333333333336,0.6353181561580464,0.28205128205128205,0.3719806763285024,0.8477347034096216,77.0,196.0,130.0,1738.0,0.2331091048407004,0.2712901955275295,0.0966837926202709,207.0,0.057971014492753624,0.20772946859903382,0.32367149758454106,0.3140096618357488
existing_suite_with_frozen_tensor_adapter,pca_sequence_128_causal_past_2s_mean,PCA128,grouped_3,arousal__future_spike_1_3s,0.075,binary,residualized_autoregressive_plus_shuffled_PCA128,residualized_AR_plus_shuffled_PCA128,True,7844,2141,99,25,True,True,0.2884615384615385,0.6064063366455346,0.28708133971291866,0.2898550724637681,0.861746847267632,60.0,149.0,147.0,1785.0,0.19692391692906328,0.2528023392202946,0.0966837926202709,207.0,0.07246376811594203,0.18840579710144928,0.2898550724637681,0.28502415458937197
existing_suite_with_frozen_tensor_adapter,pca_sequence_128_causal_past_2s_mean,PCA128,grouped_3,arousal__future_spike_1_3s,0.075,binary,residualized_autoregressive_plus_random_gaussian_PCA128,residualized_AR_plus_random_PCA128,True,7844,2141,99,25,True,True,0.2984409799554566,0.6165927291438734,0.2768595041322314,0.32367149758454106,0.8528724894908921,67.0,175.0,140.0,1759.0,0.18110349617170585,0.2474977460837242,0.0966837926202709,207.0,0.06763285024154589,0.19806763285024154,0.2898550724637681,0.28502415458937197
existing_suite_with_frozen_tensor_adapter,pca_sequence_128_causal_past_2s_mean,PCA128,grouped_3,arousal__future_change_p3s_movement,0.05,binary,mean_train,mean_train,True,7646,2091,99,25,True,True,0.4032073310423826,0.5,0.25251076040172166,1.0,0.25251076040172166,528.0,1563.0,0.0,0.0,0.2521579911064609,0.29257658462029124,0.25251076040172166,528.0,0.00946969696969697,0.06818181818181818,0.10984848484848485,0.2840909090909091
existing_suite_with_frozen_tensor_adapter,pca_sequence_128_causal_past_2s_mean,PCA128,grouped_3,arousal__future_change_p3s_movement,0.05,binary,time_ridge,time_ridge,True,7646,2091,99,25,True,True,0.39952343129467827,0.5006379776653289,0.2527638190954774,0.9526515151515151,0.2769010043041607,503.0,1487.0,25.0,76.0,0.1982896921694695,0.30507540221073715,0.25251076040172166,528.0,0.01893939393939394,0.07765151515151515,0.13257575757575757,0.3409090909090909
existing_suite_with_frozen_tensor_adapter,pca_sequence_128_causal_past_2s_mean,PCA128,grouped_3,arousal__future_change_p3s_movement,0.05,binary,autoregressive,AR_only,False,7646,2091,99,25,True,True,0.4619422572178477,0.627319257837492,0.3534136546184739,0.6666666666666666,0.6078431372549019,352.0,644.0,176.0,919.0,0.22862249803452536,0.44340957401603176,0.25251076040172166,528.0,0.03598484848484849,0.11742424242424243,0.20454545454545456,0.4375
existing_suite_with_frozen_tensor_adapter,pca_sequence_128_causal_past_2s_mean,PCA128,grouped_3,arousal__future_change_p3s_movement,0.05,binary,PCA128,PCA128_only,False,7646,2091,99,25,True,True,0.40376175548589344,0.5666005060198918,0.30178069353327086,0.6098484848484849,0.5451936872309899,322.0,745.0,206.0,818.0,0.27373203273833563,0.304230631872922,0.25251076040172166,528.0,0.015151515151515152,0.07386363636363637,0.13446969696969696,0.3162878787878788
existing_suite_with_frozen_tensor_adapter,pca_sequence_128_causal_past_2s_mean,PCA128,grouped_3,arousal__future_change_p3s_movement,0.05,binary,shuffled_PCA128,shuffled_PCA128,True,7646,2091,99,25,True,True,0.39616935483870963,0.5321079072878496,0.2699175824175824,0.7443181818181818,0.42706838833094213,393.0,1063.0,135.0,500.0,0.2205747354180516,0.2756353682989332,0.25251076040172166,528.0,0.013257575757575758,0.06439393939393939,0.11174242424242424,0.2784090909090909
existing_suite_with_frozen_tensor_adapter,pca_sequence_128_causal_past_2s_mean,PCA128,grouped_3,arousal__future_change_p3s_movement,0.05,binary,random_gaussian_PCA128,random_gaussian_PCA128,True,7646,2091,99,25,True,True,0.36939571150097467,0.4926187256441575,0.24868766404199474,0.7178030303030303,0.38115734098517456,379.0,1145.0,149.0,418.0,0.22064755577339515,0.2385243387931822,0.25251076040172166,528.0,0.007575757575757576,0.032196969696969696,0.07765151515151515,0.22727272727272727
existing_suite_with_frozen_tensor_adapter,pca_sequence_128_causal_past_2s_mean,PCA128,grouped_3,arousal__future_change_p3s_movement,0.05,binary,autoregressive_plus_PCA128,AR_plus_PCA128,False,7646,2091,99,25,True,True,0.4435483870967742,0.6109644913627639,0.34375,0.625,0.6040172166427547,330.0,630.0,198.0,933.0,0.2819091164273702,0.417206719195943,0.25251076040172166,528.0,0.028409090909090908,0.12121212121212122,0.20075757575757575,0.3958333333333333
existing_suite_with_frozen_tensor_adapter,pca_sequence_128_causal_past_2s_mean,PCA128,grouped_3,arousal__future_change_p3s_movement,0.05,binary,autoregressive_plus_shuffled_PCA128,AR_plus_shuffled_PCA128,True,7646,2091,99,25,True,True,0.45404663923182437,0.6218282876752167,0.35591397849462364,0.6268939393939394,0.6193208990913438,331.0,599.0,197.0,964.0,0.23770858740637907,0.435572772888828,0.25251076040172166,528.0,0.032196969696969696,0.12310606060606061,0.20833333333333334,0.4318181818181818
existing_suite_with_frozen_tensor_adapter,pca_sequence_128_causal_past_2s_mean,PCA128,grouped_3,arousal__future_change_p3s_movement,0.05,binary,autoregressive_plus_random_gaussian_PCA128,AR_plus_random_PCA128,True,7646,2091,99,25,True,True,0.4311454311454312,0.5961855842494039,0.32651072124756336,0.634469696969697,0.5772357723577236,335.0,691.0,193.0,872.0,0.23047602563616454,0.4149807850104068,0.25251076040172166,528.0,0.03409090909090909,0.10984848484848485,0.20265151515151514,0.4053030303030303
existing_suite_with_frozen_tensor_adapter,pca_sequence_128_causal_past_2s_mean,PCA128,grouped_3,arousal__future_change_p3s_movement,0.05,binary,residualized_autoregressive_plus_PCA128,residualized_AR_plus_PCA128,False,7646,2091,99,25,True,True,0.4487989886219974,0.6125657971267376,0.3368121442125237,0.6723484848484849,0.5829746532759446,355.0,699.0,173.0,864.0,0.26335049839249725,0.43086964070178785,0.25251076040172166,528.0,0.032196969696969696,0.1268939393939394,0.20075757575757575,0.4109848484848485
existing_suite_with_frozen_tensor_adapter,pca_sequence_128_causal_past_2s_mean,PCA128,grouped_3,arousal__future_change_p3s_movement,0.05,binary,residualized_autoregressive_plus_shuffled_PCA128,residualized_AR_plus_shuffled_PCA128,True,7646,2091,99,25,True,True,0.44742729306487694,0.6199834234863026,0.36900369003690037,0.5681818181818182,0.6456241032998565,300.0,513.0,228.0,1050.0,0.2549052973105182,0.43596659236440066,0.25251076040172166,528.0,0.032196969696969696,0.125,0.20833333333333334,0.4318181818181818
existing_suite_with_frozen_tensor_adapter,pca_sequence_128_causal_past_2s_mean,PCA128,grouped_3,arousal__future_change_p3s_movement,0.05,binary,residualized_autoregressive_plus_random_gaussian_PCA128,residualized_AR_plus_random_PCA128,True,7646,2091,99,25,True,True,0.4535666218034994,0.6204723579363695,0.35177453027139877,0.6382575757575758,0.6116690578670493,337.0,621.0,191.0,942.0,0.236861424133564,0.43061090157259657,0.25251076040172166,528.0,0.03598484848484849,0.12121212121212122,0.20454545454545456,0.42803030303030304
existing_suite_with_frozen_tensor_adapter,pca_sequence_128_causal_past_2s_mean,PCA128,grouped_4,arousal__future_spike_1_3s,0.05,binary,mean_train,mean_train,True,8005,1980,100,24,True,True,0.27225130890052357,0.5,0.15757575757575756,1.0,0.15757575757575756,312.0,1668.0,0.0,0.0,0.16102435977514054,0.22405611298463307,0.15757575757575756,312.0,0.03205128205128205,0.07051282051282051,0.16346153846153846,0.23717948717948717
existing_suite_with_frozen_tensor_adapter,pca_sequence_128_causal_past_2s_mean,PCA128,grouped_4,arousal__future_spike_1_3s,0.05,binary,time_ridge,time_ridge,True,8005,1980,100,24,True,True,0.2684563758389262,0.5008762220992437,0.15783540022547915,0.8974358974358975,0.2292929292929293,280.0,1494.0,32.0,174.0,0.13850459959814482,0.15269899783566598,0.15757575757575756,312.0,0.00641025641025641,0.05448717948717949,0.11538461538461539,0.14743589743589744
existing_suite_with_frozen_tensor_adapter,pca_sequence_128_causal_past_2s_mean,PCA128,grouped_4,arousal__future_spike_1_3s,0.05,binary,autoregressive,AR_only,False,8005,1980,100,24,True,True,0.4297520661157025,0.6726618705035972,0.37681159420289856,0.5,0.7909090909090909,156.0,258.0,156.0,1410.0,0.20201288035426346,0.4149666899755116,0.15757575757575756,312.0,0.05128205128205128,0.1955128205128205,0.3269230769230769,0.4326923076923077
existing_suite_with_frozen_tensor_adapter,pca_sequence_128_causal_past_2s_mean,PCA128,grouped_4,arousal__future_spike_1_3s,0.05,binary,PCA128,PCA128_only,False,8005,1980,100,24,True,True,0.2928176795580111,0.5781451761667589,0.25728155339805825,0.33974358974358976,0.7414141414141414,106.0,306.0,206.0,1362.0,0.24252725395826796,0.264807702042235,0.15757575757575756,312.0,0.02564102564102564,0.12179487179487179,0.20512820512820512,0.26282051282051283
existing_suite_with_frozen_tensor_adapter,pca_sequence_128_causal_past_2s_mean,PCA128,grouped_4,arousal__future_spike_1_3s,0.05,binary,shuffled_PCA128,shuffled_PCA128,True,8005,1980,100,24,True,True,0.2602739726027397,0.5096960892824202,0.1615146831530139,0.6698717948717948,0.4,209.0,1085.0,103.0,583.0,0.1477123747886264,0.16307236854333285,0.15757575757575756,312.0,0.003205128205128205,0.05448717948717949,0.11858974358974358,0.1762820512820513
existing_suite_with_frozen_tensor_adapter,pca_sequence_128_causal_past_2s_mean,PCA128,grouped_4,arousal__future_spike_1_3s,0.05,binary,random_gaussian_PCA128,random_gaussian_PCA128,True,8005,1980,100,24,True,True,0.24246395806028834,0.488021121564287,0.15238879736408567,0.592948717948718,0.4161616161616162,185.0,1029.0,127.0,639.0,0.1454423997167868,0.15402931400427983,0.15757575757575756,312.0,0.01282051282051282,0.05448717948717949,0.09935897435897435,0.14423076923076922
existing_suite_with_frozen_tensor_adapter,pca_sequence_128_causal_past_2s_mean,PCA128,grouped_4,arousal__future_spike_1_3s,0.05,binary,autoregressive_plus_PCA128,AR_plus_PCA128,False,8005,1980,100,24,True,True,0.4269662921348315,0.669249216011806,0.38,0.48717948717948717,0.793939393939394,152.0,248.0,160.0,1420.0,0.24681904468564683,0.4028930779942433,0.15757575757575756,312.0,0.05448717948717949,0.1891025641025641,0.2980769230769231,0.40384615384615385
existing_suite_with_frozen_tensor_adapter,pca_sequence_128_causal_past_2s_mean,PCA128,grouped_4,arousal__future_spike_1_3s,0.05,binary,autoregressive_plus_shuffled_PCA128,AR_plus_shuffled_PCA128,True,8005,1980,100,24,True,True,0.40479360852197077,0.6575585685297916,0.3462414578587699,0.48717948717948717,0.7742424242424243,152.0,287.0,160.0,1381.0,0.21241747603459601,0.3832557869496038,0.15757575757575756,312.0,0.04807692307692308,0.1762820512820513,0.30128205128205127,0.40384615384615385
existing_suite_with_frozen_tensor_adapter,pca_sequence_128_causal_past_2s_mean,PCA128,grouped_4,arousal__future_spike_1_3s,0.05,binary,autoregressive_plus_random_gaussian_PCA128,AR_plus_random_PCA128,True,8005,1980,100,24,True,True,0.43153526970954353,0.6735611510791366,0.3795620437956204,0.5,0.7924242424242425,156.0,255.0,156.0,1413.0,0.2131012514755448,0.403953573841225,0.15757575757575756,312.0,0.05128205128205128,0.1762820512820513,0.3173076923076923,0.4326923076923077
existing_suite_with_frozen_tensor_adapter,pca_sequence_128_causal_past_2s_mean,PCA128,grouped_4,arousal__future_spike_1_3s,0.05,binary,residualized_autoregressive_plus_PCA128,residualized_AR_plus_PCA128,False,8005,1980,100,24,True,True,0.4333821376281113,0.6703329643977126,0.39892183288409705,0.47435897435897434,0.8045454545454546,148.0,223.0,164.0,1445.0,0.2503709370817779,0.4123238705994511,0.15757575757575756,312.0,0.05448717948717949,0.1955128205128205,0.3173076923076923,0.4166666666666667
existing_suite_with_frozen_tensor_adapter,pca_sequence_128_causal_past_2s_mean,PCA128,grouped_4,arousal__future_spike_1_3s,0.05,binary,residualized_autoregressive_plus_shuffled_PCA128,residualized_AR_plus_shuffled_PCA128,True,8005,1980,100,24,True,True,0.40425531914893614,0.657258808337945,0.34545454545454546,0.48717948717948717,0.7737373737373737,152.0,288.0,160.0,1380.0,0.2120979777136347,0.38274138853946627,0.15757575757575756,312.0,0.04807692307692308,0.1762820512820513,0.2980769230769231,0.40384615384615385
existing_suite_with_frozen_tensor_adapter,pca_sequence_128_causal_past_2s_mean,PCA128,grouped_4,arousal__future_spike_1_3s,0.05,binary,residualized_autoregressive_plus_random_gaussian_PCA128,residualized_AR_plus_random_PCA128,True,8005,1980,100,24,True,True,0.38772663877266395,0.6430201992252352,0.3432098765432099,0.44551282051282054,0.7782828282828282,139.0,266.0,173.0,1402.0,0.21528410174285645,0.38309742202942876,0.15757575757575756,312.0,0.05128205128205128,0.1858974358974359,0.3108974358974359,0.3974358974358974
existing_suite_with_frozen_tensor_adapter,pca_sequence_128_causal_past_2s_mean,PCA128,grouped_4,arousal__future_spike_1_3s,0.075,binary,mean_train,mean_train,True,8005,1980,100,24,True,True,0.15298507462686567,0.5,0.08282828282828283,1.0,0.08282828282828283,164.0,1816.0,0.0,0.0,0.09656464709556527,0.140200670587805,0.08282828282828283,164.0,0.042682926829268296,0.07926829268292683,0.17073170731707318,0.0975609756097561
existing_suite_with_frozen_tensor_adapter,pca_sequence_128_causal_past_2s_mean,PCA128,grouped_4,arousal__future_spike_1_3s,0.075,binary,time_ridge,time_ridge,True,8005,1980,100,24,True,True,0.12681159420289856,0.5095156871172236,0.09020618556701031,0.21341463414634146,0.7565656565656566,35.0,353.0,129.0,1463.0,0.09934934879508055,0.07919014030636772,0.08282828282828283,164.0,0.006097560975609756,0.06097560975609756,0.13414634146341464,0.0975609756097561
existing_suite_with_frozen_tensor_adapter,pca_sequence_128_causal_past_2s_mean,PCA128,grouped_4,arousal__future_spike_1_3s,0.075,binary,autoregressive,AR_only,False,8005,1980,100,24,True,True,0.3391304347826087,0.6777828516170624,0.2635135135135135,0.47560975609756095,0.8464646464646465,78.0,218.0,86.0,1598.0,0.14986384529001956,0.3053487981951319,0.08282828282828283,164.0,0.07317073170731707,0.25609756097560976,0.38414634146341464,0.35365853658536583
existing_suite_with_frozen_tensor_adapter,pca_sequence_128_causal_past_2s_mean,PCA128,grouped_4,arousal__future_spike_1_3s,0.075,binary,PCA128,PCA128_only,False,8005,1980,100,24,True,True,0.20833333333333337,0.5757964435371226,0.16791044776119404,0.27439024390243905,0.8272727272727273,45.0,223.0,119.0,1593.0,0.19713850720479983,0.1400290150975811,0.08282828282828283,164.0,0.03048780487804878,0.12804878048780488,0.18902439024390244,0.1524390243902439
existing_suite_with_frozen_tensor_adapter,pca_sequence_128_causal_past_2s_mean,PCA128,grouped_4,arousal__future_spike_1_3s,0.075,binary,shuffled_PCA128,shuffled_PCA128,True,8005,1980,100,24,True,True,0.13618157543391188,0.5084613731599871,0.08717948717948718,0.31097560975609756,0.6732323232323232,51.0,534.0,113.0,1282.0,0.11609800746850352,0.08246785994404879,0.08282828282828283,164.0,0.006097560975609756,0.036585365853658534,0.11585365853658537,0.10975609756097561
existing_suite_with_frozen_tensor_adapter,pca_sequence_128_causal_past_2s_mean,PCA128,grouped_4,arousal__future_spike_1_3s,0.075,binary,random_gaussian_PCA128,random_gaussian_PCA128,True,8005,1980,100,24,True,True,0.13719806763285022,0.49619909745352964,0.08151549942594719,0.4329268292682927,0.548989898989899,71.0,800.0,93.0,1016.0,0.10302666738922572,0.08138977750138349,0.08282828282828283,164.0,0.006097560975609756,0.024390243902439025,0.10365853658536585,0.07317073170731707
existing_suite_with_frozen_tensor_adapter,pca_sequence_128_causal_past_2s_mean,PCA128,grouped_4,arousal__future_spike_1_3s,0.075,binary,autoregressive_plus_PCA128,AR_plus_PCA128,False,8005,1980,100,24,True,True,0.33242506811989103,0.646878693456538,0.30049261083743845,0.3719512195121951,0.8762626262626263,61.0,142.0,103.0,1674.0,0.22342001598143543,0.2815559246441279,0.08282828282828283,164.0,0.07317073170731707,0.24390243902439024,0.3597560975609756,0.3048780487804878
existing_suite_with_frozen_tensor_adapter,pca_sequence_128_causal_past_2s_mean,PCA128,grouped_4,arousal__future_spike_1_3s,0.075,binary,autoregressive_plus_shuffled_PCA128,AR_plus_shuffled_PCA128,True,8005,1980,100,24,True,True,0.34183673469387754,0.6599400988503277,0.29385964912280704,0.40853658536585363,0.8696969696969697,67.0,161.0,97.0,1655.0,0.18067888076142924,0.2972915368133412,0.08282828282828283,164.0,0.06707317073170732,0.2682926829268293,0.38414634146341464,0.36585365853658536
existing_suite_with_frozen_tensor_adapter,pca_sequence_128_causal_past_2s_mean,PCA128,grouped_4,arousal__future_spike_1_3s,0.075,binary,autoregressive_plus_random_gaussian_PCA128,AR_plus_random_PCA128,True,8005,1980,100,24,True,True,0.36604774535809026,0.6707182765660256,0.323943661971831,0.42073170731707316,0.8792929292929293,69.0,144.0,95.0,1672.0,0.17671078665621626,0.3077565466961038,0.08282828282828283,164.0,0.07317073170731707,0.27439024390243905,0.4146341463414634,0.3597560975609756
existing_suite_with_frozen_tensor_adapter,pca_sequence_128_causal_past_2s_mean,PCA128,grouped_4,arousal__future_spike_1_3s,0.075,binary,residualized_autoregressive_plus_PCA128,residualized_AR_plus_PCA128,False,8005,1980,100,24,True,True,0.3465909090909091,0.6510086494036746,0.324468085106383,0.3719512195121951,0.8838383838383839,61.0,127.0,103.0,1689.0,0.2369885942989069,0.2993531562903293,0.08282828282828283,164.0,0.07926829268292683,0.27439024390243905,0.3719512195121951,0.34146341463414637
existing_suite_with_frozen_tensor_adapter,pca_sequence_128_causal_past_2s_mean,PCA128,grouped_4,arousal__future_spike_1_3s,0.075,binary,residualized_autoregressive_plus_shuffled_PCA128,residualized_AR_plus_shuffled_PCA128,True,8005,1980,100,24,True,True,0.35593220338983045,0.6571062103792844,0.33157894736842103,0.38414634146341464,0.8848484848484849,63.0,127.0,101.0,1689.0,0.19447727684775776,0.29674772386628284,0.08282828282828283,164.0,0.06707317073170732,0.2621951219512195,0.38414634146341464,0.36585365853658536
existing_suite_with_frozen_tensor_adapter,pca_sequence_128_causal_past_2s_mean,PCA128,grouped_4,arousal__future_spike_1_3s,0.075,binary,residualized_autoregressive_plus_random_gaussian_PCA128,residualized_AR_plus_random_PCA128,True,8005,1980,100,24,True,True,0.30875576036866353,0.6483762221983453,0.24814814814814815,0.40853658536585363,0.8484848484848485,67.0,203.0,97.0,1613.0,0.164912721159181,0.2924998881687796,0.08282828282828283,164.0,0.07317073170731707,0.25,0.36585365853658536,0.34146341463414637
existing_suite_with_frozen_tensor_adapter,pca_sequence_128_causal_past_2s_mean,PCA128,grouped_4,arousal__future_change_p3s_movement,0.05,binary,mean_train,mean_train,True,7805,1932,100,24,True,True,0.39334719334719337,0.5,0.244824016563147,1.0,0.244824016563147,473.0,1459.0,0.0,0.0,0.2540679051889814,0.35205610486710126,0.244824016563147,473.0,0.03171247357293869,0.09936575052854123,0.16913319238900634,0.3150105708245243
existing_suite_with_frozen_tensor_adapter,pca_sequence_128_causal_past_2s_mean,PCA128,grouped_4,arousal__future_change_p3s_movement,0.05,binary,time_ridge,time_ridge,True,7805,1932,100,24,True,True,0.3849056603773585,0.5066837461437139,0.24772313296903462,0.8625792811839323,0.3250517598343685,408.0,1239.0,65.0,220.0,0.21470061340098012,0.28780224409025984,0.244824016563147,473.0,0.019027484143763214,0.08879492600422834,0.14376321353065538,0.26849894291754756
existing_suite_with_frozen_tensor_adapter,pca_sequence_128_causal_past_2s_mean,PCA128,grouped_4,arousal__future_change_p3s_movement,0.05,binary,autoregressive,AR_only,False,7805,1932,100,24,True,True,0.48585690515806984,0.6589079664457831,0.40054869684499317,0.6173361522198731,0.6801242236024845,292.0,437.0,181.0,1022.0,0.23906384223917598,0.4592494901092084,0.244824016563147,473.0,0.02748414376321353,0.1331923890063425,0.23890063424947147,0.47568710359408034
existing_suite_with_frozen_tensor_adapter,pca_sequence_128_causal_past_2s_mean,PCA128,grouped_4,arousal__future_change_p3s_movement,0.05,binary,PCA128,PCA128_only,False,7805,1932,100,24,True,True,0.3475238922675934,0.5476056611510969,0.2949852507374631,0.42283298097251587,0.6112836438923396,200.0,478.0,273.0,981.0,0.2767287300516569,0.2933705835433541,0.244824016563147,473.0,0.016913319238900635,0.06342494714587738,0.13953488372093023,0.3107822410147992
existing_suite_with_frozen_tensor_adapter,pca_sequence_128_causal_past_2s_mean,PCA128,grouped_4,arousal__future_change_p3s_movement,0.05,binary,shuffled_PCA128,shuffled_PCA128,True,7805,1932,100,24,True,True,0.3690744920993228,0.5125610955982188,0.2517321016166282,0.6913319238900634,0.42132505175983437,327.0,972.0,146.0,487.0,0.22325338950418866,0.23722223490788896,0.244824016563147,473.0,0.010570824524312896,0.048625792811839326,0.080338266384778,0.23255813953488372
existing_suite_with_frozen_tensor_adapter,pca_sequence_128_causal_past_2s_mean,PCA128,grouped_4,arousal__future_change_p3s_movement,0.05,binary,random_gaussian_PCA128,random_gaussian_PCA128,True,7805,1932,100,24,True,True,0.39588918677390533,0.5152374921570133,0.2509915014164306,0.9365750528541226,0.3002070393374741,443.0,1322.0,30.0,137.0,0.1935737540156971,0.2512857558818135,0.244824016563147,473.0,0.004228329809725159,0.0613107822410148,0.1226215644820296,0.24101479915433405
existing_suite_with_frozen_tensor_adapter,pca_sequence_128_causal_past_2s_mean,PCA128,grouped_4,arousal__future_change_p3s_movement,0.05,binary,autoregressive_plus_PCA128,AR_plus_PCA128,False,7805,1932,100,24,True,True,0.4305442729488221,0.6111755133624206,0.3496042216358839,0.5602536997885835,0.6371635610766045,265.0,493.0,208.0,966.0,0.259711628891607,0.41750663624367,0.244824016563147,473.0,0.02748414376321353,0.1226215644820296,0.23044397463002114,0.42283298097251587
existing_suite_with_frozen_tensor_adapter,pca_sequence_128_causal_past_2s_mean,PCA128,grouped_4,arousal__future_change_p3s_movement,0.05,binary,autoregressive_plus_shuffled_PCA128,AR_plus_shuffled_PCA128,True,7805,1932,100,24,True,True,0.45588235294117646,0.6331713777718528,0.3715046604527297,0.5898520084566596,0.65527950310559,279.0,472.0,194.0,987.0,0.24943272099072475,0.4401338436755739,0.244824016563147,473.0,0.02959830866807611,0.13742071881606766,0.23678646934460887,0.4418604651162791
existing_suite_with_frozen_tensor_adapter,pca_sequence_128_causal_past_2s_mean,PCA128,grouped_4,arousal__future_change_p3s_movement,0.05,binary,autoregressive_plus_random_gaussian_PCA128,AR_plus_random_PCA128,True,7805,1932,100,24,True,True,0.44950213371266007,0.622591858943613,0.3386923901393355,0.6680761099365751,0.5993788819875776,316.0,617.0,157.0,842.0,0.22623932511816347,0.4389110385650953,0.244824016563147,473.0,0.02536997885835095,0.1331923890063425,0.23890063424947147,0.4355179704016913
existing_suite_with_frozen_tensor_adapter,pca_sequence_128_causal_past_2s_mean,PCA128,grouped_4,arousal__future_change_p3s_movement,0.05,binary,residualized_autoregressive_plus_PCA128,residualized_AR_plus_PCA128,False,7805,1932,100,24,True,True,0.42970822281167115,0.6146503368318246,0.36930091185410335,0.5137420718816068,0.6661490683229814,243.0,415.0,230.0,1044.0,0.27326644596951966,0.4244797483490146,0.244824016563147,473.0,0.02748414376321353,0.13107822410147993,0.23678646934460887,0.4334038054968288
existing_suite_with_frozen_tensor_adapter,pca_sequence_128_causal_past_2s_mean,PCA128,grouped_4,arousal__future_change_p3s_movement,0.05,binary,residualized_autoregressive_plus_shuffled_PCA128,residualized_AR_plus_shuffled_PCA128,True,7805,1932,100,24,True,True,0.4533333333333333,0.6315977087611051,0.3741403026134801,0.5750528541226215,0.660455486542443,272.0,455.0,201.0,1004.0,0.25194781464737304,0.4400687777378624,0.244824016563147,473.0,0.02959830866807611,0.13530655391120508,0.23890063424947147,0.4418604651162791
existing_suite_with_frozen_tensor_adapter,pca_sequence_128_causal_past_2s_mean,PCA128,grouped_4,arousal__future_change_p3s_movement,0.05,binary,residualized_autoregressive_plus_random_gaussian_PCA128,residualized_AR_plus_random_PCA128,True,7805,1932,100,24,True,True,0.4475095785440613,0.6236098170283739,0.35096153846153844,0.6173361522198731,0.6268115942028986,292.0,540.0,181.0,919.0,0.23525905273590916,0.43668691579176255,0.244824016563147,473.0,0.02959830866807611,0.13953488372093023,0.23044397463002114,0.4312896405919662
existing_suite_with_frozen_tensor_adapter,cortical_pca64_delta_frozen_baseline,PCA64_delta,blocked,arousal__future_spike_1_3s,0.05,binary,mean_train,mean_train,True,6237,2956,124,124,True,True,0.23416965352449226,0.5,0.13261163734776726,1.0,0.13261163734776726,392.0,2564.0,0.0,0.0,0.17989417989417988,0.1672412833758784,0.13261163734776726,392.0,0.015306122448979591,0.07397959183673469,0.14030612244897958,0.20153061224489796
existing_suite_with_frozen_tensor_adapter,cortical_pca64_delta_frozen_baseline,PCA64_delta,blocked,arousal__future_spike_1_3s,0.05,binary,time_ridge,time_ridge,True,6237,2956,124,124,True,True,0.12012012012012012,0.5053885828902545,0.145985401459854,0.10204081632653061,0.8017591339648173,40.0,234.0,352.0,2330.0,0.1779151943863055,0.12811548015937219,0.13261163734776726,392.0,0.002551020408163265,0.04336734693877551,0.1096938775510204,0.14285714285714285
existing_suite_with_frozen_tensor_adapter,cortical_pca64_delta_frozen_baseline,PCA64_delta,blocked,arousal__future_spike_1_3s,0.05,binary,autoregressive,AR_only,False,6237,2956,124,124,True,True,0.2340553549939832,0.5002686331943074,0.13267394270122784,0.9923469387755102,0.13870094722598106,389.0,2543.0,3.0,21.0,0.19100423814519887,0.19692347474408667,0.13261163734776726,392.0,0.03571428571428571,0.11479591836734694,0.16071428571428573,0.18877551020408162
existing_suite_with_frozen_tensor_adapter,cortical_pca64_delta_frozen_baseline,PCA64_delta,blocked,arousal__future_spike_1_3s,0.05,binary,PCA64_delta,PCA64_delta_only,False,6237,2956,124,124,True,True,0.22647058823529412,0.5570676398484511,0.2673611111111111,0.19642857142857142,0.8220568335588633,77.0,211.0,315.0,2353.0,0.3113209030515649,0.2230034982538391,0.13261163734776726,392.0,0.03571428571428571,0.11989795918367346,0.1989795918367347,0.25
existing_suite_with_frozen_tensor_adapter,cortical_pca64_delta_frozen_baseline,PCA64_delta,blocked,arousal__future_spike_1_3s,0.05,binary,shuffled_PCA64_delta,shuffled_PCA64_delta,True,6237,2956,124,124,True,True,0.19054878048780488,0.5044075742621541,0.1358695652173913,0.31887755102040816,0.6407307171853857,125.0,795.0,267.0,1769.0,0.1979668515028452,0.13385076836011386,0.13261163734776726,392.0,0.01020408163265306,0.05357142857142857,0.1096938775510204,0.15051020408163265
existing_suite_with_frozen_tensor_adapter,cortical_pca64_delta_frozen_baseline,PCA64_delta,blocked,arousal__future_spike_1_3s,0.05,binary,random_gaussian_PCA64_delta,random_gaussian_PCA64_delta,True,6237,2956,124,124,True,True,0.18262806236080179,0.49464126524244645,0.12879581151832462,0.3137755102040816,0.6275372124492558,123.0,832.0,269.0,1732.0,0.22472466701813598,0.12348892471236886,0.13261163734776726,392.0,0.002551020408163265,0.04081632653061224,0.07908163265306123,0.09438775510204081
existing_suite_with_frozen_tensor_adapter,cortical_pca64_delta_frozen_baseline,PCA64_delta,blocked,arousal__future_spike_1_3s,0.05,binary,autoregressive_plus_PCA64_delta,AR_plus_PCA64_delta,False,6237,2956,124,124,True,True,0.2677103718199609,0.5811152854277437,0.15811373092926492,0.8724489795918368,0.36705006765899867,342.0,1821.0,50.0,743.0,0.30335255340160955,0.2535945140320483,0.13261163734776726,392.0,0.04081632653061224,0.1556122448979592,0.24489795918367346,0.288265306122449
existing_suite_with_frozen_tensor_adapter,cortical_pca64_delta_frozen_baseline,PCA64_delta,blocked,arousal__future_spike_1_3s,0.05,binary,autoregressive_plus_shuffled_PCA64_delta,AR_plus_shuffled_PCA64_delta,True,6237,2956,124,124,True,True,0.23600508905852416,0.508900713171384,0.1348110465116279,0.9464285714285714,0.18741542625169147,371.0,2381.0,21.0,183.0,0.23070721989992476,0.19679101305939373,0.13261163734776726,392.0,0.03316326530612245,0.10714285714285714,0.16071428571428573,0.18877551020408162
existing_suite_with_frozen_tensor_adapter,cortical_pca64_delta_frozen_baseline,PCA64_delta,blocked,arousal__future_spike_1_3s,0.05,binary,autoregressive_plus_random_gaussian_PCA64_delta,AR_plus_random_PCA64_delta,True,6237,2956,124,124,True,True,0.23779724655819773,0.5119949695947021,0.1355206847360913,0.9693877551020408,0.17591339648173207,380.0,2424.0,12.0,140.0,0.23808962434973496,0.1847279004327828,0.13261163734776726,392.0,0.03316326530612245,0.07653061224489796,0.14540816326530612,0.18877551020408162
existing_suite_with_frozen_tensor_adapter,cortical_pca64_delta_frozen_baseline,PCA64_delta,blocked,arousal__future_spike_1_3s,0.05,binary,residualized_autoregressive_plus_PCA64_delta,residualized_AR_plus_PCA64_delta,False,6237,2956,124,124,True,True,0.256353591160221,0.5587371454041835,0.14980628497632373,0.8877551020408163,0.3169824086603518,348.0,1975.0,44.0,589.0,0.3061436170378091,0.22723378270744043,0.13261163734776726,392.0,0.03826530612244898,0.1326530612244898,0.21428571428571427,0.23214285714285715
existing_suite_with_frozen_tensor_adapter,cortical_pca64_delta_frozen_baseline,PCA64_delta,blocked,arousal__future_spike_1_3s,0.05,binary,residualized_autoregressive_plus_shuffled_PCA64_delta,residualized_AR_plus_shuffled_PCA64_delta,True,6237,2956,124,124,True,True,0.23627075351213284,0.5097702887707345,0.13503649635036497,0.9438775510204082,0.19079837618403248,370.0,2370.0,22.0,194.0,0.22655022458875512,0.19982836086038758,0.13261163734776726,392.0,0.03571428571428571,0.1096938775510204,0.16326530612244897,0.19387755102040816
existing_suite_with_frozen_tensor_adapter,cortical_pca64_delta_frozen_baseline,PCA64_delta,blocked,arousal__future_spike_1_3s,0.05,binary,residualized_autoregressive_plus_random_gaussian_PCA64_delta,residualized_AR_plus_random_PCA64_delta,True,6237,2956,124,124,True,True,0.24450366422385078,0.5307097487981152,0.14061302681992338,0.9362244897959183,0.2327469553450609,367.0,2243.0,25.0,321.0,0.2739547320253587,0.1930878698327933,0.13261163734776726,392.0,0.03826530612244898,0.11479591836734694,0.17091836734693877,0.20153061224489796
existing_suite_with_frozen_tensor_adapter,cortical_pca64_delta_frozen_baseline,PCA64_delta,blocked,arousal__future_spike_1_3s,0.075,binary,mean_train,mean_train,True,6237,2956,124,124,True,True,0.14321608040201003,0.5,0.07713125845737483,1.0,0.07713125845737483,228.0,2728.0,0.0,0.0,0.10662177328843996,0.09341183029343447,0.07713125845737483,228.0,0.017543859649122806,0.06578947368421052,0.13596491228070176,0.08771929824561403
existing_suite_with_frozen_tensor_adapter,cortical_pca64_delta_frozen_baseline,PCA64_delta,blocked,arousal__future_spike_1_3s,0.075,binary,time_ridge,time_ridge,True,6237,2956,124,124,True,True,0.02967359050445104,0.49190332870298914,0.045871559633027525,0.021929824561403508,0.8893775372124493,5.0,104.0,223.0,2624.0,0.1145239259058014,0.07345816793620527,0.07713125845737483,228.0,0.0,0.043859649122807015,0.12719298245614036,0.08771929824561403
existing_suite_with_frozen_tensor_adapter,cortical_pca64_delta_frozen_baseline,PCA64_delta,blocked,arousal__future_spike_1_3s,0.075,binary,autoregressive,AR_only,False,6237,2956,124,124,True,True,0.1426317450299779,0.49799673303493336,0.0768446106766406,0.9912280701754386,0.08085250338294993,226.0,2715.0,2.0,13.0,0.1386223696085902,0.11514677325127667,0.07713125845737483,228.0,0.039473684210526314,0.08771929824561403,0.13596491228070176,0.11403508771929824
existing_suite_with_frozen_tensor_adapter,cortical_pca64_delta_frozen_baseline,PCA64_delta,blocked,arousal__future_spike_1_3s,0.075,binary,PCA64_delta,PCA64_delta_only,False,6237,2956,124,124,True,True,0.14177215189873418,0.5359269691824871,0.16766467065868262,0.12280701754385964,0.88531799729364,28.0,139.0,200.0,2589.0,0.2432698888107183,0.14673482188112913,0.07713125845737483,228.0,0.05701754385964912,0.11842105263157894,0.18421052631578946,0.14473684210526316
existing_suite_with_frozen_tensor_adapter,cortical_pca64_delta_frozen_baseline,PCA64_delta,blocked,arousal__future_spike_1_3s,0.075,binary,shuffled_PCA64_delta,shuffled_PCA64_delta,True,6237,2956,124,124,True,True,0.09126466753585397,0.48437901939599737,0.06493506493506493,0.15350877192982457,0.7642083897158322,35.0,504.0,193.0,2224.0,0.17344885763740744,0.07630699767652684,0.07713125845737483,228.0,0.017543859649122806,0.05263157894736842,0.07894736842105263,0.06140350877192982
existing_suite_with_frozen_tensor_adapter,cortical_pca64_delta_frozen_baseline,PCA64_delta,blocked,arousal__future_spike_1_3s,0.075,binary,random_gaussian_PCA64_delta,random_gaussian_PCA64_delta,True,6237,2956,124,124,True,True,0.09602194787379974,0.4913438287801616,0.06986027944111776,0.15350877192982457,0.777063599458728,35.0,466.0,193.0,2262.0,0.18248062617289523,0.07683564802333441,0.07713125845737483,228.0,0.017543859649122806,0.043859649122807015,0.10526315789473684,0.07894736842105263
existing_suite_with_frozen_tensor_adapter,cortical_pca64_delta_frozen_baseline,PCA64_delta,blocked,arousal__future_spike_1_3s,0.075,binary,autoregressive_plus_PCA64_delta,AR_plus_PCA64_delta,False,6237,2956,124,124,True,True,0.16823228010247654,0.5806612388743119,0.09318826868495743,0.8640350877192983,0.34100135317997293,197.0,1917.0,31.0,811.0,0.24802345999359446,0.16139440204096872,0.07713125845737483,228.0,0.05263157894736842,0.14035087719298245,0.2324561403508772,0.18859649122807018
existing_suite_with_frozen_tensor_adapter,cortical_pca64_delta_frozen_baseline,PCA64_delta,blocked,arousal__future_spike_1_3s,0.075,binary,autoregressive_plus_shuffled_PCA64_delta,AR_plus_shuffled_PCA64_delta,True,6237,2956,124,124,True,True,0.14942528735632185,0.5257884447188352,0.081377151799687,0.9122807017543859,0.19891745602165087,208.0,2348.0,20.0,380.0,0.2274208335050118,0.11056768042940301,0.07713125845737483,228.0,0.03508771929824561,0.10087719298245613,0.13596491228070176,0.12719298245614036
existing_suite_with_frozen_tensor_adapter,cortical_pca64_delta_frozen_baseline,PCA64_delta,blocked,arousal__future_spike_1_3s,0.075,binary,autoregressive_plus_random_gaussian_PCA64_delta,AR_plus_random_PCA64_delta,True,6237,2956,124,124,True,True,0.1498074903745187,0.5266662808046509,0.08139977177634082,0.9385964912280702,0.17828146143437076,214.0,2415.0,14.0,313.0,0.22340657701211888,0.11453214416198852,0.07713125845737483,228.0,0.039473684210526314,0.09649122807017543,0.14912280701754385,0.11842105263157894
existing_suite_with_frozen_tensor_adapter,cortical_pca64_delta_frozen_baseline,PCA64_delta,blocked,arousal__future_spike_1_3s,0.075,binary,residualized_autoregressive_plus_PCA64_delta,residualized_AR_plus_PCA64_delta,False,6237,2956,124,124,True,True,0.16338259441707717,0.5681850336986161,0.0901268115942029,0.8728070175438597,0.31055480378890393,199.0,2009.0,29.0,719.0,0.2835605096425187,0.13643224224099454,0.07713125845737483,228.0,0.043859649122807015,0.11403508771929824,0.19736842105263158,0.15789473684210525
existing_suite_with_frozen_tensor_adapter,cortical_pca64_delta_frozen_baseline,PCA64_delta,blocked,arousal__future_spike_1_3s,0.075,binary,residualized_autoregressive_plus_shuffled_PCA64_delta,residualized_AR_plus_shuffled_PCA64_delta,True,6237,2956,124,124,True,True,0.149770399152243,0.5266791428718424,0.08144448713023435,0.9298245614035088,0.18572395128552097,212.0,2391.0,16.0,337.0,0.22673178992372542,0.10993547746109517,0.07713125845737483,228.0,0.03508771929824561,0.09210526315789473,0.13596491228070176,0.12719298245614036
existing_suite_with_frozen_tensor_adapter,cortical_pca64_delta_frozen_baseline,PCA64_delta,blocked,arousal__future_spike_1_3s,0.075,binary,residualized_autoregressive_plus_random_gaussian_PCA64_delta,residualized_AR_plus_random_PCA64_delta,True,6237,2956,124,124,True,True,0.15190759537976897,0.5337950815455059,0.08254089007227082,0.9517543859649122,0.18031123139377536,217.0,2412.0,11.0,316.0,0.2176742450081328,0.11615734739779435,0.07713125845737483,228.0,0.039473684210526314,0.09649122807017543,0.17105263157894737,0.14035087719298245
existing_suite_with_frozen_tensor_adapter,cortical_pca64_delta_frozen_baseline,PCA64_delta,blocked,arousal__future_change_p3s_movement,0.05,binary,mean_train,mean_train,True,6237,2708,124,123,True,True,0.3957345971563981,0.5,0.2466765140324963,1.0,0.2466765140324963,668.0,2040.0,0.0,0.0,0.2701619368286035,0.3054153809034922,0.2466765140324963,668.0,0.020958083832335328,0.08982035928143713,0.1467065868263473,0.29191616766467066
existing_suite_with_frozen_tensor_adapter,cortical_pca64_delta_frozen_baseline,PCA64_delta,blocked,arousal__future_change_p3s_movement,0.05,binary,time_ridge,time_ridge,True,6237,2708,124,123,True,True,0.3948931116389549,0.4989799812140425,0.2462962962962963,0.9955089820359282,0.24741506646971936,665.0,2035.0,3.0,5.0,0.21794876539552183,0.2740564579329885,0.2466765140324963,668.0,0.01347305389221557,0.06736526946107785,0.1317365269461078,0.2634730538922156
existing_suite_with_frozen_tensor_adapter,cortical_pca64_delta_frozen_baseline,PCA64_delta,blocked,arousal__future_change_p3s_movement,0.05,binary,autoregressive,AR_only,False,6237,2708,124,123,True,True,0.11428571428571428,0.5253096747681109,0.6268656716417911,0.06287425149700598,0.7596011816838996,42.0,25.0,626.0,2015.0,0.24293227028555497,0.3375655719523798,0.2466765140324963,668.0,0.02694610778443114,0.10329341317365269,0.17365269461077845,0.31736526946107785
existing_suite_with_frozen_tensor_adapter,cortical_pca64_delta_frozen_baseline,PCA64_delta,blocked,arousal__future_change_p3s_movement,0.05,binary,PCA64_delta,PCA64_delta_only,False,6237,2708,124,123,True,True,0.296943231441048,0.5296553950921686,0.28895184135977336,0.30538922155688625,0.6432791728212703,204.0,502.0,464.0,1538.0,0.2853381312702778,0.2846508762521056,0.2466765140324963,668.0,0.01347305389221557,0.0688622754491018,0.14520958083832336,0.2874251497005988
existing_suite_with_frozen_tensor_adapter,cortical_pca64_delta_frozen_baseline,PCA64_delta,blocked,arousal__future_change_p3s_movement,0.05,binary,shuffled_PCA64_delta,shuffled_PCA64_delta,True,6237,2708,124,123,True,True,0.3478260869565218,0.49078901021486443,0.24129930394431554,0.6227544910179641,0.4239290989660266,416.0,1308.0,252.0,732.0,0.22736589359149315,0.23914822908066713,0.2466765140324963,668.0,0.005988023952095809,0.058383233532934134,0.09880239520958084,0.23952095808383234
existing_suite_with_frozen_tensor_adapter,cortical_pca64_delta_frozen_baseline,PCA64_delta,blocked,arousal__future_change_p3s_movement,0.05,binary,random_gaussian_PCA64_delta,random_gaussian_PCA64_delta,True,6237,2708,124,123,True,True,0.351137947050627,0.5116106023247622,0.2545454545454545,0.5658682634730539,0.4841211225997046,378.0,1107.0,290.0,933.0,0.2573835830459514,0.24911213707534252,0.2466765140324963,668.0,0.008982035928143712,0.04640718562874251,0.10778443113772455,0.2470059880239521
existing_suite_with_frozen_tensor_adapter,cortical_pca64_delta_frozen_baseline,PCA64_delta,blocked,arousal__future_change_p3s_movement,0.05,binary,autoregressive_plus_PCA64_delta,AR_plus_PCA64_delta,False,6237,2708,124,123,True,True,0.3547854785478548,0.5802908888106141,0.3952205882352941,0.3218562874251497,0.7112259970457903,215.0,329.0,453.0,1711.0,0.2875077190900972,0.3762385240677223,0.2466765140324963,668.0,0.029940119760479042,0.10778443113772455,0.19461077844311378,0.3652694610778443
existing_suite_with_frozen_tensor_adapter,cortical_pca64_delta_frozen_baseline,PCA64_delta,blocked,arousal__future_change_p3s_movement,0.05,binary,autoregressive_plus_shuffled_PCA64_delta,AR_plus_shuffled_PCA64_delta,True,6237,2708,124,123,True,True,0.08275862068965517,0.5158374427615358,0.5263157894736842,0.04491017964071856,0.7544313146233382,30.0,27.0,638.0,2013.0,0.26090974259653976,0.31522042199211,0.2466765140324963,668.0,0.023952095808383235,0.09880239520958084,0.14820359281437126,0.30988023952095806
existing_suite_with_frozen_tensor_adapter,cortical_pca64_delta_frozen_baseline,PCA64_delta,blocked,arousal__future_change_p3s_movement,0.05,binary,autoregressive_plus_random_gaussian_PCA64_delta,AR_plus_random_PCA64_delta,True,6237,2708,124,123,True,True,0.09201623815967523,0.5163804743454268,0.4788732394366197,0.05089820359281437,0.7522156573116692,34.0,37.0,634.0,2003.0,0.2817362415146869,0.31623665702923226,0.2466765140324963,668.0,0.023952095808383235,0.08832335329341318,0.15269461077844312,0.31137724550898205
existing_suite_with_frozen_tensor_adapter,cortical_pca64_delta_frozen_baseline,PCA64_delta,blocked,arousal__future_change_p3s_movement,0.05,binary,residualized_autoregressive_plus_PCA64_delta,residualized_AR_plus_PCA64_delta,False,6237,2708,124,123,True,True,0.14492753623188404,0.5323441352588939,0.6043956043956044,0.08233532934131736,0.7603397341211225,55.0,36.0,613.0,2004.0,0.29175476581837567,0.3329496762637987,0.2466765140324963,668.0,0.02694610778443114,0.10778443113772455,0.1601796407185629,0.31137724550898205
existing_suite_with_frozen_tensor_adapter,cortical_pca64_delta_frozen_baseline,PCA64_delta,blocked,arousal__future_change_p3s_movement,0.05,binary,residualized_autoregressive_plus_shuffled_PCA64_delta,residualized_AR_plus_shuffled_PCA64_delta,True,6237,2708,124,123,True,True,0.12201591511936338,0.5246272161559234,0.5348837209302325,0.0688622754491018,0.7555391432791728,46.0,40.0,622.0,2000.0,0.2571853206311567,0.3220500643020402,0.2466765140324963,668.0,0.023952095808383235,0.10179640718562874,0.15119760479041916,0.31736526946107785
existing_suite_with_frozen_tensor_adapter,cortical_pca64_delta_frozen_baseline,PCA64_delta,blocked,arousal__future_change_p3s_movement,0.05,binary,residualized_autoregressive_plus_random_gaussian_PCA64_delta,residualized_AR_plus_random_PCA64_delta,True,6237,2708,124,123,True,True,0.10655737704918032,0.523064165786075,0.609375,0.058383233532934134,0.758493353028065,39.0,25.0,629.0,2015.0,0.3101005401042994,0.323519720298852,0.2466765140324963,668.0,0.025449101796407185,0.09131736526946108,0.1467065868263473,0.3143712574850299
existing_suite_with_frozen_tensor_adapter,cortical_pca64_delta_frozen_baseline,PCA64_delta,official,arousal__future_spike_1_3s,0.05,binary,mean_train,mean_train,True,7277,2956,124,124,True,True,0.23416965352449226,0.5,0.13261163734776726,1.0,0.13261163734776726,392.0,2564.0,0.0,0.0,0.17713343410746188,0.1672412833758784,0.13261163734776726,392.0,0.015306122448979591,0.07397959183673469,0.14030612244897958,0.20153061224489796
existing_suite_with_frozen_tensor_adapter,cortical_pca64_delta_frozen_baseline,PCA64_delta,official,arousal__future_spike_1_3s,0.05,binary,time_ridge,time_ridge,True,7277,2956,124,124,True,True,0.18994413407821226,0.507089926454201,0.13821138211382114,0.30357142857142855,0.6566305818673883,119.0,742.0,273.0,1822.0,0.16226773161486868,0.12955898084674275,0.13261163734776726,392.0,0.002551020408163265,0.04336734693877551,0.09438775510204081,0.1326530612244898
existing_suite_with_frozen_tensor_adapter,cortical_pca64_delta_frozen_baseline,PCA64_delta,official,arousal__future_spike_1_3s,0.05,binary,autoregressive,AR_only,False,7277,2956,124,124,True,True,0.2698675496688742,0.584693081600815,0.16106719367588934,0.8316326530612245,0.40324763193504737,326.0,1698.0,66.0,866.0,0.18340904087753213,0.2750777402474425,0.13261163734776726,392.0,0.04591836734693878,0.17091836734693877,0.29081632653061223,0.31887755102040816
existing_suite_with_frozen_tensor_adapter,cortical_pca64_delta_frozen_baseline,PCA64_delta,official,arousal__future_spike_1_3s,0.05,binary,PCA64_delta,PCA64_delta_only,False,7277,2956,124,124,True,True,0.26794258373205737,0.5781145531535548,0.25225225225225223,0.2857142857142857,0.7929634641407307,112.0,332.0,280.0,2232.0,0.2639770849656604,0.23483494149240378,0.13261163734776726,392.0,0.04081632653061224,0.13010204081632654,0.21173469387755103,0.2729591836734694
existing_suite_with_frozen_tensor_adapter,cortical_pca64_delta_frozen_baseline,PCA64_delta,official,arousal__future_spike_1_3s,0.05,binary,shuffled_PCA64_delta,shuffled_PCA64_delta,True,7277,2956,124,124,True,True,0.18357487922705315,0.4894556496545576,0.12582781456953643,0.3392857142857143,0.5997970230040596,133.0,924.0,259.0,1640.0,0.18367517036663886,0.13188482601570986,0.13261163734776726,392.0,0.012755102040816327,0.04846938775510204,0.09948979591836735,0.1326530612244898
existing_suite_with_frozen_tensor_adapter,cortical_pca64_delta_frozen_baseline,PCA64_delta,official,arousal__future_spike_1_3s,0.05,binary,random_gaussian_PCA64_delta,random_gaussian_PCA64_delta,True,7277,2956,124,124,True,True,0.19532908704883226,0.5038285204877583,0.13516160626836435,0.3520408163265306,0.6153585926928281,138.0,883.0,254.0,1681.0,0.21588719377613988,0.14131027165670224,0.13261163734776726,392.0,0.02295918367346939,0.058673469387755105,0.11989795918367346,0.14795918367346939
existing_suite_with_frozen_tensor_adapter,cortical_pca64_delta_frozen_baseline,PCA64_delta,official,arousal__future_spike_1_3s,0.05,binary,autoregressive_plus_PCA64_delta,AR_plus_PCA64_delta,False,7277,2956,124,124,True,True,0.3634085213032581,0.6340519437104015,0.35714285714285715,0.36989795918367346,0.8281461434370772,145.0,261.0,247.0,2303.0,0.30048554430853386,0.33267243091584586,0.13261163734776726,392.0,0.04591836734693878,0.18877551020408162,0.30357142857142855,0.35714285714285715
existing_suite_with_frozen_tensor_adapter,cortical_pca64_delta_frozen_baseline,PCA64_delta,official,arousal__future_spike_1_3s,0.05,binary,autoregressive_plus_shuffled_PCA64_delta,AR_plus_shuffled_PCA64_delta,True,7277,2956,124,124,True,True,0.28270042194092826,0.6008070935082301,0.17819148936170212,0.6836734693877551,0.5399188092016238,268.0,1236.0,124.0,1328.0,0.23315255608457053,0.2538117828914206,0.13261163734776726,392.0,0.04336734693877551,0.16071428571428573,0.23979591836734693,0.2857142857142857
existing_suite_with_frozen_tensor_adapter,cortical_pca64_delta_frozen_baseline,PCA64_delta,official,arousal__future_spike_1_3s,0.05,binary,autoregressive_plus_random_gaussian_PCA64_delta,AR_plus_random_PCA64_delta,True,7277,2956,124,124,True,True,0.2672527472527472,0.5798377853481487,0.1614445034519384,0.7755102040816326,0.43606224627875506,304.0,1579.0,88.0,985.0,0.2050603080040612,0.2512124784448526,0.13261163734776726,392.0,0.04336734693877551,0.15816326530612246,0.22959183673469388,0.2780612244897959
existing_suite_with_frozen_tensor_adapter,cortical_pca64_delta_frozen_baseline,PCA64_delta,official,arousal__future_spike_1_3s,0.05,binary,residualized_autoregressive_plus_PCA64_delta,residualized_AR_plus_PCA64_delta,False,7277,2956,124,124,True,True,0.3364620938628159,0.6489879493138909,0.23464249748237664,0.5943877551020408,0.689106901217862,233.0,760.0,159.0,1804.0,0.2781962705561282,0.3139529909587265,0.13261163734776726,392.0,0.04846938775510204,0.1836734693877551,0.30357142857142855,0.35459183673469385
existing_suite_with_frozen_tensor_adapter,cortical_pca64_delta_frozen_baseline,PCA64_delta,official,arousal__future_spike_1_3s,0.05,binary,residualized_autoregressive_plus_shuffled_PCA64_delta,residualized_AR_plus_shuffled_PCA64_delta,True,7277,2956,124,124,True,True,0.28058361391694725,0.5965686586647139,0.17985611510791366,0.6377551020408163,0.5663058186738836,250.0,1140.0,142.0,1424.0,0.23346977210816627,0.25628900175201774,0.13261163734776726,392.0,0.04336734693877551,0.16581632653061223,0.2423469387755102,0.28316326530612246
existing_suite_with_frozen_tensor_adapter,cortical_pca64_delta_frozen_baseline,PCA64_delta,official,arousal__future_spike_1_3s,0.05,binary,residualized_autoregressive_plus_random_gaussian_PCA64_delta,residualized_AR_plus_random_PCA64_delta,True,7277,2956,124,124,True,True,0.2761904761904762,0.5916835142793467,0.17423230974632845,0.6658163265306123,0.5372124492557511,261.0,1237.0,131.0,1327.0,0.24605182951467586,0.25606696667366485,0.13261163734776726,392.0,0.04336734693877551,0.15051020408163265,0.24744897959183673,0.29846938775510207
existing_suite_with_frozen_tensor_adapter,cortical_pca64_delta_frozen_baseline,PCA64_delta,official,arousal__future_spike_1_3s,0.075,binary,mean_train,mean_train,True,7277,2956,124,124,True,True,0.14321608040201003,0.5,0.07713125845737483,1.0,0.07713125845737483,228.0,2728.0,0.0,0.0,0.1049883193623746,0.09341183029343447,0.07713125845737483,228.0,0.017543859649122806,0.06578947368421052,0.13596491228070176,0.08771929824561403
existing_suite_with_frozen_tensor_adapter,cortical_pca64_delta_frozen_baseline,PCA64_delta,official,arousal__future_spike_1_3s,0.075,binary,time_ridge,time_ridge,True,7277,2956,124,124,True,True,0.09867172675521821,0.5069808869681535,0.08695652173913043,0.11403508771929824,0.8393098782138024,26.0,273.0,202.0,2455.0,0.10107987376085757,0.07408173712286828,0.07713125845737483,228.0,0.0,0.05263157894736842,0.10964912280701754,0.08771929824561403
existing_suite_with_frozen_tensor_adapter,cortical_pca64_delta_frozen_baseline,PCA64_delta,official,arousal__future_spike_1_3s,0.075,binary,autoregressive,AR_only,False,7277,2956,124,124,True,True,0.1930783242258652,0.6177457941040283,0.11205073995771671,0.6973684210526315,0.550405953991881,159.0,1260.0,69.0,1468.0,0.1595197640761977,0.1816608031811669,0.07713125845737483,228.0,0.05701754385964912,0.19298245614035087,0.2894736842105263,0.24561403508771928
existing_suite_with_frozen_tensor_adapter,cortical_pca64_delta_frozen_baseline,PCA64_delta,official,arousal__future_spike_1_3s,0.075,binary,PCA64_delta,PCA64_delta_only,False,7277,2956,124,124,True,True,0.18055555555555555,0.5552843803056028,0.19117647058823528,0.17105263157894737,0.8802435723951285,39.0,165.0,189.0,2563.0,0.23650497471846754,0.16665982061656906,0.07713125845737483,228.0,0.06578947368421052,0.14912280701754385,0.22807017543859648,0.17543859649122806
existing_suite_with_frozen_tensor_adapter,cortical_pca64_delta_frozen_baseline,PCA64_delta,official,arousal__future_spike_1_3s,0.075,binary,shuffled_PCA64_delta,shuffled_PCA64_delta,True,7277,2956,124,124,True,True,0.07648183556405354,0.4934564233163554,0.06779661016949153,0.08771929824561403,0.8366035182679297,20.0,275.0,208.0,2453.0,0.16258713904266783,0.07047926005267383,0.07713125845737483,228.0,0.0043859649122807015,0.04824561403508772,0.08771929824561403,0.07017543859649122
existing_suite_with_frozen_tensor_adapter,cortical_pca64_delta_frozen_baseline,PCA64_delta,official,arousal__future_spike_1_3s,0.075,binary,random_gaussian_PCA64_delta,random_gaussian_PCA64_delta,True,7277,2956,124,124,True,True,0.10884353741496598,0.49419277666306527,0.07339449541284404,0.21052631578947367,0.7341001353179973,48.0,606.0,180.0,2122.0,0.16163072975911247,0.07779584200867515,0.07713125845737483,228.0,0.0043859649122807015,0.06140350877192982,0.10964912280701754,0.08771929824561403
existing_suite_with_frozen_tensor_adapter,cortical_pca64_delta_frozen_baseline,PCA64_delta,official,arousal__future_spike_1_3s,0.075,binary,autoregressive_plus_PCA64_delta,AR_plus_PCA64_delta,False,7277,2956,124,124,True,True,0.26,0.5920409528219376,0.3023255813953488,0.22807017543859648,0.8998646820027063,52.0,120.0,176.0,2608.0,0.2714954335311978,0.22637137772212884,0.07713125845737483,228.0,0.07017543859649122,0.21929824561403508,0.33771929824561403,0.2894736842105263
existing_suite_with_frozen_tensor_adapter,cortical_pca64_delta_frozen_baseline,PCA64_delta,official,arousal__future_spike_1_3s,0.075,binary,autoregressive_plus_shuffled_PCA64_delta,AR_plus_shuffled_PCA64_delta,True,7277,2956,124,124,True,True,0.18543046357615892,0.5865231259968102,0.11428571428571428,0.49122807017543857,0.6671177266576455,112.0,868.0,116.0,1860.0,0.21405945696363118,0.15623466887189605,0.07713125845737483,228.0,0.05263157894736842,0.17105263157894737,0.21929824561403508,0.19736842105263158
existing_suite_with_frozen_tensor_adapter,cortical_pca64_delta_frozen_baseline,PCA64_delta,official,arousal__future_spike_1_3s,0.075,binary,autoregressive_plus_random_gaussian_PCA64_delta,AR_plus_random_PCA64_delta,True,7277,2956,124,124,True,True,0.20773480662983426,0.5992855121675156,0.13884785819793205,0.41228070175438597,0.7574424898511503,94.0,583.0,134.0,2145.0,0.20530766679648896,0.17093594467079992,0.07713125845737483,228.0,0.05263157894736842,0.17543859649122806,0.2631578947368421,0.21052631578947367
existing_suite_with_frozen_tensor_adapter,cortical_pca64_delta_frozen_baseline,PCA64_delta,official,arousal__future_spike_1_3s,0.075,binary,residualized_autoregressive_plus_PCA64_delta,residualized_AR_plus_PCA64_delta,False,7277,2956,124,124,True,True,0.26608187134502925,0.6326625765292998,0.19956140350877194,0.3991228070175439,0.8301759133964818,91.0,365.0,137.0,2363.0,0.2776067762985925,0.22066013187195116,0.07713125845737483,228.0,0.06140350877192982,0.22807017543859648,0.32456140350877194,0.2807017543859649
existing_suite_with_frozen_tensor_adapter,cortical_pca64_delta_frozen_baseline,PCA64_delta,official,arousal__future_spike_1_3s,0.075,binary,residualized_autoregressive_plus_shuffled_PCA64_delta,residualized_AR_plus_shuffled_PCA64_delta,True,7277,2956,124,124,True,True,0.2020972354623451,0.601407753254103,0.12911084043848964,0.4649122807017544,0.7168470906630582,106.0,715.0,122.0,2013.0,0.21445811103445256,0.16019618538028446,0.07713125845737483,228.0,0.05263157894736842,0.17105263157894737,0.2236842105263158,0.19736842105263158
existing_suite_with_frozen_tensor_adapter,cortical_pca64_delta_frozen_baseline,PCA64_delta,official,arousal__future_spike_1_3s,0.075,binary,residualized_autoregressive_plus_random_gaussian_PCA64_delta,residualized_AR_plus_random_PCA64_delta,True,7277,2956,124,124,True,True,0.2097560975609756,0.622887405463806,0.12874251497005987,0.5657894736842105,0.6711772665764547,129.0,873.0,99.0,1855.0,0.20679764161033287,0.17252025753055591,0.07713125845737483,228.0,0.05701754385964912,0.18421052631578946,0.2412280701754386,0.2149122807017544
existing_suite_with_frozen_tensor_adapter,cortical_pca64_delta_frozen_baseline,PCA64_delta,official,arousal__future_change_p3s_movement,0.05,binary,mean_train,mean_train,True,7277,2708,124,123,True,True,0.3957345971563981,0.5,0.2466765140324963,1.0,0.2466765140324963,668.0,2040.0,0.0,0.0,0.263020475470661,0.3054153809034922,0.2466765140324963,668.0,0.020958083832335328,0.08982035928143713,0.1467065868263473,0.29191616766467066
existing_suite_with_frozen_tensor_adapter,cortical_pca64_delta_frozen_baseline,PCA64_delta,official,arousal__future_change_p3s_movement,0.05,binary,time_ridge,time_ridge,True,7277,2708,124,123,True,True,0.39012642986152923,0.49336327345309383,0.24415975885455915,0.9700598802395209,0.2518463810930576,648.0,2006.0,20.0,34.0,0.19974269966682526,0.3049529433748128,0.2466765140324963,668.0,0.029940119760479042,0.08383233532934131,0.1407185628742515,0.2679640718562874
existing_suite_with_frozen_tensor_adapter,cortical_pca64_delta_frozen_baseline,PCA64_delta,official,arousal__future_change_p3s_movement,0.05,binary,autoregressive,AR_only,False,7277,2708,124,123,True,True,0.45017015070491,0.6195961019138194,0.3333333333333333,0.6931137724550899,0.5823485967503693,463.0,926.0,205.0,1114.0,0.24047365742657711,0.43289575958919996,0.2466765140324963,668.0,0.03143712574850299,0.12574850299401197,0.22904191616766467,0.4221556886227545
existing_suite_with_frozen_tensor_adapter,cortical_pca64_delta_frozen_baseline,PCA64_delta,official,arousal__future_change_p3s_movement,0.05,binary,PCA64_delta,PCA64_delta_only,False,7277,2708,124,123,True,True,0.3403741701870851,0.5377935305858871,0.2851365015166835,0.4221556886227545,0.5963810930576071,282.0,707.0,386.0,1333.0,0.23742500955905496,0.29284324294328157,0.2466765140324963,668.0,0.014970059880239521,0.08083832335329341,0.13622754491017963,0.2934131736526946
existing_suite_with_frozen_tensor_adapter,cortical_pca64_delta_frozen_baseline,PCA64_delta,official,arousal__future_change_p3s_movement,0.05,binary,shuffled_PCA64_delta,shuffled_PCA64_delta,True,7277,2708,124,123,True,True,0.35823293172690757,0.496577433368557,0.24478594950603733,0.6676646706586826,0.4098966026587888,446.0,1376.0,222.0,664.0,0.2266205623825338,0.24197748211483053,0.2466765140324963,668.0,0.011976047904191617,0.04640718562874251,0.09281437125748503,0.2410179640718563
existing_suite_with_frozen_tensor_adapter,cortical_pca64_delta_frozen_baseline,PCA64_delta,official,arousal__future_change_p3s_movement,0.05,binary,random_gaussian_PCA64_delta,random_gaussian_PCA64_delta,True,7277,2708,124,123,True,True,0.3542857142857143,0.5065486673711401,0.2507778469197262,0.6032934131736527,0.45753323485967506,403.0,1204.0,265.0,836.0,0.23674548600573211,0.2543820573026341,0.2466765140324963,668.0,0.011976047904191617,0.05688622754491018,0.10479041916167664,0.2634730538922156
existing_suite_with_frozen_tensor_adapter,cortical_pca64_delta_frozen_baseline,PCA64_delta,official,arousal__future_change_p3s_movement,0.05,binary,autoregressive_plus_PCA64_delta,AR_plus_PCA64_delta,False,7277,2708,124,123,True,True,0.41824357108199905,0.5868204766936715,0.3094041636755205,0.6452095808383234,0.5572378138847858,431.0,962.0,237.0,1078.0,0.2991837952441202,0.3870770375020529,0.2466765140324963,668.0,0.029940119760479042,0.1122754491017964,0.20209580838323354,0.3847305389221557
existing_suite_with_frozen_tensor_adapter,cortical_pca64_delta_frozen_baseline,PCA64_delta,official,arousal__future_change_p3s_movement,0.05,binary,autoregressive_plus_shuffled_PCA64_delta,AR_plus_shuffled_PCA64_delta,True,7277,2708,124,123,True,True,0.4230769230769231,0.6038144299636021,0.3463740458015267,0.5434131736526946,0.6344165435745938,363.0,685.0,305.0,1355.0,0.26949013702614694,0.392517276494799,0.2466765140324963,668.0,0.03143712574850299,0.11377245508982035,0.19760479041916168,0.3907185628742515
existing_suite_with_frozen_tensor_adapter,cortical_pca64_delta_frozen_baseline,PCA64_delta,official,arousal__future_change_p3s_movement,0.05,binary,autoregressive_plus_random_gaussian_PCA64_delta,AR_plus_random_PCA64_delta,True,7277,2708,124,123,True,True,0.4163636363636364,0.5795790771398379,0.2989556135770235,0.6856287425149701,0.5258493353028065,458.0,1074.0,210.0,966.0,0.2608201186155145,0.37832890394071306,0.2466765140324963,668.0,0.02694610778443114,0.1122754491017964,0.19461077844311378,0.38023952095808383
existing_suite_with_frozen_tensor_adapter,cortical_pca64_delta_frozen_baseline,PCA64_delta,official,arousal__future_change_p3s_movement,0.05,binary,residualized_autoregressive_plus_PCA64_delta,residualized_AR_plus_PCA64_delta,False,7277,2708,124,123,True,True,0.4204035874439462,0.5990709756956675,0.33602150537634407,0.561377245508982,0.6181683899556869,375.0,741.0,293.0,1299.0,0.2626103742229006,0.4031338042717538,0.2466765140324963,668.0,0.03143712574850299,0.11976047904191617,0.2245508982035928,0.38622754491017963
existing_suite_with_frozen_tensor_adapter,cortical_pca64_delta_frozen_baseline,PCA64_delta,official,arousal__future_change_p3s_movement,0.05,binary,residualized_autoregressive_plus_shuffled_PCA64_delta,residualized_AR_plus_shuffled_PCA64_delta,True,7277,2708,124,123,True,True,0.42093415869442885,0.5997930609369496,0.33724075743913434,0.5598802395209581,0.6200147710487445,374.0,735.0,294.0,1305.0,0.26637602187799553,0.39229942422653785,0.2466765140324963,668.0,0.03143712574850299,0.11077844311377245,0.19760479041916168,0.3907185628742515
existing_suite_with_frozen_tensor_adapter,cortical_pca64_delta_frozen_baseline,PCA64_delta,official,arousal__future_change_p3s_movement,0.05,binary,residualized_autoregressive_plus_random_gaussian_PCA64_delta,residualized_AR_plus_random_PCA64_delta,True,7277,2708,124,123,True,True,0.40774487471526194,0.5890425032288364,0.3290441176470588,0.5359281437125748,0.6159527326440177,358.0,730.0,310.0,1310.0,0.2860897470874671,0.39679799906164576,0.2466765140324963,668.0,0.03143712574850299,0.11377245508982035,0.20209580838323354,0.3997005988023952
existing_suite_with_frozen_tensor_adapter,cortical_pca64_delta_frozen_baseline,PCA64_delta,grouped_0,arousal__future_spike_1_3s,0.05,binary,mean_train,mean_train,True,8270,1963,99,25,True,True,0.2628318584070796,0.5,0.15129903209373408,1.0,0.15129903209373408,297.0,1666.0,0.0,0.0,0.16735187424425635,0.23451702747658643,0.15129903209373408,297.0,0.04040404040404041,0.09764309764309764,0.20875420875420875,0.25252525252525254
existing_suite_with_frozen_tensor_adapter,cortical_pca64_delta_frozen_baseline,PCA64_delta,grouped_0,arousal__future_spike_1_3s,0.05,binary,time_ridge,time_ridge,True,8270,1963,99,25,True,True,0.2444444444444444,0.49569827931172467,0.14965986394557823,0.6666666666666666,0.37646459500764134,198.0,1125.0,99.0,541.0,0.1589017060816875,0.24172659491550375,0.15129903209373408,297.0,0.030303030303030304,0.1414141414141414,0.23905723905723905,0.2760942760942761
existing_suite_with_frozen_tensor_adapter,cortical_pca64_delta_frozen_baseline,PCA64_delta,grouped_0,arousal__future_spike_1_3s,0.05,binary,autoregressive,AR_only,False,8270,1963,99,25,True,True,0.40061162079510704,0.6527115896863795,0.36694677871148457,0.44107744107744107,0.8003056546102904,131.0,226.0,166.0,1440.0,0.20490295804089056,0.37174280955537997,0.15129903209373408,297.0,0.04040404040404041,0.1919191919191919,0.3265993265993266,0.3872053872053872
existing_suite_with_frozen_tensor_adapter,cortical_pca64_delta_frozen_baseline,PCA64_delta,grouped_0,arousal__future_spike_1_3s,0.05,binary,PCA64_delta,PCA64_delta_only,False,8270,1963,99,25,True,True,0.35948644793152645,0.6286878387718724,0.3118811881188119,0.42424242424242425,0.7712684666327051,126.0,278.0,171.0,1388.0,0.2484614780421035,0.3229815853906158,0.15129903209373408,297.0,0.037037037037037035,0.15151515151515152,0.29292929292929293,0.367003367003367
existing_suite_with_frozen_tensor_adapter,cortical_pca64_delta_frozen_baseline,PCA64_delta,grouped_0,arousal__future_spike_1_3s,0.05,binary,shuffled_PCA64_delta,shuffled_PCA64_delta,True,8270,1963,99,25,True,True,0.2119815668202765,0.4916219012857668,0.14593908629441624,0.3872053872053872,0.5644421803362201,115.0,673.0,182.0,993.0,0.1878189840585338,0.14486361541670437,0.15129903209373408,297.0,0.010101010101010102,0.04713804713804714,0.08417508417508418,0.1414141414141414
existing_suite_with_frozen_tensor_adapter,cortical_pca64_delta_frozen_baseline,PCA64_delta,grouped_0,arousal__future_spike_1_3s,0.05,binary,random_gaussian_PCA64_delta,random_gaussian_PCA64_delta,True,8270,1963,99,25,True,True,0.23404255319148934,0.5060468631897204,0.1545945945945946,0.48148148148148145,0.5231788079470199,143.0,782.0,154.0,884.0,0.17469682912127882,0.1480887627435532,0.15129903209373408,297.0,0.010101010101010102,0.04377104377104377,0.09090909090909091,0.14814814814814814
existing_suite_with_frozen_tensor_adapter,cortical_pca64_delta_frozen_baseline,PCA64_delta,grouped_0,arousal__future_spike_1_3s,0.05,binary,autoregressive_plus_PCA64_delta,AR_plus_PCA64_delta,False,8270,1963,99,25,True,True,0.4340425531914894,0.6810451453308597,0.375,0.5151515151515151,0.7967396841569027,153.0,255.0,144.0,1411.0,0.24180230149043933,0.40949088311928367,0.15129903209373408,297.0,0.04377104377104377,0.21548821548821548,0.3468013468013468,0.4377104377104377
existing_suite_with_frozen_tensor_adapter,cortical_pca64_delta_frozen_baseline,PCA64_delta,grouped_0,arousal__future_spike_1_3s,0.05,binary,autoregressive_plus_shuffled_PCA64_delta,AR_plus_shuffled_PCA64_delta,True,8270,1963,99,25,True,True,0.35051546391752575,0.6214051277076488,0.31151832460732987,0.4006734006734007,0.7753438614365766,119.0,263.0,178.0,1403.0,0.23428467895499028,0.33278443461208657,0.15129903209373408,297.0,0.04377104377104377,0.1750841750841751,0.2895622895622896,0.36363636363636365
existing_suite_with_frozen_tensor_adapter,cortical_pca64_delta_frozen_baseline,PCA64_delta,grouped_0,arousal__future_spike_1_3s,0.05,binary,autoregressive_plus_random_gaussian_PCA64_delta,AR_plus_random_PCA64_delta,True,8270,1963,99,25,True,True,0.3758389261744966,0.6432532609003198,0.3125,0.4713804713804714,0.7631176770249618,140.0,308.0,157.0,1358.0,0.23168248871297498,0.3473850062191348,0.15129903209373408,297.0,0.04377104377104377,0.18855218855218855,0.31313131313131315,0.3838383838383838
existing_suite_with_frozen_tensor_adapter,cortical_pca64_delta_frozen_baseline,PCA64_delta,grouped_0,arousal__future_spike_1_3s,0.05,binary,residualized_autoregressive_plus_PCA64_delta,residualized_AR_plus_PCA64_delta,False,8270,1963,99,25,True,True,0.4265129682997118,0.6744283572014664,0.37279596977329976,0.4983164983164983,0.7972491085073866,148.0,249.0,149.0,1417.0,0.24142683804496362,0.41037212665119166,0.15129903209373408,297.0,0.04377104377104377,0.2255892255892256,0.3367003367003367,0.4478114478114478
existing_suite_with_frozen_tensor_adapter,cortical_pca64_delta_frozen_baseline,PCA64_delta,grouped_0,arousal__future_spike_1_3s,0.05,binary,residualized_autoregressive_plus_shuffled_PCA64_delta,residualized_AR_plus_shuffled_PCA64_delta,True,8270,1963,99,25,True,True,0.36746143057503505,0.6350045068532464,0.31490384615384615,0.44107744107744107,0.7702496179317372,131.0,285.0,166.0,1381.0,0.22839989269834285,0.3339111559980801,0.15129903209373408,297.0,0.04377104377104377,0.17845117845117844,0.2895622895622896,0.36363636363636365
existing_suite_with_frozen_tensor_adapter,cortical_pca64_delta_frozen_baseline,PCA64_delta,grouped_0,arousal__future_spike_1_3s,0.05,binary,residualized_autoregressive_plus_random_gaussian_PCA64_delta,residualized_AR_plus_random_PCA64_delta,True,8270,1963,99,25,True,True,0.3579676674364896,0.636693061062809,0.27240773286467485,0.5218855218855218,0.716760061130922,155.0,414.0,142.0,1252.0,0.20873153640104006,0.3446056024387949,0.15129903209373408,297.0,0.04713804713804714,0.18518518518518517,0.2962962962962963,0.3872053872053872
existing_suite_with_frozen_tensor_adapter,cortical_pca64_delta_frozen_baseline,PCA64_delta,grouped_0,arousal__future_spike_1_3s,0.075,binary,mean_train,mean_train,True,8270,1963,99,25,True,True,0.1662774404483886,0.5,0.09067753438614366,1.0,0.09067753438614366,178.0,1785.0,0.0,0.0,0.09842805320435308,0.13752753119983185,0.09067753438614366,178.0,0.0449438202247191,0.07865168539325842,0.20224719101123595,0.19662921348314608
existing_suite_with_frozen_tensor_adapter,cortical_pca64_delta_frozen_baseline,PCA64_delta,grouped_0,arousal__future_spike_1_3s,0.075,binary,time_ridge,time_ridge,True,8270,1963,99,25,True,True,0.18663594470046085,0.5569398545935228,0.11739130434782609,0.4550561797752809,0.6403464085583291,81.0,609.0,97.0,1176.0,0.10013523436012742,0.17551955239418374,0.09067753438614366,178.0,0.03932584269662921,0.1797752808988764,0.2640449438202247,0.24157303370786518
existing_suite_with_frozen_tensor_adapter,cortical_pca64_delta_frozen_baseline,PCA64_delta,grouped_0,arousal__future_spike_1_3s,0.075,binary,autoregressive,AR_only,False,8270,1963,99,25,True,True,0.3275529865125241,0.6670553614704309,0.24926686217008798,0.47752808988764045,0.8222109016811003,85.0,256.0,93.0,1529.0,0.13028026567677814,0.2748710195174407,0.09067753438614366,178.0,0.06179775280898876,0.23595505617977527,0.39325842696629215,0.37640449438202245
existing_suite_with_frozen_tensor_adapter,cortical_pca64_delta_frozen_baseline,PCA64_delta,grouped_0,arousal__future_spike_1_3s,0.075,binary,PCA64_delta,PCA64_delta_only,False,8270,1963,99,25,True,True,0.29690721649484536,0.6364208604790231,0.23452768729641693,0.4044943820224719,0.826286296484972,72.0,235.0,106.0,1550.0,0.1825301995698771,0.21983493769769363,0.09067753438614366,178.0,0.05056179775280899,0.16853932584269662,0.3258426966292135,0.3146067415730337
existing_suite_with_frozen_tensor_adapter,cortical_pca64_delta_frozen_baseline,PCA64_delta,grouped_0,arousal__future_spike_1_3s,0.075,binary,shuffled_PCA64_delta,shuffled_PCA64_delta,True,8270,1963,99,25,True,True,0.1436950146627566,0.5101894690460453,0.09722222222222222,0.2752808988764045,0.7024961793173714,49.0,455.0,129.0,1330.0,0.12885695152944612,0.0943155671890851,0.09067753438614366,178.0,0.011235955056179775,0.0449438202247191,0.10674157303370786,0.10112359550561797
existing_suite_with_frozen_tensor_adapter,cortical_pca64_delta_frozen_baseline,PCA64_delta,grouped_0,arousal__future_spike_1_3s,0.075,binary,random_gaussian_PCA64_delta,random_gaussian_PCA64_delta,True,8270,1963,99,25,True,True,0.10676156583629892,0.4851099990558021,0.078125,0.16853932584269662,0.7442689760570556,30.0,354.0,148.0,1431.0,0.15452964621672047,0.0809328898857499,0.09067753438614366,178.0,0.0056179775280898875,0.03932584269662921,0.07865168539325842,0.07865168539325842
existing_suite_with_frozen_tensor_adapter,cortical_pca64_delta_frozen_baseline,PCA64_delta,grouped_0,arousal__future_spike_1_3s,0.075,binary,autoregressive_plus_PCA64_delta,AR_plus_PCA64_delta,False,8270,1963,99,25,True,True,0.39353099730458224,0.6714427343971296,0.37823834196891193,0.4101123595505618,0.8853795211411105,73.0,120.0,105.0,1665.0,0.23376803490625764,0.3114834485196531,0.09067753438614366,178.0,0.06741573033707865,0.2640449438202247,0.4101123595505618,0.3707865168539326
existing_suite_with_frozen_tensor_adapter,cortical_pca64_delta_frozen_baseline,PCA64_delta,grouped_0,arousal__future_spike_1_3s,0.075,binary,autoregressive_plus_shuffled_PCA64_delta,AR_plus_shuffled_PCA64_delta,True,8270,1963,99,25,True,True,0.3197674418604651,0.623401945047682,0.3313253012048193,0.3089887640449438,0.8807947019867549,55.0,111.0,123.0,1674.0,0.2216915199280853,0.23928860053761744,0.09067753438614366,178.0,0.03932584269662921,0.20786516853932585,0.3539325842696629,0.3202247191011236
existing_suite_with_frozen_tensor_adapter,cortical_pca64_delta_frozen_baseline,PCA64_delta,grouped_0,arousal__future_spike_1_3s,0.075,binary,autoregressive_plus_random_gaussian_PCA64_delta,AR_plus_random_PCA64_delta,True,8270,1963,99,25,True,True,0.3221476510067114,0.6470651181821043,0.26765799256505574,0.4044943820224719,0.8456444218033622,72.0,197.0,106.0,1588.0,0.19514341579178765,0.23370543825871956,0.09067753438614366,178.0,0.056179775280898875,0.23595505617977527,0.33146067415730335,0.3202247191011236
existing_suite_with_frozen_tensor_adapter,cortical_pca64_delta_frozen_baseline,PCA64_delta,grouped_0,arousal__future_spike_1_3s,0.075,binary,residualized_autoregressive_plus_PCA64_delta,residualized_AR_plus_PCA64_delta,False,8270,1963,99,25,True,True,0.38497652582159625,0.6838384792119094,0.33064516129032256,0.4606741573033708,0.8665308201732043,82.0,166.0,96.0,1619.0,0.20146652155123743,0.31143967709920656,0.09067753438614366,178.0,0.06179775280898876,0.2752808988764045,0.42134831460674155,0.39325842696629215
existing_suite_with_frozen_tensor_adapter,cortical_pca64_delta_frozen_baseline,PCA64_delta,grouped_0,arousal__future_spike_1_3s,0.075,binary,residualized_autoregressive_plus_shuffled_PCA64_delta,residualized_AR_plus_shuffled_PCA64_delta,True,8270,1963,99,25,True,True,0.33942558746736295,0.6433685833884115,0.3170731707317073,0.3651685393258427,0.8711156393275599,65.0,140.0,113.0,1645.0,0.20174046299438775,0.23904561038763814,0.09067753438614366,178.0,0.03932584269662921,0.21348314606741572,0.3539325842696629,0.3202247191011236
existing_suite_with_frozen_tensor_adapter,cortical_pca64_delta_frozen_baseline,PCA64_delta,grouped_0,arousal__future_spike_1_3s,0.075,binary,residualized_autoregressive_plus_random_gaussian_PCA64_delta,residualized_AR_plus_random_PCA64_delta,True,8270,1963,99,25,True,True,0.3219512195121951,0.6388946589871904,0.28448275862068967,0.3707865168539326,0.8583800305654611,66.0,166.0,112.0,1619.0,0.19286749103942477,0.2484358520312948,0.09067753438614366,178.0,0.06179775280898876,0.2247191011235955,0.34269662921348315,0.3146067415730337
existing_suite_with_frozen_tensor_adapter,cortical_pca64_delta_frozen_baseline,PCA64_delta,grouped_0,arousal__future_change_p3s_movement,0.05,binary,mean_train,mean_train,True,8072,1913,99,25,True,True,0.3726074011059124,0.5,0.22895974908520647,1.0,0.22895974908520647,438.0,1475.0,0.0,0.0,0.26560951437066405,0.28833935884901196,0.22895974908520647,438.0,0.0228310502283105,0.06621004566210045,0.1598173515981735,0.3059360730593607
existing_suite_with_frozen_tensor_adapter,cortical_pca64_delta_frozen_baseline,PCA64_delta,grouped_0,arousal__future_change_p3s_movement,0.05,binary,time_ridge,time_ridge,True,8072,1913,99,25,True,True,0.3692174664937311,0.4965954647473106,0.22773333333333334,0.9748858447488584,0.23732357553580763,427.0,1448.0,11.0,27.0,0.2122446494669754,0.32707624372863286,0.22895974908520647,438.0,0.02511415525114155,0.1141552511415525,0.19406392694063926,0.3287671232876712
existing_suite_with_frozen_tensor_adapter,cortical_pca64_delta_frozen_baseline,PCA64_delta,grouped_0,arousal__future_change_p3s_movement,0.05,binary,autoregressive,AR_only,False,8072,1913,99,25,True,True,0.4962279966471081,0.6823063230400124,0.3920529801324503,0.6757990867579908,0.6858337689492943,296.0,459.0,142.0,1016.0,0.24316512213991415,0.48011992714327656,0.22895974908520647,438.0,0.02968036529680365,0.1461187214611872,0.2694063926940639,0.4954337899543379
existing_suite_with_frozen_tensor_adapter,cortical_pca64_delta_frozen_baseline,PCA64_delta,grouped_0,arousal__future_change_p3s_movement,0.05,binary,PCA64_delta,PCA64_delta_only,False,8072,1913,99,25,True,True,0.36585365853658536,0.5590573485024379,0.2745995423340961,0.547945205479452,0.5650810245687402,240.0,634.0,198.0,841.0,0.24438659795046147,0.31072880110867573,0.22895974908520647,438.0,0.02511415525114155,0.1004566210045662,0.17579908675799086,0.3059360730593607
existing_suite_with_frozen_tensor_adapter,cortical_pca64_delta_frozen_baseline,PCA64_delta,grouped_0,arousal__future_change_p3s_movement,0.05,binary,shuffled_PCA64_delta,shuffled_PCA64_delta,True,8072,1913,99,25,True,True,0.35275080906148865,0.5041351288599953,0.2309322033898305,0.7465753424657534,0.37271301620491376,327.0,1089.0,111.0,386.0,0.21441903057608303,0.23349508396002783,0.22895974908520647,438.0,0.0136986301369863,0.04337899543378995,0.09817351598173515,0.2648401826484018
existing_suite_with_frozen_tensor_adapter,cortical_pca64_delta_frozen_baseline,PCA64_delta,grouped_0,arousal__future_change_p3s_movement,0.05,binary,random_gaussian_PCA64_delta,random_gaussian_PCA64_delta,True,8072,1913,99,25,True,True,0.3525026624068157,0.5019216778887083,0.2298611111111111,0.7557077625570776,0.3643491897543126,331.0,1109.0,107.0,366.0,0.20071498147003272,0.21897611511127704,0.22895974908520647,438.0,0.00684931506849315,0.04337899543378995,0.09360730593607305,0.22146118721461186
existing_suite_with_frozen_tensor_adapter,cortical_pca64_delta_frozen_baseline,PCA64_delta,grouped_0,arousal__future_change_p3s_movement,0.05,binary,autoregressive_plus_PCA64_delta,AR_plus_PCA64_delta,False,8072,1913,99,25,True,True,0.4373956594323873,0.6302731986688337,0.3447368421052632,0.5981735159817352,0.6476738107684266,262.0,498.0,176.0,977.0,0.2573183257363565,0.4244944482035685,0.22895974908520647,438.0,0.03424657534246575,0.1278538812785388,0.2328767123287671,0.4360730593607306
existing_suite_with_frozen_tensor_adapter,cortical_pca64_delta_frozen_baseline,PCA64_delta,grouped_0,arousal__future_change_p3s_movement,0.05,binary,autoregressive_plus_shuffled_PCA64_delta,AR_plus_shuffled_PCA64_delta,True,8072,1913,99,25,True,True,0.4713375796178344,0.6593909140159431,0.3918305597579425,0.591324200913242,0.6962885520125457,259.0,402.0,179.0,1073.0,0.2800041420373255,0.4438046499212995,0.22895974908520647,438.0,0.0319634703196347,0.1506849315068493,0.2534246575342466,0.4406392694063927
existing_suite_with_frozen_tensor_adapter,cortical_pca64_delta_frozen_baseline,PCA64_delta,grouped_0,arousal__future_change_p3s_movement,0.05,binary,autoregressive_plus_random_gaussian_PCA64_delta,AR_plus_random_PCA64_delta,True,8072,1913,99,25,True,True,0.4444444444444445,0.63707298196734,0.36028368794326243,0.5799086757990868,0.6680606377417668,254.0,451.0,184.0,1024.0,0.2774148287813304,0.4420012151078385,0.22895974908520647,438.0,0.02968036529680365,0.14840182648401826,0.2579908675799087,0.4474885844748858
existing_suite_with_frozen_tensor_adapter,cortical_pca64_delta_frozen_baseline,PCA64_delta,grouped_0,arousal__future_change_p3s_movement,0.05,binary,residualized_autoregressive_plus_PCA64_delta,residualized_AR_plus_PCA64_delta,False,8072,1913,99,25,True,True,0.4522968197879858,0.643762866651188,0.3688760806916426,0.5844748858447488,0.6759017250392054,256.0,438.0,182.0,1037.0,0.27164057634691036,0.42830630307614914,0.22895974908520647,438.0,0.03424657534246575,0.12557077625570776,0.23515981735159816,0.4452054794520548
existing_suite_with_frozen_tensor_adapter,cortical_pca64_delta_frozen_baseline,PCA64_delta,grouped_0,arousal__future_change_p3s_movement,0.05,binary,residualized_autoregressive_plus_shuffled_PCA64_delta,residualized_AR_plus_shuffled_PCA64_delta,True,8072,1913,99,25,True,True,0.46922390722569135,0.657855429146351,0.3850658857979502,0.6004566210045662,0.6889702038682697,263.0,420.0,175.0,1055.0,0.2768691747888506,0.44397793480845604,0.22895974908520647,438.0,0.0319634703196347,0.1506849315068493,0.2534246575342466,0.4429223744292237
existing_suite_with_frozen_tensor_adapter,cortical_pca64_delta_frozen_baseline,PCA64_delta,grouped_0,arousal__future_change_p3s_movement,0.05,binary,residualized_autoregressive_plus_random_gaussian_PCA64_delta,residualized_AR_plus_random_PCA64_delta,True,8072,1913,99,25,True,True,0.43567482241515393,0.6276108660320409,0.33293124246079614,0.6301369863013698,0.6262415054887611,276.0,553.0,162.0,922.0,0.25384131607545085,0.45343056925524394,0.22895974908520647,438.0,0.02968036529680365,0.1552511415525114,0.2762557077625571,0.45662100456621
existing_suite_with_frozen_tensor_adapter,cortical_pca64_delta_frozen_baseline,PCA64_delta,grouped_1,arousal__future_spike_1_3s,0.05,binary,mean_train,mean_train,True,8113,2120,99,25,True,True,0.28548321876263644,0.5,0.16650943396226414,1.0,0.16650943396226414,353.0,1767.0,0.0,0.0,0.16368790829532848,0.1794019127935607,0.16650943396226414,353.0,0.0169971671388102,0.0453257790368272,0.11331444759206799,0.20679886685552407
existing_suite_with_frozen_tensor_adapter,cortical_pca64_delta_frozen_baseline,PCA64_delta,grouped_1,arousal__future_spike_1_3s,0.05,binary,time_ridge,time_ridge,True,8113,2120,99,25,True,True,0.27064464571124136,0.50040721377601,0.16666666666666666,0.7195467422096318,0.35424528301886793,254.0,1270.0,99.0,497.0,0.14769169133747465,0.20145911718504514,0.16650943396226414,353.0,0.025495750708215296,0.09631728045325778,0.14447592067988668,0.22662889518413598
existing_suite_with_frozen_tensor_adapter,cortical_pca64_delta_frozen_baseline,PCA64_delta,grouped_1,arousal__future_spike_1_3s,0.05,binary,autoregressive,AR_only,False,8113,2120,99,25,True,True,0.4521531100478469,0.6845135318420331,0.391304347826087,0.5354107648725213,0.7839622641509434,189.0,294.0,164.0,1473.0,0.18884828500939407,0.4130297643721262,0.16650943396226414,353.0,0.053824362606232294,0.17563739376770537,0.28328611898017,0.42492917847025496
existing_suite_with_frozen_tensor_adapter,cortical_pca64_delta_frozen_baseline,PCA64_delta,grouped_1,arousal__future_spike_1_3s,0.05,binary,PCA64_delta,PCA64_delta_only,False,8113,2120,99,25,True,True,0.32741116751269034,0.5961321104094423,0.296551724137931,0.3654390934844193,0.75,129.0,306.0,224.0,1461.0,0.26727439099655076,0.27166517368792936,0.16650943396226414,353.0,0.025495750708215296,0.1048158640226629,0.18980169971671387,0.29178470254957506
existing_suite_with_frozen_tensor_adapter,cortical_pca64_delta_frozen_baseline,PCA64_delta,grouped_1,arousal__future_spike_1_3s,0.05,binary,shuffled_PCA64_delta,shuffled_PCA64_delta,True,8113,2120,99,25,True,True,0.2519137091162143,0.5008561108519265,0.1669741697416974,0.5127478753541076,0.49292452830188677,181.0,903.0,172.0,864.0,0.15918688937017014,0.1695404719268273,0.16650943396226414,353.0,0.0084985835694051,0.05099150141643059,0.10764872521246459,0.19263456090651557
existing_suite_with_frozen_tensor_adapter,cortical_pca64_delta_frozen_baseline,PCA64_delta,grouped_1,arousal__future_spike_1_3s,0.05,binary,random_gaussian_PCA64_delta,random_gaussian_PCA64_delta,True,8113,2120,99,25,True,True,0.24351585014409222,0.49432866640694767,0.16328502415458937,0.47875354107648727,0.5047169811320755,169.0,866.0,184.0,901.0,0.16620827040185585,0.16419474837024156,0.16650943396226414,353.0,0.014164305949008499,0.042492917847025496,0.0906515580736544,0.16147308781869688
existing_suite_with_frozen_tensor_adapter,cortical_pca64_delta_frozen_baseline,PCA64_delta,grouped_1,arousal__future_spike_1_3s,0.05,binary,autoregressive_plus_PCA64_delta,AR_plus_PCA64_delta,False,8113,2120,99,25,True,True,0.4384787472035795,0.6799973066175445,0.36229205175600737,0.5552407932011332,0.7632075471698113,196.0,345.0,157.0,1422.0,0.2468919750367435,0.4007005376889457,0.16650943396226414,353.0,0.0453257790368272,0.1501416430594901,0.2776203966005666,0.4192634560906516
existing_suite_with_frozen_tensor_adapter,cortical_pca64_delta_frozen_baseline,PCA64_delta,grouped_1,arousal__future_spike_1_3s,0.05,binary,autoregressive_plus_shuffled_PCA64_delta,AR_plus_shuffled_PCA64_delta,True,8113,2120,99,25,True,True,0.40616966580976865,0.6482442513118216,0.37176470588235294,0.4475920679886686,0.7820754716981132,158.0,267.0,195.0,1500.0,0.2254648454312515,0.38622579200858437,0.16650943396226414,353.0,0.04815864022662889,0.17280453257790368,0.26345609065155806,0.3881019830028329
existing_suite_with_frozen_tensor_adapter,cortical_pca64_delta_frozen_baseline,PCA64_delta,grouped_1,arousal__future_spike_1_3s,0.05,binary,autoregressive_plus_random_gaussian_PCA64_delta,AR_plus_random_PCA64_delta,True,8113,2120,99,25,True,True,0.3926218708827404,0.6383260307398304,0.3669950738916256,0.42209631728045327,0.7825471698113208,149.0,257.0,204.0,1510.0,0.24272341544730308,0.37057880576425634,0.16650943396226414,353.0,0.0453257790368272,0.1671388101983003,0.2776203966005666,0.3881019830028329
existing_suite_with_frozen_tensor_adapter,cortical_pca64_delta_frozen_baseline,PCA64_delta,grouped_1,arousal__future_spike_1_3s,0.05,binary,residualized_autoregressive_plus_PCA64_delta,residualized_AR_plus_PCA64_delta,False,8113,2120,99,25,True,True,0.45464982778415614,0.6899043047626376,0.38223938223938225,0.5609065155807366,0.7759433962264151,198.0,320.0,155.0,1447.0,0.237670149543061,0.41375207793859653,0.16650943396226414,353.0,0.0453257790368272,0.1643059490084986,0.28328611898017,0.42492917847025496
existing_suite_with_frozen_tensor_adapter,cortical_pca64_delta_frozen_baseline,PCA64_delta,grouped_1,arousal__future_spike_1_3s,0.05,binary,residualized_autoregressive_plus_shuffled_PCA64_delta,residualized_AR_plus_shuffled_PCA64_delta,True,8113,2120,99,25,True,True,0.4035989717223651,0.6465448552387091,0.36941176470588233,0.4447592067988669,0.7811320754716982,157.0,268.0,196.0,1499.0,0.22553348829363035,0.3844717093703068,0.16650943396226414,353.0,0.04815864022662889,0.16997167138810199,0.26628895184135976,0.3909348441926346
existing_suite_with_frozen_tensor_adapter,cortical_pca64_delta_frozen_baseline,PCA64_delta,grouped_1,arousal__future_spike_1_3s,0.05,binary,residualized_autoregressive_plus_random_gaussian_PCA64_delta,residualized_AR_plus_random_PCA64_delta,True,8113,2120,99,25,True,True,0.3627569528415961,0.6207837742945502,0.31645569620253167,0.42492917847025496,0.7514150943396226,150.0,324.0,203.0,1443.0,0.22821352168397088,0.342639520027021,0.16650943396226414,353.0,0.04815864022662889,0.14730878186968838,0.2521246458923513,0.3626062322946176
existing_suite_with_frozen_tensor_adapter,cortical_pca64_delta_frozen_baseline,PCA64_delta,grouped_1,arousal__future_spike_1_3s,0.075,binary,mean_train,mean_train,True,8113,2120,99,25,True,True,0.1895815542271563,0.5,0.10471698113207548,1.0,0.10471698113207548,222.0,1898.0,0.0,0.0,0.09490940465918896,0.10931753937850959,0.10471698113207548,222.0,0.02252252252252252,0.04504504504504504,0.0990990990990991,0.0990990990990991
existing_suite_with_frozen_tensor_adapter,cortical_pca64_delta_frozen_baseline,PCA64_delta,grouped_1,arousal__future_spike_1_3s,0.075,binary,time_ridge,time_ridge,True,8113,2120,99,25,True,True,0.18853974121996303,0.544264232620397,0.15987460815047022,0.22972972972972974,0.7929245283018868,51.0,268.0,171.0,1630.0,0.11316943415777252,0.13308837391786138,0.10471698113207548,222.0,0.02252252252252252,0.0990990990990991,0.15315315315315314,0.15315315315315314
existing_suite_with_frozen_tensor_adapter,cortical_pca64_delta_frozen_baseline,PCA64_delta,grouped_1,arousal__future_spike_1_3s,0.075,binary,autoregressive,AR_only,False,8113,2120,99,25,True,True,0.33946830265848665,0.6384648610676008,0.31086142322097376,0.3738738738738739,0.8476415094339622,83.0,184.0,139.0,1714.0,0.15427824010403718,0.2955187970810324,0.10471698113207548,222.0,0.07207207207207207,0.17117117117117117,0.30180180180180183,0.3063063063063063
existing_suite_with_frozen_tensor_adapter,cortical_pca64_delta_frozen_baseline,PCA64_delta,grouped_1,arousal__future_spike_1_3s,0.075,binary,PCA64_delta,PCA64_delta_only,False,8113,2120,99,25,True,True,0.2222222222222222,0.5661554599910764,0.20784313725490197,0.23873873873873874,0.825,53.0,202.0,169.0,1696.0,0.20685465218693344,0.18579136604960034,0.10471698113207548,222.0,0.03153153153153153,0.1036036036036036,0.1981981981981982,0.21171171171171171
existing_suite_with_frozen_tensor_adapter,cortical_pca64_delta_frozen_baseline,PCA64_delta,grouped_1,arousal__future_spike_1_3s,0.075,binary,shuffled_PCA64_delta,shuffled_PCA64_delta,True,8113,2120,99,25,True,True,0.13594232749742535,0.4687224105032324,0.08811748998664887,0.2972972972972973,0.6042452830188679,66.0,683.0,156.0,1215.0,0.11666797557667209,0.09828142431080629,0.10471698113207548,222.0,0.018018018018018018,0.04954954954954955,0.08108108108108109,0.08558558558558559
existing_suite_with_frozen_tensor_adapter,cortical_pca64_delta_frozen_baseline,PCA64_delta,grouped_1,arousal__future_spike_1_3s,0.075,binary,random_gaussian_PCA64_delta,random_gaussian_PCA64_delta,True,8113,2120,99,25,True,True,0.13712374581939799,0.5040915520367575,0.10904255319148937,0.18468468468468469,0.7566037735849057,41.0,335.0,181.0,1563.0,0.1531270104293366,0.10399428941954666,0.10471698113207548,222.0,0.009009009009009009,0.03153153153153153,0.09009009009009009,0.0945945945945946
existing_suite_with_frozen_tensor_adapter,cortical_pca64_delta_frozen_baseline,PCA64_delta,grouped_1,arousal__future_spike_1_3s,0.075,binary,autoregressive_plus_PCA64_delta,AR_plus_PCA64_delta,False,8113,2120,99,25,True,True,0.29533678756476683,0.6001908125195796,0.3475609756097561,0.25675675675675674,0.8716981132075472,57.0,107.0,165.0,1791.0,0.2568603089095664,0.27817926119764047,0.10471698113207548,222.0,0.05855855855855856,0.16666666666666666,0.28378378378378377,0.2927927927927928
existing_suite_with_frozen_tensor_adapter,cortical_pca64_delta_frozen_baseline,PCA64_delta,grouped_1,arousal__future_spike_1_3s,0.075,binary,autoregressive_plus_shuffled_PCA64_delta,AR_plus_shuffled_PCA64_delta,True,8113,2120,99,25,True,True,0.27459016393442626,0.5984772971074341,0.2518796992481203,0.30180180180180183,0.8330188679245283,67.0,199.0,155.0,1699.0,0.1831884401437707,0.2569377816244511,0.10471698113207548,222.0,0.06306306306306306,0.16216216216216217,0.26126126126126126,0.2702702702702703
existing_suite_with_frozen_tensor_adapter,cortical_pca64_delta_frozen_baseline,PCA64_delta,grouped_1,arousal__future_spike_1_3s,0.075,binary,autoregressive_plus_random_gaussian_PCA64_delta,AR_plus_random_PCA64_delta,True,8113,2120,99,25,True,True,0.26274509803921575,0.5926817228187091,0.2326388888888889,0.30180180180180183,0.8226415094339623,67.0,221.0,155.0,1677.0,0.1912952086187355,0.23878005280881293,0.10471698113207548,222.0,0.06756756756756757,0.14414414414414414,0.24324324324324326,0.25675675675675674
existing_suite_with_frozen_tensor_adapter,cortical_pca64_delta_frozen_baseline,PCA64_delta,grouped_1,arousal__future_spike_1_3s,0.075,binary,residualized_autoregressive_plus_PCA64_delta,residualized_AR_plus_PCA64_delta,False,8113,2120,99,25,True,True,0.34108527131782945,0.643930548040137,0.29931972789115646,0.3963963963963964,0.839622641509434,88.0,206.0,134.0,1692.0,0.21012872940787877,0.300157553575712,0.10471698113207548,222.0,0.06306306306306306,0.1891891891891892,0.3063063063063063,0.3108108108108108
existing_suite_with_frozen_tensor_adapter,cortical_pca64_delta_frozen_baseline,PCA64_delta,grouped_1,arousal__future_spike_1_3s,0.075,binary,residualized_autoregressive_plus_shuffled_PCA64_delta,residualized_AR_plus_shuffled_PCA64_delta,True,8113,2120,99,25,True,True,0.29313543599257885,0.6152303515317213,0.24921135646687698,0.35585585585585583,0.8202830188679245,79.0,238.0,143.0,1660.0,0.17162784231995817,0.2586340886478298,0.10471698113207548,222.0,0.06306306306306306,0.17117117117117117,0.26576576576576577,0.2702702702702703
existing_suite_with_frozen_tensor_adapter,cortical_pca64_delta_frozen_baseline,PCA64_delta,grouped_1,arousal__future_spike_1_3s,0.075,binary,residualized_autoregressive_plus_random_gaussian_PCA64_delta,residualized_AR_plus_random_PCA64_delta,True,8113,2120,99,25,True,True,0.2942430703624734,0.6085139407057215,0.2793522267206478,0.3108108108108108,0.8438679245283018,69.0,178.0,153.0,1720.0,0.1937470411934724,0.25367744430236144,0.10471698113207548,222.0,0.05855855855855856,0.16216216216216217,0.28378378378378377,0.2927927927927928
existing_suite_with_frozen_tensor_adapter,cortical_pca64_delta_frozen_baseline,PCA64_delta,grouped_1,arousal__future_change_p3s_movement,0.05,binary,mean_train,mean_train,True,7915,2070,99,25,True,True,0.41924398625429554,0.5,0.26521739130434785,1.0,0.26521739130434785,549.0,1521.0,0.0,0.0,0.25685407454200887,0.28173442492438544,0.26521739130434785,549.0,0.01639344262295082,0.052823315118397086,0.1092896174863388,0.2786885245901639
existing_suite_with_frozen_tensor_adapter,cortical_pca64_delta_frozen_baseline,PCA64_delta,grouped_1,arousal__future_change_p3s_movement,0.05,binary,time_ridge,time_ridge,True,7915,2070,99,25,True,True,0.41682898324892875,0.49974132634914475,0.2651139742319128,0.9744990892531876,0.2768115942028985,535.0,1483.0,14.0,38.0,0.19679651843770463,0.34636143188662905,0.26521739130434785,549.0,0.02185792349726776,0.0965391621129326,0.15846994535519127,0.35154826958105645
existing_suite_with_frozen_tensor_adapter,cortical_pca64_delta_frozen_baseline,PCA64_delta,grouped_1,arousal__future_change_p3s_movement,0.05,binary,autoregressive,AR_only,False,7915,2070,99,25,True,True,0.4526748971193415,0.6219215141031029,0.41291291291291293,0.5009107468123861,0.678743961352657,275.0,391.0,274.0,1130.0,0.25150126704180925,0.4343991031687739,0.26521739130434785,549.0,0.025500910746812388,0.11293260473588343,0.20218579234972678,0.4335154826958106
existing_suite_with_frozen_tensor_adapter,cortical_pca64_delta_frozen_baseline,PCA64_delta,grouped_1,arousal__future_change_p3s_movement,0.05,binary,PCA64_delta,PCA64_delta_only,False,7915,2070,99,25,True,True,0.4039408866995074,0.5531628242851446,0.30511627906976746,0.5974499089253188,0.5323671497584541,328.0,747.0,221.0,774.0,0.25100551792546305,0.3294357721969168,0.26521739130434785,549.0,0.012750455373406194,0.08378870673952642,0.14754098360655737,0.3570127504553734
existing_suite_with_frozen_tensor_adapter,cortical_pca64_delta_frozen_baseline,PCA64_delta,grouped_1,arousal__future_change_p3s_movement,0.05,binary,shuffled_PCA64_delta,shuffled_PCA64_delta,True,7915,2070,99,25,True,True,0.390498812351544,0.49791983272437246,0.26413881748071977,0.7486338797814208,0.38019323671497585,411.0,1145.0,138.0,376.0,0.20247738264044396,0.26078401177869415,0.26521739130434785,549.0,0.014571948998178506,0.04189435336976321,0.0947176684881603,0.2550091074681239
existing_suite_with_frozen_tensor_adapter,cortical_pca64_delta_frozen_baseline,PCA64_delta,grouped_1,arousal__future_change_p3s_movement,0.05,binary,random_gaussian_PCA64_delta,random_gaussian_PCA64_delta,True,7915,2070,99,25,True,True,0.36662749706227965,0.5076901520785506,0.27059843885516044,0.5683060109289617,0.4792270531400966,312.0,841.0,237.0,680.0,0.24152465482599594,0.2815196349244854,0.26521739130434785,549.0,0.009107468123861567,0.058287795992714025,0.12568306010928962,0.2877959927140255
existing_suite_with_frozen_tensor_adapter,cortical_pca64_delta_frozen_baseline,PCA64_delta,grouped_1,arousal__future_change_p3s_movement,0.05,binary,autoregressive_plus_PCA64_delta,AR_plus_PCA64_delta,False,7915,2070,99,25,True,True,0.413961038961039,0.5915435272307908,0.3733528550512445,0.4644808743169399,0.6512077294685991,255.0,428.0,294.0,1093.0,0.29080319088012563,0.40565565622049005,0.26521739130434785,549.0,0.020036429872495445,0.122040072859745,0.19489981785063754,0.40255009107468126
existing_suite_with_frozen_tensor_adapter,cortical_pca64_delta_frozen_baseline,PCA64_delta,grouped_1,arousal__future_change_p3s_movement,0.05,binary,autoregressive_plus_shuffled_PCA64_delta,AR_plus_shuffled_PCA64_delta,True,7915,2070,99,25,True,True,0.4237427864798021,0.6002683739127623,0.3870481927710843,0.4681238615664845,0.6623188405797101,257.0,407.0,292.0,1114.0,0.2752392769696862,0.40844630535186877,0.26521739130434785,549.0,0.02185792349726776,0.1092896174863388,0.19489981785063754,0.41530054644808745
existing_suite_with_frozen_tensor_adapter,cortical_pca64_delta_frozen_baseline,PCA64_delta,grouped_1,arousal__future_change_p3s_movement,0.05,binary,autoregressive_plus_random_gaussian_PCA64_delta,AR_plus_random_PCA64_delta,True,7915,2070,99,25,True,True,0.4076809453471197,0.5774673693967515,0.34285714285714286,0.5027322404371585,0.6125603864734299,276.0,529.0,273.0,992.0,0.25766786065217584,0.38664634412065946,0.26521739130434785,549.0,0.023679417122040074,0.1092896174863388,0.18579234972677597,0.4007285974499089
existing_suite_with_frozen_tensor_adapter,cortical_pca64_delta_frozen_baseline,PCA64_delta,grouped_1,arousal__future_change_p3s_movement,0.05,binary,residualized_autoregressive_plus_PCA64_delta,residualized_AR_plus_PCA64_delta,False,7915,2070,99,25,True,True,0.41617523167649534,0.5964206033562907,0.3871473354231975,0.44990892531876137,0.6652173913043479,247.0,391.0,302.0,1130.0,0.3002864587851864,0.4124385976228089,0.26521739130434785,549.0,0.023679417122040074,0.122040072859745,0.19854280510018216,0.40619307832422585
existing_suite_with_frozen_tensor_adapter,cortical_pca64_delta_frozen_baseline,PCA64_delta,grouped_1,arousal__future_change_p3s_movement,0.05,binary,residualized_autoregressive_plus_shuffled_PCA64_delta,residualized_AR_plus_shuffled_PCA64_delta,True,7915,2070,99,25,True,True,0.4181360201511335,0.5975846347851392,0.3878504672897196,0.453551912568306,0.6652173913043479,249.0,393.0,300.0,1128.0,0.27849152581728454,0.4085157709418015,0.26521739130434785,549.0,0.02185792349726776,0.10746812386156648,0.19672131147540983,0.4134790528233151
existing_suite_with_frozen_tensor_adapter,cortical_pca64_delta_frozen_baseline,PCA64_delta,grouped_1,arousal__future_change_p3s_movement,0.05,binary,residualized_autoregressive_plus_random_gaussian_PCA64_delta,residualized_AR_plus_random_PCA64_delta,True,7915,2070,99,25,True,True,0.41379310344827586,0.5882346601136008,0.3631361760660248,0.4808743169398907,0.6386473429951691,264.0,463.0,285.0,1058.0,0.2793617933507371,0.40158699186249336,0.26521739130434785,549.0,0.025500910746812388,0.10746812386156648,0.18761384335154827,0.3989071038251366
existing_suite_with_frozen_tensor_adapter,cortical_pca64_delta_frozen_baseline,PCA64_delta,grouped_2,arousal__future_spike_1_3s,0.05,binary,mean_train,mean_train,True,8302,1931,99,25,True,True,0.3039086517347387,0.5,0.17918177110305541,1.0,0.17918177110305541,346.0,1585.0,0.0,0.0,0.16080462539147194,0.1976766249101375,0.17918177110305541,346.0,0.014450867052023121,0.07803468208092486,0.13583815028901733,0.2138728323699422
existing_suite_with_frozen_tensor_adapter,cortical_pca64_delta_frozen_baseline,PCA64_delta,grouped_2,arousal__future_spike_1_3s,0.05,binary,time_ridge,time_ridge,True,8302,1931,99,25,True,True,0.3009404388714733,0.49627468499845007,0.178060413354531,0.9710982658959537,0.1916105644743656,336.0,1551.0,10.0,34.0,0.13145287223629065,0.22224360416727276,0.17918177110305541,346.0,0.017341040462427744,0.07225433526011561,0.1416184971098266,0.2514450867052023
existing_suite_with_frozen_tensor_adapter,cortical_pca64_delta_frozen_baseline,PCA64_delta,grouped_2,arousal__future_spike_1_3s,0.05,binary,autoregressive,AR_only,False,8302,1931,99,25,True,True,0.3876543209876543,0.6300331868492551,0.33836206896551724,0.45375722543352603,0.7431382703262558,157.0,307.0,189.0,1278.0,0.19468977298717874,0.38192448863694656,0.17918177110305541,346.0,0.04335260115606936,0.16184971098265896,0.25722543352601157,0.35260115606936415
existing_suite_with_frozen_tensor_adapter,cortical_pca64_delta_frozen_baseline,PCA64_delta,grouped_2,arousal__future_spike_1_3s,0.05,binary,PCA64_delta,PCA64_delta_only,False,8302,1931,99,25,True,True,0.3057142857142857,0.5767062963840922,0.3022598870056497,0.3092485549132948,0.7483169342309685,107.0,247.0,239.0,1338.0,0.266322752543035,0.3017937463733804,0.17918177110305541,346.0,0.04046242774566474,0.11849710982658959,0.21098265895953758,0.30057803468208094
existing_suite_with_frozen_tensor_adapter,cortical_pca64_delta_frozen_baseline,PCA64_delta,grouped_2,arousal__future_spike_1_3s,0.05,binary,shuffled_PCA64_delta,shuffled_PCA64_delta,True,8302,1931,99,25,True,True,0.2556016597510373,0.500145876260462,0.17927823050058206,0.44508670520231214,0.5354738477472812,154.0,705.0,192.0,880.0,0.1718859902786988,0.1755154940693634,0.17918177110305541,346.0,0.011560693641618497,0.046242774566473986,0.08959537572254335,0.17630057803468208
existing_suite_with_frozen_tensor_adapter,cortical_pca64_delta_frozen_baseline,PCA64_delta,grouped_2,arousal__future_spike_1_3s,0.05,binary,random_gaussian_PCA64_delta,random_gaussian_PCA64_delta,True,8302,1931,99,25,True,True,0.22270270270270273,0.49868620192921354,0.17789291882556132,0.2976878612716763,0.6276540652511652,103.0,476.0,243.0,1109.0,0.20226766909480648,0.1701573927601543,0.17918177110305541,346.0,0.005780346820809248,0.046242774566473986,0.08670520231213873,0.17052023121387283
existing_suite_with_frozen_tensor_adapter,cortical_pca64_delta_frozen_baseline,PCA64_delta,grouped_2,arousal__future_spike_1_3s,0.05,binary,autoregressive_plus_PCA64_delta,AR_plus_PCA64_delta,False,8302,1931,99,25,True,True,0.41145833333333337,0.6450429423241735,0.3744075829383886,0.45664739884393063,0.7659243915069912,158.0,264.0,188.0,1321.0,0.25390130855022197,0.4010629396617257,0.17918177110305541,346.0,0.03757225433526012,0.1791907514450867,0.28901734104046245,0.40173410404624277
existing_suite_with_frozen_tensor_adapter,cortical_pca64_delta_frozen_baseline,PCA64_delta,grouped_2,arousal__future_spike_1_3s,0.05,binary,autoregressive_plus_shuffled_PCA64_delta,AR_plus_shuffled_PCA64_delta,True,8302,1931,99,25,True,True,0.3722149410222804,0.6184515234951952,0.3405275779376499,0.41040462427745666,0.7519419989642672,142.0,275.0,204.0,1310.0,0.23919253885174732,0.35863477221288975,0.17918177110305541,346.0,0.04046242774566474,0.16184971098265896,0.24566473988439305,0.3670520231213873
existing_suite_with_frozen_tensor_adapter,cortical_pca64_delta_frozen_baseline,PCA64_delta,grouped_2,arousal__future_spike_1_3s,0.05,binary,autoregressive_plus_random_gaussian_PCA64_delta,AR_plus_random_PCA64_delta,True,8302,1931,99,25,True,True,0.3602941176470589,0.6105350011852446,0.3127659574468085,0.42485549132947975,0.7296737441740031,147.0,323.0,199.0,1262.0,0.225027712868947,0.36445702063049423,0.17918177110305541,346.0,0.04335260115606936,0.1676300578034682,0.2543352601156069,0.3439306358381503
existing_suite_with_frozen_tensor_adapter,cortical_pca64_delta_frozen_baseline,PCA64_delta,grouped_2,arousal__future_spike_1_3s,0.05,binary,residualized_autoregressive_plus_PCA64_delta,residualized_AR_plus_PCA64_delta,False,8302,1931,99,25,True,True,0.38832116788321175,0.6272123046625699,0.39233038348082594,0.38439306358381503,0.7830139823925427,133.0,206.0,213.0,1379.0,0.2797071068826992,0.40130365052211386,0.17918177110305541,346.0,0.03757225433526012,0.17341040462427745,0.2774566473988439,0.3872832369942196
existing_suite_with_frozen_tensor_adapter,cortical_pca64_delta_frozen_baseline,PCA64_delta,grouped_2,arousal__future_spike_1_3s,0.05,binary,residualized_autoregressive_plus_shuffled_PCA64_delta,residualized_AR_plus_shuffled_PCA64_delta,True,8302,1931,99,25,True,True,0.3694874851013111,0.617363833628125,0.3144016227180527,0.4479768786127168,0.7260486794407043,155.0,338.0,191.0,1247.0,0.22236418343631809,0.35840433538306915,0.17918177110305541,346.0,0.04046242774566474,0.15895953757225434,0.24566473988439305,0.36127167630057805
existing_suite_with_frozen_tensor_adapter,cortical_pca64_delta_frozen_baseline,PCA64_delta,grouped_2,arousal__future_spike_1_3s,0.05,binary,residualized_autoregressive_plus_random_gaussian_PCA64_delta,residualized_AR_plus_random_PCA64_delta,True,8302,1931,99,25,True,True,0.335180055401662,0.5944138509509309,0.32180851063829785,0.34971098265895956,0.7514241325737959,121.0,255.0,225.0,1330.0,0.24848874378862265,0.3462017556303702,0.17918177110305541,346.0,0.04046242774566474,0.15606936416184972,0.24566473988439305,0.33815028901734107
existing_suite_with_frozen_tensor_adapter,cortical_pca64_delta_frozen_baseline,PCA64_delta,grouped_2,arousal__future_spike_1_3s,0.075,binary,mean_train,mean_train,True,8302,1931,99,25,True,True,0.19194756554307116,0.5,0.10616261004660797,1.0,0.10616261004660797,205.0,1726.0,0.0,0.0,0.09479643459407372,0.11836885854686721,0.10616261004660797,205.0,0.01951219512195122,0.08780487804878048,0.15121951219512195,0.15121951219512195
existing_suite_with_frozen_tensor_adapter,cortical_pca64_delta_frozen_baseline,PCA64_delta,grouped_2,arousal__future_spike_1_3s,0.075,binary,time_ridge,time_ridge,True,8302,1931,99,25,True,True,0.18838304552590268,0.5385778481191532,0.1388888888888889,0.2926829268292683,0.7322630761263594,60.0,372.0,145.0,1354.0,0.09761901710014753,0.14085662933850798,0.10616261004660797,205.0,0.024390243902439025,0.1073170731707317,0.1951219512195122,0.2097560975609756
existing_suite_with_frozen_tensor_adapter,cortical_pca64_delta_frozen_baseline,PCA64_delta,grouped_2,arousal__future_spike_1_3s,0.075,binary,autoregressive,AR_only,False,8302,1931,99,25,True,True,0.30204081632653057,0.6193638187830314,0.2596491228070175,0.36097560975609755,0.8228896944588296,74.0,211.0,131.0,1515.0,0.15840118580358103,0.2700106051341348,0.10616261004660797,205.0,0.04878048780487805,0.22439024390243903,0.3170731707317073,0.32195121951219513
existing_suite_with_frozen_tensor_adapter,cortical_pca64_delta_frozen_baseline,PCA64_delta,grouped_2,arousal__future_spike_1_3s,0.075,binary,PCA64_delta,PCA64_delta_only,False,8302,1931,99,25,True,True,0.31353919239904987,0.6175225390724359,0.3055555555555556,0.32195121951219513,0.8503366131538063,66.0,150.0,139.0,1576.0,0.2072321279189651,0.2673505324961791,0.10616261004660797,205.0,0.05853658536585366,0.1902439024390244,0.2926829268292683,0.3121951219512195
existing_suite_with_frozen_tensor_adapter,cortical_pca64_delta_frozen_baseline,PCA64_delta,grouped_2,arousal__future_spike_1_3s,0.075,binary,shuffled_PCA64_delta,shuffled_PCA64_delta,True,8302,1931,99,25,True,True,0.13922356091030788,0.4848825707260549,0.0959409594095941,0.25365853658536586,0.6670119109269809,52.0,490.0,153.0,1236.0,0.12011948991740815,0.09413957004786468,0.10616261004660797,205.0,0.0,0.03414634146341464,0.08292682926829269,0.08292682926829269
existing_suite_with_frozen_tensor_adapter,cortical_pca64_delta_frozen_baseline,PCA64_delta,grouped_2,arousal__future_spike_1_3s,0.075,binary,random_gaussian_PCA64_delta,random_gaussian_PCA64_delta,True,8302,1931,99,25,True,True,0.1922596754057428,0.5374572534833112,0.12919463087248323,0.375609756097561,0.6649404453650958,77.0,519.0,128.0,1207.0,0.12531957381415126,0.11740415007063087,0.10616261004660797,205.0,0.0,0.05365853658536585,0.12682926829268293,0.13658536585365855
existing_suite_with_frozen_tensor_adapter,cortical_pca64_delta_frozen_baseline,PCA64_delta,grouped_2,arousal__future_spike_1_3s,0.075,binary,autoregressive_plus_PCA64_delta,AR_plus_PCA64_delta,False,8302,1931,99,25,True,True,0.3524416135881104,0.6494262781561767,0.31203007518796994,0.40487804878048783,0.8420507509062661,83.0,183.0,122.0,1543.0,0.20950486139083307,0.3292249004462328,0.10616261004660797,205.0,0.05365853658536585,0.25853658536585367,0.35609756097560974,0.36585365853658536
existing_suite_with_frozen_tensor_adapter,cortical_pca64_delta_frozen_baseline,PCA64_delta,grouped_2,arousal__future_spike_1_3s,0.075,binary,autoregressive_plus_shuffled_PCA64_delta,AR_plus_shuffled_PCA64_delta,True,8302,1931,99,25,True,True,0.3118040089086859,0.6203261453240256,0.28688524590163933,0.34146341463414637,0.8399792853443812,70.0,174.0,135.0,1552.0,0.19029867534165168,0.2479028429653977,0.10616261004660797,205.0,0.05853658536585366,0.2097560975609756,0.3024390243902439,0.3121951219512195
existing_suite_with_frozen_tensor_adapter,cortical_pca64_delta_frozen_baseline,PCA64_delta,grouped_2,arousal__future_spike_1_3s,0.075,binary,autoregressive_plus_random_gaussian_PCA64_delta,AR_plus_random_PCA64_delta,True,8302,1931,99,25,True,True,0.28635346756152125,0.6045332504309979,0.2644628099173554,0.3121951219512195,0.8348006214396686,64.0,178.0,141.0,1548.0,0.20307127531877575,0.24514367003923815,0.10616261004660797,205.0,0.04878048780487805,0.2146341463414634,0.28780487804878047,0.2975609756097561
existing_suite_with_frozen_tensor_adapter,cortical_pca64_delta_frozen_baseline,PCA64_delta,grouped_2,arousal__future_spike_1_3s,0.075,binary,residualized_autoregressive_plus_PCA64_delta,residualized_AR_plus_PCA64_delta,False,8302,1931,99,25,True,True,0.3511111111111111,0.6445948619393493,0.3224489795918367,0.3853658536585366,0.8487830139823925,79.0,166.0,126.0,1560.0,0.21740727385378025,0.3203868500213127,0.10616261004660797,205.0,0.05365853658536585,0.24878048780487805,0.3463414634146341,0.3463414634146341
existing_suite_with_frozen_tensor_adapter,cortical_pca64_delta_frozen_baseline,PCA64_delta,grouped_2,arousal__future_spike_1_3s,0.075,binary,residualized_autoregressive_plus_shuffled_PCA64_delta,residualized_AR_plus_shuffled_PCA64_delta,True,8302,1931,99,25,True,True,0.30223880597014924,0.6251391911369867,0.24471299093655588,0.3951219512195122,0.8063179699637494,81.0,250.0,124.0,1476.0,0.1655277009429699,0.2487646595458402,0.10616261004660797,205.0,0.05853658536585366,0.2048780487804878,0.3024390243902439,0.3121951219512195
existing_suite_with_frozen_tensor_adapter,cortical_pca64_delta_frozen_baseline,PCA64_delta,grouped_2,arousal__future_spike_1_3s,0.075,binary,residualized_autoregressive_plus_random_gaussian_PCA64_delta,residualized_AR_plus_random_PCA64_delta,True,8302,1931,99,25,True,True,0.30973451327433627,0.6194570839103525,0.2834008097165992,0.34146341463414637,0.8384256861729674,70.0,177.0,135.0,1549.0,0.20225618865880132,0.2546884865166031,0.10616261004660797,205.0,0.05365853658536585,0.2,0.2975609756097561,0.3024390243902439
existing_suite_with_frozen_tensor_adapter,cortical_pca64_delta_frozen_baseline,PCA64_delta,grouped_2,arousal__future_change_p3s_movement,0.05,binary,mean_train,mean_train,True,8104,1881,99,25,True,True,0.45185185185185184,0.5,0.291866028708134,1.0,0.291866028708134,549.0,1332.0,0.0,0.0,0.2508637709772952,0.32292516153404816,0.291866028708134,549.0,0.014571948998178506,0.06557377049180328,0.11839708561020036,0.331511839708561
existing_suite_with_frozen_tensor_adapter,cortical_pca64_delta_frozen_baseline,PCA64_delta,grouped_2,arousal__future_change_p3s_movement,0.05,binary,time_ridge,time_ridge,True,8104,1881,99,25,True,True,0.42016806722689076,0.49329862649534784,0.2883310719131615,0.7741347905282332,0.3763955342902711,425.0,1049.0,124.0,283.0,0.2015305697683149,0.3479991881315927,0.291866028708134,549.0,0.018214936247723135,0.08743169398907104,0.16393442622950818,0.3242258652094718
existing_suite_with_frozen_tensor_adapter,cortical_pca64_delta_frozen_baseline,PCA64_delta,grouped_2,arousal__future_change_p3s_movement,0.05,binary,autoregressive,AR_only,False,8104,1881,99,25,True,True,0.50752688172043,0.6377196869000148,0.41843971631205673,0.644808743169399,0.6347687400318979,354.0,492.0,195.0,840.0,0.23642843267101113,0.498158587665229,0.291866028708134,549.0,0.025500910746812388,0.12568306010928962,0.2185792349726776,0.46265938069216755
existing_suite_with_frozen_tensor_adapter,cortical_pca64_delta_frozen_baseline,PCA64_delta,grouped_2,arousal__future_change_p3s_movement,0.05,binary,PCA64_delta,PCA64_delta_only,False,8104,1881,99,25,True,True,0.43246670894102723,0.5526817801407965,0.3317120622568093,0.6211293260473588,0.5241892610313663,341.0,687.0,208.0,645.0,0.2462979510286552,0.36433215696141774,0.291866028708134,549.0,0.023679417122040074,0.08378870673952642,0.14207650273224043,0.3460837887067395
existing_suite_with_frozen_tensor_adapter,cortical_pca64_delta_frozen_baseline,PCA64_delta,grouped_2,arousal__future_change_p3s_movement,0.05,binary,shuffled_PCA64_delta,shuffled_PCA64_delta,True,8104,1881,99,25,True,True,0.41367118444313494,0.5204979569733669,0.3057491289198606,0.639344262295082,0.4710260499734184,351.0,797.0,198.0,535.0,0.23679263253021907,0.29868677850553127,0.291866028708134,549.0,0.009107468123861567,0.051001821493624776,0.10018214936247723,0.29508196721311475
existing_suite_with_frozen_tensor_adapter,cortical_pca64_delta_frozen_baseline,PCA64_delta,grouped_2,arousal__future_change_p3s_movement,0.05,binary,random_gaussian_PCA64_delta,random_gaussian_PCA64_delta,True,8104,1881,99,25,True,True,0.3942133815551537,0.5038952887313544,0.2945945945945946,0.5956284153005464,0.46570972886762363,327.0,783.0,222.0,549.0,0.22723467206249875,0.30550030332824957,0.291866028708134,549.0,0.009107468123861567,0.0692167577413479,0.10564663023679417,0.30783242258652094
existing_suite_with_frozen_tensor_adapter,cortical_pca64_delta_frozen_baseline,PCA64_delta,grouped_2,arousal__future_change_p3s_movement,0.05,binary,autoregressive_plus_PCA64_delta,AR_plus_PCA64_delta,False,8104,1881,99,25,True,True,0.4577039274924471,0.5987791069758283,0.3909677419354839,0.5519125683060109,0.6182881446039341,303.0,472.0,246.0,860.0,0.28690068882248343,0.4726883952047929,0.291866028708134,549.0,0.025500910746812388,0.12568306010928962,0.21311475409836064,0.42805100182149364
existing_suite_with_frozen_tensor_adapter,cortical_pca64_delta_frozen_baseline,PCA64_delta,grouped_2,arousal__future_change_p3s_movement,0.05,binary,autoregressive_plus_shuffled_PCA64_delta,AR_plus_shuffled_PCA64_delta,True,8104,1881,99,25,True,True,0.46196403872752423,0.59285309900064,0.37235228539576365,0.6083788706739527,0.5863902179691654,334.0,563.0,215.0,769.0,0.24989257933711106,0.48550249664809764,0.291866028708134,549.0,0.029143897996357013,0.122040072859745,0.2204007285974499,0.45901639344262296
existing_suite_with_frozen_tensor_adapter,cortical_pca64_delta_frozen_baseline,PCA64_delta,grouped_2,arousal__future_change_p3s_movement,0.05,binary,autoregressive_plus_random_gaussian_PCA64_delta,AR_plus_random_PCA64_delta,True,8104,1881,99,25,True,True,0.46307692307692305,0.6052158716093142,0.4007989347536618,0.5482695810564663,0.6289207868155237,301.0,450.0,248.0,882.0,0.27254006129759967,0.47098064762524916,0.291866028708134,549.0,0.025500910746812388,0.11475409836065574,0.20947176684881602,0.453551912568306
existing_suite_with_frozen_tensor_adapter,cortical_pca64_delta_frozen_baseline,PCA64_delta,grouped_2,arousal__future_change_p3s_movement,0.05,binary,residualized_autoregressive_plus_PCA64_delta,residualized_AR_plus_PCA64_delta,False,8104,1881,99,25,True,True,0.46686303387334316,0.604022054841727,0.39184177997527814,0.5774134790528234,0.6150983519404573,317.0,492.0,232.0,840.0,0.2772205462954461,0.4757269591998473,0.291866028708134,549.0,0.025500910746812388,0.12386156648451731,0.2167577413479053,0.424408014571949
existing_suite_with_frozen_tensor_adapter,cortical_pca64_delta_frozen_baseline,PCA64_delta,grouped_2,arousal__future_change_p3s_movement,0.05,binary,residualized_autoregressive_plus_shuffled_PCA64_delta,residualized_AR_plus_shuffled_PCA64_delta,True,8104,1881,99,25,True,True,0.4656011118832522,0.5967668488160291,0.37640449438202245,0.6102003642987249,0.5911749069643807,335.0,555.0,214.0,777.0,0.24951339025848537,0.48607123040172123,0.291866028708134,549.0,0.029143897996357013,0.122040072859745,0.2204007285974499,0.45901639344262296
existing_suite_with_frozen_tensor_adapter,cortical_pca64_delta_frozen_baseline,PCA64_delta,grouped_2,arousal__future_change_p3s_movement,0.05,binary,residualized_autoregressive_plus_random_gaussian_PCA64_delta,residualized_AR_plus_random_PCA64_delta,True,8104,1881,99,25,True,True,0.4566473988439307,0.5929761728942057,0.3784431137724551,0.575591985428051,0.6002126528442318,316.0,519.0,233.0,813.0,0.2586472894081487,0.4562534378145825,0.291866028708134,549.0,0.023679417122040074,0.11657559198542805,0.21129326047358835,0.41712204007285975
existing_suite_with_frozen_tensor_adapter,cortical_pca64_delta_frozen_baseline,PCA64_delta,grouped_3,arousal__future_spike_1_3s,0.05,binary,mean_train,mean_train,True,8042,2191,99,25,True,True,0.28224225793806346,0.5,0.16430853491556366,1.0,0.16430853491556366,360.0,1831.0,0.0,0.0,0.16426262123849789,0.19543311403519745,0.16430853491556366,360.0,0.002777777777777778,0.06111111111111111,0.1111111111111111,0.23055555555555557
existing_suite_with_frozen_tensor_adapter,cortical_pca64_delta_frozen_baseline,PCA64_delta,grouped_3,arousal__future_spike_1_3s,0.05,binary,time_ridge,time_ridge,True,8042,2191,99,25,True,True,0.2762886597938144,0.5139480551004308,0.16962025316455695,0.7444444444444445,0.3591967138293017,268.0,1312.0,92.0,519.0,0.14609110576448106,0.18549373572728692,0.16430853491556366,360.0,0.013888888888888888,0.075,0.125,0.21666666666666667
existing_suite_with_frozen_tensor_adapter,cortical_pca64_delta_frozen_baseline,PCA64_delta,grouped_3,arousal__future_spike_1_3s,0.05,binary,autoregressive,AR_only,False,8042,2191,99,25,True,True,0.3904881101376721,0.6393864918987803,0.3553530751708428,0.43333333333333335,0.7777270652670014,156.0,283.0,204.0,1548.0,0.20053706766007345,0.3484915963404199,0.16430853491556366,360.0,0.04722222222222222,0.15555555555555556,0.24722222222222223,0.38055555555555554
existing_suite_with_frozen_tensor_adapter,cortical_pca64_delta_frozen_baseline,PCA64_delta,grouped_3,arousal__future_spike_1_3s,0.05,binary,PCA64_delta,PCA64_delta_only,False,8042,2191,99,25,True,True,0.33543733092876465,0.6045922082650647,0.24833110814419226,0.5166666666666667,0.6636239160200822,186.0,563.0,174.0,1268.0,0.252985468372279,0.25156305093265297,0.16430853491556366,360.0,0.016666666666666666,0.11944444444444445,0.20277777777777778,0.30277777777777776
existing_suite_with_frozen_tensor_adapter,cortical_pca64_delta_frozen_baseline,PCA64_delta,grouped_3,arousal__future_spike_1_3s,0.05,binary,shuffled_PCA64_delta,shuffled_PCA64_delta,True,8042,2191,99,25,True,True,0.25141015310233683,0.5186874203531768,0.17707150964812712,0.43333333333333335,0.5759926973984482,156.0,725.0,204.0,1106.0,0.17795310557391586,0.1732483564523295,0.16430853491556366,360.0,0.013888888888888888,0.05,0.09444444444444444,0.1638888888888889
existing_suite_with_frozen_tensor_adapter,cortical_pca64_delta_frozen_baseline,PCA64_delta,grouped_3,arousal__future_spike_1_3s,0.05,binary,random_gaussian_PCA64_delta,random_gaussian_PCA64_delta,True,8042,2191,99,25,True,True,0.2533136966126657,0.5133290855027611,0.17234468937875752,0.4777777777777778,0.5371976266544957,172.0,826.0,188.0,1005.0,0.1743955317628391,0.163656139714878,0.16430853491556366,360.0,0.002777777777777778,0.03333333333333333,0.08611111111111111,0.16944444444444445
existing_suite_with_frozen_tensor_adapter,cortical_pca64_delta_frozen_baseline,PCA64_delta,grouped_3,arousal__future_spike_1_3s,0.05,binary,autoregressive_plus_PCA64_delta,AR_plus_PCA64_delta,False,8042,2191,99,25,True,True,0.37020810514786423,0.6298614903816979,0.30560578661844484,0.46944444444444444,0.7375627567320858,169.0,384.0,191.0,1447.0,0.2725861030134489,0.3383174058217423,0.16430853491556366,360.0,0.03888888888888889,0.1527777777777778,0.26944444444444443,0.36944444444444446
existing_suite_with_frozen_tensor_adapter,cortical_pca64_delta_frozen_baseline,PCA64_delta,grouped_3,arousal__future_spike_1_3s,0.05,binary,autoregressive_plus_shuffled_PCA64_delta,AR_plus_shuffled_PCA64_delta,True,8042,2191,99,25,True,True,0.37230419977298523,0.6302900661447903,0.31477927063339733,0.45555555555555555,0.7476038338658147,164.0,357.0,196.0,1474.0,0.21616318511642169,0.32503936644879805,0.16430853491556366,360.0,0.044444444444444446,0.14722222222222223,0.2388888888888889,0.3611111111111111
existing_suite_with_frozen_tensor_adapter,cortical_pca64_delta_frozen_baseline,PCA64_delta,grouped_3,arousal__future_spike_1_3s,0.05,binary,autoregressive_plus_random_gaussian_PCA64_delta,AR_plus_random_PCA64_delta,True,8042,2191,99,25,True,True,0.3303457106274008,0.599428818496268,0.30641330166270786,0.35833333333333334,0.761296211775445,129.0,292.0,231.0,1539.0,0.24762053449545599,0.3153206344017052,0.16430853491556366,360.0,0.04722222222222222,0.14722222222222223,0.23333333333333334,0.3194444444444444
existing_suite_with_frozen_tensor_adapter,cortical_pca64_delta_frozen_baseline,PCA64_delta,grouped_3,arousal__future_spike_1_3s,0.05,binary,residualized_autoregressive_plus_PCA64_delta,residualized_AR_plus_PCA64_delta,False,8042,2191,99,25,True,True,0.3820224719101123,0.6378041750106196,0.32075471698113206,0.4722222222222222,0.7489730716567777,170.0,360.0,190.0,1471.0,0.27868738026999496,0.34692284046984145,0.16430853491556366,360.0,0.041666666666666664,0.15833333333333333,0.2777777777777778,0.37222222222222223
existing_suite_with_frozen_tensor_adapter,cortical_pca64_delta_frozen_baseline,PCA64_delta,grouped_3,arousal__future_spike_1_3s,0.05,binary,residualized_autoregressive_plus_shuffled_PCA64_delta,residualized_AR_plus_shuffled_PCA64_delta,True,8042,2191,99,25,True,True,0.3715319662243667,0.6278703198009588,0.3283582089552239,0.42777777777777776,0.7622090369694203,154.0,315.0,206.0,1516.0,0.22500307695853847,0.3242064125064792,0.16430853491556366,360.0,0.044444444444444446,0.14722222222222223,0.2361111111111111,0.3638888888888889
existing_suite_with_frozen_tensor_adapter,cortical_pca64_delta_frozen_baseline,PCA64_delta,grouped_3,arousal__future_spike_1_3s,0.05,binary,residualized_autoregressive_plus_random_gaussian_PCA64_delta,residualized_AR_plus_random_PCA64_delta,True,8042,2191,99,25,True,True,0.3464968152866242,0.6099702651859943,0.32,0.37777777777777777,0.7658603377453218,136.0,289.0,224.0,1542.0,0.2516055597699057,0.32210459997033475,0.16430853491556366,360.0,0.04722222222222222,0.15,0.2388888888888889,0.3333333333333333
existing_suite_with_frozen_tensor_adapter,cortical_pca64_delta_frozen_baseline,PCA64_delta,grouped_3,arousal__future_spike_1_3s,0.075,binary,mean_train,mean_train,True,8042,2191,99,25,True,True,0.17796257796257797,0.5,0.09767229575536285,1.0,0.09767229575536285,214.0,1977.0,0.0,0.0,0.09674210395424024,0.11104127561710642,0.09767229575536285,214.0,0.0,0.037383177570093455,0.07009345794392523,0.07009345794392523
existing_suite_with_frozen_tensor_adapter,cortical_pca64_delta_frozen_baseline,PCA64_delta,grouped_3,arousal__future_spike_1_3s,0.075,binary,time_ridge,time_ridge,True,8042,2191,99,25,True,True,0.15602836879432627,0.5254137534922638,0.12571428571428572,0.205607476635514,0.7827476038338658,44.0,306.0,170.0,1671.0,0.11328282953404704,0.1046399972305657,0.09767229575536285,214.0,0.014018691588785047,0.07009345794392523,0.1261682242990654,0.1261682242990654
existing_suite_with_frozen_tensor_adapter,cortical_pca64_delta_frozen_baseline,PCA64_delta,grouped_3,arousal__future_spike_1_3s,0.075,binary,autoregressive,AR_only,False,8042,2191,99,25,True,True,0.2680851063829787,0.598384931383811,0.24609375,0.29439252336448596,0.8429940666362392,63.0,193.0,151.0,1784.0,0.17128154935945225,0.22659954482010153,0.09767229575536285,214.0,0.056074766355140186,0.19158878504672897,0.2523364485981308,0.24766355140186916
existing_suite_with_frozen_tensor_adapter,cortical_pca64_delta_frozen_baseline,PCA64_delta,grouped_3,arousal__future_spike_1_3s,0.075,binary,PCA64_delta,PCA64_delta_only,False,8042,2191,99,25,True,True,0.21731748726655348,0.5708781832191699,0.17066666666666666,0.29906542056074764,0.7895937927886809,64.0,311.0,150.0,1666.0,0.21365303748942976,0.16469499475403807,0.09767229575536285,214.0,0.037383177570093455,0.11682242990654206,0.205607476635514,0.205607476635514
existing_suite_with_frozen_tensor_adapter,cortical_pca64_delta_frozen_baseline,PCA64_delta,grouped_3,arousal__future_spike_1_3s,0.075,binary,shuffled_PCA64_delta,shuffled_PCA64_delta,True,8042,2191,99,25,True,True,0.1301775147928994,0.48282940734332674,0.08716323296354993,0.2570093457943925,0.6645367412140575,55.0,576.0,159.0,1401.0,0.12698985698111573,0.0966269607005762,0.09767229575536285,214.0,0.009345794392523364,0.0514018691588785,0.11214953271028037,0.102803738317757
existing_suite_with_frozen_tensor_adapter,cortical_pca64_delta_frozen_baseline,PCA64_delta,grouped_3,arousal__future_spike_1_3s,0.075,binary,random_gaussian_PCA64_delta,random_gaussian_PCA64_delta,True,8042,2191,99,25,True,True,0.14626391096979333,0.514153418518571,0.1108433734939759,0.21495327102803738,0.7549064354176175,46.0,369.0,168.0,1608.0,0.1507910688017525,0.10643750160374482,0.09767229575536285,214.0,0.014018691588785047,0.06074766355140187,0.10747663551401869,0.10747663551401869
existing_suite_with_frozen_tensor_adapter,cortical_pca64_delta_frozen_baseline,PCA64_delta,grouped_3,arousal__future_spike_1_3s,0.075,binary,autoregressive_plus_PCA64_delta,AR_plus_PCA64_delta,False,8042,2191,99,25,True,True,0.3070362473347548,0.6219420532384099,0.2823529411764706,0.3364485981308411,0.851665905979005,72.0,183.0,142.0,1794.0,0.24881916597904585,0.22307730739543855,0.09767229575536285,214.0,0.04205607476635514,0.17757009345794392,0.29906542056074764,0.29439252336448596
existing_suite_with_frozen_tensor_adapter,cortical_pca64_delta_frozen_baseline,PCA64_delta,grouped_3,arousal__future_spike_1_3s,0.075,binary,autoregressive_plus_shuffled_PCA64_delta,AR_plus_shuffled_PCA64_delta,True,8042,2191,99,25,True,True,0.22844827586206895,0.5740088116139341,0.212,0.24766355140186916,0.8366042902784117,53.0,197.0,161.0,1780.0,0.20530695004961902,0.20076537719981027,0.09767229575536285,214.0,0.04672897196261682,0.16822429906542055,0.22897196261682243,0.22429906542056074
existing_suite_with_frozen_tensor_adapter,cortical_pca64_delta_frozen_baseline,PCA64_delta,grouped_3,arousal__future_spike_1_3s,0.075,binary,autoregressive_plus_random_gaussian_PCA64_delta,AR_plus_random_PCA64_delta,True,8042,2191,99,25,True,True,0.2543352601156069,0.5937604886096653,0.21639344262295082,0.308411214953271,0.8233683249657691,66.0,239.0,148.0,1738.0,0.1805708348803956,0.20876294432174175,0.09767229575536285,214.0,0.056074766355140186,0.17289719626168223,0.27102803738317754,0.27102803738317754
existing_suite_with_frozen_tensor_adapter,cortical_pca64_delta_frozen_baseline,PCA64_delta,grouped_3,arousal__future_spike_1_3s,0.075,binary,residualized_autoregressive_plus_PCA64_delta,residualized_AR_plus_PCA64_delta,False,8042,2191,99,25,True,True,0.30350194552529186,0.6260973153886518,0.26,0.3644859813084112,0.8366042902784117,78.0,222.0,136.0,1755.0,0.2303258226600056,0.22558335243308347,0.09767229575536285,214.0,0.037383177570093455,0.1822429906542056,0.3037383177570093,0.29439252336448596
existing_suite_with_frozen_tensor_adapter,cortical_pca64_delta_frozen_baseline,PCA64_delta,grouped_3,arousal__future_spike_1_3s,0.075,binary,residualized_autoregressive_plus_shuffled_PCA64_delta,residualized_AR_plus_shuffled_PCA64_delta,True,8042,2191,99,25,True,True,0.23092783505154638,0.5764658053597682,0.2066420664206642,0.2616822429906542,0.8297581013235965,56.0,215.0,158.0,1762.0,0.1956766371003019,0.20074025023882064,0.09767229575536285,214.0,0.04672897196261682,0.16822429906542055,0.22897196261682243,0.22897196261682243
existing_suite_with_frozen_tensor_adapter,cortical_pca64_delta_frozen_baseline,PCA64_delta,grouped_3,arousal__future_spike_1_3s,0.075,binary,residualized_autoregressive_plus_random_gaussian_PCA64_delta,residualized_AR_plus_random_PCA64_delta,True,8042,2191,99,25,True,True,0.24696356275303644,0.5871364145618538,0.21785714285714286,0.2850467289719626,0.8302145139205842,61.0,219.0,153.0,1758.0,0.19746078832254066,0.20659536826147837,0.09767229575536285,214.0,0.0514018691588785,0.1588785046728972,0.2616822429906542,0.2616822429906542
existing_suite_with_frozen_tensor_adapter,cortical_pca64_delta_frozen_baseline,PCA64_delta,grouped_3,arousal__future_change_p3s_movement,0.05,binary,mean_train,mean_train,True,7844,2141,99,25,True,True,0.4058078927773641,0.5,0.25455394675385334,1.0,0.25455394675385334,545.0,1596.0,0.0,0.0,0.2596889342172361,0.29357178227845476,0.25455394675385334,545.0,0.005504587155963303,0.07155963302752294,0.11376146788990826,0.28256880733944956
existing_suite_with_frozen_tensor_adapter,cortical_pca64_delta_frozen_baseline,PCA64_delta,grouped_3,arousal__future_change_p3s_movement,0.05,binary,time_ridge,time_ridge,True,7844,2141,99,25,True,True,0.4020061728395062,0.4999114759375503,0.2545188080117245,0.9559633027522936,0.27603923400280245,521.0,1526.0,24.0,70.0,0.19501495182577064,0.302664436633446,0.25455394675385334,545.0,0.014678899082568808,0.07522935779816514,0.13577981651376148,0.3486238532110092
existing_suite_with_frozen_tensor_adapter,cortical_pca64_delta_frozen_baseline,PCA64_delta,grouped_3,arousal__future_change_p3s_movement,0.05,binary,autoregressive,AR_only,False,7844,2141,99,25,True,True,0.46730245231607626,0.6329746384309397,0.37161430119176597,0.6293577981651376,0.6347501167678655,343.0,580.0,202.0,1016.0,0.24342661165725063,0.43822961211915995,0.25455394675385334,545.0,0.03302752293577982,0.11192660550458716,0.1944954128440367,0.42752293577981654
existing_suite_with_frozen_tensor_adapter,cortical_pca64_delta_frozen_baseline,PCA64_delta,grouped_3,arousal__future_change_p3s_movement,0.05,binary,PCA64_delta,PCA64_delta_only,False,7844,2141,99,25,True,True,0.39615967660434565,0.5331919247660436,0.2733612273361227,0.7192660550458716,0.44184960298925735,392.0,1042.0,153.0,554.0,0.23182851839154636,0.3045418660363073,0.25455394675385334,545.0,0.011009174311926606,0.08623853211009175,0.14678899082568808,0.3137614678899083
existing_suite_with_frozen_tensor_adapter,cortical_pca64_delta_frozen_baseline,PCA64_delta,grouped_3,arousal__future_change_p3s_movement,0.05,binary,shuffled_PCA64_delta,shuffled_PCA64_delta,True,7844,2141,99,25,True,True,0.3715377268385865,0.49347221264169594,0.25112976113621693,0.7137614678899082,0.3853339560952826,389.0,1160.0,156.0,436.0,0.21683686046437264,0.26445770898207716,0.25455394675385334,545.0,0.009174311926605505,0.05688073394495413,0.12293577981651377,0.27706422018348625
existing_suite_with_frozen_tensor_adapter,cortical_pca64_delta_frozen_baseline,PCA64_delta,grouped_3,arousal__future_change_p3s_movement,0.05,binary,random_gaussian_PCA64_delta,random_gaussian_PCA64_delta,True,7844,2141,99,25,True,True,0.361,0.4884608309765239,0.24810996563573884,0.6623853211009174,0.40308267164876227,361.0,1094.0,184.0,502.0,0.2173122775383871,0.26245566575587176,0.25455394675385334,545.0,0.014678899082568808,0.05321100917431193,0.11192660550458716,0.26238532110091745
existing_suite_with_frozen_tensor_adapter,cortical_pca64_delta_frozen_baseline,PCA64_delta,grouped_3,arousal__future_change_p3s_movement,0.05,binary,autoregressive_plus_PCA64_delta,AR_plus_PCA64_delta,False,7844,2141,99,25,True,True,0.41933534743202416,0.5793135361339128,0.31261261261261264,0.636697247706422,0.5511443250817375,347.0,763.0,198.0,833.0,0.2738689819665708,0.3915158107363169,0.25455394675385334,545.0,0.023853211009174313,0.12110091743119267,0.21100917431192662,0.3761467889908257
existing_suite_with_frozen_tensor_adapter,cortical_pca64_delta_frozen_baseline,PCA64_delta,grouped_3,arousal__future_change_p3s_movement,0.05,binary,autoregressive_plus_shuffled_PCA64_delta,AR_plus_shuffled_PCA64_delta,True,7844,2141,99,25,True,True,0.4285714285714286,0.5978880687958428,0.34054054054054056,0.5779816513761468,0.6076599719757123,315.0,610.0,230.0,986.0,0.265033816078675,0.40596444346163374,0.25455394675385334,545.0,0.03302752293577982,0.12110091743119267,0.1926605504587156,0.3981651376146789
existing_suite_with_frozen_tensor_adapter,cortical_pca64_delta_frozen_baseline,PCA64_delta,grouped_3,arousal__future_change_p3s_movement,0.05,binary,autoregressive_plus_random_gaussian_PCA64_delta,AR_plus_random_PCA64_delta,True,7844,2141,99,25,True,True,0.4175136825645035,0.5986508702950035,0.3637602179836512,0.48990825688073397,0.6520317608594115,267.0,467.0,278.0,1129.0,0.29595424106469026,0.416525748685451,0.25455394675385334,545.0,0.03486238532110092,0.12110091743119267,0.1926605504587156,0.41467889908256883
existing_suite_with_frozen_tensor_adapter,cortical_pca64_delta_frozen_baseline,PCA64_delta,grouped_3,arousal__future_change_p3s_movement,0.05,binary,residualized_autoregressive_plus_PCA64_delta,residualized_AR_plus_PCA64_delta,False,7844,2141,99,25,True,True,0.43171296296296297,0.5884424363661447,0.3153000845308538,0.6844036697247706,0.5413358243811303,373.0,810.0,172.0,786.0,0.2595788571612402,0.398088752169393,0.25455394675385334,545.0,0.025688073394495414,0.11926605504587157,0.21651376146788992,0.3889908256880734
existing_suite_with_frozen_tensor_adapter,cortical_pca64_delta_frozen_baseline,PCA64_delta,grouped_3,arousal__future_change_p3s_movement,0.05,binary,residualized_autoregressive_plus_shuffled_PCA64_delta,residualized_AR_plus_shuffled_PCA64_delta,True,7844,2141,99,25,True,True,0.4278535534816942,0.6010887310018165,0.35141509433962265,0.5467889908256881,0.6277440448388604,298.0,550.0,247.0,1046.0,0.27631785191016117,0.4062519770806708,0.25455394675385334,545.0,0.03302752293577982,0.12110091743119267,0.1926605504587156,0.3944954128440367
existing_suite_with_frozen_tensor_adapter,cortical_pca64_delta_frozen_baseline,PCA64_delta,grouped_3,arousal__future_change_p3s_movement,0.05,binary,residualized_autoregressive_plus_random_gaussian_PCA64_delta,residualized_AR_plus_random_PCA64_delta,True,7844,2141,99,25,True,True,0.43213296398891965,0.6023412890023223,0.3470522803114572,0.5724770642201835,0.6170014012143858,312.0,587.0,233.0,1009.0,0.27013815536889885,0.41783985903369436,0.25455394675385334,545.0,0.03486238532110092,0.11743119266055047,0.2036697247706422,0.3908256880733945
existing_suite_with_frozen_tensor_adapter,cortical_pca64_delta_frozen_baseline,PCA64_delta,grouped_4,arousal__future_spike_1_3s,0.05,binary,mean_train,mean_train,True,8205,2028,100,24,True,True,0.27624309392265195,0.5,0.16025641025641027,1.0,0.16025641025641027,325.0,1703.0,0.0,0.0,0.16526508226691042,0.204203043714837,0.16025641025641027,325.0,0.03076923076923077,0.06769230769230769,0.16,0.23076923076923078
existing_suite_with_frozen_tensor_adapter,cortical_pca64_delta_frozen_baseline,PCA64_delta,grouped_4,arousal__future_spike_1_3s,0.05,binary,time_ridge,time_ridge,True,8205,2028,100,24,True,True,0.2713107241063245,0.4970757486788021,0.15939687668282176,0.9107692307692308,0.21597633136094674,296.0,1561.0,29.0,142.0,0.13679699610608803,0.16634226345953976,0.16025641025641027,325.0,0.024615384615384615,0.06153846153846154,0.12307692307692308,0.1753846153846154
existing_suite_with_frozen_tensor_adapter,cortical_pca64_delta_frozen_baseline,PCA64_delta,grouped_4,arousal__future_spike_1_3s,0.05,binary,autoregressive,AR_only,False,8205,2028,100,24,True,True,0.4139715394566623,0.6615971814445096,0.35714285714285715,0.49230769230769234,0.7766272189349113,160.0,288.0,165.0,1415.0,0.19494784420191408,0.36142592243730803,0.16025641025641027,325.0,0.04,0.16615384615384615,0.29846153846153844,0.4
existing_suite_with_frozen_tensor_adapter,cortical_pca64_delta_frozen_baseline,PCA64_delta,grouped_4,arousal__future_spike_1_3s,0.05,binary,PCA64_delta,PCA64_delta_only,False,8205,2028,100,24,True,True,0.3225806451612903,0.5966529653552555,0.3220858895705521,0.3230769230769231,0.7825443786982249,105.0,221.0,220.0,1482.0,0.27164731027806377,0.30073156765568176,0.16025641025641027,325.0,0.03076923076923077,0.14153846153846153,0.23692307692307693,0.32
existing_suite_with_frozen_tensor_adapter,cortical_pca64_delta_frozen_baseline,PCA64_delta,grouped_4,arousal__future_spike_1_3s,0.05,binary,shuffled_PCA64_delta,shuffled_PCA64_delta,True,8205,2028,100,24,True,True,0.21221864951768493,0.47201409277745154,0.14363438520130578,0.40615384615384614,0.5167652859960552,132.0,787.0,193.0,916.0,0.1759654107296432,0.14578711128815872,0.16025641025641027,325.0,0.009230769230769232,0.04,0.07076923076923076,0.13538461538461538
existing_suite_with_frozen_tensor_adapter,cortical_pca64_delta_frozen_baseline,PCA64_delta,grouped_4,arousal__future_spike_1_3s,0.05,binary,random_gaussian_PCA64_delta,random_gaussian_PCA64_delta,True,8205,2028,100,24,True,True,0.22357019064124783,0.4929418672930123,0.15560916767189384,0.39692307692307693,0.5581854043392505,129.0,700.0,196.0,1003.0,0.1848301979206501,0.1508425869486174,0.16025641025641027,325.0,0.009230769230769232,0.043076923076923075,0.06769230769230769,0.12615384615384614
existing_suite_with_frozen_tensor_adapter,cortical_pca64_delta_frozen_baseline,PCA64_delta,grouped_4,arousal__future_spike_1_3s,0.05,binary,autoregressive_plus_PCA64_delta,AR_plus_PCA64_delta,False,8205,2028,100,24,True,True,0.4232488822652757,0.6585672342924251,0.41040462427745666,0.4369230769230769,0.8091715976331361,142.0,204.0,183.0,1499.0,0.2708659211672068,0.37985653017790183,0.16025641025641027,325.0,0.04,0.16615384615384615,0.3046153846153846,0.4123076923076923
existing_suite_with_frozen_tensor_adapter,cortical_pca64_delta_frozen_baseline,PCA64_delta,grouped_4,arousal__future_spike_1_3s,0.05,binary,autoregressive_plus_shuffled_PCA64_delta,AR_plus_shuffled_PCA64_delta,True,8205,2028,100,24,True,True,0.3481575603557815,0.6153493834409864,0.29653679653679654,0.42153846153846153,0.7470414201183432,137.0,325.0,188.0,1378.0,0.2306370901168612,0.2931076401497804,0.16025641025641027,325.0,0.036923076923076927,0.14461538461538462,0.24615384615384617,0.3353846153846154
existing_suite_with_frozen_tensor_adapter,cortical_pca64_delta_frozen_baseline,PCA64_delta,grouped_4,arousal__future_spike_1_3s,0.05,binary,autoregressive_plus_random_gaussian_PCA64_delta,AR_plus_random_PCA64_delta,True,8205,2028,100,24,True,True,0.36036036036036034,0.6278332354668232,0.2841918294849023,0.49230769230769234,0.7199211045364892,160.0,403.0,165.0,1300.0,0.2157474674030375,0.3298570087118535,0.16025641025641027,325.0,0.04,0.16,0.26461538461538464,0.3507692307692308
existing_suite_with_frozen_tensor_adapter,cortical_pca64_delta_frozen_baseline,PCA64_delta,grouped_4,arousal__future_spike_1_3s,0.05,binary,residualized_autoregressive_plus_PCA64_delta,residualized_AR_plus_PCA64_delta,False,8205,2028,100,24,True,True,0.4238227146814405,0.663746330005872,0.3853904282115869,0.4707692307692308,0.7948717948717948,153.0,244.0,172.0,1459.0,0.2521446629836266,0.3861180244112151,0.16025641025641027,325.0,0.04,0.16615384615384615,0.3046153846153846,0.41846153846153844
existing_suite_with_frozen_tensor_adapter,cortical_pca64_delta_frozen_baseline,PCA64_delta,grouped_4,arousal__future_spike_1_3s,0.05,binary,residualized_autoregressive_plus_shuffled_PCA64_delta,residualized_AR_plus_shuffled_PCA64_delta,True,8205,2028,100,24,True,True,0.3451776649746193,0.6132237228420434,0.2937365010799136,0.41846153846153844,0.7455621301775148,136.0,327.0,189.0,1376.0,0.23095783120174243,0.29235831763940207,0.16025641025641027,325.0,0.04,0.14153846153846153,0.24615384615384617,0.3353846153846154
existing_suite_with_frozen_tensor_adapter,cortical_pca64_delta_frozen_baseline,PCA64_delta,grouped_4,arousal__future_spike_1_3s,0.05,binary,residualized_autoregressive_plus_random_gaussian_PCA64_delta,residualized_AR_plus_random_PCA64_delta,True,8205,2028,100,24,True,True,0.36018957345971564,0.626095126247798,0.2928709055876686,0.4676923076923077,0.7337278106508875,152.0,367.0,173.0,1336.0,0.21866466956619446,0.3115891752530938,0.16025641025641027,325.0,0.036923076923076927,0.14461538461538462,0.24923076923076923,0.3507692307692308
existing_suite_with_frozen_tensor_adapter,cortical_pca64_delta_frozen_baseline,PCA64_delta,grouped_4,arousal__future_spike_1_3s,0.075,binary,mean_train,mean_train,True,8205,2028,100,24,True,True,0.15720127214902319,0.5,0.08530571992110454,1.0,0.08530571992110454,173.0,1855.0,0.0,0.0,0.09981718464351005,0.12476039583475919,0.08530571992110454,173.0,0.05202312138728324,0.06936416184971098,0.16184971098265896,0.08670520231213873
existing_suite_with_frozen_tensor_adapter,cortical_pca64_delta_frozen_baseline,PCA64_delta,grouped_4,arousal__future_spike_1_3s,0.075,binary,time_ridge,time_ridge,True,8205,2028,100,24,True,True,0.1451104100946372,0.5210881386036801,0.09978308026030369,0.2658959537572254,0.7327416173570019,46.0,415.0,127.0,1440.0,0.09968580353999336,0.09253689507913679,0.08530571992110454,173.0,0.028901734104046242,0.08092485549132948,0.13872832369942195,0.12138728323699421
existing_suite_with_frozen_tensor_adapter,cortical_pca64_delta_frozen_baseline,PCA64_delta,grouped_4,arousal__future_spike_1_3s,0.075,binary,autoregressive,AR_only,False,8205,2028,100,24,True,True,0.33333333333333337,0.6638580309427731,0.26855123674911663,0.4393063583815029,0.8500986193293886,76.0,207.0,97.0,1648.0,0.15443947318727605,0.2534939737686592,0.08530571992110454,173.0,0.06358381502890173,0.2023121387283237,0.3468208092485549,0.3179190751445087
existing_suite_with_frozen_tensor_adapter,cortical_pca64_delta_frozen_baseline,PCA64_delta,grouped_4,arousal__future_spike_1_3s,0.075,binary,PCA64_delta,PCA64_delta_only,False,8205,2028,100,24,True,True,0.24607329842931935,0.5921723820949473,0.22488038277511962,0.27167630057803466,0.8579881656804734,47.0,162.0,126.0,1693.0,0.22202523115663278,0.17252047666002251,0.08530571992110454,173.0,0.023121387283236993,0.13872832369942195,0.2658959537572254,0.23699421965317918
existing_suite_with_frozen_tensor_adapter,cortical_pca64_delta_frozen_baseline,PCA64_delta,grouped_4,arousal__future_spike_1_3s,0.075,binary,shuffled_PCA64_delta,shuffled_PCA64_delta,True,8205,2028,100,24,True,True,0.1436265709156194,0.52288456444853,0.10416666666666667,0.23121387283236994,0.764792899408284,40.0,344.0,133.0,1511.0,0.1512120995446508,0.09601867334967626,0.08530571992110454,173.0,0.017341040462427744,0.07514450867052024,0.12716763005780346,0.11560693641618497
existing_suite_with_frozen_tensor_adapter,cortical_pca64_delta_frozen_baseline,PCA64_delta,grouped_4,arousal__future_spike_1_3s,0.075,binary,random_gaussian_PCA64_delta,random_gaussian_PCA64_delta,True,8205,2028,100,24,True,True,0.1139240506329114,0.4900300702678279,0.0784313725490196,0.20809248554913296,0.7238658777120316,36.0,423.0,137.0,1432.0,0.14546694964939672,0.08344584166490279,0.08530571992110454,173.0,0.005780346820809248,0.05202312138728324,0.09248554913294797,0.08092485549132948
existing_suite_with_frozen_tensor_adapter,cortical_pca64_delta_frozen_baseline,PCA64_delta,grouped_4,arousal__future_spike_1_3s,0.075,binary,autoregressive_plus_PCA64_delta,AR_plus_PCA64_delta,False,8205,2028,100,24,True,True,0.31339031339031337,0.6258058987582382,0.3089887640449438,0.3179190751445087,0.881163708086785,55.0,123.0,118.0,1732.0,0.2494492509778771,0.24633442373448824,0.08530571992110454,173.0,0.046242774566473986,0.2254335260115607,0.35260115606936415,0.3179190751445087
existing_suite_with_frozen_tensor_adapter,cortical_pca64_delta_frozen_baseline,PCA64_delta,grouped_4,arousal__future_spike_1_3s,0.075,binary,autoregressive_plus_shuffled_PCA64_delta,AR_plus_shuffled_PCA64_delta,True,8205,2028,100,24,True,True,0.2907662082514735,0.643252886278298,0.22023809523809523,0.4277456647398844,0.821992110453649,74.0,262.0,99.0,1593.0,0.1706391420735022,0.22569924883902084,0.08530571992110454,173.0,0.06358381502890173,0.2023121387283237,0.31213872832369943,0.2774566473988439
existing_suite_with_frozen_tensor_adapter,cortical_pca64_delta_frozen_baseline,PCA64_delta,grouped_4,arousal__future_spike_1_3s,0.075,binary,autoregressive_plus_random_gaussian_PCA64_delta,AR_plus_random_PCA64_delta,True,8205,2028,100,24,True,True,0.2815533980582524,0.618842995808859,0.24267782426778242,0.3352601156069364,0.854043392504931,58.0,181.0,115.0,1674.0,0.20229134799125367,0.22707584084549412,0.08530571992110454,173.0,0.06936416184971098,0.1791907514450867,0.30057803468208094,0.26011560693641617
existing_suite_with_frozen_tensor_adapter,cortical_pca64_delta_frozen_baseline,PCA64_delta,grouped_4,arousal__future_spike_1_3s,0.075,binary,residualized_autoregressive_plus_PCA64_delta,residualized_AR_plus_PCA64_delta,False,8205,2028,100,24,True,True,0.3191489361702128,0.6348659302307464,0.2955665024630542,0.3468208092485549,0.873767258382643,60.0,143.0,113.0,1712.0,0.24230044359651232,0.25757192558004816,0.08530571992110454,173.0,0.06358381502890173,0.2254335260115607,0.3468208092485549,0.32947976878612717
existing_suite_with_frozen_tensor_adapter,cortical_pca64_delta_frozen_baseline,PCA64_delta,grouped_4,arousal__future_spike_1_3s,0.075,binary,residualized_autoregressive_plus_shuffled_PCA64_delta,residualized_AR_plus_shuffled_PCA64_delta,True,8205,2028,100,24,True,True,0.2979591836734694,0.6452144648894567,0.2302839116719243,0.42196531791907516,0.8303747534516766,73.0,244.0,100.0,1611.0,0.17537460004899066,0.2256274025430733,0.08530571992110454,173.0,0.06358381502890173,0.2023121387283237,0.31213872832369943,0.2832369942196532
existing_suite_with_frozen_tensor_adapter,cortical_pca64_delta_frozen_baseline,PCA64_delta,grouped_4,arousal__future_spike_1_3s,0.075,binary,residualized_autoregressive_plus_random_gaussian_PCA64_delta,residualized_AR_plus_random_PCA64_delta,True,8205,2028,100,24,True,True,0.27990970654627545,0.6231260614181325,0.22962962962962963,0.3583815028901734,0.8427021696252466,62.0,208.0,111.0,1647.0,0.1943920930777448,0.21089174015943057,0.08530571992110454,173.0,0.05202312138728324,0.1791907514450867,0.3179190751445087,0.2774566473988439
existing_suite_with_frozen_tensor_adapter,cortical_pca64_delta_frozen_baseline,PCA64_delta,grouped_4,arousal__future_change_p3s_movement,0.05,binary,mean_train,mean_train,True,8005,1980,100,24,True,True,0.4038694074969771,0.5,0.25303030303030305,1.0,0.25303030303030305,501.0,1479.0,0.0,0.0,0.2599625234228607,0.35972633219774836,0.25303030303030305,501.0,0.033932135728542916,0.09780439121756487,0.1656686626746507,0.313373253493014
existing_suite_with_frozen_tensor_adapter,cortical_pca64_delta_frozen_baseline,PCA64_delta,grouped_4,arousal__future_change_p3s_movement,0.05,binary,time_ridge,time_ridge,True,8005,1980,100,24,True,True,0.39652809502055736,0.5091986412570397,0.2571090047393365,0.8662674650698603,0.3328282828282828,434.0,1254.0,67.0,225.0,0.2150240341525528,0.3302489475628987,0.25303030303030305,501.0,0.027944111776447105,0.10778443113772455,0.16966067864271456,0.30538922155688625
existing_suite_with_frozen_tensor_adapter,cortical_pca64_delta_frozen_baseline,PCA64_delta,grouped_4,arousal__future_change_p3s_movement,0.05,binary,autoregressive,AR_only,False,8005,1980,100,24,True,True,0.5003802281368822,0.664381176794484,0.40417690417690416,0.656686626746507,0.6681818181818182,329.0,485.0,172.0,994.0,0.23600573875003492,0.47022916169701795,0.25303030303030305,501.0,0.023952095808383235,0.12974051896207583,0.24151696606786427,0.49700598802395207
existing_suite_with_frozen_tensor_adapter,cortical_pca64_delta_frozen_baseline,PCA64_delta,grouped_4,arousal__future_change_p3s_movement,0.05,binary,PCA64_delta,PCA64_delta_only,False,8005,1980,100,24,True,True,0.3785011355034065,0.5568032292413145,0.3048780487804878,0.499001996007984,0.5853535353535354,250.0,570.0,251.0,909.0,0.24509800423422184,0.32066275291176505,0.25303030303030305,501.0,0.015968063872255488,0.07784431137724551,0.15169660678642716,0.32934131736526945
existing_suite_with_frozen_tensor_adapter,cortical_pca64_delta_frozen_baseline,PCA64_delta,grouped_4,arousal__future_change_p3s_movement,0.05,binary,shuffled_PCA64_delta,shuffled_PCA64_delta,True,8005,1980,100,24,True,True,0.3822042467138524,0.5057106881571543,0.2559241706161137,0.7544910179640718,0.38282828282828285,378.0,1099.0,123.0,380.0,0.20723529380905675,0.2517981283043875,0.25303030303030305,501.0,0.00998003992015968,0.05189620758483034,0.08383233532934131,0.24550898203592814
existing_suite_with_frozen_tensor_adapter,cortical_pca64_delta_frozen_baseline,PCA64_delta,grouped_4,arousal__future_change_p3s_movement,0.05,binary,random_gaussian_PCA64_delta,random_gaussian_PCA64_delta,True,8005,1980,100,24,True,True,0.3660977045320777,0.5105144680213609,0.2595993322203673,0.6207584830339321,0.45606060606060606,311.0,887.0,190.0,592.0,0.23349748198084697,0.2755619134744579,0.25303030303030305,501.0,0.013972055888223553,0.05389221556886228,0.11177644710578842,0.2694610778443114
existing_suite_with_frozen_tensor_adapter,cortical_pca64_delta_frozen_baseline,PCA64_delta,grouped_4,arousal__future_change_p3s_movement,0.05,binary,autoregressive_plus_PCA64_delta,AR_plus_PCA64_delta,False,8005,1980,100,24,True,True,0.4557595993322204,0.6291149951618062,0.3916786226685796,0.5449101796407185,0.6707070707070707,273.0,424.0,228.0,1055.0,0.2656890621891246,0.41617884656089815,0.25303030303030305,501.0,0.01996007984031936,0.1217564870259481,0.20359281437125748,0.42714570858283435
existing_suite_with_frozen_tensor_adapter,cortical_pca64_delta_frozen_baseline,PCA64_delta,grouped_4,arousal__future_change_p3s_movement,0.05,binary,autoregressive_plus_shuffled_PCA64_delta,AR_plus_shuffled_PCA64_delta,True,8005,1980,100,24,True,True,0.4539116963594113,0.6243962379500634,0.37088607594936707,0.5848303393213573,0.6439393939393939,293.0,497.0,208.0,982.0,0.261267982977958,0.4331217286523985,0.25303030303030305,501.0,0.01996007984031936,0.1317365269461078,0.22554890219560877,0.4431137724550898
existing_suite_with_frozen_tensor_adapter,cortical_pca64_delta_frozen_baseline,PCA64_delta,grouped_4,arousal__future_change_p3s_movement,0.05,binary,autoregressive_plus_random_gaussian_PCA64_delta,AR_plus_random_PCA64_delta,True,8005,1980,100,24,True,True,0.43962400578452643,0.6079909147222796,0.34467120181405897,0.6067864271457086,0.6085858585858586,304.0,578.0,197.0,901.0,0.25506156996869,0.42684818442756967,0.25303030303030305,501.0,0.031936127744510975,0.12375249500998003,0.2215568862275449,0.4311377245508982
existing_suite_with_frozen_tensor_adapter,cortical_pca64_delta_frozen_baseline,PCA64_delta,grouped_4,arousal__future_change_p3s_movement,0.05,binary,residualized_autoregressive_plus_PCA64_delta,residualized_AR_plus_PCA64_delta,False,8005,1980,100,24,True,True,0.466557911908646,0.6370180531432065,0.39448275862068966,0.5708582834331337,0.6696969696969697,286.0,439.0,215.0,1040.0,0.25947020573016016,0.42354025565267983,0.25303030303030305,501.0,0.01996007984031936,0.1157684630738523,0.20958083832335328,0.4351297405189621
existing_suite_with_frozen_tensor_adapter,cortical_pca64_delta_frozen_baseline,PCA64_delta,grouped_4,arousal__future_change_p3s_movement,0.05,binary,residualized_autoregressive_plus_shuffled_PCA64_delta,residualized_AR_plus_shuffled_PCA64_delta,True,8005,1980,100,24,True,True,0.4583333333333333,0.624989372168442,0.35802469135802467,0.6367265469061876,0.6191919191919192,319.0,572.0,182.0,907.0,0.24636747822387686,0.4347796550353948,0.25303030303030305,501.0,0.021956087824351298,0.1277445109780439,0.2215568862275449,0.43912175648702595
existing_suite_with_frozen_tensor_adapter,cortical_pca64_delta_frozen_baseline,PCA64_delta,grouped_4,arousal__future_change_p3s_movement,0.05,binary,residualized_autoregressive_plus_random_gaussian_PCA64_delta,residualized_AR_plus_random_PCA64_delta,True,8005,1980,100,24,True,True,0.4569169960474308,0.627841679723717,0.3782722513089005,0.5768463073852296,0.6530303030303031,289.0,475.0,212.0,1004.0,0.274324852298209,0.4243274653786507,0.25303030303030305,501.0,0.02594810379241517,0.11177644710578842,0.22355289421157684,0.4311377245508982
