ar_accuracy,ar_balanced_accuracy,ar_decision_threshold,ar_event_count,ar_f1,ar_fn,ar_fp,ar_positive_class_rate,ar_pr_auc,ar_precision,ar_predicted_positive_count,ar_predicted_positive_rate,ar_recall,ar_tn,ar_top_10pct_recall,ar_top_1pct_recall,ar_top_5pct_recall,ar_top_event_count_recall,ar_tp,event_count,feature_mode,horizon_seconds,n,offset_seconds,random_accuracy,random_balanced_accuracy,random_decision_threshold,random_event_count,random_f1,random_fn,random_fp,random_positive_class_rate,random_pr_auc,random_precision,random_predicted_positive_count,random_predicted_positive_rate,random_recall,random_tn,random_top_10pct_recall,random_top_1pct_recall,random_top_5pct_recall,random_top_event_count_recall,random_tp,real_accuracy,real_balanced_accuracy,real_decision_threshold,real_event_count,real_f1,real_fn,real_fp,real_positive_class_rate,real_pr_auc,real_precision,real_predicted_positive_count,real_predicted_positive_rate,real_recall,real_tn,real_top_10pct_recall,real_top_1pct_recall,real_top_5pct_recall,real_top_event_count_recall,real_tp,real_vs_ar_f1_delta,real_vs_ar_pr_auc_delta,real_vs_random_f1_delta,real_vs_random_pr_auc_delta,real_vs_shuffled_f1_delta,real_vs_shuffled_pr_auc_delta,real_vs_timestamp_pr_auc_delta,real_vs_video_time_pr_auc_delta,shuffled_accuracy,shuffled_balanced_accuracy,shuffled_decision_threshold,shuffled_event_count,shuffled_f1,shuffled_fn,shuffled_fp,shuffled_positive_class_rate,shuffled_pr_auc,shuffled_precision,shuffled_predicted_positive_count,shuffled_predicted_positive_rate,shuffled_recall,shuffled_tn,shuffled_top_10pct_recall,shuffled_top_1pct_recall,shuffled_top_5pct_recall,shuffled_top_event_count_recall,shuffled_tp,split,success_all_controls,target_type,threshold,timestamp_accuracy,timestamp_balanced_accuracy,timestamp_decision_threshold,timestamp_event_count,timestamp_f1,timestamp_fn,timestamp_fp,timestamp_positive_class_rate,timestamp_pr_auc,timestamp_precision,timestamp_predicted_positive_count,timestamp_predicted_positive_rate,timestamp_recall,timestamp_tn,timestamp_top_10pct_recall,timestamp_top_1pct_recall,timestamp_top_5pct_recall,timestamp_top_event_count_recall,timestamp_tp,video_time_accuracy,video_time_balanced_accuracy,video_time_decision_threshold,video_time_event_count,video_time_f1,video_time_fn,video_time_fp,video_time_positive_class_rate,video_time_pr_auc,video_time_precision,video_time_predicted_positive_count,video_time_predicted_positive_rate,video_time_recall,video_time_tn,video_time_top_10pct_recall,video_time_top_1pct_recall,video_time_top_5pct_recall,video_time_top_event_count_recall,video_time_tp
0.07543978349120432,0.5125881208978202,0.12052908163741012,86.0,0.057911065149948295,2.0,2731.0,0.029093369418132613,0.058546777110380824,0.02984014209591474,2815.0,0.9523004059539919,0.9767441860465116,139.0,0.1511627906976744,0.06976744186046512,0.11627906976744186,0.10465116279069768,84.0,86,cortical_pca_64,0.5,2956,0,0.08322056833558863,0.5165950895389353,0.12344421098435768,86.0,0.05837387074357192,2.0,2708.0,0.029093369418132613,0.05500037381767494,0.03008595988538682,2792.0,0.9445196211096076,0.9767441860465116,162.0,0.16279069767441862,0.05813953488372093,0.10465116279069768,0.10465116279069768,84.0,0.4746278755074425,0.5884490721983632,0.21626883558708077,86.0,0.07283582089552239,25.0,1528.0,0.029093369418132613,0.09863492086842512,0.03838892385147892,1589.0,0.5375507442489851,0.7093023255813954,1342.0,0.22093023255813954,0.10465116279069768,0.18604651162790697,0.1511627906976744,61.0,0.014924755745574093,0.0400881437580443,0.014461950151950467,0.043634547050750185,0.013028060126565467,0.04461301254864055,0.04252534097260584,0.040465998123169276,0.10656292286874154,0.5286159954622802,0.14281980724076698,86.0,0.05980776076895692,2.0,2639.0,0.029093369418132613,0.054021908319784574,0.030848329048843187,2723.0,0.9211772665764547,0.9767441860465116,231.0,0.1511627906976744,0.06976744186046512,0.10465116279069768,0.10465116279069768,84.0,blocked,True,future_change_movement,0.03,0.9709066305818674,0.5,0.14156248729959703,86.0,,86.0,0.0,0.029093369418132613,0.056109579895819287,,0.0,0.0,0.0,2870.0,0.11627906976744186,0.03488372093023256,0.08139534883720931,0.05813953488372093,0.0,0.8690798376184032,0.5941941495826919,0.18294225114772286,86.0,0.11845102505694761,60.0,327.0,0.029093369418132613,0.05816892274525585,0.07365439093484419,353.0,0.11941813261163735,0.3023255813953488,2543.0,0.2441860465116279,0.06976744186046512,0.18604651162790697,0.06976744186046512,26.0
0.15426251691474965,0.5517717331810286,0.1274905580140707,58.0,0.042879019908116385,2.0,2498.0,0.01962110960757781,0.06874215166171183,0.02192638997650744,2554.0,0.8640054127198917,0.9655172413793104,400.0,0.22413793103448276,0.13793103448275862,0.1724137931034483,0.1724137931034483,56.0,58,cortical_pca_64,0.5,2956,0,0.2351150202976996,0.5761107541467362,0.1641910602095954,58.0,0.045588856057408186,4.0,2257.0,0.01962110960757781,0.07199142076490544,0.023366508005192556,2311.0,0.7817997293640054,0.9310344827586207,641.0,0.22413793103448276,0.13793103448275862,0.1896551724137931,0.1724137931034483,54.0,0.32949932341001353,0.6157992432355252,0.13419284756014815,58.0,0.05076628352490421,5.0,1977.0,0.01962110960757781,0.10510911297471397,0.026108374384236452,2030.0,0.6867388362652233,0.9137931034482759,921.0,0.3620689655172414,0.15517241379310345,0.3103448275862069,0.1896551724137931,53.0,0.007887263616787828,0.03636696131300214,0.005177427467496026,0.03311769220980852,0.0039239581380367955,0.032216420796410475,0.0885664774244406,0.06803705091669016,0.2290257104194858,0.5899014778325123,0.14141027037993936,58.0,0.04684232538686742,2.0,2277.0,0.01962110960757781,0.07289269217830349,0.02400342906129447,2333.0,0.7892422192151556,0.9655172413793104,621.0,0.2413793103448276,0.15517241379310345,0.1724137931034483,0.1724137931034483,56.0,blocked,True,future_spike,0.03,0.9803788903924222,0.5,0.06849646823864217,58.0,,58.0,0.0,0.01962110960757781,0.01654263555027336,,0.0,0.0,0.0,2898.0,0.034482758620689655,0.0,0.034482758620689655,0.017241379310344827,0.0,0.881596752368065,0.5932390947383451,0.10684456168875438,58.0,0.08854166666666667,41.0,309.0,0.01962110960757781,0.037072062058023804,0.05214723926380368,326.0,0.11028416779431664,0.29310344827586204,2589.0,0.25862068965517243,0.017241379310344827,0.1896551724137931,0.05172413793103448,17.0
0.31630581867388363,0.5660666750040197,0.18368436804463664,446.0,0.28963093145869945,34.0,1987.0,0.15087956698240865,0.27575802350388384,0.17173822426010837,2399.0,0.8115696887686062,0.9237668161434978,523.0,0.242152466367713,0.04484304932735426,0.1412556053811659,0.30493273542600896,412.0,446,cortical_pca_64,0.5,2956,0,0.37009472259810555,0.5682400443070766,0.21541705410916584,446.0,0.28985507246376807,66.0,1796.0,0.15087956698240865,0.27321840119238855,0.17463235294117646,2176.0,0.7361299052774019,0.852017937219731,714.0,0.2399103139013453,0.04484304932735426,0.13228699551569506,0.3094170403587444,380.0,0.7899188092016238,0.5905141764779447,0.25968137998314955,446.0,0.3045912653975364,310.0,311.0,0.15087956698240865,0.300165190844385,0.3042505592841163,447.0,0.15121786197564277,0.30493273542600896,2199.0,0.2242152466367713,0.04484304932735426,0.1412556053811659,0.30493273542600896,136.0,0.014960333938836945,0.024407167340501135,0.014736192933768322,0.026946789651996428,0.009793577536264697,0.020014678848426004,0.12133548747155526,0.0710247740502308,0.33964817320703655,0.576124202740607,0.17363049928207364,446.0,0.2947976878612717,38.0,1914.0,0.15087956698240865,0.280150511995959,0.17571059431524547,2322.0,0.7855209742895806,0.9147982062780269,596.0,0.226457399103139,0.042600896860986545,0.13452914798206278,0.3094170403587444,408.0,blocked,True,future_slope_change,0.03,0.3721244925575101,0.5150447537205438,0.15604344254925656,446.0,0.2570056044835869,125.0,1731.0,0.15087956698240865,0.17882970337282972,0.1564327485380117,2052.0,0.6941813261163735,0.7197309417040358,779.0,0.13004484304932734,0.02466367713004484,0.07623318385650224,0.18834080717488788,321.0,0.5250338294993234,0.5894127525771353,0.24109497856718248,446.0,0.30218687872763417,142.0,1262.0,0.15087956698240865,0.22914041679415417,0.194125159642401,1566.0,0.5297699594046008,0.6816143497757847,1248.0,0.1860986547085202,0.026905829596412557,0.09192825112107623,0.2825112107623318,304.0
0.04736129905277402,0.49605619576695287,0.15653370696466498,115.0,0.074293228139382,2.0,2814.0,0.038903924221921515,0.06518988181180521,0.038606081311923474,2927.0,0.9901894451962111,0.9826086956521739,27.0,0.19130434782608696,0.05217391304347826,0.12173913043478261,0.10434782608695652,113.0,115,cortical_pca_64,0.5,2956,0,0.058186738836265225,0.49751618382994356,0.16970572842767356,115.0,0.07446808510638299,3.0,2781.0,0.038903924221921515,0.06421801694614224,0.03871413757345316,2893.0,0.9786874154262517,0.9739130434782609,60.0,0.2,0.043478260869565216,0.13043478260869565,0.10434782608695652,112.0,0.2540595399188092,0.5451831106621979,0.19984845414708446,115.0,0.08239700374531835,16.0,2189.0,0.038903924221921515,0.09801174979772183,0.04326923076923077,2288.0,0.774018944519621,0.8608695652173913,652.0,0.23478260869565218,0.06956521739130435,0.1826086956521739,0.1565217391304348,99.0,0.00810377560593635,0.03282186798591662,0.007928918638935356,0.03379373285157959,0.007264025021914089,0.033867017573579475,0.048506875244538096,0.022417876472535028,0.05886332882273342,0.5020400042850802,0.1607321059263813,115.0,0.07513297872340426,2.0,2780.0,0.038903924221921515,0.06414473222414235,0.03905979951607328,2893.0,0.9786874154262517,0.9826086956521739,61.0,0.19130434782608696,0.043478260869565216,0.13043478260869565,0.10434782608695652,113.0,blocked,True,future_acceleration_event,0.03,0.9610960757780784,0.5,0.23891649962280365,115.0,,115.0,0.0,0.038903924221921515,0.04950487455318373,,0.0,0.0,0.0,2841.0,0.14782608695652175,0.017391304347826087,0.06956521739130435,0.043478260869565216,0.0,0.8565629228687416,0.6041473455458121,0.2098237352942638,115.0,0.152,77.0,347.0,0.038903924221921515,0.0755938733251868,0.0987012987012987,385.0,0.13024357239512854,0.33043478260869563,2494.0,0.25217391304347825,0.02608695652173913,0.10434782608695652,0.043478260869565216,38.0
0.6271989174560216,0.6176257324256416,0.16897969817915295,377.0,0.2926829268292683,149.0,953.0,0.12753721244925575,0.2841209421509882,0.1930567315834039,1181.0,0.39952638700947224,0.6047745358090185,1626.0,0.27055702917771884,0.050397877984084884,0.16710875331564987,0.3156498673740053,228.0,377,cortical_pca_64,0.5,2956,0,0.5937077131258457,0.6108884964562786,0.18069980482096992,377.0,0.28469326980345444,138.0,1063.0,0.12753721244925575,0.2738753547664998,0.1835637480798771,1302.0,0.4404600811907984,0.6339522546419099,1516.0,0.27586206896551724,0.04774535809018567,0.16710875331564987,0.3050397877984085,239.0,0.8670500676589986,0.5433258629431966,0.23007425290851757,377.0,0.17263157894736844,336.0,57.0,0.12753721244925575,0.25226047119397366,0.41836734693877553,98.0,0.033152909336941816,0.10875331564986737,2522.0,0.21750663129973474,0.05570291777188329,0.14058355437665782,0.2493368700265252,41.0,-0.12005134788189983,-0.03186047095701455,-0.112061690856086,-0.021614883572526167,-0.1353127289969395,-0.027658960506083408,0.09837517762316933,0.05306163702008965,0.7141407307171854,0.6221557920893402,0.213024509704119,377.0,0.30794430794430794,189.0,656.0,0.12753721244925575,0.27991943170005706,0.22274881516587677,844.0,0.2855209742895805,0.4986737400530504,1923.0,0.26525198938992045,0.05305039787798409,0.17506631299734748,0.3183023872679045,188.0,blocked,False,future_local_rank_event,0.03,0.486468200270636,0.5222532945654712,0.13634451541009915,377.0,0.2207392197125257,162.0,1356.0,0.12753721244925575,0.15388529357080433,0.13685550604710375,1571.0,0.5314614343707713,0.5702917771883289,1223.0,0.1273209549071618,0.026525198938992044,0.07427055702917772,0.14854111405835543,215.0,0.5456698240866035,0.5912851505168764,0.22058243312763262,377.0,0.2681198910081744,131.0,1212.0,0.12753721244925575,0.199198834173884,0.16872427983539096,1458.0,0.493234100135318,0.6525198938992043,1367.0,0.1909814323607427,0.029177718832891247,0.09018567639257294,0.2493368700265252,246.0
0.02097428958051421,0.5046217048955837,0.09056223517711125,35.0,0.023616734143049933,0.0,2894.0,0.011840324763193504,0.01366312123330099,0.011949470809149881,2929.0,0.9908660351826793,1.0,27.0,0.14285714285714285,0.0,0.05714285714285714,0.0,35.0,35,cortical_pca_64,0.5,2956,0,0.040257104194857916,0.5143786374529271,0.10111470952526642,35.0,0.024079807361541108,0.0,2837.0,0.011840324763193504,0.013546543490405058,0.012186629526462395,2872.0,0.9715832205683356,1.0,84.0,0.11428571428571428,0.0,0.05714285714285714,0.0,35.0,0.2811231393775372,0.5939110872010563,0.13769074035954879,35.0,0.02923709456372773,3.0,2122.0,0.011840324763193504,0.025367492476453344,0.014856081708449397,2154.0,0.7286874154262517,0.9142857142857143,799.0,0.2,0.02857142857142857,0.11428571428571428,0.02857142857142857,32.0,0.005620360420677796,0.011704371243152354,0.005157287202186622,0.011820948986048286,0.0045718373403309705,0.011607786630384016,0.012259535577521982,0.008561243576569896,0.06359945872801083,0.5261896610749743,0.11171603176475273,35.0,0.02466525722339676,0.0,2768.0,0.011840324763193504,0.013759705846069328,0.012486621476988941,2803.0,0.9482408660351827,1.0,153.0,0.14285714285714285,0.0,0.05714285714285714,0.0,35.0,blocked,True,future_change_movement,0.05,0.9881596752368065,0.5,0.10737694800642889,35.0,,35.0,0.0,0.011840324763193504,0.013107956898931362,,0.0,0.0,0.0,2921.0,0.08571428571428572,0.02857142857142857,0.08571428571428572,0.02857142857142857,0.0,0.9638024357239513,0.5159045336724214,0.11335745520798887,35.0,0.036036036036036036,33.0,74.0,0.011840324763193504,0.01680624889988345,0.02631578947368421,76.0,0.02571041948579161,0.05714285714285714,2847.0,0.11428571428571428,0.05714285714285714,0.08571428571428572,0.05714285714285714,2.0
0.2215832205683356,0.5705082002453119,0.07765349636430949,27.0,0.021267545725223307,2.0,2299.0,0.009133964817320704,0.016577810150465336,0.010757314974182444,2324.0,0.7861975642760487,0.9259259259259259,630.0,0.18518518518518517,0.07407407407407407,0.1111111111111111,0.07407407407407407,25.0,27,cortical_pca_64,0.5,2956,0,0.2334235453315291,0.5764829356498868,0.08098036153094315,27.0,0.02158894645941278,2.0,2264.0,0.009133964817320704,0.01745680392878964,0.010921799912625601,2289.0,0.7743572395128552,0.9259259259259259,665.0,0.14814814814814814,0.037037037037037035,0.1111111111111111,0.037037037037037035,25.0,0.5192828146143437,0.6656866836108898,0.10316280440136567,27.0,0.030034129692832763,5.0,1416.0,0.009133964817320704,0.03744915431538786,0.015299026425591099,1438.0,0.486468200270636,0.8148148148148148,1513.0,0.25925925925925924,0.1111111111111111,0.25925925925925924,0.1111111111111111,22.0,0.008766583967609456,0.020871344164922524,0.008445183233419983,0.01999235038659822,0.007990041516480056,0.0200632739985519,0.029871124739947727,0.02609720440768481,0.33964817320703655,0.5750414121871957,0.09197237732463413,27.0,0.022044088176352707,5.0,1947.0,0.009133964817320704,0.01738588031683596,0.0111731843575419,1969.0,0.6661028416779432,0.8148148148148148,982.0,0.2222222222222222,0.07407407407407407,0.1111111111111111,0.07407407407407407,22.0,blocked,True,future_spike,0.05,0.9908660351826793,0.5,0.04011873948620835,27.0,,27.0,0.0,0.009133964817320704,0.007578029575440135,,0.0,0.0,0.0,2929.0,0.037037037037037035,0.0,0.037037037037037035,0.0,0.0,0.9499323410013532,0.4976922979654287,0.07329535886211366,27.0,0.013333333333333334,26.0,122.0,0.009133964817320704,0.011351949907703052,0.008130081300813009,123.0,0.04161028416779432,0.037037037037037035,2807.0,0.14814814814814814,0.0,0.037037037037037035,0.0,1.0
0.07949932341001353,0.5143409458730444,0.13178540479976936,134.0,0.08905256109809173,1.0,2720.0,0.04533152909336942,0.08301223456184403,0.046617595513494564,2853.0,0.9651556156968877,0.9925373134328358,102.0,0.19402985074626866,0.05223880597014925,0.13432835820895522,0.13432835820895522,133.0,134,cortical_pca_64,0.5,2956,0,0.11096075778078485,0.5308186212805568,0.1498409666304656,134.0,0.09191430545957152,1.0,2627.0,0.04533152909336942,0.07867671219973923,0.04818840579710145,2760.0,0.9336941813261164,0.9925373134328358,195.0,0.19402985074626866,0.04477611940298507,0.12686567164179105,0.12686567164179105,133.0,0.40493910690121787,0.5852708463352974,0.19074136089677782,134.0,0.10665312341289995,29.0,1730.0,0.04533152909336942,0.13484892567461837,0.05722070844686648,1835.0,0.6207713125845737,0.7835820895522388,1092.0,0.29850746268656714,0.08955223880597014,0.21641791044776118,0.208955223880597,105.0,0.01760056231480822,0.051836691112774336,0.014738817953328431,0.056172213474879135,0.016396713156489717,0.05483494951742916,0.06495320674918376,0.06009167263497976,0.09979702300405954,0.5214175402223468,0.14546187997072563,134.0,0.09025641025641024,2.0,2659.0,0.04533152909336942,0.0800139761571892,0.047294876388391256,2791.0,0.9441813261163735,0.9850746268656716,163.0,0.19402985074626866,0.05970149253731343,0.12686567164179105,0.12686567164179105,132.0,blocked,True,future_slope_change,0.05,0.9546684709066305,0.5,0.17666518586258628,134.0,,134.0,0.0,0.04533152909336942,0.06989571892543461,,0.0,0.0,0.0,2822.0,0.11940298507462686,0.029850746268656716,0.08955223880597014,0.07462686567164178,0.0,0.8332205683355887,0.5856675164221417,0.21162996069791187,134.0,0.14558058925476602,92.0,401.0,0.04533152909336942,0.07475725303963861,0.09480812641083522,443.0,0.14986468200270636,0.31343283582089554,2421.0,0.22388059701492538,0.04477611940298507,0.14925373134328357,0.13432835820895522,42.0
0.010148849797023005,0.500512120177535,0.09710642801574064,27.0,0.018120805369127517,0.0,2926.0,0.009133964817320704,0.012314117711979756,0.009143244158482899,2953.0,0.9989851150202977,1.0,3.0,0.18518518518518517,0.037037037037037035,0.037037037037037035,0.037037037037037035,27.0,27,cortical_pca_64,0.5,2956,0,0.02097428958051421,0.5059747354045749,0.10911306318529945,27.0,0.01831750339213026,0.0,2894.0,0.009133964817320704,0.011664908608724104,0.009243409791167409,2921.0,0.9881596752368065,1.0,35.0,0.14814814814814814,0.0,0.037037037037037035,0.0,27.0,0.3893775372124493,0.5634396773010635,0.20632948080086494,27.0,0.02168021680216802,7.0,1798.0,0.009133964817320704,0.01897100236106268,0.011001100110011002,1818.0,0.6150202976995941,0.7407407407407407,1131.0,0.25925925925925924,0.07407407407407407,0.18518518518518517,0.037037037037037035,20.0,0.0035594114330405047,0.006656884649082925,0.0033627134100377605,0.0073060937523385765,0.0034983986203498373,0.007251677506002431,0.008070992253111208,0.0012158390035480332,0.013531799729364006,0.5022191874359849,0.09939034150171902,27.0,0.018181818181818184,0.0,2916.0,0.009133964817320704,0.01171932485506025,0.009174311926605505,2943.0,0.9956021650879567,1.0,13.0,0.18518518518518517,0.0,0.037037037037037035,0.0,27.0,blocked,True,future_acceleration_event,0.05,0.9908660351826793,0.5,0.13838049384664347,27.0,,27.0,0.0,0.009133964817320704,0.010900010107951472,,0.0,0.0,0.0,2929.0,0.1111111111111111,0.037037037037037035,0.037037037037037035,0.0,0.0,0.9543301759133965,0.5366071089867608,0.16499014875120036,27.0,0.0425531914893617,24.0,111.0,0.009133964817320704,0.017755163357514647,0.02631578947368421,114.0,0.03856562922868741,0.1111111111111111,2818.0,0.18518518518518517,0.07407407407407407,0.1111111111111111,0.07407407407407407,3.0
0.7757104194857916,0.549659750483688,0.2253339848521455,650.0,0.2227432590855803,555.0,108.0,0.2198917456021651,0.34975518808079964,0.46798029556650245,203.0,0.06867388362652233,0.14615384615384616,2198.0,0.19384615384615383,0.03230769230769231,0.11846153846153847,0.3415384615384615,95.0,650,cortical_pca_64,0.5,2956,0,0.7801082543978349,0.5425351924744812,0.2507595909938404,650.0,0.19154228855721392,573.0,77.0,0.2198917456021651,0.3401632859315773,0.5,154.0,0.052097428958051424,0.11846153846153847,2229.0,0.18615384615384614,0.03076923076923077,0.11384615384615385,0.34,77.0,0.774018944519621,0.5413943558609647,0.24965161955539492,650.0,0.19711538461538464,568.0,100.0,0.2198917456021651,0.3480156127419157,0.45054945054945056,182.0,0.061569688768606225,0.12615384615384614,2206.0,0.17692307692307693,0.03538461538461538,0.10923076923076923,0.3569230769230769,82.0,-0.025627874470195655,-0.0017395753388839141,0.005573096058170718,0.007852326810338428,-0.028654284711867345,0.014650860868209103,0.10160312594348533,0.03644398835128854,0.770297699594046,0.5484001601174194,0.23129247989334906,650.0,0.22576966932725198,551.0,128.0,0.2198917456021651,0.3333647518737066,0.43612334801762115,227.0,0.07679296346414073,0.1523076923076923,2178.0,0.18615384615384614,0.03230769230769231,0.11692307692307692,0.3384615384615385,99.0,blocked,False,future_local_rank_event,0.05,0.2334235453315291,0.4954153045566749,0.21103318822753395,650.0,0.3558840250142126,24.0,2242.0,0.2198917456021651,0.2464124867984304,0.21827057182705717,2868.0,0.9702300405953992,0.963076923076923,64.0,0.12307692307692308,0.016923076923076923,0.05846153846153846,0.20923076923076922,626.0,0.40696887686062244,0.5480919340849957,0.2490044461798093,650.0,0.37235947010383097,130.0,1623.0,0.2198917456021651,0.3115716243906272,0.24265048996733551,2143.0,0.7249661705006766,0.8,683.0,0.1753846153846154,0.013846153846153847,0.08615384615384615,0.3553846153846154,520.0
0.06326116373477672,0.5297214673913043,0.05287489693320214,12.0,0.008592910848549944,0.0,2769.0,0.0040595399188092015,0.00542081451157899,0.004314994606256742,2781.0,0.9407983761840325,1.0,175.0,0.16666666666666666,0.0,0.0,0.0,12.0,12,cortical_pca_64,0.5,2956,0,0.07036535859269283,0.5332880434782609,0.05404312109546279,12.0,0.008658008658008658,0.0,2748.0,0.0040595399188092015,0.005489579196585895,0.004347826086956522,2760.0,0.9336941813261164,1.0,196.0,0.08333333333333333,0.0,0.0,0.0,12.0,0.2831529093369418,0.5986186594202898,0.060957217144717094,12.0,0.01027557216254087,1.0,2118.0,0.0040595399188092015,0.006103728083093016,0.005166744950681071,2129.0,0.7202300405953992,0.9166666666666666,826.0,0.25,0.0,0.08333333333333333,0.0,11.0,0.0016826613139909255,0.0006829135715140265,0.0016175635045322118,0.0006141488865071213,0.001545124727109803,0.0008263536581862019,-0.002504463364713539,-0.0018787761006392716,0.07814614343707713,0.5371942934782609,0.0547644206371042,12.0,0.008730447435431067,0.0,2725.0,0.0040595399188092015,0.005277374424906814,0.004384362440628425,2737.0,0.9259133964817321,1.0,219.0,0.08333333333333333,0.0,0.0,0.0,12.0,blocked,True,future_change_movement,0.075,0.9959404600811907,0.5,0.03651942925719799,12.0,,12.0,0.0,0.0040595399188092015,0.008608191447806555,,0.0,0.0,0.0,2944.0,0.16666666666666666,0.08333333333333333,0.16666666666666666,0.08333333333333333,0.0,0.9810554803788903,0.49252717391304346,0.05286148451445735,12.0,,12.0,44.0,0.0040595399188092015,0.007982504183732288,0.0,44.0,0.014884979702300407,0.0,2900.0,0.25,0.0,0.16666666666666666,0.0,0.0
0.8362652232746955,0.6461182281216237,0.028613054084767532,11.0,0.020242914979757085,6.0,478.0,0.0037212449255751017,0.007957798175902007,0.010351966873706004,483.0,0.16339648173207036,0.45454545454545453,2467.0,0.18181818181818182,0.0,0.18181818181818182,0.0,5.0,11,cortical_pca_64,0.5,2956,0,0.7652232746955345,0.6104645778669547,0.03009162976096893,11.0,0.014204545454545454,6.0,688.0,0.0037212449255751017,0.005716345775547472,0.007215007215007215,693.0,0.2344384303112314,0.45454545454545453,2257.0,0.18181818181818182,0.0,0.0,0.0,5.0,0.9851150202976996,0.5396820496990277,0.03144906030527497,11.0,0.043478260869565216,10.0,34.0,0.0037212449255751017,0.01575097783620784,0.02857142857142857,35.0,0.011840324763193504,0.09090909090909091,2911.0,0.45454545454545453,0.09090909090909091,0.36363636363636365,0.09090909090909091,1.0,0.02323534588980813,0.007793179660305832,0.02927371541501976,0.010034632060660367,0.027605244996549344,0.009390496241050702,0.012015420596200354,0.010431732400153965,0.790257104194858,0.6230282450995523,0.0320294168151055,11.0,0.015873015873015872,6.0,614.0,0.0037212449255751017,0.0063604815951571365,0.008077544426494346,619.0,0.20940460081190798,0.45454545454545453,2331.0,0.09090909090909091,0.0,0.0,0.0,5.0,blocked,True,future_spike,0.075,0.9881596752368065,0.4959252971137521,0.0055106114098832015,11.0,,11.0,24.0,0.0037212449255751017,0.003735557240007485,0.0,24.0,0.008119079837618403,0.0,2921.0,0.18181818181818182,0.0,0.0,0.0,0.0,0.9746278755074425,0.4891341256366723,0.03733583097912167,11.0,,11.0,64.0,0.0037212449255751017,0.005319245436053874,0.0,64.0,0.02165087956698241,0.0,2881.0,0.18181818181818182,0.0,0.09090909090909091,0.0,0.0
0.03382949932341001,0.5080950740613159,0.11080621329543573,53.0,0.03578663065496286,0.0,2856.0,0.017929634641407306,0.04506431678596526,0.018219319353729804,2909.0,0.9841001353179973,1.0,47.0,0.16981132075471697,0.09433962264150944,0.11320754716981132,0.09433962264150944,53.0,53,cortical_pca_64,0.5,2956,0,0.05852503382949932,0.5206682741991043,0.12017353194909931,53.0,0.036690896503980615,0.0,2783.0,0.017929634641407306,0.042857915291184163,0.01868829337094499,2836.0,0.959404600811908,1.0,120.0,0.16981132075471697,0.07547169811320754,0.11320754716981132,0.09433962264150944,53.0,0.348105548037889,0.6217933302569236,0.19034096186996116,53.0,0.04745427582797825,5.0,1922.0,0.017929634641407306,0.0782045017417933,0.024365482233502538,1970.0,0.6664411366711772,0.9056603773584906,981.0,0.2641509433962264,0.11320754716981132,0.16981132075471697,0.11320754716981132,48.0,0.011667645173015391,0.033140184955828045,0.010763379323997638,0.03534658645060914,0.012116185444016304,0.033312257402314194,0.05699569963433457,0.03799580368573505,0.03958051420838971,0.5017613529270306,0.11193621409461381,53.0,0.03533809038396195,1.0,2838.0,0.017929634641407306,0.04489224433947911,0.017993079584775088,2890.0,0.9776725304465493,0.9811320754716981,65.0,0.16981132075471697,0.09433962264150944,0.1320754716981132,0.09433962264150944,52.0,blocked,True,future_slope_change,0.075,0.9820703653585927,0.5,0.14869913749994174,53.0,,53.0,0.0,0.017929634641407306,0.02120880210745874,,0.0,0.0,0.0,2903.0,0.1320754716981132,0.018867924528301886,0.11320754716981132,0.05660377358490566,0.0,0.9407983761840325,0.5623427943766696,0.16833082405929742,53.0,0.0932642487046632,44.0,131.0,0.017929634641407306,0.040208698056058256,0.06428571428571428,140.0,0.04736129905277402,0.16981132075471697,2772.0,0.24528301886792453,0.07547169811320754,0.16981132075471697,0.07547169811320754,9.0
0.041271989174560215,0.4828105273380596,0.07229668201538093,14.0,0.00909090909090909,1.0,2833.0,0.004736129905277402,0.006311673659608181,0.004567814476458187,2846.0,0.9627875507442489,0.9285714285714286,109.0,0.14285714285714285,0.0,0.0,0.0,13.0,14,cortical_pca_64,0.5,2956,0,0.05412719891745602,0.48926871904438185,0.0743293708888158,14.0,0.009213323883770375,1.0,2795.0,0.004736129905277402,0.00623661677411407,0.004629629629629629,2808.0,0.9499323410013532,0.9285714285714286,147.0,0.14285714285714285,0.0,0.0,0.0,13.0,0.3112313937753721,0.6184325531708265,0.0907405906133317,14.0,0.012609117361784675,1.0,2035.0,0.004736129905277402,0.006918666687069173,0.00634765625,2048.0,0.6928281461434371,0.9285714285714286,907.0,0.0,0.0,0.0,0.0,13.0,0.003518208270875584,0.0006069930274609919,0.0033957934780142994,0.0006820499129551027,0.0034315670617493764,0.000632688934641243,0.00156737257447915,0.001758655621407243,0.05040595399188092,0.4873992424978149,0.07347265522589884,14.0,0.009177550300035298,1.0,2806.0,0.004736129905277402,0.00628597775242793,0.0046115643845335225,2819.0,0.9536535859269283,0.9285714285714286,136.0,0.07142857142857142,0.0,0.0,0.0,13.0,blocked,True,future_acceleration_event,0.075,0.9952638700947226,0.5,0.06413439512327916,14.0,,14.0,0.0,0.004736129905277402,0.005351294112590023,,0.0,0.0,0.0,2942.0,0.07142857142857142,0.0,0.0,0.0,0.0,0.9658322056833559,0.48521414004078856,0.09158463564106277,14.0,,14.0,87.0,0.004736129905277402,0.00516001106566193,0.0,87.0,0.02943166441136671,0.0,2855.0,0.0,0.0,0.0,0.0,0.0
0.6698240866035182,0.5088449606662059,0.3078980390423941,988.0,0.04500978473581214,965.0,11.0,0.3342354533152909,0.3731255805745175,0.6764705882352942,34.0,0.011502029769959404,0.02327935222672065,1957.0,0.12246963562753037,0.022267206477732792,0.07186234817813765,0.3481781376518219,23.0,988,cortical_pca_64,0.5,2956,0,0.668809201623816,0.5085867812119417,0.29829674762406705,988.0,0.048590864917395525,963.0,16.0,0.3342354533152909,0.3716085539695595,0.6097560975609756,41.0,0.013870094722598106,0.025303643724696356,1952.0,0.12348178137651822,0.020242914979757085,0.0708502024291498,0.35728744939271256,25.0,0.668809201623816,0.5106028438826898,0.3215966207129602,988.0,0.06315789473684211,955.0,24.0,0.3342354533152909,0.38797358947313293,0.5789473684210527,57.0,0.019282814614343707,0.03340080971659919,1944.0,0.1325910931174089,0.018218623481781375,0.07388663967611336,0.37044534412955465,33.0,0.01814811000102997,0.014848008898615428,0.014567029819446582,0.016365035503573433,0.012672457843638227,0.01635563257547651,0.02590624838892175,-0.04140156922720262,0.6691474966170501,0.5090928540864356,0.3023475880408424,988.0,0.05048543689320388,962.0,16.0,0.3342354533152909,0.3716179568976564,0.6190476190476191,42.0,0.014208389715832206,0.02631578947368421,1952.0,0.12550607287449392,0.020242914979757085,0.0708502024291498,0.35526315789473684,26.0,blocked,True,future_local_rank_event,0.075,0.33457374830852504,0.4984900102037457,0.30600527832897984,988.0,0.49936370577755157,7.0,1960.0,0.3342354533152909,0.3620673410842112,0.33356001360081605,2941.0,0.9949255751014885,0.992914979757085,8.0,0.12449392712550607,0.011133603238866396,0.053643724696356275,0.3633603238866397,981.0,0.4242219215155616,0.5421285095948125,0.28673756328305605,988.0,0.5103567318757193,101.0,1601.0,0.3342354533152909,0.42937515870033555,0.3565112540192926,2488.0,0.8416779431664412,0.8977732793522267,367.0,0.14777327935222673,0.011133603238866396,0.07186234817813765,0.451417004048583,887.0
0.0020297699594046007,0.5001694340901389,0.011523085500931401,5.0,0.0033783783783783786,0.0,2950.0,0.0016914749661705007,0.002686251796255601,0.001692047377326565,2955.0,0.9996617050067659,1.0,1.0,0.2,0.0,0.0,0.0,5.0,5,cortical_pca_64,0.5,2956,0,0.0020297699594046007,0.5001694340901389,0.012245753224042465,5.0,0.0033783783783783786,0.0,2950.0,0.0016914749661705007,0.0027776174637892063,0.001692047377326565,2955.0,0.9996617050067659,1.0,1.0,0.2,0.0,0.0,0.0,5.0,0.0040595399188092015,0.5011860386309726,0.014026961474005808,5.0,0.0033852403520649964,0.0,2944.0,0.0016914749661705007,0.0027052798742322162,0.00169548999660902,2949.0,0.9976319350473613,1.0,7.0,0.2,0.0,0.0,0.0,5.0,6.861973686617812e-06,1.902807797661511e-05,6.861973686617812e-06,-7.233758955699004e-05,6.861973686617812e-06,-0.00011043476333807674,-0.0004478713552306993,-0.00908547823552568,0.0020297699594046007,0.5001694340901389,0.012101532574310589,5.0,0.0033783783783783786,0.0,2950.0,0.0016914749661705007,0.002815714637570293,0.001692047377326565,2955.0,0.9996617050067659,1.0,1.0,0.2,0.0,0.0,0.0,5.0,blocked,False,future_change_movement,0.1,0.9550067658998647,0.5781430023720773,0.005636630993991822,5.0,0.014814814814814815,4.0,129.0,0.0016914749661705007,0.0031531512294629156,0.007692307692307693,130.0,0.04397834912043302,0.2,2822.0,0.2,0.0,0.2,0.0,1.0,0.9776725304465493,0.5894950864113859,0.017016506200164507,5.0,0.029411764705882353,4.0,62.0,0.0016914749661705007,0.011790758109757896,0.015873015873015872,63.0,0.02131258457374831,0.2,2889.0,0.2,0.2,0.2,0.0,1.0
0.0013531799729364006,0.5,0.0074598624736242555,4.0,0.002702702702702703,0.0,2952.0,0.0013531799729364006,0.0018448795717300255,0.0013531799729364006,2956.0,1.0,1.0,0.0,0.0,0.0,0.0,0.0,4.0,4,cortical_pca_64,0.5,2956,0,0.0013531799729364006,0.5,0.008694722635865858,4.0,0.002702702702702703,0.0,2952.0,0.0013531799729364006,0.0018054898035731782,0.0013531799729364006,2956.0,1.0,1.0,0.0,0.0,0.0,0.0,0.0,4.0,0.0013531799729364006,0.5,0.00970777855953373,4.0,0.002702702702702703,0.0,2952.0,0.0013531799729364006,0.0018987247263670575,0.0013531799729364006,2956.0,1.0,1.0,0.0,0.0,0.0,0.0,0.0,4.0,0.0,5.384515463703198e-05,0.0,9.323492279387927e-05,0.0,0.00011463556983846534,9.067359691634067e-05,-0.014780267438891798,0.0013531799729364006,0.5,0.009825223611848717,4.0,0.002702702702702703,0.0,2952.0,0.0013531799729364006,0.0017840891565285922,0.0013531799729364006,2956.0,1.0,1.0,0.0,0.0,0.0,0.0,0.0,4.0,blocked,True,future_spike,0.1,0.9441813261163735,0.47273035230352306,0.004520151473494782,4.0,,4.0,161.0,0.0013531799729364006,0.0018080511294507168,0.0,161.0,0.054465493910690124,0.0,2791.0,0.0,0.0,0.0,0.0,0.0,0.9813937753721245,0.6161924119241192,0.008641171734235864,4.0,0.03508771929824561,3.0,52.0,0.0013531799729364006,0.016678992165258855,0.018867924528301886,53.0,0.017929634641407306,0.25,2900.0,0.25,0.25,0.25,0.0,1.0
0.02097428958051421,0.5046217048955837,0.09056223517711125,35.0,0.023616734143049933,0.0,2894.0,0.011840324763193504,0.01366312123330099,0.011949470809149881,2929.0,0.9908660351826793,1.0,27.0,0.14285714285714285,0.0,0.05714285714285714,0.0,35.0,35,cortical_pca_64,0.5,2956,0,0.019959404600811907,0.5041081821294078,0.07860318420556993,35.0,0.023592854735422986,0.0,2897.0,0.011840324763193504,0.013840087211356045,0.011937244201909959,2932.0,0.9918809201623816,1.0,24.0,0.14285714285714285,0.0,0.05714285714285714,0.0,35.0,0.2811231393775372,0.5939110872010563,0.13769074035954879,35.0,0.02923709456372773,3.0,2122.0,0.011840324763193504,0.025367492476453344,0.014856081708449397,2154.0,0.7286874154262517,0.9142857142857143,799.0,0.2,0.02857142857142857,0.11428571428571428,0.02857142857142857,32.0,0.005620360420677796,0.011704371243152354,0.005644239828304743,0.0115274052650973,0.005532387486179471,0.011580346567541143,0.012259535577521982,0.008561243576569896,0.02469553450608931,0.5065046217048956,0.09271001771025295,35.0,0.023704707077548258,0.0,2883.0,0.011840324763193504,0.013787145908912201,0.011994516792323509,2918.0,0.9871447902571042,1.0,38.0,0.14285714285714285,0.0,0.05714285714285714,0.0,35.0,blocked,True,future_slope_change,0.1,0.9881596752368065,0.5,0.10737694800642889,35.0,,35.0,0.0,0.011840324763193504,0.013107956898931362,,0.0,0.0,0.0,2921.0,0.08571428571428572,0.02857142857142857,0.08571428571428572,0.02857142857142857,0.0,0.9638024357239513,0.5159045336724214,0.11335745520798887,35.0,0.036036036036036036,33.0,74.0,0.011840324763193504,0.01680624889988345,0.02631578947368421,76.0,0.02571041948579161,0.05714285714285714,2847.0,0.11428571428571428,0.05714285714285714,0.08571428571428572,0.05714285714285714,2.0
0.07171853856562922,0.48445349626612355,0.025991579986500576,10.0,0.0065170166545981175,1.0,2743.0,0.0033829499323410014,0.004163641330972614,0.0032703488372093025,2752.0,0.9309878213802436,0.9,203.0,0.0,0.0,0.0,0.0,9.0,10,cortical_pca_64,0.5,2956,0,0.09912043301759134,0.4982009504412763,0.027522269949780336,10.0,0.006713912719134651,1.0,2662.0,0.0033829499323410014,0.004113520594979119,0.0033695245226506927,2671.0,0.9035859269282814,0.9,284.0,0.0,0.0,0.0,0.0,9.0,0.3893775372124493,0.6438221317040054,0.0338093708261169,10.0,0.009873834339001644,1.0,1804.0,0.0033829499323410014,0.0043123845805718855,0.004964147821290678,1813.0,0.6133288227334236,0.9,1142.0,0.0,0.0,0.0,0.0,9.0,0.0033568176844035267,0.0001487432495992716,0.0031599216198669932,0.00019886398559276677,0.0031347852937002587,0.00012428860082122194,0.0007280624979138853,-0.0017425832920914429,0.10250338294993235,0.49989816700611,0.02764983625234374,10.0,0.0067390490453013855,1.0,2652.0,0.0033829499323410014,0.004188095979750664,0.0033821871476888386,2661.0,0.9002029769959404,0.9,294.0,0.0,0.0,0.0,0.0,9.0,blocked,True,future_acceleration_event,0.1,0.996617050067659,0.5,0.02347794217039901,10.0,,10.0,0.0,0.0033829499323410014,0.0035843220826580003,,0.0,0.0,0.0,2946.0,0.1,0.0,0.0,0.0,0.0,0.9682002706359946,0.48574338085539714,0.03406545028378279,10.0,,10.0,84.0,0.0033829499323410014,0.006054967872663328,0.0,84.0,0.028416779431664412,0.0,2862.0,0.2,0.0,0.2,0.0,0.0
0.5635994587280109,0.5255121543787056,0.3877930755715654,1333.0,0.2210144927536232,1150.0,140.0,0.45094722598105547,0.5082030499441754,0.56656346749226,323.0,0.10926928281461434,0.13728432108027006,1483.0,0.12603150787696923,0.020255063765941484,0.06676669167291822,0.4846211552888222,183.0,1333,cortical_pca_64,0.5,2956,0,0.56765899864682,0.5311526587746752,0.37475199215375626,1333.0,0.24911868390129263,1121.0,157.0,0.45094722598105547,0.5109880498717332,0.5745257452574526,369.0,0.12483085250338295,0.159039759939985,1466.0,0.13053263315828958,0.019504876219054765,0.07126781695423856,0.48012003000750186,212.0,0.56765899864682,0.5436188067349554,0.3545440368358245,1333.0,0.3837994214079074,935.0,343.0,0.45094722598105547,0.5198619768575036,0.5371120107962213,741.0,0.2506765899864682,0.29857464366091524,1280.0,0.1350337584396099,0.01800450112528132,0.06526631657914479,0.49362340585146286,398.0,0.1627849286542842,0.01165892691332815,0.13468073750661477,0.008873926985770386,0.14550659390346163,0.007687620120781724,0.035415659151819545,-0.017818628078035914,0.5652909336941814,0.5282589131571248,0.3781697923075325,1333.0,0.23829282750444578,1132.0,153.0,0.45094722598105547,0.5121743567367218,0.5677966101694916,354.0,0.11975642760487144,0.15078769692423105,1470.0,0.12528132033008252,0.018754688672168042,0.06826706676669167,0.48612153038259565,201.0,blocked,True,future_local_rank_event,0.1,0.45162381596752366,0.5006161429451633,0.42507268943660204,1333.0,0.6218801026358759,0.0,1621.0,0.45094722598105547,0.484446317705684,0.45125253893026407,2954.0,0.9993234100135318,1.0,2.0,0.12228057014253563,0.01350337584396099,0.05926481620405101,0.4778694673668417,1333.0,0.4790257104194858,0.5224198840837752,0.3598750974211897,1333.0,0.6254863813229573,47.0,1493.0,0.45094722598105547,0.5376806049355395,0.4627563871896366,2779.0,0.9401217861975643,0.9647411852963241,130.0,0.12978244561140284,0.012003000750187547,0.05401350337584396,0.5536384096024006,1286.0
0.31630581867388363,0.5660666750040197,0.18368436804463664,446.0,0.28963093145869945,34.0,1987.0,0.15087956698240865,0.27575802350388384,0.17173822426010837,2399.0,0.8115696887686062,0.9237668161434978,523.0,0.242152466367713,0.04484304932735426,0.1412556053811659,0.30493273542600896,412.0,446,cortical_pca_64,1,2956,0,0.42963464140730717,0.5876279634823933,0.19846638172362685,446.0,0.3009950248756219,83.0,1603.0,0.15087956698240865,0.2804612392247754,0.18463886063072227,1966.0,0.6650879566982408,0.8139013452914798,907.0,0.226457399103139,0.04484304932735426,0.1367713004484305,0.2982062780269058,363.0,0.7899188092016238,0.5905141764779447,0.25968137998314955,446.0,0.3045912653975364,310.0,311.0,0.15087956698240865,0.300165190844385,0.3042505592841163,447.0,0.15121786197564277,0.30493273542600896,2199.0,0.2242152466367713,0.04484304932735426,0.1412556053811659,0.30493273542600896,136.0,0.014960333938836945,0.024407167340501135,0.0035962405219144844,0.019703951619609583,0.013845667795438166,0.030992629025287544,0.12133548747155526,0.0710247740502308,0.35960757780784847,0.5694397298697587,0.19141826839298473,446.0,0.2907455976020982,58.0,1835.0,0.15087956698240865,0.26917256181909743,0.17453891138101665,2223.0,0.7520297699594046,0.8699551569506726,675.0,0.226457399103139,0.04484304932735426,0.13452914798206278,0.2937219730941704,388.0,blocked,True,future_change_movement,0.03,0.3721244925575101,0.5150447537205438,0.15604344254925656,446.0,0.2570056044835869,125.0,1731.0,0.15087956698240865,0.17882970337282972,0.1564327485380117,2052.0,0.6941813261163735,0.7197309417040358,779.0,0.13004484304932734,0.02466367713004484,0.07623318385650224,0.18834080717488788,321.0,0.5250338294993234,0.5894127525771353,0.24109497856718248,446.0,0.30218687872763417,142.0,1262.0,0.15087956698240865,0.22914041679415417,0.194125159642401,1566.0,0.5297699594046008,0.6816143497757847,1248.0,0.1860986547085202,0.026905829596412557,0.09192825112107623,0.2825112107623318,304.0
0.08322056833558863,0.5009208103130756,0.1186669126052812,241.0,0.15100250626566417,0.0,2710.0,0.08152909336941813,0.17998473748810762,0.08166723144696712,2951.0,0.9983085250338295,1.0,5.0,0.23651452282157676,0.06224066390041494,0.1991701244813278,0.21991701244813278,241.0,241,cortical_pca_64,1,2956,0,0.11705006765899864,0.5117749096383241,0.14927024921447635,241.0,0.15369649805447472,4.0,2606.0,0.08152909336941813,0.18129605698595525,0.0833626450932114,2843.0,0.9617726657645467,0.983402489626556,109.0,0.24481327800829875,0.06639004149377593,0.1908713692946058,0.22406639004149378,237.0,0.27435723951285523,0.5709428944774306,0.19347874200523596,241.0,0.1721343110768043,18.0,2127.0,0.08152909336941813,0.21656237529291658,0.09489361702127659,2350.0,0.7949932341001353,0.9253112033195021,588.0,0.29045643153526973,0.07468879668049792,0.2074688796680498,0.27800829875518673,223.0,0.02113180481114013,0.036577637804808966,0.01843781302232958,0.035266318306961336,0.018847228156421064,0.04148713591363312,0.1323782312709831,0.11050468870845638,0.13294993234100136,0.5109778929109068,0.1790079689372849,241.0,0.15328708292038323,9.0,2554.0,0.08152909336941813,0.17507523937928346,0.0832735104091888,2786.0,0.942489851150203,0.9626556016597511,161.0,0.24896265560165975,0.06224066390041494,0.18672199170124482,0.22821576763485477,232.0,blocked,True,future_spike,0.03,0.8359269282814614,0.515561312212008,0.09999421866458434,241.0,0.11657559198542805,209.0,276.0,0.08152909336941813,0.08418414402193347,0.1038961038961039,308.0,0.10419485791610285,0.13278008298755187,2439.0,0.13278008298755187,0.012448132780082987,0.06639004149377593,0.0954356846473029,32.0,0.6153585926928281,0.5618539999847169,0.14795437074894763,241.0,0.17429193899782136,121.0,1016.0,0.08152909336941813,0.1060576865844602,0.1056338028169014,1136.0,0.38430311231393777,0.4979253112033195,1699.0,0.16182572614107885,0.024896265560165973,0.08298755186721991,0.14107883817427386,120.0
0.31630581867388363,0.5660666750040197,0.18368436804463664,446.0,0.28963093145869945,34.0,1987.0,0.15087956698240865,0.27575802350388384,0.17173822426010837,2399.0,0.8115696887686062,0.9237668161434978,523.0,0.242152466367713,0.04484304932735426,0.1412556053811659,0.30493273542600896,412.0,446,cortical_pca_64,1,2956,0,0.31732070365358594,0.5602111732442427,0.191279556233383,446.0,0.28642149929278643,41.0,1977.0,0.15087956698240865,0.2628331946318367,0.17002518891687657,2382.0,0.8058186738836265,0.9080717488789237,533.0,0.21748878923766815,0.04708520179372197,0.13901345291479822,0.29596412556053814,405.0,0.7899188092016238,0.5905141764779447,0.25968137998314955,446.0,0.3045912653975364,310.0,311.0,0.15087956698240865,0.300165190844385,0.3042505592841163,447.0,0.15121786197564277,0.30493273542600896,2199.0,0.2242152466367713,0.04484304932735426,0.1412556053811659,0.30493273542600896,136.0,0.014960333938836945,0.024407167340501135,0.018169766104749963,0.03733199621254829,-0.00046288622701240456,0.015907755462801487,0.12133548747155526,0.0710247740502308,0.4790257104194858,0.5936648026727172,0.2118874929644624,446.0,0.3050541516245488,108.0,1432.0,0.15087956698240865,0.2842574353815835,0.19096045197740114,1770.0,0.5987821380243572,0.757847533632287,1078.0,0.2399103139013453,0.042600896860986545,0.1412556053811659,0.30493273542600896,338.0,blocked,True,future_slope_change,0.03,0.3721244925575101,0.5150447537205438,0.15604344254925656,446.0,0.2570056044835869,125.0,1731.0,0.15087956698240865,0.17882970337282972,0.1564327485380117,2052.0,0.6941813261163735,0.7197309417040358,779.0,0.13004484304932734,0.02466367713004484,0.07623318385650224,0.18834080717488788,321.0,0.5250338294993234,0.5894127525771353,0.24109497856718248,446.0,0.30218687872763417,142.0,1262.0,0.15087956698240865,0.22914041679415417,0.194125159642401,1566.0,0.5297699594046008,0.6816143497757847,1248.0,0.1860986547085202,0.026905829596412557,0.09192825112107623,0.2825112107623318,304.0
0.1975642760487145,0.5032685330061423,0.25095502811563614,555.0,0.3172135866436384,4.0,2368.0,0.18775372124492556,0.25878504221076837,0.18876327509421034,2919.0,0.9874830852503383,0.9927927927927928,33.0,0.16216216216216217,0.036036036036036036,0.10810810810810811,0.24324324324324326,551.0,555,cortical_pca_64,1,2956,0,0.20365358592692828,0.5049390081460052,0.24850546227576348,555.0,0.31768115942028985,7.0,2347.0,0.18775372124492556,0.25881481593049316,0.18929188255613127,2895.0,0.9793640054127198,0.9873873873873874,54.0,0.16936936936936936,0.036036036036036036,0.10990990990990991,0.24324324324324326,548.0,0.29837618403247634,0.5487023049705265,0.23036336175714603,555.0,0.33695652173913043,28.0,2046.0,0.18775372124492556,0.3019402297560454,0.20481927710843373,2573.0,0.8704330175913396,0.9495495495495495,355.0,0.1873873873873874,0.03423423423423423,0.12072072072072072,0.3009009009009009,527.0,0.01974293509549202,0.04315518754527703,0.019275362318840583,0.04312541382555224,0.02174225656800588,0.04515415876817663,0.08817735713944369,-0.012185485665297147,0.19451962110960758,0.4993163509198495,0.22427051425442507,555.0,0.31521426517112455,7.0,2374.0,0.18775372124492556,0.25678607098786876,0.18754277891854895,2922.0,0.9884979702300406,0.9873873873873874,27.0,0.15855855855855855,0.03423423423423423,0.1045045045045045,0.24684684684684685,548.0,blocked,True,future_acceleration_event,0.03,0.2652232746955345,0.5179043266506823,0.17635312574127832,555.0,0.32040050062578224,43.0,2129.0,0.18775372124492556,0.2137628726166017,0.193865959863688,2641.0,0.8934370771312584,0.9225225225225225,272.0,0.12252252252252252,0.016216216216216217,0.06126126126126126,0.22342342342342342,512.0,0.5849120433017592,0.6260375744340759,0.2406251712293063,555.0,0.3849624060150376,171.0,1056.0,0.18775372124492556,0.31412571542134254,0.26666666666666666,1440.0,0.4871447902571042,0.6918918918918919,1345.0,0.1945945945945946,0.025225225225225224,0.1063063063063063,0.3621621621621622,384.0
0.6271989174560216,0.6176257324256416,0.16897969817915295,377.0,0.2926829268292683,149.0,953.0,0.12753721244925575,0.2841209421509882,0.1930567315834039,1181.0,0.39952638700947224,0.6047745358090185,1626.0,0.27055702917771884,0.050397877984084884,0.16710875331564987,0.3156498673740053,228.0,377,cortical_pca_64,1,2956,0,0.6458051420838972,0.609038212125482,0.2187857957869321,377.0,0.2872702518720218,166.0,881.0,0.12753721244925575,0.26391907750983196,0.19322344322344323,1092.0,0.36941813261163736,0.5596816976127321,1698.0,0.2572944297082228,0.05305039787798409,0.15915119363395225,0.29973474801061006,211.0,0.8670500676589986,0.5433258629431966,0.23007425290851757,377.0,0.17263157894736844,336.0,57.0,0.12753721244925575,0.25226047119397366,0.41836734693877553,98.0,0.033152909336941816,0.10875331564986737,2522.0,0.21750663129973474,0.05570291777188329,0.14058355437665782,0.2493368700265252,41.0,-0.12005134788189983,-0.03186047095701455,-0.11463867292465338,-0.0116586063158583,-0.12207514494390484,-0.02346894896468149,0.09837517762316933,0.05306163702008965,0.6664411366711772,0.615202569622219,0.18075822494341082,377.0,0.2947067238912733,171.0,815.0,0.12753721244925575,0.27572942015865515,0.20176297747306562,1021.0,0.34539918809201625,0.5464190981432361,1764.0,0.259946949602122,0.05305039787798409,0.16976127320954906,0.3103448275862069,206.0,blocked,False,future_local_rank_event,0.03,0.486468200270636,0.5222532945654712,0.13634451541009915,377.0,0.2207392197125257,162.0,1356.0,0.12753721244925575,0.15388529357080433,0.13685550604710375,1571.0,0.5314614343707713,0.5702917771883289,1223.0,0.1273209549071618,0.026525198938992044,0.07427055702917772,0.14854111405835543,215.0,0.5456698240866035,0.5912851505168764,0.22058243312763262,377.0,0.2681198910081744,131.0,1212.0,0.12753721244925575,0.199198834173884,0.16872427983539096,1458.0,0.493234100135318,0.6525198938992043,1367.0,0.1909814323607427,0.029177718832891247,0.09018567639257294,0.2493368700265252,246.0
0.07949932341001353,0.5143409458730444,0.13178540479976936,134.0,0.08905256109809173,1.0,2720.0,0.04533152909336942,0.08301223456184403,0.046617595513494564,2853.0,0.9651556156968877,0.9925373134328358,102.0,0.19402985074626866,0.05223880597014925,0.13432835820895522,0.13432835820895522,133.0,134,cortical_pca_64,1,2956,0,0.12212449255751015,0.5331113743825169,0.13945299791679747,134.0,0.09233997901364112,2.0,2593.0,0.04533152909336942,0.08427453960360078,0.04844036697247706,2725.0,0.9218538565629228,0.9850746268656716,229.0,0.1791044776119403,0.05970149253731343,0.13432835820895522,0.13432835820895522,132.0,0.40493910690121787,0.5852708463352974,0.19074136089677782,134.0,0.10665312341289995,29.0,1730.0,0.04533152909336942,0.13484892567461837,0.05722070844686648,1835.0,0.6207713125845737,0.7835820895522388,1092.0,0.29850746268656714,0.08955223880597014,0.21641791044776118,0.208955223880597,105.0,0.01760056231480822,0.051836691112774336,0.014313144399258834,0.050574386071017594,0.01773429552472211,0.053147438759101925,0.06495320674918376,0.06009167263497976,0.08491204330175914,0.5136216507822334,0.1258831526763134,134.0,0.08891882788817784,2.0,2703.0,0.04533152909336942,0.08170148691551644,0.04656084656084656,2835.0,0.9590663058186739,0.9850746268656716,119.0,0.21641791044776118,0.04477611940298507,0.13432835820895522,0.12686567164179105,132.0,blocked,True,future_change_movement,0.05,0.9546684709066305,0.5,0.17666518586258628,134.0,,134.0,0.0,0.04533152909336942,0.06989571892543461,,0.0,0.0,0.0,2822.0,0.11940298507462686,0.029850746268656716,0.08955223880597014,0.07462686567164178,0.0,0.8332205683355887,0.5856675164221417,0.21162996069791187,134.0,0.14558058925476602,92.0,401.0,0.04533152909336942,0.07475725303963861,0.09480812641083522,443.0,0.14986468200270636,0.31343283582089554,2421.0,0.22388059701492538,0.04477611940298507,0.14925373134328357,0.13432835820895522,42.0
0.13125845737483086,0.5356444772266273,0.13502105533952596,85.0,0.06002928257686677,3.0,2565.0,0.02875507442489851,0.08353475945150152,0.030978466188137516,2647.0,0.895466847090663,0.9647058823529412,306.0,0.23529411764705882,0.10588235294117647,0.16470588235294117,0.15294117647058825,82.0,85,cortical_pca_64,1,2956,0,0.25372124492557513,0.5701477247116192,0.19735462247383598,85.0,0.06525423728813559,8.0,2198.0,0.02875507442489851,0.08539377612368179,0.033846153846153845,2275.0,0.7696211096075778,0.9058823529411765,673.0,0.23529411764705882,0.10588235294117647,0.18823529411764706,0.1411764705882353,77.0,0.35859269282814615,0.6184276845534452,0.16193342632581675,85.0,0.07421875000000001,9.0,1887.0,0.02875507442489851,0.1468987480008954,0.03871625063678044,1963.0,0.6640730717185386,0.8941176470588236,984.0,0.35294117647058826,0.1411764705882353,0.3058823529411765,0.27058823529411763,76.0,0.014189467423133241,0.06336398854939387,0.008964512711864422,0.0615049718772136,0.015292057611364443,0.06128346844302131,0.11828463872899911,0.10734176220786629,0.09235453315290934,0.527033007560391,0.11926360977107386,85.0,0.05892669238863557,1.0,2682.0,0.02875507442489851,0.08561527955787408,0.03036876355748373,2766.0,0.935723951285521,0.9882352941176471,189.0,0.25882352941176473,0.11764705882352941,0.17647058823529413,0.1411764705882353,84.0,blocked,True,future_spike,0.05,0.9712449255751014,0.5,0.08447841284456849,85.0,,85.0,0.0,0.02875507442489851,0.02861410927189628,,0.0,0.0,0.0,2871.0,0.11764705882352941,0.0,0.058823529411764705,0.023529411764705882,0.0,0.8027740189445196,0.5616837748683591,0.11013298675436048,85.0,0.08188976377952756,59.0,524.0,0.02875507442489851,0.0395569857930291,0.04727272727272727,550.0,0.18606224627875506,0.3058823529411765,2347.0,0.15294117647058825,0.011764705882352941,0.1411764705882353,0.10588235294117647,26.0
0.07949932341001353,0.5143409458730444,0.13178540479976936,134.0,0.08905256109809173,1.0,2720.0,0.04533152909336942,0.08301223456184403,0.046617595513494564,2853.0,0.9651556156968877,0.9925373134328358,102.0,0.19402985074626866,0.05223880597014925,0.13432835820895522,0.13432835820895522,133.0,134,cortical_pca_64,1,2956,0,0.09844384303112313,0.5207088230005184,0.13660145557345615,134.0,0.0901331512461591,2.0,2663.0,0.04533152909336942,0.0853017453754917,0.047227191413237925,2795.0,0.9455345060893099,0.9850746268656716,159.0,0.19402985074626866,0.06716417910447761,0.13432835820895522,0.13432835820895522,132.0,0.40493910690121787,0.5852708463352974,0.19074136089677782,134.0,0.10665312341289995,29.0,1730.0,0.04533152909336942,0.13484892567461837,0.05722070844686648,1835.0,0.6207713125845737,0.7835820895522388,1092.0,0.29850746268656714,0.08955223880597014,0.21641791044776118,0.208955223880597,105.0,0.01760056231480822,0.051836691112774336,0.01651997216674085,0.049547180299126664,0.018369021189202653,0.049542823668108235,0.06495320674918376,0.06009167263497976,0.07070365358592692,0.5097342839311593,0.13143731225329008,134.0,0.0882841022236973,1.0,2746.0,0.04533152909336942,0.08530610200651013,0.04619659604029177,2879.0,0.9739512855209743,0.9925373134328358,76.0,0.20149253731343283,0.06716417910447761,0.1417910447761194,0.12686567164179105,133.0,blocked,True,future_slope_change,0.05,0.9546684709066305,0.5,0.17666518586258628,134.0,,134.0,0.0,0.04533152909336942,0.06989571892543461,,0.0,0.0,0.0,2822.0,0.11940298507462686,0.029850746268656716,0.08955223880597014,0.07462686567164178,0.0,0.8332205683355887,0.5856675164221417,0.21162996069791187,134.0,0.14558058925476602,92.0,401.0,0.04533152909336942,0.07475725303963861,0.09480812641083522,443.0,0.14986468200270636,0.31343283582089554,2421.0,0.22388059701492538,0.04477611940298507,0.14925373134328357,0.13432835820895522,42.0
0.07036535859269283,0.4985037182362806,0.19188667196043488,189.0,0.11979500320307494,2.0,2746.0,0.06393775372124492,0.10676001782516283,0.06375724514149335,2933.0,0.9922192151556157,0.9894179894179894,21.0,0.20105820105820105,0.0582010582010582,0.1164021164021164,0.14814814814814814,187.0,189,cortical_pca_64,1,2956,0,0.06529093369418133,0.4957932014310764,0.17789116254345422,189.0,0.11922218680267774,2.0,2761.0,0.06393775372124492,0.10359361363956016,0.06343283582089553,2948.0,0.9972936400541272,0.9894179894179894,6.0,0.19047619047619047,0.0582010582010582,0.1164021164021164,0.13756613756613756,187.0,0.19079837618403248,0.5307908972527693,0.21834033586823504,189.0,0.127007299270073,15.0,2377.0,0.06393775372124492,0.1178842800457661,0.06820854566836534,2551.0,0.8629905277401895,0.9206349206349206,390.0,0.2275132275132275,0.047619047619047616,0.14814814814814814,0.164021164021164,174.0,0.007212296066998067,0.011124262220603268,0.007785112467395272,0.014290666406205937,0.00702013212217438,0.011298344675742367,0.040066791266150065,-0.0010086035512688746,0.07205683355886333,0.49940722383801534,0.18007826581441938,189.0,0.11998716714789863,2.0,2741.0,0.06393775372124492,0.10658593537002373,0.06386612021857924,2928.0,0.9905277401894452,0.9894179894179894,26.0,0.19576719576719576,0.0582010582010582,0.12169312169312169,0.14285714285714285,187.0,blocked,True,future_acceleration_event,0.05,0.9360622462787551,0.5,0.24654114746202638,189.0,,189.0,0.0,0.06393775372124492,0.07781748877961603,,0.0,0.0,0.0,2767.0,0.12698412698412698,0.021164021164021163,0.06878306878306878,0.08465608465608465,0.0,0.8156292286874154,0.6180657140180089,0.23856405787222326,189.0,0.21356421356421357,115.0,430.0,0.06393775372124492,0.11889288359703497,0.14682539682539683,504.0,0.17050067658998647,0.3915343915343915,2337.0,0.24867724867724866,0.031746031746031744,0.08994708994708994,0.14285714285714285,74.0
0.7757104194857916,0.549659750483688,0.2253339848521455,650.0,0.2227432590855803,555.0,108.0,0.2198917456021651,0.34975518808079964,0.46798029556650245,203.0,0.06867388362652233,0.14615384615384616,2198.0,0.19384615384615383,0.03230769230769231,0.11846153846153847,0.3415384615384615,95.0,650,cortical_pca_64,1,2956,0,0.7689445196211097,0.5525045033024217,0.23746375003372724,650.0,0.24026696329254726,542.0,141.0,0.2198917456021651,0.3503646094133959,0.43373493975903615,249.0,0.08423545331529093,0.16615384615384615,2165.0,0.18769230769230769,0.03076923076923077,0.11846153846153847,0.36,108.0,0.774018944519621,0.5413943558609647,0.24965161955539492,650.0,0.19711538461538464,568.0,100.0,0.2198917456021651,0.3480156127419157,0.45054945054945056,182.0,0.061569688768606225,0.12615384615384614,2206.0,0.17692307692307693,0.03538461538461538,0.10923076923076923,0.3569230769230769,82.0,-0.025627874470195655,-0.0017395753388839141,-0.04315157867716263,-0.002348996671480197,-0.04410241397946313,-0.010523064981328878,0.10160312594348533,0.03644398835128854,0.7807848443843031,0.5573313763426513,0.2415990699009611,650.0,0.24121779859484777,547.0,101.0,0.2198917456021651,0.3585386777232446,0.5049019607843137,204.0,0.06901217861975643,0.15846153846153846,2205.0,0.20307692307692307,0.033846153846153845,0.12153846153846154,0.35384615384615387,103.0,blocked,False,future_local_rank_event,0.05,0.2334235453315291,0.4954153045566749,0.21103318822753395,650.0,0.3558840250142126,24.0,2242.0,0.2198917456021651,0.2464124867984304,0.21827057182705717,2868.0,0.9702300405953992,0.963076923076923,64.0,0.12307692307692308,0.016923076923076923,0.05846153846153846,0.20923076923076922,626.0,0.40696887686062244,0.5480919340849957,0.2490044461798093,650.0,0.37235947010383097,130.0,1623.0,0.2198917456021651,0.3115716243906272,0.24265048996733551,2143.0,0.7249661705006766,0.8,683.0,0.1753846153846154,0.013846153846153847,0.08615384615384615,0.3553846153846154,520.0
0.03382949932341001,0.5080950740613159,0.11080621329543573,53.0,0.03578663065496286,0.0,2856.0,0.017929634641407306,0.04506431678596526,0.018219319353729804,2909.0,0.9841001353179973,1.0,47.0,0.16981132075471697,0.09433962264150944,0.11320754716981132,0.09433962264150944,53.0,53,cortical_pca_64,1,2956,0,0.09776725304465494,0.5313858792790802,0.1401758777641132,53.0,0.03753157704799712,1.0,2666.0,0.017929634641407306,0.04709975109321226,0.01913171449595291,2718.0,0.9194857916102842,0.9811320754716981,237.0,0.1320754716981132,0.09433962264150944,0.1320754716981132,0.09433962264150944,52.0,0.348105548037889,0.6217933302569236,0.19034096186996116,53.0,0.04745427582797825,5.0,1922.0,0.017929634641407306,0.0782045017417933,0.024365482233502538,1970.0,0.6664411366711772,0.9056603773584906,981.0,0.2641509433962264,0.11320754716981132,0.16981132075471697,0.11320754716981132,48.0,0.011667645173015391,0.033140184955828045,0.009922698779981136,0.031104750648581043,0.01173999011369254,0.030067103856921067,0.05699569963433457,0.03799580368573505,0.05006765899864682,0.5071006570951325,0.12278296591361781,53.0,0.03571428571428571,1.0,2807.0,0.017929634641407306,0.048137397884872236,0.01818817768450507,2859.0,0.9671853856562923,0.9811320754716981,96.0,0.16981132075471697,0.09433962264150944,0.1320754716981132,0.09433962264150944,52.0,blocked,True,future_change_movement,0.075,0.9820703653585927,0.5,0.14869913749994174,53.0,,53.0,0.0,0.017929634641407306,0.02120880210745874,,0.0,0.0,0.0,2903.0,0.1320754716981132,0.018867924528301886,0.11320754716981132,0.05660377358490566,0.0,0.9407983761840325,0.5623427943766696,0.16833082405929742,53.0,0.0932642487046632,44.0,131.0,0.017929634641407306,0.040208698056058256,0.06428571428571428,140.0,0.04736129905277402,0.16981132075471697,2772.0,0.24528301886792453,0.07547169811320754,0.16981132075471697,0.07547169811320754,9.0
0.37652232746955344,0.620847727292705,0.15939703208800374,39.0,0.035583464154892726,5.0,1838.0,0.013193504736129905,0.050399422729835025,0.018162393162393164,1872.0,0.6332882273342354,0.8717948717948718,1079.0,0.2564102564102564,0.1794871794871795,0.1794871794871795,0.1794871794871795,34.0,39,cortical_pca_64,1,2956,0,0.425575101488498,0.6457020296581489,0.16537762597361352,39.0,0.03850509626274066,5.0,1693.0,0.013193504736129905,0.051560417551395225,0.019687319050376375,1727.0,0.5842354533152909,0.8717948717948718,1224.0,0.2564102564102564,0.1794871794871795,0.20512820512820512,0.1794871794871795,34.0,0.6001353179972937,0.721499960444081,0.15209781525701824,39.0,0.052884615384615384,6.0,1176.0,0.013193504736129905,0.09680078428178084,0.02729528535980149,1209.0,0.40899864682002707,0.8461538461538461,1741.0,0.41025641025641024,0.1794871794871795,0.38461538461538464,0.20512820512820512,33.0,0.01730115122972266,0.04640136155194581,0.014379519121874726,0.04524036673038561,0.020168300274843537,0.04779096715398621,0.08579511335594943,0.07060601387485375,0.239851150202977,0.602194913987852,0.11670739586924471,39.0,0.03271631510977185,1.0,2246.0,0.013193504736129905,0.049009817127794626,0.016637478108581436,2284.0,0.7726657645466847,0.9743589743589743,671.0,0.2564102564102564,0.15384615384615385,0.1794871794871795,0.15384615384615385,38.0,blocked,True,future_spike,0.075,0.9868064952638701,0.5,0.06628670565198853,39.0,,39.0,0.0,0.013193504736129905,0.011005670925831403,,0.0,0.0,0.0,2917.0,0.05128205128205128,0.0,0.05128205128205128,0.0,0.0,0.912043301759134,0.5886096534022485,0.08965753460123749,39.0,0.07142857142857142,29.0,231.0,0.013193504736129905,0.026194770406927078,0.04149377593360996,241.0,0.08152909336941813,0.2564102564102564,2686.0,0.3076923076923077,0.0,0.1794871794871795,0.0,10.0
0.03382949932341001,0.5080950740613159,0.11080621329543573,53.0,0.03578663065496286,0.0,2856.0,0.017929634641407306,0.04506431678596526,0.018219319353729804,2909.0,0.9841001353179973,1.0,47.0,0.16981132075471697,0.09433962264150944,0.11320754716981132,0.09433962264150944,53.0,53,cortical_pca_64,1,2956,0,0.04939106901217862,0.5160179125043058,0.11160407325009795,53.0,0.03635116598079561,0.0,2810.0,0.017929634641407306,0.046793124351610454,0.01851205029689137,2863.0,0.9685385656292287,1.0,93.0,0.16981132075471697,0.07547169811320754,0.11320754716981132,0.09433962264150944,53.0,0.348105548037889,0.6217933302569236,0.19034096186996116,53.0,0.04745427582797825,5.0,1922.0,0.017929634641407306,0.0782045017417933,0.024365482233502538,1970.0,0.6664411366711772,0.9056603773584906,981.0,0.2641509433962264,0.11320754716981132,0.16981132075471697,0.11320754716981132,48.0,0.011667645173015391,0.033140184955828045,0.011103109847182643,0.03141137739018285,0.010496209019165176,0.03347604453836481,0.05699569963433457,0.03799580368573505,0.08322056833558863,0.5239797476910678,0.14889191423309206,53.0,0.03695806680881308,1.0,2709.0,0.017929634641407306,0.044728457203428496,0.018833755885548715,2761.0,0.9340324763193505,0.9811320754716981,194.0,0.18867924528301888,0.07547169811320754,0.1320754716981132,0.09433962264150944,52.0,blocked,True,future_slope_change,0.075,0.9820703653585927,0.5,0.14869913749994174,53.0,,53.0,0.0,0.017929634641407306,0.02120880210745874,,0.0,0.0,0.0,2903.0,0.1320754716981132,0.018867924528301886,0.11320754716981132,0.05660377358490566,0.0,0.9407983761840325,0.5623427943766696,0.16833082405929742,53.0,0.0932642487046632,44.0,131.0,0.017929634641407306,0.040208698056058256,0.06428571428571428,140.0,0.04736129905277402,0.16981132075471697,2772.0,0.24528301886792453,0.07547169811320754,0.16981132075471697,0.07547169811320754,9.0
0.02401894451962111,0.4937031059769529,0.11259743898707264,61.0,0.03993344425956739,1.0,2884.0,0.020635994587280108,0.03571362753025399,0.020380434782608696,2944.0,0.9959404600811907,0.9836065573770492,11.0,0.16393442622950818,0.04918032786885246,0.11475409836065574,0.06557377049180328,60.0,61,cortical_pca_64,1,2956,0,0.044654939106901215,0.4881904923695461,0.1371389295143191,61.0,0.03945578231292517,3.0,2821.0,0.020635994587280108,0.03588893220356139,0.020145883987495658,2879.0,0.9739512855209743,0.9508196721311475,74.0,0.16393442622950818,0.04918032786885246,0.09836065573770492,0.08196721311475409,58.0,0.43200270635994586,0.5334890568815651,0.2514574755691826,61.0,0.0443938531587934,22.0,1657.0,0.020635994587280108,0.07286736304184965,0.022995283018867923,1696.0,0.5737483085250338,0.639344262295082,1238.0,0.2459016393442623,0.08196721311475409,0.16393442622950818,0.11475409836065574,39.0,0.004460408899226012,0.03715373551159566,0.004938070845868232,0.036978430838288265,0.004897768718888737,0.038721373539369296,0.03263948009084646,0.035543143835846946,0.04566982408660352,0.488708627084572,0.13839420133063995,61.0,0.03949608443990466,3.0,2818.0,0.020635994587280108,0.03414598950248036,0.020166898470097356,2876.0,0.972936400541272,0.9508196721311475,77.0,0.16393442622950818,0.04918032786885246,0.11475409836065574,0.04918032786885246,58.0,blocked,True,future_acceleration_event,0.075,0.9793640054127198,0.5,0.18254928278024762,61.0,,61.0,0.0,0.020635994587280108,0.04022788295100319,,0.0,0.0,0.0,2895.0,0.11475409836065574,0.01639344262295082,0.04918032786885246,0.03278688524590164,0.0,0.8991880920162382,0.5473314646507546,0.20188044901739033,61.0,0.06875,50.0,248.0,0.020635994587280108,0.03732421920600271,0.04247104247104247,259.0,0.08761840324763194,0.18032786885245902,2647.0,0.21311475409836064,0.04918032786885246,0.11475409836065574,0.06557377049180328,11.0
0.6698240866035182,0.5088449606662059,0.3078980390423941,988.0,0.04500978473581214,965.0,11.0,0.3342354533152909,0.3731255805745175,0.6764705882352942,34.0,0.011502029769959404,0.02327935222672065,1957.0,0.12246963562753037,0.022267206477732792,0.07186234817813765,0.3481781376518219,23.0,988,cortical_pca_64,1,2956,0,0.668809201623816,0.5090907968796287,0.3000839143267949,988.0,0.05227492739593417,961.0,18.0,0.3342354533152909,0.3748920596686819,0.6,45.0,0.015223274695534507,0.027327935222672066,1950.0,0.12854251012145748,0.02125506072874494,0.06781376518218624,0.35526315789473684,27.0,0.668809201623816,0.5106028438826898,0.3215966207129602,988.0,0.06315789473684211,955.0,24.0,0.3342354533152909,0.38797358947313293,0.5789473684210527,57.0,0.019282814614343707,0.03340080971659919,1944.0,0.1325910931174089,0.018218623481781375,0.07388663967611336,0.37044534412955465,33.0,0.01814811000102997,0.014848008898615428,0.010882967340907934,0.013081529804451042,0.01451976244112227,0.01782061552652109,0.02590624838892175,-0.04140156922720262,0.6691474966170501,0.5088408462525921,0.3041326271216779,988.0,0.04863813229571984,963.0,15.0,0.3342354533152909,0.37015297394661184,0.625,40.0,0.013531799729364006,0.025303643724696356,1953.0,0.11842105263157894,0.02125506072874494,0.0708502024291498,0.3451417004048583,25.0,blocked,True,future_local_rank_event,0.075,0.33457374830852504,0.4984900102037457,0.30600527832897984,988.0,0.49936370577755157,7.0,1960.0,0.3342354533152909,0.3620673410842112,0.33356001360081605,2941.0,0.9949255751014885,0.992914979757085,8.0,0.12449392712550607,0.011133603238866396,0.053643724696356275,0.3633603238866397,981.0,0.4242219215155616,0.5421285095948125,0.28673756328305605,988.0,0.5103567318757193,101.0,1601.0,0.3342354533152909,0.42937515870033555,0.3565112540192926,2488.0,0.8416779431664412,0.8977732793522267,367.0,0.14777327935222673,0.011133603238866396,0.07186234817813765,0.451417004048583,887.0
0.02097428958051421,0.5046217048955837,0.09056223517711125,35.0,0.023616734143049933,0.0,2894.0,0.011840324763193504,0.01366312123330099,0.011949470809149881,2929.0,0.9908660351826793,1.0,27.0,0.14285714285714285,0.0,0.05714285714285714,0.0,35.0,35,cortical_pca_64,1,2956,0,0.04499323410013532,0.516775077028415,0.10181563212867374,35.0,0.02419633598340823,0.0,2823.0,0.011840324763193504,0.01391514636504115,0.01224632610216935,2858.0,0.9668470906630582,1.0,98.0,0.14285714285714285,0.0,0.05714285714285714,0.0,35.0,0.2811231393775372,0.5939110872010563,0.13769074035954879,35.0,0.02923709456372773,3.0,2122.0,0.011840324763193504,0.025367492476453344,0.014856081708449397,2154.0,0.7286874154262517,0.9142857142857143,799.0,0.2,0.02857142857142857,0.11428571428571428,0.02857142857142857,32.0,0.005620360420677796,0.011704371243152354,0.0050407585803195,0.011452346111412194,0.0045718373403309705,0.011602301461632013,0.012259535577521982,0.008561243576569896,0.06359945872801083,0.5261896610749743,0.11372322900422008,35.0,0.02466525722339676,0.0,2768.0,0.011840324763193504,0.013765191014821331,0.012486621476988941,2803.0,0.9482408660351827,1.0,153.0,0.11428571428571428,0.0,0.05714285714285714,0.0,35.0,blocked,True,future_change_movement,0.1,0.9881596752368065,0.5,0.10737694800642889,35.0,,35.0,0.0,0.011840324763193504,0.013107956898931362,,0.0,0.0,0.0,2921.0,0.08571428571428572,0.02857142857142857,0.08571428571428572,0.02857142857142857,0.0,0.9638024357239513,0.5159045336724214,0.11335745520798887,35.0,0.036036036036036036,33.0,74.0,0.011840324763193504,0.01680624889988345,0.02631578947368421,76.0,0.02571041948579161,0.05714285714285714,2847.0,0.11428571428571428,0.05714285714285714,0.08571428571428572,0.05714285714285714,2.0
0.2215832205683356,0.5705082002453119,0.07765349636430949,27.0,0.021267545725223307,2.0,2299.0,0.009133964817320704,0.016577810150465336,0.010757314974182444,2324.0,0.7861975642760487,0.9259259259259259,630.0,0.18518518518518517,0.07407407407407407,0.1111111111111111,0.07407407407407407,25.0,27,cortical_pca_64,1,2956,0,0.2412043301759134,0.5804091903443218,0.08039194983448689,27.0,0.021805494984736152,2.0,2241.0,0.009133964817320704,0.014938758859954188,0.011032656663724626,2266.0,0.7665764546684709,0.9259259259259259,688.0,0.18518518518518517,0.037037037037037035,0.07407407407407407,0.037037037037037035,25.0,0.5192828146143437,0.6656866836108898,0.10316280440136567,27.0,0.030034129692832763,5.0,1416.0,0.009133964817320704,0.03744915431538786,0.015299026425591099,1438.0,0.486468200270636,0.8148148148148148,1513.0,0.25925925925925924,0.1111111111111111,0.25925925925925924,0.1111111111111111,22.0,0.008766583967609456,0.020871344164922524,0.008228634708096611,0.022510395455433672,0.00844840947697556,0.022280988111558285,0.029871124739947727,0.02609720440768481,0.20263870094722597,0.5792964353906654,0.08010510378984283,27.0,0.021585720215857203,1.0,2356.0,0.009133964817320704,0.015168166203829575,0.0109151973131822,2382.0,0.8058186738836265,0.9629629629629629,573.0,0.18518518518518517,0.037037037037037035,0.1111111111111111,0.037037037037037035,26.0,blocked,True,future_spike,0.1,0.9908660351826793,0.5,0.04011873948620835,27.0,,27.0,0.0,0.009133964817320704,0.007578029575440135,,0.0,0.0,0.0,2929.0,0.037037037037037035,0.0,0.037037037037037035,0.0,0.0,0.9499323410013532,0.4976922979654287,0.07329535886211366,27.0,0.013333333333333334,26.0,122.0,0.009133964817320704,0.011351949907703052,0.008130081300813009,123.0,0.04161028416779432,0.037037037037037035,2807.0,0.14814814814814814,0.0,0.037037037037037035,0.0,1.0
0.02097428958051421,0.5046217048955837,0.09056223517711125,35.0,0.023616734143049933,0.0,2894.0,0.011840324763193504,0.01366312123330099,0.011949470809149881,2929.0,0.9908660351826793,1.0,27.0,0.14285714285714285,0.0,0.05714285714285714,0.0,35.0,35,cortical_pca_64,1,2956,0,0.06867388362652233,0.5287572749058541,0.11162393574021302,35.0,0.024796315975912153,0.0,2753.0,0.011840324763193504,0.013918298430857675,0.012553802008608322,2788.0,0.9431664411366711,1.0,168.0,0.14285714285714285,0.0,0.05714285714285714,0.0,35.0,0.2811231393775372,0.5939110872010563,0.13769074035954879,35.0,0.02923709456372773,3.0,2122.0,0.011840324763193504,0.025367492476453344,0.014856081708449397,2154.0,0.7286874154262517,0.9142857142857143,799.0,0.2,0.02857142857142857,0.11428571428571428,0.02857142857142857,32.0,0.005620360420677796,0.011704371243152354,0.004440778587815577,0.011449194045595669,0.004998867416913327,0.01102823341931091,0.012259535577521982,0.008561243576569896,0.04668470906630582,0.5176309483053749,0.10271915750997362,35.0,0.024238227146814402,0.0,2818.0,0.011840324763193504,0.014339259057142433,0.012267788293024886,2853.0,0.9651556156968877,1.0,103.0,0.14285714285714285,0.02857142857142857,0.02857142857142857,0.02857142857142857,35.0,blocked,True,future_slope_change,0.1,0.9881596752368065,0.5,0.10737694800642889,35.0,,35.0,0.0,0.011840324763193504,0.013107956898931362,,0.0,0.0,0.0,2921.0,0.08571428571428572,0.02857142857142857,0.08571428571428572,0.02857142857142857,0.0,0.9638024357239513,0.5159045336724214,0.11335745520798887,35.0,0.036036036036036036,33.0,74.0,0.011840324763193504,0.01680624889988345,0.02631578947368421,76.0,0.02571041948579161,0.05714285714285714,2847.0,0.11428571428571428,0.05714285714285714,0.08571428571428572,0.05714285714285714,2.0
0.010148849797023005,0.500512120177535,0.09710642801574064,27.0,0.018120805369127517,0.0,2926.0,0.009133964817320704,0.012314117711979756,0.009143244158482899,2953.0,0.9989851150202977,1.0,3.0,0.18518518518518517,0.037037037037037035,0.037037037037037035,0.037037037037037035,27.0,27,cortical_pca_64,1,2956,0,0.02165087956698241,0.506316148856265,0.11029109079272267,27.0,0.018329938900203666,0.0,2892.0,0.009133964817320704,0.012092049376069417,0.009249743062692703,2919.0,0.9874830852503383,1.0,37.0,0.14814814814814814,0.037037037037037035,0.037037037037037035,0.037037037037037035,27.0,0.3893775372124493,0.5634396773010635,0.20632948080086494,27.0,0.02168021680216802,7.0,1798.0,0.009133964817320704,0.01897100236106268,0.011001100110011002,1818.0,0.6150202976995941,0.7407407407407407,1131.0,0.25925925925925924,0.07407407407407407,0.18518518518518517,0.037037037037037035,20.0,0.0035594114330405047,0.006656884649082925,0.003350277901964356,0.006878952984993263,0.004537359659310878,0.0053323032400826725,0.008070992253111208,0.0012158390035480332,0.06901217861975643,0.47517165509654413,0.1482628282577195,27.0,0.017142857142857144,3.0,2749.0,0.009133964817320704,0.013638699120980008,0.00865488640461594,2773.0,0.9380920162381596,0.8888888888888888,180.0,0.14814814814814814,0.037037037037037035,0.037037037037037035,0.037037037037037035,24.0,blocked,True,future_acceleration_event,0.1,0.9908660351826793,0.5,0.13838049384664347,27.0,,27.0,0.0,0.009133964817320704,0.010900010107951472,,0.0,0.0,0.0,2929.0,0.1111111111111111,0.037037037037037035,0.037037037037037035,0.0,0.0,0.9543301759133965,0.5366071089867608,0.16499014875120036,27.0,0.0425531914893617,24.0,111.0,0.009133964817320704,0.017755163357514647,0.02631578947368421,114.0,0.03856562922868741,0.1111111111111111,2818.0,0.18518518518518517,0.07407407407407407,0.1111111111111111,0.07407407407407407,3.0
0.5635994587280109,0.5255121543787056,0.3877930755715654,1333.0,0.2210144927536232,1150.0,140.0,0.45094722598105547,0.5082030499441754,0.56656346749226,323.0,0.10926928281461434,0.13728432108027006,1483.0,0.12603150787696923,0.020255063765941484,0.06676669167291822,0.4846211552888222,183.0,1333,cortical_pca_64,1,2956,0,0.5639377537212449,0.5270266272667982,0.3783817048506997,1333.0,0.2377291543465405,1132.0,157.0,0.45094722598105547,0.5072228529304477,0.5614525139664804,358.0,0.12110960757780785,0.15078769692423105,1466.0,0.12603150787696923,0.018754688672168042,0.06451612903225806,0.48012003000750186,201.0,0.56765899864682,0.5436188067349554,0.3545440368358245,1333.0,0.3837994214079074,935.0,343.0,0.45094722598105547,0.5198619768575036,0.5371120107962213,741.0,0.2506765899864682,0.29857464366091524,1280.0,0.1350337584396099,0.01800450112528132,0.06526631657914479,0.49362340585146286,398.0,0.1627849286542842,0.01165892691332815,0.14607026706136692,0.012639123927055906,0.1537636645545105,0.009838435508929044,0.035415659151819545,-0.017818628078035914,0.5629228687415426,0.5255662344421596,0.3937461181122359,1333.0,0.23003575685339692,1140.0,152.0,0.45094722598105547,0.5100235413485745,0.5594202898550724,345.0,0.11671177266576455,0.1447861965491373,1471.0,0.12903225806451613,0.018754688672168042,0.06751687921980495,0.4876219054763691,193.0,blocked,True,future_local_rank_event,0.1,0.45162381596752366,0.5006161429451633,0.42507268943660204,1333.0,0.6218801026358759,0.0,1621.0,0.45094722598105547,0.484446317705684,0.45125253893026407,2954.0,0.9993234100135318,1.0,2.0,0.12228057014253563,0.01350337584396099,0.05926481620405101,0.4778694673668417,1333.0,0.4790257104194858,0.5224198840837752,0.3598750974211897,1333.0,0.6254863813229573,47.0,1493.0,0.45094722598105547,0.5376806049355395,0.4627563871896366,2779.0,0.9401217861975643,0.9647411852963241,130.0,0.12978244561140284,0.012003000750187547,0.05401350337584396,0.5536384096024006,1286.0
0.7796610169491526,0.53042495492123,0.2343379011333469,638.0,0.13573407202216065,589.0,35.0,0.2252824858757062,0.3300287892250264,0.5833333333333334,84.0,0.029661016949152543,0.0768025078369906,2159.0,0.19122257053291536,0.02821316614420063,0.10344827586206896,0.3056426332288401,49.0,638,cortical_pca_64,1.5,2832,0,0.7778954802259888,0.5326203124508848,0.24602223520404728,638.0,0.14884979702300405,583.0,46.0,0.2252824858757062,0.3319757159048624,0.5445544554455446,101.0,0.0356638418079096,0.08620689655172414,2148.0,0.17711598746081506,0.02821316614420063,0.10188087774294671,0.322884012539185,55.0,0.774364406779661,0.5325645890902233,0.23761640178125581,638.0,0.15587846763540292,579.0,60.0,0.2252824858757062,0.34403931084076445,0.4957983193277311,119.0,0.042019774011299436,0.09247648902821316,2134.0,0.15987460815047022,0.034482758620689655,0.10031347962382445,0.3432601880877743,59.0,0.020144395613242272,0.01401052161573807,0.0070286706123988685,0.012063594935902033,-0.00879616715875381,0.013684221647030259,0.09779807869162838,0.015491002883330718,0.7778954802259888,0.5365109460683597,0.22941743994883657,638.0,0.16467463479415673,576.0,53.0,0.2252824858757062,0.3303550891937342,0.5391304347826087,115.0,0.04060734463276836,0.09717868338557993,2141.0,0.18181818181818182,0.029780564263322883,0.11285266457680251,0.3072100313479624,62.0,blocked,True,future_change_movement,0.03,0.2694209039548023,0.48513400753837055,0.22564522768682516,638.0,0.3512072750078395,78.0,1991.0,0.2252824858757062,0.24624123214913607,0.2195217561740494,2551.0,0.900776836158192,0.877742946708464,203.0,0.12539184952978055,0.0109717868338558,0.054858934169279,0.24294670846394983,560.0,0.4184322033898305,0.5662986543522802,0.24207178068148202,638.0,0.39292296350903066,105.0,1542.0,0.2252824858757062,0.3285483079574337,0.2568674698795181,2075.0,0.7326977401129944,0.835423197492163,652.0,0.16614420062695925,0.02037617554858934,0.08934169278996865,0.3557993730407524,533.0
0.08322056833558863,0.5009208103130756,0.1186669126052812,241.0,0.15100250626566417,0.0,2710.0,0.08152909336941813,0.17998473748810762,0.08166723144696712,2951.0,0.9983085250338295,1.0,5.0,0.23651452282157676,0.06224066390041494,0.1991701244813278,0.21991701244813278,241.0,241,cortical_pca_64,1.5,2956,0,0.10520974289580515,0.5053292374467955,0.14867875701294048,241.0,0.15197178582879128,4.0,2641.0,0.08152909336941813,0.18000881353237602,0.0823488533703961,2878.0,0.9736129905277402,0.983402489626556,74.0,0.25311203319502074,0.06224066390041494,0.1991701244813278,0.23236514522821577,237.0,0.27435723951285523,0.5709428944774306,0.19347874200523596,241.0,0.1721343110768043,18.0,2127.0,0.08152909336941813,0.21656237529291658,0.09489361702127659,2350.0,0.7949932341001353,0.9253112033195021,588.0,0.29045643153526973,0.07468879668049792,0.2074688796680498,0.27800829875518673,223.0,0.02113180481114013,0.036577637804808966,0.020162525248013013,0.03655356176054056,0.019139519410137612,0.036441884636369715,0.1323782312709831,0.11050468870845638,0.11975642760487144,0.5094671526711141,0.16593985175152587,241.0,0.15299479166666669,6.0,2596.0,0.08152909336941813,0.18012049065654687,0.08300953726598376,2831.0,0.9577131258457375,0.975103734439834,119.0,0.24481327800829875,0.06639004149377593,0.1908713692946058,0.22821576763485477,235.0,blocked,True,future_spike,0.03,0.8359269282814614,0.515561312212008,0.09999421866458434,241.0,0.11657559198542805,209.0,276.0,0.08152909336941813,0.08418414402193347,0.1038961038961039,308.0,0.10419485791610285,0.13278008298755187,2439.0,0.13278008298755187,0.012448132780082987,0.06639004149377593,0.0954356846473029,32.0,0.6153585926928281,0.5618539999847169,0.14795437074894763,241.0,0.17429193899782136,121.0,1016.0,0.08152909336941813,0.1060576865844602,0.1056338028169014,1136.0,0.38430311231393777,0.4979253112033195,1699.0,0.16182572614107885,0.024896265560165973,0.08298755186721991,0.14107883817427386,120.0
0.4311440677966102,0.6007308673296258,0.1659986363043197,323.0,0.24754787482484822,58.0,1553.0,0.11405367231638418,0.26387652205625395,0.14576457645764576,1818.0,0.6419491525423728,0.8204334365325078,956.0,0.2631578947368421,0.06501547987616099,0.17027863777089783,0.2755417956656347,265.0,323,cortical_pca_64,1.5,2832,0,0.3163841807909605,0.5629381286193234,0.15817996170174703,323.0,0.22745411013567438,38.0,1898.0,0.11405367231638418,0.24955407308078623,0.13055428309665598,2183.0,0.7708333333333334,0.8823529411764706,611.0,0.25077399380804954,0.06501547987616099,0.17027863777089783,0.2631578947368421,285.0,0.8036723163841808,0.6140630572045898,0.20609036628863503,323.0,0.29974811083123426,204.0,352.0,0.11405367231638418,0.29300061527746496,0.2526539278131635,471.0,0.1663135593220339,0.3684210526315789,2157.0,0.2848297213622291,0.06811145510835913,0.18575851393188855,0.30030959752321984,119.0,0.05220023600638604,0.02912409322121101,0.07229400069555988,0.043446542196678734,0.047382180231865134,0.030378758915427795,0.13930059935516922,0.10712514670448314,0.4978813559322034,0.6046776496254351,0.17253827444004904,323.0,0.2523659305993691,83.0,1339.0,0.11405367231638418,0.26262185636203716,0.1519949335022166,1579.0,0.5575564971751412,0.7430340557275542,1170.0,0.26006191950464397,0.06191950464396285,0.17337461300309598,0.2724458204334365,240.0,blocked,True,future_slope_change,0.03,0.4650423728813559,0.5092681825305063,0.13152155367105833,323.0,0.19457735247208932,140.0,1375.0,0.11405367231638418,0.15370001592229574,0.11745827984595636,1558.0,0.5501412429378532,0.56656346749226,1134.0,0.14860681114551083,0.034055727554179564,0.08359133126934984,0.15789473684210525,183.0,0.5236581920903954,0.5693231919270194,0.2191912395671792,323.0,0.23133903133903133,120.0,1229.0,0.11405367231638418,0.18587546857298182,0.14175977653631286,1432.0,0.5056497175141242,0.628482972136223,1280.0,0.21671826625386997,0.034055727554179564,0.13312693498452013,0.23839009287925697,203.0
0.20727401129943504,0.5095110530818063,0.24470284227347716,494.0,0.29996881821016524,13.0,2232.0,0.17443502824858756,0.2585317217173134,0.1772945079248065,2713.0,0.9579802259887006,0.9736842105263158,106.0,0.1720647773279352,0.04048582995951417,0.11133603238866396,0.25101214574898784,481.0,494,cortical_pca_64,1.5,2832,0,0.20692090395480225,0.5084989073328184,0.24164147725091378,494.0,0.2994385527136619,14.0,2232.0,0.17443502824858756,0.2564249577593117,0.17699115044247787,2712.0,0.9576271186440678,0.97165991902834,106.0,0.1680161943319838,0.04048582995951417,0.11336032388663968,0.24898785425101214,480.0,0.3372175141242938,0.5498929844186699,0.26528850792214903,494.0,0.3157127232956617,61.0,1816.0,0.17443502824858756,0.3105857960075852,0.1925300133392619,2249.0,0.794138418079096,0.8765182186234818,522.0,0.21052631578947367,0.044534412955465584,0.1396761133603239,0.2975708502024291,433.0,0.015743905085496446,0.05205407429027176,0.016274170581999814,0.0541608382482735,0.01742879193840735,0.0549735966176631,0.1182390350758965,0.005923810591146106,0.20586158192090395,0.5062607578365537,0.2440671801178694,494.0,0.29828393135725434,16.0,2233.0,0.17443502824858756,0.2556121993899221,0.17631870158613058,2711.0,0.957274011299435,0.9676113360323887,105.0,0.1720647773279352,0.04048582995951417,0.11336032388663968,0.25303643724696356,478.0,blocked,True,future_acceleration_event,0.03,0.4134887005649718,0.5202489757327451,0.17611101347303115,494.0,0.28925973470261024,156.0,1505.0,0.17443502824858756,0.19234676093168868,0.18339663591969615,1843.0,0.650776836158192,0.6842105263157895,833.0,0.1214574898785425,0.010121457489878543,0.06275303643724696,0.21862348178137653,338.0,0.5483757062146892,0.6163119105917719,0.2095382993293533,494.0,0.3576092415871422,138.0,1141.0,0.17443502824858756,0.3046619854164391,0.23780895123580495,1497.0,0.5286016949152542,0.7206477732793523,1197.0,0.20445344129554655,0.030364372469635626,0.10323886639676114,0.3623481781376518,356.0
0.617231638418079,0.6343923848313879,0.1582732083830853,359.0,0.3033419023136247,123.0,961.0,0.12676553672316385,0.2997459162252655,0.1971595655806182,1197.0,0.4226694915254237,0.6573816155988857,1512.0,0.27298050139275765,0.0584958217270195,0.1894150417827298,0.3203342618384401,236.0,359,cortical_pca_64,1.5,2832,0,0.570268361581921,0.619407709107948,0.17948239081444514,359.0,0.2878876535985957,113.0,1104.0,0.12676553672316385,0.2885544076677965,0.18222222222222223,1350.0,0.4766949152542373,0.6852367688022284,1369.0,0.26740947075208915,0.06128133704735376,0.17270194986072424,0.2924791086350975,246.0,0.8527542372881356,0.5775664080143544,0.2309683072903573,359.0,0.26455026455026454,284.0,133.0,0.12676553672316385,0.30549092912444537,0.3605769230769231,208.0,0.07344632768361582,0.20891364902506965,2340.0,0.26740947075208915,0.06128133704735376,0.1671309192200557,0.3231197771587744,75.0,-0.03879163776336014,0.005745012899179891,-0.02333738904833116,0.016936521456648868,-0.038917943542221,0.007903485979670943,0.14711416868183358,0.10132577823016206,0.6596045197740112,0.627699488740233,0.19691109170709478,359.0,0.30346820809248554,149.0,815.0,0.12676553672316385,0.2975874431447744,0.2048780487804878,1025.0,0.3619350282485876,0.584958217270195,1658.0,0.27019498607242337,0.0584958217270195,0.18384401114206128,0.31197771587743733,210.0,blocked,True,future_local_rank_event,0.03,0.356638418079096,0.49708664157863136,0.13616099005643842,359.0,0.212618841832325,113.0,1709.0,0.12676553672316385,0.15837676044261179,0.12583120204603582,1955.0,0.6903248587570622,0.6852367688022284,764.0,0.12813370473537605,0.03064066852367688,0.08635097493036212,0.15041782729805014,246.0,0.5112994350282486,0.565403291481144,0.2103411336519645,359.0,0.248642779587405,130.0,1254.0,0.12676553672316385,0.2041651508942833,0.15441672285906946,1483.0,0.5236581920903954,0.637883008356546,1219.0,0.22562674094707522,0.033426183844011144,0.12534818941504178,0.26740947075208915,229.0
0.1963276836158192,0.5429008491412113,0.17418427436447148,251.0,0.1753623188405797,9.0,2267.0,0.08862994350282485,0.17843067910745156,0.09645277002789956,2509.0,0.8859463276836158,0.9641434262948207,314.0,0.2151394422310757,0.06374501992031872,0.1553784860557769,0.20717131474103587,242.0,251,cortical_pca_64,1.5,2832,0,0.22139830508474576,0.5440670483505728,0.1823628926604499,251.0,0.17570093457943925,16.0,2189.0,0.08862994350282485,0.17732453645696652,0.09694719471947194,2424.0,0.8559322033898306,0.9362549800796812,392.0,0.21115537848605578,0.06374501992031872,0.1394422310756972,0.199203187250996,235.0,0.4540960451977401,0.5890085531566103,0.21591121292095905,251.0,0.19646569646569645,62.0,1484.0,0.08862994350282485,0.22635457748090532,0.11297071129707113,1673.0,0.5907485875706214,0.7529880478087649,1097.0,0.24302788844621515,0.07569721115537849,0.18725099601593626,0.22709163346613545,189.0,0.021103377625116743,0.04792389837345376,0.0207647618862572,0.04903004102393879,0.02161020513621667,0.054123487130983305,0.11399185987752841,0.07804844121071197,0.19350282485875706,0.5413510622369105,0.16936698768907887,251.0,0.17485549132947978,9.0,2275.0,0.08862994350282485,0.172231090349922,0.09614620580055622,2517.0,0.888771186440678,0.9641434262948207,306.0,0.21912350597609562,0.05976095617529881,0.14342629482071714,0.199203187250996,242.0,blocked,True,future_change_movement,0.05,0.899364406779661,0.5077998737325012,0.1474254729761957,251.0,0.053156146179401995,243.0,42.0,0.08862994350282485,0.1123627176033769,0.16,50.0,0.01765536723163842,0.03187250996015936,2539.0,0.1593625498007968,0.02390438247011952,0.08366533864541832,0.13147410358565736,8.0,0.6062853107344632,0.5825878971521894,0.20764741549035295,251.0,0.19956927494615936,112.0,1003.0,0.08862994350282485,0.14830613627019334,0.12171628721541156,1142.0,0.4032485875706215,0.5537848605577689,1578.0,0.2151394422310757,0.03187250996015936,0.13545816733067728,0.20717131474103587,139.0
0.13125845737483086,0.5356444772266273,0.13502105533952596,85.0,0.06002928257686677,3.0,2565.0,0.02875507442489851,0.08353475945150152,0.030978466188137516,2647.0,0.895466847090663,0.9647058823529412,306.0,0.23529411764705882,0.10588235294117647,0.16470588235294117,0.15294117647058825,82.0,85,cortical_pca_64,1.5,2956,0,0.2239512855209743,0.5662384494027496,0.17872948138051525,85.0,0.06443719412724307,6.0,2288.0,0.02875507442489851,0.0858883437944067,0.033375580904098014,2367.0,0.800744248985115,0.9294117647058824,583.0,0.23529411764705882,0.11764705882352941,0.18823529411764706,0.17647058823529413,79.0,0.35859269282814615,0.6184276845534452,0.16193342632581675,85.0,0.07421875000000001,9.0,1887.0,0.02875507442489851,0.1468987480008954,0.03871625063678044,1963.0,0.6640730717185386,0.8941176470588236,984.0,0.35294117647058826,0.1411764705882353,0.3058823529411765,0.27058823529411763,76.0,0.014189467423133241,0.06336398854939387,0.009781555872756947,0.06101040420648869,0.010962209586099184,0.058129551151242534,0.11828463872899911,0.10734176220786629,0.18843031123139378,0.5593685332022046,0.15416217458366577,85.0,0.06325654041390083,4.0,2395.0,0.02875507442489851,0.08876919684965286,0.0327140549273021,2476.0,0.8376184032476319,0.9529411764705882,476.0,0.24705882352941178,0.11764705882352941,0.17647058823529413,0.16470588235294117,81.0,blocked,True,future_spike,0.05,0.9712449255751014,0.5,0.08447841284456849,85.0,,85.0,0.0,0.02875507442489851,0.02861410927189628,,0.0,0.0,0.0,2871.0,0.11764705882352941,0.0,0.058823529411764705,0.023529411764705882,0.0,0.8027740189445196,0.5616837748683591,0.11013298675436048,85.0,0.08188976377952756,59.0,524.0,0.02875507442489851,0.0395569857930291,0.04727272727272727,550.0,0.18606224627875506,0.3058823529411765,2347.0,0.15294117647058825,0.011764705882352941,0.1411764705882353,0.10588235294117647,26.0
0.2923728813559322,0.5583881578947368,0.16634127240254798,96.0,0.07479224376731303,15.0,1989.0,0.03389830508474576,0.06244023050068304,0.0391304347826087,2070.0,0.7309322033898306,0.84375,747.0,0.17708333333333334,0.07291666666666667,0.125,0.08333333333333333,81.0,96,cortical_pca_64,1.5,2832,0,0.2842514124293785,0.5541849415204678,0.1681950483690318,96.0,0.07400639561443581,15.0,2012.0,0.03389830508474576,0.06194958836656975,0.03870043000477783,2093.0,0.7390536723163842,0.84375,724.0,0.17708333333333334,0.07291666666666667,0.10416666666666667,0.09375,81.0,0.6588983050847458,0.6425438596491229,0.17724746343359613,96.0,0.11049723756906078,36.0,930.0,0.03389830508474576,0.11900819216348647,0.06060606060606061,990.0,0.3495762711864407,0.625,1806.0,0.28125,0.11458333333333333,0.22916666666666666,0.19791666666666666,60.0,0.035704993801747756,0.05656796166280343,0.03649084195462497,0.057058603796916726,0.03446571230248684,0.05617458897670262,0.07587020470410515,0.05326793419680913,0.2962570621468927,0.5654239766081871,0.16820507228248618,96.0,0.07603152526657395,14.0,1979.0,0.03389830508474576,0.06283360318678385,0.039786511402231925,2061.0,0.7277542372881356,0.8541666666666666,757.0,0.20833333333333334,0.07291666666666667,0.125,0.08333333333333333,82.0,blocked,True,future_slope_change,0.05,0.9661016949152542,0.5,0.13852097066172384,96.0,,96.0,0.0,0.03389830508474576,0.04313798745938133,,0.0,0.0,0.0,2736.0,0.09375,0.020833333333333332,0.052083333333333336,0.041666666666666664,0.0,0.873587570621469,0.5777595029239766,0.18546501001839968,96.0,0.12254901960784315,71.0,287.0,0.03389830508474576,0.06574025796667735,0.08012820512820513,312.0,0.11016949152542373,0.2604166666666667,2449.0,0.21875,0.052083333333333336,0.15625,0.09375,25.0
0.09463276836158192,0.4879886540994421,0.23122975577071586,163.0,0.10599721059972106,11.0,2553.0,0.05755649717514124,0.0925333614068894,0.05619223659889094,2705.0,0.9551553672316384,0.9325153374233128,116.0,0.1901840490797546,0.049079754601226995,0.1165644171779141,0.12269938650306748,152.0,163,cortical_pca_64,1.5,2832,0,0.08862994350282485,0.4848039407236459,0.21851072891111317,163.0,0.10537261698440208,11.0,2570.0,0.05755649717514124,0.09528910450690807,0.055841293166789124,2722.0,0.9611581920903954,0.9325153374233128,99.0,0.1901840490797546,0.049079754601226995,0.10429447852760736,0.12269938650306748,152.0,0.2990819209039548,0.5215723818346063,0.27355607917942754,163.0,0.11265087170317391,37.0,1948.0,0.05755649717514124,0.1407744080295587,0.06075216972034716,2074.0,0.7323446327683616,0.7730061349693251,721.0,0.24539877300613497,0.07975460122699386,0.1656441717791411,0.18404907975460122,126.0,0.006653661103452849,0.0482410466226693,0.007278254718771832,0.045485303522650636,0.0038303242209163785,0.04423700885881647,0.07636534945713178,0.033258320066845495,0.06885593220338983,0.500234457426439,0.16981656937557077,163.0,0.10882054748225753,2.0,2635.0,0.05755649717514124,0.09653739917074224,0.057582260371959945,2796.0,0.9872881355932204,0.9877300613496932,34.0,0.20245398773006135,0.04294478527607362,0.1165644171779141,0.12883435582822086,161.0,blocked,True,future_acceleration_event,0.05,0.9424435028248588,0.5,0.2554955357429517,163.0,,163.0,0.0,0.05755649717514124,0.06440905857242693,,0.0,0.0,0.0,2669.0,0.1411042944785276,0.006134969325153374,0.04294478527607362,0.06748466257668712,0.0,0.8626412429378532,0.5901488804657887,0.2572368148138178,163.0,0.19126819126819125,117.0,272.0,0.05755649717514124,0.10751608796271321,0.14465408805031446,318.0,0.11228813559322035,0.2822085889570552,2397.0,0.25153374233128833,0.04294478527607362,0.13496932515337423,0.15950920245398773,46.0
0.782132768361582,0.5318476709484884,0.22685315299829048,630.0,0.14186369958275383,579.0,38.0,0.22245762711864406,0.32984873275696136,0.5730337078651685,89.0,0.031426553672316386,0.08095238095238096,2164.0,0.19206349206349208,0.03015873015873016,0.10317460317460317,0.3047619047619048,51.0,630,cortical_pca_64,1.5,2832,0,0.780367231638418,0.5312789239219757,0.24671270130983847,630.0,0.14325068870523414,578.0,44.0,0.22245762711864406,0.33501197711102565,0.5416666666666666,96.0,0.03389830508474576,0.08253968253968254,2158.0,0.18412698412698414,0.03015873015873016,0.1111111111111111,0.32222222222222224,52.0,0.7761299435028248,0.5330868042039705,0.23680222468735418,630.0,0.15915119363395225,570.0,64.0,0.22245762711864406,0.3457273332757679,0.4838709677419355,124.0,0.043785310734463276,0.09523809523809523,2138.0,0.1619047619047619,0.03650793650793651,0.10317460317460317,0.3380952380952381,60.0,0.01728749405119842,0.015878600518806518,0.015900504928718112,0.010715356164742229,0.003413488715919455,0.017370540832321757,0.0999818273703719,0.01856108572537557,0.7817796610169492,0.535020111586869,0.24362244381522163,630.0,0.1557377049180328,573.0,45.0,0.22245762711864406,0.3283567924434461,0.5588235294117647,102.0,0.036016949152542374,0.09047619047619047,2157.0,0.19047619047619047,0.026984126984126985,0.11428571428571428,0.30317460317460315,57.0,blocked,True,future_local_rank_event,0.05,0.3072033898305085,0.49783746377751825,0.22509203258630184,630.0,0.35076108537392453,100.0,1862.0,0.22245762711864406,0.24574550590539598,0.22157190635451504,2392.0,0.844632768361582,0.8412698412698413,340.0,0.12698412698412698,0.009523809523809525,0.06666666666666667,0.24444444444444444,530.0,0.4053672316384181,0.5615284806020501,0.23568099726681146,630.0,0.38674435542607427,99.0,1585.0,0.22245762711864406,0.3271662475503923,0.250945179584121,2116.0,0.7471751412429378,0.8428571428571429,617.0,0.16984126984126985,0.020634920634920634,0.09047619047619047,0.35555555555555557,531.0
0.2923728813559322,0.5583881578947368,0.16634127240254798,96.0,0.07479224376731303,15.0,1989.0,0.03389830508474576,0.06244023050068304,0.0391304347826087,2070.0,0.7309322033898306,0.84375,747.0,0.17708333333333334,0.07291666666666667,0.125,0.08333333333333333,81.0,96,cortical_pca_64,1.5,2832,0,0.3004943502824859,0.5676169590643274,0.1617585332251034,96.0,0.07645687645687646,14.0,1967.0,0.03389830508474576,0.06343826625420271,0.04001952171791118,2049.0,0.7235169491525424,0.8541666666666666,769.0,0.17708333333333334,0.0625,0.11458333333333333,0.10416666666666667,82.0,0.6588983050847458,0.6425438596491229,0.17724746343359613,96.0,0.11049723756906078,36.0,930.0,0.03389830508474576,0.11900819216348647,0.06060606060606061,990.0,0.3495762711864407,0.625,1806.0,0.28125,0.11458333333333333,0.22916666666666666,0.19791666666666666,60.0,0.035704993801747756,0.05656796166280343,0.03404036111218432,0.055569925909283766,0.03540566247748571,0.05916407476703023,0.07587020470410515,0.05326793419680913,0.2867231638418079,0.5604897660818713,0.1699765484588739,96.0,0.07509157509157507,14.0,2006.0,0.03389830508474576,0.059844117396456245,0.039272030651340994,2088.0,0.7372881355932204,0.8541666666666666,730.0,0.17708333333333334,0.052083333333333336,0.11458333333333333,0.08333333333333333,82.0,blocked,True,future_change_movement,0.075,0.9661016949152542,0.5,0.13852097066172384,96.0,,96.0,0.0,0.03389830508474576,0.04313798745938133,,0.0,0.0,0.0,2736.0,0.09375,0.020833333333333332,0.052083333333333336,0.041666666666666664,0.0,0.873587570621469,0.5777595029239766,0.18546501001839968,96.0,0.12254901960784315,71.0,287.0,0.03389830508474576,0.06574025796667735,0.08012820512820513,312.0,0.11016949152542373,0.2604166666666667,2449.0,0.21875,0.052083333333333336,0.15625,0.09375,25.0
0.37652232746955344,0.620847727292705,0.15939703208800374,39.0,0.035583464154892726,5.0,1838.0,0.013193504736129905,0.050399422729835025,0.018162393162393164,1872.0,0.6332882273342354,0.8717948717948718,1079.0,0.2564102564102564,0.1794871794871795,0.1794871794871795,0.1794871794871795,34.0,39,cortical_pca_64,1.5,2956,0,0.31326116373477675,0.6140924553677383,0.129933426723883,39.0,0.03425309229305423,3.0,2027.0,0.013193504736129905,0.04997034476401678,0.0174503150751333,2063.0,0.6979025710419485,0.9230769230769231,890.0,0.23076923076923078,0.15384615384615385,0.1794871794871795,0.1794871794871795,36.0,0.6001353179972937,0.721499960444081,0.15209781525701824,39.0,0.052884615384615384,6.0,1176.0,0.013193504736129905,0.09680078428178084,0.02729528535980149,1209.0,0.40899864682002707,0.8461538461538461,1741.0,0.41025641025641024,0.1794871794871795,0.38461538461538464,0.20512820512820512,33.0,0.01730115122972266,0.04640136155194581,0.01863152309156115,0.046830439517764055,0.01659859617436993,0.044858805338332954,0.08579511335594943,0.07060601387485375,0.38903924221921515,0.627189859620439,0.15989154421520485,39.0,0.036286019210245456,5.0,1801.0,0.013193504736129905,0.05194197894344788,0.018528610354223433,1835.0,0.6207713125845737,0.8717948717948718,1116.0,0.2564102564102564,0.1794871794871795,0.20512820512820512,0.1794871794871795,34.0,blocked,True,future_spike,0.075,0.9868064952638701,0.5,0.06628670565198853,39.0,,39.0,0.0,0.013193504736129905,0.011005670925831403,,0.0,0.0,0.0,2917.0,0.05128205128205128,0.0,0.05128205128205128,0.0,0.0,0.912043301759134,0.5886096534022485,0.08965753460123749,39.0,0.07142857142857142,29.0,231.0,0.013193504736129905,0.026194770406927078,0.04149377593360996,241.0,0.08152909336941813,0.2564102564102564,2686.0,0.3076923076923077,0.0,0.1794871794871795,0.0,10.0
0.05014124293785311,0.517921146953405,0.09013264443929916,42.0,0.030281182408074984,0.0,2690.0,0.014830508474576272,0.025864769865845873,0.015373352855051245,2732.0,0.9646892655367232,1.0,100.0,0.16666666666666666,0.023809523809523808,0.07142857142857142,0.023809523809523808,42.0,42,cortical_pca_64,1.5,2832,0,0.1359463276836158,0.5614695340501792,0.12913538247783693,42.0,0.033188463058079806,0.0,2447.0,0.014830508474576272,0.02644395539456905,0.01687424668541583,2489.0,0.8788841807909604,1.0,343.0,0.16666666666666666,0.023809523809523808,0.11904761904761904,0.047619047619047616,42.0,0.4332627118644068,0.6185611879160267,0.1712518327826022,42.0,0.04064554692169754,8.0,1597.0,0.014830508474576272,0.03974962217222491,0.020846106683016553,1631.0,0.5759180790960452,0.8095238095238095,1193.0,0.23809523809523808,0.09523809523809523,0.16666666666666666,0.09523809523809523,34.0,0.010364364513622559,0.01388485230637904,0.007457083863617736,0.013305666777655864,0.007532964140240586,0.013376807453826314,0.02364526305478365,0.010665127030077846,0.1751412429378531,0.557910906298003,0.14374748808305482,42.0,0.033112582781456956,2.0,2334.0,0.014830508474576272,0.0263728147183986,0.016849199663016005,2374.0,0.838276836158192,0.9523809523809523,456.0,0.16666666666666666,0.023809523809523808,0.07142857142857142,0.047619047619047616,40.0,blocked,True,future_slope_change,0.075,0.9851694915254238,0.5,0.09935548070476465,42.0,,42.0,0.0,0.014830508474576272,0.016104359117441264,,0.0,0.0,0.0,2790.0,0.11904761904761904,0.023809523809523808,0.07142857142857142,0.047619047619047616,0.0,0.9265536723163842,0.517153097798259,0.11513321952198459,42.0,0.037037037037037035,38.0,170.0,0.014830508474576272,0.029084495142147067,0.022988505747126436,174.0,0.0614406779661017,0.09523809523809523,2620.0,0.2857142857142857,0.047619047619047616,0.09523809523809523,0.047619047619047616,4.0
0.020127118644067795,0.49143165911897896,0.14857925315191325,56.0,0.03812824956672444,1.0,2774.0,0.01977401129943503,0.03144064483919563,0.019441498762813716,2829.0,0.9989406779661016,0.9821428571428571,2.0,0.14285714285714285,0.03571428571428571,0.08928571428571429,0.03571428571428571,55.0,56,cortical_pca_64,1.5,2832,0,0.03001412429378531,0.48772643062988885,0.16249573610914558,56.0,0.037828371278458846,2.0,2745.0,0.01977401129943503,0.031077994053023625,0.01929260450160772,2799.0,0.9883474576271186,0.9642857142857143,31.0,0.14285714285714285,0.017857142857142856,0.08928571428571429,0.03571428571428571,54.0,0.2708333333333333,0.5405773981062165,0.2413086780127805,56.0,0.042651831247102465,10.0,2055.0,0.01977401129943503,0.06848338579403354,0.021894336030461686,2101.0,0.7418785310734464,0.8214285714285714,721.0,0.23214285714285715,0.08928571428571429,0.125,0.08928571428571429,46.0,0.0045235816803780235,0.03704274095483791,0.004823459968643619,0.037405391741009916,0.003708854891052396,0.03723976946253172,0.045546618699292836,0.012750122487901486,0.02401129943502825,0.5021613832853026,0.14835032873316373,56.0,0.03894297635605007,0.0,2764.0,0.01977401129943503,0.03124361633150182,0.019858156028368795,2820.0,0.9957627118644068,1.0,12.0,0.16071428571428573,0.03571428571428571,0.08928571428571429,0.03571428571428571,56.0,blocked,True,future_acceleration_event,0.075,0.980225988700565,0.5,0.17533822968136137,56.0,,56.0,0.0,0.01977401129943503,0.022936767094740705,,0.0,0.0,0.0,2776.0,0.10714285714285714,0.017857142857142856,0.05357142857142857,0.05357142857142857,0.0,0.9378531073446328,0.5658707286949362,0.18723231499398701,56.0,0.10204081632653061,46.0,130.0,0.01977401129943503,0.055733263306132055,0.07142857142857142,140.0,0.04943502824858757,0.17857142857142858,2646.0,0.375,0.07142857142857142,0.17857142857142858,0.07142857142857142,10.0
0.6560734463276836,0.5079991103862406,0.2945914834655475,987.0,0.037549407114624504,968.0,6.0,0.3485169491525424,0.39211350087790187,0.76,25.0,0.00882768361581921,0.019250253292806486,1839.0,0.12360688956433637,0.022289766970618033,0.07396149949341439,0.36879432624113473,19.0,987,cortical_pca_64,1.5,2832,0,0.6564265536723164,0.5087412789021507,0.3055870401184526,987.0,0.04137931034482758,966.0,7.0,0.3485169491525424,0.3912943525950728,0.75,28.0,0.009887005649717515,0.02127659574468085,1838.0,0.1276595744680851,0.02127659574468085,0.07092198581560284,0.3708206686930091,21.0,0.6560734463276836,0.510119356512714,0.331578501619712,987.0,0.05436893203883495,959.0,15.0,0.3485169491525424,0.4102801222158603,0.6511627906976745,43.0,0.01518361581920904,0.028368794326241134,1830.0,0.13069908814589665,0.02127659574468085,0.07396149949341439,0.3941236068895643,28.0,0.016819524924210447,0.018166621337958433,0.012989621694007372,0.018985769620787518,0.020738862800457107,0.01752062095455781,0.0410089018958566,-0.03637720173126624,0.6550141242937854,0.5067149364502764,0.31304000246876,987.0,0.033630069238377844,970.0,7.0,0.3485169491525424,0.3927595012613025,0.7083333333333334,24.0,0.00847457627118644,0.017223910840932118,1838.0,0.12462006079027356,0.02127659574468085,0.07497467071935157,0.3698074974670719,17.0,blocked,True,future_local_rank_event,0.075,0.3502824858757062,0.4971145212971887,0.2901363531611328,987.0,0.512969825304394,18.0,1822.0,0.3485169491525424,0.3692712203200037,0.3471873880329631,2791.0,0.9855225988700564,0.9817629179331308,23.0,0.10840932117527863,0.011144883485309016,0.05268490374873354,0.37487335359675783,969.0,0.4495056497175141,0.5593668915412559,0.29805069556594965,987.0,0.538620893755549,77.0,1482.0,0.3485169491525424,0.44665732394712654,0.3804347826086957,2392.0,0.844632768361582,0.9219858156028369,363.0,0.14994934143870314,0.011144883485309016,0.06180344478216818,0.47619047619047616,910.0
0.11334745762711865,0.5388856937455069,0.10900602556882175,50.0,0.03756228440015332,1.0,2510.0,0.01765536723163842,0.030805360636353123,0.019148104728409537,2559.0,0.9036016949152542,0.98,272.0,0.16,0.06,0.08,0.06,49.0,50,cortical_pca_64,1.5,2832,0,0.11546610169491525,0.5399640546369519,0.11594588773148286,50.0,0.037648866692278134,1.0,2504.0,0.01765536723163842,0.03103167295456158,0.019193106149627888,2553.0,0.9014830508474576,0.98,278.0,0.16,0.04,0.08,0.06,49.0,0.5081214689265536,0.6219769949676492,0.1771587659764521,50.0,0.050443081117927745,13.0,1380.0,0.01765536723163842,0.04771957169955125,0.02611150317572336,1417.0,0.5003531073446328,0.74,1402.0,0.22,0.08,0.16,0.12,37.0,0.012880796717774423,0.01691421106319813,0.012794214425649611,0.016687898744989674,0.013447988630196521,0.017393712089436977,0.02998273643910844,0.00804636526979255,0.0992231638418079,0.5316966211358735,0.10400368566914846,50.0,0.036995092487731224,1.0,2550.0,0.01765536723163842,0.030325859610114275,0.018853405155829166,2599.0,0.917725988700565,0.98,232.0,0.16,0.06,0.08,0.06,49.0,blocked,True,future_change_movement,0.1,0.9823446327683616,0.5,0.11996446043587795,50.0,,50.0,0.0,0.01765536723163842,0.017736835260442813,,0.0,0.0,0.0,2782.0,0.08,0.02,0.06,0.06,0.0,0.9251412429378532,0.5396261682242991,0.1425670883966719,50.0,0.061946902654867256,43.0,169.0,0.01765536723163842,0.0396732064297587,0.03977272727272727,176.0,0.062146892655367235,0.14,2613.0,0.22,0.06,0.12,0.06,7.0
0.2215832205683356,0.5705082002453119,0.07765349636430949,27.0,0.021267545725223307,2.0,2299.0,0.009133964817320704,0.016577810150465336,0.010757314974182444,2324.0,0.7861975642760487,0.9259259259259259,630.0,0.18518518518518517,0.07407407407407407,0.1111111111111111,0.07407407407407407,25.0,27,cortical_pca_64,1.5,2956,0,0.2489851150202977,0.5843354450387568,0.08148386127723665,27.0,0.022026431718061675,2.0,2218.0,0.009133964817320704,0.01724514597994933,0.011145786892554615,2243.0,0.7587956698240866,0.9259259259259259,711.0,0.2222222222222222,0.07407407407407407,0.1111111111111111,0.07407407407407407,25.0,0.5192828146143437,0.6656866836108898,0.10316280440136567,27.0,0.030034129692832763,5.0,1416.0,0.009133964817320704,0.03744915431538786,0.015299026425591099,1438.0,0.486468200270636,0.8148148148148148,1513.0,0.25925925925925924,0.1111111111111111,0.25925925925925924,0.1111111111111111,22.0,0.008766583967609456,0.020871344164922524,0.008007697974771088,0.02020400833543853,0.009533924690782743,0.01926553785620528,0.029871124739947727,0.02609720440768481,0.1918132611637348,0.5554860083709521,0.07148608615547133,27.0,0.02050020500205002,2.0,2387.0,0.009133964817320704,0.01818361645918258,0.010364842454394693,2412.0,0.8159675236806495,0.9259259259259259,542.0,0.18518518518518517,0.07407407407407407,0.1111111111111111,0.07407407407407407,25.0,blocked,True,future_spike,0.1,0.9908660351826793,0.5,0.04011873948620835,27.0,,27.0,0.0,0.009133964817320704,0.007578029575440135,,0.0,0.0,0.0,2929.0,0.037037037037037035,0.0,0.037037037037037035,0.0,0.0,0.9499323410013532,0.4976922979654287,0.07329535886211366,27.0,0.013333333333333334,26.0,122.0,0.009133964817320704,0.011351949907703052,0.008130081300813009,123.0,0.04161028416779432,0.037037037037037035,2807.0,0.14814814814814814,0.0,0.037037037037037035,0.0,1.0
0.09639830508474577,0.5441752760954756,0.08757189243946735,25.0,0.019164430816404752,0.0,2559.0,0.00882768361581921,0.009643559121511842,0.009674922600619196,2584.0,0.9124293785310734,1.0,248.0,0.16,0.0,0.0,0.0,25.0,25,cortical_pca_64,1.5,2832,0,0.1451271186440678,0.5489348058425365,0.10259785108962607,25.0,0.019441069258809233,1.0,2420.0,0.00882768361581921,0.009768254004559534,0.009819967266775777,2444.0,0.8629943502824858,0.96,387.0,0.16,0.0,0.0,0.0,24.0,0.3629943502824859,0.5993729960812255,0.11175590445439737,25.0,0.02275189599133261,4.0,1800.0,0.00882768361581921,0.015267296095506443,0.011532125205930808,1821.0,0.6430084745762712,0.84,1007.0,0.2,0.04,0.16,0.04,21.0,0.0035874651749278584,0.005623736973994601,0.003310826732523378,0.005499042090946909,0.003551895991332609,0.005365917321577365,0.007231364297361088,-0.00030004989050071325,0.134180790960452,0.5434128963306021,0.09869558098586217,25.0,0.019200000000000002,1.0,2451.0,0.00882768361581921,0.009901378773929078,0.009696969696969697,2475.0,0.8739406779661016,0.96,356.0,0.16,0.0,0.08,0.0,24.0,blocked,True,future_slope_change,0.1,0.9911723163841808,0.5,0.056463532401683225,25.0,,25.0,0.0,0.00882768361581921,0.008035931798145355,,0.0,0.0,0.0,2807.0,0.08,0.0,0.04,0.0,0.0,0.963276836158192,0.5255717848236552,0.08798128100544159,25.0,0.037037037037037035,23.0,81.0,0.00882768361581921,0.015567345986007156,0.024096385542168676,83.0,0.029307909604519775,0.08,2726.0,0.24,0.08,0.08,0.08,2.0
0.10240112994350282,0.4824313897110479,0.1256121048015623,31.0,0.020801232665639446,4.0,2538.0,0.010946327683615819,0.015313538920608502,0.010526315789473684,2565.0,0.9057203389830508,0.8709677419354839,263.0,0.16129032258064516,0.0,0.0,0.0,27.0,31,cortical_pca_64,1.5,2832,0,0.13206214689265536,0.48147550989853855,0.14263333223953079,31.0,0.020717131474103586,5.0,2453.0,0.010946327683615819,0.015348644823493702,0.010488100040338847,2479.0,0.8753531073446328,0.8387096774193549,348.0,0.16129032258064516,0.0,0.03225806451612903,0.0,26.0,0.5024717514124294,0.6049279635153344,0.18789252303996645,31.0,0.03028217481073641,9.0,1400.0,0.010946327683615819,0.022538207364150294,0.015471167369901548,1422.0,0.5021186440677966,0.7096774193548387,1401.0,0.2903225806451613,0.0,0.12903225806451613,0.0,22.0,0.009480942145096965,0.007224668443541792,0.009565043336632825,0.0071895625406565924,0.009221016447026411,0.007413014365290252,0.0055219619815657685,0.006351661892022076,0.14653954802259886,0.48879432460757105,0.15329546781520448,31.0,0.02106115836371,5.0,2412.0,0.010946327683615819,0.015125192998860042,0.01066447908121411,2438.0,0.8608757062146892,0.8387096774193549,389.0,0.16129032258064516,0.0,0.0,0.0,26.0,blocked,True,future_acceleration_event,0.1,0.9890536723163842,0.5,0.14210960539937195,31.0,,31.0,0.0,0.010946327683615819,0.017016245382584526,,0.0,0.0,0.0,2801.0,0.1935483870967742,0.03225806451612903,0.16129032258064516,0.03225806451612903,0.0,0.9745762711864406,0.5086317098732019,0.16652402735604713,31.0,0.027027027027027025,30.0,42.0,0.010946327683615819,0.01618654547212822,0.023255813953488372,43.0,0.01518361581920904,0.03225806451612903,2759.0,0.12903225806451613,0.03225806451612903,0.06451612903225806,0.03225806451612903,1.0
0.5448446327683616,0.504405503113075,0.3682091859721304,1300.0,0.02126044039483675,1286.0,3.0,0.4590395480225989,0.4842260691099368,0.8235294117647058,17.0,0.006002824858757062,0.010769230769230769,1529.0,0.11461538461538462,0.016923076923076923,0.06384615384615384,0.45692307692307693,14.0,1300,cortical_pca_64,1.5,2832,0,0.5448446327683616,0.5046384816228159,0.36813077467820726,1300.0,0.027169811320754716,1282.0,7.0,0.4590395480225989,0.48363988418390286,0.72,25.0,0.00882768361581921,0.013846153846153847,1525.0,0.11461538461538462,0.015384615384615385,0.06230769230769231,0.4623076923076923,18.0,0.5444915254237288,0.504370355493071,0.3777798906059001,1300.0,0.028614457831325303,1281.0,9.0,0.4590395480225989,0.48909268378060444,0.6785714285714286,28.0,0.009887005649717515,0.014615384615384615,1523.0,0.12,0.015384615384615385,0.06076923076923077,0.4653846153846154,19.0,0.0073540174364885545,0.004866614670667624,0.0014446465105705866,0.005452799596701585,0.002895849661885063,0.006111893805619273,0.011142837214677292,-0.061012990650752164,0.5451977401129944,0.5049066077525607,0.3819149013961939,1300.0,0.02571860816944024,1283.0,5.0,0.4590395480225989,0.48298078997498517,0.7727272727272727,22.0,0.007768361581920904,0.013076923076923076,1527.0,0.1123076923076923,0.016923076923076923,0.06230769230769231,0.46307692307692305,17.0,blocked,True,future_local_rank_event,0.1,0.4608050847457627,0.5005834504920667,0.4088427192348904,1300.0,0.626741627963823,18.0,1509.0,0.4590395480225989,0.47794984656592715,0.4593335721963454,2791.0,0.9855225988700564,0.9861538461538462,23.0,0.11,0.01,0.05307692307692308,0.4753846153846154,1282.0,0.5240112994350282,0.5551014259891545,0.39049450200882563,1300.0,0.6431974589730015,85.0,1263.0,0.4590395480225989,0.5501056744313566,0.49031476997578693,2478.0,0.875,0.9346153846153846,269.0,0.13846153846153847,0.007692307692307693,0.05692307692307692,0.563076923076923,1215.0
0.6839689265536724,0.5086125179737514,0.2747425126530283,908.0,0.03866809881847476,890.0,5.0,0.3206214689265537,0.36253400531346447,0.782608695652174,23.0,0.008121468926553672,0.019823788546255508,1919.0,0.12665198237885464,0.024229074889867842,0.07378854625550661,0.3447136563876652,18.0,908,cortical_pca_64,2,2832,0,0.6836158192090396,0.5080618571807999,0.28469658331302317,908.0,0.03655913978494624,891.0,5.0,0.3206214689265537,0.3602259136069352,0.7727272727272727,22.0,0.007768361581920904,0.018722466960352423,1919.0,0.1277533039647577,0.022026431718061675,0.07599118942731277,0.34691629955947134,17.0,0.6839689265536724,0.5123927299037432,0.28891925442039984,908.0,0.06478578892371996,877.0,18.0,0.3206214689265537,0.38183561043368086,0.6326530612244898,49.0,0.01730225988700565,0.034140969162995596,1906.0,0.1343612334801762,0.023127753303964757,0.07709251101321586,0.368942731277533,31.0,0.0261176901052452,0.019301605120216392,0.02822664913877372,0.021609696826745683,0.03249300097969412,0.019048048799916895,0.05782548899361095,-0.04449178393415043,0.6825564971751412,0.5067006603350216,0.30643136454785647,908.0,0.03229278794402584,893.0,6.0,0.3206214689265537,0.36278756163376397,0.7142857142857143,21.0,0.007415254237288136,0.016519823788546256,1918.0,0.12665198237885464,0.023127753303964757,0.07599118942731277,0.34140969162995594,15.0,blocked,True,future_change_movement,0.03,0.321680790960452,0.49903491258116806,0.2641641979091652,908.0,0.4842953020134228,6.0,1915.0,0.3206214689265537,0.3240101214400699,0.3201987930422435,2817.0,0.9947033898305084,0.9933920704845814,9.0,0.09911894273127753,0.00881057268722467,0.05837004405286344,0.33259911894273125,902.0,0.4314971751412429,0.5493236374293643,0.27663180800938275,908.0,0.49750312109862665,111.0,1499.0,0.3206214689265537,0.4263273943678313,0.3471254355400697,2296.0,0.8107344632768362,0.8777533039647577,425.0,0.15418502202643172,0.016519823788546256,0.07929515418502203,0.43612334801762115,797.0
0.34269282814614344,0.5566167054892253,0.19914200219854664,501.0,0.312212389380531,60.0,1883.0,0.16948579161028418,0.327795797034818,0.1897590361445783,2324.0,0.7861975642760487,0.8802395209580839,572.0,0.26147704590818366,0.03592814371257485,0.1536926147704591,0.36127744510978044,441.0,501,cortical_pca_64,2,2956,0,0.4539918809201624,0.5807285632401186,0.21884052030267792,501.0,0.32412060301507534,114.0,1500.0,0.16948579161028418,0.326015291130056,0.20508744038155802,1887.0,0.6383626522327469,0.7724550898203593,955.0,0.249500998003992,0.03592814371257485,0.15568862275449102,0.36127744510978044,387.0,0.4861299052774019,0.6119919021427613,0.2463278017720127,501.0,0.3461041756349548,99.0,1420.0,0.16948579161028418,0.3479411965426604,0.22063666300768386,1822.0,0.6163734776725305,0.8023952095808383,1035.0,0.28542914171656686,0.03792415169660679,0.15169660678642716,0.36726546906187624,402.0,0.03389178625442385,0.020145399507842443,0.021983572619879488,0.02192590541260442,0.03104065476381146,0.03567063285143879,0.17124636312501862,0.15395512675654482,0.36163734776725304,0.562461634775256,0.21405084076136346,501.0,0.31506352087114337,67.0,1820.0,0.16948579161028418,0.31227056369122164,0.19254658385093168,2254.0,0.7625169147496617,0.8662674650698603,635.0,0.2554890219560878,0.031936127744510975,0.16167664670658682,0.3473053892215569,434.0,blocked,True,future_spike,0.03,0.44756427604871446,0.48630437698940204,0.1526947124535537,501.0,0.2505736576411198,228.0,1405.0,0.16948579161028418,0.1766948334176418,0.1626936829558999,1678.0,0.56765899864682,0.5449101796407185,1050.0,0.10978043912175649,0.017964071856287425,0.059880239520958084,0.17165668662674652,273.0,0.5476995940460081,0.5688309734909001,0.22900330768801083,501.0,0.3104693140794224,200.0,1137.0,0.16948579161028418,0.1939860697861156,0.20931849791376914,1438.0,0.486468200270636,0.6007984031936128,1318.0,0.10578842315369262,0.02594810379241517,0.059880239520958084,0.17365269461077845,301.0
0.7055084745762712,0.6215203461465841,0.20192289271213695,299.0,0.26970227670753066,145.0,689.0,0.10557909604519775,0.2388112583303576,0.1826809015421115,843.0,0.2976694915254237,0.5150501672240803,1844.0,0.25752508361204013,0.06020066889632107,0.1806020066889632,0.27759197324414714,154.0,299,cortical_pca_64,2,2832,0,0.6574858757062146,0.6330207151882773,0.1551805717231294,299.0,0.27067669172932335,119.0,851.0,0.10557909604519775,0.23627748530355258,0.17458777885548013,1031.0,0.3640536723163842,0.6020066889632107,1682.0,0.26755852842809363,0.06020066889632107,0.17391304347826086,0.2709030100334448,180.0,0.8707627118644068,0.5678911280792536,0.21963018369141205,299.0,0.23109243697478993,244.0,122.0,0.10557909604519775,0.24516233473151122,0.3107344632768362,177.0,0.0625,0.18394648829431437,2411.0,0.25752508361204013,0.06020066889632107,0.1605351170568562,0.2608695652173913,55.0,-0.038609839732740736,0.006351076401153621,-0.03958425475453342,0.008884849427958641,-0.036662665066026334,0.00829354661326337,0.1174519414853468,0.06676596593828948,0.6832627118644068,0.6238329634113977,0.19468012388101014,299.0,0.26775510204081626,135.0,762.0,0.10557909604519775,0.23686878811824785,0.1771058315334773,926.0,0.3269774011299435,0.5484949832775919,1771.0,0.2508361204013378,0.06020066889632107,0.16387959866220736,0.26421404682274247,164.0,blocked,True,future_slope_change,0.03,0.4611581920903955,0.5040964288119234,0.12117412139898803,299.0,0.1795698924731183,132.0,1394.0,0.10557909604519775,0.12771039324616443,0.10698270339525945,1561.0,0.5512005649717514,0.5585284280936454,1139.0,0.09698996655518395,0.033444816053511704,0.06688963210702341,0.10367892976588629,167.0,0.6038135593220338,0.5867934568049571,0.2254467751689464,299.0,0.23150684931506846,130.0,992.0,0.10557909604519775,0.17839636879322174,0.14556416881998277,1161.0,0.4099576271186441,0.5652173913043478,1541.0,0.2140468227424749,0.03678929765886288,0.13043478260869565,0.22073578595317725,169.0
0.24858757062146894,0.5066514481665528,0.25293291087045405,641.0,0.37078651685393255,14.0,2114.0,0.2263418079096045,0.32543844877348477,0.22874863188617292,2741.0,0.967867231638418,0.9781591263650546,77.0,0.17784711388455537,0.0374414976599064,0.11076443057722309,0.2995319812792512,627.0,641,cortical_pca_64,2,2832,0,0.2514124293785311,0.5101325732627662,0.2308942247789894,641.0,0.3727810650887574,11.0,2109.0,0.2263418079096045,0.32558765221702257,0.23001095290251916,2739.0,0.9671610169491526,0.982839313572543,82.0,0.18252730109204368,0.0343213728549142,0.11232449297971919,0.2948517940717629,630.0,0.361228813559322,0.5490988877346057,0.240857580790506,641.0,0.3874026413816458,69.0,1740.0,0.2263418079096045,0.39537195468874287,0.24740484429065743,2312.0,0.8163841807909604,0.8923556942277691,451.0,0.21684867394695787,0.0374414976599064,0.1435257410296412,0.36505460218408736,572.0,0.016616124527713272,0.0699335059152581,0.014621576292888405,0.0697843024717203,0.019272370954195983,0.07283661563528321,0.1490582977096209,0.03904329879397461,0.23269774011299435,0.49969311415085543,0.24042506227524663,641.0,0.36813027042744983,8.0,2165.0,0.2263418079096045,0.32253533905345966,0.22623302358827735,2798.0,0.9879943502824858,0.9875195007800313,26.0,0.17628705148205928,0.0374414976599064,0.10764430577223089,0.29797191887675506,633.0,blocked,True,future_acceleration_event,0.03,0.22810734463276836,0.4967264322704355,0.20177605504565055,641.0,0.36674391657010424,8.0,2178.0,0.2263418079096045,0.24631365697912197,0.22518676627534684,2811.0,0.9925847457627118,0.9875195007800313,13.0,0.12168486739469579,0.015600624024960999,0.062402496099843996,0.24648985959438377,633.0,0.634180790960452,0.6118264265029751,0.2865885908062341,641.0,0.4140271493212669,275.0,761.0,0.2263418079096045,0.35632865589476825,0.32475598935226263,1127.0,0.3979519774011299,0.5709828393135725,1430.0,0.1918876755070203,0.0265210608424337,0.10764430577223089,0.37285491419656785,366.0
0.7853107344632768,0.6223457006875672,0.1661087869258208,338.0,0.31221719457013575,200.0,408.0,0.1193502824858757,0.2844328778483627,0.25274725274725274,546.0,0.19279661016949154,0.40828402366863903,2086.0,0.27514792899408286,0.05621301775147929,0.1834319526627219,0.29289940828402367,138.0,338,cortical_pca_64,2,2832,0,0.8181497175141242,0.594953331783262,0.187974792483276,338.0,0.28372739916550765,236.0,279.0,0.1193502824858757,0.27707748622517436,0.2677165354330709,381.0,0.13453389830508475,0.30177514792899407,2215.0,0.26627218934911245,0.05621301775147929,0.1893491124260355,0.2869822485207101,102.0,0.8531073446327684,0.584109555240269,0.17639546748880797,338.0,0.27272727272727276,260.0,156.0,0.1193502824858757,0.2764913467720679,0.3333333333333333,234.0,0.0826271186440678,0.23076923076923078,2338.0,0.257396449704142,0.05917159763313609,0.15976331360946747,0.2958579881656805,78.0,-0.039489921842862985,-0.007941531076294805,-0.011000126438234892,-0.0005861394531064823,-0.04255551908981503,0.006903401937056519,0.1349612386666438,0.07554255048806524,0.7990819209039548,0.6212128042212552,0.18805380979120356,338.0,0.3152827918170878,207.0,362.0,0.1193502824858757,0.26958794483501136,0.2657200811359026,493.0,0.1740819209039548,0.3875739644970414,2132.0,0.2603550295857988,0.05621301775147929,0.17159763313609466,0.29289940828402367,131.0,blocked,False,future_local_rank_event,0.03,0.4982344632768362,0.51690091723094,0.13414008163885802,338.0,0.2048125349748181,155.0,1266.0,0.1193502824858757,0.14153010810542407,0.12629399585921325,1449.0,0.5116525423728814,0.5414201183431953,1228.0,0.10355029585798817,0.029585798816568046,0.06804733727810651,0.11538461538461539,183.0,0.599223163841808,0.5857478065700877,0.22993561876686874,338.0,0.2527978933508887,146.0,989.0,0.1193502824858757,0.20094879628400264,0.16257408975444537,1181.0,0.4170197740112994,0.5680473372781065,1505.0,0.21893491124260356,0.026627218934911243,0.13609467455621302,0.23668639053254437,192.0
0.85204802259887,0.5559188608194117,0.18721487936529152,411.0,0.21388367729831143,354.0,65.0,0.1451271186440678,0.30491959916242684,0.4672131147540984,122.0,0.04307909604519774,0.1386861313868613,2356.0,0.26034063260340634,0.046228710462287104,0.15571776155717762,0.32116788321167883,57.0,411,cortical_pca_64,2,2832,0,0.8485169491525424,0.5578936736644385,0.20668888457040197,411.0,0.22141560798548093,350.0,79.0,0.1451271186440678,0.31453391848236034,0.4357142857142857,140.0,0.04943502824858757,0.14841849148418493,2342.0,0.25547445255474455,0.046228710462287104,0.15085158150851583,0.3357664233576642,61.0,0.85204802259887,0.5518787856860741,0.19604017050572534,411.0,0.2019047619047619,358.0,61.0,0.1451271186440678,0.2996178670196979,0.4649122807017544,114.0,0.04025423728813559,0.12895377128953772,2360.0,0.2116788321167883,0.051094890510948905,0.1435523114355231,0.2846715328467153,53.0,-0.011978915393549533,-0.005301732142728943,-0.01951084608071904,-0.01491605146266245,-0.027186147186147203,0.0019228750540870587,0.12252359961527315,0.06988242511942766,0.8502824858757062,0.5609463423752626,0.20164689783073772,411.0,0.2290909090909091,348.0,76.0,0.1451271186440678,0.29769499196561083,0.45323741007194246,139.0,0.0490819209039548,0.15328467153284672,2345.0,0.23357664233576642,0.04866180048661801,0.15571776155717762,0.31386861313868614,63.0,blocked,False,future_change_movement,0.05,0.4731638418079096,0.5292498424672196,0.16834185119471615,411.0,0.25100401606425704,161.0,1331.0,0.1451271186440678,0.17709426740442474,0.15812776723592664,1581.0,0.5582627118644068,0.6082725060827251,1090.0,0.1070559610705596,0.029197080291970802,0.07785888077858881,0.170316301703163,250.0,0.4915254237288136,0.5541294693331162,0.22641927824240687,411.0,0.2682926829268293,147.0,1293.0,0.1451271186440678,0.22973544190027023,0.16955684007707128,1557.0,0.5497881355932204,0.6423357664233577,1128.0,0.1897810218978102,0.024330900243309004,0.12895377128953772,0.2798053527980535,264.0
0.09912043301759134,0.5066083000997009,0.13746459966935135,236.0,0.14947301181731076,2.0,2661.0,0.07983761840324763,0.16545849849400124,0.08082901554404145,2895.0,0.9793640054127198,0.9915254237288136,59.0,0.22033898305084745,0.05508474576271186,0.16101694915254236,0.1906779661016949,234.0,236,cortical_pca_64,2,2956,0,0.13937753721244925,0.5246136590229312,0.17831689190877203,236.0,0.1542553191489362,4.0,2540.0,0.07983761840324763,0.15694382672173032,0.0836940836940837,2772.0,0.9377537212449256,0.9830508474576272,180.0,0.19491525423728814,0.05508474576271186,0.15254237288135594,0.17372881355932204,232.0,0.36535859269282817,0.5912979810568295,0.23216247533170253,236.0,0.17791411042944782,33.0,1843.0,0.07983761840324763,0.22444056415259858,0.0992179863147605,2046.0,0.6921515561569689,0.8601694915254238,877.0,0.2838983050847458,0.07627118644067797,0.211864406779661,0.2542372881355932,203.0,0.02844109861213706,0.058982065658597344,0.023658791280511626,0.06749673743086826,0.02578296288846421,0.05657036755270581,0.14153116947925226,0.12564757303451357,0.12516914749661706,0.5168930707876371,0.14764534998749546,236.0,0.1521311475409836,4.0,2582.0,0.07983761840324763,0.16787019659989277,0.0824449182658138,2814.0,0.9519621109607578,0.9830508474576272,138.0,0.24152542372881355,0.059322033898305086,0.1652542372881356,0.2033898305084746,232.0,blocked,True,future_spike,0.05,0.8521650879566982,0.5230309072781655,0.11469128028679952,236.0,0.12424849699398799,205.0,232.0,0.07983761840324763,0.08290939467334632,0.11787072243346007,263.0,0.08897158322056833,0.13135593220338984,2488.0,0.13983050847457626,0.00423728813559322,0.05508474576271186,0.1271186440677966,31.0,0.7415426251691475,0.5074214855433699,0.19775857200578784,236.0,0.1238532110091743,182.0,582.0,0.07983761840324763,0.09879299111808502,0.08490566037735849,636.0,0.21515561569688768,0.2288135593220339,2138.0,0.1016949152542373,0.029661016949152543,0.05084745762711865,0.09322033898305085,54.0
0.23481638418079095,0.5607625149174047,0.17957182652952927,87.0,0.06795698924731182,8.0,2159.0,0.03072033898305085,0.04485016842689003,0.035299374441465595,2238.0,0.7902542372881356,0.9080459770114943,586.0,0.11494252873563218,0.04597701149425287,0.05747126436781609,0.04597701149425287,79.0,87,cortical_pca_64,2,2832,0,0.1754943502824859,0.5524213303184473,0.1329260392588344,87.0,0.06637345061975211,4.0,2331.0,0.03072033898305085,0.04401800960688504,0.0343827671913836,2414.0,0.8524011299435028,0.9540229885057471,414.0,0.12643678160919541,0.04597701149425287,0.06896551724137931,0.04597701149425287,83.0,0.3488700564971751,0.5583820111802023,0.15267888876432156,87.0,0.06868686868686869,19.0,1825.0,0.03072033898305085,0.06485678056779848,0.03592181722134179,1893.0,0.6684322033898306,0.7816091954022989,920.0,0.2413793103448276,0.04597701149425287,0.13793103448275862,0.10344827586206896,68.0,0.0007298794395568658,0.020006612140908445,0.002313418067116574,0.02083877096091344,0.002542395231690267,0.018867367048736948,0.032721148899296226,0.003586851481292855,0.2422316384180791,0.5478927203065134,0.18001940807563943,87.0,0.06614447345517842,11.0,2135.0,0.03072033898305085,0.04598941351906153,0.034373586612392586,2211.0,0.7807203389830508,0.8735632183908046,610.0,0.13793103448275862,0.04597701149425287,0.06896551724137931,0.05747126436781609,76.0,blocked,True,future_slope_change,0.05,0.9692796610169492,0.5,0.11657071989139726,87.0,,87.0,0.0,0.03072033898305085,0.03213563166850225,,0.0,0.0,0.0,2745.0,0.12643678160919541,0.011494252873563218,0.06896551724137931,0.034482758620689655,0.0,0.7983757062146892,0.6121788832359777,0.15001293882709568,87.0,0.11197511664074651,51.0,520.0,0.03072033898305085,0.06126992908650562,0.06474820143884892,556.0,0.1963276836158192,0.41379310344827586,2225.0,0.20689655172413793,0.05747126436781609,0.14942528735632185,0.12643678160919541,36.0
0.09463276836158192,0.4925034461148046,0.21133693588601038,251.0,0.16044531761624098,6.0,2558.0,0.08862994350282485,0.14140640844884544,0.08740635033892258,2803.0,0.9897598870056498,0.9760956175298805,23.0,0.18725099601593626,0.04780876494023904,0.11952191235059761,0.18326693227091634,245.0,251,cortical_pca_64,2,2832,0,0.09781073446327683,0.4942469563821429,0.21464692137586433,251.0,0.16091954022988506,6.0,2549.0,0.08862994350282485,0.13798868190958657,0.08768790264853257,2794.0,0.9865819209039548,0.9760956175298805,32.0,0.18725099601593626,0.04780876494023904,0.12749003984063745,0.17928286852589642,245.0,0.2725988700564972,0.5271992232542129,0.2686101523000938,251.0,0.1693548387096774,41.0,2019.0,0.08862994350282485,0.1832062796995079,0.09421265141318977,2229.0,0.7870762711864406,0.8366533864541833,562.0,0.24701195219123506,0.055776892430278883,0.14342629482071714,0.24302788844621515,210.0,0.008909521093436429,0.04179987125066245,0.008435298479792352,0.04521759778992132,0.008728002274809604,0.04580575191750344,0.07484930478348739,0.01324211850127488,0.09216101694915255,0.49294569108301395,0.18913206552384446,251.0,0.1606268364348678,5.0,2566.0,0.08862994350282485,0.13740052778200446,0.08748221906116643,2812.0,0.9929378531073446,0.9800796812749004,15.0,0.1952191235059761,0.04780876494023904,0.11155378486055777,0.18326693227091634,246.0,blocked,True,future_acceleration_event,0.05,0.9113700564971752,0.5,0.2753639169620884,251.0,,251.0,0.0,0.08862994350282485,0.1083569749160205,,0.0,0.0,0.0,2581.0,0.1553784860557769,0.01593625498007968,0.06772908366533864,0.1394422310756972,0.0,0.7722457627118644,0.6088987714388475,0.25311350865495885,251.0,0.24206815511163338,148.0,497.0,0.08862994350282485,0.16996416119823302,0.17166666666666666,600.0,0.211864406779661,0.4103585657370518,2084.0,0.2788844621513944,0.043824701195219126,0.12749003984063745,0.23107569721115537,103.0
0.7708333333333334,0.5155916967843573,0.22314671101230077,654.0,0.07681365576102418,627.0,22.0,0.2309322033898305,0.3006591768824798,0.5510204081632653,49.0,0.01730225988700565,0.04128440366972477,2156.0,0.16819571865443425,0.02599388379204893,0.09174311926605505,0.28287461773700306,27.0,654,cortical_pca_64,2,2832,0,0.7725988700564972,0.5156696236762959,0.24957257357235726,654.0,0.07204610951008646,629.0,15.0,0.2309322033898305,0.2914816332056197,0.625,40.0,0.014124293785310734,0.0382262996941896,2163.0,0.14831804281345565,0.02599388379204893,0.09021406727828746,0.26605504587155965,25.0,0.7736581920903954,0.536151759462852,0.2206529258516805,654.0,0.16209150326797386,592.0,49.0,0.2309322033898305,0.33074392707005296,0.5585585585585585,111.0,0.03919491525423729,0.09480122324159021,2129.0,0.16055045871559634,0.027522935779816515,0.11009174311926606,0.3165137614678899,62.0,0.08527784750694968,0.030084750187573173,0.09004539375788741,0.03926229386443325,0.09561751482866751,0.027577986108944463,0.08484635663608908,-0.0010846936372741478,0.7718926553672316,0.5141405716885283,0.25894089398012604,654.0,0.06647398843930635,631.0,15.0,0.2309322033898305,0.3031659409611085,0.6052631578947368,38.0,0.013418079096045197,0.035168195718654434,2163.0,0.172782874617737,0.0290519877675841,0.09480122324159021,0.290519877675841,23.0,blocked,True,future_local_rank_event,0.05,0.259180790960452,0.4900127210385759,0.22004892456896785,654.0,0.36424242424242426,53.0,2045.0,0.2309322033898305,0.24589757043396387,0.22713529856387,2646.0,0.934322033898305,0.918960244648318,133.0,0.10091743119266056,0.012232415902140673,0.05045871559633028,0.25382262996941896,601.0,0.4318502824858757,0.5771286678292517,0.2331329276175887,654.0,0.40780272359219727,100.0,1509.0,0.2309322033898305,0.3318286207073271,0.2685409597673291,2063.0,0.7284604519774012,0.8470948012232415,669.0,0.16819571865443425,0.027522935779816515,0.09480122324159021,0.3440366972477064,554.0
0.4579802259887006,0.5837229763700351,0.1787917058232433,180.0,0.1457985531441291,49.0,1486.0,0.0635593220338983,0.14496151716898592,0.08101422387136673,1617.0,0.5709745762711864,0.7277777777777777,1166.0,0.22777777777777777,0.06666666666666667,0.17777777777777778,0.19444444444444445,131.0,180,cortical_pca_64,2,2832,0,0.4749293785310734,0.5875942684766214,0.18387955138076714,180.0,0.1478510028653295,51.0,1436.0,0.0635593220338983,0.1394825644082023,0.08242811501597444,1565.0,0.5526129943502824,0.7166666666666667,1216.0,0.2388888888888889,0.07222222222222222,0.16666666666666666,0.18888888888888888,129.0,0.8107344632768362,0.6141277023629965,0.1711179153125747,180.0,0.20710059171597633,110.0,426.0,0.0635593220338983,0.1884298808225779,0.14112903225806453,496.0,0.1751412429378531,0.3888888888888889,2226.0,0.2777777777777778,0.09444444444444444,0.18333333333333332,0.2111111111111111,70.0,0.06130203857184724,0.04346836365359197,0.05924958885064682,0.04894731641437558,0.06936744967867361,0.04823768303980083,0.10792438667782661,0.0774376648376558,0.3633474576271186,0.5668552036199095,0.15966208256180706,180.0,0.13773314203730272,36.0,1767.0,0.0635593220338983,0.14019219778277706,0.07535321821036106,1911.0,0.6747881355932204,0.8,885.0,0.2388888888888889,0.07222222222222222,0.15555555555555556,0.17222222222222222,144.0,blocked,True,future_change_movement,0.075,0.9364406779661016,0.5,0.1487386513778077,180.0,,180.0,0.0,0.0635593220338983,0.08050549414475128,,0.0,0.0,0.0,2652.0,0.1,0.027777777777777776,0.06111111111111111,0.06666666666666667,0.0,0.640183615819209,0.5722599296128708,0.16807671940492105,180.0,0.14870509607351715,91.0,928.0,0.0635593220338983,0.1109922159849221,0.08751229105211406,1017.0,0.3591101694915254,0.49444444444444446,1724.0,0.2111111111111111,0.044444444444444446,0.1388888888888889,0.14444444444444443,89.0
0.16779431664411368,0.5381684404151885,0.15417174911091117,118.0,0.08277404921700225,7.0,2453.0,0.039918809201623814,0.09324317595166784,0.043291731669266774,2564.0,0.8673883626522327,0.940677966101695,385.0,0.22033898305084745,0.06779661016949153,0.1440677966101695,0.1440677966101695,111.0,118,cortical_pca_64,2,2956,0,0.2124492557510149,0.5492409311881129,0.1754554299867838,118.0,0.08490566037735849,10.0,2318.0,0.039918809201623814,0.08509242186293065,0.04451772464962902,2426.0,0.8207036535859269,0.9152542372881356,520.0,0.2033898305084746,0.06779661016949153,0.1271186440677966,0.1271186440677966,108.0,0.35757780784844384,0.5801501415415488,0.17946338337331694,118.0,0.0926899187768753,21.0,1878.0,0.039918809201623814,0.14505113240491369,0.04911392405063291,1975.0,0.6681326116373477,0.8220338983050848,960.0,0.3135593220338983,0.09322033898305085,0.2288135593220339,0.2288135593220339,97.0,0.009915869559873045,0.051807956453245846,0.007784258399516811,0.05995871054198304,0.009784562944153363,0.048184668707144204,0.10737542033232174,0.08465274947176223,0.15426251691474965,0.5392434395193559,0.15952563548397075,118.0,0.08290535583272193,5.0,2495.0,0.039918809201623814,0.09686646369776948,0.043328220858895705,2608.0,0.8822733423545331,0.9576271186440678,343.0,0.22033898305084745,0.07627118644067797,0.1694915254237288,0.16101694915254236,113.0,blocked,True,future_spike,0.075,0.9556833558863329,0.4977096546863989,0.07569929478042298,118.0,,118.0,13.0,0.039918809201623814,0.037675712072591946,0.0,13.0,0.004397834912043302,0.0,2825.0,0.13559322033898305,0.0,0.03389830508474576,0.00847457627118644,0.0,0.7043301759133965,0.6023518591512285,0.10979242320075092,118.0,0.11717171717171718,60.0,814.0,0.039918809201623814,0.06039838293315146,0.06651376146788991,872.0,0.29499323410013534,0.4915254237288136,2024.0,0.1694915254237288,0.00847457627118644,0.11864406779661017,0.11016949152542373,58.0
0.24293785310734464,0.5842313218390804,0.12066151359097221,48.0,0.04028648164726948,3.0,2141.0,0.01694915254237288,0.03260117657817535,0.02058554437328454,2186.0,0.7718926553672316,0.9375,643.0,0.16666666666666666,0.0625,0.08333333333333333,0.0625,45.0,48,cortical_pca_64,2,2832,0,0.2782485875706215,0.5817169540229885,0.1369534056673898,48.0,0.04037558685446009,5.0,2039.0,0.01694915254237288,0.03179635332459305,0.020653218059558116,2082.0,0.7351694915254238,0.8958333333333334,745.0,0.1875,0.0625,0.10416666666666667,0.0625,43.0,0.5300141242937854,0.6688218390804598,0.13540630289854494,48.0,0.05535841022001419,9.0,1322.0,0.01694915254237288,0.07154872192012271,0.028655400440852314,1361.0,0.4805790960451977,0.8125,1462.0,0.2708333333333333,0.08333333333333333,0.22916666666666666,0.125,39.0,0.015071928572744711,0.03894754534194736,0.0149828233655541,0.03975236859552966,0.014560184055934365,0.03990252160945121,0.0542771783633401,0.040152307356680905,0.23622881355932204,0.5910560344827587,0.12182240405372982,48.0,0.040798226164079826,2.0,2161.0,0.01694915254237288,0.0316462003106715,0.02084277299501586,2207.0,0.7793079096045198,0.9583333333333334,623.0,0.16666666666666666,0.020833333333333332,0.14583333333333334,0.0625,46.0,blocked,True,future_slope_change,0.075,0.9830508474576272,0.5,0.06208452513384719,48.0,,48.0,0.0,0.01694915254237288,0.017271543556782606,,0.0,0.0,0.0,2784.0,0.14583333333333334,0.020833333333333332,0.08333333333333333,0.020833333333333332,0.0,0.943502824858757,0.5105962643678161,0.1101070046223625,48.0,0.03614457831325301,45.0,115.0,0.01694915254237288,0.031396414563441805,0.025423728813559324,118.0,0.041666666666666664,0.0625,2669.0,0.2708333333333333,0.041666666666666664,0.0625,0.041666666666666664,3.0
0.038135593220338986,0.4980276659279801,0.15146028316173302,89.0,0.060689655172413794,1.0,2723.0,0.031426553672316386,0.06688901658495933,0.031305585200996085,2811.0,0.9925847457627118,0.9887640449438202,20.0,0.2247191011235955,0.0449438202247191,0.12359550561797752,0.10112359550561797,88.0,89,cortical_pca_64,2,2832,0,0.06426553672316385,0.48433806993900713,0.1825601589197356,89.0,0.05894886363636364,6.0,2644.0,0.031426553672316386,0.06640319531476066,0.030436376971030438,2727.0,0.9629237288135594,0.9325842696629213,99.0,0.21348314606741572,0.0449438202247191,0.12359550561797752,0.10112359550561797,83.0,0.2401129943502825,0.5479361152187181,0.20070940795416267,89.0,0.06759098786828423,11.0,2141.0,0.031426553672316386,0.13562149558827227,0.03515096890491212,2219.0,0.783545197740113,0.8764044943820225,602.0,0.30337078651685395,0.11235955056179775,0.21348314606741572,0.1797752808988764,78.0,0.006901332695870434,0.06873247900331295,0.008642124231920588,0.06921830027351161,0.0063594777203654085,0.07156071919537224,0.0986851682263388,0.03538901113615575,0.03637005649717514,0.502551950419249,0.1564061989474629,89.0,0.06123151014791882,0.0,2729.0,0.031426553672316386,0.06406077639290003,0.03158268275372605,2818.0,0.9950564971751412,1.0,14.0,0.21348314606741572,0.0449438202247191,0.12359550561797752,0.0898876404494382,89.0,blocked,True,future_acceleration_event,0.075,0.9685734463276836,0.5,0.23011334453303178,89.0,,89.0,0.0,0.031426553672316386,0.036936327361933474,,0.0,0.0,0.0,2743.0,0.10112359550561797,0.02247191011235955,0.0898876404494382,0.0449438202247191,0.0,0.9106638418079096,0.6059981075423857,0.20313887701540959,89.0,0.16501650165016502,64.0,189.0,0.031426553672316386,0.10023248445211652,0.11682242990654206,214.0,0.07556497175141243,0.2808988764044944,2554.0,0.30337078651685395,0.07865168539325842,0.2247191011235955,0.1348314606741573,25.0
0.6430084745762712,0.5074625777801773,0.2859522447314011,1025.0,0.03253588516746411,1008.0,3.0,0.3619350282485876,0.392611201994767,0.85,20.0,0.007062146892655367,0.016585365853658537,1804.0,0.11414634146341464,0.0224390243902439,0.06439024390243903,0.36585365853658536,17.0,1025,cortical_pca_64,2,2832,0,0.6437146892655368,0.5088603938612712,0.29405213568598454,1025.0,0.039961941008563276,1004.0,5.0,0.3619350282485876,0.3928649215516968,0.8076923076923077,26.0,0.009180790960451978,0.02048780487804878,1802.0,0.11414634146341464,0.0224390243902439,0.0702439024390244,0.3619512195121951,21.0,0.6430084745762712,0.5097847125676569,0.32989468416904066,1025.0,0.05248359887535145,997.0,14.0,0.3619350282485876,0.41053633420613034,0.6666666666666666,42.0,0.014830508474576272,0.027317073170731707,1793.0,0.12682926829268293,0.01951219512195122,0.07121951219512195,0.3951219512195122,28.0,0.019947713707887338,0.017925132211363326,0.012521657866788174,0.01767141265443356,0.023692811927174866,0.018746118972553738,0.038568237053888454,-0.059188077959263286,0.6426553672316384,0.5067636697396304,0.3285194639019534,1025.0,0.028790786948176585,1010.0,2.0,0.3619350282485876,0.3917902152335766,0.8823529411764706,17.0,0.006002824858757062,0.014634146341463415,1805.0,0.11609756097560976,0.023414634146341463,0.06731707317073171,0.3619512195121951,15.0,blocked,True,future_local_rank_event,0.075,0.3629943502824859,0.499563486171663,0.30109893055493564,1025.0,0.5304528891202499,6.0,1798.0,0.3619350282485876,0.3719680971522419,0.3617323393681221,2817.0,0.9947033898305084,0.9941463414634146,9.0,0.10829268292682927,0.00975609756097561,0.055609756097560976,0.37365853658536585,1019.0,0.4784604519774011,0.5647125676569439,0.31171681807666063,1025.0,0.5490076335877863,126.0,1351.0,0.3619350282485876,0.4697244121653936,0.39955555555555555,2250.0,0.7944915254237288,0.8770731707317073,456.0,0.15121951219512195,0.015609756097560976,0.0721951219512195,0.48292682926829267,899.0
0.23481638418079095,0.5607625149174047,0.17957182652952927,87.0,0.06795698924731182,8.0,2159.0,0.03072033898305085,0.04485016842689003,0.035299374441465595,2238.0,0.7902542372881356,0.9080459770114943,586.0,0.11494252873563218,0.04597701149425287,0.05747126436781609,0.04597701149425287,79.0,87,cortical_pca_64,2,2832,0,0.1839689265536723,0.5567929150179008,0.16444980930976294,87.0,0.06701655228098506,4.0,2307.0,0.03072033898305085,0.045212571139276826,0.03472803347280335,2390.0,0.8439265536723164,0.9540229885057471,438.0,0.11494252873563218,0.04597701149425287,0.06896551724137931,0.04597701149425287,83.0,0.3488700564971751,0.5583820111802023,0.15267888876432156,87.0,0.06868686868686869,19.0,1825.0,0.03072033898305085,0.06485678056779848,0.03592181722134179,1893.0,0.6684322033898306,0.7816091954022989,920.0,0.2413793103448276,0.04597701149425287,0.13793103448275862,0.10344827586206896,68.0,0.0007298794395568658,0.020006612140908445,0.0016703164058836234,0.01964420942852165,0.0018370518370518368,0.022641732381609894,0.032721148899296226,0.003586851481292855,0.2803672316384181,0.5508699202311412,0.1920609794865773,87.0,0.06684981684981685,14.0,2024.0,0.03072033898305085,0.04221504818618858,0.03481163567000477,2097.0,0.7404661016949152,0.8390804597701149,721.0,0.16091954022988506,0.022988505747126436,0.08045977011494253,0.04597701149425287,73.0,blocked,True,future_change_movement,0.1,0.9692796610169492,0.5,0.11657071989139726,87.0,,87.0,0.0,0.03072033898305085,0.03213563166850225,,0.0,0.0,0.0,2745.0,0.12643678160919541,0.011494252873563218,0.06896551724137931,0.034482758620689655,0.0,0.7983757062146892,0.6121788832359777,0.15001293882709568,87.0,0.11197511664074651,51.0,520.0,0.03072033898305085,0.06126992908650562,0.06474820143884892,556.0,0.1963276836158192,0.41379310344827586,2225.0,0.20689655172413793,0.05747126436781609,0.14942528735632185,0.12643678160919541,36.0
0.3186738836265223,0.5573377622221727,0.1467027444076719,62.0,0.04730368968779565,12.0,2002.0,0.02097428958051421,0.0368365201457622,0.024366471734892786,2052.0,0.6941813261163735,0.8064516129032258,892.0,0.1774193548387097,0.04838709677419355,0.11290322580645161,0.06451612903225806,50.0,62,cortical_pca_64,2,2956,0,0.29837618403247634,0.5548632320485097,0.13866366091839044,62.0,0.046875,11.0,2063.0,0.02097428958051421,0.038513607157737266,0.024124881740775782,2114.0,0.7151556156968877,0.8225806451612904,831.0,0.1774193548387097,0.06451612903225806,0.12903225806451613,0.08064516129032258,51.0,0.5172530446549392,0.6271875069665827,0.152320190522825,62.0,0.060566161948650436,16.0,1411.0,0.02097428958051421,0.08863252091389809,0.031571722717913524,1457.0,0.4928958051420839,0.7419354838709677,1483.0,0.3387096774193548,0.12903225806451613,0.2903225806451613,0.1774193548387097,46.0,0.013262472260854787,0.05179600076813589,0.013691161948650436,0.05011891375616082,0.01073071295946379,0.052465878122258905,0.07014111932890628,0.049313290183478756,0.31630581867388363,0.5798035981006309,0.16239720368284175,62.0,0.04983544898918665,9.0,2012.0,0.02097428958051421,0.036166642791639184,0.025665859564164648,2065.0,0.6985791610284168,0.8548387096774194,882.0,0.1774193548387097,0.04838709677419355,0.11290322580645161,0.08064516129032258,53.0,blocked,True,future_spike,0.1,0.9790257104194858,0.5,0.06054415156480392,62.0,,62.0,0.0,0.02097428958051421,0.01849140158499181,,0.0,0.0,0.0,2894.0,0.06451612903225806,0.0,0.016129032258064516,0.0,0.0,0.8775372124492558,0.5902200325478744,0.1157385721959977,62.0,0.09045226130653267,44.0,318.0,0.02097428958051421,0.03931923073041933,0.05357142857142857,336.0,0.11366711772665765,0.2903225806451613,2576.0,0.2903225806451613,0.016129032258064516,0.20967741935483872,0.016129032258064516,18.0
0.17478813559322035,0.5835709194583036,0.07222662005845218,26.0,0.021766429468396818,0.0,2337.0,0.009180790960451978,0.011672501371328772,0.011002962336013541,2363.0,0.8343926553672316,1.0,469.0,0.19230769230769232,0.0,0.038461538461538464,0.0,26.0,26,cortical_pca_64,2,2832,0,0.1797316384180791,0.5670129941334503,0.0737064179530352,26.0,0.021070375052675935,1.0,2322.0,0.009180790960451978,0.01181784104564932,0.010651896037494673,2347.0,0.8287429378531074,0.9615384615384616,484.0,0.19230769230769232,0.0,0.038461538461538464,0.0,25.0,0.5165960451977402,0.6226903887274522,0.0919626686457087,26.0,0.027007818052594168,7.0,1362.0,0.009180790960451978,0.0216088207851735,0.013758146270818247,1381.0,0.4876412429378531,0.7307692307692307,1444.0,0.19230769230769232,0.07692307692307693,0.19230769230769232,0.07692307692307693,19.0,0.00524138858419735,0.009936319413844728,0.005937442999918233,0.00979097973952418,0.0066860568332884965,0.010001846346180324,0.007003573306800608,0.0031494299573525605,0.182909604519774,0.5495641208399583,0.07458583401005145,26.0,0.02032176121930567,2.0,2312.0,0.009180790960451978,0.011606974438993176,0.010273972602739725,2336.0,0.8248587570621468,0.9230769230769231,494.0,0.19230769230769232,0.0,0.0,0.0,24.0,blocked,True,future_slope_change,0.1,0.990819209039548,0.5,0.0383138128381766,26.0,,26.0,0.0,0.009180790960451978,0.014605247478372892,,0.0,0.0,0.0,2806.0,0.23076923076923078,0.038461538461538464,0.15384615384615385,0.038461538461538464,0.0,0.9781073446327684,0.5316903338998848,0.09464406165359668,26.0,0.060606060606060615,24.0,38.0,0.009180790960451978,0.01845939082782094,0.05,40.0,0.014124293785310734,0.07692307692307693,2768.0,0.2692307692307692,0.07692307692307693,0.07692307692307693,0.07692307692307693,2.0
0.0278954802259887,0.48616985884701297,0.12142383701420781,53.0,0.035726795096322234,2.0,2751.0,0.018714689265536724,0.02595839650445783,0.018201284796573874,2802.0,0.989406779661017,0.9622641509433962,28.0,0.16981132075471697,0.03773584905660377,0.07547169811320754,0.03773584905660377,51.0,53,cortical_pca_64,2,2832,0,0.03742937853107345,0.4910277213874952,0.12066849246784105,53.0,0.036067892503536064,2.0,2724.0,0.018714689265536724,0.025917682542183018,0.018378378378378378,2775.0,0.9798728813559322,0.9622641509433962,55.0,0.16981132075471697,0.018867924528301886,0.07547169811320754,0.03773584905660377,51.0,0.2891949152542373,0.5545329866179636,0.1803772413488496,53.0,0.041884816753926704,9.0,2004.0,0.018714689265536724,0.057977215873806526,0.021484375,2048.0,0.7231638418079096,0.8301886792452831,775.0,0.22641509433962265,0.09433962264150944,0.18867924528301888,0.09433962264150944,44.0,0.0061580216576044705,0.032018819369348694,0.00581692425039064,0.03205953333162351,0.007340016466053367,0.029826150067427847,0.03793442808316024,0.00905493479666955,0.05261299435028249,0.4710021929973453,0.1461703344276148,53.0,0.03454480028787334,5.0,2678.0,0.018714689265536724,0.02815106580637868,0.01760821716801174,2726.0,0.9625706214689266,0.9056603773584906,101.0,0.16981132075471697,0.03773584905660377,0.05660377358490566,0.03773584905660377,48.0,blocked,True,future_acceleration_event,0.1,0.9812853107344632,0.5,0.15547648266569475,53.0,,53.0,0.0,0.018714689265536724,0.020042787790646284,,0.0,0.0,0.0,2779.0,0.09433962264150944,0.018867924528301886,0.09433962264150944,0.03773584905660377,0.0,0.9600988700564972,0.5169668741979944,0.17331017910042099,53.0,0.05042016806722689,50.0,63.0,0.018714689265536724,0.048922281077136975,0.045454545454545456,66.0,0.023305084745762712,0.05660377358490566,2716.0,0.37735849056603776,0.05660377358490566,0.1509433962264151,0.05660377358490566,3.0
0.5462570621468926,0.5047456043638665,0.3773449290067247,1297.0,0.021325209444021324,1283.0,2.0,0.4579802259887006,0.48171487857385875,0.875,16.0,0.005649717514124294,0.01079414032382421,1533.0,0.110254433307633,0.016191210485736313,0.059367771781033155,0.456437933693138,14.0,1297,cortical_pca_64,2,2832,0,0.5459039548022598,0.5044796435773861,0.4042167397228053,1297.0,0.022796352583586626,1282.0,4.0,0.4579802259887006,0.4802734248489544,0.7894736842105263,19.0,0.006709039548022599,0.01156515034695451,1531.0,0.1117964533538936,0.015420200462606014,0.06013878180416345,0.4572089437162683,15.0,0.5455508474576272,0.5051700365915832,0.33062202482910147,1297.0,0.04737231680236861,1265.0,22.0,0.4579802259887006,0.48944346027402846,0.5925925925925926,54.0,0.019067796610169493,0.02467232074016962,1513.0,0.1156515034695451,0.013878180416345412,0.06090979182729375,0.4710871241326137,32.0,0.026047107358347282,0.007728581700169712,0.02457596421878198,0.009170035425074052,0.026047107358347282,0.009491879125407554,0.004678979074230538,-0.0695313065103989,0.5462570621468926,0.5047456043638665,0.3966571466279527,1297.0,0.021325209444021324,1283.0,2.0,0.4579802259887006,0.4799515811486209,0.875,16.0,0.005649717514124294,0.01079414032382421,1533.0,0.1133384734001542,0.015420200462606014,0.06013878180416345,0.4525828835774865,14.0,blocked,True,future_local_rank_event,0.1,0.4590395480225989,0.5000208448963909,0.40806105582271107,1297.0,0.6257938446507083,16.0,1516.0,0.4579802259887006,0.4847644811997979,0.45799070432606365,2797.0,0.9876412429378532,0.9876638396299152,19.0,0.1218195836545875,0.01079414032382421,0.05705474171164225,0.47494217424826524,1281.0,0.5261299435028248,0.5571283267073351,0.4102195343740284,1297.0,0.6415598290598291,96.0,1246.0,0.4579802259887006,0.5589747667844274,0.4908050674295055,2447.0,0.8640536723163842,0.9259830377794911,289.0,0.13569776407093292,0.01233616037008481,0.06399383191981496,0.5605242868157286,1201.0
0.6392171344165436,0.5067108172444886,0.3012229612625073,989.0,0.029791459781529292,974.0,3.0,0.3652141802067947,0.3996274874908808,0.8333333333333334,18.0,0.0066469719350073855,0.015166835187057633,1716.0,0.1172901921132457,0.024266936299292215,0.06268958543983821,0.38018200202224467,15.0,989,cortical_pca_64,2.5,2708,0,0.6388478581979321,0.5064199504614753,0.31047267979355897,989.0,0.029761904761904764,974.0,4.0,0.3652141802067947,0.40065370537311806,0.7894736842105263,19.0,0.007016248153618907,0.015166835187057633,1715.0,0.12032355915065723,0.022244691607684528,0.06370070778564206,0.38827098078867545,15.0,0.6406942392909897,0.5102359226653161,0.3186500000973045,989.0,0.05073170731707317,963.0,10.0,0.3652141802067947,0.4201238173749406,0.7222222222222222,36.0,0.013293943870014771,0.0262891809908999,1709.0,0.13043478260869565,0.021233569261880688,0.06774519716885744,0.39635995955510617,26.0,0.020940247535543875,0.020496329884059805,0.020969802555168403,0.019470112001822526,0.020910633758425057,0.021596589340377836,0.039582370439894876,-0.0688937016168013,0.6395864106351551,0.507001684027502,0.29976900524610867,989.0,0.02982107355864811,974.0,2.0,0.3652141802067947,0.39852722803456275,0.8823529411764706,17.0,0.006277695716395864,0.015166835187057633,1717.0,0.12133468149646107,0.021233569261880688,0.06268958543983821,0.38018200202224467,15.0,blocked,True,future_change_movement,0.03,0.36816838995568685,0.5001799903652216,0.30137327093138283,989.0,0.5336603979285909,10.0,1701.0,0.3652141802067947,0.3805414469350457,0.36529850746268655,2680.0,0.9896602658788775,0.9898887765419616,18.0,0.10616784630940344,0.012133468149646108,0.06167846309403438,0.38827098078867545,979.0,0.5044313146233382,0.5772379243228745,0.344364271216253,989.0,0.5553346587143804,151.0,1191.0,0.3652141802067947,0.4890175189917419,0.4130113356333169,2029.0,0.7492614475627769,0.8473205257836198,528.0,0.15369059656218403,0.010111223458038422,0.07785642062689585,0.4954499494438827,838.0
0.34269282814614344,0.5566167054892253,0.19914200219854664,501.0,0.312212389380531,60.0,1883.0,0.16948579161028418,0.327795797034818,0.1897590361445783,2324.0,0.7861975642760487,0.8802395209580839,572.0,0.26147704590818366,0.03592814371257485,0.1536926147704591,0.36127744510978044,441.0,501,cortical_pca_64,2.5,2956,0,0.39614343707713123,0.5657601294356298,0.2033558734871648,501.0,0.3158298198543504,89.0,1696.0,0.16948579161028418,0.3193498355235214,0.1954459203036053,2108.0,0.713125845737483,0.8223552894211577,759.0,0.249500998003992,0.033932135728542916,0.15568862275449102,0.3473053892215569,412.0,0.4861299052774019,0.6119919021427613,0.2463278017720127,501.0,0.3461041756349548,99.0,1420.0,0.16948579161028418,0.3479411965426604,0.22063666300768386,1822.0,0.6163734776725305,0.8023952095808383,1035.0,0.28542914171656686,0.03792415169660679,0.15169660678642716,0.36726546906187624,402.0,0.03389178625442385,0.020145399507842443,0.030274355780604445,0.028591361019139006,0.007013266544045771,0.00961757799297469,0.17124636312501862,0.15395512675654482,0.5081190798376184,0.6021943892256221,0.21147666608590285,501.0,0.33909090909090905,128.0,1326.0,0.16948579161028418,0.33832361854968573,0.21954090641553856,1699.0,0.5747631935047361,0.7445109780439122,1129.0,0.27345309381237526,0.03592814371257485,0.15169660678642716,0.3812375249500998,373.0,blocked,True,future_spike,0.03,0.44756427604871446,0.48630437698940204,0.1526947124535537,501.0,0.2505736576411198,228.0,1405.0,0.16948579161028418,0.1766948334176418,0.1626936829558999,1678.0,0.56765899864682,0.5449101796407185,1050.0,0.10978043912175649,0.017964071856287425,0.059880239520958084,0.17165668662674652,273.0,0.5476995940460081,0.5688309734909001,0.22900330768801083,501.0,0.3104693140794224,200.0,1137.0,0.16948579161028418,0.1939860697861156,0.20931849791376914,1438.0,0.486468200270636,0.6007984031936128,1318.0,0.10578842315369262,0.02594810379241517,0.059880239520958084,0.17365269461077845,301.0
0.2673559822747415,0.5517544692295523,0.17171220883040433,258.0,0.19020408163265307,25.0,1959.0,0.09527326440177253,0.18852128422180264,0.1062956204379562,2192.0,0.8094534711964549,0.9031007751937985,491.0,0.2054263565891473,0.05813953488372093,0.14728682170542637,0.2054263565891473,233.0,258,cortical_pca_64,2.5,2708,0,0.24224519940915806,0.5465464325264989,0.15318947398218258,258.0,0.18829113924050636,20.0,2032.0,0.09527326440177253,0.19982886678937983,0.10484581497797357,2270.0,0.8382570162481536,0.9224806201550387,418.0,0.22868217054263565,0.06201550387596899,0.15891472868217055,0.22093023255813954,238.0,0.5513293943870015,0.609860781521911,0.20919097171353596,258.0,0.22463305679642628,82.0,1133.0,0.09527326440177253,0.22685025661549862,0.13445378151260504,1309.0,0.48338257016248154,0.6821705426356589,1317.0,0.26744186046511625,0.06976744186046512,0.17054263565891473,0.26744186046511625,176.0,0.03442897516377322,0.03832897239369598,0.03634191755591992,0.02702138982611879,0.03539081101707803,0.026319424955316723,0.10192942040918683,0.059220700382723784,0.23744460856720828,0.5490950798924221,0.17008916878230992,258.0,0.18924224577934826,17.0,2048.0,0.09527326440177253,0.2005308316601819,0.1052861511577108,2289.0,0.8452732644017725,0.9341085271317829,402.0,0.21705426356589147,0.06589147286821706,0.14728682170542637,0.20930232558139536,241.0,blocked,True,future_slope_change,0.03,0.7503692762186115,0.5135263407688657,0.11469962715389481,258.0,0.14430379746835442,201.0,475.0,0.09527326440177253,0.1249208362063118,0.10714285714285714,532.0,0.1964549483013294,0.22093023255813954,1975.0,0.1434108527131783,0.031007751937984496,0.08527131782945736,0.13953488372093023,57.0,0.6621122599704579,0.5999952539155198,0.2050900464388717,258.0,0.2278481012658228,123.0,792.0,0.09527326440177253,0.16762955623277484,0.14563106796116504,927.0,0.3423190546528804,0.5232558139534884,1658.0,0.20930232558139536,0.031007751937984496,0.1434108527131783,0.19767441860465115,135.0
0.2241506646971935,0.5030529221373007,0.23045461258623082,543.0,0.333650491595306,17.0,2084.0,0.20051698670605614,0.2943754035612899,0.20153256704980843,2610.0,0.9638109305760709,0.9686924493554327,81.0,0.1694290976058932,0.0423572744014733,0.12154696132596685,0.2596685082872928,526.0,543,cortical_pca_64,2.5,2708,0,0.22821270310192024,0.5055933378416887,0.23082373295852712,543.0,0.3348185868873329,17.0,2073.0,0.20051698670605614,0.29446522415573995,0.20238553289726818,2599.0,0.9597488921713442,0.9686924493554327,92.0,0.16574585635359115,0.040515653775322284,0.12154696132596685,0.26335174953959484,526.0,0.36115214180206795,0.552171453604345,0.24691600337573277,543.0,0.3535127055306428,70.0,1660.0,0.20051698670605614,0.3567067970020155,0.22175339896858884,2133.0,0.7876661742983752,0.8710865561694291,505.0,0.20810313075506445,0.04788213627992634,0.13996316758747698,0.3259668508287293,473.0,0.01986221393533677,0.062331393440725635,0.018694118643309887,0.06224157284627557,0.021025395885972742,0.05638646847430634,0.1592712179530574,0.05778556680417085,0.22304283604135894,0.5009803546289325,0.24380803162147635,543.0,0.33248730964467005,19.0,2085.0,0.20051698670605614,0.3003203285277092,0.2008432349559218,2609.0,0.9634416543574594,0.9650092081031307,80.0,0.1731123388581952,0.04419889502762431,0.1252302025782689,0.2578268876611418,524.0,blocked,True,future_acceleration_event,0.03,0.20051698670605614,0.5,0.178505161190354,543.0,0.3340510612119348,0.0,2165.0,0.20051698670605614,0.19743557904895812,0.20051698670605614,2708.0,1.0,1.0,0.0,0.09760589318600368,0.009208103130755065,0.03683241252302026,0.20626151012891344,543.0,0.5480059084194978,0.5959050523352005,0.2553805255168283,543.0,0.3748723186925434,176.0,1048.0,0.20051698670605614,0.29892123019784467,0.2593639575971731,1415.0,0.5225258493353028,0.6758747697974218,1117.0,0.18968692449355432,0.027624309392265192,0.09023941068139964,0.3149171270718232,367.0
0.46159527326440175,0.5935778532135779,0.16933016592521555,327.0,0.2561224489795918,76.0,1382.0,0.1207533234859675,0.24155059689259495,0.15370483772198407,1633.0,0.6030280649926145,0.7675840978593272,999.0,0.25382262996941896,0.05198776758409786,0.1529051987767584,0.27522935779816515,251.0,327,cortical_pca_64,2.5,2708,0,0.5454209748892171,0.6056323827651887,0.20286013244276618,327.0,0.26682549136390715,103.0,1128.0,0.1207533234859675,0.24226809912041433,0.16568047337278108,1352.0,0.49926144756277696,0.6850152905198776,1253.0,0.25382262996941896,0.04892966360856269,0.1620795107033639,0.2691131498470948,224.0,0.7344903988183161,0.6194972430826613,0.2078841668931744,327.0,0.2985365853658537,174.0,545.0,0.1207533234859675,0.2679618079806921,0.2191977077363897,698.0,0.25775480059084194,0.46788990825688076,1836.0,0.26299694189602446,0.05504587155963303,0.1620795107033639,0.2966360856269113,153.0,0.0424141363862619,0.02641121108809713,0.03171109400194655,0.025693708860277747,0.05893896305218199,0.036565511551799795,0.11502889666657756,0.06932185747872954,0.3858936484490399,0.5650383322608777,0.18324629242838938,327.0,0.2395976223136717,65.0,1598.0,0.1207533234859675,0.23139629642889228,0.14086021505376345,1860.0,0.6868537666174298,0.8012232415902141,783.0,0.23853211009174313,0.04892966360856269,0.14678899082568808,0.26299694189602446,262.0,blocked,True,future_local_rank_event,0.03,0.5413589364844904,0.4964788777618943,0.14373423085198522,327.0,0.18717277486910994,184.0,1058.0,0.1207533234859675,0.15293291131411452,0.11906744379683597,1201.0,0.4435007385524372,0.43730886850152906,1323.0,0.12538226299694188,0.03058103975535168,0.07951070336391437,0.14984709480122324,143.0,0.5468980797636632,0.6011961412147904,0.21043858458262427,327.0,0.2639472105578884,107.0,1120.0,0.1207533234859675,0.19863995050196254,0.16417910447761194,1340.0,0.4948301329394387,0.672782874617737,1261.0,0.2324159021406728,0.021406727828746176,0.13149847094801223,0.25382262996941896,220.0
0.808714918759232,0.5425284861264725,0.19617148936219886,534.0,0.17515923566878983,479.0,39.0,0.19719350073855244,0.3232923564735903,0.5851063829787234,94.0,0.03471196454948301,0.10299625468164794,2135.0,0.21722846441947566,0.035580524344569285,0.1254681647940075,0.301498127340824,55.0,534,cortical_pca_64,2.5,2708,0,0.8046528803545052,0.5407049261100717,0.21636843540509754,534.0,0.1747269890795632,478.0,51.0,0.19719350073855244,0.32486223888218024,0.5233644859813084,107.0,0.039512555391432794,0.10486891385767791,2123.0,0.20973782771535582,0.03745318352059925,0.1254681647940075,0.31273408239700373,56.0,0.801698670605613,0.5473410651588918,0.22745507880279853,534.0,0.20208023774145617,466.0,71.0,0.19719350073855244,0.34422490419349716,0.4892086330935252,139.0,0.05132939438700148,0.12734082397003746,2103.0,0.19850187265917604,0.03932584269662921,0.1254681647940075,0.3445692883895131,68.0,0.026921002072666345,0.02093254771990688,0.02735324866189298,0.019362665311316918,0.0392137882300555,0.028034963948021963,0.13722457435274193,0.06111297279076222,0.810192023633678,0.5399167553897095,0.20822585688209905,534.0,0.16286644951140067,484.0,30.0,0.19719350073855244,0.3161899402454752,0.625,80.0,0.029542097488921712,0.09363295880149813,2144.0,0.19662921348314608,0.035580524344569285,0.12921348314606743,0.31835205992509363,50.0,blocked,True,future_change_movement,0.05,0.36484490398818314,0.5203615076370728,0.20147425124517912,534.0,0.3254901960784313,119.0,1601.0,0.19719350073855244,0.20700032984075523,0.2058531746031746,2016.0,0.7444608567208272,0.7771535580524345,573.0,0.09925093632958802,0.013108614232209739,0.056179775280898875,0.21910112359550563,415.0,0.39697193500738553,0.5530848054467334,0.20387105660362714,534.0,0.3465386154461784,101.0,1532.0,0.19719350073855244,0.28311193140273494,0.2203562340966921,1965.0,0.7256277695716395,0.8108614232209738,642.0,0.1704119850187266,0.02247191011235955,0.1104868913857678,0.3052434456928839,433.0
0.09912043301759134,0.5066083000997009,0.13746459966935135,236.0,0.14947301181731076,2.0,2661.0,0.07983761840324763,0.16545849849400124,0.08082901554404145,2895.0,0.9793640054127198,0.9915254237288136,59.0,0.22033898305084745,0.05508474576271186,0.16101694915254236,0.1906779661016949,234.0,236,cortical_pca_64,2.5,2956,0,0.11502029769959404,0.5113783649052842,0.14601768204193158,236.0,0.15064935064935064,4.0,2612.0,0.07983761840324763,0.1707110957180824,0.08157524613220815,2844.0,0.9621109607577808,0.9830508474576272,108.0,0.2245762711864407,0.059322033898305086,0.16101694915254236,0.19915254237288135,232.0,0.36535859269282817,0.5912979810568295,0.23216247533170253,236.0,0.17791411042944782,33.0,1843.0,0.07983761840324763,0.22444056415259858,0.0992179863147605,2046.0,0.6921515561569689,0.8601694915254238,877.0,0.2838983050847458,0.07627118644067797,0.211864406779661,0.2542372881355932,203.0,0.02844109861213706,0.058982065658597344,0.02726475978009718,0.053729468434516175,0.024775760117255907,0.05698906237070647,0.14153116947925226,0.12564757303451357,0.12821380243572394,0.5204823030907278,0.16447321847906257,236.0,0.15313835031219192,3.0,2574.0,0.07983761840324763,0.1674515017818921,0.08300676879230495,2807.0,0.949594046008119,0.9872881355932204,146.0,0.24152542372881355,0.0635593220338983,0.16101694915254236,0.2033898305084746,233.0,blocked,True,future_spike,0.05,0.8521650879566982,0.5230309072781655,0.11469128028679952,236.0,0.12424849699398799,205.0,232.0,0.07983761840324763,0.08290939467334632,0.11787072243346007,263.0,0.08897158322056833,0.13135593220338984,2488.0,0.13983050847457626,0.00423728813559322,0.05508474576271186,0.1271186440677966,31.0,0.7415426251691475,0.5074214855433699,0.19775857200578784,236.0,0.1238532110091743,182.0,582.0,0.07983761840324763,0.09879299111808502,0.08490566037735849,636.0,0.21515561569688768,0.2288135593220339,2138.0,0.1016949152542373,0.029661016949152543,0.05084745762711865,0.09322033898305085,54.0
0.1879615952732644,0.5694619572097734,0.1427095166104538,75.0,0.06226012793176973,2.0,2197.0,0.027695716395864108,0.04885531913772179,0.032158590308370046,2270.0,0.8382570162481536,0.9733333333333334,436.0,0.14666666666666667,0.05333333333333334,0.09333333333333334,0.08,73.0,75,cortical_pca_64,2.5,2708,0,0.22045790251107827,0.5732193948601089,0.15994862027593612,75.0,0.06302707501109632,4.0,2107.0,0.027695716395864108,0.046548905474917184,0.032598714416896234,2178.0,0.8042836041358936,0.9466666666666667,526.0,0.16,0.05333333333333334,0.09333333333333334,0.06666666666666667,71.0,0.35302806499261447,0.583101658437777,0.1342133693914161,75.0,0.06609808102345416,13.0,1739.0,0.027695716395864108,0.074392465956633,0.034425319267073845,1801.0,0.6650664697193501,0.8266666666666667,894.0,0.24,0.08,0.16,0.13333333333333333,62.0,0.003837953091684429,0.025537146818911213,0.003071006012357838,0.027843560481715816,0.0028926634162306786,0.0269452623485339,0.04870078280239887,0.02255707685800712,0.23375184638109306,0.5735789340422839,0.17106587937503573,75.0,0.06320541760722348,5.0,2070.0,0.027695716395864108,0.0474472036080991,0.03271028037383177,2140.0,0.7902511078286558,0.9333333333333333,563.0,0.14666666666666667,0.04,0.10666666666666667,0.08,70.0,blocked,True,future_slope_change,0.05,0.9723042836041359,0.5,0.1112846747602169,75.0,,75.0,0.0,0.027695716395864108,0.025691683154234136,,0.0,0.0,0.0,2633.0,0.10666666666666667,0.0,0.04,0.02666666666666667,0.0,0.8836779911373708,0.5386226104570199,0.15482571321601357,75.0,0.07624633431085044,62.0,253.0,0.027695716395864108,0.05183538909862588,0.04887218045112782,266.0,0.0982274741506647,0.17333333333333334,2380.0,0.17333333333333334,0.05333333333333334,0.09333333333333334,0.05333333333333334,13.0
0.0775480059084195,0.4942810091305068,0.21339935367038074,205.0,0.13921433494141972,3.0,2495.0,0.07570162481536188,0.12035125386537017,0.07489803485354098,2697.0,0.9959379615952733,0.9853658536585366,8.0,0.15121951219512195,0.04878048780487805,0.0975609756097561,0.12682926829268293,202.0,205,cortical_pca_64,2.5,2708,0,0.0878877400295421,0.48867797667189616,0.24293682892769355,205.0,0.13756983240223464,8.0,2462.0,0.07570162481536188,0.1171241989870862,0.07408800300864987,2659.0,0.9819054652880355,0.9609756097560975,41.0,0.15609756097560976,0.03902439024390244,0.09268292682926829,0.12195121951219512,197.0,0.18500738552437224,0.4964296502733305,0.2700434904524451,205.0,0.138227254978524,28.0,2179.0,0.07570162481536188,0.15411698378636202,0.07512733446519525,2356.0,0.8700147710487445,0.8634146341463415,324.0,0.2,0.05365853658536585,0.13170731707317074,0.17073170731707318,177.0,-0.0009870799628957094,0.03376572992099185,0.0006574225762893682,0.03699278479927581,0.002752394643328465,0.034509649200617803,0.06869214760197163,-0.013425564418474423,0.08567208271787297,0.4807616226382,0.22984910358907995,205.0,0.13547486033519554,11.0,2465.0,0.07570162481536188,0.11960733458574421,0.07295975930801053,2659.0,0.9819054652880355,0.9463414634146341,38.0,0.15121951219512195,0.04390243902439024,0.09268292682926829,0.12682926829268293,194.0,blocked,True,future_acceleration_event,0.05,0.9242983751846381,0.5,0.20847862236673353,205.0,,205.0,0.0,0.07570162481536188,0.08542483618439038,,0.0,0.0,0.0,2503.0,0.12195121951219512,0.00975609756097561,0.04390243902439024,0.07317073170731707,0.0,0.7451994091580503,0.6292819348489129,0.22280841427970016,205.0,0.22645739910313903,104.0,586.0,0.07570162481536188,0.16754254820483644,0.1470160116448326,687.0,0.2536927621861152,0.4926829268292683,1917.0,0.2926829268292683,0.03902439024390244,0.16097560975609757,0.24878048780487805,101.0
0.7791728212703102,0.5324836237795081,0.22196657839295575,620.0,0.138328530259366,572.0,26.0,0.22895125553914328,0.33670090145045867,0.6486486486486487,74.0,0.027326440177252585,0.07741935483870968,2062.0,0.18870967741935485,0.03064516129032258,0.11451612903225807,0.31129032258064515,48.0,620,cortical_pca_64,2.5,2708,0,0.7765878877400295,0.5245705104437028,0.24595873797293838,620.0,0.10898379970544919,583.0,22.0,0.22895125553914328,0.33195586973343766,0.6271186440677966,59.0,0.021787296898079764,0.05967741935483871,2066.0,0.18064516129032257,0.02903225806451613,0.10806451612903226,0.3241935483870968,37.0,0.7758493353028065,0.5399672475590162,0.25297695561251043,620.0,0.17639077340569878,555.0,52.0,0.22895125553914328,0.36216950589400954,0.5555555555555556,117.0,0.043205317577548,0.10483870967741936,2036.0,0.17580645161290323,0.03387096774193549,0.11774193548387096,0.3419354838709677,65.0,0.038062243146332775,0.02546860444355087,0.06740697370024959,0.030213636160571877,0.0463329699374907,0.027169463096323176,0.12244645975346857,0.030486044496999987,0.7776957163958641,0.5298248053392658,0.2529487646381176,620.0,0.13005780346820808,575.0,27.0,0.22895125553914328,0.33500004279768636,0.625,72.0,0.026587887740029542,0.07258064516129033,2061.0,0.18548387096774194,0.02903225806451613,0.11612903225806452,0.3193548387096774,45.0,blocked,True,future_local_rank_event,0.05,0.2536927621861152,0.48996261277963166,0.2181431664825491,620.0,0.36225938781950145,46.0,1975.0,0.22895125553914328,0.23972304614054096,0.22518634758728914,2549.0,0.941285081240768,0.9258064516129032,113.0,0.09032258064516129,0.016129032258064516,0.05967741935483871,0.22903225806451613,574.0,0.4017725258493353,0.547999320232357,0.22150634178970147,620.0,0.3849658314350798,113.0,1507.0,0.22895125553914328,0.33168346139700955,0.25173783515392256,2014.0,0.7437223042836041,0.817741935483871,581.0,0.1774193548387097,0.020967741935483872,0.10967741935483871,0.3370967741935484,507.0
0.2673559822747415,0.5517544692295523,0.17171220883040433,258.0,0.19020408163265307,25.0,1959.0,0.09527326440177253,0.18852128422180264,0.1062956204379562,2192.0,0.8094534711964549,0.9031007751937985,491.0,0.2054263565891473,0.05813953488372093,0.14728682170542637,0.2054263565891473,233.0,258,cortical_pca_64,2.5,2708,0,0.3205317577548006,0.5603353899699415,0.18412737199319865,258.0,0.19368974583698512,37.0,1803.0,0.09527326440177253,0.18810562547519716,0.1091897233201581,2024.0,0.7474150664697193,0.8565891472868217,647.0,0.21705426356589147,0.06589147286821706,0.14728682170542637,0.2131782945736434,221.0,0.5513293943870015,0.609860781521911,0.20919097171353596,258.0,0.22463305679642628,82.0,1133.0,0.09527326440177253,0.22685025661549862,0.13445378151260504,1309.0,0.48338257016248154,0.6821705426356589,1317.0,0.26744186046511625,0.06976744186046512,0.17054263565891473,0.26744186046511625,176.0,0.03442897516377322,0.03832897239369598,0.030943310959441167,0.038744631140301466,0.03321674778355077,0.04110512509108305,0.10192942040918683,0.059220700382723784,0.30428360413589367,0.5548236038601487,0.1823994423126284,258.0,0.1914163090128755,35.0,1849.0,0.09527326440177253,0.18574513152441557,0.10762548262548262,2072.0,0.7651403249630724,0.8643410852713178,601.0,0.20930232558139536,0.05813953488372093,0.1434108527131783,0.20155038759689922,223.0,blocked,True,future_change_movement,0.075,0.7503692762186115,0.5135263407688657,0.11469962715389481,258.0,0.14430379746835442,201.0,475.0,0.09527326440177253,0.1249208362063118,0.10714285714285714,532.0,0.1964549483013294,0.22093023255813954,1975.0,0.1434108527131783,0.031007751937984496,0.08527131782945736,0.13953488372093023,57.0,0.6621122599704579,0.5999952539155198,0.2050900464388717,258.0,0.2278481012658228,123.0,792.0,0.09527326440177253,0.16762955623277484,0.14563106796116504,927.0,0.3423190546528804,0.5232558139534884,1658.0,0.20930232558139536,0.031007751937984496,0.1434108527131783,0.19767441860465115,135.0
0.16779431664411368,0.5381684404151885,0.15417174911091117,118.0,0.08277404921700225,7.0,2453.0,0.039918809201623814,0.09324317595166784,0.043291731669266774,2564.0,0.8673883626522327,0.940677966101695,385.0,0.22033898305084745,0.06779661016949153,0.1440677966101695,0.1440677966101695,111.0,118,cortical_pca_64,2.5,2956,0,0.2472936400541272,0.5511430823807647,0.19187944020280262,118.0,0.08549116317303741,14.0,2211.0,0.039918809201623814,0.08882210571533214,0.0449244060475162,2315.0,0.7831529093369418,0.8813559322033898,627.0,0.2288135593220339,0.06779661016949153,0.1694915254237288,0.1440677966101695,104.0,0.35757780784844384,0.5801501415415488,0.17946338337331694,118.0,0.0926899187768753,21.0,1878.0,0.039918809201623814,0.14505113240491369,0.04911392405063291,1975.0,0.6681326116373477,0.8220338983050848,960.0,0.3135593220338983,0.09322033898305085,0.2288135593220339,0.2288135593220339,97.0,0.009915869559873045,0.051807956453245846,0.007198755603837884,0.056229026689581546,0.009027724617443555,0.04739819888184427,0.10737542033232174,0.08465274947176223,0.2144790257104195,0.5421757981868349,0.17765440191760723,118.0,0.08366219415943174,12.0,2310.0,0.039918809201623814,0.09765293352306942,0.043874172185430466,2416.0,0.8173207036535859,0.8983050847457628,528.0,0.2288135593220339,0.06779661016949153,0.15254237288135594,0.13559322033898305,106.0,blocked,True,future_spike,0.075,0.9556833558863329,0.4977096546863989,0.07569929478042298,118.0,,118.0,13.0,0.039918809201623814,0.037675712072591946,0.0,13.0,0.004397834912043302,0.0,2825.0,0.13559322033898305,0.0,0.03389830508474576,0.00847457627118644,0.0,0.7043301759133965,0.6023518591512285,0.10979242320075092,118.0,0.11717171717171718,60.0,814.0,0.039918809201623814,0.06039838293315146,0.06651376146788991,872.0,0.29499323410013534,0.4915254237288136,2024.0,0.1694915254237288,0.00847457627118644,0.11864406779661017,0.11016949152542373,58.0
0.22488921713441654,0.5935212907518297,0.08916466212297869,36.0,0.03227293683725219,1.0,2098.0,0.013293943870014771,0.023632928755935145,0.016408813877168308,2133.0,0.7876661742983752,0.9722222222222222,574.0,0.19444444444444445,0.027777777777777776,0.1111111111111111,0.027777777777777776,35.0,36,cortical_pca_64,2.5,2708,0,0.2618168389955687,0.5848303393213573,0.10274464265430776,36.0,0.03196125907990315,3.0,1996.0,0.013293943870014771,0.047363980220519006,0.016264169541646133,2029.0,0.7492614475627769,0.9166666666666666,676.0,0.19444444444444445,0.027777777777777776,0.1111111111111111,0.05555555555555555,33.0,0.49002954209748895,0.645666999334664,0.10357893500024494,36.0,0.0403057678943711,7.0,1374.0,0.013293943870014771,0.06685987685936895,0.020669992872416252,1403.0,0.5180945347119645,0.8055555555555556,1298.0,0.2222222222222222,0.08333333333333333,0.19444444444444445,0.1111111111111111,29.0,0.008032831057118904,0.043226948103433804,0.008344508814467945,0.019495896638849944,0.008645885488220033,0.04076565548405812,0.05499788137338134,0.04502400877610448,0.20937961595273263,0.5856620093147039,0.0800624047965543,36.0,0.031659882406151064,1.0,2140.0,0.013293943870014771,0.026094221375310832,0.016091954022988506,2175.0,0.803175775480059,0.9722222222222222,532.0,0.19444444444444445,0.027777777777777776,0.08333333333333333,0.027777777777777776,35.0,blocked,True,future_slope_change,0.075,0.9867060561299852,0.5,0.05867304884445883,36.0,,36.0,0.0,0.013293943870014771,0.011861995485987608,,0.0,0.0,0.0,2672.0,0.08333333333333333,0.0,0.027777777777777776,0.0,0.0,0.9464549483013294,0.5070068196939455,0.11016075797054496,36.0,0.026845637583892613,34.0,111.0,0.013293943870014771,0.021835868083264473,0.017699115044247787,113.0,0.04172821270310192,0.05555555555555555,2561.0,0.1111111111111111,0.05555555555555555,0.05555555555555555,0.05555555555555555,2.0
0.09121122599704579,0.46916692660315,0.19950740150001123,97.0,0.06461421512732801,12.0,2449.0,0.03581979320531758,0.0835271930221585,0.033543804262036306,2534.0,0.9357459379615952,0.8762886597938144,162.0,0.16494845360824742,0.07216494845360824,0.10309278350515463,0.08247422680412371,85.0,97,cortical_pca_64,2.5,2708,0,0.060561299852289516,0.4780883415525908,0.1681753673414709,97.0,0.06607929515418502,7.0,2537.0,0.03581979320531758,0.0800489359708305,0.03425961172440046,2627.0,0.9700886262924667,0.9278350515463918,74.0,0.16494845360824742,0.07216494845360824,0.09278350515463918,0.08247422680412371,90.0,0.26292466765140327,0.5185081356828959,0.2044474729270584,97.0,0.07162790697674418,20.0,1976.0,0.03581979320531758,0.1394493744358676,0.03750608865075499,2053.0,0.7581240768094535,0.7938144329896907,635.0,0.2268041237113402,0.10309278350515463,0.15463917525773196,0.14432989690721648,77.0,0.007013691849416165,0.05592218141370911,0.005548611822559155,0.059400438465037106,0.006321784527764593,0.05606219040752801,0.10076574939207059,0.054768710636183146,0.06979320531757754,0.4729494959864491,0.1824617653844736,97.0,0.06530612244897958,9.0,2510.0,0.03581979320531758,0.0833871840283396,0.03387220939183987,2598.0,0.9593796159527327,0.9072164948453608,101.0,0.17525773195876287,0.061855670103092786,0.08247422680412371,0.08247422680412371,88.0,blocked,True,future_acceleration_event,0.075,0.9641802067946824,0.5,0.2127464487541859,97.0,,97.0,0.0,0.03581979320531758,0.038683625043797014,,0.0,0.0,0.0,2611.0,0.08247422680412371,0.030927835051546393,0.05154639175257732,0.05154639175257732,0.0,0.9346381093057607,0.5442378991341154,0.24254602377423787,97.0,0.11940298507462688,85.0,92.0,0.03581979320531758,0.08468066379968446,0.11538461538461539,104.0,0.03840472673559823,0.12371134020618557,2519.0,0.32989690721649484,0.061855670103092786,0.15463917525773196,0.1134020618556701,12.0
0.6521418020679468,0.5080350490055597,0.2807623203470187,956.0,0.034836065573770496,939.0,3.0,0.35302806499261447,0.3874878348622005,0.85,20.0,0.007385524372230428,0.01778242677824268,1749.0,0.1192468619246862,0.02405857740585774,0.06589958158995816,0.36506276150627615,17.0,956,cortical_pca_64,2.5,2708,0,0.6514032496307238,0.5069890239009572,0.3058367565165445,956.0,0.030800821355236138,941.0,3.0,0.35302806499261447,0.38956758804264946,0.8333333333333334,18.0,0.0066469719350073855,0.015690376569037656,1749.0,0.12238493723849372,0.02405857740585774,0.07322175732217573,0.36506276150627615,15.0,0.6528803545051699,0.5105068206568465,0.3176368221926704,956.0,0.050505050505050504,931.0,9.0,0.35302806499261447,0.40512336311098196,0.7352941176470589,34.0,0.012555391432791729,0.02615062761506276,1743.0,0.13179916317991633,0.02301255230125523,0.06799163179916318,0.3786610878661088,25.0,0.01566898493128001,0.01763552824878145,0.019704229149814366,0.0155557750683325,0.02372853145252733,0.015342363228837419,0.040844194860786054,-0.06401321104721558,0.6510339734121122,0.5062283869242086,0.3321058413819567,956.0,0.026776519052523175,943.0,2.0,0.35302806499261447,0.38978099988214454,0.8666666666666667,15.0,0.005539143279172821,0.013598326359832637,1750.0,0.12133891213389121,0.02510460251046025,0.06380753138075314,0.36610878661087864,13.0,blocked,True,future_local_rank_event,0.075,0.3593057607090103,0.5024753539290422,0.2934508873494976,956.0,0.5216432313206507,10.0,1725.0,0.35302806499261447,0.3642791682501959,0.35417446649195056,2671.0,0.9863367799113737,0.9895397489539749,27.0,0.09937238493723849,0.012552301255230125,0.058577405857740586,0.3713389121338912,946.0,0.4638109305760709,0.5585272539691638,0.2978956545406434,956.0,0.5369897959183674,114.0,1338.0,0.35302806499261447,0.46913657415819754,0.38623853211009174,2180.0,0.8050221565731167,0.8807531380753139,414.0,0.15271966527196654,0.010460251046025104,0.07845188284518828,0.4780334728033473,842.0
0.29062038404726737,0.5656926955125642,0.15095492834224408,131.0,0.1060958585388553,17.0,1904.0,0.0483751846381093,0.09756883697405565,0.05649157581764123,2018.0,0.7451994091580503,0.8702290076335878,673.0,0.1984732824427481,0.06870229007633588,0.1297709923664122,0.1297709923664122,114.0,131,cortical_pca_64,2.5,2708,0,0.2548005908419498,0.5577406712936221,0.13556777636734166,131.0,0.10390763765541741,14.0,2004.0,0.0483751846381093,0.09524341227317316,0.055162659123055166,2121.0,0.7832348596750369,0.8931297709923665,573.0,0.183206106870229,0.061068702290076333,0.1297709923664122,0.1297709923664122,117.0,0.7522156573116692,0.6307070473685302,0.17949482985409074,131.0,0.16229712858926343,66.0,605.0,0.0483751846381093,0.1648820224655445,0.09701492537313433,670.0,0.24741506646971936,0.4961832061068702,1972.0,0.3053435114503817,0.09923664122137404,0.22900763358778625,0.22900763358778625,65.0,0.056201270050408134,0.06731318549148886,0.05838949093384602,0.06963861019237134,0.0615966031952179,0.06940325031239851,0.11418310960098482,0.08122174786798111,0.241506646971935,0.5435102655019299,0.1389539735895059,131.0,0.10070052539404553,16.0,2038.0,0.0483751846381093,0.095478772153146,0.053413841151881095,2153.0,0.7950516986706057,0.8778625954198473,539.0,0.17557251908396945,0.06870229007633588,0.1297709923664122,0.12213740458015267,115.0,blocked,True,future_change_movement,0.1,0.9516248153618907,0.5,0.12598511587879477,131.0,,131.0,0.0,0.0483751846381093,0.05069891286455969,,0.0,0.0,0.0,2577.0,0.1297709923664122,0.015267175572519083,0.07633587786259542,0.07633587786259542,0.0,0.732274741506647,0.5876248196761131,0.18601480704332513,131.0,0.13381123058542413,75.0,650.0,0.0483751846381093,0.0836602745975634,0.07932011331444759,706.0,0.26070901033973415,0.42748091603053434,1927.0,0.19083969465648856,0.04580152671755725,0.16030534351145037,0.16030534351145037,56.0
0.3186738836265223,0.5573377622221727,0.1467027444076719,62.0,0.04730368968779565,12.0,2002.0,0.02097428958051421,0.0368365201457622,0.024366471734892786,2052.0,0.6941813261163735,0.8064516129032258,892.0,0.1774193548387097,0.04838709677419355,0.11290322580645161,0.06451612903225806,50.0,62,cortical_pca_64,2.5,2956,0,0.38464140730717183,0.5673529215061195,0.1814238397965762,62.0,0.04913748039728175,15.0,1804.0,0.02097428958051421,0.034661770753178694,0.025391680172879523,1851.0,0.6261840324763194,0.7580645161290323,1090.0,0.12903225806451613,0.04838709677419355,0.0967741935483871,0.06451612903225806,47.0,0.5172530446549392,0.6271875069665827,0.152320190522825,62.0,0.060566161948650436,16.0,1411.0,0.02097428958051421,0.08863252091389809,0.031571722717913524,1457.0,0.4928958051420839,0.7419354838709677,1483.0,0.3387096774193548,0.12903225806451613,0.2903225806451613,0.1774193548387097,46.0,0.013262472260854787,0.05179600076813589,0.011428681551368683,0.053970750160719394,0.007905097522880135,0.05550804440655835,0.07014111932890628,0.049313290183478756,0.42794316644113667,0.5894676416166931,0.17594817984880654,62.0,0.0526610644257703,15.0,1676.0,0.02097428958051421,0.03312447650733974,0.027278003482298318,1723.0,0.5828822733423545,0.7580645161290323,1218.0,0.11290322580645161,0.06451612903225806,0.06451612903225806,0.06451612903225806,47.0,blocked,True,future_spike,0.1,0.9790257104194858,0.5,0.06054415156480392,62.0,,62.0,0.0,0.02097428958051421,0.01849140158499181,,0.0,0.0,0.0,2894.0,0.06451612903225806,0.0,0.016129032258064516,0.0,0.0,0.8775372124492558,0.5902200325478744,0.1157385721959977,62.0,0.09045226130653267,44.0,318.0,0.02097428958051421,0.03931923073041933,0.05357142857142857,336.0,0.11366711772665765,0.2903225806451613,2576.0,0.2903225806451613,0.016129032258064516,0.20967741935483872,0.016129032258064516,18.0
0.10081240768094535,0.5470610119047619,0.055004509222272444,20.0,0.01616161616161616,0.0,2435.0,0.007385524372230428,0.008868483007778396,0.008146639511201629,2455.0,0.906573116691285,1.0,253.0,0.1,0.0,0.0,0.0,20.0,20,cortical_pca_64,2.5,2708,0,0.0930576070901034,0.5431547619047619,0.055566610610812486,20.0,0.016025641025641024,0.0,2456.0,0.007385524372230428,0.008977284581319212,0.008077544426494346,2476.0,0.914327917282127,1.0,232.0,0.1,0.0,0.05,0.0,20.0,0.31277695716395865,0.6290178571428571,0.06777394596054534,20.0,0.02001053185887309,1.0,1860.0,0.007385524372230428,0.018669525400758998,0.010111761575306013,1879.0,0.6938700147710487,0.95,828.0,0.2,0.05,0.15,0.05,19.0,0.003848915697256927,0.009801042392980602,0.0039848908332320646,0.009692240819439786,0.004434207871334148,0.009552269296341958,0.012102484008817908,0.0011519083399351739,0.06646971935007386,0.5297619047619048,0.04906506026175744,20.0,0.01557632398753894,0.0,2528.0,0.007385524372230428,0.00911725610441704,0.007849293563579277,2548.0,0.9409158050221565,1.0,160.0,0.15,0.0,0.1,0.0,20.0,blocked,True,future_slope_change,0.1,0.9926144756277696,0.5,0.02856322088817137,20.0,,20.0,0.0,0.007385524372230428,0.00656704139194109,,0.0,0.0,0.0,2688.0,0.1,0.0,0.1,0.0,0.0,0.9671344165435746,0.5616071428571429,0.0795674975314495,20.0,0.06315789473684211,17.0,72.0,0.007385524372230428,0.017517617060823824,0.04,75.0,0.027695716395864108,0.15,2616.0,0.2,0.1,0.15,0.05,3.0
0.12481536189069424,0.47970720960807306,0.1476453105578622,53.0,0.03658536585365854,8.0,2362.0,0.019571639586410634,0.03307161063953565,0.018695471541337765,2407.0,0.8888478581979321,0.8490566037735849,293.0,0.18867924528301888,0.03773584905660377,0.09433962264150944,0.03773584905660377,45.0,53,cortical_pca_64,2.5,2708,0,0.1502954209748892,0.4834559215435455,0.16256600286910103,53.0,0.03683549602344077,9.0,2292.0,0.019571639586410634,0.03465892931484851,0.018835616438356163,2336.0,0.8626292466765141,0.8301886792452831,363.0,0.18867924528301888,0.03773584905660377,0.07547169811320754,0.03773584905660377,44.0,0.5088626292466765,0.5831076999609139,0.20182257144865018,53.0,0.05,18.0,1312.0,0.019571639586410634,0.08445088221604377,0.025983667409057165,1347.0,0.49741506646971934,0.660377358490566,1343.0,0.2641509433962264,0.11320754716981132,0.18867924528301888,0.1320754716981132,35.0,0.013414634146341461,0.05137927157650812,0.01316450397655923,0.04979195290119526,0.012199312714776638,0.052190111582637644,0.06013001425388863,0.03791324471966698,0.172821270310192,0.49494368048893156,0.17505117936909836,53.0,0.037800687285223365,9.0,2231.0,0.019571639586410634,0.03226077063340613,0.01934065934065934,2275.0,0.8401033973412112,0.8301886792452831,424.0,0.18867924528301888,0.03773584905660377,0.09433962264150944,0.03773584905660377,44.0,blocked,True,future_acceleration_event,0.1,0.9804283604135894,0.5,0.17772429715377486,53.0,,53.0,0.0,0.019571639586410634,0.024320867962155147,,0.0,0.0,0.0,2655.0,0.11320754716981132,0.03773584905660377,0.07547169811320754,0.07547169811320754,0.0,0.9545790251107829,0.533045517535444,0.19974454645442874,53.0,0.07518796992481203,48.0,75.0,0.019571639586410634,0.046537637496376794,0.0625,80.0,0.029542097488921712,0.09433962264150944,2580.0,0.3018867924528302,0.07547169811320754,0.1509433962264151,0.07547169811320754,5.0
0.534711964549483,0.5075918194049213,0.36940792758447116,1279.0,0.03522205206738131,1256.0,4.0,0.4723042836041359,0.5077953380552256,0.8518518518518519,27.0,0.009970457902511078,0.017982799061767005,1425.0,0.11571540265832682,0.018764659890539485,0.06333072713057075,0.4839718530101642,23.0,1279,cortical_pca_64,2.5,2708,0,0.5350812407680945,0.5081058559679946,0.3767396513214172,1279.0,0.04112718964204112,1252.0,7.0,0.4723042836041359,0.5072711159707252,0.7941176470588235,34.0,0.012555391432791729,0.02111024237685692,1422.0,0.11493354182955434,0.017982799061767005,0.05942142298670837,0.4870992963252541,27.0,0.5402511078286558,0.5144406248102114,0.37369485111749295,1279.0,0.09057706355003653,1217.0,28.0,0.4723042836041359,0.5294885210315389,0.6888888888888889,90.0,0.03323485967503693,0.04847537138389367,1401.0,0.12822517591868648,0.018764659890539485,0.06333072713057075,0.5011727912431587,62.0,0.05535501148265522,0.021693182976313286,0.049449873907995406,0.02221740506081371,0.055408867831382096,0.026527208395428215,0.03244260472787258,-0.04620727515601197,0.53397341211226,0.5068920293419402,0.35843895720382624,1279.0,0.035168195718654434,1256.0,6.0,0.4723042836041359,0.5029613126361107,0.7931034482758621,29.0,0.01070901033973412,0.017982799061767005,1423.0,0.11102423768569195,0.017200938232994525,0.06098514464425332,0.48553557466770914,23.0,blocked,True,future_local_rank_event,0.1,0.4723042836041359,0.4996306815539388,0.42629321196513853,1279.0,0.6399596875787352,9.0,1420.0,0.4723042836041359,0.4970459163036663,0.4721189591078067,2690.0,0.9933530280649926,0.9929632525410477,9.0,0.11571540265832682,0.011727912431587178,0.05629397967161845,0.5027365129007036,1270.0,0.5313884785819794,0.551715525217337,0.3756957687826916,1279.0,0.6493506493506495,104.0,1165.0,0.4723042836041359,0.5756957961875508,0.5021367521367521,2340.0,0.8641063515509602,0.9186864738076622,264.0,0.1352619233776388,0.009382329945269743,0.06724003127443315,0.581704456606724,1175.0
0.5786558345642541,0.5044573231397456,0.35942973330584876,1151.0,0.01891659501289768,1140.0,1.0,0.4250369276218611,0.4435723110987228,0.9166666666666666,12.0,0.004431314623338257,0.009556907037358819,1556.0,0.10338835794960903,0.019113814074717638,0.05994787141615986,0.42484795829713295,11.0,1151,cortical_pca_64,3,2708,0,0.577917282127031,0.5037017878954771,0.35061877359451926,1151.0,0.017196904557179708,1141.0,2.0,0.4250369276218611,0.44254376029804676,0.8333333333333334,12.0,0.004431314623338257,0.008688097306689836,1555.0,0.10512597741094701,0.01737619461337967,0.05994787141615986,0.4274543874891399,10.0,0.5805022156573116,0.50696917092562,0.34728027451676446,1151.0,0.03236797274275979,1132.0,4.0,0.4250369276218611,0.4548508308720522,0.8260869565217391,23.0,0.008493353028064993,0.016507384882710686,1553.0,0.11468288444830582,0.01998262380538662,0.059079061685490875,0.4326672458731538,19.0,0.013451377729862112,0.011278519773329387,0.015171068185580085,0.01230707057400543,0.01515626878406788,0.013962921432931263,0.010339890672168672,-0.07067195506478602,0.5782865583456426,0.504022918274411,0.3529895797504603,1151.0,0.017211703958691912,1141.0,1.0,0.4250369276218611,0.44088790943912093,0.9090909090909091,11.0,0.004062038404726735,0.008688097306689836,1556.0,0.10773240660295395,0.019113814074717638,0.05994787141615986,0.42397914856646396,10.0,blocked,True,future_change_movement,0.03,0.42836041358936483,0.500851232655193,0.36293396264231975,1151.0,0.5941269008914526,18.0,1530.0,0.4250369276218611,0.4445109401998835,0.4254600075103267,2663.0,0.9833825701624815,0.9843614248479583,27.0,0.1155516941789748,0.011294526498696786,0.05994787141615986,0.45612510860121636,1133.0,0.4933530280649926,0.5458161817346844,0.36222587099720766,1151.0,0.6004659289458357,120.0,1252.0,0.4250369276218611,0.5255227859368382,0.451598773543583,2283.0,0.8430576070901034,0.895742832319722,305.0,0.14074717636837533,0.011294526498696786,0.06689834926151172,0.522154648132059,1031.0
0.39546684709066304,0.5491613144603106,0.2383878480290276,665.0,0.3814468674281758,114.0,1673.0,0.22496617050067658,0.39498863421583774,0.24775179856115107,2224.0,0.7523680649526387,0.8285714285714286,618.0,0.24060150375939848,0.02406015037593985,0.1293233082706767,0.42105263157894735,551.0,665,cortical_pca_64,3,2956,0,0.6343031123139378,0.6103901175899153,0.27235442424769135,665.0,0.41089918256130786,288.0,793.0,0.22496617050067658,0.3888594954320921,0.32222222222222224,1170.0,0.39580514208389717,0.5669172932330827,1498.0,0.23609022556390977,0.02406015037593985,0.13383458646616542,0.42406015037593986,377.0,0.6830175913396481,0.6476874202091873,0.29994123975909165,665.0,0.45300642148277875,277.0,660.0,0.22496617050067658,0.41423587542043333,0.3702290076335878,1048.0,0.35453315290933696,0.5834586466165413,1631.0,0.23909774436090225,0.02857142857142857,0.12631578947368421,0.42857142857142855,388.0,0.07155955405460296,0.01924724120459559,0.04210723892147089,0.025376379988341247,0.06409309108242678,0.03361007841544844,0.18531496498050787,0.1623206682216864,0.5301082543978349,0.5778567982592886,0.290115612875667,665.0,0.388913330400352,223.0,1166.0,0.22496617050067658,0.3806257970049849,0.27487562189054726,1608.0,0.543978349120433,0.6646616541353384,1125.0,0.23759398496240602,0.02556390977443609,0.12180451127819548,0.4075187969924812,442.0,blocked,True,future_spike,0.03,0.46820027063599456,0.49095808049149503,0.22918590748966947,665.0,0.31052631578947365,311.0,1261.0,0.22496617050067658,0.22892091043992546,0.21919504643962848,1615.0,0.5463464140730717,0.5323308270676692,1030.0,0.10075187969924812,0.015037593984962405,0.04962406015037594,0.26015037593984963,354.0,0.45838971583220567,0.5502659967246795,0.24896000558394635,665.0,0.373385518590998,188.0,1413.0,0.22496617050067658,0.25191520719874694,0.2523809523809524,1890.0,0.6393775372124493,0.7172932330827068,878.0,0.11578947368421053,0.010526315789473684,0.06015037593984962,0.23759398496240602,477.0
0.23670605612998524,0.5436107236416834,0.16812406644875327,238.0,0.174190970834998,20.0,2047.0,0.0878877400295421,0.16015535599137903,0.09624724061810154,2265.0,0.8364106351550961,0.9159663865546218,423.0,0.19327731092436976,0.058823529411764705,0.13025210084033614,0.1722689075630252,218.0,238,cortical_pca_64,3,2708,0,0.20790251107828656,0.5354148947028204,0.15546451188771704,238.0,0.17149478563151796,16.0,2129.0,0.0878877400295421,0.15604752575851644,0.09442790301999149,2351.0,0.8681683899556869,0.9327731092436975,341.0,0.18487394957983194,0.0546218487394958,0.11764705882352941,0.18067226890756302,222.0,0.4667651403249631,0.5842955805804103,0.19276447440254588,238.0,0.19329608938547485,65.0,1379.0,0.0878877400295421,0.19936573703850938,0.11146907216494846,1552.0,0.5731166912850812,0.726890756302521,1091.0,0.25210084033613445,0.06722689075630252,0.15966386554621848,0.23529411764705882,173.0,0.019105118550476863,0.039210381047130344,0.02180130375395689,0.04331821127999294,0.020583155631531624,0.04015602057882664,0.08538097988911614,0.0499205244214721,0.22525849335302806,0.5392338311842956,0.16674619240850097,238.0,0.17271293375394323,19.0,2079.0,0.0878877400295421,0.15920971645968274,0.09530026109660575,2298.0,0.8485967503692762,0.9201680672268907,391.0,0.19747899159663865,0.058823529411764705,0.13865546218487396,0.17647058823529413,219.0,blocked,True,future_slope_change,0.03,0.620384047267356,0.503344333684891,0.11455843596092678,238.0,0.14333333333333334,152.0,876.0,0.0878877400295421,0.11398475714939324,0.0893970893970894,962.0,0.3552437223042836,0.36134453781512604,1594.0,0.13865546218487396,0.029411764705882353,0.09243697478991597,0.13445378151260504,86.0,0.6192762186115214,0.5843687272479843,0.19964405430338017,238.0,0.20015515903801395,109.0,922.0,0.0878877400295421,0.14944521261703728,0.12274024738344434,1051.0,0.388109305760709,0.542016806722689,1548.0,0.2184873949579832,0.03361344537815126,0.13445378151260504,0.20168067226890757,129.0
0.645864106351551,0.6042092958434258,0.2625018084311959,687.0,0.4267782426778243,330.0,629.0,0.2536927621861152,0.4337579312668642,0.3620689655172414,986.0,0.3641063515509601,0.519650655021834,1392.0,0.2096069868995633,0.036390101892285295,0.1222707423580786,0.4002911208151383,357.0,687,cortical_pca_64,3,2708,0,0.6698670605612999,0.6063588506993886,0.24814755160443272,687.0,0.4232258064516129,359.0,535.0,0.2536927621861152,0.43806218526895513,0.38006952491309387,863.0,0.31868537666174296,0.4774381368267831,1486.0,0.2081513828238719,0.036390101892285295,0.12954876273653565,0.40756914119359533,328.0,0.7319054652880355,0.6142944497622129,0.25483738702290454,687.0,0.41545893719806765,429.0,297.0,0.2536927621861152,0.4661933689549752,0.4648648648648649,555.0,0.2049483013293944,0.37554585152838427,1724.0,0.22998544395924309,0.036390101892285295,0.13100436681222707,0.4264919941775837,258.0,-0.01131930547975668,0.032435437688111024,-0.00776686925354525,0.028131183686020078,0.005804664530096371,0.041026567053574936,0.18294988556910602,0.10377237602152056,0.6658050221565731,0.5969118289978516,0.26362805002499323,687.0,0.4096542726679713,373.0,532.0,0.2536927621861152,0.42516680190140027,0.37115839243498816,846.0,0.3124076809453471,0.4570596797671033,1489.0,0.2066957787481805,0.036390101892285295,0.12081513828238719,0.39592430858806404,314.0,blocked,True,future_acceleration_event,0.03,0.2536927621861152,0.5,0.2109325121193357,687.0,0.40471281296023565,0.0,2021.0,0.2536927621861152,0.2832434833858692,0.2536927621861152,2708.0,1.0,1.0,0.0,0.10625909752547306,0.017467248908296942,0.056768558951965066,0.28966521106259097,687.0,0.5797636632200887,0.5887482741260434,0.3170111512492154,687.0,0.42292089249492903,270.0,868.0,0.2536927621861152,0.36242099293345464,0.3245136186770428,1285.0,0.474519940915805,0.6069868995633187,1153.0,0.1586608442503639,0.02911208151382824,0.0858806404657933,0.3915574963609898,417.0
0.4379615952732644,0.5886291304195419,0.16343981398479418,351.0,0.2675649663137632,73.0,1449.0,0.129615952732644,0.25779925748905047,0.16097278517660682,1727.0,0.6377400295420975,0.792022792022792,908.0,0.24786324786324787,0.04843304843304843,0.150997150997151,0.27635327635327633,278.0,351,cortical_pca_64,3,2708,0,0.46971935007385524,0.578988211147736,0.20803072197431266,351.0,0.2620760534429599,96.0,1340.0,0.129615952732644,0.24349866251111538,0.15987460815047022,1595.0,0.5889955686853766,0.7264957264957265,1017.0,0.21937321937321938,0.045584045584045586,0.1452991452991453,0.2535612535612536,255.0,0.5971196454948301,0.6121663421196726,0.18233089804191893,351.0,0.28925081433224753,129.0,962.0,0.129615952732644,0.2691292594169065,0.1875,1184.0,0.43722304283604135,0.6324786324786325,1395.0,0.24786324786324787,0.04843304843304843,0.15669515669515668,0.2905982905982906,222.0,0.021685848018484333,0.011330001927856048,0.027174760889287608,0.025630596905791142,0.025060927851339343,0.017121880198065542,0.10421812155331511,0.05190437970059272,0.4734121122599705,0.5823219191908203,0.20385867107476913,351.0,0.2641898864809082,95.0,1331.0,0.129615952732644,0.252007379218841,0.16131064902331443,1587.0,0.5860413589364845,0.7293447293447294,1026.0,0.23931623931623933,0.04843304843304843,0.14814814814814814,0.27350427350427353,256.0,blocked,True,future_local_rank_event,0.03,0.5546528803545052,0.5016928419558881,0.13768650860534767,351.0,0.2002652519893899,200.0,1006.0,0.129615952732644,0.1649111378635914,0.13050993949870354,1157.0,0.4272525849335303,0.4301994301994302,1351.0,0.13675213675213677,0.03133903133903134,0.09116809116809117,0.150997150997151,151.0,0.5937961595273265,0.57631084953953,0.22815461473271056,351.0,0.260752688172043,157.0,943.0,0.129615952732644,0.2172248797163138,0.1706244503078276,1137.0,0.41986706056129985,0.5527065527065527,1414.0,0.23076923076923078,0.03133903133903134,0.1282051282051282,0.27635327635327633,194.0
0.7596011816838996,0.5253096747681109,0.24293227028555497,668.0,0.11428571428571428,626.0,25.0,0.2466765140324963,0.3375655719523798,0.6268656716417911,67.0,0.024741506646971934,0.06287425149700598,2015.0,0.17365269461077845,0.02694610778443114,0.10329341317365269,0.31736526946107785,42.0,668,cortical_pca_64,3,2708,0,0.7573855243722304,0.5339071856287425,0.24160795363688686,668.0,0.1587708066581306,606.0,51.0,0.2466765140324963,0.353562590657365,0.5486725663716814,113.0,0.04172821270310192,0.09281437125748503,1989.0,0.17065868263473055,0.02844311377245509,0.1062874251497006,0.33682634730538924,62.0,0.7573855243722304,0.5444786896794646,0.2633961838689926,668.0,0.20170109356014582,585.0,72.0,0.2466765140324963,0.38581406501614784,0.535483870967742,155.0,0.05723781388478582,0.12425149700598802,1968.0,0.18263473053892215,0.03143712574850299,0.1122754491017964,0.38323353293413176,83.0,0.08741537927443153,0.04824849306376805,0.042930286902015224,0.03225147435878284,0.0957228326905806,0.05290750922638926,0.11175760708315935,0.04527989970236562,0.7570162481536189,0.5220837736292122,0.24455961057698677,668.0,0.10597826086956522,629.0,29.0,0.2466765140324963,0.3329065557897586,0.5735294117647058,68.0,0.025110782865583457,0.058383233532934134,2011.0,0.1691616766467066,0.02694610778443114,0.10179640718562874,0.3143712574850299,39.0,blocked,True,future_change_movement,0.05,0.24741506646971936,0.4989799812140425,0.21794876539552183,668.0,0.3948931116389549,3.0,2035.0,0.2466765140324963,0.2740564579329885,0.2462962962962963,2700.0,0.9970457902511078,0.9955089820359282,5.0,0.1317365269461078,0.01347305389221557,0.06736526946107785,0.2634730538922156,665.0,0.46454948301329396,0.5816822237877186,0.26197777541834466,668.0,0.42823343848580436,125.0,1325.0,0.2466765140324963,0.3405341653137822,0.2906852248394004,1868.0,0.689807976366322,0.812874251497006,715.0,0.1601796407185629,0.017964071856287425,0.08832335329341318,0.33682634730538924,543.0
0.13870094722598106,0.5002686331943074,0.19100423814519887,392.0,0.2340553549939832,3.0,2543.0,0.13261163734776726,0.19692347474408667,0.13267394270122784,2932.0,0.9918809201623816,0.9923469387755102,21.0,0.16071428571428573,0.03571428571428571,0.11479591836734694,0.18877551020408162,389.0,392,cortical_pca_64,3,2956,0,0.14411366711772666,0.5001472507879907,0.1955531177204472,392.0,0.2337976983646275,6.0,2524.0,0.13261163734776726,0.19568529259238843,0.13264604810996564,2910.0,0.9844384303112313,0.9846938775510204,40.0,0.15816326530612246,0.03826530612244898,0.1096938775510204,0.1836734693877551,386.0,0.2428958051420839,0.5452040020376325,0.23239252669533234,392.0,0.25100401606425704,17.0,2221.0,0.13261163734776726,0.24550366205249566,0.14445300462249616,2596.0,0.878213802435724,0.9566326530612245,343.0,0.21683673469387754,0.04336734693877551,0.14795918367346939,0.25255102040816324,375.0,0.016948661070273846,0.04858018730840899,0.017206317699629547,0.04981836946010723,0.01495251391833427,0.05165481026637822,0.11738818189312347,0.10276038535245863,0.15696887686062247,0.5064770447960776,0.20281982384421876,392.0,0.23605150214592277,7.0,2485.0,0.13261163734776726,0.19384885178611744,0.13414634146341464,2870.0,0.9709066305818674,0.9821428571428571,79.0,0.16071428571428573,0.03316326530612245,0.10204081632653061,0.19642857142857142,385.0,blocked,True,future_spike,0.05,0.8017591339648173,0.5053885828902545,0.1779151943863055,392.0,0.12012012012012012,352.0,234.0,0.13261163734776726,0.12811548015937219,0.145985401459854,274.0,0.09269282814614344,0.10204081632653061,2330.0,0.1096938775510204,0.002551020408163265,0.04336734693877551,0.14285714285714285,40.0,0.6525710419485792,0.5371649049635455,0.25135544917862906,392.0,0.22490566037735846,243.0,784.0,0.13261163734776726,0.14274327670003703,0.15969989281886388,933.0,0.31562922868741544,0.38010204081632654,1780.0,0.07908163265306123,0.0,0.04336734693877551,0.10204081632653061,149.0
0.2791728212703102,0.5729160573267037,0.12830016782570286,78.0,0.0660287081339713,9.0,1943.0,0.02880354505169867,0.05438580135892372,0.03429423459244533,2012.0,0.7429837518463811,0.8846153846153846,687.0,0.16666666666666666,0.0641025641025641,0.10256410256410256,0.07692307692307693,69.0,78,cortical_pca_64,3,2708,0,0.24778434268833088,0.5816369308764746,0.11951874816350655,78.0,0.0668804397617957,5.0,2032.0,0.02880354505169867,0.04996484510944578,0.03467933491686461,2105.0,0.7773264401772526,0.9358974358974359,598.0,0.16666666666666666,0.05128205128205128,0.08974358974358974,0.07692307692307693,73.0,0.5668389955686853,0.6277127815150629,0.13452855510802264,78.0,0.08430913348946135,24.0,1149.0,0.02880354505169867,0.11019764178416355,0.04488778054862843,1203.0,0.44423929098966025,0.6923076923076923,1481.0,0.3076923076923077,0.11538461538461539,0.21794871794871795,0.16666666666666666,54.0,0.018280425355490057,0.05581184042523983,0.01742869372766566,0.06023279667471777,0.019060906539106748,0.05897113914359571,0.08038023682056443,0.06395818830536376,0.26994091580502216,0.5681632056156771,0.12823846168277586,78.0,0.06524822695035461,9.0,1968.0,0.02880354505169867,0.05122650264056784,0.033873343151693665,2037.0,0.7522156573116692,0.8846153846153846,662.0,0.14102564102564102,0.05128205128205128,0.08974358974358974,0.0641025641025641,69.0,blocked,True,future_slope_change,0.05,0.9711964549483013,0.5,0.10047801335226034,78.0,,78.0,0.0,0.02880354505169867,0.029817404963599123,,0.0,0.0,0.0,2630.0,0.14102564102564102,0.01282051282051282,0.07692307692307693,0.038461538461538464,0.0,0.8954948301329394,0.5232280393877352,0.17420793140819996,78.0,0.066006600660066,68.0,215.0,0.02880354505169867,0.046239453478799784,0.044444444444444446,225.0,0.08308714918759232,0.1282051282051282,2415.0,0.1794871794871795,0.038461538461538464,0.08974358974358974,0.038461538461538464,10.0
0.1894387001477105,0.49100456269372195,0.23027278666618248,254.0,0.16635017090770984,35.0,2160.0,0.09379615952732644,0.15199116766587376,0.09205548549810845,2379.0,0.8785081240768094,0.8622047244094488,294.0,0.18110236220472442,0.04330708661417323,0.11811023622047244,0.1732283464566929,219.0,254,cortical_pca_64,3,2708,0,0.15657311669128507,0.49051845291954643,0.19313833132901845,254.0,0.16703136396790663,25.0,2259.0,0.09379615952732644,0.15236518992177472,0.09204180064308681,2488.0,0.9187592319054653,0.9015748031496063,195.0,0.18110236220472442,0.04330708661417323,0.11811023622047244,0.16929133858267717,229.0,0.45753323485967506,0.5559828401645394,0.2572596406033148,254.0,0.1897407611693326,82.0,1387.0,0.09379615952732644,0.21949706310420458,0.11032713277742143,1559.0,0.5757016248153619,0.6771653543307087,1067.0,0.24015748031496062,0.06692913385826772,0.1732283464566929,0.23228346456692914,172.0,0.023390590261622768,0.06750589543833083,0.02270939720142598,0.06713187318242986,0.02358455902538159,0.06941852974599153,0.100616870007494,0.040669217249097556,0.19571639586410636,0.490938785463553,0.22408340150670203,254.0,0.16615620214395102,37.0,2141.0,0.09379615952732644,0.15007853335821306,0.09202714164546226,2358.0,0.8707533234859675,0.8543307086614174,313.0,0.17716535433070865,0.04330708661417323,0.11811023622047244,0.1732283464566929,217.0,blocked,True,future_acceleration_event,0.05,0.9062038404726735,0.5,0.21768896124957274,254.0,,254.0,0.0,0.09379615952732644,0.11888019309671058,,0.0,0.0,0.0,2454.0,0.14960629921259844,0.011811023622047244,0.08267716535433071,0.14566929133858267,0.0,0.7570162481536189,0.6082789467942424,0.2703830592133436,254.0,0.24713958810068648,146.0,512.0,0.09379615952732644,0.17882784585510703,0.17419354838709677,620.0,0.22895125553914328,0.4251968503937008,1942.0,0.2440944881889764,0.03937007874015748,0.14960629921259844,0.2204724409448819,108.0
0.7791728212703102,0.5273933900555519,0.2462993056100796,617.0,0.11799410029498525,577.0,21.0,0.22784342688330872,0.3324002092592286,0.6557377049180327,61.0,0.022525849335302807,0.06482982171799027,2070.0,0.1847649918962723,0.03079416531604538,0.11507293354943274,0.3079416531604538,40.0,617,cortical_pca_64,3,2708,0,0.7788035450516987,0.5322955446162336,0.22917332011826727,617.0,0.1406025824964132,568.0,31.0,0.22784342688330872,0.3329183193888533,0.6125,80.0,0.029542097488921712,0.07941653160453808,2060.0,0.18638573743922204,0.03079416531604538,0.11183144246353323,0.3160453808752026,49.0,0.7728951255539144,0.5444647005341252,0.2393764658069948,617.0,0.200260078023407,540.0,75.0,0.22784342688330872,0.37128119862806935,0.506578947368421,152.0,0.056129985228951254,0.12479740680713128,2016.0,0.18638573743922204,0.03403565640194489,0.1166936790923825,0.36142625607779577,77.0,0.08226597772842176,0.03888098936884077,0.059657495526993815,0.03836287923921605,0.08639146488472088,0.04055109930132328,0.12912614285647353,0.0522801337774314,0.7758493353028065,0.5246700569780033,0.24851115643649846,617.0,0.11386861313868613,578.0,29.0,0.22784342688330872,0.3307300993267461,0.5735294117647058,68.0,0.025110782865583457,0.06320907617504051,2062.0,0.1912479740680713,0.03079416531604538,0.11345218800648298,0.3079416531604538,39.0,blocked,True,future_local_rank_event,0.05,0.25960118168389956,0.48400414836448874,0.21411174693354398,617.0,0.35551269688203146,64.0,1941.0,0.22784342688330872,0.24215505577159582,0.22173215717722533,2494.0,0.9209748892171344,0.8962722852512156,150.0,0.09886547811993517,0.009724473257698542,0.05834683954619125,0.2479740680713128,553.0,0.4789512555391433,0.5757712105674779,0.2649466239111834,617.0,0.3972661255873558,152.0,1259.0,0.22784342688330872,0.31900106485063795,0.2697215777262181,1724.0,0.6366322008862629,0.7536466774716369,832.0,0.15235008103727715,0.019448946515397084,0.09238249594813615,0.3160453808752026,465.0
0.4911373707533235,0.5979136196232533,0.16910912965865874,363.0,0.28154327424400416,93.0,1285.0,0.13404726735598227,0.27288642023704773,0.17363344051446947,1555.0,0.5742245199409158,0.743801652892562,1060.0,0.26721763085399447,0.046831955922865015,0.15426997245179064,0.2975206611570248,270.0,363,cortical_pca_64,3,2708,0,0.5882570162481536,0.6085869354526071,0.17843340733189025,363.0,0.29296131896005073,132.0,983.0,0.13404726735598227,0.2708284753887585,0.1902800658978583,1214.0,0.448301329394387,0.6363636363636364,1362.0,0.25068870523415976,0.046831955922865015,0.15426997245179064,0.325068870523416,231.0,0.6488183161004432,0.612121799503075,0.1860216878797707,363.0,0.30022075055187636,159.0,792.0,0.13404726735598227,0.2852639343855053,0.20481927710843373,996.0,0.36779911373707536,0.5619834710743802,1553.0,0.256198347107438,0.05234159779614325,0.17079889807162535,0.3002754820936639,204.0,0.0186774763078722,0.012377514148457558,0.007259431591825627,0.014435458996746808,0.0236450214832028,0.02621771748681745,0.11553655449102562,0.05966102138275359,0.4320531757754801,0.5917390614812595,0.1936405673813267,363.0,0.27657572906867356,69.0,1469.0,0.13404726735598227,0.25904621689868784,0.16676120249574589,1763.0,0.6510339734121122,0.8099173553719008,876.0,0.23415977961432508,0.049586776859504134,0.14325068870523416,0.2892561983471074,294.0,blocked,True,future_change_movement,0.075,0.5406203840472673,0.5135585355395396,0.1416798783796075,363.0,0.2176100628930818,190.0,1054.0,0.13404726735598227,0.16972737989447967,0.14099429502852487,1227.0,0.4531019202363368,0.4765840220385675,1291.0,0.1349862258953168,0.03305785123966942,0.0881542699724518,0.1652892561983471,173.0,0.6432791728212703,0.5914606424782816,0.25744130812307675,363.0,0.28125000000000006,174.0,792.0,0.13404726735598227,0.2256029130027517,0.1926605504587156,981.0,0.36225997045790254,0.5206611570247934,1553.0,0.21212121212121213,0.030303030303030304,0.12947658402203857,0.2727272727272727,189.0
0.08085250338294993,0.49799673303493336,0.1386223696085902,228.0,0.1426317450299779,2.0,2715.0,0.07713125845737483,0.11514677325127667,0.0768446106766406,2941.0,0.9949255751014885,0.9912280701754386,13.0,0.13596491228070176,0.039473684210526314,0.08771929824561403,0.11403508771929824,226.0,228,cortical_pca_64,3,2956,0,0.11772665764546685,0.511945644904049,0.17531933711366743,228.0,0.14603798297315,5.0,2603.0,0.07713125845737483,0.1204128260256967,0.0789101203113942,2826.0,0.956021650879567,0.9780701754385965,125.0,0.14473684210526316,0.039473684210526314,0.09649122807017543,0.13157894736842105,223.0,0.2510148849797023,0.5479851571744611,0.23944583590168605,228.0,0.15625000000000003,23.0,2191.0,0.07713125845737483,0.15752967860337994,0.08555926544240401,2396.0,0.8105548037889039,0.8991228070175439,537.0,0.2149122807017544,0.05701754385964912,0.13157894736842105,0.17543859649122806,205.0,0.013618254970022114,0.04238290535210326,0.01021201702685004,0.03711685257768324,0.012374432922877543,0.04507668012397545,0.08407151066717466,0.05480113327284812,0.10622462787550745,0.5037042753511345,0.1638401171569749,228.0,0.14387556707712248,6.0,2636.0,0.07713125845737483,0.11245299847940449,0.07767669699090272,2858.0,0.9668470906630582,0.9736842105263158,92.0,0.14035087719298245,0.039473684210526314,0.08771929824561403,0.11403508771929824,222.0,blocked,True,future_spike,0.075,0.8893775372124493,0.49190332870298914,0.1145239259058014,228.0,0.02967359050445104,223.0,104.0,0.07713125845737483,0.07345816793620527,0.045871559633027525,109.0,0.03687415426251692,0.021929824561403508,2624.0,0.12719298245614036,0.0,0.043859649122807015,0.08771929824561403,5.0,0.7144790257104194,0.5840471780624582,0.175946024782087,228.0,0.18846153846153846,130.0,714.0,0.07713125845737483,0.10272854533053181,0.1206896551724138,812.0,0.2746955345060893,0.4298245614035088,2014.0,0.14035087719298245,0.021929824561403508,0.07894736842105263,0.10526315789473684,98.0
0.21233382570162482,0.6011593118922962,0.07340636604860284,34.0,0.03089504770558837,0.0,2133.0,0.012555391432791729,0.016504511130691943,0.015689893862482696,2167.0,0.8002215657311669,1.0,541.0,0.14705882352941177,0.0,0.0,0.0,34.0,34,cortical_pca_64,3,2708,0,0.2655096011816839,0.6135663689559594,0.08573431375244556,34.0,0.032116788321167884,1.0,1988.0,0.012555391432791729,0.01737643638266738,0.01632855022266205,2021.0,0.7463072378138847,0.9705882352941176,686.0,0.17647058823529413,0.0,0.058823529411764705,0.0,33.0,0.5369276218611522,0.6493686479827533,0.09858196307539559,34.0,0.039816232771822356,8.0,1246.0,0.012555391432791729,0.03392714456197149,0.020440251572327043,1272.0,0.46971935007385524,0.7647058823529411,1428.0,0.20588235294117646,0.08823529411764706,0.11764705882352941,0.08823529411764706,26.0,0.008921185066233985,0.017422633431279547,0.007699444450654472,0.01655070817930411,0.010805993863972525,0.017378768830384455,0.023347702283676882,0.01308266534387419,0.15952732644017725,0.5744203440538519,0.06771957399516795,34.0,0.02901023890784983,0.0,2276.0,0.012555391432791729,0.016548375731587035,0.01471861471861472,2310.0,0.8530280649926145,1.0,398.0,0.17647058823529413,0.0,0.0,0.0,34.0,blocked,True,future_slope_change,0.075,0.9874446085672083,0.5,0.043466987476140154,34.0,,34.0,0.0,0.012555391432791729,0.010579442278294608,,0.0,0.0,0.0,2674.0,0.08823529411764706,0.0,0.058823529411764705,0.0,0.0,0.9420236336779911,0.5060385410708786,0.10400304507084253,34.0,0.024844720496894408,32.0,125.0,0.012555391432791729,0.0208444792180973,0.015748031496062992,127.0,0.04689807976366322,0.058823529411764705,2549.0,0.11764705882352941,0.058823529411764705,0.058823529411764705,0.058823529411764705,2.0
0.12259970457902511,0.4557986719314392,0.197176908053894,117.0,0.07476635514018692,21.0,2355.0,0.043205317577548,0.10039129763176813,0.03916768665850673,2451.0,0.905096011816839,0.8205128205128205,236.0,0.1794871794871795,0.06837606837606838,0.11965811965811966,0.09401709401709402,96.0,117,cortical_pca_64,3,2708,0,0.1325701624815362,0.45692848683971804,0.1976241457500756,117.0,0.07483261126427727,22.0,2327.0,0.043205317577548,0.10698152290395792,0.03922378199834847,2422.0,0.8943870014771049,0.811965811965812,264.0,0.1794871794871795,0.06837606837606838,0.10256410256410256,0.08547008547008547,95.0,0.3548744460856721,0.5322945633636487,0.22252651519402866,117.0,0.08868022952529996,32.0,1715.0,0.043205317577548,0.14853167312656715,0.04722222222222222,1800.0,0.6646971935007385,0.7264957264957265,876.0,0.2564102564102564,0.08547008547008547,0.17094017094017094,0.13675213675213677,85.0,0.013913874385113031,0.04814037549479902,0.013847618261022682,0.04155015022260923,0.01131523527022528,0.035372902191121464,0.08911041299456166,0.04668154352451895,0.11041358936484491,0.46983311726654065,0.18513283352991125,117.0,0.07736499425507468,16.0,2393.0,0.043205317577548,0.11315877093544568,0.0404971932638332,2494.0,0.9209748892171344,0.8632478632478633,198.0,0.1794871794871795,0.06837606837606838,0.1111111111111111,0.08547008547008547,101.0,blocked,True,future_acceleration_event,0.075,0.956794682422452,0.5,0.21742138825117063,117.0,,117.0,0.0,0.043205317577548,0.059421260132005486,,0.0,0.0,0.0,2591.0,0.11965811965811966,0.042735042735042736,0.07692307692307693,0.07692307692307693,0.0,0.8836779911373708,0.6168509007181334,0.20917750137881957,117.0,0.19437340153452687,79.0,236.0,0.043205317577548,0.1018501296020482,0.1386861313868613,274.0,0.10118168389955687,0.3247863247863248,2355.0,0.3247863247863248,0.03418803418803419,0.15384615384615385,0.13675213675213677,38.0
0.6373707533234859,0.5044684328735551,0.2863769319622877,990.0,0.019960079840319365,980.0,2.0,0.3655834564254062,0.3905698567860798,0.8333333333333334,12.0,0.004431314623338257,0.010101010101010102,1716.0,0.11212121212121212,0.021212121212121213,0.06565656565656566,0.3696969696969697,10.0,990,cortical_pca_64,3,2708,0,0.6366322008862629,0.5036723462800297,0.3119530850252138,990.0,0.017964071856287425,981.0,3.0,0.3655834564254062,0.3910434219916429,0.75,12.0,0.004431314623338257,0.00909090909090909,1715.0,0.11717171717171718,0.020202020202020204,0.06666666666666667,0.36363636363636365,9.0,0.638109305760709,0.5056925483002317,0.31810025508438344,990.0,0.02584493041749503,977.0,3.0,0.3655834564254062,0.40626378466749946,0.8125,16.0,0.005908419497784343,0.013131313131313131,1715.0,0.11818181818181818,0.020202020202020204,0.06464646464646465,0.3808080808080808,13.0,0.005884850577175665,0.015693927881419656,0.007880858561207606,0.01522036267585658,0.007862912435477046,0.016241191811789735,0.03037321458870179,-0.056241407249228825,0.6370014771048744,0.5039633823685046,0.31325034948360836,990.0,0.017982017982017984,981.0,2.0,0.3655834564254062,0.3900225928557097,0.8181818181818182,11.0,0.004062038404726735,0.00909090909090909,1716.0,0.11414141414141414,0.021212121212121213,0.06767676767676768,0.36767676767676766,9.0,blocked,True,future_local_rank_event,0.075,0.3722304283604136,0.5016004045107654,0.2843094079798009,990.0,0.5337356006582555,17.0,1683.0,0.3655834564254062,0.37589057007879767,0.36634036144578314,2656.0,0.9807976366322009,0.9828282828282828,35.0,0.10101010101010101,0.011111111111111112,0.06060606060606061,0.3787878787878788,973.0,0.47488921713441656,0.5568267071177432,0.3218396212799741,990.0,0.5453964194373401,137.0,1285.0,0.3655834564254062,0.4625051919167283,0.3989710009354537,2138.0,0.7895125553914328,0.8616161616161616,433.0,0.14545454545454545,0.012121212121212121,0.07575757575757576,0.4777777777777778,853.0
0.26329394387001476,0.5581264603548726,0.142448254043504,195.0,0.149978696207925,19.0,1976.0,0.07200886262924668,0.1499082009614433,0.08178438661710037,2152.0,0.794682422451994,0.9025641025641026,537.0,0.2,0.06153846153846154,0.14358974358974358,0.17435897435897435,176.0,195,cortical_pca_64,3,2708,0,0.27806499261447565,0.5566245268195129,0.15733384404979328,195.0,0.14963027403218793,23.0,1932.0,0.07200886262924668,0.1432943290088478,0.0817490494296578,2104.0,0.7769571639586411,0.882051282051282,581.0,0.19487179487179487,0.07179487179487179,0.13846153846153847,0.17435897435897435,172.0,0.7607090103397341,0.6061750691277153,0.1789618406808199,195.0,0.20393120393120392,112.0,536.0,0.07200886262924668,0.1939452318854537,0.13408723747980614,619.0,0.22858197932053176,0.4256410256410256,1977.0,0.2717948717948718,0.08205128205128205,0.1794871794871795,0.22564102564102564,83.0,0.05395250772327892,0.0440370309240104,0.054300929899016,0.0506509028766059,0.05237504696232709,0.04012059772337495,0.09963150228392359,0.0657973537210916,0.3053914327917282,0.561887416204965,0.15725378048404745,195.0,0.15155615696887684,27.0,1854.0,0.07200886262924668,0.15382463416207875,0.0830860534124629,2022.0,0.7466765140324964,0.8615384615384616,659.0,0.18974358974358974,0.07179487179487179,0.14871794871794872,0.16923076923076924,168.0,blocked,True,future_change_movement,0.1,0.5092319054652881,0.4706796453314559,0.10155780676238585,195.0,0.11103678929765885,112.0,1217.0,0.07200886262924668,0.09431372960153012,0.06384615384615384,1300.0,0.48005908419497784,0.4256410256410256,1296.0,0.1282051282051282,0.03076923076923077,0.07692307692307693,0.11282051282051282,83.0,0.5350812407680945,0.5721172977440387,0.17128868375246167,195.0,0.1601067378252168,75.0,1184.0,0.07200886262924668,0.1281478781643621,0.09202453987730061,1304.0,0.4815361890694239,0.6153846153846154,1329.0,0.23076923076923078,0.041025641025641026,0.14871794871794872,0.16923076923076924,120.0
0.2422192151556157,0.5416631763831656,0.18440661032862682,131.0,0.09238249594813615,17.0,2223.0,0.04431664411366712,0.07566128437024011,0.04878048780487805,2337.0,0.790595399188092,0.8702290076335878,602.0,0.1450381679389313,0.04580152671755725,0.09923664122137404,0.09923664122137404,114.0,131,cortical_pca_64,3,2956,0,0.20196211096075778,0.5388002431939471,0.16147590217005897,131.0,0.09164420485175201,12.0,2347.0,0.04431664411366712,0.07069201853617502,0.048256285482562854,2466.0,0.8342354533152909,0.9083969465648855,478.0,0.1450381679389313,0.04580152671755725,0.10687022900763359,0.09923664122137404,119.0,0.4150879566982409,0.5993474295750861,0.1947691268847129,131.0,0.10830324909747292,26.0,1703.0,0.04431664411366712,0.13954719004590838,0.05807522123893805,1808.0,0.6116373477672531,0.8015267175572519,1122.0,0.3282442748091603,0.08396946564885496,0.19083969465648856,0.183206106870229,105.0,0.015920753149336775,0.06388590567566826,0.016659044245720914,0.06885517150973336,0.018597366744531746,0.06589333401458626,0.09829028998744786,0.06597968531854843,0.16238159675236807,0.5290116868202391,0.15354398566886643,131.0,0.08970588235294118,9.0,2467.0,0.04431664411366712,0.07365385603132212,0.04712244109694863,2589.0,0.8758457374830853,0.9312977099236641,358.0,0.1297709923664122,0.03816793893129771,0.10687022900763359,0.10687022900763359,122.0,blocked,True,future_spike,0.1,0.9516238159675237,0.49787610619469025,0.08946635421362321,131.0,,131.0,12.0,0.04431664411366712,0.04125690005846051,0.0,12.0,0.0040595399188092015,0.0,2813.0,0.12213740458015267,0.0,0.030534351145038167,0.022900763358778626,0.0,0.7039918809201624,0.597626156860096,0.13925056615247805,131.0,0.1258741258741259,68.0,807.0,0.04431664411366712,0.07356750472735994,0.07241379310344828,870.0,0.2943166441136671,0.48091603053435117,2018.0,0.25190839694656486,0.007633587786259542,0.13740458015267176,0.13740458015267176,63.0
0.03581979320531758,0.5148643626904497,0.02980075369236614,17.0,0.012854442344045367,0.0,2611.0,0.006277695716395864,0.006486927440169144,0.006468797564687975,2628.0,0.9704579025110783,1.0,80.0,0.058823529411764705,0.0,0.0,0.0,17.0,17,cortical_pca_64,3,2708,0,0.06646971935007386,0.5302861389817911,0.03399179080877891,17.0,0.01327088212334114,0.0,2528.0,0.006277695716395864,0.006706506391309179,0.0066797642436149315,2545.0,0.939807976366322,1.0,163.0,0.11764705882352941,0.0,0.0,0.0,17.0,0.41063515509601184,0.6742300041532778,0.058248098662413886,17.0,0.019656019656019656,1.0,1595.0,0.006277695716395864,0.0232283042617403,0.009931719428926133,1611.0,0.594903988183161,0.9411764705882353,1096.0,0.11764705882352941,0.058823529411764705,0.11764705882352941,0.058823529411764705,16.0,0.006801577311974288,0.016741376821571157,0.006385137532678515,0.01652179787043112,0.006482830969464058,0.016486056570726368,0.018124451022731924,0.007590444552524344,0.05945347119645495,0.5267558528428093,0.03318280627677098,17.0,0.013173188686555598,0.0,2547.0,0.006277695716395864,0.006742247691013935,0.006630265210608425,2564.0,0.946824224519941,1.0,144.0,0.058823529411764705,0.0,0.058823529411764705,0.0,17.0,blocked,True,future_slope_change,0.1,0.9892909896602659,0.4977703455964326,0.015910683090780524,17.0,,17.0,12.0,0.006277695716395864,0.005103853239008377,0.0,12.0,0.004431314623338257,0.0,2679.0,0.058823529411764705,0.0,0.058823529411764705,0.0,0.0,0.9608567208271788,0.5419153168513782,0.05905569414601004,17.0,0.03636363636363636,15.0,91.0,0.006277695716395864,0.015637859709215957,0.021505376344086023,93.0,0.03434268833087149,0.11764705882352941,2600.0,0.11764705882352941,0.11764705882352941,0.11764705882352941,0.058823529411764705,2.0
0.06868537666174299,0.47123852261292015,0.13157353715853753,79.0,0.0533033033033033,8.0,2514.0,0.029172821270310192,0.06040787236754818,0.02746615087040619,2585.0,0.9545790251107829,0.8987341772151899,115.0,0.1518987341772152,0.0379746835443038,0.08860759493670886,0.08860759493670886,71.0,79,cortical_pca_64,3,2708,0,0.17171344165435745,0.4567723204183138,0.19858760558547495,79.0,0.050782903089293265,19.0,2224.0,0.029172821270310192,0.06617594391395427,0.02626970227670753,2284.0,0.843426883308715,0.759493670886076,405.0,0.13924050632911392,0.05063291139240506,0.10126582278481013,0.08860759493670886,60.0,0.396602658788774,0.5173454795826492,0.21534370744422965,79.0,0.0587557603686636,28.0,1606.0,0.029172821270310192,0.10132423663695446,0.030778515389257695,1657.0,0.611890694239291,0.6455696202531646,1023.0,0.21518987341772153,0.10126582278481013,0.1518987341772152,0.11392405063291139,51.0,0.005452457065360294,0.04091636426940628,0.007972857279370332,0.035148292723000185,0.0074737090866123165,0.045874636198592736,0.061710793287445734,0.03802497650232092,0.13921713441654357,0.4584527013688605,0.173088237953505,79.0,0.05128205128205128,16.0,2315.0,0.029172821270310192,0.055449600438361724,0.026492851135407905,2378.0,0.878138847858198,0.7974683544303798,314.0,0.1518987341772152,0.0379746835443038,0.08860759493670886,0.08860759493670886,63.0,blocked,True,future_acceleration_event,0.1,0.9708271787296898,0.5,0.18406718708524206,79.0,,79.0,0.0,0.029172821270310192,0.039613443349508726,,0.0,0.0,0.0,2629.0,0.11392405063291139,0.05063291139240506,0.0759493670886076,0.06329113924050633,0.0,0.9309453471196455,0.5408491460872161,0.17731091871277516,79.0,0.0966183574879227,69.0,118.0,0.029172821270310192,0.06329926013463354,0.078125,128.0,0.047267355982274745,0.12658227848101267,2511.0,0.31645569620253167,0.0379746835443038,0.12658227848101267,0.0759493670886076,10.0
0.5291728212703102,0.5036195264097448,0.3861822283677882,1284.0,0.018475750577367202,1272.0,3.0,0.4741506646971935,0.4968116566757597,0.8,15.0,0.005539143279172821,0.009345794392523364,1421.0,0.1059190031152648,0.01791277258566978,0.06074766355140187,0.4797507788161994,12.0,1284,cortical_pca_64,3,2708,0,0.5295420974889217,0.5039706500052504,0.39437681201723135,1284.0,0.018489984591679505,1272.0,2.0,0.4741506646971935,0.4974087512311016,0.8571428571428571,14.0,0.0051698670605613,0.009345794392523364,1422.0,0.10981308411214953,0.018691588785046728,0.061526479750778816,0.48130841121495327,12.0,0.534711964549483,0.5097669239385347,0.3740266419759276,1284.0,0.05263157894736842,1249.0,11.0,0.4741506646971935,0.512778453001083,0.7608695652173914,46.0,0.016986706056129987,0.027258566978193146,1413.0,0.1191588785046729,0.018691588785046728,0.05841121495327103,0.4953271028037383,35.0,0.034155828370001216,0.01596679632532333,0.03414159435568891,0.015369701769981425,0.02207390133086727,0.01646005634327563,0.004134877269900361,-0.0722865175911892,0.5313884785819794,0.5060325440162413,0.36849344638713877,1284.0,0.030557677616501147,1264.0,5.0,0.4741506646971935,0.4963183966578074,0.8,25.0,0.009231905465288036,0.01557632398753894,1419.0,0.10514018691588785,0.016355140186915886,0.0630841121495327,0.48286604361370716,20.0,blocked,True,future_local_rank_event,0.1,0.473781388478582,0.49938088487521437,0.41145104067781085,1284.0,0.6418698165368183,7.0,1418.0,0.4741506646971935,0.5086435757311827,0.4738404452690167,2695.0,0.9951994091580503,0.9945482866043613,6.0,0.117601246105919,0.012461059190031152,0.056074766355140186,0.5085669781931464,1277.0,0.5376661742983752,0.5559139714375723,0.39168613550652004,1284.0,0.6508644729503625,117.0,1135.0,0.4741506646971935,0.5850649705922722,0.5069504778453519,2302.0,0.8500738552437223,0.9088785046728972,289.0,0.14018691588785046,0.010903426791277258,0.07009345794392523,0.5887850467289719,1167.0
0.5052224371373307,0.5038810710762482,0.40792135662307477,1289.0,0.016910069177555727,1278.0,1.0,0.4986460348162476,0.5148817246829678,0.9166666666666666,12.0,0.0046421663442940036,0.008533747090768037,1295.0,0.10628394103956555,0.017843289371605897,0.05508145849495733,0.49340574088440653,11.0,1289,cortical_pca_64,4,2585,0,0.5056092843326886,0.5042689686712831,0.39217233774739374,1289.0,0.018433179723502304,1277.0,1.0,0.4986460348162476,0.5126436962144121,0.9230769230769231,13.0,0.005029013539651838,0.009309542280837859,1295.0,0.1078355314197052,0.01474010861132661,0.05508145849495733,0.5011636927851048,12.0,0.509090909090909,0.5077872836632857,0.37931084697622874,1289.0,0.05086013462976814,1255.0,14.0,0.4986460348162476,0.5320727654903445,0.7083333333333334,48.0,0.018568665377176014,0.026377036462373934,1282.0,0.11792086889061287,0.018619084561675717,0.06283941039565555,0.5112490302560124,34.0,0.033950065452212415,0.017191040807376767,0.032426954906265834,0.019429069275932465,0.02486625083771921,0.019748702937888996,0.0033747514732491712,-0.08174392121792418,0.5071566731141199,0.5058226541773219,0.3890810319636763,1289.0,0.025993883792048932,1272.0,2.0,0.4986460348162476,0.5123240625524556,0.8947368421052632,19.0,0.007350096711798839,0.013188518231186967,1294.0,0.10628394103956555,0.016291698991466253,0.05275407292474787,0.5003878975950349,17.0,blocked,True,future_change_movement,0.03,0.4990328820116054,0.5003858024691358,0.4238893465051227,1289.0,0.6656338755486703,0.0,1295.0,0.4986460348162476,0.5286980140170954,0.4988390092879257,2584.0,0.9996131528046421,1.0,1.0,0.11792086889061287,0.011636927851047323,0.05430566330488751,0.5415050426687354,1289.0,0.5473887814313346,0.5483240788629333,0.4164530136825112,1289.0,0.6632124352331606,137.0,1033.0,0.4986460348162476,0.6138166867082687,0.5272311212814645,2185.0,0.8452611218568665,0.8937160589604345,263.0,0.13964313421256788,0.01474010861132661,0.0721489526764934,0.5927075252133437,1152.0
0.7415426251691475,0.5851513679779828,0.3097594479481037,781.0,0.3413793103448276,583.0,181.0,0.2642083897158322,0.40603893972904587,0.5224274406332454,379.0,0.12821380243572394,0.2535211267605634,1994.0,0.2023047375160051,0.020486555697823303,0.11267605633802817,0.4084507042253521,198.0,781,cortical_pca_64,4,2956,0,0.7273342354533153,0.5873954699986754,0.30642933064722705,781.0,0.36031746031746037,554.0,252.0,0.2642083897158322,0.40500199540896686,0.47390396659707723,479.0,0.16204330175913398,0.2906530089628681,1923.0,0.2023047375160051,0.023047375160051217,0.11267605633802817,0.41613316261203587,227.0,0.7225981055480379,0.6194645826894492,0.3063807034273302,781.0,0.43291839557399725,468.0,352.0,0.2642083897158322,0.43933919062903504,0.4706766917293233,665.0,0.22496617050067658,0.4007682458386684,1823.0,0.1997439180537772,0.02560819462227913,0.11139564660691421,0.4519846350832266,313.0,0.09153908522916965,0.03330025089998917,0.07260093525653688,0.03433719522006817,0.1388007485151737,0.05006650600783202,0.1747744248585935,0.14817547898606775,0.7320703653585927,0.5651740327019589,0.29485288308894664,781.0,0.29411764705882354,616.0,176.0,0.2642083897158322,0.389272684621203,0.4838709677419355,341.0,0.11535859269282815,0.2112676056338028,1999.0,0.19590268886043533,0.02176696542893726,0.11139564660691421,0.382842509603073,165.0,blocked,True,future_spike,0.03,0.4479025710419486,0.48367757222541097,0.28696485854061615,781.0,0.34876296887470076,344.0,1288.0,0.2642083897158322,0.2645647657704415,0.25333333333333335,1725.0,0.5835588633288228,0.559539052496799,887.0,0.10371318822023047,0.014084507042253521,0.04481434058898848,0.29449423815621,437.0,0.42794316644113667,0.5382274419768349,0.2850732506806339,781.0,0.4162927166033828,178.0,1513.0,0.2642083897158322,0.2911637116429673,0.28497164461247637,2116.0,0.7158322056833559,0.7720870678617158,662.0,0.11267605633802817,0.012804097311139564,0.05505761843790013,0.2919334186939821,603.0
0.45029013539651835,0.5655052264808362,0.1473654089307846,205.0,0.16851960210649503,61.0,1360.0,0.07930367504835589,0.1681929670350454,0.09574468085106383,1504.0,0.5818181818181818,0.7024390243902439,1020.0,0.2097560975609756,0.05853658536585366,0.15121951219512195,0.17560975609756097,144.0,205,cortical_pca_64,4,2585,0,0.5121856866537717,0.5746003279360525,0.17353452591762497,205.0,0.17419777341191878,72.0,1189.0,0.07930367504835589,0.1617924627062428,0.10060514372163389,1322.0,0.5114119922630561,0.6487804878048781,1191.0,0.2048780487804878,0.05853658536585366,0.13658536585365855,0.17073170731707318,133.0,0.8359767891682786,0.6211621233859397,0.1834891488273888,205.0,0.26132404181184665,130.0,294.0,0.07930367504835589,0.20519570343583127,0.2032520325203252,369.0,0.14274661508704062,0.36585365853658536,2086.0,0.2731707317073171,0.06341463414634146,0.17560975609756097,0.25365853658536586,75.0,0.09280443970535163,0.03700273640078586,0.08712626839992788,0.043403240729588455,0.0978156498248407,0.05058653458131185,0.10147058102893322,0.07664103525878502,0.402321083172147,0.5550573888091822,0.16013931405571072,205.0,0.16350839198700595,54.0,1491.0,0.07930367504835589,0.15460916885451942,0.09196102314250913,1642.0,0.6352030947775629,0.7365853658536585,889.0,0.2097560975609756,0.04878048780487805,0.13170731707317074,0.16585365853658537,151.0,blocked,True,future_slope_change,0.03,0.548936170212766,0.4808823529411765,0.1105469296912014,205.0,0.12330827067669174,123.0,1043.0,0.07930367504835589,0.10372512240689805,0.07288888888888889,1125.0,0.43520309477756286,0.4,1337.0,0.1024390243902439,0.03414634146341464,0.07804878048780488,0.07804878048780488,82.0,0.6003868471953578,0.593523262963722,0.17942513715492175,205.0,0.18853102906520033,85.0,948.0,0.07930367504835589,0.12855466817704625,0.11235955056179775,1068.0,0.41315280464216636,0.5853658536585366,1432.0,0.16585365853658537,0.03902439024390244,0.1073170731707317,0.12195121951219512,120.0
0.3148936170212766,0.5081560283687944,0.2812178774149689,705.0,0.42630385487528344,47.0,1724.0,0.2727272727272727,0.36097305112956257,0.2762384550797649,2382.0,0.9214700193423597,0.9333333333333333,156.0,0.15177304964539007,0.029787234042553193,0.09645390070921986,0.33900709219858155,658.0,705,cortical_pca_64,4,2585,0,0.3160541586073501,0.5058510638297873,0.2714328179434989,705.0,0.4241042345276873,54.0,1714.0,0.2727272727272727,0.3647867830545132,0.2752642706131078,2365.0,0.9148936170212766,0.9234042553191489,166.0,0.15460992907801419,0.028368794326241134,0.10070921985815603,0.34609929078014184,651.0,0.34893617021276596,0.5218085106382979,0.24457400008048488,705.0,0.4304568527918782,69.0,1614.0,0.2727272727272727,0.39272025268089966,0.2826666666666667,2250.0,0.8704061895551257,0.902127659574468,266.0,0.17304964539007092,0.031205673758865248,0.11205673758865248,0.3773049645390071,636.0,0.004152997916594736,0.03174720155133709,0.006352618264190868,0.027933469626386487,0.00238667735328163,0.031648437218092684,0.09459654128978151,0.016102251246737753,0.30638297872340425,0.5080673758865248,0.2414041936031317,705.0,0.42807017543859655,34.0,1759.0,0.2727272727272727,0.361071815462807,0.27613168724279835,2430.0,0.9400386847195358,0.9517730496453901,121.0,0.15460992907801419,0.029787234042553193,0.0950354609929078,0.3404255319148936,671.0,blocked,True,future_acceleration_event,0.03,0.2723404255319149,0.49929078014184397,0.2162191118853093,705.0,0.4280936454849498,1.0,1880.0,0.2727272727272727,0.29812371139111815,0.2724458204334365,2584.0,0.9996131528046421,0.9985815602836879,0.0,0.12482269503546099,0.009929078014184398,0.07375886524822695,0.28368794326241137,704.0,0.593036750483559,0.6000886524822695,0.2920739446779277,705.0,0.45208333333333334,271.0,781.0,0.2727272727272727,0.3766180014341619,0.35720164609053495,1215.0,0.4700193423597679,0.6156028368794326,1099.0,0.16595744680851063,0.02269503546099291,0.08652482269503546,0.38156028368794326,434.0
0.7980657640232108,0.6029370477916994,0.17425673957558477,332.0,0.30213903743315507,219.0,303.0,0.12843326885880077,0.2709375581775199,0.27163461538461536,416.0,0.1609284332688588,0.34036144578313254,1950.0,0.2740963855421687,0.04819277108433735,0.1686746987951807,0.29819277108433734,113.0,332,cortical_pca_64,4,2585,0,0.767504835589942,0.5918253573548522,0.1659729329303805,332.0,0.2819593787335723,214.0,387.0,0.12843326885880077,0.26075492978269155,0.23366336633663368,505.0,0.195357833655706,0.35542168674698793,1866.0,0.25,0.05120481927710843,0.1686746987951807,0.28313253012048195,118.0,0.7934235976789168,0.602842127498008,0.21370814586545936,332.0,0.3010471204188482,217.0,317.0,0.12843326885880077,0.28409418331530817,0.2662037037037037,432.0,0.16711798839458414,0.3463855421686747,1936.0,0.2620481927710843,0.05421686746987952,0.1686746987951807,0.30120481927710846,115.0,-0.0010919170143068868,0.013156625137788258,0.019087741685275883,0.02333925353261662,0.021047120418848153,0.0325282820837593,0.12759474944379837,0.08088528969829475,0.7771760154738878,0.5896689287108487,0.1748219538919617,332.0,0.28,220.0,356.0,0.12843326885880077,0.25156590123154887,0.23931623931623933,468.0,0.18104448742746615,0.3373493975903614,1897.0,0.25,0.04819277108433735,0.15963855421686746,0.28313253012048195,112.0,blocked,True,future_local_rank_event,0.03,0.4154738878143133,0.5157139877753357,0.14058334021962113,332.0,0.22233659289758106,116.0,1395.0,0.12843326885880077,0.1564994338715098,0.1340782122905028,1611.0,0.6232108317214701,0.6506024096385542,858.0,0.10843373493975904,0.03614457831325301,0.06927710843373494,0.12650602409638553,216.0,0.5659574468085107,0.5930546420034332,0.1998496300730574,332.0,0.27142857142857146,123.0,999.0,0.12843326885880077,0.20320889361701341,0.17301324503311258,1208.0,0.46731141199226306,0.6295180722891566,1254.0,0.18373493975903615,0.030120481927710843,0.12048192771084337,0.21987951807228914,209.0
0.6754352030947776,0.5085464959468269,0.28808152755010896,851.0,0.038946162657502864,834.0,5.0,0.3292069632495164,0.3683949867307578,0.7727272727272727,22.0,0.00851063829787234,0.0199764982373678,1729.0,0.12925969447708577,0.023501762632197415,0.07638072855464159,0.33607520564042304,17.0,851,cortical_pca_64,4,2585,0,0.6754352030947776,0.5088456893782605,0.28514562767900997,851.0,0.04114285714285714,833.0,6.0,0.3292069632495164,0.3680875278668019,0.75,24.0,0.009284332688588007,0.021151586368977675,1728.0,0.12690951821386603,0.022326674500587545,0.07168037602820211,0.34430082256169214,18.0,0.6789168278529981,0.5210150348934763,0.31595929536306455,851.0,0.1075268817204301,801.0,29.0,0.3292069632495164,0.41074070781659133,0.6329113924050633,79.0,0.03056092843326886,0.05875440658049354,1705.0,0.14688601645123384,0.023501762632197415,0.08108108108108109,0.391304347826087,50.0,0.06858071906292723,0.04234572108583351,0.06638402457757295,0.042653179949789455,0.07091360940921729,0.04577513046062098,0.0629216330490675,-0.03233154811344663,0.6742746615087041,0.5073822506122792,0.28781739972265774,851.0,0.03661327231121281,835.0,7.0,0.3292069632495164,0.36496557735597035,0.6956521739130435,23.0,0.008897485493230174,0.01880141010575793,1727.0,0.12925969447708577,0.0199764982373678,0.07638072855464159,0.3290246768507638,16.0,blocked,True,future_change_movement,0.05,0.3288201160541586,0.498814069071328,0.2657719074926599,851.0,0.494316525794229,3.0,1732.0,0.3292069632495164,0.34781907476752383,0.32868217054263565,2580.0,0.9980657640232108,0.9964747356051704,2.0,0.10928319623971798,0.011750881316098707,0.06110458284371328,0.3537015276145711,848.0,0.49941972920696326,0.5807984906826489,0.3028192666148205,851.0,0.5186011904761905,154.0,1140.0,0.3292069632495164,0.44307225593003796,0.3794229722373435,1837.0,0.7106382978723405,0.8190364277320799,594.0,0.1562867215041128,0.01527614571092832,0.07755581668625147,0.4312573443008226,697.0
0.2391745602165088,0.5217860288408965,0.23410030433150236,509.0,0.3013358185771979,24.0,2225.0,0.17219215155615697,0.2705713556892052,0.17896678966789667,2710.0,0.9167794316644113,0.9528487229862476,222.0,0.20039292730844793,0.03536345776031434,0.13163064833005894,0.2770137524557957,485.0,509,cortical_pca_64,4,2956,0,0.2493234100135318,0.525582024579233,0.24150935670349835,509.0,0.3028589381087025,27.0,2192.0,0.17219215155615697,0.260072104543125,0.18025430067314885,2674.0,0.9046008119079838,0.9469548133595285,255.0,0.1807465618860511,0.03339882121807466,0.12966601178781925,0.26129666011787817,482.0,0.36772665764546686,0.5722026008351512,0.25139854461720146,509.0,0.32502708559046584,59.0,1810.0,0.17219215155615697,0.3339376352681889,0.19911504424778761,2260.0,0.7645466847090663,0.8840864440078585,637.0,0.2475442043222004,0.03732809430255403,0.14145383104125736,0.35952848722986247,450.0,0.023691267013267958,0.06336627957898372,0.022168147481763323,0.07386553072506391,0.028330770469754296,0.07019438474542822,0.16581537578037844,0.15069361696063743,0.2510148849797023,0.5149338872104329,0.23631942924242086,509.0,0.29669631512071154,42.0,2172.0,0.17219215155615697,0.2637432505227607,0.17696097006441833,2639.0,0.8927604871447903,0.9174852652259332,275.0,0.20039292730844793,0.03339882121807466,0.12573673870333987,0.26522593320235754,467.0,blocked,True,future_spike,0.05,0.4519621109607578,0.49237950644026646,0.16627955186967905,509.0,0.2582417582417582,227.0,1393.0,0.17219215155615697,0.16812225948781048,0.16835820895522388,1675.0,0.5666441136671178,0.5540275049115914,1054.0,0.0962671905697446,0.005893909626719057,0.0412573673870334,0.18860510805500982,282.0,0.6062246278755075,0.5373196641089727,0.3047349069187367,509.0,0.27431421446384036,289.0,875.0,0.17219215155615697,0.1832440183075515,0.2009132420091324,1095.0,0.3704330175913397,0.43222003929273084,1572.0,0.07662082514734773,0.0,0.0412573673870334,0.17681728880157171,220.0
0.33965183752417794,0.6169114728066694,0.09488786474045707,66.0,0.06568144499178981,6.0,1701.0,0.02553191489361702,0.06335431304728224,0.034071550255536626,1761.0,0.6812379110251451,0.9090909090909091,818.0,0.18181818181818182,0.06060606060606061,0.10606060606060606,0.07575757575757576,60.0,66,cortical_pca_64,4,2585,0,0.3562862669245648,0.6106920735741697,0.09243263369806756,66.0,0.0651685393258427,8.0,1656.0,0.02553191489361702,0.05599427478037943,0.0338389731621937,1714.0,0.6630560928433269,0.8787878787878788,863.0,0.16666666666666666,0.06060606060606061,0.12121212121212122,0.07575757575757576,58.0,0.6893617021276596,0.6783114992721979,0.13307988595467918,66.0,0.09876543209876544,22.0,781.0,0.02553191489361702,0.10483493079656171,0.05333333333333334,825.0,0.3191489361702128,0.6666666666666666,1738.0,0.30303030303030304,0.09090909090909091,0.21212121212121213,0.16666666666666666,44.0,0.03308398710697563,0.04148061774927947,0.03359689277292274,0.04884065601618228,0.03371581798630678,0.057743841701156005,0.07790534968059738,0.0652071909899104,0.3439071566731141,0.6117176128093158,0.11687788297314078,66.0,0.06504961411245866,7.0,1689.0,0.02553191489361702,0.04709108909540571,0.033752860411899316,1748.0,0.6762088974854932,0.8939393939393939,830.0,0.16666666666666666,0.045454545454545456,0.10606060606060606,0.06060606060606061,59.0,blocked,True,future_slope_change,0.05,0.9744680851063829,0.5,0.07558809778181495,66.0,,66.0,0.0,0.02553191489361702,0.02692958111596433,,0.0,0.0,0.0,2519.0,0.10606060606060606,0.030303030303030304,0.06060606060606061,0.045454545454545456,0.0,0.9253384912959381,0.5043006484054519,0.1600259094900288,66.0,0.03980099502487562,62.0,131.0,0.02553191489361702,0.03962773980665132,0.02962962962962963,135.0,0.05222437137330754,0.06060606060606061,2388.0,0.13636363636363635,0.045454545454545456,0.06060606060606061,0.045454545454545456,4.0
0.24874274661508705,0.49354570550222726,0.26637120907003,308.0,0.20540098199672668,57.0,1885.0,0.11914893617021277,0.17329467873100848,0.11750936329588015,2136.0,0.8263056092843327,0.814935064935065,392.0,0.16558441558441558,0.04220779220779221,0.1038961038961039,0.19155844155844157,251.0,308,cortical_pca_64,4,2585,0,0.24100580270793037,0.4919615408745843,0.2423908906969606,308.0,0.20502431118314426,55.0,1907.0,0.11914893617021277,0.17581237967873548,0.11712962962962963,2160.0,0.8355899419729207,0.8214285714285714,370.0,0.17532467532467533,0.03896103896103896,0.10714285714285714,0.19805194805194806,253.0,0.4595744680851064,0.55566534914361,0.26568500539033235,308.0,0.23115024766097964,98.0,1299.0,0.11914893617021277,0.2440612547068139,0.13916500994035785,1509.0,0.583752417794971,0.6818181818181818,978.0,0.22727272727272727,0.06168831168831169,0.1525974025974026,0.2435064935064935,210.0,0.02574926566425295,0.0707665759758054,0.02612593647783537,0.06824887502807842,0.02509440810140437,0.07352472052625536,0.11155488975000566,0.049907044039039394,0.21895551257253384,0.4920791768617856,0.23262112176396108,308.0,0.20605583955957527,46.0,1973.0,0.11914893617021277,0.17053653418055853,0.11722595078299776,2235.0,0.8646034816247582,0.8506493506493507,304.0,0.16883116883116883,0.03896103896103896,0.10064935064935066,0.18506493506493507,262.0,blocked,True,future_acceleration_event,0.05,0.8321083172147002,0.5214646464646464,0.15537663106801508,308.0,0.1388888888888889,273.0,161.0,0.11914893617021277,0.13250636495680823,0.17857142857142858,196.0,0.07582205029013539,0.11363636363636363,2116.0,0.1266233766233766,0.012987012987012988,0.08116883116883117,0.1396103896103896,35.0,0.7036750483558994,0.5945558065123282,0.27182838056426367,308.0,0.2662835249042146,169.0,597.0,0.11914893617021277,0.1941542106677745,0.18885869565217392,736.0,0.28471953578336556,0.4512987012987013,1680.0,0.2077922077922078,0.03896103896103896,0.11688311688311688,0.25,139.0
0.7740812379110251,0.5261390658547157,0.22102306475399316,603.0,0.11246200607902737,566.0,18.0,0.2332688588007737,0.3187609099559985,0.6727272727272727,55.0,0.02127659574468085,0.06135986733001658,1964.0,0.1691542288557214,0.028192371475953566,0.09950248756218906,0.30514096185737977,37.0,603,cortical_pca_64,4,2585,0,0.769825918762089,0.5164410875324019,0.23715649835156413,603.0,0.07751937984496123,578.0,17.0,0.2332688588007737,0.31184413093488517,0.5952380952380952,42.0,0.016247582205029015,0.04145936981757877,1965.0,0.15920398009950248,0.029850746268656716,0.10281923714759536,0.296849087893864,25.0,0.758220502901354,0.5429110752995868,0.23501025915998627,603.0,0.21185372005044137,519.0,106.0,0.2332688588007737,0.34791974700128014,0.4421052631578947,190.0,0.0735009671179884,0.13930348258706468,1876.0,0.1691542288557214,0.03150912106135987,0.09618573797678276,0.33665008291873966,84.0,0.099391713971414,0.02915883704528166,0.13433434020548013,0.03607561606639498,0.11414379638631923,0.03145395431071413,0.10882198520615452,0.008970362355513517,0.7713733075435203,0.5214885880051475,0.2470736026571471,603.0,0.09770992366412214,571.0,20.0,0.2332688588007737,0.316465792690566,0.6153846153846154,52.0,0.02011605415860735,0.05306799336650083,1962.0,0.1625207296849088,0.028192371475953566,0.0978441127694859,0.30016583747927034,32.0,blocked,True,future_local_rank_event,0.05,0.3551257253384913,0.506773649411871,0.21800353423806185,603.0,0.36398321251430754,126.0,1541.0,0.2332688588007737,0.23909776179512562,0.23637264618434092,2018.0,0.7806576402321083,0.7910447761194029,441.0,0.07462686567164178,0.01990049751243781,0.04477611940298507,0.23051409618573798,477.0,0.45338491295938105,0.576042592285796,0.2618182209603948,603.0,0.4075471698113208,117.0,1296.0,0.2332688588007737,0.3389493846457666,0.2727272727272727,1782.0,0.6893617021276596,0.8059701492537313,686.0,0.17081260364842454,0.02155887230514096,0.0912106135986733,0.3449419568822554,486.0
0.7922630560928433,0.5636779899594409,0.2243276414529362,523.0,0.25931034482758625,429.0,108.0,0.202321083172147,0.359268715662576,0.46534653465346537,202.0,0.0781431334622824,0.17973231357552583,1954.0,0.22562141491395793,0.030592734225621414,0.13193116634799235,0.3652007648183556,94.0,523,cortical_pca_64,4,2585,0,0.7880077369439071,0.5510211178142961,0.23140785084694465,523.0,0.22598870056497178,443.0,105.0,0.202321083172147,0.3380388691650647,0.43243243243243246,185.0,0.07156673114119923,0.15296367112810708,1957.0,0.20650095602294455,0.02676864244741874,0.11663479923518165,0.35564053537284895,80.0,0.7295938104448743,0.588614332369583,0.24474247429882554,523.0,0.344892221180881,339.0,360.0,0.202321083172147,0.3441151736583779,0.3382352941176471,544.0,0.21044487427466152,0.35181644359464626,1702.0,0.21223709369024857,0.03441682600382409,0.13575525812619502,0.34608030592734224,184.0,0.08558187635329473,-0.015153542004198106,0.1189035206159092,0.0060763044933132004,0.0969813576711317,0.004540915031770565,0.12314228169344815,0.047922795257065276,0.7911025145067698,0.5593828412890639,0.2358173693559834,523.0,0.24791086350974928,434.0,106.0,0.202321083172147,0.33957425862660734,0.4564102564102564,195.0,0.07543520309477757,0.1701720841300191,1956.0,0.21223709369024857,0.030592734225621414,0.12237093690248566,0.3365200764818356,89.0,blocked,False,future_change_movement,0.075,0.41663442940038686,0.510179650713169,0.1937863790099993,523.0,0.3164097914777878,174.0,1334.0,0.202321083172147,0.22097289196492975,0.2073677956030897,1683.0,0.6510638297872341,0.6673040152963671,728.0,0.11854684512428298,0.01338432122370937,0.06500956022944551,0.21606118546845124,349.0,0.583752417794971,0.583536561618507,0.2893677376901606,523.0,0.36180308422301305,218.0,858.0,0.202321083172147,0.29619237840131263,0.2622527944969905,1163.0,0.44990328820116054,0.5831739961759083,1204.0,0.1739961759082218,0.0248565965583174,0.10707456978967496,0.31166347992351817,305.0
0.18538565629228687,0.5187954562151044,0.18413141195003976,332.0,0.2073732718894009,17.0,2391.0,0.11231393775372124,0.15984425747248138,0.1164079822616408,2706.0,0.915426251691475,0.9487951807228916,233.0,0.14457831325301204,0.030120481927710843,0.09939759036144578,0.1536144578313253,315.0,332,cortical_pca_64,4,2956,0,0.2215832205683356,0.5299758485160153,0.19013678849370985,332.0,0.21117586561535825,24.0,2277.0,0.11231393775372124,0.16054215501679817,0.11914893617021277,2585.0,0.8744925575101489,0.927710843373494,347.0,0.1566265060240964,0.03313253012048193,0.10240963855421686,0.16566265060240964,308.0,0.39783491204330174,0.5753172751983544,0.2584995406328078,332.0,0.23076923076923078,65.0,1715.0,0.11231393775372124,0.22030349933424428,0.13471241170534815,1982.0,0.6705006765899865,0.8042168674698795,909.0,0.2319277108433735,0.03614457831325301,0.14759036144578314,0.25903614457831325,267.0,0.02339595887982987,0.06045924186176291,0.019593365153872527,0.05976134431744612,0.019639382539888478,0.05923079895998254,0.11372887307903598,0.09081578034116794,0.2087280108254398,0.5293123714369674,0.19092843422931088,332.0,0.2111298482293423,19.0,2320.0,0.11231393775372124,0.16107270037426175,0.11887580706418534,2633.0,0.8907307171853857,0.9427710843373494,304.0,0.15060240963855423,0.03313253012048193,0.10843373493975904,0.1566265060240964,313.0,blocked,True,future_spike,0.075,0.8355886332882273,0.4956495188069351,0.15493727069710514,332.0,0.07251908396946564,313.0,173.0,0.11231393775372124,0.1065746262552083,0.09895833333333333,192.0,0.06495263870094722,0.0572289156626506,2451.0,0.10240963855421686,0.006024096385542169,0.0391566265060241,0.11144578313253012,19.0,0.6779431664411367,0.5186691889509256,0.2252395189267316,332.0,0.1793103448275862,228.0,724.0,0.11231393775372124,0.12948771899307635,0.12560386473429952,828.0,0.28010825439783493,0.3132530120481928,1900.0,0.10843373493975904,0.0,0.045180722891566265,0.1144578313253012,104.0
0.019342359767891684,0.5050761421319797,0.02599788016173184,24.0,0.018583042973286872,0.0,2535.0,0.009284332688588007,0.011994377644384255,0.009378663540445486,2559.0,0.9899419729206963,1.0,26.0,0.16666666666666666,0.0,0.041666666666666664,0.0,24.0,24,cortical_pca_64,4,2585,0,0.15241779497098645,0.5515993101653001,0.04804551119106182,24.0,0.020563254358515873,1.0,2190.0,0.009284332688588007,0.011956456348473378,0.010393131495707185,2213.0,0.8560928433268858,0.9583333333333334,371.0,0.125,0.0,0.041666666666666664,0.0,23.0,0.7497098646034817,0.6466630873356761,0.10103754602059649,24.0,0.038632986627043085,11.0,636.0,0.009284332688588007,0.05887398128804829,0.020030816640986132,649.0,0.251063829787234,0.5416666666666666,1925.0,0.2916666666666667,0.125,0.125,0.125,13.0,0.020049943653756213,0.04687960364366404,0.018069732268527212,0.04691752493957491,0.018771155884383328,0.047543477059671053,0.05169933032962845,0.04599076912103025,0.1218568665377176,0.5361756475335155,0.043464698438043896,24.0,0.019861830742659757,1.0,2269.0,0.009284332688588007,0.011330504228377239,0.010034904013961605,2292.0,0.8866537717601547,0.9583333333333334,292.0,0.16666666666666666,0.0,0.0,0.0,23.0,blocked,True,future_slope_change,0.075,0.9903288201160542,0.4998047637641546,0.02932564128989239,24.0,,24.0,1.0,0.009284332688588007,0.007174650958419845,0.0,1.0,0.00038684719535783365,0.0,2560.0,0.041666666666666664,0.0,0.041666666666666664,0.0,0.0,0.9647969052224371,0.528195366393336,0.1100214229952655,24.0,0.042105263157894736,22.0,69.0,0.009284332688588007,0.012883212167018043,0.028169014084507043,71.0,0.02746615087040619,0.08333333333333333,2492.0,0.08333333333333333,0.0,0.08333333333333333,0.0,2.0
0.18104448742746615,0.46647014361300077,0.22029410931256163,135.0,0.09102619149849721,29.0,2088.0,0.05222437137330754,0.09491658048190418,0.04831358249772106,2194.0,0.8487427466150871,0.7851851851851852,362.0,0.15555555555555556,0.05185185185185185,0.1111111111111111,0.1111111111111111,106.0,135,cortical_pca_64,4,2585,0,0.1806576402321083,0.4662660619803477,0.22113002469497184,135.0,0.09098712446351931,29.0,2089.0,0.05222437137330754,0.09629080056854727,0.04829157175398633,2195.0,0.8491295938104448,0.7851851851851852,361.0,0.15555555555555556,0.05925925925925926,0.1037037037037037,0.1037037037037037,106.0,0.47543520309477755,0.5552834467120181,0.2594796928727484,135.0,0.11372549019607842,48.0,1308.0,0.05222437137330754,0.14525437362138124,0.06236559139784946,1395.0,0.539651837524178,0.6444444444444445,1142.0,0.2222222222222222,0.08148148148148149,0.15555555555555556,0.15555555555555556,87.0,0.022699298697581208,0.05033779313947706,0.022738365732559107,0.04896357305283397,0.022055150839533674,0.04999566517274068,0.08087557040934851,0.03969600005469161,0.20270793036750484,0.47089947089947093,0.23639619911104603,135.0,0.09167033935654474,31.0,2030.0,0.05222437137330754,0.09525870844864057,0.04873477038425492,2134.0,0.825531914893617,0.7703703703703704,420.0,0.14814814814814814,0.05925925925925926,0.1111111111111111,0.1111111111111111,104.0,blocked,True,future_acceleration_event,0.075,0.9477756286266924,0.5,0.2363078000122103,135.0,,135.0,0.0,0.05222437137330754,0.06437880321203274,,0.0,0.0,0.0,2450.0,0.16296296296296298,0.007407407407407408,0.05925925925925926,0.05925925925925926,0.0,0.8920696324951644,0.5546031746031745,0.23680442148819794,135.0,0.14678899082568805,111.0,168.0,0.05222437137330754,0.10555837356668964,0.125,192.0,0.07427466150870406,0.17777777777777778,2282.0,0.2740740740740741,0.044444444444444446,0.1259259259259259,0.1259259259259259,24.0
0.6479690522243714,0.5085361658209341,0.2836875596225318,924.0,0.03805496828752643,906.0,4.0,0.3574468085106383,0.39111287480467505,0.8181818181818182,22.0,0.00851063829787234,0.01948051948051948,1657.0,0.12121212121212122,0.022727272727272728,0.07034632034632035,0.3625541125541126,18.0,924,cortical_pca_64,4,2585,0,0.6483558994197292,0.5093173934233537,0.28021635390609273,924.0,0.04214963119072708,904.0,5.0,0.3574468085106383,0.3902911487277744,0.8,25.0,0.009671179883945842,0.021645021645021644,1656.0,0.1266233766233766,0.022727272727272728,0.0735930735930736,0.3647186147186147,20.0,0.6506769825918762,0.5180864940798716,0.3231259635400362,924.0,0.09790209790209792,875.0,28.0,0.3574468085106383,0.4337213103294922,0.6363636363636364,77.0,0.029787234042553193,0.05303030303030303,1633.0,0.14177489177489178,0.022727272727272728,0.08008658008658008,0.4101731601731602,49.0,0.05984712961457149,0.042608435524817134,0.05575246671137084,0.04343016160171781,0.07239731575544542,0.04793457811711016,0.05806733185474183,-0.03960920904000276,0.6452611218568666,0.5049883890943493,0.31340997963620965,924.0,0.025504782146652496,912.0,5.0,0.3574468085106383,0.385786732212382,0.7058823529411765,17.0,0.0065764023210831725,0.012987012987012988,1656.0,0.11904761904761904,0.021645021645021644,0.06926406926406926,0.3647186147186147,12.0,blocked,True,future_local_rank_event,0.075,0.3586073500967118,0.4985020498265531,0.293780375739642,924.0,0.5243832472748136,10.0,1648.0,0.3574468085106383,0.37565397847475035,0.35675253708040594,2562.0,0.9911025145067698,0.9891774891774892,13.0,0.10497835497835498,0.010822510822510822,0.06168831168831169,0.3787878787878788,914.0,0.5125725338491296,0.5810935752988733,0.32755398324346313,924.0,0.5464362850971922,165.0,1095.0,0.3574468085106383,0.47333051936949494,0.40938511326860844,1854.0,0.7172147001934236,0.8214285714285714,566.0,0.15800865800865802,0.015151515151515152,0.07575757575757576,0.4588744588744589,759.0
0.8038684719535784,0.6050003237503238,0.16038029934140172,297.0,0.28892005610098176,194.0,313.0,0.1148936170212766,0.25103013520523626,0.24759615384615385,416.0,0.1609284332688588,0.3468013468013468,1975.0,0.2727272727272727,0.050505050505050504,0.1717171717171717,0.28619528619528617,103.0,297,cortical_pca_64,4,2585,0,0.8591876208897485,0.5820464257964257,0.16651285568029456,297.0,0.2661290322580645,231.0,133.0,0.1148936170212766,0.24901419707566452,0.3316582914572864,199.0,0.0769825918762089,0.2222222222222222,2155.0,0.25252525252525254,0.04713804713804714,0.16498316498316498,0.2760942760942761,66.0,0.8201160541586073,0.6009939134939135,0.20710223285681995,297.0,0.2879019908116386,203.0,262.0,0.1148936170212766,0.2642102331654099,0.2640449438202247,356.0,0.13771760154738877,0.3164983164983165,2026.0,0.26262626262626265,0.05723905723905724,0.16835016835016836,0.2895622895622896,94.0,-0.001018065289343173,0.013180097960173665,0.021772958553574084,0.015196036089745402,-0.003488737665182595,0.018640410644514216,0.12604685853751363,0.08002139412021983,0.7102514506769826,0.6268291893291893,0.15129856049067633,297.0,0.2913907284768212,143.0,606.0,0.1148936170212766,0.2455698225208957,0.2026315789473684,760.0,0.2940038684719536,0.5185185185185185,1682.0,0.25925925925925924,0.050505050505050504,0.16161616161616163,0.2828282828282828,154.0,blocked,True,future_change_movement,0.1,0.41044487427466153,0.5175310800310801,0.13352281125836116,297.0,0.20376175548589343,102.0,1422.0,0.1148936170212766,0.1381633746278963,0.12059369202226346,1617.0,0.625531914893617,0.6565656565656566,866.0,0.10101010101010101,0.037037037037037035,0.06734006734006734,0.10437710437710437,195.0,0.6104448742746615,0.5850977725977726,0.21700242545435322,297.0,0.2456928838951311,133.0,874.0,0.1148936170212766,0.1841888390451901,0.1579961464354528,1038.0,0.4015473887814313,0.5521885521885522,1414.0,0.17845117845117844,0.03367003367003367,0.12457912457912458,0.2053872053872054,164.0
0.16069012178619757,0.5220548798656446,0.14681088322650815,201.0,0.1322140608604407,12.0,2469.0,0.06799729364005412,0.0953730149824849,0.07110609480812641,2658.0,0.8991880920162382,0.9402985074626866,286.0,0.12935323383084577,0.03482587064676617,0.1044776119402985,0.11442786069651742,189.0,201,cortical_pca_64,4,2956,0,0.17828146143437076,0.5222679704923657,0.14753810010372087,201.0,0.1321900678813862,16.0,2413.0,0.06799729364005412,0.09741621011354173,0.0712086220169361,2598.0,0.8788903924221921,0.9203980099502488,342.0,0.14427860696517414,0.03482587064676617,0.0945273631840796,0.11940298507462686,185.0,0.3836265223274696,0.5793916082021833,0.22772128289090476,201.0,0.1509785647716682,39.0,1783.0,0.06799729364005412,0.1454814416127682,0.0832904884318766,1945.0,0.6579837618403248,0.8059701492537313,972.0,0.24378109452736318,0.04477611940298507,0.14427860696517414,0.18407960199004975,162.0,0.018764503911227498,0.05010842663028328,0.018788496890282003,0.04806523149922645,0.020978564771668207,0.04560022381751766,0.08066057196255527,0.05585250031637223,0.17591339648173207,0.5140793311121344,0.15839814452560624,201.0,0.13,19.0,2417.0,0.06799729364005412,0.09988121779525053,0.0700269334359369,2599.0,0.8792286874154263,0.9054726368159204,338.0,0.12935323383084577,0.03980099502487562,0.09950248756218906,0.11442786069651742,182.0,blocked,True,future_spike,0.1,0.8930987821380244,0.492965300539047,0.10368727395458308,201.0,0.036585365853658534,195.0,121.0,0.06799729364005412,0.06482086965021291,0.047244094488188976,127.0,0.04296346414073072,0.029850746268656716,2634.0,0.10945273631840796,0.0,0.03980099502487562,0.06467661691542288,6.0,0.777063599458728,0.5460185461079359,0.19682567932602485,201.0,0.14526588845654992,145.0,514.0,0.06799729364005412,0.08962894129639595,0.09824561403508772,570.0,0.19282814614343707,0.27860696517412936,2241.0,0.13432835820895522,0.004975124378109453,0.09950248756218906,0.12935323383084577,56.0
0.0027079303675048355,0.5,0.018141149027259454,7.0,0.005401234567901234,0.0,2578.0,0.0027079303675048355,0.0017775428863100974,0.0027079303675048355,2585.0,1.0,1.0,0.0,0.0,0.0,0.0,0.0,7.0,7,cortical_pca_64,4,2585,0,0.003481624758220503,0.5003878975950349,0.019425528756717426,7.0,0.005405405405405406,0.0,2576.0,0.0027079303675048355,0.0017435360083140835,0.0027100271002710027,2583.0,0.9992263056092844,1.0,2.0,0.0,0.0,0.0,0.0,7.0,0.07736943907156674,0.5374321179208689,0.035087578956288015,7.0,0.005835764902042517,0.0,2385.0,0.0027079303675048355,0.0019886002956317397,0.002926421404682274,2392.0,0.9253384912959381,1.0,193.0,0.0,0.0,0.0,0.0,7.0,0.00043453033414128303,0.0002110574093216423,0.0004303594966371116,0.00024506428731765613,0.0004261822127071234,0.00022448246915752167,8.737446045017959e-05,0.00015713445342516543,0.00425531914893617,0.5007757951900699,0.021673484088284466,7.0,0.005409582689335394,0.0,2574.0,0.0027079303675048355,0.001764117826474218,0.0027121270825261525,2581.0,0.9984526112185687,1.0,4.0,0.0,0.0,0.0,0.0,7.0,blocked,True,future_slope_change,0.1,0.9972920696324952,0.5,0.016740168081365046,7.0,,7.0,0.0,0.0027079303675048355,0.00190122583518156,,0.0,0.0,0.0,2578.0,0.0,0.0,0.0,0.0,0.0,0.9852998065764024,0.4939875872769589,0.054351900812491645,7.0,,7.0,31.0,0.0027079303675048355,0.0018314658422065742,0.0,31.0,0.011992263056092843,0.0,2547.0,0.0,0.0,0.0,0.0,0.0
0.218568665377176,0.45598664471092165,0.20518897455703206,79.0,0.052532833020637895,23.0,1997.0,0.03056092843326886,0.06619833030534848,0.027277155382367267,2053.0,0.7941972920696325,0.7088607594936709,509.0,0.16455696202531644,0.06329113924050633,0.11392405063291139,0.10126582278481013,56.0,79,cortical_pca_64,4,2585,0,0.22359767891682786,0.46471001242587406,0.20513137348940488,79.0,0.05374823196605375,22.0,1985.0,0.03056092843326886,0.06745944557801732,0.02791380999020568,2042.0,0.7899419729206963,0.7215189873417721,521.0,0.16455696202531644,0.06329113924050633,0.12658227848101267,0.08860759493670886,57.0,0.639458413926499,0.556603392364654,0.23391752841867366,79.0,0.07355864811133202,42.0,890.0,0.03056092843326886,0.12861349246980838,0.039913700107874865,927.0,0.3586073500967118,0.46835443037974683,1616.0,0.31645569620253167,0.10126582278481013,0.20253164556962025,0.17721518987341772,37.0,0.021025815090694122,0.0624151621644599,0.019810416145278266,0.06115404689179106,0.021958074771628235,0.0725856708300548,0.08983916259893321,0.06759655508911751,0.23210831721470018,0.4507106993847677,0.21784726081455594,79.0,0.05160057333970378,25.0,1960.0,0.03056092843326886,0.05602782163975358,0.026812313803376366,2014.0,0.779110251450677,0.6835443037974683,546.0,0.16455696202531644,0.06329113924050633,0.11392405063291139,0.10126582278481013,54.0,blocked,True,future_acceleration_event,0.1,0.9694390715667311,0.5,0.1949956771350812,79.0,,79.0,0.0,0.03056092843326886,0.03877432987087518,,0.0,0.0,0.0,2506.0,0.12658227848101267,0.012658227848101266,0.06329113924050633,0.0379746835443038,0.0,0.9334622823984526,0.5427404608685988,0.19906728400039683,79.0,0.10416666666666666,69.0,103.0,0.03056092843326886,0.061016937380690875,0.08849557522123894,113.0,0.043713733075435204,0.12658227848101267,2403.0,0.27848101265822783,0.05063291139240506,0.12658227848101267,0.08860759493670886,10.0
0.5241779497098646,0.5040637366590718,0.3867833041111058,1240.0,0.01757188498402556,1229.0,1.0,0.4796905222437137,0.4997993213708606,0.9166666666666666,12.0,0.0046421663442940036,0.008870967741935484,1344.0,0.11290322580645161,0.017741935483870968,0.05806451612903226,0.4814516129032258,11.0,1240,cortical_pca_64,4,2585,0,0.5245647969052224,0.5044984410600791,0.3864891474970447,1240.0,0.020717131474103586,1227.0,2.0,0.4796905222437137,0.4985037381272394,0.8666666666666667,15.0,0.005802707930367505,0.010483870967741936,1343.0,0.10887096774193548,0.016129032258064516,0.05806451612903226,0.48629032258064514,13.0,0.5276595744680851,0.508259383619139,0.37084094707047754,1240.0,0.05859676175790285,1202.0,19.0,0.4796905222437137,0.5212219099344135,0.6666666666666666,57.0,0.022050290135396517,0.03064516129032258,1326.0,0.12258064516129032,0.017741935483870968,0.06532258064516129,0.5008064516129033,38.0,0.04102487677387729,0.021422588563552947,0.03787963028379926,0.022718171807174115,0.04102487677387729,0.025643525784152132,0.010739527174624452,-0.08092240742801748,0.5241779497098646,0.5040637366590718,0.39119258935797563,1240.0,0.01757188498402556,1229.0,1.0,0.4796905222437137,0.4955783841502614,0.9166666666666666,12.0,0.0046421663442940036,0.008870967741935484,1344.0,0.10483870967741936,0.016935483870967744,0.05403225806451613,0.4814516129032258,11.0,blocked,True,future_local_rank_event,0.1,0.4793036750483559,0.499533817004437,0.40597186510439087,1240.0,0.6476439790575916,3.0,1343.0,0.4796905222437137,0.5104823827597891,0.47945736434108527,2580.0,0.9980657640232108,0.9975806451612903,2.0,0.11854838709677419,0.012096774193548387,0.055645161290322584,0.5225806451612903,1237.0,0.5384912959381044,0.5527596234560499,0.37889330366533214,1240.0,0.6526928675400291,119.0,1074.0,0.4796905222437137,0.602144317362431,0.5107061503416856,2195.0,0.8491295938104448,0.9040322580645161,271.0,0.1443548387096774,0.014516129032258065,0.07258064516129033,0.5862903225806452,1121.0
0.44232331437855404,0.5026954954279065,0.43784825583486475,1381.0,0.014357501794687724,1371.0,2.0,0.5609260763606824,0.5660772083771417,0.8333333333333334,12.0,0.00487408610885459,0.00724112961622013,1079.0,0.10427226647356988,0.012309920347574221,0.05358435916002897,0.5517740767559739,10.0,1381,cortical_pca_64,5,2462,0,0.44191714053614944,0.5022329607378048,0.4215526883067608,1381.0,0.014347202295552367,1371.0,3.0,0.5609260763606824,0.5634041164981765,0.7692307692307693,13.0,0.005280259951259139,0.00724112961622013,1078.0,0.10427226647356988,0.011585807385952208,0.05358435916002897,0.55394641564084,10.0,0.4512591389114541,0.5091535648663874,0.39681358488147056,1381.0,0.06505190311418685,1334.0,17.0,0.5609260763606824,0.5817078556882305,0.734375,64.0,0.025995125913891144,0.03403330919623461,1064.0,0.10789283128167994,0.01448225923244026,0.056480811006517015,0.560463432295438,47.0,0.05069440131949912,0.015630647311088763,0.050704700818634485,0.018303739190054014,0.05068408702223283,0.016060688694380043,-0.00548041162099977,-0.08019008337934053,0.4427294882209586,0.5031580301180083,0.4103352432499475,1381.0,0.014367816091954023,1371.0,1.0,0.5609260763606824,0.5656471669938504,0.9090909090909091,11.0,0.004467912266450041,0.00724112961622013,1080.0,0.10644460535843592,0.013758146270818247,0.05286024619840695,0.554670528602462,10.0,blocked,True,future_change_movement,0.03,0.5588952071486596,0.49939545610743397,0.48342097458335237,1381.0,0.7152595700052438,17.0,1069.0,0.5609260763606824,0.5871882673092302,0.5606247431154953,2433.0,0.988220958570268,0.9876900796524257,12.0,0.11440984793627806,0.010861694424330196,0.05503258508327299,0.5952208544532948,1364.0,0.5938261575954509,0.5496231732224233,0.42713784149900036,1381.0,0.7159090909090908,121.0,879.0,0.5609260763606824,0.661897939067571,0.5890603085553997,2139.0,0.8688058489033307,0.9123823316437364,202.0,0.12816799420709632,0.010137581462708182,0.06806661839246922,0.6488052136133237,1260.0
0.7134641407307172,0.564939858889216,0.33118339145794834,886.0,0.28883291351805207,714.0,133.0,0.2997293640054127,0.4282487503955556,0.5639344262295082,305.0,0.10317997293640054,0.19413092550790068,1937.0,0.19074492099322798,0.019187358916478554,0.09706546275395034,0.42437923250564336,172.0,886,cortical_pca_64,5,2956,0,0.7117726657645467,0.551788966314435,0.3437171005434415,886.0,0.24064171122994654,751.0,101.0,0.2997293640054127,0.41599561966581217,0.5720338983050848,236.0,0.07983761840324763,0.1523702031602709,1969.0,0.17607223476297967,0.019187358916478554,0.09932279909706546,0.41196388261851014,135.0,0.7043301759133965,0.5936020326932094,0.3347774008485814,886.0,0.3913649025069638,605.0,269.0,0.2997293640054127,0.4616803594984107,0.5109090909090909,550.0,0.18606224627875506,0.31715575620767494,1801.0,0.19413092550790068,0.023702031602708805,0.1038374717832957,0.4717832957110609,281.0,0.10253198898891175,0.03343160910285509,0.15072319127701728,0.04568473983259852,0.11284141257407793,0.038785336061048115,0.15982671442300872,0.1332828284284901,0.7090663058186739,0.5598630331185047,0.32440231299609296,886.0,0.2785234899328859,720.0,140.0,0.2997293640054127,0.42289502343736257,0.5424836601307189,306.0,0.10351826792963464,0.1873589164785553,1930.0,0.18058690744920994,0.01805869074492099,0.09706546275395034,0.4322799097065463,166.0,blocked,True,future_spike,0.03,0.4506089309878214,0.4786141917754442,0.34492648067019654,886.0,0.37442218798151006,400.0,1224.0,0.2997293640054127,0.30185364507540197,0.28421052631578947,1710.0,0.5784844384303113,0.5485327313769752,846.0,0.1072234762979684,0.011286681715575621,0.0417607223476298,0.3363431151241535,486.0,0.4272665764546685,0.529733045441162,0.31732778633091885,886.0,0.45121555915721234,190.0,1503.0,0.2997293640054127,0.3283975310699206,0.3165075034106412,2199.0,0.7439106901217862,0.7855530474040632,567.0,0.10270880361173815,0.012415349887133182,0.056433408577878104,0.3239277652370203,696.0
0.525182778229082,0.5809146185481808,0.11696387610142174,178.0,0.16440314510364545,63.0,1106.0,0.07229894394800974,0.16206612856628985,0.09418509418509419,1221.0,0.4959382615759545,0.6460674157303371,1178.0,0.23595505617977527,0.06741573033707865,0.15168539325842698,0.19662921348314608,115.0,178,cortical_pca_64,5,2462,0,0.5385865150284321,0.5803685629390583,0.11839165986539921,178.0,0.16470588235294117,66.0,1070.0,0.07229894394800974,0.1602368046501537,0.09475465313028765,1182.0,0.4800974817221771,0.6292134831460674,1214.0,0.24157303370786518,0.06179775280898876,0.16853932584269662,0.19101123595505617,112.0,0.7668562144597888,0.5972052775536709,0.191038288655305,178.0,0.19832402234636873,107.0,467.0,0.07229894394800974,0.1920158387795689,0.13197026022304834,538.0,0.21852152721364745,0.398876404494382,1817.0,0.2752808988764045,0.06741573033707865,0.1853932584269663,0.2303370786516854,71.0,0.033920877242723274,0.02994971021327905,0.033618139993427554,0.03177903412941521,0.022202091779052913,0.04384125671604577,0.09459346340283734,0.08806886002269466,0.6047928513403736,0.5953309785710069,0.14358417385491135,178.0,0.17612193056731582,74.0,899.0,0.07229894394800974,0.14817458206352313,0.1036889332003988,1003.0,0.4073923639317628,0.5842696629213483,1385.0,0.2247191011235955,0.06179775280898876,0.14606741573033707,0.1853932584269663,104.0,blocked,True,future_slope_change,0.03,0.6121039805036556,0.48789822704106733,0.09578339967826582,178.0,0.11327762302692665,117.0,838.0,0.07229894394800974,0.09742237537673157,0.067853170189099,899.0,0.36515028432168967,0.34269662921348315,1446.0,0.08426966292134831,0.0449438202247191,0.07303370786516854,0.08426966292134831,61.0,0.7213647441104792,0.6089479328597571,0.18547912073993114,178.0,0.1985981308411215,93.0,593.0,0.07229894394800974,0.10394697875687424,0.12536873156342182,678.0,0.27538586515028435,0.47752808988764045,1691.0,0.16292134831460675,0.033707865168539325,0.05056179775280899,0.06179775280898876,85.0
0.7420796100731113,0.5458431374829007,0.2682327927818352,673.0,0.193138500635324,597.0,38.0,0.27335499593826157,0.47113382177108176,0.6666666666666666,114.0,0.0463038180341186,0.11292719167904904,1751.0,0.22585438335809807,0.031203566121842496,0.1188707280832095,0.4413075780089153,76.0,673,cortical_pca_64,5,2462,0,0.7404549147034931,0.5433348255851136,0.27352924885676916,673.0,0.18598726114649683,600.0,39.0,0.27335499593826157,0.45752453492696665,0.6517857142857143,112.0,0.045491470349309504,0.10846953937592868,1750.0,0.20802377414561665,0.031203566121842496,0.1188707280832095,0.43684992570579495,73.0,0.7437043054427295,0.541399604816291,0.2600771804880392,673.0,0.16864295125164688,609.0,22.0,0.27335499593826157,0.44517319987653553,0.7441860465116279,86.0,0.034930950446791224,0.0950965824665676,1767.0,0.19167904903417535,0.029717682020802376,0.11441307578008915,0.4398216939078752,64.0,-0.024495549383677123,-0.025960621894546232,-0.017344309894849946,-0.012351335050431123,0.010122475690220178,-0.02296062555624595,0.16316661910825664,0.06633117335938327,0.7412672623883022,0.5378688651217569,0.26755082651409984,673.0,0.1585204755614267,613.0,24.0,0.27335499593826157,0.4681338254327815,0.7142857142857143,84.0,0.03411860276198213,0.08915304606240713,1765.0,0.2199108469539376,0.031203566121842496,0.12035661218424963,0.4427934621099554,60.0,blocked,False,future_acceleration_event,0.03,0.2737611697806661,0.4947180100947095,0.21519582789360064,673.0,0.42508038585208996,12.0,1776.0,0.27335499593826157,0.2820065807682789,0.2712351251538777,2437.0,0.9898456539398862,0.9821693907875185,13.0,0.09955423476968796,0.01188707280832095,0.04457652303120357,0.2823179791976226,661.0,0.5016246953696182,0.5764295924325393,0.2594745564064877,673.0,0.4485393258426967,174.0,1053.0,0.27335499593826157,0.37884202651715226,0.32152061855670105,1552.0,0.6303818034118602,0.7414561664190193,736.0,0.1589895988112927,0.0237741456166419,0.06537890044576523,0.4026745913818722,499.0
0.8631194151096669,0.5614060008086856,0.1594328293001338,309.0,0.2252873563218391,260.0,77.0,0.1255077173030057,0.2459699520723266,0.3888888888888889,126.0,0.05117790414297319,0.15857605177993528,2076.0,0.2459546925566343,0.042071197411003236,0.15857605177993528,0.2783171521035599,49.0,309,cortical_pca_64,5,2462,0,0.8586515028432169,0.5533078702555477,0.1843586734219116,309.0,0.2054794520547945,264.0,84.0,0.1255077173030057,0.23044938201828855,0.3488372093023256,129.0,0.05239642567018684,0.14563106796116504,2069.0,0.2168284789644013,0.042071197411003236,0.13915857605177995,0.2524271844660194,45.0,0.8350934199837531,0.5703278483999898,0.22372871861521418,309.0,0.24814814814814812,242.0,164.0,0.1255077173030057,0.24125717447804243,0.29004329004329005,231.0,0.09382615759545085,0.2168284789644013,1989.0,0.2297734627831715,0.04854368932038835,0.15210355987055016,0.26537216828478966,67.0,0.022860791826309013,-0.004712777594284179,0.04266869609335361,0.010807792459753884,-0.018518518518518545,0.00122214860971534,0.11633919165828054,0.03924995677258322,0.8525588952071487,0.5789280254690903,0.1625154989193159,309.0,0.26666666666666666,243.0,120.0,0.1255077173030057,0.2400350258683271,0.3548387096774194,186.0,0.07554833468724614,0.21359223300970873,2033.0,0.2459546925566343,0.042071197411003236,0.13915857605177995,0.2815533980582524,66.0,blocked,False,future_local_rank_event,0.03,0.6344435418359058,0.5068820957285461,0.1470887955229666,309.0,0.18772563176895307,205.0,695.0,0.1255077173030057,0.1249179828197619,0.13016270337922403,799.0,0.32453290008123475,0.3365695792880259,1458.0,0.06796116504854369,0.016181229773462782,0.032362459546925564,0.09385113268608414,104.0,0.5917952883834281,0.5836674047051078,0.21415876822282903,309.0,0.260485651214128,132.0,873.0,0.1255077173030057,0.2020072177054592,0.16857142857142857,1050.0,0.4264825345247766,0.5728155339805825,1280.0,0.16828478964401294,0.03559870550161812,0.13592233009708737,0.19093851132686085,177.0
0.6088545897644192,0.5034581746118971,0.3172775278293401,969.0,0.01634320735444331,961.0,2.0,0.3935824532900081,0.4152808802449228,0.8,10.0,0.004061738424045491,0.008255933952528379,1491.0,0.11042311661506708,0.02063983488132095,0.058823529411764705,0.4024767801857585,8.0,969,cortical_pca_64,5,2462,0,0.6088545897644192,0.5034581746118971,0.3425530989096111,969.0,0.01634320735444331,961.0,2.0,0.3935824532900081,0.4160670377488804,0.8,10.0,0.004061738424045491,0.008255933952528379,1491.0,0.11351909184726522,0.0196078431372549,0.06191950464396285,0.39628482972136225,8.0,0.6133225020308692,0.5091341292042604,0.3508441969161448,969.0,0.03838383838383838,950.0,2.0,0.3935824532900081,0.4459293027876081,0.9047619047619048,21.0,0.008529650690495532,0.0196078431372549,1491.0,0.1259029927760578,0.023735810113519093,0.07120743034055728,0.41589267285861714,19.0,0.02204063102939507,0.030648422542685294,0.02204063102939507,0.029862265038727742,0.02204063102939507,0.032963097333502445,0.04510875861783331,-0.05433473270089695,0.6088545897644192,0.5034581746118971,0.3292179752472935,969.0,0.01634320735444331,961.0,2.0,0.3935824532900081,0.4129662054541057,0.8,10.0,0.004061738424045491,0.008255933952528379,1491.0,0.10939112487100103,0.018575851393188854,0.0608875128998968,0.40454076367389064,8.0,blocked,True,future_change_movement,0.05,0.3960194963444354,0.4991117820555091,0.31573461043489554,969.0,0.5617447686413204,16.0,1471.0,0.3935824532900081,0.4008205441697748,0.39315181518151815,2424.0,0.9845653939886271,0.9834881320949432,22.0,0.10526315789473684,0.010319917440660475,0.06191950464396285,0.4055727554179567,953.0,0.508123476848091,0.5654647729998334,0.3184721182215853,969.0,0.5719335454224108,160.0,1051.0,0.3935824532900081,0.5002640354885051,0.4349462365591398,1860.0,0.7554833468724614,0.8348813209494325,442.0,0.15376676986584106,0.014447884416924664,0.06501547987616099,0.500515995872033,809.0
0.7706359945872802,0.60145727221279,0.24287251992540637,600.0,0.3591682419659736,410.0,268.0,0.2029769959404601,0.34729741002304204,0.4148471615720524,458.0,0.15493910690121787,0.31666666666666665,2088.0,0.22,0.025,0.11666666666666667,0.37333333333333335,190.0,600,cortical_pca_64,5,2956,0,0.7699594046008119,0.6022750424448218,0.2740861371702473,600.0,0.3609022556390978,408.0,272.0,0.2029769959404601,0.3399157071984607,0.41379310344827586,464.0,0.15696887686062247,0.32,2084.0,0.21666666666666667,0.025,0.11833333333333333,0.37166666666666665,192.0,0.7523680649526387,0.650244765138653,0.2773106045268254,600.0,0.439509954058193,313.0,419.0,0.2029769959404601,0.4064965100035993,0.4065155807365439,706.0,0.2388362652232747,0.47833333333333333,1937.0,0.25166666666666665,0.028333333333333332,0.14166666666666666,0.43333333333333335,287.0,0.08034171209221941,0.05919909998055728,0.0786076984190952,0.06658080280513862,0.09136852160125741,0.06518276851271526,0.20163261787225956,0.1869596522773712,0.756765899864682,0.5939983022071307,0.2413609710175778,600.0,0.3481414324569356,408.0,311.0,0.2029769959404601,0.34131374149088406,0.3817097415506958,503.0,0.17016238159675237,0.32,2045.0,0.22333333333333333,0.025,0.11833333333333333,0.3566666666666667,192.0,blocked,True,future_spike,0.05,0.4610960757780785,0.48491086587436333,0.2232366843929105,600.0,0.2834008097165992,285.0,1308.0,0.2029769959404601,0.20486389213133976,0.19408502772643252,1623.0,0.5490527740189445,0.525,1048.0,0.10833333333333334,0.011666666666666667,0.04666666666666667,0.23333333333333334,315.0,0.5274018944519621,0.5414134125636672,0.31008531381476606,600.0,0.32674698795180723,261.0,1136.0,0.2029769959404601,0.2195368577262281,0.22983050847457628,1475.0,0.4989851150202977,0.565,1220.0,0.07833333333333334,0.008333333333333333,0.05,0.23,339.0
0.3554021121039805,0.6142993935525056,0.08393227635493039,52.0,0.0547945205479452,6.0,1581.0,0.021121039805036556,0.028383127257345885,0.028272894898586354,1627.0,0.6608448415922015,0.8846153846153846,829.0,0.19230769230769232,0.019230769230769232,0.057692307692307696,0.038461538461538464,46.0,52,cortical_pca_64,5,2462,0,0.43135662063363117,0.606056495371848,0.10584220706222376,52.0,0.0553306342780027,11.0,1389.0,0.021121039805036556,0.02956385100742747,0.028671328671328673,1430.0,0.5808285946385053,0.7884615384615384,1021.0,0.15384615384615385,0.038461538461538464,0.09615384615384616,0.038461538461538464,41.0,0.7896019496344435,0.6102936482604533,0.14499715753259582,52.0,0.07829181494661921,30.0,488.0,0.021121039805036556,0.0615432328514548,0.043137254901960784,510.0,0.20714865962632006,0.4230769230769231,1922.0,0.25,0.057692307692307696,0.15384615384615385,0.07692307692307693,22.0,0.023497294398674012,0.03316010559410891,0.022961180668616514,0.03197938184402733,0.023622111074181856,0.033979197672158845,0.04278286723990762,0.03083017786999721,0.3257514216084484,0.6179699968081711,0.07263923660382156,52.0,0.05466970387243736,4.0,1656.0,0.021121039805036556,0.027564035179295954,0.028169014084507043,1704.0,0.6921202274573518,0.9230769230769231,754.0,0.1346153846153846,0.0,0.057692307692307696,0.057692307692307696,48.0,blocked,True,future_slope_change,0.05,0.9788789601949635,0.5,0.06856433732453954,52.0,,52.0,0.0,0.021121039805036556,0.018760365611547182,,0.0,0.0,0.0,2410.0,0.057692307692307696,0.019230769230769232,0.038461538461538464,0.019230769230769232,0.0,0.9232331437855402,0.4998005106926269,0.15383188119777647,52.0,0.030769230769230774,49.0,140.0,0.021121039805036556,0.03071305498145759,0.02097902097902098,143.0,0.05808285946385053,0.057692307692307696,2270.0,0.07692307692307693,0.057692307692307696,0.057692307692307696,0.057692307692307696,3.0
0.39277010560519904,0.507497357415664,0.23346577369854266,313.0,0.21686746987951808,106.0,1389.0,0.12713241267262387,0.1908559120231898,0.12969924812030076,1596.0,0.6482534524776604,0.6613418530351438,760.0,0.1853035143769968,0.038338658146964855,0.11182108626198083,0.2108626198083067,207.0,313,cortical_pca_64,5,2462,0,0.3935824532900081,0.5120570233275898,0.24759001551698182,313.0,0.21955044432828022,103.0,1390.0,0.12713241267262387,0.18880293075998156,0.13125,1600.0,0.6498781478472786,0.670926517571885,759.0,0.18210862619808307,0.038338658146964855,0.11501597444089456,0.20766773162939298,210.0,0.8456539398862714,0.6004174614242155,0.22744349904112524,313.0,0.30909090909090914,228.0,152.0,0.12713241267262387,0.3120770544183664,0.35864978902953587,237.0,0.09626320064987814,0.2715654952076677,1997.0,0.28115015974440893,0.054313099041533544,0.19808306709265175,0.329073482428115,85.0,0.09222343921139106,0.12122114239517662,0.08954046476262892,0.12327412365838486,0.09035726178583325,0.12433803047341258,0.17410192178572323,0.11330701784084016,0.3935824532900081,0.5106922455945777,0.22432060890176783,313.0,0.21873364730507588,104.0,1389.0,0.12713241267262387,0.18773902394495384,0.13078848560700876,1598.0,0.6490658001624695,0.6677316293929713,760.0,0.16932907348242812,0.04792332268370607,0.11182108626198083,0.2108626198083067,209.0,blocked,True,future_acceleration_event,0.05,0.7376116978066612,0.49622010088651086,0.15128881499566968,313.0,0.14323607427055704,259.0,387.0,0.12713241267262387,0.1379751326326432,0.12244897959183673,441.0,0.17912266450040618,0.17252396166134185,1762.0,0.10543130990415335,0.019169329073482427,0.07028753993610223,0.12140575079872204,54.0,0.6880584890333062,0.6015830232354152,0.26848837087573385,313.0,0.2835820895522388,161.0,607.0,0.12713241267262387,0.19877003657752626,0.2002635046113307,759.0,0.3082859463850528,0.48562300319488816,1542.0,0.18210862619808307,0.038338658146964855,0.09904153354632587,0.23003194888178913,152.0
0.764825345247766,0.5124674319314934,0.22475751259037635,591.0,0.052373158756137475,575.0,4.0,0.24004874086108854,0.2973599440620486,0.8,20.0,0.008123476848090982,0.02707275803722504,1867.0,0.1455160744500846,0.030456852791878174,0.08798646362098139,0.2673434856175973,16.0,591,cortical_pca_64,5,2462,0,0.7640129975629569,0.5107753845541668,0.25056073121800015,591.0,0.04597701149425288,577.0,4.0,0.24004874086108854,0.29146493095243464,0.7777777777777778,18.0,0.007311129163281885,0.023688663282571912,1867.0,0.12521150592216582,0.028764805414551606,0.08629441624365482,0.2673434856175973,14.0,0.7619821283509342,0.5152270698641026,0.2781387833578744,591.0,0.07570977917981071,567.0,19.0,0.24004874086108854,0.3121846693379061,0.5581395348837209,43.0,0.017465475223395612,0.04060913705583756,1852.0,0.14720812182741116,0.028764805414551606,0.08967851099830795,0.2825719120135364,24.0,0.023336620423673238,0.014824725275857542,0.029732767685557833,0.020719738385471476,0.02669017133667346,0.01685296090661148,0.08840135345641031,-0.03733542724836453,0.7636068237205524,0.5110869346992705,0.23477935091873944,591.0,0.049019607843137254,576.0,6.0,0.24004874086108854,0.29533170843129464,0.7142857142857143,21.0,0.008529650690495532,0.025380710659898477,1865.0,0.13874788494077833,0.030456852791878174,0.0829103214890017,0.27918781725888325,15.0,blocked,True,future_local_rank_event,0.05,0.4366368805848903,0.48580344215431726,0.22037040568083166,591.0,0.3309213699951761,248.0,1139.0,0.24004874086108854,0.2237833158814958,0.23144399460188933,1482.0,0.6019496344435419,0.5803722504230119,732.0,0.077834179357022,0.005076142131979695,0.030456852791878174,0.22165820642978004,343.0,0.48578391551584077,0.5904874561501084,0.24961941074951893,591.0,0.4250681198910082,123.0,1143.0,0.24004874086108854,0.34952009658627065,0.2905027932960894,1611.0,0.6543460601137286,0.7918781725888325,728.0,0.15736040609137056,0.025380710659898477,0.11844331641285956,0.3637901861252115,468.0
0.7502030869212023,0.5114178969422345,0.24109045902276874,626.0,0.04945904173106645,610.0,5.0,0.25426482534524775,0.3069165009519387,0.7619047619047619,21.0,0.008529650690495532,0.025559105431309903,1831.0,0.1389776357827476,0.02875399361022364,0.08306709265175719,0.26996805111821087,16.0,626,cortical_pca_64,5,2462,0,0.7497969130787977,0.5100927840074617,0.25986468488978376,626.0,0.043478260869565216,612.0,4.0,0.25426482534524775,0.30417352467251996,0.7777777777777778,18.0,0.007311129163281885,0.022364217252396165,1832.0,0.14057507987220447,0.023961661341853034,0.08626198083067092,0.2747603833865815,14.0,0.747766043866775,0.5161006006946619,0.2890605513945521,626.0,0.0827178729689808,598.0,23.0,0.25426482534524775,0.3236242346906815,0.5490196078431373,51.0,0.020714865962632008,0.04472843450479233,1813.0,0.14217252396166133,0.027156549520766772,0.08626198083067092,0.2939297124600639,28.0,0.033258831237914344,0.016707733738742847,0.03923961209941558,0.019450710018161566,0.027162317413425244,0.013267560736965167,0.06665958930154903,-0.05612303306614341,0.7514216084484159,0.5132876721863754,0.2311352262635708,626.0,0.05555555555555555,608.0,4.0,0.25426482534524775,0.31035667395371636,0.8181818181818182,22.0,0.008935824532900082,0.02875399361022364,1832.0,0.1389776357827476,0.03035143769968051,0.08626198083067092,0.28594249201277955,18.0,blocked,True,future_change_movement,0.075,0.25426482534524775,0.5,0.20567844590342907,626.0,0.405440414507772,0.0,1836.0,0.25426482534524775,0.2569646453891325,0.25426482534524775,2462.0,1.0,1.0,0.0,0.08626198083067092,0.019169329073482427,0.054313099041533544,0.2539936102236422,626.0,0.45694557270511776,0.5743055120521762,0.26191057038211885,626.0,0.43227176220806796,117.0,1220.0,0.25426482534524775,0.37974726775682494,0.2943898207056102,1729.0,0.7022745735174655,0.8130990415335463,616.0,0.1645367412140575,0.025559105431309903,0.1182108626198083,0.3738019169329074,509.0
0.38430311231393777,0.5513310656821742,0.17328775008339686,401.0,0.2559280457890433,88.0,1732.0,0.13565629228687415,0.21869946238468985,0.1530562347188264,2045.0,0.6918132611637348,0.7805486284289277,823.0,0.20698254364089774,0.034912718204488775,0.12967581047381546,0.24189526184538654,313.0,401,cortical_pca_64,5,2956,0,0.425575101488498,0.5531308714515082,0.20526760183092937,401.0,0.2559158632778265,109.0,1589.0,0.13565629228687415,0.2124694661926564,0.15523657628920787,1881.0,0.6363328822733424,0.7281795511221946,966.0,0.19201995012468828,0.03740648379052369,0.13216957605985039,0.22443890274314215,292.0,0.6204330175913396,0.6301106333969382,0.24449229883942944,401.0,0.31501831501831506,143.0,979.0,0.13565629228687415,0.2840226199706497,0.2085691188358933,1237.0,0.41847090663058184,0.6433915211970075,1576.0,0.26683291770573564,0.032418952618453865,0.16458852867830423,0.341645885286783,258.0,0.05909026922927174,0.06532315758595986,0.05910245174048856,0.07155315377799332,0.06150881873425229,0.07449420921775501,0.1512892549246967,0.12684158312626673,0.38836265223274696,0.5473722738164374,0.21845059660751923,401.0,0.2535094962840628,94.0,1714.0,0.13565629228687415,0.2095284107528947,0.15190499752597725,2021.0,0.6836941813261164,0.7655860349127181,841.0,0.18453865336658354,0.03740648379052369,0.12718204488778054,0.22194513715710723,307.0,blocked,True,future_spike,0.075,0.7821380243572396,0.49659608317757464,0.1838110459052365,401.0,0.11538461538461539,359.0,285.0,0.13565629228687415,0.132733365045953,0.12844036697247707,327.0,0.11062246278755074,0.10473815461346633,2270.0,0.09725685785536159,0.007481296758104738,0.0399002493765586,0.12219451371571072,42.0,0.6569688768606224,0.5576899239181888,0.2624834224666618,401.0,0.25,232.0,782.0,0.13565629228687415,0.15718103684438298,0.17770767613038907,951.0,0.3217185385656292,0.42144638403990026,1773.0,0.1172069825436409,0.00997506234413965,0.0399002493765586,0.14713216957605985,169.0
0.01868399675060926,0.5063342868818962,0.027072389159437358,15.0,0.012264922322158625,0.0,2416.0,0.006092607636068237,0.008110544998621506,0.006170300287947347,2431.0,0.987408610885459,1.0,31.0,0.13333333333333333,0.0,0.13333333333333333,0.0,15.0,15,cortical_pca_64,5,2462,0,0.07351746547522339,0.5339190845933797,0.03458384158877454,15.0,0.012981393336218087,0.0,2281.0,0.006092607636068237,0.0072022175791922995,0.006533101045296167,2296.0,0.9325751421608448,1.0,166.0,0.13333333333333333,0.0,0.13333333333333333,0.0,15.0,0.5743298131600325,0.5539572265358943,0.07903664078408129,15.0,0.015037593984962405,7.0,1041.0,0.006092607636068237,0.14135109590399716,0.0076263107721639654,1049.0,0.42607636068237204,0.5333333333333333,1406.0,0.13333333333333333,0.13333333333333333,0.13333333333333333,0.13333333333333333,8.0,0.0027726716628037797,0.13324055090537565,0.002056200648744318,0.13414887832480488,0.0016864591385004572,0.1336850701972488,0.1365701382904822,0.1363127044533101,0.09951259138911454,0.5469963220269718,0.04180876440159869,15.0,0.013351134846461948,0.0,2217.0,0.006092607636068237,0.007666025706748377,0.006720430107526882,2232.0,0.9065800162469537,1.0,230.0,0.13333333333333333,0.06666666666666667,0.13333333333333333,0.0,15.0,blocked,True,future_slope_change,0.075,0.9935012185215272,0.4997956681651001,0.019276243004034237,15.0,,15.0,1.0,0.006092607636068237,0.004780957613514958,0.0,1.0,0.00040617384240454913,0.0,2446.0,0.06666666666666667,0.0,0.0,0.0,0.0,0.9800974817221771,0.4930527176134042,0.10710065881882723,15.0,,15.0,34.0,0.006092607636068237,0.0050383914506870724,0.0,34.0,0.01380991064175467,0.0,2413.0,0.0,0.0,0.0,0.0,0.0
0.18562144597887897,0.4576856361331644,0.19511813507614265,156.0,0.1069042316258352,36.0,1969.0,0.06336311941510966,0.07776530115437323,0.057443752991862135,2089.0,0.8484971567831032,0.7692307692307693,337.0,0.14102564102564102,0.019230769230769232,0.08333333333333333,0.08974358974358974,120.0,156,cortical_pca_64,5,2462,0,0.21689683184402925,0.4624280027575778,0.2138672442684999,156.0,0.10740740740740741,40.0,1888.0,0.06336311941510966,0.0770881320560484,0.05788423153692615,2004.0,0.8139723801787165,0.7435897435897436,418.0,0.16025641025641027,0.019230769230769232,0.07692307692307693,0.08974358974358974,116.0,0.6640942323314378,0.5786326639535659,0.27715609429354626,156.0,0.1535312180143296,81.0,746.0,0.06336311941510966,0.13716342664613707,0.09135200974421437,821.0,0.33346872461413485,0.4807692307692308,1560.0,0.24358974358974358,0.057692307692307696,0.1794871794871795,0.1987179487179487,75.0,0.046626986388494385,0.059398125491763834,0.04612381060692218,0.06007529459008866,0.049198768854294236,0.05780940999363726,0.06501047982453033,0.022256082759662066,0.17709179528838342,0.4471556919518758,0.1845433397775934,156.0,0.10433244916003535,38.0,1988.0,0.06336311941510966,0.0793540166524998,0.0560303893637227,2106.0,0.8554021121039805,0.7564102564102564,318.0,0.16025641025641027,0.03205128205128205,0.07692307692307693,0.09615384615384616,118.0,blocked,True,future_acceleration_event,0.075,0.9366368805848904,0.5,0.2398475354170188,156.0,,156.0,0.0,0.06336311941510966,0.07215294682160674,,0.0,0.0,0.0,2306.0,0.1346153846153846,0.01282051282051282,0.038461538461538464,0.07051282051282051,0.0,0.784727863525589,0.5952170480574643,0.22020714694198937,156.0,0.18209876543209877,97.0,433.0,0.06336311941510966,0.114907343886475,0.11991869918699187,492.0,0.19983753046303818,0.3782051282051282,1873.0,0.26282051282051283,0.057692307692307696,0.10897435897435898,0.14102564102564102,59.0
0.6527213647441105,0.5040211511243335,0.28165300849590114,861.0,0.018369690011481053,853.0,2.0,0.3497156783103168,0.3785119926411805,0.8,10.0,0.004061738424045491,0.009291521486643438,1599.0,0.11498257839721254,0.023228803716608595,0.0627177700348432,0.3635307781649245,8.0,861,cortical_pca_64,5,2462,0,0.6527213647441105,0.5040211511243335,0.3106852230311826,861.0,0.018369690011481053,853.0,2.0,0.3497156783103168,0.3757266304657254,0.8,10.0,0.004061738424045491,0.009291521486643438,1599.0,0.11149825783972125,0.020905923344947737,0.06155632984901278,0.3670150987224158,8.0,0.6563769293257514,0.5092476319605705,0.3261265747809936,861.0,0.03863636363636364,844.0,2.0,0.3497156783103168,0.4072860241068909,0.8947368421052632,19.0,0.007717303005686434,0.019744483159117306,1599.0,0.13240418118466898,0.025551684088269456,0.07549361207897794,0.37514518002322883,17.0,0.02026667362488259,0.028774031465710392,0.02026667362488259,0.0315593936411655,0.022544409613375133,0.028703740148183,0.04966877800162539,-0.0649858864626674,0.652315190901706,0.5034404310314183,0.30015496225447785,861.0,0.01609195402298851,854.0,2.0,0.3497156783103168,0.3785822839587079,0.7777777777777778,9.0,0.0036555645816409425,0.008130081300813009,1599.0,0.11033681765389082,0.022067363530778164,0.06155632984901278,0.3623693379790941,7.0,blocked,True,future_local_rank_event,0.075,0.3517465475223396,0.49619321837904734,0.28417068806275153,861.0,0.513117754728493,20.0,1576.0,0.3497156783103168,0.3576172461052655,0.3479520066197766,2417.0,0.9817221770917953,0.9767711962833914,25.0,0.10569105691056911,0.011614401858304297,0.0627177700348432,0.3530778164924506,841.0,0.511779041429732,0.5765632832557468,0.34041869017518345,861.0,0.5315666406858924,179.0,1023.0,0.3497156783103168,0.4722719105695583,0.4,1705.0,0.6925264012997563,0.7921022067363531,578.0,0.16840882694541232,0.018583042973286876,0.08478513356562137,0.45063879210220675,682.0
0.8363119415109667,0.5177215038528907,0.19828043385982694,407.0,0.07780320366132723,390.0,13.0,0.1653127538586515,0.23742924555901795,0.5666666666666667,30.0,0.012185215272136474,0.04176904176904177,2042.0,0.16953316953316952,0.0343980343980344,0.10565110565110565,0.23587223587223588,17.0,407,cortical_pca_64,5,2462,0,0.8363119415109667,0.5177215038528907,0.2068339132174181,407.0,0.07780320366132723,390.0,13.0,0.1653127538586515,0.2346380038838098,0.5666666666666667,30.0,0.012185215272136474,0.04176904176904177,2042.0,0.1597051597051597,0.036855036855036855,0.10319410319410319,0.2334152334152334,17.0,0.8290008123476849,0.5291050174261853,0.23347610806434663,407.0,0.13552361396303902,374.0,47.0,0.1653127538586515,0.25548651490843305,0.4125,80.0,0.03249390739236393,0.08108108108108109,2008.0,0.18181818181818182,0.03931203931203931,0.11793611793611794,0.2628992628992629,33.0,0.057720410301711794,0.018057269349415095,0.057720410301711794,0.020848511024623262,0.05444253288195795,0.018767492484601883,0.0800004813096199,0.009901401563164908,0.834281072298944,0.5174901510667934,0.20007328594355475,407.0,0.08108108108108107,389.0,19.0,0.1653127538586515,0.23671902242383117,0.4864864864864865,37.0,0.015028432168968318,0.044226044226044224,2036.0,0.17444717444717445,0.036855036855036855,0.09828009828009827,0.25552825552825553,18.0,blocked,True,future_change_movement,0.1,0.37124289195775795,0.5080901737836044,0.165553424285657,407.0,0.27255639097744366,117.0,1431.0,0.1653127538586515,0.17548603359881315,0.168506682161534,1721.0,0.6990251827782291,0.7125307125307125,624.0,0.085995085995086,0.029484029484029485,0.04914004914004914,0.1597051597051597,290.0,0.6149471974004874,0.5989048105836428,0.2417523127358445,407.0,0.3305084745762712,173.0,775.0,0.1653127538586515,0.24558511334526814,0.2319127849355798,1009.0,0.4098294069861901,0.5749385749385749,1280.0,0.1547911547911548,0.029484029484029485,0.12530712530712532,0.24815724815724816,234.0
0.2976995940460081,0.5450799880267403,0.15741341151103155,281.0,0.18715740015661705,42.0,2034.0,0.09506089309878214,0.14363967487397403,0.10514738231412231,2273.0,0.7689445196211097,0.8505338078291815,641.0,0.1601423487544484,0.042704626334519574,0.12455516014234876,0.15658362989323843,239.0,281,cortical_pca_64,5,2956,0,0.39242219215155616,0.5719373399407989,0.18048052322359526,281.0,0.19892952720785012,58.0,1738.0,0.09506089309878214,0.14353705296538474,0.11371749107598164,1961.0,0.6633964817320703,0.7935943060498221,937.0,0.16370106761565836,0.03914590747330961,0.1103202846975089,0.1494661921708185,223.0,0.557510148849797,0.623341204642964,0.23367759082428716,281.0,0.2323943661971831,83.0,1225.0,0.09506089309878214,0.21480119164555544,0.13914265635980325,1423.0,0.48139377537212447,0.7046263345195729,1450.0,0.27402135231316727,0.046263345195729534,0.16725978647686832,0.2526690391459075,198.0,0.04523696604056604,0.07116151677158142,0.03346483898933297,0.0712641386801707,0.038874614754662,0.06942354807828363,0.12114995575941961,0.09992497972206332,0.3853179972936401,0.5600498885821665,0.16426897297934456,281.0,0.1935197514425211,63.0,1754.0,0.09506089309878214,0.1453776435672718,0.1105476673427992,1972.0,0.6671177266576455,0.7758007117437722,921.0,0.17793594306049823,0.042704626334519574,0.12099644128113879,0.16725978647686832,218.0,blocked,True,future_spike,0.1,0.8721244925575101,0.4977935943060498,0.14087518558109552,281.0,0.05025125628140704,271.0,107.0,0.09506089309878214,0.09365123588613583,0.08547008547008547,117.0,0.03958051420838971,0.03558718861209965,2568.0,0.099644128113879,0.0035587188612099642,0.03914590747330961,0.09608540925266904,10.0,0.7801082543978349,0.5281670934912029,0.2331203833298037,281.0,0.15803108808290156,220.0,430.0,0.09506089309878214,0.11487621192349212,0.12423625254582485,491.0,0.16610284167794317,0.21708185053380782,2245.0,0.1423487544483986,0.017793594306049824,0.0498220640569395,0.1423487544483986,61.0
0.005280259951259139,0.5020333468889793,0.008384098556782129,3.0,0.0024439918533604886,0.0,2449.0,0.0012185215272136475,0.0006279606989330502,0.0012234910277324632,2452.0,0.9959382615759546,1.0,10.0,0.0,0.0,0.0,0.0,3.0,3,cortical_pca_64,5,2462,0,0.07636068237205523,0.20469025349057882,0.012307678203198903,3.0,0.0008787346221441125,2.0,2272.0,0.0012185215272136475,0.0006295156821348373,0.0004399472063352398,2273.0,0.9232331437855402,0.3333333333333333,187.0,0.0,0.0,0.0,0.0,1.0,0.30097481722177094,0.31713433645113187,0.014879381859144334,3.0,0.0011607661056297156,2.0,1719.0,0.0012185215272136475,0.0008513527865514882,0.0005813953488372093,1720.0,0.6986190089358245,0.3333333333333333,740.0,0.0,0.0,0.0,0.0,1.0,-0.001283225747730773,0.000223392087618438,0.0002820314834856031,0.0002218371044166509,-0.0005753450054813954,0.00020528917393702244,-0.0026596655612347634,-0.002078923767875063,0.06580016246953696,0.3658668835570015,0.011535301139681998,3.0,0.001736111111111111,1.0,2299.0,0.0012185215272136475,0.0006460636126144658,0.000869187309865276,2301.0,0.9346060113728676,0.6666666666666666,160.0,0.0,0.0,0.0,0.0,2.0,blocked,True,future_slope_change,0.1,0.9987814784727863,0.5,0.007795662014038863,3.0,,3.0,0.0,0.0012185215272136475,0.0035110183477862515,,0.0,0.0,0.0,2459.0,0.0,0.0,0.0,0.0,0.0,0.9800974817221771,0.4906466043106954,0.025682268604795794,3.0,,3.0,46.0,0.0012185215272136475,0.002930276554426551,0.0,46.0,0.01868399675060926,0.0,2413.0,0.0,0.0,0.0,0.0,0.0
0.16774979691307879,0.430216575922565,0.2267109290610263,87.0,0.05706396686608376,25.0,2024.0,0.035337124289195776,0.04201248102984611,0.029721955896452542,2086.0,0.8472786352558895,0.7126436781609196,351.0,0.12643678160919541,0.034482758620689655,0.08045977011494253,0.06896551724137931,62.0,87,cortical_pca_64,5,2462,0,0.13850528025995126,0.4261318814277072,0.19748493082804328,87.0,0.056914184081814145,23.0,2098.0,0.035337124289195776,0.04309261447003719,0.02960222016651249,2162.0,0.8781478472786353,0.735632183908046,277.0,0.13793103448275862,0.034482758620689655,0.08045977011494253,0.06896551724137931,64.0,0.4772542648253452,0.5131252268602541,0.24633079567675387,87.0,0.06941431670281996,39.0,1248.0,0.035337124289195776,0.07431867886968192,0.037037037037037035,1296.0,0.5264012997562957,0.5517241379310345,1127.0,0.21839080459770116,0.06896551724137931,0.12643678160919541,0.11494252873563218,48.0,0.012350349836736198,0.032306197839835814,0.012500132621005813,0.031226064399644732,0.013508094881359185,0.03183540307968408,0.005790222976430226,0.013668356463227102,0.14947197400487408,0.4207428917120387,0.2269231162442776,87.0,0.05590622182146077,25.0,2069.0,0.035337124289195776,0.042483275789997846,0.029094321914594087,2131.0,0.8655564581640942,0.7126436781609196,306.0,0.13793103448275862,0.04597701149425287,0.08045977011494253,0.06896551724137931,62.0,blocked,True,future_acceleration_event,0.1,0.9646628757108042,0.5,0.2042104213210361,87.0,,87.0,0.0,0.035337124289195776,0.0685284558932517,,0.0,0.0,0.0,2375.0,0.08045977011494253,0.034482758620689655,0.06896551724137931,0.05747126436781609,0.0,0.9082047116165719,0.5759322444041137,0.18861970945216938,87.0,0.14393939393939392,68.0,158.0,0.035337124289195776,0.06065032240645482,0.10734463276836158,177.0,0.0718927701056052,0.21839080459770116,2217.0,0.3218390804597701,0.011494252873563218,0.13793103448275862,0.04597701149425287,19.0
0.5186839967506093,0.5025453159382492,0.3989245088624731,1191.0,0.011676396997497914,1184.0,1.0,0.48375304630381805,0.49550687375056746,0.875,8.0,0.003249390739236393,0.005877413937867338,1270.0,0.10747271200671704,0.015113350125944584,0.05289672544080604,0.4819479429051218,7.0,1191,cortical_pca_64,5,2462,0,0.5194963444354184,0.5033849465008017,0.39225083889110623,1191.0,0.01498751040799334,1182.0,1.0,0.48375304630381805,0.49379753832166223,0.9,10.0,0.004061738424045491,0.007556675062972292,1270.0,0.10663308144416457,0.015113350125944584,0.05373635600335852,0.48446683459277917,9.0,0.5215272136474411,0.5056425684107333,0.351736892377548,1191.0,0.032840722495894904,1171.0,7.0,0.48375304630381805,0.5157171675021321,0.7407407407407407,27.0,0.010966693744922826,0.016792611251049538,1264.0,0.11335012594458438,0.01595298068849706,0.06213266162888329,0.4987405541561713,20.0,0.021164325498396988,0.02021029375156469,0.017853212087901565,0.021919629180469913,0.017865680898557133,0.02171116604412776,0.010718076883670435,-0.07435280577273096,0.5190901705930138,0.5029915554701171,0.3707060195121253,1191.0,0.014975041597337771,1182.0,2.0,0.48375304630381805,0.4940060014580044,0.8181818181818182,11.0,0.004467912266450041,0.007556675062972292,1269.0,0.10831234256926953,0.01595298068849706,0.054575986565911,0.48446683459277917,9.0,blocked,True,future_local_rank_event,0.1,0.4841592201462226,0.4996799362647075,0.398505456159685,1191.0,0.6470261256253474,27.0,1243.0,0.48375304630381805,0.5049990906184617,0.48358953053593684,2407.0,0.9776604386677498,0.9773299748110831,28.0,0.11502938706968933,0.0109151973131822,0.06381192275398824,0.5088161209068011,1164.0,0.5536149471974005,0.5631447104265468,0.3837773532412375,1191.0,0.6498884995221409,171.0,928.0,0.48375304630381805,0.5900699732748631,0.5236139630390144,1948.0,0.7912266450040617,0.8564231738035264,343.0,0.1376994122586062,0.016792611251049538,0.06801007556675064,0.5726280436607892,1020.0
0.36851601262967976,0.5011656206305652,0.5409548675860999,1404.0,0.0070921985815602835,1399.0,1.0,0.6332882273342354,0.6546764804413543,0.8333333333333334,6.0,0.0027063599458728013,0.0035612535612535613,812.0,0.10754985754985755,0.013532763532763533,0.05911680911680912,0.6381766381766382,5.0,1404,cortical_pca_64,7,2217,0,0.3680649526387009,0.50080949527444,0.4973018701178486,1404.0,0.0056777856635912005,1400.0,1.0,0.6332882273342354,0.6516842019609044,0.8,5.0,0.0022552999548940008,0.002849002849002849,812.0,0.10754985754985755,0.013532763532763533,0.05911680911680912,0.6396011396011396,4.0,0.37889039242219213,0.5059910535002786,0.4477968102373553,1404.0,0.05620287868403016,1363.0,14.0,0.6332882273342354,0.6520933001970954,0.7454545454545455,55.0,0.02480829950383401,0.0292022792022792,799.0,0.10398860398860399,0.01282051282051282,0.05555555555555555,0.6353276353276354,41.0,0.04911068010246987,-0.0025831802442588536,0.050525093020438956,0.00040909823619106334,0.04770429511462505,0.00023726821824199273,0.01667245756978919,-0.047397121557448574,0.36851601262967976,0.5009067398366291,0.4917044663951137,1404.0,0.0084985835694051,1398.0,2.0,0.6332882273342354,0.6518560319788534,0.75,8.0,0.0036084799278304014,0.004273504273504274,811.0,0.1111111111111111,0.012108262108262107,0.0584045584045584,0.6346153846153846,6.0,blocked,False,future_change_movement,0.03,0.6224627875507442,0.4979250113013951,0.5744089348378943,1404.0,0.7640259374118974,49.0,788.0,0.6332882273342354,0.6354208426273062,0.6322911805879609,2143.0,0.9666215606675688,0.9650997150997151,25.0,0.10256410256410256,0.011396011396011397,0.054843304843304845,0.6367521367521367,1355.0,0.6328371673432567,0.5281207619768505,0.4869540082941195,1404.0,0.7605882352941177,111.0,703.0,0.6332882273342354,0.699490421754544,0.6477955911823647,1996.0,0.9003157419936851,0.9209401709401709,110.0,0.1168091168091168,0.011396011396011397,0.06054131054131054,0.6794871794871795,1293.0
0.6610284167794317,0.5336079175685964,0.3664163499121561,1043.0,0.17326732673267328,938.0,64.0,0.35284167794316645,0.4693290182021973,0.621301775147929,169.0,0.05717185385656292,0.10067114093959731,1849.0,0.17066155321188878,0.020134228187919462,0.08916586768935762,0.4477468839884947,105.0,1043,cortical_pca_64,7,2956,0,0.6610284167794317,0.5392763545985759,0.36662409469119805,1043.0,0.20727848101265825,912.0,90.0,0.35284167794316645,0.46370703052492157,0.5927601809954751,221.0,0.07476319350473613,0.12559923298178333,1823.0,0.15819750719079578,0.019175455417066157,0.09395973154362416,0.4333652924256951,131.0,0.6742219215155616,0.5647309447044219,0.4008645508754172,1043.0,0.2945054945054945,842.0,121.0,0.35284167794316645,0.516311866828719,0.6242236024844721,322.0,0.10893098782138025,0.19271332694151486,1792.0,0.17833173537871524,0.02205177372962608,0.09300095877277086,0.5043144774688398,201.0,0.12123816777282123,0.04698284862652169,0.08722701349283626,0.05260483630379742,0.016966152588470174,0.056274371721797056,0.1559925195383346,0.13729195698352376,0.6583220568335588,0.5509204569431838,0.31941432776739764,1043.0,0.27753934191702434,849.0,161.0,0.35284167794316645,0.46003749510692193,0.5464788732394367,355.0,0.12009472259810555,0.1860019175455417,1752.0,0.15915627996164908,0.01821668264621285,0.08533077660594439,0.4477468839884947,194.0,blocked,True,future_spike,0.03,0.4506089309878214,0.4846227983434732,0.41971088633623554,1043.0,0.43532684283727396,417.0,1207.0,0.35284167794316645,0.3603193472903844,0.3415166393889798,1833.0,0.6200947225981055,0.6001917545541706,706.0,0.10546500479386385,0.011505273250239693,0.04793863854266539,0.3815915627996165,626.0,0.43437077131258456,0.5374821013211819,0.3066113417672448,1043.0,0.525539160045403,117.0,1555.0,0.35284167794316645,0.37901990984519524,0.3732365981459089,2481.0,0.8393098782138024,0.887823585810163,358.0,0.09587727708533078,0.016299137104506232,0.05465004793863854,0.39213806327900286,926.0
0.936851601262968,0.5228824661684952,0.11222376645660025,131.0,0.09090909090909091,124.0,16.0,0.059088858818222824,0.0930146334408348,0.30434782608695654,23.0,0.010374379792512404,0.05343511450381679,2070.0,0.19083969465648856,0.05343511450381679,0.11450381679389313,0.13740458015267176,7.0,131,cortical_pca_64,7,2217,0,0.9382047812359043,0.5236015457466352,0.1263221473911171,131.0,0.09271523178807947,124.0,13.0,0.059088858818222824,0.101382731479525,0.35,20.0,0.009021199819576003,0.05343511450381679,2073.0,0.1984732824427481,0.061068702290076333,0.13740458015267176,0.1450381679389313,7.0,0.9287325214253496,0.5400305929021539,0.1948471357652421,131.0,0.14130434782608695,118.0,40.0,0.059088858818222824,0.10515672807745609,0.24528301886792453,53.0,0.02390617952187641,0.09923664122137404,2046.0,0.19083969465648856,0.061068702290076333,0.1297709923664122,0.13740458015267176,13.0,0.050395256916996034,0.01214209463662129,0.048589116038007474,0.0037739965979310813,0.08725029377203289,0.02336006407450017,0.056306307652369464,0.02590871278406892,0.936851601262968,0.5121511640672458,0.12329159468626662,131.0,0.05405405405405405,127.0,13.0,0.059088858818222824,0.08179666400295592,0.23529411764705882,17.0,0.007668019846639603,0.030534351145038167,2073.0,0.1297709923664122,0.03816793893129771,0.09923664122137404,0.09923664122137404,4.0,blocked,True,future_slope_change,0.03,0.7861975642760487,0.4392478391018275,0.08665953378153225,131.0,0.024691358024691357,125.0,349.0,0.059088858818222824,0.048850420425086624,0.016901408450704224,355.0,0.16012629679747406,0.04580152671755725,1737.0,0.0,0.0,0.0,0.0,6.0,0.7767253044654939,0.477139490459845,0.15760173815481185,131.0,0.06779661016949153,113.0,382.0,0.059088858818222824,0.07924801529338717,0.045,400.0,0.18042399639152007,0.13740458015267176,1704.0,0.05343511450381679,0.04580152671755725,0.04580152671755725,0.04580152671755725,18.0
0.34100135317997293,0.49858416279412565,0.27879091302095377,664.0,0.4476370510396975,72.0,1389.0,0.2995038340099233,0.375289991528005,0.29883897021706207,1981.0,0.8935498421290031,0.891566265060241,164.0,0.13704819277108435,0.030120481927710843,0.09036144578313253,0.3704819277108434,592.0,664,cortical_pca_64,7,2217,0,0.31799729364005414,0.4920785847834351,0.25052378469240977,664.0,0.4485776805251641,49.0,1463.0,0.2995038340099233,0.37091187121902003,0.2959576515880655,2078.0,0.9373026612539468,0.9262048192771084,90.0,0.14156626506024098,0.030120481927710843,0.0858433734939759,0.35542168674698793,615.0,0.4794767704104646,0.5586302065958618,0.2726360811619142,664.0,0.4652455977757183,162.0,992.0,0.2995038340099233,0.4276115540104128,0.3360107095046854,1494.0,0.6738836265223275,0.7560240963855421,561.0,0.16566265060240964,0.030120481927710843,0.10090361445783133,0.4141566265060241,502.0,0.017608546736020803,0.05232156248240777,0.016667917250554165,0.05669968279139276,0.02255488000044581,0.05472598305674664,0.11378609239073079,0.05971590477121769,0.33107803337843933,0.49020793411896135,0.2806101354420833,664.0,0.44269071777527247,75.0,1408.0,0.2995038340099233,0.37288557095366615,0.29494241362043067,1997.0,0.900766801984664,0.8870481927710844,145.0,0.14457831325301204,0.030120481927710843,0.08885542168674698,0.3674698795180723,589.0,blocked,True,future_acceleration_event,0.03,0.2963464140730717,0.4942978611160676,0.2160455009961231,664.0,0.456824512534819,8.0,1552.0,0.2995038340099233,0.313825461619682,0.2971014492753623,2208.0,0.9959404600811907,0.9879518072289156,1.0,0.1144578313253012,0.01355421686746988,0.060240963855421686,0.3042168674698795,656.0,0.4510599909788002,0.543950593100024,0.2604475036512405,664.0,0.4583889630618603,149.0,1068.0,0.2995038340099233,0.3678956492391951,0.32533164876816173,1583.0,0.7140279657194407,0.7756024096385542,485.0,0.14006024096385541,0.018072289156626505,0.05572289156626506,0.39006024096385544,515.0
0.8619756427604871,0.5073995455632624,0.18309190087184593,296.0,0.043750000000000004,289.0,17.0,0.13351375732972484,0.16739252471948515,0.2916666666666667,24.0,0.010825439783491205,0.02364864864864865,1904.0,0.14527027027027026,0.02027027027027027,0.09121621621621621,0.16891891891891891,7.0,296,cortical_pca_64,7,2217,0,0.8628777627424448,0.5150646481984327,0.16717044381080307,296.0,0.07317073170731707,284.0,20.0,0.13351375732972484,0.16900787751033514,0.375,32.0,0.014433919711321606,0.04054054054054054,1901.0,0.14189189189189189,0.02027027027027027,0.09797297297297297,0.16891891891891891,12.0,0.8588182228236355,0.5098643020949112,0.2570357896557029,296.0,0.060060060060060066,286.0,27.0,0.13351375732972484,0.17004635915521094,0.2702702702702703,37.0,0.016689219666215605,0.033783783783783786,1894.0,0.13851351351351351,0.02702702702702703,0.06418918918918919,0.17905405405405406,10.0,0.016310060060060062,0.0026538344357257826,-0.013110671647257002,0.0010384816448757994,0.005182011279572261,0.0038593597892893072,0.040599960794396095,-0.047622858942447915,0.8601714027965719,0.5092162373200895,0.16873021789831433,296.0,0.054878048780487805,287.0,23.0,0.13351375732972484,0.16618699936592163,0.28125,32.0,0.014433919711321606,0.030405405405405407,1898.0,0.13513513513513514,0.02027027027027027,0.09797297297297297,0.17567567567567569,9.0,blocked,True,future_local_rank_event,0.03,0.6328371673432567,0.46805577050241287,0.1612407071034038,296.0,0.1503131524008351,224.0,590.0,0.13351375732972484,0.12944639836081484,0.10876132930513595,662.0,0.2986017140279657,0.24324324324324326,1331.0,0.060810810810810814,0.013513513513513514,0.02364864864864865,0.08783783783783784,72.0,0.532701849345963,0.5931736004614714,0.18514232201323494,296.0,0.27855153203342614,96.0,940.0,0.13351375732972484,0.21766921809765885,0.17543859649122806,1140.0,0.5142083897158322,0.6756756756756757,981.0,0.1554054054054054,0.0472972972972973,0.12162162162162163,0.19932432432432431,200.0
0.5408209291835814,0.5016124594223644,0.39528086306225896,1021.0,0.009727626459143969,1016.0,2.0,0.460532250789355,0.4822830268364815,0.7142857142857143,7.0,0.0031574199368516014,0.004897159647404506,1194.0,0.10577864838393732,0.01665034280117532,0.059745347698334964,0.4730656219392752,5.0,1021,cortical_pca_64,7,2217,0,0.541723049165539,0.5025202355877738,0.37357620866263147,1021.0,0.011673151750972763,1015.0,1.0,0.460532250789355,0.48121117911989997,0.8571428571428571,7.0,0.0031574199368516014,0.005876591576885406,1195.0,0.10871694417238002,0.01665034280117532,0.05680705190989226,0.47698334965719885,6.0,0.5453315290933695,0.5065812748338405,0.3502263411775735,1021.0,0.030769230769230774,1005.0,3.0,0.460532250789355,0.5018961035682926,0.8421052631578947,19.0,0.008570139828597204,0.015670910871694418,1193.0,0.12047012732615084,0.01762977473065622,0.06562193927522038,0.48481880509304603,16.0,0.021041604310086805,0.01961307673181112,0.01909607901825801,0.02068492444839265,0.02105105778575167,0.022243156742025982,0.027553288551628308,-0.0556186536857709,0.5403698691926027,0.5011943992216955,0.3556529234823604,1021.0,0.009718172983479106,1016.0,3.0,0.460532250789355,0.47965294682626664,0.625,8.0,0.0036084799278304014,0.004897159647404506,1193.0,0.10675808031341821,0.015670910871694418,0.058765915768854066,0.4730656219392752,5.0,blocked,True,future_change_movement,0.05,0.4578258908434822,0.4957719004582693,0.3873789744819727,1021.0,0.6239048811013767,24.0,1178.0,0.460532250789355,0.4743428150166643,0.45839080459770115,2175.0,0.9810554803788903,0.9764936336924583,18.0,0.10577864838393732,0.011753183153770812,0.06366307541625857,0.4701273261508325,997.0,0.4957149300857014,0.5251564961887323,0.31364098498299703,1021.0,0.6212737127371274,104.0,1014.0,0.460532250789355,0.5575147572540635,0.474883480062144,1931.0,0.8709968425800632,0.8981390793339863,182.0,0.14397649363369247,0.011753183153770812,0.06366307541625857,0.5533790401567091,917.0
0.7560893098782138,0.5479315151436757,0.31862325587028273,729.0,0.21715526601520088,629.0,92.0,0.246617050067659,0.3780863340744688,0.5208333333333334,192.0,0.06495263870094722,0.13717421124828533,2135.0,0.1906721536351166,0.02194787379972565,0.1083676268861454,0.3813443072702332,100.0,729,cortical_pca_64,7,2956,0,0.7456021650879567,0.5654232289466535,0.3076759615346128,729.0,0.2892249527410208,576.0,176.0,0.246617050067659,0.3849350301512239,0.46504559270516715,329.0,0.11129905277401894,0.20987654320987653,2051.0,0.19753086419753085,0.023319615912208505,0.11385459533607682,0.3950617283950617,153.0,0.7506765899864682,0.6098514736526345,0.34832718757900355,729.0,0.39639639639639646,487.0,250.0,0.246617050067659,0.4402487278920053,0.491869918699187,492.0,0.16644113667117727,0.3319615912208505,1977.0,0.22496570644718794,0.02194787379972565,0.12071330589849108,0.45953360768175583,242.0,0.17924113038119557,0.06216239381753652,0.10717144365537568,0.05531369774078143,0.1323187264934838,0.0704008650625711,0.1837935040837123,0.17105540913554923,0.7435723951285521,0.556233111156692,0.29455935622063967,729.0,0.26407766990291265,593.0,165.0,0.246617050067659,0.3698478628294342,0.45182724252491696,301.0,0.10182679296346414,0.18655692729766804,2062.0,0.18381344307270234,0.02194787379972565,0.10973936899862825,0.37585733882030176,136.0,blocked,True,future_spike,0.05,0.4766576454668471,0.49488876692888073,0.318264535035913,729.0,0.33347694959069374,342.0,1205.0,0.246617050067659,0.256455223808293,0.24309045226130654,1592.0,0.5385656292286874,0.5308641975308642,1022.0,0.1083676268861454,0.013717421124828532,0.0438957475994513,0.3004115226337449,387.0,0.4232070365358593,0.5124707188187373,0.3288681536510778,729.0,0.3706164636397195,227.0,1478.0,0.246617050067659,0.2691933187564561,0.25353535353535356,1980.0,0.6698240866035182,0.6886145404663924,749.0,0.09465020576131687,0.009602194787379973,0.04526748971193416,0.2716049382716049,502.0
0.10464591790708164,0.5443067033976124,0.03137562924008681,39.0,0.03780901599612215,0.0,1985.0,0.017591339648173207,0.03232772463480303,0.019268774703557312,2024.0,0.9129454217410916,1.0,193.0,0.3076923076923077,0.02564102564102564,0.1794871794871795,0.02564102564102564,39.0,39,cortical_pca_64,7,2217,0,0.2386107352277853,0.5873066327611782,0.05451206748481003,39.0,0.04199772985244041,2.0,1686.0,0.017591339648173207,0.033323746916508086,0.021474172954149738,1723.0,0.7771763644564728,0.9487179487179487,492.0,0.3076923076923077,0.0,0.15384615384615385,0.07692307692307693,37.0,0.8669373026612539,0.6049127640036731,0.10926016476796356,39.0,0.08099688473520249,26.0,269.0,0.017591339648173207,0.06973842892291521,0.04609929078014184,282.0,0.12719891745602166,0.3333333333333333,1909.0,0.3333333333333333,0.05128205128205128,0.23076923076923078,0.10256410256410256,13.0,0.043187868739080336,0.037410704288112176,0.03899915488276208,0.03641468200640712,0.0406045015845966,0.03887039753407662,0.05547125221107747,0.05347739813563217,0.2498872350022553,0.5678639542275906,0.0465710353859841,39.0,0.040392383150605886,4.0,1659.0,0.017591339648173207,0.03086803138883859,0.02066115702479339,1694.0,0.7640956247180875,0.8974358974358975,519.0,0.2564102564102564,0.02564102564102564,0.15384615384615385,0.05128205128205128,35.0,blocked,True,future_slope_change,0.05,0.9824086603518268,0.5,0.05012576323926166,39.0,,39.0,0.0,0.017591339648173207,0.014267176711837741,,0.0,0.0,0.0,2178.0,0.05128205128205128,0.0,0.02564102564102564,0.0,0.0,0.9264772214704555,0.47153351698806245,0.11737618713163497,39.0,,39.0,124.0,0.017591339648173207,0.016261030787283044,0.0,124.0,0.05593143888137122,0.0,2054.0,0.0,0.0,0.0,0.0,0.0
0.14614343707713126,0.4649116056679082,0.23866668177468459,306.0,0.2263996730690641,29.0,1864.0,0.13802435723951287,0.16834751773660087,0.1293787949556282,2141.0,0.9657194406856112,0.9052287581699346,47.0,0.13071895424836602,0.042483660130718956,0.0718954248366013,0.17647058823529413,277.0,306,cortical_pca_64,7,2217,0,0.15381145692377085,0.46935953868726976,0.24138082418415796,306.0,0.2279835390946502,29.0,1847.0,0.13802435723951287,0.1688890707303402,0.13041431261770245,2124.0,0.9580514208389715,0.9052287581699346,64.0,0.13398692810457516,0.0392156862745098,0.07516339869281045,0.17647058823529413,277.0,0.3062697338746053,0.4878053785616811,0.23916346572042643,306.0,0.2271356783919598,80.0,1458.0,0.13802435723951287,0.2276865157928651,0.1342042755344418,1684.0,0.7595850248082995,0.738562091503268,453.0,0.17647058823529413,0.058823529411764705,0.12745098039215685,0.2222222222222222,226.0,0.0007360053228956942,0.05933899805626425,-0.0008478607026903839,0.058797445062524906,-0.0007540789095621669,0.05913388687643825,0.08352803515746934,0.0398421210633311,0.15336039693279205,0.4690978955684838,0.24213356199281144,306.0,0.22788975730152197,29.0,1848.0,0.13802435723951287,0.16855262891642686,0.1303529411764706,2125.0,0.9585024808299504,0.9052287581699346,63.0,0.13725490196078433,0.042483660130718956,0.0718954248366013,0.17320261437908496,277.0,blocked,True,future_acceleration_event,0.05,0.8619756427604871,0.5,0.21629664673694718,306.0,,306.0,0.0,0.13802435723951287,0.14415848063539577,,0.0,0.0,0.0,1911.0,0.10457516339869281,0.0196078431372549,0.0457516339869281,0.13071895424836602,0.0,0.6301308073973838,0.5590159140579308,0.223430502384999,306.0,0.25589836660617055,165.0,655.0,0.13802435723951287,0.18784439472953401,0.1771356783919598,796.0,0.35904375281912493,0.46078431372549017,1256.0,0.16993464052287582,0.029411764705882353,0.0784313725490196,0.2222222222222222,141.0
0.7591339648173207,0.506875330731029,0.23134922922674292,538.0,0.032608695652173905,529.0,5.0,0.2426702751465945,0.2824656528638557,0.6428571428571429,14.0,0.006314839873703203,0.016728624535315983,1674.0,0.13197026022304834,0.026022304832713755,0.07806691449814127,0.2620817843866171,9.0,538,cortical_pca_64,7,2217,0,0.7582318448353631,0.5050165946715495,0.2481930150560364,538.0,0.025454545454545455,531.0,5.0,0.2426702751465945,0.28219104251420446,0.5833333333333334,12.0,0.005412719891745603,0.013011152416356878,1674.0,0.12825278810408922,0.02973977695167286,0.08178438661710037,0.26022304832713755,7.0,0.7577807848443843,0.5059819418090516,0.3134800350700797,538.0,0.03243243243243243,529.0,8.0,0.2426702751465945,0.2845438929958362,0.5294117647058824,17.0,0.007668019846639603,0.016728624535315983,1671.0,0.13568773234200743,0.020446096654275093,0.0762081784386617,0.275092936802974,9.0,-0.0001762632197414779,0.002078240131980491,0.006977886977886972,0.002352850481631752,-0.0037994516255385885,0.0016928135036227143,0.028336160940281407,-0.048909842981263385,0.7600360847992783,0.5081024950680946,0.22644508288113704,538.0,0.036231884057971016,528.0,4.0,0.2426702751465945,0.2828510794922135,0.7142857142857143,14.0,0.006314839873703203,0.01858736059479554,1675.0,0.12639405204460966,0.027881040892193308,0.07063197026022305,0.26579925650557623,10.0,blocked,True,future_local_rank_event,0.05,0.41271989174560214,0.49163900888075085,0.23030949286240932,538.0,0.34769539078156314,191.0,1111.0,0.2426702751465945,0.2562077320555548,0.23799725651577502,1458.0,0.6576454668470907,0.6449814126394052,568.0,0.08364312267657993,0.022304832713754646,0.05204460966542751,0.24349442379182157,347.0,0.5290933694181326,0.58994389473288,0.2955147492311718,538.0,0.42192691029900337,157.0,887.0,0.2426702751465945,0.3334537359770996,0.30047318611987384,1268.0,0.5719440685611187,0.70817843866171,792.0,0.137546468401487,0.026022304832713755,0.08550185873605948,0.34386617100371747,381.0
0.6648624267027514,0.503001733241234,0.28319877963509615,746.0,0.015894039735099338,740.0,3.0,0.33649075327018496,0.3758918029187473,0.6666666666666666,9.0,0.0040595399188092015,0.00804289544235925,1468.0,0.12332439678284182,0.022788203753351208,0.06300268096514745,0.3753351206434316,6.0,746,cortical_pca_64,7,2217,0,0.6648624267027514,0.503001733241234,0.3080631744537452,746.0,0.015894039735099338,740.0,3.0,0.33649075327018496,0.37615787901192416,0.6666666666666666,9.0,0.0040595399188092015,0.00804289544235925,1468.0,0.11662198391420911,0.022788203753351208,0.06836461126005362,0.37667560321715815,6.0,0.6671177266576455,0.5083349584368387,0.31335218787161123,746.0,0.044041450777202076,729.0,9.0,0.33649075327018496,0.3906948141299902,0.6538461538461539,26.0,0.011727559765448805,0.022788203753351208,1462.0,0.13136729222520108,0.021447721179624665,0.06970509383378017,0.3847184986595174,17.0,0.02814741104210274,0.014803011211242889,0.02814741104210274,0.01453693511806603,0.02814741104210274,0.016704094138216663,0.03687239292856759,-0.054357866931852405,0.6648624267027514,0.503001733241234,0.29356159641019536,746.0,0.015894039735099338,740.0,3.0,0.33649075327018496,0.3739907199917735,0.6666666666666666,9.0,0.0040595399188092015,0.00804289544235925,1468.0,0.11662198391420911,0.021447721179624665,0.06568364611260054,0.37131367292225204,6.0,blocked,True,future_change_movement,0.075,0.33649075327018496,0.4930629343354906,0.2725750393443495,746.0,0.49640534063676817,21.0,1450.0,0.33649075327018496,0.3538224212014226,0.3333333333333333,2175.0,0.9810554803788903,0.9718498659517426,21.0,0.1126005361930295,0.014745308310991957,0.054959785522788206,0.36595174262734587,725.0,0.47812359043752817,0.5621346934386522,0.2732605105704824,746.0,0.5136612021857924,135.0,1022.0,0.33649075327018496,0.4450526810618426,0.3741579914268218,1633.0,0.7365809652683807,0.8190348525469169,449.0,0.15683646112600536,0.014745308310991957,0.08981233243967829,0.4343163538873995,611.0
0.8125845737483085,0.5292078309826241,0.2460107681307649,538.0,0.13975155279503107,493.0,61.0,0.18200270635994586,0.28008011263190324,0.42452830188679247,106.0,0.03585926928281461,0.08364312267657993,2357.0,0.18773234200743494,0.02973977695167286,0.10408921933085502,0.3048327137546468,45.0,538,cortical_pca_64,7,2956,0,0.8078484438430311,0.5299258042992304,0.26157746022365563,538.0,0.1497005988023952,488.0,80.0,0.18200270635994586,0.27577656019012,0.38461538461538464,130.0,0.04397834912043302,0.09293680297397769,2338.0,0.1895910780669145,0.027881040892193308,0.10408921933085502,0.29182156133828996,50.0,0.8024357239512855,0.5902048145722447,0.28253184713805846,538.0,0.3209302325581395,400.0,184.0,0.18200270635994586,0.34915561972620185,0.42857142857142855,322.0,0.10893098782138025,0.25650557620817843,2234.0,0.24535315985130113,0.027881040892193308,0.137546468401487,0.3736059479553903,138.0,0.18117867976310845,0.0690755070942986,0.17122963375574432,0.07337905953608187,0.18759689922480619,0.08172964898868568,0.15660453411125116,0.1501443266754115,0.8064952638700947,0.5247631610504857,0.26152401955531834,538.0,0.13333333333333333,494.0,78.0,0.18200270635994586,0.26742597073751617,0.36065573770491804,122.0,0.041271989174560215,0.08178438661710037,2340.0,0.17100371747211895,0.02973977695167286,0.09665427509293681,0.2843866171003718,44.0,blocked,True,future_spike,0.075,0.4610960757780785,0.4877813855808819,0.1801530007786762,538.0,0.26352288488210823,253.0,1340.0,0.18200270635994586,0.19255108561495068,0.1753846153846154,1625.0,0.5497293640054127,0.5297397769516728,1078.0,0.11524163568773234,0.01486988847583643,0.046468401486988845,0.2137546468401487,285.0,0.5696887686062246,0.5476552867127277,0.29348461091659794,538.0,0.3026315789473684,262.0,1010.0,0.18200270635994586,0.19901129305079035,0.21461897356143078,1286.0,0.43504736129905275,0.5130111524163569,1408.0,0.12453531598513011,0.011152416356877323,0.05018587360594796,0.19144981412639406,276.0
0.02165087956698241,0.5101626016260162,0.009903944677328157,3.0,0.002758620689655172,0.0,2169.0,0.0013531799729364006,0.0008192350283316116,0.0013812154696132596,2172.0,0.979702300405954,1.0,45.0,0.0,0.0,0.0,0.0,3.0,3,cortical_pca_64,7,2217,0,0.08299503834009923,0.3744354110207769,0.014979408453379825,3.0,0.0019636720667648507,1.0,2032.0,0.0013531799729364006,0.0008077387175290368,0.0009832841691248771,2034.0,0.9174560216508796,0.6666666666666666,182.0,0.0,0.0,0.0,0.0,2.0,0.6048714479025711,0.8021680216802167,0.026707507806037024,3.0,0.006802721088435374,0.0,876.0,0.0013531799729364006,0.0036065194536710086,0.0034129692832764505,879.0,0.39648173207036536,1.0,1338.0,0.0,0.0,0.0,0.0,3.0,0.004044100398780202,0.002787284425339397,0.004839049021670523,0.002798780736141972,0.004729107817310439,0.0027927626576088375,-0.004190431420335249,0.0009718722152961814,0.13170951736580966,0.39882565492321587,0.017252973267191093,3.0,0.002073613271124935,1.0,1924.0,0.0013531799729364006,0.0008137567960621712,0.0010384215991692627,1926.0,0.8687415426251691,0.6666666666666666,290.0,0.0,0.0,0.0,0.0,2.0,blocked,True,future_slope_change,0.075,0.9986468200270636,0.5,0.006156879784365197,3.0,,3.0,0.0,0.0013531799729364006,0.0077969508740062575,,0.0,0.0,0.0,2214.0,0.6666666666666666,0.0,0.3333333333333333,0.0,0.0,0.9760938204781235,0.48870822041553746,0.06438016482512011,3.0,,3.0,50.0,0.0013531799729364006,0.002634647238374827,0.0,50.0,0.02255299954894001,0.0,2164.0,0.0,0.0,0.0,0.0,0.0
0.13125845737483086,0.3896273952930768,0.2239200580190243,151.0,0.09746954076850985,47.0,1879.0,0.06811005863779883,0.07768193344669247,0.052445789208270296,1983.0,0.8944519621109608,0.6887417218543046,187.0,0.10596026490066225,0.039735099337748346,0.059602649006622516,0.07947019867549669,104.0,151,cortical_pca_64,7,2217,0,0.11637347767253045,0.409264150580512,0.19702476333823735,151.0,0.1034324942791762,38.0,1921.0,0.06811005863779883,0.0769118481378227,0.05555555555555555,2034.0,0.9174560216508796,0.7483443708609272,145.0,0.10596026490066225,0.039735099337748346,0.059602649006622516,0.0728476821192053,113.0,0.539467749210645,0.48281062679907427,0.28686863701181997,151.0,0.1098517872711421,88.0,933.0,0.06811005863779883,0.11792165945061439,0.06325301204819277,996.0,0.44925575101488496,0.41721854304635764,1133.0,0.18543046357615894,0.06622516556291391,0.1390728476821192,0.15894039735099338,63.0,0.012382246502632255,0.04023972600392192,0.006419292991965905,0.04100981131279169,0.014122082906993808,0.040936345294805276,0.03606758598574654,0.010717887649832378,0.13080739738385205,0.3832468922895444,0.20845601507039077,151.0,0.0957297043641483,49.0,1878.0,0.06811005863779883,0.07698531415580911,0.051515151515151514,1980.0,0.8930987821380244,0.6754966887417219,188.0,0.11920529801324503,0.039735099337748346,0.052980132450331126,0.0728476821192053,102.0,blocked,True,future_acceleration_event,0.075,0.9318899413622012,0.5,0.2443718219855775,151.0,,151.0,0.0,0.06811005863779883,0.08185407346486785,,0.0,0.0,0.0,2066.0,0.10596026490066225,0.013245033112582781,0.026490066225165563,0.046357615894039736,0.0,0.8958051420838972,0.5174698524839245,0.27343874429709697,151.0,0.09411764705882356,139.0,92.0,0.06811005863779883,0.10720377180078201,0.11538461538461539,104.0,0.04691023906179522,0.07947019867549669,1974.0,0.2185430463576159,0.039735099337748346,0.07947019867549669,0.1390728476821192,12.0
0.6450157870996842,0.5027463120825313,0.31150488796533776,790.0,0.01501877346683354,784.0,3.0,0.35633739287325217,0.3902009885359201,0.6666666666666666,9.0,0.0040595399188092015,0.007594936708860759,1424.0,0.11772151898734177,0.02278481012658228,0.06455696202531645,0.38734177215189874,6.0,790,cortical_pca_64,7,2217,0,0.645466847090663,0.5030966975064977,0.31647317427173377,790.0,0.015037593984962405,784.0,2.0,0.35633739287325217,0.3897516583067753,0.75,8.0,0.0036084799278304014,0.007594936708860759,1425.0,0.11012658227848102,0.02278481012658228,0.07215189873417721,0.38354430379746834,6.0,0.6486242670275146,0.5086571811270879,0.30455092630992564,790.0,0.04182041820418204,773.0,6.0,0.35633739287325217,0.4031528177894478,0.7391304347826086,23.0,0.010374379792512404,0.021518987341772152,1421.0,0.1240506329113924,0.021518987341772152,0.06962025316455696,0.3911392405063291,17.0,0.026801644737348498,0.012951829253527669,0.026782824219219632,0.013401159482672509,0.026782824219219632,0.012400288866139642,0.04639940115413582,-0.06360961702774104,0.645466847090663,0.5030966975064977,0.29371137420939664,790.0,0.015037593984962405,784.0,2.0,0.35633739287325217,0.39075252892330814,0.75,8.0,0.0036084799278304014,0.007594936708860759,1425.0,0.11392405063291139,0.021518987341772152,0.0670886075949367,0.3822784810126582,6.0,blocked,True,future_local_rank_event,0.075,0.35633739287325217,0.5,0.288531346102061,790.0,0.5254406385101431,0.0,1427.0,0.35633739287325217,0.35675341663531196,0.35633739287325217,2217.0,1.0,1.0,0.0,0.09873417721518987,0.008860759493670886,0.04556962025316456,0.37341772151898733,790.0,0.507893549842129,0.5787409188081574,0.3284727311905264,790.0,0.5444676409185804,138.0,953.0,0.35633739287325217,0.4667624348171888,0.4062305295950156,1605.0,0.7239512855209743,0.8253164556962025,474.0,0.14936708860759493,0.013924050632911392,0.08734177215189873,0.46455696202531643,652.0
0.7564276048714479,0.5070607084851412,0.23429085861262647,545.0,0.03225806451612904,536.0,4.0,0.2458276950834461,0.28337369836126425,0.6923076923076923,13.0,0.005863779882724403,0.01651376146788991,1668.0,0.12844036697247707,0.027522935779816515,0.07706422018348624,0.26238532110091745,9.0,545,cortical_pca_64,7,2217,0,0.7559765448804691,0.5067616654229402,0.22695864553989653,545.0,0.032200357781753126,536.0,5.0,0.2458276950834461,0.28267088915627825,0.6428571428571429,14.0,0.006314839873703203,0.01651376146788991,1667.0,0.12477064220183487,0.027522935779816515,0.08073394495412844,0.25504587155963304,9.0,0.7541723049165538,0.5055654931741363,0.28878271861174437,545.0,0.031971580817051516,536.0,9.0,0.2458276950834461,0.2860088075379694,0.5,18.0,0.008119079837618403,0.01651376146788991,1663.0,0.13394495412844037,0.01834862385321101,0.07706422018348624,0.27706422018348625,9.0,-0.00028648369907752214,0.002635109176705175,-0.00022877696470161024,0.003337918381691174,0.006791724701943603,0.0035165386864028925,0.029054384904970754,-0.04961427527441542,0.7555254848894903,0.50522584609982,0.24436080737418422,545.0,0.025179856115107913,538.0,4.0,0.2458276950834461,0.28249226885156653,0.6363636363636364,11.0,0.004961659900766802,0.012844036697247707,1668.0,0.12293577981651377,0.023853211009174313,0.06972477064220184,0.26605504587155965,7.0,blocked,True,future_change_movement,0.1,0.404149751917005,0.4887071463061323,0.23041861303373615,545.0,0.35085995085995086,188.0,1133.0,0.2458276950834461,0.25695442263299867,0.2395973154362416,1490.0,0.6720793865584123,0.655045871559633,539.0,0.09357798165137615,0.022018348623853212,0.047706422018348627,0.24770642201834864,357.0,0.5250338294993234,0.5923494359334533,0.2866811709096905,545.0,0.4286489419424851,150.0,903.0,0.2458276950834461,0.33562308281238484,0.30431432973805855,1298.0,0.5854758682904826,0.7247706422018348,769.0,0.13394495412844037,0.027522935779816515,0.08807339449541285,0.344954128440367,395.0
0.8484438430311232,0.5528514475301007,0.20321726110529154,389.0,0.20848056537102475,330.0,118.0,0.13159675236806495,0.22948881595131423,0.3333333333333333,177.0,0.05987821380243572,0.15167095115681234,2449.0,0.2185089974293059,0.030848329048843187,0.12082262210796915,0.2519280205655527,59.0,389,cortical_pca_64,7,2956,0,0.8372801082543978,0.5486048451624985,0.19945246254394253,389.0,0.2023217247097844,328.0,153.0,0.13159675236806495,0.22130368271715145,0.2850467289719626,214.0,0.07239512855209743,0.15681233933161953,2414.0,0.20051413881748073,0.028277634961439587,0.12853470437017994,0.2365038560411311,61.0,0.8298376184032477,0.6119348503799961,0.2706205837526631,389.0,0.32843791722296395,266.0,237.0,0.13159675236806495,0.27723225723623224,0.3416666666666667,360.0,0.12178619756427606,0.3161953727506427,2330.0,0.2596401028277635,0.033419023136246784,0.16709511568123395,0.32904884318766064,123.0,0.1199573518519392,0.047743441284918,0.12611619251317954,0.05592857451908079,0.10978839953807648,0.05585040420312534,0.13043568292637203,0.12961766334177305,0.8355886332882273,0.5552649156838376,0.1877336587745833,389.0,0.21864951768488747,321.0,165.0,0.13159675236806495,0.2213818530331069,0.2918454935622318,233.0,0.07882273342354533,0.17480719794344474,2402.0,0.22879177377892032,0.030848329048843187,0.13110539845758354,0.2622107969151671,68.0,blocked,True,future_spike,0.1,0.736468200270636,0.5341831211450855,0.17352130337995847,389.0,0.20591233435270134,288.0,491.0,0.13159675236806495,0.1467965743098602,0.17060810810810811,592.0,0.20027063599458728,0.2596401028277635,2076.0,0.12853470437017994,0.017994858611825194,0.04627249357326478,0.16709511568123395,101.0,0.5818673883626523,0.5455008847714166,0.23857785933950182,389.0,0.23797780517879166,196.0,1040.0,0.13159675236806495,0.1476145938944592,0.15652879156528793,1233.0,0.41711772665764546,0.4961439588688946,1527.0,0.11568123393316196,0.010282776349614395,0.056555269922879174,0.17223650385604114,193.0
0.9995489400090212,0.5,1e-06,1.0,,1.0,0.0,0.0004510599909788002,0.00031725888324873094,,0.0,0.0,0.0,2216.0,0.0,0.0,0.0,0.0,0.0,1,cortical_pca_64,7,2217,0,0.9995489400090212,0.5,1e-06,1.0,,1.0,0.0,0.0004510599909788002,0.00031725888324873094,,0.0,0.0,0.0,2216.0,0.0,0.0,0.0,0.0,0.0,0.9995489400090212,0.5,1e-06,1.0,,1.0,0.0,0.0004510599909788002,0.00031725888324873094,,0.0,0.0,0.0,2216.0,0.0,0.0,0.0,0.0,0.0,,0.0,,0.0,,0.0,0.0,0.0,0.9995489400090212,0.5,1e-06,1.0,,1.0,0.0,0.0004510599909788002,0.00031725888324873094,,0.0,0.0,0.0,2216.0,0.0,0.0,0.0,0.0,0.0,blocked,False,future_slope_change,0.1,0.9995489400090212,0.5,1e-06,1.0,,1.0,0.0,0.0004510599909788002,0.00031725888324873094,,0.0,0.0,0.0,2216.0,0.0,0.0,0.0,0.0,0.0,0.9995489400090212,0.5,1e-06,1.0,,1.0,0.0,0.0004510599909788002,0.00031725888324873094,,0.0,0.0,0.0,2216.0,0.0,0.0,0.0,0.0,0.0
0.10915651781686965,0.35580586844666945,0.24803768210546714,102.0,0.060865430337612936,38.0,1937.0,0.046008119079837616,0.05388004195728383,0.031984007996002,2001.0,0.9025710419485792,0.6274509803921569,178.0,0.09803921568627451,0.049019607843137254,0.049019607843137254,0.049019607843137254,64.0,102,cortical_pca_64,7,2217,0,0.10599909788001805,0.3681476846057572,0.24520998188224827,102.0,0.06332703213610585,35.0,1947.0,0.046008119079837616,0.054447298212814,0.03326713008937438,2014.0,0.9084348218313035,0.6568627450980392,168.0,0.09803921568627451,0.049019607843137254,0.049019607843137254,0.049019607843137254,67.0,0.38385205232295894,0.3971353080239188,0.2678390890313984,102.0,0.057931034482758624,60.0,1306.0,0.046008119079837616,0.06883607393424594,0.03115727002967359,1348.0,0.6080288678394227,0.4117647058823529,809.0,0.1568627450980392,0.058823529411764705,0.06862745098039216,0.06862745098039216,42.0,-0.0029343958548543117,0.01495603197696211,-0.00539599765334723,0.014388775721431941,0.0021541420524797475,0.014581172622885809,0.01949397290504546,-0.004400771960745495,0.14479025710419485,0.33715755805868447,0.2710779854892283,102.0,0.05577689243027888,46.0,1850.0,0.046008119079837616,0.05425490131136013,0.02938090241343127,1906.0,0.8597203428055932,0.5490196078431373,265.0,0.09803921568627451,0.049019607843137254,0.049019607843137254,0.049019607843137254,56.0,blocked,True,future_acceleration_event,0.1,0.9539918809201624,0.5,0.2373939514519057,102.0,,102.0,0.0,0.046008119079837616,0.04934210102920048,,0.0,0.0,0.0,2115.0,0.08823529411764706,0.00980392156862745,0.029411764705882353,0.029411764705882353,0.0,0.9354984212900316,0.5229662077596996,0.2392334694551859,102.0,0.08917197452229299,95.0,48.0,0.046008119079837616,0.07323684589499144,0.12727272727272726,55.0,0.02480829950383401,0.06862745098039216,2067.0,0.17647058823529413,0.049019607843137254,0.09803921568627451,0.08823529411764706,7.0
0.5367613892647722,0.5015847244828686,0.40126502007559395,1030.0,0.009643201542912245,1025.0,2.0,0.4645917907081642,0.48808629383172203,0.7142857142857143,7.0,0.0031574199368516014,0.0048543689320388345,1185.0,0.10776699029126213,0.017475728155339806,0.062135922330097085,0.47572815533980584,5.0,1030,cortical_pca_64,7,2217,0,0.5372124492557511,0.5020701613760725,0.36072614581904355,1030.0,0.011560693641618497,1024.0,2.0,0.4645917907081642,0.4871622927937981,0.75,8.0,0.0036084799278304014,0.005825242718446602,1185.0,0.10582524271844661,0.015533980582524271,0.059223300970873784,0.470873786407767,6.0,0.5412719891745602,0.5066317141197929,0.3569285588075714,1030.0,0.034188034188034185,1012.0,5.0,0.4645917907081642,0.5049253210041649,0.782608695652174,23.0,0.010374379792512404,0.017475728155339806,1182.0,0.11747572815533981,0.017475728155339806,0.06601941747572816,0.487378640776699,18.0,0.024544832645121938,0.016839027172442844,0.022627340546415686,0.017763028210366794,0.022627340546415686,0.014782288547617983,0.027048811912424697,-0.056158744911855796,0.5372124492557511,0.5020701613760725,0.36917049505801647,1030.0,0.011560693641618497,1024.0,2.0,0.4645917907081642,0.4901430324565469,0.75,8.0,0.0036084799278304014,0.005825242718446602,1185.0,0.11165048543689321,0.015533980582524271,0.06601941747572816,0.4796116504854369,6.0,blocked,True,future_local_rank_event,0.1,0.4609833107803338,0.4950249875266847,0.3949413401823175,1030.0,0.6271450858034321,25.0,1170.0,0.4645917907081642,0.4778765090917402,0.46206896551724136,2175.0,0.9810554803788903,0.9757281553398058,17.0,0.10485436893203884,0.010679611650485437,0.06504854368932039,0.47572815533980584,1005.0,0.5092467298150654,0.5348958375933454,0.3350772471088224,1030.0,0.6294277929155312,106.0,982.0,0.4645917907081642,0.5610840659160207,0.48478488982161594,1906.0,0.8597203428055932,0.8970873786407767,205.0,0.1407766990291262,0.011650485436893204,0.06796116504854369,0.5524271844660195,924.0
0.3110871905274489,0.5002094276322477,0.6497934131035944,1283.0,0.007751937984496124,1278.0,2.0,0.6905274488697524,0.6954569589299613,0.7142857142857143,7.0,0.003767491926803014,0.003897116134060795,573.0,0.10210444271239283,0.012470771628994544,0.05144193296960249,0.6936866718628215,5.0,1283,cortical_pca_64,10,1858,0,0.3153928955866523,0.5033271205394964,0.60052497788568,1283.0,0.020030816640986132,1270.0,2.0,0.6905274488697524,0.7013907265753837,0.8666666666666667,15.0,0.008073196986006458,0.010132501948558068,573.0,0.10522213561964147,0.013250194855806703,0.05300077942322681,0.6921278254091972,13.0,0.3428417653390743,0.4867335389203294,0.5387617505436972,1283.0,0.18654230512991338,1143.0,78.0,0.6905274488697524,0.6900505421186645,0.6422018348623854,218.0,0.11733046286329386,0.10911925175370225,497.0,0.0950896336710834,0.013250194855806703,0.05378020265003897,0.6897895557287607,140.0,0.17879036714541724,-0.0054064168112968325,0.16651148848892725,-0.011340184456719249,0.16956699648793808,-0.0069571981877326605,-0.006011185166496791,-0.05399930398383779,0.3143164693218515,0.5025476973126842,0.6036350008747381,1283.0,0.01697530864197531,1272.0,2.0,0.6905274488697524,0.6970077403063971,0.8461538461538461,13.0,0.006996770721205597,0.00857365549493375,573.0,0.10366328916601715,0.012470771628994544,0.05689789555728761,0.6929072486360094,11.0,blocked,False,future_change_movement,0.03,0.6878363832077503,0.5014104171608662,0.6702325185303347,1283.0,0.8142216527866751,12.0,568.0,0.6905274488697524,0.6960617272851612,0.6911364872213159,1839.0,0.9897739504843919,0.990646921278254,7.0,0.10678098207326578,0.010911925175370226,0.05767731878409977,0.6890101325019485,1271.0,0.6867599569429494,0.5150266020536107,0.44852356169957075,1283.0,0.8098039215686276,44.0,538.0,0.6905274488697524,0.7440498461025022,0.6972425436128307,1777.0,0.9564047362755651,0.965705378020265,37.0,0.11535463756819954,0.009353078721745909,0.05533904910366329,0.7201870615744349,1239.0
0.39817320703653586,0.5002808988764045,0.44534773775345393,1176.0,0.5693536673928831,0.0,1779.0,0.39783491204330174,0.4230551245692351,0.3979695431472081,2955.0,0.9996617050067659,1.0,1.0,0.1360544217687075,0.017857142857142856,0.08333333333333333,0.3681972789115646,1176.0,1176,cortical_pca_64,10,2956,0,0.39783491204330174,0.5,0.4097038811509791,1176.0,0.569215876089061,0.0,1780.0,0.39783491204330174,0.4124192828240217,0.39783491204330174,2956.0,1.0,1.0,0.0,0.11819727891156463,0.016156462585034014,0.07568027210884354,0.3792517006802721,1176.0,0.4705683355886333,0.5475531223725445,0.40905241416569255,1176.0,0.5814388874030489,89.0,1476.0,0.39783491204330174,0.5475582158169554,0.4241123683183769,2563.0,0.8670500676589986,0.9243197278911565,304.0,0.16241496598639457,0.0195578231292517,0.0858843537414966,0.5263605442176871,1087.0,0.012085220010165876,0.1245030912477203,0.012223011313987953,0.13513893299293372,0.011671445542583814,0.13325163608221235,0.1823788876221979,0.14135596618596297,0.39918809201623817,0.501123595505618,0.40771733667943383,1176.0,0.5697674418604651,0.0,1776.0,0.39783491204330174,0.41430657973474305,0.3983739837398374,2952.0,0.9986468200270636,1.0,4.0,0.11989795918367346,0.017857142857142856,0.07312925170068027,0.37670068027210885,1176.0,blocked,True,future_spike,0.03,0.43775372124492556,0.45480681036459525,0.5131838893811074,1176.0,0.4323770491803279,543.0,1119.0,0.39783491204330174,0.3651793281947575,0.3613013698630137,1752.0,0.5926928281461434,0.5382653061224489,661.0,0.07227891156462585,0.005952380952380952,0.03231292517006803,0.38095238095238093,633.0,0.4482408660351827,0.5190590843078805,0.3565871341232528,1176.0,0.5552222525224979,158.0,1473.0,0.39783491204330174,0.40620224963099244,0.40867121637896425,2491.0,0.8426928281461434,0.8656462585034014,307.0,0.09098639455782313,0.008503401360544218,0.05102040816326531,0.42857142857142855,1018.0
0.8772874058127018,0.564528041754887,0.08771360666009545,92.0,0.1492537313432836,72.0,156.0,0.04951560818083961,0.09199380652147726,0.11363636363636363,176.0,0.09472551130247578,0.21739130434782608,1610.0,0.2391304347826087,0.021739130434782608,0.16304347826086957,0.16304347826086957,20.0,92,cortical_pca_64,10,1858,0,0.898815931108719,0.5449431286621695,0.0988113343547803,92.0,0.12962962962962962,78.0,110.0,0.04951560818083961,0.0727151932208688,0.11290322580645161,124.0,0.06673842841765339,0.15217391304347827,1656.0,0.1956521739130435,0.010869565217391304,0.13043478260869565,0.13043478260869565,14.0,0.9257265877287406,0.5178861588458319,0.16220520013519898,92.0,0.08,86.0,52.0,0.04951560818083961,0.08020043970233968,0.10344827586206896,58.0,0.031216361679224973,0.06521739130434782,1714.0,0.2717391304347826,0.03260869565217391,0.11956521739130435,0.10869565217391304,6.0,-0.0692537313432836,-0.011793366819137577,-0.04962962962962962,0.007485246481470878,-0.07517241379310345,-0.01776617610294849,0.03726318462749922,0.033819002602244484,0.8945102260495156,0.5632847506031808,0.09208224012438095,92.0,0.15517241379310345,74.0,122.0,0.04951560818083961,0.09796661580528818,0.12857142857142856,140.0,0.07534983853606028,0.1956521739130435,1644.0,0.22826086956521738,0.03260869565217391,0.17391304347826086,0.17391304347826086,18.0,blocked,False,future_slope_change,0.03,0.9504843918191603,0.5,0.06754160992367142,92.0,,92.0,0.0,0.04951560818083961,0.04293725507484047,,0.0,0.0,0.0,1766.0,0.05434782608695652,0.010869565217391304,0.03260869565217391,0.03260869565217391,0.0,0.8347685683530678,0.48549288492786447,0.17869030543590766,92.0,0.0553846153846154,83.0,224.0,0.04951560818083961,0.0463814371000952,0.03862660944206009,233.0,0.12540365984930033,0.09782608695652174,1542.0,0.05434782608695652,0.0,0.0,0.0,9.0
0.30032292787944026,0.48787973402086876,0.2849898505979314,569.0,0.45968412302576883,16.0,1284.0,0.306243272335845,0.3542465040603386,0.3010342950462711,1837.0,0.988697524219591,0.9718804920913884,5.0,0.1265377855887522,0.028119507908611598,0.0773286467486819,0.36379613356766255,553.0,569,cortical_pca_64,10,1858,0,0.3083961248654467,0.4946798720006108,0.28428321179258714,569.0,0.4634655532359082,14.0,1271.0,0.306243272335845,0.35550125574814206,0.30394304490690033,1826.0,0.9827771797631862,0.9753954305799648,18.0,0.1265377855887522,0.029876977152899824,0.07205623901581722,0.3655536028119508,555.0,0.39289558665231433,0.5236753876589937,0.299893598965073,569.0,0.4648956356736243,79.0,1049.0,0.306243272335845,0.39338486726177213,0.3183885640025991,1539.0,0.8283100107642627,0.8611599297012302,240.0,0.14938488576449913,0.03163444639718805,0.08084358523725835,0.3866432337434095,490.0,0.005211512647855465,0.039138363201433546,0.0014300824377160848,0.03788361151363007,-0.00016260059925427006,0.04169665406086376,0.08740505938682519,0.012600960531795935,0.3078579117330463,0.4962553225140127,0.2730017544746391,569.0,0.46505823627287857,10.0,1276.0,0.306243272335845,0.3516882132009084,0.30463215258855586,1835.0,0.9876210979547901,0.9824253075571178,13.0,0.1265377855887522,0.026362038664323375,0.07908611599297012,0.34973637961335674,559.0,blocked,True,future_acceleration_event,0.03,0.302475780409042,0.49139467250944524,0.2286014560954216,569.0,0.4622406639004149,12.0,1284.0,0.306243272335845,0.30597980787494694,0.3025529603476372,1841.0,0.9908503767491926,0.9789103690685413,5.0,0.10193321616871705,0.014059753954305799,0.056239015817223195,0.28646748681898065,557.0,0.5403659849300323,0.5828389740960759,0.2775329542716479,569.0,0.47990255785627284,175.0,679.0,0.306243272335845,0.3807839067299762,0.36719478098788444,1073.0,0.577502691065662,0.6924428822495606,610.0,0.13005272407732865,0.019332161687170474,0.0632688927943761,0.4007029876977153,394.0
0.8460710441334769,0.5081116173069021,0.14970319567264803,279.0,0.04666666666666667,272.0,14.0,0.15016146393972013,0.1716095946803225,0.3333333333333333,21.0,0.011302475780409042,0.025089605734767026,1565.0,0.12186379928315412,0.021505376344086023,0.07885304659498207,0.17204301075268819,7.0,279,cortical_pca_64,10,1858,0,0.8460710441334769,0.505160700139147,0.171970863463514,279.0,0.03378378378378378,274.0,12.0,0.15016146393972013,0.1670746631495145,0.29411764705882354,17.0,0.00914962325080732,0.017921146953405017,1567.0,0.11827956989247312,0.021505376344086023,0.08602150537634409,0.15770609318996415,5.0,0.8439181916038752,0.5038940756932953,0.2438311838567517,279.0,0.03333333333333333,274.0,16.0,0.15016146393972013,0.1683363537845664,0.23809523809523808,21.0,0.011302475780409042,0.017921146953405017,1563.0,0.12186379928315412,0.017921146953405017,0.05734767025089606,0.2007168458781362,5.0,-0.013333333333333336,-0.003273240895756091,-0.00045045045045044585,0.0012616906350519097,0.006122448979591841,-0.004896008932000817,0.033514782015945155,-0.007534430485141574,0.8460710441334769,0.5036852415552695,0.20175243352310532,279.0,0.027210884353741492,275.0,11.0,0.15016146393972013,0.17323236271656722,0.26666666666666666,15.0,0.008073196986006458,0.014336917562724014,1568.0,0.11827956989247312,0.017921146953405017,0.08243727598566308,0.16129032258064516,4.0,blocked,False,future_local_rank_event,0.03,0.6114101184068891,0.45710160915783093,0.15822198809610138,279.0,0.15456674473067916,213.0,509.0,0.15016146393972013,0.13482157176862125,0.11478260869565217,575.0,0.3094725511302476,0.23655913978494625,1070.0,0.05734767025089606,0.0035842293906810036,0.021505376344086023,0.08243727598566308,66.0,0.5742734122712594,0.541485355506071,0.23185514074213912,279.0,0.2586691658856607,141.0,650.0,0.15016146393972013,0.17587078426970798,0.1751269035532995,788.0,0.4241119483315393,0.4946236559139785,929.0,0.1003584229390681,0.0035842293906810036,0.04659498207885305,0.1827956989247312,138.0
0.45748116254036597,0.5047034334362429,0.45713238361442343,1018.0,0.023255813953488372,1006.0,2.0,0.5479009687836384,0.5861670538883526,0.8571428571428571,14.0,0.007534983853606028,0.011787819253438114,838.0,0.1168958742632613,0.015717092337917484,0.0618860510805501,0.5579567779960707,12.0,1018,cortical_pca_64,10,1858,0,0.4596340150699677,0.5059395172607354,0.4095905152609682,1018.0,0.043809523809523805,995.0,9.0,0.5479009687836384,0.5842412958755849,0.71875,32.0,0.017222820236813777,0.022593320235756387,831.0,0.11984282907662082,0.014734774066797643,0.06385068762278978,0.5579567779960707,23.0,0.49569429494079653,0.5285433623351109,0.3625430406731574,1018.0,0.28745247148288977,829.0,108.0,0.5479009687836384,0.5931772730870535,0.6363636363636364,297.0,0.15984930032292788,0.1856581532416503,732.0,0.11886051080550099,0.0137524557956778,0.06286836935166994,0.5569744597249509,189.0,0.2641966575294014,0.007010219198700929,0.24364294767336597,0.008935977211468549,0.24355934171189741,0.009559508288607521,0.046931191458077115,-0.026255023182670256,0.4607104413347686,0.5071299934512116,0.41787069081986594,1018.0,0.04389312977099237,995.0,7.0,0.5479009687836384,0.583617764798446,0.7666666666666667,30.0,0.016146393972012917,0.022593320235756387,833.0,0.11591355599214145,0.015717092337917484,0.0618860510805501,0.5599214145383105,23.0,blocked,True,future_change_movement,0.05,0.5479009687836384,0.5,0.5014141071140263,1018.0,0.7079276773296245,0.0,840.0,0.5479009687836384,0.5462460816289764,0.5479009687836384,1858.0,1.0,1.0,0.0,0.11198428290766209,0.008840864440078585,0.0550098231827112,0.5402750491159135,1018.0,0.542518837459634,0.5066411731686781,0.3810936916696024,1018.0,0.6785173978819969,121.0,729.0,0.5479009687836384,0.6194322962697237,0.551660516605166,1626.0,0.8751345532831001,0.881139489194499,111.0,0.1168958742632613,0.010805500982318271,0.05795677799607073,0.6100196463654224,897.0
0.2922868741542625,0.49913036140658834,0.3287315174590476,859.0,0.4491837809373355,6.0,2086.0,0.290595399188092,0.370934344652022,0.2902347737325621,2939.0,0.9942489851150202,0.9930151338766007,11.0,0.18044237485448195,0.01979045401629802,0.09080325960419092,0.35273573923166474,853.0,859,cortical_pca_64,10,2956,0,0.3102165087956698,0.5055820083349849,0.34480244753158884,859.0,0.4502561337287679,24.0,2015.0,0.290595399188092,0.37257267813745576,0.2929824561403509,2850.0,0.9641407307171854,0.9720605355064028,82.0,0.16763678696158324,0.01979045401629802,0.09429569266589057,0.36554132712456344,835.0,0.5314614343707713,0.6103172501544698,0.36456583041975404,859.0,0.4976423648893725,173.0,1212.0,0.290595399188092,0.467994138965628,0.36143308746048475,1898.0,0.642083897158322,0.7986030267753201,885.0,0.20372526193247964,0.02211874272409779,0.11059371362048893,0.4610011641443539,686.0,0.048458583952037004,0.09705979431360601,0.04738623116060464,0.09542146082817227,0.049413113740413406,0.11275915887616589,0.1873772283309486,0.16268335633448117,0.3095399188092016,0.503043318716299,0.3404990518754641,859.0,0.4482292511489591,30.0,2011.0,0.290595399188092,0.35523498008946214,0.2919014084507042,2840.0,0.9607577807848444,0.9650756693830035,86.0,0.16065192083818394,0.01979045401629802,0.08963911525029103,0.3538998835855646,829.0,blocked,True,future_spike,0.05,0.4556833558863329,0.47065490198037774,0.39702915265965955,859.0,0.35094796288826147,424.0,1185.0,0.290595399188092,0.2806169106346794,0.26851851851851855,1620.0,0.5480378890392422,0.5064027939464494,912.0,0.09778812572759023,0.006984866123399301,0.03259604190919674,0.3131548311990687,435.0,0.4083220568335589,0.5156229615676922,0.3679345208459567,859.0,0.431219512195122,196.0,1553.0,0.290595399188092,0.30531078263114686,0.29918772563176893,2216.0,0.7496617050067659,0.7718277066356228,544.0,0.0779976717112922,0.0034924330616996507,0.037252619324796274,0.320139697322468,663.0
0.11679224973089343,0.5574433656957929,0.029025643908553046,4.0,0.004851425106124924,0.0,1641.0,0.002152852529601722,0.004474941607237042,0.0024316109422492403,1645.0,0.8853606027987083,1.0,213.0,0.25,0.0,0.0,0.0,4.0,4,cortical_pca_64,10,1858,0,0.1813778256189451,0.5898058252427184,0.03748753955815767,4.0,0.005232177894048397,0.0,1521.0,0.002152852529601722,0.0035569531590700487,0.002622950819672131,1525.0,0.8207750269106566,1.0,333.0,0.25,0.0,0.0,0.0,4.0,0.8982777179763186,0.6995685005393744,0.06989484635199636,4.0,0.020725388601036267,2.0,187.0,0.002152852529601722,0.005624379887276644,0.010582010582010581,189.0,0.10172228202368137,0.5,1667.0,0.5,0.0,0.0,0.0,2.0,0.015873963494911342,0.0011494382800396018,0.01549321070698787,0.0020674267282065955,0.015294295593568513,-0.00015527756976009468,0.0040663345491811715,0.002935261409552653,0.21151776103336922,0.604908306364617,0.03705744669989307,4.0,0.005431093007467753,0.0,1465.0,0.002152852529601722,0.005779657457036739,0.002722940776038121,1469.0,0.7906350914962325,1.0,389.0,0.5,0.0,0.25,0.0,4.0,blocked,False,future_slope_change,0.05,0.9833153928955867,0.49271844660194175,0.014109962932525071,4.0,,4.0,27.0,0.002152852529601722,0.0015580453380954727,0.0,27.0,0.014531754574811625,0.0,1827.0,0.0,0.0,0.0,0.0,0.0,0.9747039827771797,0.488403451995685,0.13381206480268426,4.0,,4.0,43.0,0.002152852529601722,0.0026891184777239913,0.0,43.0,0.023143164693218515,0.0,1811.0,0.0,0.0,0.0,0.0,0.0
0.15069967707212056,0.4852199327390167,0.24118964756653943,286.0,0.2598499061913696,9.0,1569.0,0.15392895586652314,0.18150470475260427,0.15005417118093176,1846.0,0.9935414424111948,0.9685314685314685,3.0,0.12937062937062938,0.03146853146853147,0.07342657342657342,0.1888111888111888,277.0,286,cortical_pca_64,10,1858,0,0.14908503767491926,0.4828355486752433,0.2379697821870518,286.0,0.25879043600562585,10.0,1571.0,0.15392895586652314,0.18048467171190927,0.14943151055766107,1847.0,0.9940796555435952,0.965034965034965,1.0,0.13286713286713286,0.03146853146853147,0.07692307692307693,0.19230769230769232,276.0,0.3078579117330463,0.4779822594708091,0.29663864432819,286.0,0.24352941176470588,79.0,1207.0,0.15392895586652314,0.23113781558791563,0.1463932107496464,1414.0,0.7610333692142088,0.7237762237762237,365.0,0.15734265734265734,0.05244755244755245,0.11538461538461539,0.22377622377622378,207.0,-0.016320494426663723,0.049633110835311356,-0.015261024240919963,0.05065314387600636,-0.018811914046295508,0.05112179747873055,0.07969080764220202,0.01916818230076156,0.15554359526372444,0.4909428993398459,0.24415479124107958,286.0,0.2623413258110014,7.0,1562.0,0.15392895586652314,0.18001601810918508,0.15154807170016296,1841.0,0.9908503767491926,0.9755244755244755,10.0,0.13986013986013987,0.027972027972027972,0.07692307692307693,0.1958041958041958,279.0,blocked,True,future_acceleration_event,0.05,0.4445640473627557,0.47152974252210894,0.14348998003159005,286.0,0.22054380664652568,140.0,892.0,0.15392895586652314,0.1514470079457136,0.14065510597302505,1038.0,0.5586652314316469,0.5104895104895105,680.0,0.0944055944055944,0.02097902097902098,0.045454545454545456,0.15384615384615385,146.0,0.5893433799784715,0.5513687965978042,0.23430974347087422,286.0,0.271251193887297,144.0,619.0,0.15392895586652314,0.21196963328715407,0.18659658344283836,761.0,0.40958019375672766,0.4965034965034965,953.0,0.17832167832167833,0.03146853146853147,0.0979020979020979,0.23426573426573427,142.0
0.7669537136706136,0.5035549241443588,0.21745472523647955,434.0,0.018140589569160998,430.0,3.0,0.23358449946178686,0.26044782107413644,0.5714285714285714,7.0,0.003767491926803014,0.009216589861751152,1421.0,0.11290322580645161,0.029953917050691243,0.07142857142857142,0.2304147465437788,4.0,434,cortical_pca_64,10,1858,0,0.7669537136706136,0.5035549241443588,0.22773466918394747,434.0,0.018140589569160998,430.0,3.0,0.23358449946178686,0.25588834093449375,0.5714285714285714,7.0,0.003767491926803014,0.009216589861751152,1421.0,0.11290322580645161,0.02304147465437788,0.06912442396313365,0.22580645161290322,4.0,0.7658772874058127,0.504454577227774,0.26753989640115927,434.0,0.02684563758389262,428.0,7.0,0.23358449946178686,0.27511545904915347,0.46153846153846156,13.0,0.006996770721205597,0.013824884792626729,1417.0,0.1382488479262673,0.016129032258064516,0.08064516129032258,0.2626728110599078,6.0,0.008705048014731622,0.014667637975017023,0.008705048014731622,0.019227118114659714,0.004221203194752349,0.018234807507367112,0.04483428301265083,-0.00702556663633952,0.767491926803014,0.5047069978770776,0.22898354735976684,434.0,0.02262443438914027,429.0,3.0,0.23358449946178686,0.25688065154178635,0.625,8.0,0.004305705059203444,0.01152073732718894,1421.0,0.09907834101382489,0.027649769585253458,0.06221198156682028,0.21889400921658986,5.0,blocked,True,future_local_rank_event,0.05,0.4747039827771798,0.5003171438927148,0.2198580069982,434.0,0.32782369146005513,196.0,780.0,0.23358449946178686,0.23028117603650264,0.2337917485265226,1018.0,0.5479009687836384,0.5483870967741935,644.0,0.09216589861751152,0.01152073732718894,0.04838709677419355,0.2511520737327189,238.0,0.523681377825619,0.5835301998653757,0.2643440634677851,434.0,0.4056413700470114,132.0,753.0,0.23358449946178686,0.282141025685493,0.2862559241706161,1055.0,0.5678148546824543,0.695852534562212,671.0,0.12672811059907835,0.004608294930875576,0.06682027649769585,0.2880184331797235,302.0
0.5796555435952637,0.5035200903877559,0.348906089382105,786.0,0.01761006289308176,779.0,2.0,0.42303552206673845,0.44927588415192665,0.7777777777777778,9.0,0.004843918191603875,0.008905852417302799,1070.0,0.10559796437659033,0.019083969465648856,0.058524173027989825,0.44656488549618323,7.0,786,cortical_pca_64,10,1858,0,0.5796555435952637,0.5035200903877559,0.3374199464557459,786.0,0.01761006289308176,779.0,2.0,0.42303552206673845,0.446461070822777,0.7777777777777778,9.0,0.004843918191603875,0.008905852417302799,1070.0,0.10814249363867684,0.01653944020356234,0.054707379134860054,0.4491094147582697,7.0,0.5839612486544672,0.5101365785575938,0.35357861179992095,786.0,0.058465286236297195,762.0,11.0,0.42303552206673845,0.48172527359961803,0.6857142857142857,35.0,0.01883745963401507,0.030534351145038167,1061.0,0.138676844783715,0.017811704834605598,0.06997455470737914,0.4592875318066158,24.0,0.04085522334321544,0.03244938944769138,0.04085522334321544,0.03526420277684106,0.04335193611035261,0.029493413565123472,0.0472831289781821,-0.021714089677747905,0.5791173304628633,0.5028839580722342,0.3459811813295188,786.0,0.015113350125944584,780.0,2.0,0.42303552206673845,0.45223186003449456,0.75,8.0,0.004305705059203444,0.007633587786259542,1070.0,0.11323155216284987,0.01653944020356234,0.06361323155216285,0.44783715012722647,6.0,blocked,True,future_change_movement,0.075,0.42303552206673845,0.5,0.34281012145596235,786.0,0.594553706505295,0.0,1072.0,0.42303552206673845,0.43444214462143593,0.42303552206673845,1858.0,1.0,1.0,0.0,0.11068702290076336,0.01272264631043257,0.06743002544529263,0.42366412213740456,786.0,0.5301399354144241,0.5683782898484676,0.3388256843817125,786.0,0.5952712100139081,144.0,729.0,0.42303552206673845,0.5034393632773659,0.4682713347921225,1371.0,0.7378902045209903,0.816793893129771,343.0,0.11577608142493638,0.011450381679389313,0.06615776081424936,0.5343511450381679,642.0
0.7706359945872802,0.5286191205904428,0.3064332192317514,672.0,0.14393939393939395,615.0,63.0,0.2273342354533153,0.3391571395942879,0.475,120.0,0.04059539918809202,0.08482142857142858,2221.0,0.18898809523809523,0.025297619047619048,0.09523809523809523,0.3541666666666667,57.0,672,cortical_pca_64,10,2956,0,0.7625169147496617,0.5391191831373531,0.29402948812857166,672.0,0.1986301369863014,585.0,117.0,0.2273342354533153,0.3304562781873462,0.4264705882352941,204.0,0.06901217861975643,0.12946428571428573,2167.0,0.1800595238095238,0.022321428571428572,0.09077380952380952,0.34970238095238093,87.0,0.7577807848443843,0.6085227983487616,0.32743017239018907,672.0,0.3859348198970841,447.0,269.0,0.2273342354533153,0.40331898088348883,0.45546558704453444,494.0,0.16711772665764546,0.33482142857142855,2015.0,0.22172619047619047,0.025297619047619048,0.13988095238095238,0.41964285714285715,225.0,0.24199542595769016,0.06416184128920094,0.18730468291078273,0.07286270269614264,0.13057220498390743,0.0746346546673019,0.16629137145910108,0.16857421619830662,0.753382949932341,0.5531635705946126,0.258564552231107,672.0,0.2553626149131767,547.0,182.0,0.2273342354533153,0.32868432621618693,0.40716612377850164,307.0,0.10385656292286874,0.18601190476190477,2102.0,0.18154761904761904,0.025297619047619048,0.10119047619047619,0.33779761904761907,125.0,blocked,True,future_spike,0.075,0.46583220568335587,0.48734206905178884,0.2851569171402648,672.0,0.30957586357673805,318.0,1261.0,0.2273342354533153,0.23702760942438775,0.21919504643962848,1615.0,0.5463464140730717,0.5267857142857143,1023.0,0.1130952380952381,0.010416666666666666,0.04017857142857143,0.2857142857142857,354.0,0.43234100135318,0.5397133787840881,0.2953245760584488,672.0,0.37106446776611696,177.0,1501.0,0.2273342354533153,0.2347447646851822,0.24799599198396793,1996.0,0.6752368064952639,0.7366071428571429,783.0,0.09672619047619048,0.002976190476190476,0.046130952380952384,0.22321428571428573,495.0
0.9994617868675996,0.5,1e-06,1.0,,1.0,0.0,0.0005382131324004305,0.00037537537537537537,,0.0,0.0,0.0,1857.0,0.0,0.0,0.0,0.0,0.0,1,cortical_pca_64,10,1858,0,0.9994617868675996,0.5,1e-06,1.0,,1.0,0.0,0.0005382131324004305,0.00037537537537537537,,0.0,0.0,0.0,1857.0,0.0,0.0,0.0,0.0,0.0,0.9994617868675996,0.5,1e-06,1.0,,1.0,0.0,0.0005382131324004305,0.00037537537537537537,,0.0,0.0,0.0,1857.0,0.0,0.0,0.0,0.0,0.0,,0.0,,0.0,,0.0,0.0,0.0,0.9994617868675996,0.5,1e-06,1.0,,1.0,0.0,0.0005382131324004305,0.00037537537537537537,,0.0,0.0,0.0,1857.0,0.0,0.0,0.0,0.0,0.0,blocked,False,future_slope_change,0.075,0.9994617868675996,0.5,1e-06,1.0,,1.0,0.0,0.0005382131324004305,0.00037537537537537537,,0.0,0.0,0.0,1857.0,0.0,0.0,0.0,0.0,0.0,0.9994617868675996,0.5,1e-06,1.0,,1.0,0.0,0.0005382131324004305,0.00037537537537537537,,0.0,0.0,0.0,1857.0,0.0,0.0,0.0,0.0,0.0
0.07588805166846072,0.4898020346999939,0.19760689188691927,143.0,0.1402103154732098,3.0,1714.0,0.07696447793326157,0.0809465949302048,0.07551240560949299,1854.0,0.9978471474703983,0.9790209790209791,1.0,0.1048951048951049,0.03496503496503497,0.06293706293706294,0.08391608391608392,140.0,143,cortical_pca_64,10,1858,0,0.07965554359526372,0.453383351342535,0.215927053890622,143.0,0.13021363173957273,15.0,1695.0,0.07696447793326157,0.08148281617463418,0.07021393307734504,1823.0,0.9811625403659849,0.8951048951048951,20.0,0.11188811188811189,0.03496503496503497,0.06293706293706294,0.08391608391608392,128.0,0.3595263724434876,0.4158943097718608,0.2917620570499566,143.0,0.10391566265060241,74.0,1116.0,0.07696447793326157,0.10776051715082323,0.05822784810126582,1185.0,0.6377825618945102,0.4825174825174825,599.0,0.14685314685314685,0.04895104895104895,0.08391608391608392,0.1258741258741259,69.0,-0.036294652822607396,0.02681392222061843,-0.02629796908897032,0.026277700976189047,-0.011672884539217318,0.027805695041052,0.04192492571738812,-0.0001111926267563651,0.10226049515608181,0.4047340414687353,0.2725341745349666,143.0,0.11558854718981973,34.0,1634.0,0.07696447793326157,0.07995482210977123,0.06253585771658061,1743.0,0.9381054897739505,0.7622377622377622,81.0,0.11188811188811189,0.03496503496503497,0.06293706293706294,0.08391608391608392,109.0,blocked,True,future_acceleration_event,0.075,0.9230355220667384,0.5,0.26053336712172065,143.0,,143.0,0.0,0.07696447793326157,0.0658355914334351,,0.0,0.0,0.0,1715.0,0.06993006993006994,0.013986013986013986,0.03496503496503497,0.04195804195804196,0.0,0.8159311087190527,0.5541560480335991,0.2542973419071494,143.0,0.1699029126213592,108.0,234.0,0.07696447793326157,0.1078717097775796,0.13011152416356878,269.0,0.14477933261571582,0.24475524475524477,1481.0,0.1958041958041958,0.04195804195804196,0.08391608391608392,0.17482517482517482,35.0
0.6340150699677072,0.5052799032826197,0.3080633823327589,686.0,0.025787965616045846,677.0,3.0,0.36921420882669537,0.4115853294254431,0.75,12.0,0.006458557588805167,0.013119533527696793,1169.0,0.1239067055393586,0.021865889212827987,0.0641399416909621,0.40524781341107874,9.0,686,cortical_pca_64,10,1858,0,0.635091496232508,0.5070398710434929,0.3070130562371657,686.0,0.034188034188034185,674.0,4.0,0.36921420882669537,0.4124133506058073,0.75,16.0,0.008611410118406888,0.01749271137026239,1168.0,0.119533527696793,0.02040816326530612,0.06268221574344024,0.40524781341107874,12.0,0.6361679224973089,0.5172626095782047,0.3187643006995284,686.0,0.11286089238845146,643.0,33.0,0.36921420882669537,0.4440467200459596,0.5657894736842105,76.0,0.04090419806243272,0.06268221574344024,1139.0,0.15014577259475217,0.018950437317784258,0.07434402332361516,0.43002915451895046,43.0,0.0870729267724056,0.03246139062051645,0.07867285820041728,0.03163336944015227,0.08424858909803658,0.034160564453463216,0.05062346371402343,-0.013638540874090221,0.6345532831001076,0.5060087662563807,0.30166940556074334,686.0,0.028612303290414875,676.0,3.0,0.36921420882669537,0.40988615559249636,0.7692307692307693,13.0,0.006996770721205597,0.014577259475218658,1169.0,0.11224489795918367,0.021865889212827987,0.06559766763848396,0.4067055393586006,10.0,blocked,True,future_local_rank_event,0.075,0.36921420882669537,0.5,0.3034064736030337,686.0,0.5393081761006289,0.0,1172.0,0.36921420882669537,0.39342325633193614,0.36921420882669537,1858.0,1.0,1.0,0.0,0.1151603498542274,0.014577259475218658,0.0597667638483965,0.39212827988338195,686.0,0.49623250807319697,0.5622978835610304,0.27756060899198604,686.0,0.5443037974683544,127.0,809.0,0.36921420882669537,0.4576852609200498,0.40862573099415206,1368.0,0.736275565123789,0.814868804664723,363.0,0.11661807580174927,0.011661807580174927,0.06559766763848396,0.46355685131195334,559.0
0.6781485468245425,0.506254158877024,0.2995938024070465,604.0,0.02922077922077922,595.0,3.0,0.32508073196986004,0.3648491625546132,0.75,12.0,0.006458557588805167,0.014900662251655629,1251.0,0.12417218543046357,0.024834437086092714,0.06456953642384106,0.3526490066225166,9.0,604,cortical_pca_64,10,1858,0,0.6786867599569429,0.5075110639331623,0.28667825787396245,604.0,0.03554119547657512,593.0,4.0,0.32508073196986004,0.3628719960619484,0.7333333333333333,15.0,0.008073196986006458,0.018211920529801324,1250.0,0.11258278145695365,0.019867549668874173,0.06788079470198675,0.3609271523178808,11.0,0.6770721205597416,0.5166130633628019,0.29739963497763316,604.0,0.10447761194029849,569.0,31.0,0.32508073196986004,0.3950793041710287,0.5303030303030303,66.0,0.03552206673842842,0.057947019867549666,1223.0,0.1490066225165563,0.019867549668874173,0.07781456953642384,0.38576158940397354,35.0,0.07525683271951927,0.030230141616415518,0.06893641646372337,0.03220730810908029,0.06899374097255656,0.035388793960245524,0.04982359176541168,-0.012066407150184866,0.6781485468245425,0.5071123398502276,0.28615230312791984,604.0,0.035483870967741936,593.0,5.0,0.32508073196986004,0.3596905102107832,0.6875,16.0,0.008611410118406888,0.018211920529801324,1249.0,0.10927152317880795,0.02152317880794702,0.06788079470198675,0.3576158940397351,11.0,blocked,True,future_change_movement,0.1,0.32508073196986004,0.5,0.2710237419575947,604.0,0.4906580016246953,0.0,1254.0,0.32508073196986004,0.34525571240561703,0.32508073196986004,1858.0,1.0,1.0,0.0,0.1076158940397351,0.016556291390728478,0.056291390728476824,0.34105960264900664,604.0,0.47954790096878364,0.5638011343832188,0.2630955508755068,604.0,0.5012893243940176,118.0,849.0,0.32508073196986004,0.4071457113212136,0.36404494382022473,1335.0,0.7185145317545748,0.804635761589404,405.0,0.1423841059602649,0.009933774834437087,0.06622516556291391,0.43211920529801323,486.0
0.6914749661705006,0.6244405661961034,0.2396893975159258,518.0,0.371900826446281,248.0,664.0,0.17523680649526388,0.28023315819278866,0.2890792291220557,934.0,0.3159675236806495,0.5212355212355212,1774.0,0.19111969111969113,0.023166023166023165,0.1138996138996139,0.3127413127413127,270.0,518,cortical_pca_64,10,2956,0,0.743234100135318,0.5881640752436487,0.27367201562998184,518.0,0.32292595896520965,337.0,422.0,0.17523680649526388,0.273594585771458,0.30016583747927034,603.0,0.20399188092016238,0.34942084942084944,2016.0,0.1969111969111969,0.023166023166023165,0.11776061776061776,0.30694980694980695,181.0,0.6221244925575101,0.6204061497334672,0.34424855791938014,518.0,0.36425725668753556,198.0,919.0,0.17523680649526388,0.3245157985920769,0.258272800645682,1239.0,0.4191474966170501,0.6177606177606177,1519.0,0.2471042471042471,0.025096525096525095,0.14864864864864866,0.3667953667953668,320.0,-0.0076435697587454166,0.04428264039928825,0.04133129772232591,0.0509212128206189,0.046155323471366805,0.05240761660288862,0.136791966110544,0.1401466513984412,0.7374830852503383,0.5846776109286363,0.2603013013385705,518.0,0.31810193321616875,337.0,439.0,0.17523680649526388,0.2721081819891883,0.29193548387096774,620.0,0.20974289580514208,0.34942084942084944,1999.0,0.20077220077220076,0.021235521235521235,0.1138996138996139,0.3088803088803089,181.0,blocked,True,future_spike,0.1,0.46650879566982406,0.5017412525615971,0.19069869527266972,518.0,0.2675336739433349,230.0,1347.0,0.17523680649526388,0.1877238324815329,0.1761467889908257,1635.0,0.5531123139377537,0.555984555984556,1091.0,0.11776061776061776,0.009652509652509652,0.04633204633204633,0.21235521235521235,288.0,0.5108254397834912,0.5407701736659899,0.28205296505772753,518.0,0.29600778967867575,214.0,1232.0,0.17523680649526388,0.1843691471936357,0.19791666666666666,1536.0,0.5196211096075778,0.5868725868725869,1206.0,0.1138996138996139,0.007722007722007722,0.03088803088803089,0.16795366795366795,304.0
1.0,,1e-06,0.0,,0.0,0.0,0.0,,,0.0,0.0,,1858.0,,,,,0.0,0,cortical_pca_64,10,1858,0,1.0,,1e-06,0.0,,0.0,0.0,0.0,,,0.0,0.0,,1858.0,,,,,0.0,1.0,,1e-06,0.0,,0.0,0.0,0.0,,,0.0,0.0,,1858.0,,,,,0.0,,,,,,,,,1.0,,1e-06,0.0,,0.0,0.0,0.0,,,0.0,0.0,,1858.0,,,,,0.0,blocked,False,future_slope_change,0.1,1.0,,1e-06,0.0,,0.0,0.0,0.0,,,0.0,0.0,,1858.0,,,,,0.0,1.0,,1e-06,0.0,,0.0,0.0,0.0,,,0.0,0.0,,1858.0,,,,,0.0
0.18353067814854682,0.3257694718930053,0.2502204728739303,95.0,0.057178371659415785,49.0,1468.0,0.051130247578040904,0.06299953146310874,0.03038309114927345,1514.0,0.8148546824542519,0.4842105263157895,295.0,0.12631578947368421,0.021052631578947368,0.06315789473684211,0.07368421052631578,46.0,95,cortical_pca_64,10,1858,0,0.15285252960172227,0.3195629459354569,0.23499035014723246,95.0,0.05748502994011977,47.0,1527.0,0.051130247578040904,0.062132531206984455,0.030476190476190476,1575.0,0.8476856835306782,0.5052631578947369,236.0,0.12631578947368421,0.021052631578947368,0.07368421052631578,0.07368421052631578,48.0,0.5678148546824543,0.4535719616682091,0.2660653109416325,95.0,0.07167630057803467,64.0,739.0,0.051130247578040904,0.102296559712387,0.04025974025974026,770.0,0.41442411194833156,0.3263157894736842,1024.0,0.16842105263157894,0.06315789473684211,0.09473684210526316,0.09473684210526316,31.0,0.01449792891861889,0.03929702824927826,0.014191270637914907,0.04016402850540255,0.009512522933085486,0.03888784532422353,0.054109543602105015,0.048070045112488496,0.15554359526372444,0.34089918500164196,0.23276134103021226,95.0,0.06216377764494919,43.0,1526.0,0.051130247578040904,0.06340871438816348,0.032953105196451206,1578.0,0.8493003229278795,0.5473684210526316,237.0,0.12631578947368421,0.031578947368421054,0.07368421052631578,0.07368421052631578,52.0,blocked,True,future_acceleration_event,0.1,0.9488697524219591,0.5,0.2322913352331896,95.0,,95.0,0.0,0.051130247578040904,0.04818701611028199,,0.0,0.0,0.0,1763.0,0.05263157894736842,0.010526315789473684,0.021052631578947368,0.021052631578947368,0.0,0.88751345532831,0.5025255993074006,0.21310620600998434,95.0,0.06278026905829595,88.0,121.0,0.051130247578040904,0.05422651459989851,0.0546875,128.0,0.0688912809472551,0.07368421052631578,1642.0,0.11578947368421053,0.010526315789473684,0.05263157894736842,0.05263157894736842,7.0
0.5226049515608181,0.5034430138846179,0.3973746601500405,893.0,0.017718715393133997,885.0,2.0,0.4806243272335845,0.507870422956131,0.8,10.0,0.005382131324004306,0.008958566629339306,963.0,0.10750279955207166,0.0167973124300112,0.05823068309070549,0.5027995520716685,8.0,893,cortical_pca_64,10,1858,0,0.5220667384284177,0.5028831034702841,0.3580839927566746,893.0,0.015521064301552107,886.0,2.0,0.4806243272335845,0.5115882922765999,0.7777777777777778,9.0,0.004843918191603875,0.007838745800671893,963.0,0.11198208286674133,0.01791713325867861,0.06270996640537514,0.5016797312430011,7.0,0.5312163616792249,0.5127357861084195,0.40745549514886653,893.0,0.06844919786096257,861.0,10.0,0.4806243272335845,0.5310358224275817,0.7619047619047619,42.0,0.022604951560818085,0.03583426651735722,955.0,0.12318029115341546,0.0167973124300112,0.06606942889137737,0.5128779395296752,32.0,0.050730482467828575,0.023165399471450687,0.052928133559410465,0.019447530150981884,0.050730482467828575,0.020897072506705694,0.04618915674573487,-0.0270488364167788,0.5226049515608181,0.5034430138846179,0.3775783316003713,893.0,0.017718715393133997,885.0,2.0,0.4806243272335845,0.510138749920876,0.8,10.0,0.005382131324004306,0.008958566629339306,963.0,0.10862262038073908,0.01791713325867861,0.06382978723404255,0.49832026875699886,8.0,blocked,True,future_local_rank_event,0.1,0.4806243272335845,0.5,0.40907341917670476,893.0,0.6492184660123592,0.0,965.0,0.4806243272335845,0.48484666568184687,0.4806243272335845,1858.0,1.0,1.0,0.0,0.11198208286674133,0.010078387458006719,0.0593505039193729,0.47928331466965285,893.0,0.5231431646932185,0.5364626426611121,0.3255298399732294,893.0,0.6395443449959317,107.0,779.0,0.4806243272335845,0.5580846588443605,0.5022364217252396,1565.0,0.8423035522066739,0.8801791713325868,186.0,0.11310190369540873,0.012318029115341545,0.06606942889137737,0.5643896976483762,786.0
0.07543978349120432,0.5125881208978202,0.12052908163741012,86.0,0.057911065149948295,2.0,2731.0,0.029093369418132613,0.058546777110380824,0.02984014209591474,2815.0,0.9523004059539919,0.9767441860465116,139.0,0.1511627906976744,0.06976744186046512,0.11627906976744186,0.10465116279069768,84.0,86,cortical_pca64_delta,0.5,2956,0,0.2253044654939107,0.5672068714042622,0.2039817254131724,86.0,0.06530612244897958,6.0,2284.0,0.029093369418132613,0.05248789704711543,0.0338409475465313,2364.0,0.7997293640054127,0.9302325581395349,586.0,0.1744186046511628,0.05813953488372093,0.12790697674418605,0.09302325581395349,80.0,0.42523680649526385,0.5912122194311644,0.22283714914731315,86.0,0.07209175314036045,20.0,1679.0,0.029093369418132613,0.08477804077659015,0.03782234957020057,1745.0,0.5903247631935047,0.7674418604651163,1191.0,0.2441860465116279,0.09302325581395349,0.20930232558139536,0.1511627906976744,66.0,0.01418068799041216,0.02623126366620933,0.00678563069138087,0.032290143729474724,0.007733301001867587,0.02984809366761077,0.028668460880770866,0.026609118031334304,0.22293640054127198,0.5603476217486427,0.19784615579659645,86.0,0.06435845213849287,7.0,2290.0,0.029093369418132613,0.05492994710897938,0.03334740396791895,2369.0,0.8014208389715832,0.9186046511627907,580.0,0.1744186046511628,0.05813953488372093,0.13953488372093023,0.12790697674418605,79.0,blocked,True,future_change_movement,0.03,0.9709066305818674,0.5,0.14156248729959703,86.0,,86.0,0.0,0.029093369418132613,0.056109579895819287,,0.0,0.0,0.0,2870.0,0.11627906976744186,0.03488372093023256,0.08139534883720931,0.05813953488372093,0.0,0.8690798376184032,0.5941941495826919,0.18294225114772286,86.0,0.11845102505694761,60.0,327.0,0.029093369418132613,0.05816892274525585,0.07365439093484419,353.0,0.11941813261163735,0.3023255813953488,2543.0,0.2441860465116279,0.06976744186046512,0.18604651162790697,0.06976744186046512,26.0
0.15426251691474965,0.5517717331810286,0.1274905580140707,58.0,0.042879019908116385,2.0,2498.0,0.01962110960757781,0.06874215166171183,0.02192638997650744,2554.0,0.8640054127198917,0.9655172413793104,400.0,0.22413793103448276,0.13793103448275862,0.1724137931034483,0.1724137931034483,56.0,58,cortical_pca64_delta,0.5,2956,0,0.2527063599458728,0.5597379881487827,0.1823644274746894,58.0,0.0441367373431415,7.0,2202.0,0.01962110960757781,0.059828753261227996,0.022636484687083888,2253.0,0.7621786197564276,0.8793103448275862,696.0,0.22413793103448276,0.10344827586206896,0.15517241379310345,0.1206896551724138,51.0,0.3646820027063599,0.6083981818614502,0.15799368484308607,58.0,0.05055611729019212,8.0,1870.0,0.01962110960757781,0.09642588794980027,0.026041666666666668,1920.0,0.6495263870094723,0.8620689655172413,1028.0,0.3448275862068966,0.13793103448275862,0.27586206896551724,0.1724137931034483,50.0,0.007677097382075733,0.027683736288088442,0.006419379947050621,0.03659713468857227,0.006617317760964969,0.029363819907809396,0.0798832523995269,0.059353825891776464,0.17557510148849798,0.5626412983984199,0.15138044142702126,58.0,0.04393879952922715,2.0,2435.0,0.01962110960757781,0.06706206804199087,0.022480931352870333,2491.0,0.8426928281461434,0.9655172413793104,463.0,0.20689655172413793,0.1206896551724138,0.1724137931034483,0.15517241379310345,56.0,blocked,True,future_spike,0.03,0.9803788903924222,0.5,0.06849646823864217,58.0,,58.0,0.0,0.01962110960757781,0.01654263555027336,,0.0,0.0,0.0,2898.0,0.034482758620689655,0.0,0.034482758620689655,0.017241379310344827,0.0,0.881596752368065,0.5932390947383451,0.10684456168875438,58.0,0.08854166666666667,41.0,309.0,0.01962110960757781,0.037072062058023804,0.05214723926380368,326.0,0.11028416779431664,0.29310344827586204,2589.0,0.25862068965517243,0.017241379310344827,0.1896551724137931,0.05172413793103448,17.0
0.31630581867388363,0.5660666750040197,0.18368436804463664,446.0,0.28963093145869945,34.0,1987.0,0.15087956698240865,0.27575802350388384,0.17173822426010837,2399.0,0.8115696887686062,0.9237668161434978,523.0,0.242152466367713,0.04484304932735426,0.1412556053811659,0.30493273542600896,412.0,446,cortical_pca64_delta,0.5,2956,0,0.6170500676589986,0.5901273828453004,0.2698324808396638,446.0,0.30295566502463056,200.0,932.0,0.15087956698240865,0.26099144821960896,0.20882852292020374,1178.0,0.39851150202977,0.5515695067264574,1578.0,0.2062780269058296,0.04484304932735426,0.13004484304932734,0.2600896860986547,246.0,0.4692151556156969,0.5759035606453111,0.251307518080219,446.0,0.2929247408742677,121.0,1448.0,0.15087956698240865,0.25437390506655094,0.18330513254371122,1773.0,0.5997970230040596,0.7286995515695067,1062.0,0.21076233183856502,0.04035874439461883,0.13452914798206278,0.2645739910313901,325.0,0.0032938094155682274,-0.0213841184373329,-0.010030924150362885,-0.006617543153058014,0.006345527958021457,0.011202746676606312,0.07554420169372122,0.02523348827239677,0.5216508795669824,0.5689832597859682,0.233075733524638,446.0,0.2865792129162462,162.0,1252.0,0.15087956698240865,0.24317115838994463,0.18489583333333334,1536.0,0.5196211096075778,0.6367713004484304,1258.0,0.19506726457399104,0.03811659192825112,0.11659192825112108,0.2757847533632287,284.0,blocked,False,future_slope_change,0.03,0.3721244925575101,0.5150447537205438,0.15604344254925656,446.0,0.2570056044835869,125.0,1731.0,0.15087956698240865,0.17882970337282972,0.1564327485380117,2052.0,0.6941813261163735,0.7197309417040358,779.0,0.13004484304932734,0.02466367713004484,0.07623318385650224,0.18834080717488788,321.0,0.5250338294993234,0.5894127525771353,0.24109497856718248,446.0,0.30218687872763417,142.0,1262.0,0.15087956698240865,0.22914041679415417,0.194125159642401,1566.0,0.5297699594046008,0.6816143497757847,1248.0,0.1860986547085202,0.026905829596412557,0.09192825112107623,0.2825112107623318,304.0
0.04736129905277402,0.49605619576695287,0.15653370696466498,115.0,0.074293228139382,2.0,2814.0,0.038903924221921515,0.06518988181180521,0.038606081311923474,2927.0,0.9901894451962111,0.9826086956521739,27.0,0.19130434782608696,0.05217391304347826,0.12173913043478261,0.10434782608695652,113.0,115,cortical_pca64_delta,0.5,2956,0,0.17083897158322056,0.5102321595274169,0.2367206486436902,115.0,0.0761402186204297,14.0,2437.0,0.038903924221921515,0.06445494994970397,0.03979511426319937,2538.0,0.8585926928281461,0.8782608695652174,404.0,0.22608695652173913,0.034782608695652174,0.1391304347826087,0.11304347826086956,101.0,0.35690121786197565,0.5569670814012212,0.21661258741458211,115.0,0.08561808561808561,26.0,1875.0,0.038903924221921515,0.11206643885654377,0.04531568228105906,1964.0,0.6644113667117727,0.7739130434782608,966.0,0.2608695652173913,0.06956521739130435,0.2,0.1565217391304348,89.0,0.011324857478703612,0.04687655704473856,0.009477866997655904,0.047611488906839805,0.010081010081010061,0.05017623521204191,0.06256156430336005,0.03647256553135697,0.09742895805142084,0.5054160353825199,0.19187423265808437,115.0,0.07553707553707555,6.0,2662.0,0.038903924221921515,0.06189020364450186,0.039335979790689285,2771.0,0.9374154262516915,0.9478260869565217,179.0,0.21739130434782608,0.034782608695652174,0.13043478260869565,0.09565217391304348,109.0,blocked,True,future_acceleration_event,0.03,0.9610960757780784,0.5,0.23891649962280365,115.0,,115.0,0.0,0.038903924221921515,0.04950487455318373,,0.0,0.0,0.0,2841.0,0.14782608695652175,0.017391304347826087,0.06956521739130435,0.043478260869565216,0.0,0.8565629228687416,0.6041473455458121,0.2098237352942638,115.0,0.152,77.0,347.0,0.038903924221921515,0.0755938733251868,0.0987012987012987,385.0,0.13024357239512854,0.33043478260869563,2494.0,0.25217391304347825,0.02608695652173913,0.10434782608695652,0.043478260869565216,38.0
0.6271989174560216,0.6176257324256416,0.16897969817915295,377.0,0.2926829268292683,149.0,953.0,0.12753721244925575,0.2841209421509882,0.1930567315834039,1181.0,0.39952638700947224,0.6047745358090185,1626.0,0.27055702917771884,0.050397877984084884,0.16710875331564987,0.3156498673740053,228.0,377,cortical_pca64_delta,0.5,2956,0,0.5568335588633289,0.5999477518376851,0.24697503041513424,377.0,0.2746400885935769,129.0,1181.0,0.12753721244925575,0.26650684094788424,0.1735479356193142,1429.0,0.4834235453315291,0.6578249336870027,1398.0,0.2493368700265252,0.04774535809018567,0.16445623342175067,0.2891246684350133,248.0,0.6299052774018945,0.5829403578999118,0.24357195915410668,377.0,0.26379542395693134,181.0,913.0,0.12753721244925575,0.24848253669462056,0.17673579801623085,1109.0,0.37516914749661706,0.519893899204244,1666.0,0.2413793103448276,0.04774535809018567,0.16180371352785147,0.28116710875331563,196.0,-0.028887502872336934,-0.03563840545636765,-0.010844664636645573,-0.01802430425326368,-0.004579491754464482,0.012319399895939553,0.09459724312381623,0.04928370252073655,0.6329499323410014,0.5880823793072594,0.24263285190328318,377.0,0.2683749157113958,178.0,907.0,0.12753721244925575,0.236163136798681,0.17992766726943943,1106.0,0.37415426251691475,0.5278514588859416,1672.0,0.22546419098143236,0.042440318302387266,0.13527851458885942,0.27586206896551724,199.0,blocked,False,future_local_rank_event,0.03,0.486468200270636,0.5222532945654712,0.13634451541009915,377.0,0.2207392197125257,162.0,1356.0,0.12753721244925575,0.15388529357080433,0.13685550604710375,1571.0,0.5314614343707713,0.5702917771883289,1223.0,0.1273209549071618,0.026525198938992044,0.07427055702917772,0.14854111405835543,215.0,0.5456698240866035,0.5912851505168764,0.22058243312763262,377.0,0.2681198910081744,131.0,1212.0,0.12753721244925575,0.199198834173884,0.16872427983539096,1458.0,0.493234100135318,0.6525198938992043,1367.0,0.1909814323607427,0.029177718832891247,0.09018567639257294,0.2493368700265252,246.0
0.02097428958051421,0.5046217048955837,0.09056223517711125,35.0,0.023616734143049933,0.0,2894.0,0.011840324763193504,0.01366312123330099,0.011949470809149881,2929.0,0.9908660351826793,1.0,27.0,0.14285714285714285,0.0,0.05714285714285714,0.0,35.0,35,cortical_pca64_delta,0.5,2956,0,0.12821380243572394,0.5447694038245219,0.135651906509786,35.0,0.02570888468809074,1.0,2576.0,0.011840324763193504,0.013889626418444514,0.013026819923371647,2610.0,0.8829499323410014,0.9714285714285714,345.0,0.14285714285714285,0.0,0.05714285714285714,0.0,34.0,0.38802435723951284,0.5633149117229912,0.17145303849659638,35.0,0.027941966684578184,9.0,1800.0,0.011840324763193504,0.048387299961020265,0.014238773274917854,1826.0,0.6177266576454669,0.7428571428571429,1121.0,0.2,0.02857142857142857,0.14285714285714285,0.02857142857142857,26.0,0.004325232541528251,0.034724178727719275,0.002233081996487446,0.034497673542575755,0.003342637575372072,0.034900034235639504,0.0352793430620889,0.03158105106113682,0.11468200270635995,0.5238078935785201,0.13457727164041322,35.0,0.024599329109206113,2.0,2615.0,0.011840324763193504,0.013487265725380759,0.012462235649546828,2648.0,0.8958051420838972,0.9428571428571428,306.0,0.14285714285714285,0.0,0.02857142857142857,0.0,33.0,blocked,True,future_change_movement,0.05,0.9881596752368065,0.5,0.10737694800642889,35.0,,35.0,0.0,0.011840324763193504,0.013107956898931362,,0.0,0.0,0.0,2921.0,0.08571428571428572,0.02857142857142857,0.08571428571428572,0.02857142857142857,0.0,0.9638024357239513,0.5159045336724214,0.11335745520798887,35.0,0.036036036036036036,33.0,74.0,0.011840324763193504,0.01680624889988345,0.02631578947368421,76.0,0.02571041948579161,0.05714285714285714,2847.0,0.11428571428571428,0.05714285714285714,0.08571428571428572,0.05714285714285714,2.0
0.2215832205683356,0.5705082002453119,0.07765349636430949,27.0,0.021267545725223307,2.0,2299.0,0.009133964817320704,0.016577810150465336,0.010757314974182444,2324.0,0.7861975642760487,0.9259259259259259,630.0,0.18518518518518517,0.07407407407407407,0.1111111111111111,0.07407407407407407,25.0,27,cortical_pca64_delta,0.5,2956,0,0.3738159675236806,0.5555871679121935,0.10573896168083448,27.0,0.021152829190904283,7.0,1844.0,0.009133964817320704,0.01212518726992727,0.01072961373390558,1864.0,0.6305818673883626,0.7407407407407407,1085.0,0.14814814814814814,0.0,0.037037037037037035,0.0,20.0,0.6363328822733424,0.6330121517898917,0.12397683084439476,27.0,0.030658250676284946,10.0,1065.0,0.009133964817320704,0.03869067166859187,0.015711645101663587,1082.0,0.36603518267929636,0.6296296296296297,1864.0,0.2962962962962963,0.1111111111111111,0.2222222222222222,0.07407407407407407,17.0,0.009390704951061639,0.022112861518126536,0.009505421485380663,0.0265654843986646,0.007525720555803018,0.019489463880315045,0.03111264209315174,0.02733872176088882,0.314276048714479,0.5989340313341679,0.10067982323636976,27.0,0.02313253012048193,3.0,2024.0,0.009133964817320704,0.019201207788276827,0.01171875,2048.0,0.6928281461434371,0.8888888888888888,905.0,0.14814814814814814,0.07407407407407407,0.1111111111111111,0.07407407407407407,24.0,blocked,True,future_spike,0.05,0.9908660351826793,0.5,0.04011873948620835,27.0,,27.0,0.0,0.009133964817320704,0.007578029575440135,,0.0,0.0,0.0,2929.0,0.037037037037037035,0.0,0.037037037037037035,0.0,0.0,0.9499323410013532,0.4976922979654287,0.07329535886211366,27.0,0.013333333333333334,26.0,122.0,0.009133964817320704,0.011351949907703052,0.008130081300813009,123.0,0.04161028416779432,0.037037037037037035,2807.0,0.14814814814814814,0.0,0.037037037037037035,0.0,1.0
0.07949932341001353,0.5143409458730444,0.13178540479976936,134.0,0.08905256109809173,1.0,2720.0,0.04533152909336942,0.08301223456184403,0.046617595513494564,2853.0,0.9651556156968877,0.9925373134328358,102.0,0.19402985074626866,0.05223880597014925,0.13432835820895522,0.13432835820895522,133.0,134,cortical_pca64_delta,0.5,2956,0,0.24154262516914748,0.5458973735151317,0.2159972955766618,134.0,0.09523809523809525,16.0,2226.0,0.04533152909336942,0.09346159893049388,0.050341296928327645,2344.0,0.7929634641407307,0.8805970149253731,596.0,0.21641791044776118,0.06716417910447761,0.14925373134328357,0.14925373134328357,118.0,0.31901217861975645,0.5651464505960629,0.20151387566242038,134.0,0.10013410818059902,22.0,1991.0,0.04533152909336942,0.11154283362144851,0.05325725154541132,2103.0,0.7114343707713126,0.835820895522388,831.0,0.26119402985074625,0.07462686567164178,0.1865671641791045,0.17164179104477612,112.0,0.01108154708250729,0.028530599059604478,0.004896012942503775,0.01808123469095463,0.004153796449672037,0.02974486475248926,0.0416471146960139,0.036785580581809904,0.2543978349120433,0.5490760231443773,0.18723069103315207,134.0,0.09598031173092698,17.0,2187.0,0.04533152909336942,0.08179796886895925,0.05078125,2304.0,0.7794316644113667,0.8731343283582089,635.0,0.208955223880597,0.03731343283582089,0.1417910447761194,0.12686567164179105,117.0,blocked,True,future_slope_change,0.05,0.9546684709066305,0.5,0.17666518586258628,134.0,,134.0,0.0,0.04533152909336942,0.06989571892543461,,0.0,0.0,0.0,2822.0,0.11940298507462686,0.029850746268656716,0.08955223880597014,0.07462686567164178,0.0,0.8332205683355887,0.5856675164221417,0.21162996069791187,134.0,0.14558058925476602,92.0,401.0,0.04533152909336942,0.07475725303963861,0.09480812641083522,443.0,0.14986468200270636,0.31343283582089554,2421.0,0.22388059701492538,0.04477611940298507,0.14925373134328357,0.13432835820895522,42.0
0.010148849797023005,0.500512120177535,0.09710642801574064,27.0,0.018120805369127517,0.0,2926.0,0.009133964817320704,0.012314117711979756,0.009143244158482899,2953.0,0.9989851150202977,1.0,3.0,0.18518518518518517,0.037037037037037035,0.037037037037037035,0.037037037037037035,27.0,27,cortical_pca64_delta,0.5,2956,0,0.13497970230040596,0.4901116548436453,0.1716459984375189,27.0,0.017671917018824434,4.0,2553.0,0.009133964817320704,0.01209872072458945,0.008928571428571428,2576.0,0.871447902571042,0.8518518518518519,376.0,0.07407407407407407,0.037037037037037035,0.037037037037037035,0.037037037037037035,23.0,0.604533152909337,0.5802700959751148,0.22144522897903335,27.0,0.0250208507089241,12.0,1157.0,0.009133964817320704,0.026456174085686943,0.012798634812286689,1172.0,0.39648173207036536,0.5555555555555556,1772.0,0.37037037037037035,0.07407407407407407,0.2222222222222222,0.07407407407407407,15.0,0.006900045339796584,0.014142056373707187,0.007348933690099667,0.014357453361097493,0.007157062097089342,0.012280222558315757,0.01555616397773547,0.008701010728172295,0.10723951285520975,0.4944615151170289,0.165435915759571,27.0,0.01786378861183476,3.0,2636.0,0.009133964817320704,0.014175951527371186,0.009022556390977444,2660.0,0.8998646820027063,0.8888888888888888,293.0,0.14814814814814814,0.037037037037037035,0.037037037037037035,0.037037037037037035,24.0,blocked,True,future_acceleration_event,0.05,0.9908660351826793,0.5,0.13838049384664347,27.0,,27.0,0.0,0.009133964817320704,0.010900010107951472,,0.0,0.0,0.0,2929.0,0.1111111111111111,0.037037037037037035,0.037037037037037035,0.0,0.0,0.9543301759133965,0.5366071089867608,0.16499014875120036,27.0,0.0425531914893617,24.0,111.0,0.009133964817320704,0.017755163357514647,0.02631578947368421,114.0,0.03856562922868741,0.1111111111111111,2818.0,0.18518518518518517,0.07407407407407407,0.1111111111111111,0.07407407407407407,3.0
0.7757104194857916,0.549659750483688,0.2253339848521455,650.0,0.2227432590855803,555.0,108.0,0.2198917456021651,0.34975518808079964,0.46798029556650245,203.0,0.06867388362652233,0.14615384615384616,2198.0,0.19384615384615383,0.03230769230769231,0.11846153846153847,0.3415384615384615,95.0,650,cortical_pca64_delta,0.5,2956,0,0.7621786197564276,0.544853559276803,0.27623387775546765,650.0,0.2249173098125689,548.0,155.0,0.2198917456021651,0.32699221347082835,0.3968871595330739,257.0,0.08694181326116374,0.15692307692307692,2151.0,0.1753846153846154,0.02923076923076923,0.1076923076923077,0.32769230769230767,102.0,0.6400541271989174,0.5925278537594236,0.2717214787930329,650.0,0.38283062645011595,320.0,744.0,0.2198917456021651,0.354428038355422,0.30726256983240224,1074.0,0.36332882273342354,0.5076923076923077,1562.0,0.20153846153846153,0.03230769230769231,0.1123076923076923,0.3353846153846154,330.0,0.16008736736453566,0.0046728502746223866,0.15791331663754704,0.027435824884593674,0.22459456938137407,0.02887976070708098,0.10801555155699163,0.04285641396479484,0.780446549391069,0.5339135365935019,0.288690033695809,650.0,0.1582360570687419,589.0,60.0,0.2198917456021651,0.32554827764834104,0.5041322314049587,121.0,0.040933694181326113,0.09384615384615384,2246.0,0.18,0.03076923076923077,0.10923076923076923,0.3169230769230769,61.0,blocked,True,future_local_rank_event,0.05,0.2334235453315291,0.4954153045566749,0.21103318822753395,650.0,0.3558840250142126,24.0,2242.0,0.2198917456021651,0.2464124867984304,0.21827057182705717,2868.0,0.9702300405953992,0.963076923076923,64.0,0.12307692307692308,0.016923076923076923,0.05846153846153846,0.20923076923076922,626.0,0.40696887686062244,0.5480919340849957,0.2490044461798093,650.0,0.37235947010383097,130.0,1623.0,0.2198917456021651,0.3115716243906272,0.24265048996733551,2143.0,0.7249661705006766,0.8,683.0,0.1753846153846154,0.013846153846153847,0.08615384615384615,0.3553846153846154,520.0
0.06326116373477672,0.5297214673913043,0.05287489693320214,12.0,0.008592910848549944,0.0,2769.0,0.0040595399188092015,0.00542081451157899,0.004314994606256742,2781.0,0.9407983761840325,1.0,175.0,0.16666666666666666,0.0,0.0,0.0,12.0,12,cortical_pca64_delta,0.5,2956,0,0.11062246278755074,0.5120018115942029,0.05791253252878252,12.0,0.008298755186721992,1.0,2628.0,0.0040595399188092015,0.005191793224957109,0.004168245547555892,2639.0,0.8927604871447903,0.9166666666666666,316.0,0.16666666666666666,0.0,0.0,0.0,11.0,0.33389715832205685,0.5825973731884058,0.06591111397139197,12.0,0.010055304172951232,2.0,1967.0,0.0040595399188092015,0.0059333243741875,0.005058168942842691,1977.0,0.668809201623816,0.8333333333333334,977.0,0.25,0.0,0.0,0.0,10.0,0.0014623933244012881,0.0005125098626085102,0.0017565489862292408,0.0007415311492303912,0.0011894009590613167,0.00036551956117913,-0.0026748670736190553,-0.002049179809544788,0.09235453315290934,0.544327445652174,0.060778178237229426,12.0,0.008865903213889916,0.0,2683.0,0.0040595399188092015,0.00556780481300837,0.0044526901669758815,2695.0,0.9117050067658998,1.0,261.0,0.16666666666666666,0.0,0.0,0.0,12.0,blocked,True,future_change_movement,0.075,0.9959404600811907,0.5,0.03651942925719799,12.0,,12.0,0.0,0.0040595399188092015,0.008608191447806555,,0.0,0.0,0.0,2944.0,0.16666666666666666,0.08333333333333333,0.16666666666666666,0.08333333333333333,0.0,0.9810554803788903,0.49252717391304346,0.05286148451445735,12.0,,12.0,44.0,0.0040595399188092015,0.007982504183732288,0.0,44.0,0.014884979702300407,0.0,2900.0,0.25,0.0,0.16666666666666666,0.0,0.0
0.8362652232746955,0.6461182281216237,0.028613054084767532,11.0,0.020242914979757085,6.0,478.0,0.0037212449255751017,0.007957798175902007,0.010351966873706004,483.0,0.16339648173207036,0.45454545454545453,2467.0,0.18181818181818182,0.0,0.18181818181818182,0.0,5.0,11,cortical_pca64_delta,0.5,2956,0,0.7577807848443843,0.516159901219324,0.03858280482842819,11.0,0.008310249307479223,8.0,708.0,0.0037212449255751017,0.006507667510265488,0.004219409282700422,711.0,0.2405277401894452,0.2727272727272727,2237.0,0.2727272727272727,0.0,0.09090909090909091,0.0,3.0,0.9489174560216509,0.5215156659978392,0.039354915555084545,11.0,0.013071895424836602,10.0,141.0,0.0037212449255751017,0.005777881833754532,0.007042253521126761,142.0,0.04803788903924222,0.09090909090909091,2804.0,0.09090909090909091,0.0,0.09090909090909091,0.0,1.0,-0.0071710195549204835,-0.002179916342147475,0.004761646117357379,-0.0007297856765109559,-0.0037915109832578325,-0.0006660766314506772,0.002042324593747047,0.0004586363977006581,0.8027740189445196,0.6293100787158512,0.03474202178313942,11.0,0.016863406408094434,6.0,577.0,0.0037212449255751017,0.006443958465205209,0.00859106529209622,582.0,0.19688768606224627,0.45454545454545453,2368.0,0.18181818181818182,0.0,0.0,0.0,5.0,blocked,False,future_spike,0.075,0.9881596752368065,0.4959252971137521,0.0055106114098832015,11.0,,11.0,24.0,0.0037212449255751017,0.003735557240007485,0.0,24.0,0.008119079837618403,0.0,2921.0,0.18181818181818182,0.0,0.0,0.0,0.0,0.9746278755074425,0.4891341256366723,0.03733583097912167,11.0,,11.0,64.0,0.0037212449255751017,0.005319245436053874,0.0,64.0,0.02165087956698241,0.0,2881.0,0.18181818181818182,0.0,0.09090909090909091,0.0,0.0
0.03382949932341001,0.5080950740613159,0.11080621329543573,53.0,0.03578663065496286,0.0,2856.0,0.017929634641407306,0.04506431678596526,0.018219319353729804,2909.0,0.9841001353179973,1.0,47.0,0.16981132075471697,0.09433962264150944,0.11320754716981132,0.09433962264150944,53.0,53,cortical_pca64_delta,0.5,2956,0,0.19621109607577808,0.5629829909202582,0.17104978506449986,53.0,0.04038772213247173,3.0,2373.0,0.017929634641407306,0.06458807412134245,0.020635575732562937,2423.0,0.8196887686062246,0.9433962264150944,530.0,0.16981132075471697,0.07547169811320754,0.1320754716981132,0.09433962264150944,50.0,0.38261163734776726,0.5652675501595616,0.21158996990557785,53.0,0.04199475065616798,13.0,1812.0,0.017929634641407306,0.06756451934488837,0.02159827213822894,1852.0,0.6265223274695535,0.7547169811320755,1091.0,0.2830188679245283,0.1320754716981132,0.22641509433962265,0.1509433962264151,40.0,0.006208120001205117,0.022500202558923113,0.0016070285236962495,0.002976445223545926,0.004042727741739048,0.02918593670644507,0.046355717237429636,0.027355821288830115,0.09100135317997293,0.5372028935583879,0.15449096262838186,53.0,0.03795202291442893,0.0,2687.0,0.017929634641407306,0.0383785826384433,0.019343065693430656,2740.0,0.9269282814614344,1.0,216.0,0.16981132075471697,0.05660377358490566,0.09433962264150944,0.07547169811320754,53.0,blocked,True,future_slope_change,0.075,0.9820703653585927,0.5,0.14869913749994174,53.0,,53.0,0.0,0.017929634641407306,0.02120880210745874,,0.0,0.0,0.0,2903.0,0.1320754716981132,0.018867924528301886,0.11320754716981132,0.05660377358490566,0.0,0.9407983761840325,0.5623427943766696,0.16833082405929742,53.0,0.0932642487046632,44.0,131.0,0.017929634641407306,0.040208698056058256,0.06428571428571428,140.0,0.04736129905277402,0.16981132075471697,2772.0,0.24528301886792453,0.07547169811320754,0.16981132075471697,0.07547169811320754,9.0
0.041271989174560215,0.4828105273380596,0.07229668201538093,14.0,0.00909090909090909,1.0,2833.0,0.004736129905277402,0.006311673659608181,0.004567814476458187,2846.0,0.9627875507442489,0.9285714285714286,109.0,0.14285714285714285,0.0,0.0,0.0,13.0,14,cortical_pca64_delta,0.5,2956,0,0.061569688768606225,0.4930076721375158,0.08141415133019021,14.0,0.009285714285714286,1.0,2773.0,0.004736129905277402,0.006310948313010661,0.00466618808327351,2786.0,0.942489851150203,0.9285714285714286,169.0,0.07142857142857142,0.0,0.0,0.0,13.0,0.4800405953991881,0.5966058075167524,0.0983258153543269,14.0,0.012845215157353887,4.0,1533.0,0.004736129905277402,0.00931111105622217,0.0064808813998703824,1543.0,0.5219891745602165,0.7142857142857143,1409.0,0.2857142857142857,0.0,0.07142857142857142,0.0,10.0,0.0037543060664447965,0.002999437396613989,0.003559500871639601,0.0030001627432115086,0.003519533665244849,0.0030042170219402907,0.003959816943632147,0.00415109999056024,0.06562922868741543,0.495047101097407,0.07797559003478599,14.0,0.009325681492109038,1.0,2761.0,0.004736129905277402,0.006306894034281879,0.004686373467916366,2774.0,0.9384303112313938,0.9285714285714286,181.0,0.14285714285714285,0.0,0.0,0.0,13.0,blocked,True,future_acceleration_event,0.075,0.9952638700947226,0.5,0.06413439512327916,14.0,,14.0,0.0,0.004736129905277402,0.005351294112590023,,0.0,0.0,0.0,2942.0,0.07142857142857142,0.0,0.0,0.0,0.0,0.9658322056833559,0.48521414004078856,0.09158463564106277,14.0,,14.0,87.0,0.004736129905277402,0.00516001106566193,0.0,87.0,0.02943166441136671,0.0,2855.0,0.0,0.0,0.0,0.0,0.0
0.6698240866035182,0.5088449606662059,0.3078980390423941,988.0,0.04500978473581214,965.0,11.0,0.3342354533152909,0.3731255805745175,0.6764705882352942,34.0,0.011502029769959404,0.02327935222672065,1957.0,0.12246963562753037,0.022267206477732792,0.07186234817813765,0.3481781376518219,23.0,988,cortical_pca64_delta,0.5,2956,0,0.6630581867388363,0.50678775385932,0.2988082988591317,988.0,0.06566604127579737,953.0,43.0,0.3342354533152909,0.3625871136473784,0.44871794871794873,78.0,0.02638700947225981,0.0354251012145749,1925.0,0.11740890688259109,0.020242914979757085,0.06072874493927125,0.3522267206477733,35.0,0.6725304465493911,0.5343142095388564,0.31334738364400105,988.0,0.19333333333333333,872.0,96.0,0.3342354533152909,0.432081573917505,0.5471698113207547,212.0,0.07171853856562922,0.11740890688259109,1872.0,0.15182186234817813,0.02125506072874494,0.08906882591093117,0.41700404858299595,116.0,0.1483235485975212,0.05895599334298751,0.12766729205753596,0.06949446027012662,0.1392792792792793,0.06440067530040494,0.07001423283329383,0.0027064152171694666,0.6684709066305818,0.5090887396728219,0.3036006708249011,988.0,0.05405405405405404,960.0,20.0,0.3342354533152909,0.36768089861710007,0.5833333333333334,48.0,0.016238159675236806,0.02834008097165992,1948.0,0.11740890688259109,0.022267206477732792,0.06376518218623482,0.347165991902834,28.0,blocked,True,future_local_rank_event,0.075,0.33457374830852504,0.4984900102037457,0.30600527832897984,988.0,0.49936370577755157,7.0,1960.0,0.3342354533152909,0.3620673410842112,0.33356001360081605,2941.0,0.9949255751014885,0.992914979757085,8.0,0.12449392712550607,0.011133603238866396,0.053643724696356275,0.3633603238866397,981.0,0.4242219215155616,0.5421285095948125,0.28673756328305605,988.0,0.5103567318757193,101.0,1601.0,0.3342354533152909,0.42937515870033555,0.3565112540192926,2488.0,0.8416779431664412,0.8977732793522267,367.0,0.14777327935222673,0.011133603238866396,0.07186234817813765,0.451417004048583,887.0
0.0020297699594046007,0.5001694340901389,0.011523085500931401,5.0,0.0033783783783783786,0.0,2950.0,0.0016914749661705007,0.002686251796255601,0.001692047377326565,2955.0,0.9996617050067659,1.0,1.0,0.2,0.0,0.0,0.0,5.0,5,cortical_pca64_delta,0.5,2956,0,0.016238159675236806,0.5072856658759742,0.018187168904021184,5.0,0.0034270047978067174,0.0,2908.0,0.0016914749661705007,0.0028934589793228375,0.0017164435290078957,2913.0,0.9854533152909337,1.0,43.0,0.2,0.0,0.0,0.0,5.0,0.05311231393775372,0.5257539817011183,0.017837672173854752,5.0,0.0035599857600569604,0.0,2799.0,0.0016914749661705007,0.002784975641571923,0.001783166904422254,2804.0,0.9485791610284168,1.0,152.0,0.0,0.0,0.0,0.0,5.0,0.00018160738167858183,9.872384531632193e-05,0.00013298096225024302,-0.0001084833377509144,0.00011764496831857818,0.00017168499592632542,-0.0003681755878909925,-0.009005782468185973,0.020635994587280108,0.5094883090477804,0.017154671546064055,5.0,0.0034423407917383822,0.0,2895.0,0.0016914749661705007,0.0026132906456455976,0.0017241379310344827,2900.0,0.9810554803788903,1.0,56.0,0.0,0.0,0.0,0.0,5.0,blocked,False,future_change_movement,0.1,0.9550067658998647,0.5781430023720773,0.005636630993991822,5.0,0.014814814814814815,4.0,129.0,0.0016914749661705007,0.0031531512294629156,0.007692307692307693,130.0,0.04397834912043302,0.2,2822.0,0.2,0.0,0.2,0.0,1.0,0.9776725304465493,0.5894950864113859,0.017016506200164507,5.0,0.029411764705882353,4.0,62.0,0.0016914749661705007,0.011790758109757896,0.015873015873015872,63.0,0.02131258457374831,0.2,2889.0,0.2,0.2,0.2,0.0,1.0
0.0013531799729364006,0.5,0.0074598624736242555,4.0,0.002702702702702703,0.0,2952.0,0.0013531799729364006,0.0018448795717300255,0.0013531799729364006,2956.0,1.0,1.0,0.0,0.0,0.0,0.0,0.0,4.0,4,cortical_pca64_delta,0.5,2956,0,0.030446549391069014,0.5145663956639567,0.014243452126006586,4.0,0.0027835768963117603,0.0,2866.0,0.0013531799729364006,0.0015330881901561896,0.0013937282229965157,2870.0,0.9709066305818674,1.0,86.0,0.0,0.0,0.0,0.0,4.0,0.03619756427604871,0.5174457994579946,0.01426681267307562,4.0,0.0028001400070003504,0.0,2849.0,0.0013531799729364006,0.0019218374853067265,0.0014020329477742728,2853.0,0.9651556156968877,1.0,103.0,0.0,0.0,0.0,0.0,4.0,9.743730429764754e-05,7.695791357670094e-05,1.656311068859006e-05,0.0003887492951505369,6.322587768115744e-05,0.00017621345590331156,0.00011378635585600964,-0.014757154679952129,0.013870094722598106,0.5062669376693767,0.013277256697402812,4.0,0.002736914129319193,0.0,2915.0,0.0013531799729364006,0.001745624029403415,0.0013703323055841042,2919.0,0.9874830852503383,1.0,37.0,0.0,0.0,0.0,0.0,4.0,blocked,True,future_spike,0.1,0.9441813261163735,0.47273035230352306,0.004520151473494782,4.0,,4.0,161.0,0.0013531799729364006,0.0018080511294507168,0.0,161.0,0.054465493910690124,0.0,2791.0,0.0,0.0,0.0,0.0,0.0,0.9813937753721245,0.6161924119241192,0.008641171734235864,4.0,0.03508771929824561,3.0,52.0,0.0013531799729364006,0.016678992165258855,0.018867924528301886,53.0,0.017929634641407306,0.25,2900.0,0.25,0.25,0.25,0.0,1.0
0.02097428958051421,0.5046217048955837,0.09056223517711125,35.0,0.023616734143049933,0.0,2894.0,0.011840324763193504,0.01366312123330099,0.011949470809149881,2929.0,0.9908660351826793,1.0,27.0,0.14285714285714285,0.0,0.05714285714285714,0.0,35.0,35,cortical_pca64_delta,0.5,2956,0,0.10825439783491204,0.50644104269575,0.13656464012444816,35.0,0.023703703703703703,3.0,2633.0,0.011840324763193504,0.014577360255730094,0.01200750469043152,2665.0,0.9015561569688768,0.9142857142857143,288.0,0.14285714285714285,0.0,0.08571428571428572,0.0,32.0,0.38802435723951284,0.5633149117229912,0.17145303849659638,35.0,0.027941966684578184,9.0,1800.0,0.011840324763193504,0.048387299961020265,0.014238773274917854,1826.0,0.6177266576454669,0.7428571428571429,1121.0,0.2,0.02857142857142857,0.14285714285714285,0.02857142857142857,26.0,0.004325232541528251,0.034724178727719275,0.004238262980874482,0.03380993970529017,0.0023945214291037284,0.034323503982220796,0.0352793430620889,0.03158105106113682,0.09675236806495263,0.5429647381033893,0.13170196963035383,35.0,0.025547445255474456,0.0,2670.0,0.011840324763193504,0.014063795978799466,0.012939001848428836,2705.0,0.9150879566982408,1.0,251.0,0.14285714285714285,0.0,0.02857142857142857,0.0,35.0,blocked,True,future_slope_change,0.1,0.9881596752368065,0.5,0.10737694800642889,35.0,,35.0,0.0,0.011840324763193504,0.013107956898931362,,0.0,0.0,0.0,2921.0,0.08571428571428572,0.02857142857142857,0.08571428571428572,0.02857142857142857,0.0,0.9638024357239513,0.5159045336724214,0.11335745520798887,35.0,0.036036036036036036,33.0,74.0,0.011840324763193504,0.01680624889988345,0.02631578947368421,76.0,0.02571041948579161,0.05714285714285714,2847.0,0.11428571428571428,0.05714285714285714,0.08571428571428572,0.05714285714285714,2.0
0.07171853856562922,0.48445349626612355,0.025991579986500576,10.0,0.0065170166545981175,1.0,2743.0,0.0033829499323410014,0.004163641330972614,0.0032703488372093025,2752.0,0.9309878213802436,0.9,203.0,0.0,0.0,0.0,0.0,9.0,10,cortical_pca64_delta,0.5,2956,0,0.15561569688768606,0.5265444670739987,0.030926425163191926,10.0,0.007159904534606206,1.0,2495.0,0.0033829499323410014,0.004197389089281484,0.003594249201277955,2504.0,0.8470906630581867,0.9,451.0,0.1,0.0,0.0,0.0,9.0,0.540257104194858,0.6696877121520706,0.02974399937144623,10.0,0.011636363636363636,2.0,1357.0,0.0033829499323410014,0.005461350222018978,0.005860805860805861,1365.0,0.4617726657645467,0.8,1589.0,0.0,0.0,0.0,0.0,8.0,0.005119346981765518,0.0012977088910463641,0.00447645910175743,0.0012639611327374938,0.004357754659412565,0.001271283100424835,0.0018770281393609778,-0.0005936176506443503,0.16948579161028418,0.5335030549898168,0.030739756162087704,10.0,0.007278608976951071,1.0,2454.0,0.0033829499323410014,0.004190067121594143,0.0036540803897685747,2463.0,0.8332205683355887,0.9,492.0,0.0,0.0,0.0,0.0,9.0,blocked,True,future_acceleration_event,0.1,0.996617050067659,0.5,0.02347794217039901,10.0,,10.0,0.0,0.0033829499323410014,0.0035843220826580003,,0.0,0.0,0.0,2946.0,0.1,0.0,0.0,0.0,0.0,0.9682002706359946,0.48574338085539714,0.03406545028378279,10.0,,10.0,84.0,0.0033829499323410014,0.006054967872663328,0.0,84.0,0.028416779431664412,0.0,2862.0,0.2,0.0,0.2,0.0,0.0
0.5635994587280109,0.5255121543787056,0.3877930755715654,1333.0,0.2210144927536232,1150.0,140.0,0.45094722598105547,0.5082030499441754,0.56656346749226,323.0,0.10926928281461434,0.13728432108027006,1483.0,0.12603150787696923,0.020255063765941484,0.06676669167291822,0.4846211552888222,183.0,1333,cortical_pca64_delta,0.5,2956,0,0.5548037889039242,0.5169661176846893,0.39551773738602064,1333.0,0.2100840336134454,1158.0,158.0,0.45094722598105547,0.49476008143573325,0.5255255255255256,333.0,0.11265223274695535,0.1312828207051763,1465.0,0.12153038259564891,0.0172543135783946,0.06826706676669167,0.4808702175543886,175.0,0.5652909336941814,0.5538614320863026,0.3752507232845287,1333.0,0.47572419420644635,750.0,535.0,0.45094722598105547,0.5290428095352567,0.5214669051878354,1118.0,0.37821380243572394,0.4373593398349587,1088.0,0.1312828207051763,0.0172543135783946,0.07351837959489872,0.5078769692423106,583.0,0.2547097014528231,0.02083975959108131,0.26564016059300094,0.034282728099523485,0.15665393535805755,0.022968386391173934,0.044596491829572704,-0.008637795400282755,0.5639377537212449,0.5337958796538321,0.3683024797121623,1333.0,0.3190702588483888,1031.0,258.0,0.45094722598105547,0.5060744231440828,0.5392857142857143,560.0,0.18944519621109607,0.22655663915978994,1365.0,0.12228057014253563,0.015753938484621154,0.0690172543135784,0.490622655663916,302.0,blocked,True,future_local_rank_event,0.1,0.45162381596752366,0.5006161429451633,0.42507268943660204,1333.0,0.6218801026358759,0.0,1621.0,0.45094722598105547,0.484446317705684,0.45125253893026407,2954.0,0.9993234100135318,1.0,2.0,0.12228057014253563,0.01350337584396099,0.05926481620405101,0.4778694673668417,1333.0,0.4790257104194858,0.5224198840837752,0.3598750974211897,1333.0,0.6254863813229573,47.0,1493.0,0.45094722598105547,0.5376806049355395,0.4627563871896366,2779.0,0.9401217861975643,0.9647411852963241,130.0,0.12978244561140284,0.012003000750187547,0.05401350337584396,0.5536384096024006,1286.0
0.31630581867388363,0.5660666750040197,0.18368436804463664,446.0,0.28963093145869945,34.0,1987.0,0.15087956698240865,0.27575802350388384,0.17173822426010837,2399.0,0.8115696887686062,0.9237668161434978,523.0,0.242152466367713,0.04484304932735426,0.1412556053811659,0.30493273542600896,412.0,446,cortical_pca64_delta,1,2956,0,0.40798376184032475,0.5684258481767995,0.20275653271861563,446.0,0.289195775792039,90.0,1660.0,0.15087956698240865,0.2595891049835904,0.1765873015873016,2016.0,0.6820027063599459,0.7982062780269058,850.0,0.21076233183856502,0.03587443946188341,0.13228699551569506,0.28475336322869954,356.0,0.4692151556156969,0.5759035606453111,0.251307518080219,446.0,0.2929247408742677,121.0,1448.0,0.15087956698240865,0.25437390506655094,0.18330513254371122,1773.0,0.5997970230040596,0.7286995515695067,1062.0,0.21076233183856502,0.04035874439461883,0.13452914798206278,0.2645739910313901,325.0,0.0032938094155682274,-0.0213841184373329,0.003728965082228697,-0.005215199917039448,-0.007991089915091176,-0.010022903746525147,0.07554420169372122,0.02523348827239677,0.4577131258457375,0.5875681131974345,0.2385340612553792,446.0,0.30091583078935885,101.0,1502.0,0.15087956698240865,0.2643968088130761,0.18678938819707633,1847.0,0.624830852503383,0.773542600896861,1008.0,0.2085201793721973,0.03811659192825112,0.12780269058295965,0.28475336322869954,345.0,blocked,False,future_change_movement,0.03,0.3721244925575101,0.5150447537205438,0.15604344254925656,446.0,0.2570056044835869,125.0,1731.0,0.15087956698240865,0.17882970337282972,0.1564327485380117,2052.0,0.6941813261163735,0.7197309417040358,779.0,0.13004484304932734,0.02466367713004484,0.07623318385650224,0.18834080717488788,321.0,0.5250338294993234,0.5894127525771353,0.24109497856718248,446.0,0.30218687872763417,142.0,1262.0,0.15087956698240865,0.22914041679415417,0.194125159642401,1566.0,0.5297699594046008,0.6816143497757847,1248.0,0.1860986547085202,0.026905829596412557,0.09192825112107623,0.2825112107623318,304.0
0.08322056833558863,0.5009208103130756,0.1186669126052812,241.0,0.15100250626566417,0.0,2710.0,0.08152909336941813,0.17998473748810762,0.08166723144696712,2951.0,0.9983085250338295,1.0,5.0,0.23651452282157676,0.06224066390041494,0.1991701244813278,0.21991701244813278,241.0,241,cortical_pca64_delta,1,2956,0,0.2354533152909337,0.5422021503404324,0.1959558768930344,241.0,0.16234247590808007,22.0,2238.0,0.08152909336941813,0.17976724955708206,0.08913308913308914,2457.0,0.831190798376184,0.9087136929460581,477.0,0.24481327800829875,0.06639004149377593,0.17842323651452283,0.21161825726141079,219.0,0.3251014884979702,0.5702093028587149,0.22507598737495435,241.0,0.17254251347988386,33.0,1962.0,0.08152909336941813,0.19987365512271463,0.09585253456221199,2170.0,0.7341001353179973,0.8630705394190872,753.0,0.2697095435684647,0.06224066390041494,0.17842323651452283,0.24481327800829875,208.0,0.021540007214219697,0.019888917634607012,0.010200037571803794,0.020106405565632562,0.015349531023743507,0.012015921261026768,0.11568951110078116,0.09381596853825443,0.18741542625169147,0.5255037711194149,0.17161332205806107,241.0,0.15719298245614036,17.0,2385.0,0.08152909336941813,0.18785773386168786,0.0858566500574933,2609.0,0.8826116373477673,0.9294605809128631,330.0,0.2572614107883817,0.06224066390041494,0.1825726141078838,0.24896265560165975,224.0,blocked,True,future_spike,0.03,0.8359269282814614,0.515561312212008,0.09999421866458434,241.0,0.11657559198542805,209.0,276.0,0.08152909336941813,0.08418414402193347,0.1038961038961039,308.0,0.10419485791610285,0.13278008298755187,2439.0,0.13278008298755187,0.012448132780082987,0.06639004149377593,0.0954356846473029,32.0,0.6153585926928281,0.5618539999847169,0.14795437074894763,241.0,0.17429193899782136,121.0,1016.0,0.08152909336941813,0.1060576865844602,0.1056338028169014,1136.0,0.38430311231393777,0.4979253112033195,1699.0,0.16182572614107885,0.024896265560165973,0.08298755186721991,0.14107883817427386,120.0
0.31630581867388363,0.5660666750040197,0.18368436804463664,446.0,0.28963093145869945,34.0,1987.0,0.15087956698240865,0.27575802350388384,0.17173822426010837,2399.0,0.8115696887686062,0.9237668161434978,523.0,0.242152466367713,0.04484304932735426,0.1412556053811659,0.30493273542600896,412.0,446,cortical_pca64_delta,1,2956,0,0.4675236806495264,0.5813606560305862,0.23919409258608124,446.0,0.29669347631814125,114.0,1460.0,0.15087956698240865,0.2638513009705076,0.18526785714285715,1792.0,0.6062246278755075,0.7443946188340808,1050.0,0.21076233183856502,0.04484304932735426,0.14798206278026907,0.2757847533632287,332.0,0.4692151556156969,0.5759035606453111,0.251307518080219,446.0,0.2929247408742677,121.0,1448.0,0.15087956698240865,0.25437390506655094,0.18330513254371122,1773.0,0.5997970230040596,0.7286995515695067,1062.0,0.21076233183856502,0.04035874439461883,0.13452914798206278,0.2645739910313901,325.0,0.0032938094155682274,-0.0213841184373329,-0.003768735443873572,-0.009477395903956631,-0.012719561575146587,-0.010120321644557395,0.07554420169372122,0.02523348827239677,0.5588633288227334,0.5936612295213763,0.253687814146398,446.0,0.30564430244941426,159.0,1145.0,0.15087956698240865,0.26449422671110834,0.20041899441340782,1432.0,0.4844384303112314,0.6434977578475336,1365.0,0.21748878923766815,0.04035874439461883,0.13452914798206278,0.2937219730941704,287.0,blocked,False,future_slope_change,0.03,0.3721244925575101,0.5150447537205438,0.15604344254925656,446.0,0.2570056044835869,125.0,1731.0,0.15087956698240865,0.17882970337282972,0.1564327485380117,2052.0,0.6941813261163735,0.7197309417040358,779.0,0.13004484304932734,0.02466367713004484,0.07623318385650224,0.18834080717488788,321.0,0.5250338294993234,0.5894127525771353,0.24109497856718248,446.0,0.30218687872763417,142.0,1262.0,0.15087956698240865,0.22914041679415417,0.194125159642401,1566.0,0.5297699594046008,0.6816143497757847,1248.0,0.1860986547085202,0.026905829596412557,0.09192825112107623,0.2825112107623318,304.0
0.1975642760487145,0.5032685330061423,0.25095502811563614,555.0,0.3172135866436384,4.0,2368.0,0.18775372124492556,0.25878504221076837,0.18876327509421034,2919.0,0.9874830852503383,0.9927927927927928,33.0,0.16216216216216217,0.036036036036036036,0.10810810810810811,0.24324324324324326,551.0,555,cortical_pca64_delta,1,2956,0,0.243234100135318,0.5119874977017834,0.2784614180368085,555.0,0.3186110265001523,32.0,2205.0,0.18775372124492556,0.25022347808633694,0.19171554252199413,2728.0,0.9228687415426252,0.9423423423423424,196.0,0.15855855855855855,0.02702702702702703,0.09549549549549549,0.25045045045045045,523.0,0.35622462787550746,0.5642254916307394,0.2781596381739846,555.0,0.3435667471541911,57.0,1846.0,0.18775372124492556,0.29782165512242315,0.21245733788395904,2344.0,0.7929634641407307,0.8972972972972973,555.0,0.1927927927927928,0.032432432432432434,0.11891891891891893,0.2864864864864865,498.0,0.026353160510552698,0.03903661291165478,0.024955720654038838,0.04759817703608621,0.02313470394987066,0.04128824030516748,0.08405878250582144,-0.0163040602989194,0.2337618403247632,0.5137757916183573,0.27876709178547865,555.0,0.32043204320432045,21.0,2244.0,0.18775372124492556,0.25653341481725567,0.19222462203023757,2778.0,0.9397834912043301,0.9621621621621622,157.0,0.17117117117117117,0.03063063063063063,0.10270270270270271,0.25045045045045045,534.0,blocked,True,future_acceleration_event,0.03,0.2652232746955345,0.5179043266506823,0.17635312574127832,555.0,0.32040050062578224,43.0,2129.0,0.18775372124492556,0.2137628726166017,0.193865959863688,2641.0,0.8934370771312584,0.9225225225225225,272.0,0.12252252252252252,0.016216216216216217,0.06126126126126126,0.22342342342342342,512.0,0.5849120433017592,0.6260375744340759,0.2406251712293063,555.0,0.3849624060150376,171.0,1056.0,0.18775372124492556,0.31412571542134254,0.26666666666666666,1440.0,0.4871447902571042,0.6918918918918919,1345.0,0.1945945945945946,0.025225225225225224,0.1063063063063063,0.3621621621621622,384.0
0.6271989174560216,0.6176257324256416,0.16897969817915295,377.0,0.2926829268292683,149.0,953.0,0.12753721244925575,0.2841209421509882,0.1930567315834039,1181.0,0.39952638700947224,0.6047745358090185,1626.0,0.27055702917771884,0.050397877984084884,0.16710875331564987,0.3156498673740053,228.0,377,cortical_pca64_delta,1,2956,0,0.5727334235453315,0.5943387881923268,0.24294688669766668,377.0,0.27120600115406807,142.0,1121.0,0.12753721244925575,0.23385784232857804,0.1733038348082596,1356.0,0.4587280108254398,0.623342175066313,1458.0,0.22811671087533156,0.04774535809018567,0.14323607427055704,0.27320954907161804,235.0,0.6299052774018945,0.5829403578999118,0.24357195915410668,377.0,0.26379542395693134,181.0,913.0,0.12753721244925575,0.24848253669462056,0.17673579801623085,1109.0,0.37516914749661706,0.519893899204244,1666.0,0.2413793103448276,0.04774535809018567,0.16180371352785147,0.28116710875331563,196.0,-0.028887502872336934,-0.03563840545636765,-0.007410577197136725,0.014624694366042523,-0.011880251718744406,-0.013886030557018647,0.09459724312381623,0.04928370252073655,0.8186738836265224,0.5846775064461684,0.2078372343551214,377.0,0.27567567567567575,275.0,261.0,0.12753721244925575,0.2623685672516392,0.2809917355371901,363.0,0.12280108254397835,0.27055702917771884,2318.0,0.23076923076923078,0.04509283819628647,0.15119363395225463,0.27320954907161804,102.0,blocked,False,future_local_rank_event,0.03,0.486468200270636,0.5222532945654712,0.13634451541009915,377.0,0.2207392197125257,162.0,1356.0,0.12753721244925575,0.15388529357080433,0.13685550604710375,1571.0,0.5314614343707713,0.5702917771883289,1223.0,0.1273209549071618,0.026525198938992044,0.07427055702917772,0.14854111405835543,215.0,0.5456698240866035,0.5912851505168764,0.22058243312763262,377.0,0.2681198910081744,131.0,1212.0,0.12753721244925575,0.199198834173884,0.16872427983539096,1458.0,0.493234100135318,0.6525198938992043,1367.0,0.1909814323607427,0.029177718832891247,0.09018567639257294,0.2493368700265252,246.0
0.07949932341001353,0.5143409458730444,0.13178540479976936,134.0,0.08905256109809173,1.0,2720.0,0.04533152909336942,0.08301223456184403,0.046617595513494564,2853.0,0.9651556156968877,0.9925373134328358,102.0,0.19402985074626866,0.05223880597014925,0.13432835820895522,0.13432835820895522,133.0,134,cortical_pca64_delta,1,2956,0,0.2046684709066306,0.5479098130890551,0.18905438318208262,134.0,0.0954213158907272,10.0,2341.0,0.04533152909336942,0.08294271858265545,0.05030425963488844,2465.0,0.8338971583220568,0.9253731343283582,481.0,0.23134328358208955,0.03731343283582089,0.14925373134328357,0.1417910447761194,124.0,0.31901217861975645,0.5651464505960629,0.20151387566242038,134.0,0.10013410818059902,22.0,1991.0,0.04533152909336942,0.11154283362144851,0.05325725154541132,2103.0,0.7114343707713126,0.835820895522388,831.0,0.26119402985074625,0.07462686567164178,0.1865671641791045,0.17164179104477612,112.0,0.01108154708250729,0.028530599059604478,0.004712792289871814,0.02860011503879306,0.008966017012507863,0.028934359511764512,0.0416471146960139,0.036785580581809904,0.13667117726657646,0.5265134286046733,0.18267434887631595,134.0,0.09116809116809116,6.0,2546.0,0.04533152909336942,0.082608474109684,0.04786836200448766,2674.0,0.9046008119079838,0.9552238805970149,276.0,0.19402985074626866,0.06716417910447761,0.11194029850746269,0.11194029850746269,128.0,blocked,True,future_change_movement,0.05,0.9546684709066305,0.5,0.17666518586258628,134.0,,134.0,0.0,0.04533152909336942,0.06989571892543461,,0.0,0.0,0.0,2822.0,0.11940298507462686,0.029850746268656716,0.08955223880597014,0.07462686567164178,0.0,0.8332205683355887,0.5856675164221417,0.21162996069791187,134.0,0.14558058925476602,92.0,401.0,0.04533152909336942,0.07475725303963861,0.09480812641083522,443.0,0.14986468200270636,0.31343283582089554,2421.0,0.22388059701492538,0.04477611940298507,0.14925373134328357,0.13432835820895522,42.0
0.13125845737483086,0.5356444772266273,0.13502105533952596,85.0,0.06002928257686677,3.0,2565.0,0.02875507442489851,0.08353475945150152,0.030978466188137516,2647.0,0.895466847090663,0.9647058823529412,306.0,0.23529411764705882,0.10588235294117647,0.16470588235294117,0.15294117647058825,82.0,85,cortical_pca64_delta,1,2956,0,0.2919485791610284,0.5784108836847174,0.16302365603024013,85.0,0.06687472135532768,10.0,2083.0,0.02875507442489851,0.08131007918359758,0.03475440222428174,2158.0,0.7300405953991881,0.8823529411764706,788.0,0.24705882352941178,0.09411764705882353,0.16470588235294117,0.16470588235294117,75.0,0.36975642760487143,0.6013420206117974,0.18912356932556632,85.0,0.07174887892376682,13.0,1850.0,0.02875507442489851,0.12488197645485462,0.037460978147762745,1922.0,0.6502029769959404,0.8470588235294118,1021.0,0.32941176470588235,0.12941176470588237,0.24705882352941178,0.21176470588235294,72.0,0.011719596346900042,0.0413472170033531,0.004874157568439133,0.04357189727125704,0.009448559434948926,0.04779070079163049,0.09626786718295834,0.08532499066182553,0.20568335588633288,0.5511258630934087,0.16460427825041968,85.0,0.06230031948881789,7.0,2341.0,0.02875507442489851,0.07709127566322413,0.03224472922695329,2419.0,0.8183355886332883,0.9176470588235294,530.0,0.21176470588235294,0.09411764705882353,0.17647058823529413,0.1411764705882353,78.0,blocked,True,future_spike,0.05,0.9712449255751014,0.5,0.08447841284456849,85.0,,85.0,0.0,0.02875507442489851,0.02861410927189628,,0.0,0.0,0.0,2871.0,0.11764705882352941,0.0,0.058823529411764705,0.023529411764705882,0.0,0.8027740189445196,0.5616837748683591,0.11013298675436048,85.0,0.08188976377952756,59.0,524.0,0.02875507442489851,0.0395569857930291,0.04727272727272727,550.0,0.18606224627875506,0.3058823529411765,2347.0,0.15294117647058825,0.011764705882352941,0.1411764705882353,0.10588235294117647,26.0
0.07949932341001353,0.5143409458730444,0.13178540479976936,134.0,0.08905256109809173,1.0,2720.0,0.04533152909336942,0.08301223456184403,0.046617595513494564,2853.0,0.9651556156968877,0.9925373134328358,102.0,0.19402985074626866,0.05223880597014925,0.13432835820895522,0.13432835820895522,133.0,134,cortical_pca64_delta,1,2956,0,0.17726657645466848,0.5371124533251531,0.20668596560096839,134.0,0.09321401938851603,9.0,2423.0,0.04533152909336942,0.0770605397203438,0.04905808477237049,2548.0,0.8619756427604871,0.9328358208955224,399.0,0.208955223880597,0.04477611940298507,0.11940298507462686,0.1044776119402985,125.0,0.31901217861975645,0.5651464505960629,0.20151387566242038,134.0,0.10013410818059902,22.0,1991.0,0.04533152909336942,0.11154283362144851,0.05325725154541132,2103.0,0.7114343707713126,0.835820895522388,831.0,0.26119402985074625,0.07462686567164178,0.1865671641791045,0.17164179104477612,112.0,0.01108154708250729,0.028530599059604478,0.006920088792082987,0.034482293901104716,0.008998472723140846,0.03010126649592812,0.0416471146960139,0.036785580581809904,0.13633288227334237,0.5263362492992162,0.16311168276375737,134.0,0.09113563545745818,6.0,2547.0,0.04533152909336942,0.08144156712552039,0.047850467289719624,2675.0,0.9049391069012178,0.9552238805970149,275.0,0.19402985074626866,0.05223880597014925,0.13432835820895522,0.12686567164179105,128.0,blocked,True,future_slope_change,0.05,0.9546684709066305,0.5,0.17666518586258628,134.0,,134.0,0.0,0.04533152909336942,0.06989571892543461,,0.0,0.0,0.0,2822.0,0.11940298507462686,0.029850746268656716,0.08955223880597014,0.07462686567164178,0.0,0.8332205683355887,0.5856675164221417,0.21162996069791187,134.0,0.14558058925476602,92.0,401.0,0.04533152909336942,0.07475725303963861,0.09480812641083522,443.0,0.14986468200270636,0.31343283582089554,2421.0,0.22388059701492538,0.04477611940298507,0.14925373134328357,0.13432835820895522,42.0
0.07036535859269283,0.4985037182362806,0.19188667196043488,189.0,0.11979500320307494,2.0,2746.0,0.06393775372124492,0.10676001782516283,0.06375724514149335,2933.0,0.9922192151556157,0.9894179894179894,21.0,0.20105820105820105,0.0582010582010582,0.1164021164021164,0.14814814814814814,187.0,189,cortical_pca64_delta,1,2956,0,0.12584573748308525,0.5133498928222455,0.2415175900706521,189.0,0.1228784792939579,8.0,2576.0,0.06393775372124492,0.10694035652974715,0.06565107000362713,2757.0,0.9326792963464141,0.9576719576719577,191.0,0.2275132275132275,0.042328042328042326,0.13227513227513227,0.15343915343915343,181.0,0.2503382949932341,0.5231574700313406,0.2388505030933966,189.0,0.12480252764612954,31.0,2185.0,0.06393775372124492,0.13292468648665762,0.06743491250533504,2343.0,0.7926251691474966,0.8359788359788359,582.0,0.21164021164021163,0.05291005291005291,0.164021164021164,0.1746031746031746,158.0,0.005007524443054592,0.02616466866149479,0.0019240483521716367,0.025984329956910468,0.006102262394140148,0.03535169889538553,0.05510719770704159,0.01403180288962265,0.10081190798376184,0.4950484068662601,0.2036132542161918,189.0,0.11870026525198939,10.0,2648.0,0.06393775372124492,0.09757298759127209,0.0633180049522462,2827.0,0.956359945872801,0.9470899470899471,119.0,0.20105820105820105,0.037037037037037035,0.1164021164021164,0.14285714285714285,179.0,blocked,True,future_acceleration_event,0.05,0.9360622462787551,0.5,0.24654114746202638,189.0,,189.0,0.0,0.06393775372124492,0.07781748877961603,,0.0,0.0,0.0,2767.0,0.12698412698412698,0.021164021164021163,0.06878306878306878,0.08465608465608465,0.0,0.8156292286874154,0.6180657140180089,0.23856405787222326,189.0,0.21356421356421357,115.0,430.0,0.06393775372124492,0.11889288359703497,0.14682539682539683,504.0,0.17050067658998647,0.3915343915343915,2337.0,0.24867724867724866,0.031746031746031744,0.08994708994708994,0.14285714285714285,74.0
0.7757104194857916,0.549659750483688,0.2253339848521455,650.0,0.2227432590855803,555.0,108.0,0.2198917456021651,0.34975518808079964,0.46798029556650245,203.0,0.06867388362652233,0.14615384615384616,2198.0,0.19384615384615383,0.03230769230769231,0.11846153846153847,0.3415384615384615,95.0,650,cortical_pca64_delta,1,2956,0,0.7662381596752368,0.5601607845753552,0.2610308585803734,650.0,0.26567481402763016,525.0,166.0,0.2198917456021651,0.33042046774361666,0.42955326460481097,291.0,0.09844384303112313,0.19230769230769232,2140.0,0.19538461538461538,0.03076923076923077,0.12,0.31846153846153846,125.0,0.6400541271989174,0.5925278537594236,0.2717214787930329,650.0,0.38283062645011595,320.0,744.0,0.2198917456021651,0.354428038355422,0.30726256983240224,1074.0,0.36332882273342354,0.5076923076923077,1562.0,0.20153846153846153,0.03230769230769231,0.1123076923076923,0.3353846153846154,330.0,0.16008736736453566,0.0046728502746223866,0.1171558124224858,0.024007570611805362,0.21316481668147844,0.03891350031739338,0.10801555155699163,0.04285641396479484,0.7814614343707713,0.5373260390953366,0.26352543844516996,650.0,0.16966580976863752,584.0,62.0,0.2198917456021651,0.31551453803802865,0.515625,128.0,0.04330175913396482,0.10153846153846154,2244.0,0.17846153846153845,0.027692307692307693,0.1123076923076923,0.30923076923076925,66.0,blocked,True,future_local_rank_event,0.05,0.2334235453315291,0.4954153045566749,0.21103318822753395,650.0,0.3558840250142126,24.0,2242.0,0.2198917456021651,0.2464124867984304,0.21827057182705717,2868.0,0.9702300405953992,0.963076923076923,64.0,0.12307692307692308,0.016923076923076923,0.05846153846153846,0.20923076923076922,626.0,0.40696887686062244,0.5480919340849957,0.2490044461798093,650.0,0.37235947010383097,130.0,1623.0,0.2198917456021651,0.3115716243906272,0.24265048996733551,2143.0,0.7249661705006766,0.8,683.0,0.1753846153846154,0.013846153846153847,0.08615384615384615,0.3553846153846154,520.0
0.03382949932341001,0.5080950740613159,0.11080621329543573,53.0,0.03578663065496286,0.0,2856.0,0.017929634641407306,0.04506431678596526,0.018219319353729804,2909.0,0.9841001353179973,1.0,47.0,0.16981132075471697,0.09433962264150944,0.11320754716981132,0.09433962264150944,53.0,53,cortical_pca64_delta,1,2956,0,0.13396481732070364,0.5405533637941232,0.1703711866636593,53.0,0.03831705484598047,2.0,2558.0,0.017929634641407306,0.062398290002428705,0.019547719432732848,2609.0,0.8826116373477673,0.9622641509433962,345.0,0.18867924528301888,0.07547169811320754,0.1320754716981132,0.07547169811320754,51.0,0.38261163734776726,0.5652675501595616,0.21158996990557785,53.0,0.04199475065616798,13.0,1812.0,0.017929634641407306,0.06756451934488837,0.02159827213822894,1852.0,0.6265223274695535,0.7547169811320755,1091.0,0.2830188679245283,0.1320754716981132,0.22641509433962265,0.1509433962264151,40.0,0.006208120001205117,0.022500202558923113,0.003677695810187509,0.005166229342459666,0.0018056253606597017,0.027500880546554314,0.046355717237429636,0.027355821288830115,0.17591339648173207,0.5619105804665311,0.19737330857114982,53.0,0.04018912529550828,2.0,2434.0,0.017929634641407306,0.04006363879833406,0.020523138832997986,2485.0,0.8406630581867388,0.9622641509433962,469.0,0.18867924528301888,0.07547169811320754,0.1320754716981132,0.07547169811320754,51.0,blocked,True,future_change_movement,0.075,0.9820703653585927,0.5,0.14869913749994174,53.0,,53.0,0.0,0.017929634641407306,0.02120880210745874,,0.0,0.0,0.0,2903.0,0.1320754716981132,0.018867924528301886,0.11320754716981132,0.05660377358490566,0.0,0.9407983761840325,0.5623427943766696,0.16833082405929742,53.0,0.0932642487046632,44.0,131.0,0.017929634641407306,0.040208698056058256,0.06428571428571428,140.0,0.04736129905277402,0.16981132075471697,2772.0,0.24528301886792453,0.07547169811320754,0.16981132075471697,0.07547169811320754,9.0
0.37652232746955344,0.620847727292705,0.15939703208800374,39.0,0.035583464154892726,5.0,1838.0,0.013193504736129905,0.050399422729835025,0.018162393162393164,1872.0,0.6332882273342354,0.8717948717948718,1079.0,0.2564102564102564,0.1794871794871795,0.1794871794871795,0.1794871794871795,34.0,39,cortical_pca64_delta,1,2956,0,0.40392422192151556,0.672679166337034,0.1594123614788138,39.0,0.04030501089324619,2.0,1760.0,0.013193504736129905,0.054808668690831445,0.020589872008903727,1797.0,0.607916102841678,0.9487179487179487,1157.0,0.28205128205128205,0.1282051282051282,0.23076923076923078,0.15384615384615385,37.0,0.7520297699594046,0.6972697625765847,0.2017005961823384,39.0,0.06385696040868455,14.0,719.0,0.013193504736129905,0.09217123152387897,0.033602150537634407,744.0,0.2516914749661705,0.6410256410256411,2198.0,0.41025641025641024,0.1794871794871795,0.358974358974359,0.1794871794871795,25.0,0.028273496253791823,0.04177180879404395,0.02355194951543836,0.03736256283304753,0.026898143090838718,0.0488046319571043,0.08116556059804757,0.06597646111695189,0.38294993234100133,0.6367536017861695,0.16987132695700882,39.0,0.03695881731784583,4.0,1820.0,0.013193504736129905,0.043366599566774675,0.018867924528301886,1855.0,0.6275372124492558,0.8974358974358975,1097.0,0.2564102564102564,0.10256410256410256,0.20512820512820512,0.15384615384615385,35.0,blocked,True,future_spike,0.075,0.9868064952638701,0.5,0.06628670565198853,39.0,,39.0,0.0,0.013193504736129905,0.011005670925831403,,0.0,0.0,0.0,2917.0,0.05128205128205128,0.0,0.05128205128205128,0.0,0.0,0.912043301759134,0.5886096534022485,0.08965753460123749,39.0,0.07142857142857142,29.0,231.0,0.013193504736129905,0.026194770406927078,0.04149377593360996,241.0,0.08152909336941813,0.2564102564102564,2686.0,0.3076923076923077,0.0,0.1794871794871795,0.0,10.0
0.03382949932341001,0.5080950740613159,0.11080621329543573,53.0,0.03578663065496286,0.0,2856.0,0.017929634641407306,0.04506431678596526,0.018219319353729804,2909.0,0.9841001353179973,1.0,47.0,0.16981132075471697,0.09433962264150944,0.11320754716981132,0.09433962264150944,53.0,53,cortical_pca64_delta,1,2956,0,0.08389715832205684,0.5150624922818945,0.14980324077506493,53.0,0.036298932384341634,2.0,2706.0,0.017929634641407306,0.030266407586453953,0.018498367791077257,2757.0,0.9326792963464141,0.9622641509433962,197.0,0.18867924528301888,0.05660377358490566,0.09433962264150944,0.05660377358490566,51.0,0.38261163734776726,0.5652675501595616,0.21158996990557785,53.0,0.04199475065616798,13.0,1812.0,0.017929634641407306,0.06756451934488837,0.02159827213822894,1852.0,0.6265223274695535,0.7547169811320755,1091.0,0.2830188679245283,0.1320754716981132,0.22641509433962265,0.1509433962264151,40.0,0.006208120001205117,0.022500202558923113,0.0056958182718263445,0.03729811175843442,0.003561639052324664,0.026716633510674617,0.046355717237429636,0.027355821288830115,0.11975642760487144,0.5425811944702618,0.15463850863620293,53.0,0.038433111603843315,1.0,2601.0,0.017929634641407306,0.040847885834213754,0.01960045231813042,2653.0,0.8974966170500677,0.9811320754716981,302.0,0.16981132075471697,0.07547169811320754,0.09433962264150944,0.07547169811320754,52.0,blocked,True,future_slope_change,0.075,0.9820703653585927,0.5,0.14869913749994174,53.0,,53.0,0.0,0.017929634641407306,0.02120880210745874,,0.0,0.0,0.0,2903.0,0.1320754716981132,0.018867924528301886,0.11320754716981132,0.05660377358490566,0.0,0.9407983761840325,0.5623427943766696,0.16833082405929742,53.0,0.0932642487046632,44.0,131.0,0.017929634641407306,0.040208698056058256,0.06428571428571428,140.0,0.04736129905277402,0.16981132075471697,2772.0,0.24528301886792453,0.07547169811320754,0.16981132075471697,0.07547169811320754,9.0
0.02401894451962111,0.4937031059769529,0.11259743898707264,61.0,0.03993344425956739,1.0,2884.0,0.020635994587280108,0.03571362753025399,0.020380434782608696,2944.0,0.9959404600811907,0.9836065573770492,11.0,0.16393442622950818,0.04918032786885246,0.11475409836065574,0.06557377049180328,60.0,61,cortical_pca64_delta,1,2956,0,0.09776725304465494,0.4591381409439679,0.17839894335433165,61.0,0.03683640303358613,10.0,2657.0,0.020635994587280108,0.03228354789229534,0.01883308714918759,2708.0,0.9161028416779432,0.8360655737704918,238.0,0.18032786885245902,0.03278688524590164,0.13114754098360656,0.04918032786885246,51.0,0.5974289580514208,0.5537529375123871,0.23468290423502877,61.0,0.049520766773162944,30.0,1160.0,0.020635994587280108,0.10936256225471506,0.026028547439126783,1191.0,0.40290933694181325,0.5081967213114754,1735.0,0.32786885245901637,0.09836065573770492,0.2459016393442623,0.13114754098360656,31.0,0.009587322513595557,0.07364893472446107,0.012684363739576814,0.07707901436241973,0.009032110577700467,0.05612614079950676,0.06913467930371187,0.07203834304871236,0.07002706359945873,0.5011438602451938,0.16507566890688946,61.0,0.04048865619546248,3.0,2746.0,0.020635994587280108,0.05323642145520831,0.020684736091298145,2804.0,0.9485791610284168,0.9508196721311475,149.0,0.16393442622950818,0.06557377049180328,0.09836065573770492,0.08196721311475409,58.0,blocked,True,future_acceleration_event,0.075,0.9793640054127198,0.5,0.18254928278024762,61.0,,61.0,0.0,0.020635994587280108,0.04022788295100319,,0.0,0.0,0.0,2895.0,0.11475409836065574,0.01639344262295082,0.04918032786885246,0.03278688524590164,0.0,0.8991880920162382,0.5473314646507546,0.20188044901739033,61.0,0.06875,50.0,248.0,0.020635994587280108,0.03732421920600271,0.04247104247104247,259.0,0.08761840324763194,0.18032786885245902,2647.0,0.21311475409836064,0.04918032786885246,0.11475409836065574,0.06557377049180328,11.0
0.6698240866035182,0.5088449606662059,0.3078980390423941,988.0,0.04500978473581214,965.0,11.0,0.3342354533152909,0.3731255805745175,0.6764705882352942,34.0,0.011502029769959404,0.02327935222672065,1957.0,0.12246963562753037,0.022267206477732792,0.07186234817813765,0.3481781376518219,23.0,988,cortical_pca64_delta,1,2956,0,0.668809201623816,0.5118628830519074,0.31703712716728105,988.0,0.07203791469194314,950.0,29.0,0.3342354533152909,0.37579318674193596,0.5671641791044776,67.0,0.02266576454668471,0.038461538461538464,1939.0,0.12854251012145748,0.019230769230769232,0.06882591093117409,0.3481781376518219,38.0,0.6725304465493911,0.5343142095388564,0.31334738364400105,988.0,0.19333333333333333,872.0,96.0,0.3342354533152909,0.432081573917505,0.5471698113207547,212.0,0.07171853856562922,0.11740890688259109,1872.0,0.15182186234817813,0.02125506072874494,0.08906882591093117,0.41700404858299595,116.0,0.1483235485975212,0.05895599334298751,0.12129541864139019,0.056288387175569055,0.12547282437951618,0.06425325610250265,0.07001423283329383,0.0027064152171694666,0.665426251691475,0.5088182169777163,0.33131648788504464,988.0,0.06786050895381715,952.0,37.0,0.3342354533152909,0.36782831781500236,0.4931506849315068,73.0,0.02469553450608931,0.03643724696356275,1931.0,0.11336032388663968,0.018218623481781375,0.06477732793522267,0.3674089068825911,36.0,blocked,True,future_local_rank_event,0.075,0.33457374830852504,0.4984900102037457,0.30600527832897984,988.0,0.49936370577755157,7.0,1960.0,0.3342354533152909,0.3620673410842112,0.33356001360081605,2941.0,0.9949255751014885,0.992914979757085,8.0,0.12449392712550607,0.011133603238866396,0.053643724696356275,0.3633603238866397,981.0,0.4242219215155616,0.5421285095948125,0.28673756328305605,988.0,0.5103567318757193,101.0,1601.0,0.3342354533152909,0.42937515870033555,0.3565112540192926,2488.0,0.8416779431664412,0.8977732793522267,367.0,0.14777327935222673,0.011133603238866396,0.07186234817813765,0.451417004048583,887.0
0.02097428958051421,0.5046217048955837,0.09056223517711125,35.0,0.023616734143049933,0.0,2894.0,0.011840324763193504,0.01366312123330099,0.011949470809149881,2929.0,0.9908660351826793,1.0,27.0,0.14285714285714285,0.0,0.05714285714285714,0.0,35.0,35,cortical_pca64_delta,1,2956,0,0.11806495263870095,0.5396341761627622,0.13566704704126378,35.0,0.02542056074766355,1.0,2606.0,0.011840324763193504,0.013469298781828263,0.012878787878787878,2640.0,0.8930987821380244,0.9714285714285714,315.0,0.11428571428571428,0.0,0.02857142857142857,0.0,34.0,0.38802435723951284,0.5633149117229912,0.17145303849659638,35.0,0.027941966684578184,9.0,1800.0,0.011840324763193504,0.048387299961020265,0.014238773274917854,1826.0,0.6177266576454669,0.7428571428571429,1121.0,0.2,0.02857142857142857,0.14285714285714285,0.02857142857142857,26.0,0.004325232541528251,0.034724178727719275,0.0025214059369146335,0.034918001179192,0.0023704827636173154,0.03483044072233098,0.0352793430620889,0.03158105106113682,0.14918809201623817,0.541267667628503,0.13604432419482856,35.0,0.02557148392096087,2.0,2513.0,0.011840324763193504,0.013556859238689285,0.012961508248232521,2546.0,0.861299052774019,0.9428571428571428,408.0,0.14285714285714285,0.0,0.05714285714285714,0.0,33.0,blocked,True,future_change_movement,0.1,0.9881596752368065,0.5,0.10737694800642889,35.0,,35.0,0.0,0.011840324763193504,0.013107956898931362,,0.0,0.0,0.0,2921.0,0.08571428571428572,0.02857142857142857,0.08571428571428572,0.02857142857142857,0.0,0.9638024357239513,0.5159045336724214,0.11335745520798887,35.0,0.036036036036036036,33.0,74.0,0.011840324763193504,0.01680624889988345,0.02631578947368421,76.0,0.02571041948579161,0.05714285714285714,2847.0,0.11428571428571428,0.05714285714285714,0.08571428571428572,0.05714285714285714,2.0
0.2215832205683356,0.5705082002453119,0.07765349636430949,27.0,0.021267545725223307,2.0,2299.0,0.009133964817320704,0.016577810150465336,0.010757314974182444,2324.0,0.7861975642760487,0.9259259259259259,630.0,0.18518518518518517,0.07407407407407407,0.1111111111111111,0.07407407407407407,25.0,27,cortical_pca64_delta,1,2956,0,0.34878213802435726,0.5979983055776842,0.10164478525534729,27.0,0.023338406900050734,4.0,1921.0,0.009133964817320704,0.03076605552136598,0.011831275720164609,1944.0,0.6576454668470907,0.8518518518518519,1008.0,0.14814814814814814,0.1111111111111111,0.1111111111111111,0.1111111111111111,23.0,0.6363328822733424,0.6330121517898917,0.12397683084439476,27.0,0.030658250676284946,10.0,1065.0,0.009133964817320704,0.03869067166859187,0.015711645101663587,1082.0,0.36603518267929636,0.6296296296296297,1864.0,0.2962962962962963,0.1111111111111111,0.2222222222222222,0.07407407407407407,17.0,0.009390704951061639,0.022112861518126536,0.007319843776234212,0.007924616147225894,0.006959126513482267,0.01877800728409975,0.03111264209315174,0.02733872176088882,0.3589309878213802,0.6031195073530342,0.10054960515703455,27.0,0.02369912416280268,4.0,1891.0,0.009133964817320704,0.019912664384492122,0.012016718913270637,1914.0,0.6474966170500677,0.8518518518518519,1038.0,0.1111111111111111,0.07407407407407407,0.07407407407407407,0.07407407407407407,23.0,blocked,True,future_spike,0.1,0.9908660351826793,0.5,0.04011873948620835,27.0,,27.0,0.0,0.009133964817320704,0.007578029575440135,,0.0,0.0,0.0,2929.0,0.037037037037037035,0.0,0.037037037037037035,0.0,0.0,0.9499323410013532,0.4976922979654287,0.07329535886211366,27.0,0.013333333333333334,26.0,122.0,0.009133964817320704,0.011351949907703052,0.008130081300813009,123.0,0.04161028416779432,0.037037037037037035,2807.0,0.14814814814814814,0.0,0.037037037037037035,0.0,1.0
0.02097428958051421,0.5046217048955837,0.09056223517711125,35.0,0.023616734143049933,0.0,2894.0,0.011840324763193504,0.01366312123330099,0.011949470809149881,2929.0,0.9908660351826793,1.0,27.0,0.14285714285714285,0.0,0.05714285714285714,0.0,35.0,35,cortical_pca64_delta,1,2956,0,0.11840324763193505,0.5398053504181543,0.1362838799980357,35.0,0.025430067314884064,1.0,2605.0,0.011840324763193504,0.01716500158336543,0.012883668056081848,2639.0,0.8927604871447903,0.9714285714285714,316.0,0.14285714285714285,0.02857142857142857,0.02857142857142857,0.02857142857142857,34.0,0.38802435723951284,0.5633149117229912,0.17145303849659638,35.0,0.027941966684578184,9.0,1800.0,0.011840324763193504,0.048387299961020265,0.014238773274917854,1826.0,0.6177266576454669,0.7428571428571429,1121.0,0.2,0.02857142857142857,0.14285714285714285,0.02857142857142857,26.0,0.004325232541528251,0.034724178727719275,0.0025118993696941205,0.031222298377654834,0.004157426635610018,0.034132171314238895,0.0352793430620889,0.03158105106113682,0.055818673883626525,0.5081381131706363,0.10714622151023269,35.0,0.023784540048968166,1.0,2790.0,0.011840324763193504,0.014255128646781372,0.012039660056657223,2824.0,0.9553450608930988,0.9714285714285714,131.0,0.2,0.0,0.05714285714285714,0.0,34.0,blocked,True,future_slope_change,0.1,0.9881596752368065,0.5,0.10737694800642889,35.0,,35.0,0.0,0.011840324763193504,0.013107956898931362,,0.0,0.0,0.0,2921.0,0.08571428571428572,0.02857142857142857,0.08571428571428572,0.02857142857142857,0.0,0.9638024357239513,0.5159045336724214,0.11335745520798887,35.0,0.036036036036036036,33.0,74.0,0.011840324763193504,0.01680624889988345,0.02631578947368421,76.0,0.02571041948579161,0.05714285714285714,2847.0,0.11428571428571428,0.05714285714285714,0.08571428571428572,0.05714285714285714,2.0
0.010148849797023005,0.500512120177535,0.09710642801574064,27.0,0.018120805369127517,0.0,2926.0,0.009133964817320704,0.012314117711979756,0.009143244158482899,2953.0,0.9989851150202977,1.0,3.0,0.18518518518518517,0.037037037037037035,0.037037037037037035,0.037037037037037035,27.0,27,cortical_pca64_delta,1,2956,0,0.11941813261163735,0.4822591454547754,0.17059760749738345,27.0,0.01736504341260853,4.0,2599.0,0.009133964817320704,0.011529376814245273,0.008771929824561403,2622.0,0.8870094722598105,0.8518518518518519,330.0,0.1111111111111111,0.0,0.037037037037037035,0.0,23.0,0.604533152909337,0.5802700959751148,0.22144522897903335,27.0,0.0250208507089241,12.0,1157.0,0.009133964817320704,0.026456174085686943,0.012798634812286689,1172.0,0.39648173207036536,0.5555555555555556,1772.0,0.37037037037037035,0.07407407407407407,0.2222222222222222,0.07407407407407407,15.0,0.006900045339796584,0.014142056373707187,0.00765580729631557,0.01492679727144167,0.006408985644945811,0.014490813393106814,0.01555616397773547,0.008701010728172295,0.14377537212449257,0.5128978415082888,0.1791927249095716,27.0,0.01861186506397829,3.0,2528.0,0.009133964817320704,0.011965360692580128,0.009404388714733543,2552.0,0.8633288227334236,0.8888888888888888,401.0,0.18518518518518517,0.0,0.07407407407407407,0.0,24.0,blocked,True,future_acceleration_event,0.1,0.9908660351826793,0.5,0.13838049384664347,27.0,,27.0,0.0,0.009133964817320704,0.010900010107951472,,0.0,0.0,0.0,2929.0,0.1111111111111111,0.037037037037037035,0.037037037037037035,0.0,0.0,0.9543301759133965,0.5366071089867608,0.16499014875120036,27.0,0.0425531914893617,24.0,111.0,0.009133964817320704,0.017755163357514647,0.02631578947368421,114.0,0.03856562922868741,0.1111111111111111,2818.0,0.18518518518518517,0.07407407407407407,0.1111111111111111,0.07407407407407407,3.0
0.5635994587280109,0.5255121543787056,0.3877930755715654,1333.0,0.2210144927536232,1150.0,140.0,0.45094722598105547,0.5082030499441754,0.56656346749226,323.0,0.10926928281461434,0.13728432108027006,1483.0,0.12603150787696923,0.020255063765941484,0.06676669167291822,0.4846211552888222,183.0,1333,cortical_pca64_delta,1,2956,0,0.5483761840324763,0.5225065508521307,0.33206640595378484,1333.0,0.3407407407407407,988.0,347.0,0.45094722598105547,0.5006748279346993,0.4985549132947977,692.0,0.23410013531799728,0.25881470367591897,1276.0,0.11927981995498875,0.01800450112528132,0.06451612903225806,0.47861965491372843,345.0,0.5652909336941814,0.5538614320863026,0.3752507232845287,1333.0,0.47572419420644635,750.0,535.0,0.45094722598105547,0.5290428095352567,0.5214669051878354,1118.0,0.37821380243572394,0.4373593398349587,1088.0,0.1312828207051763,0.0172543135783946,0.07351837959489872,0.5078769692423106,583.0,0.2547097014528231,0.02083975959108131,0.13498345346570567,0.028367981600557424,0.2353507986405187,0.027510086758991137,0.044596491829572704,-0.008637795400282755,0.5595399188092016,0.5233568096275455,0.3866481440675303,1333.0,0.24037339556592766,1127.0,175.0,0.45094722598105547,0.5015327227762656,0.5406824146981627,381.0,0.12889039242219216,0.15453863465866466,1448.0,0.12378094523630907,0.01800450112528132,0.058514628657164294,0.4808702175543886,206.0,blocked,True,future_local_rank_event,0.1,0.45162381596752366,0.5006161429451633,0.42507268943660204,1333.0,0.6218801026358759,0.0,1621.0,0.45094722598105547,0.484446317705684,0.45125253893026407,2954.0,0.9993234100135318,1.0,2.0,0.12228057014253563,0.01350337584396099,0.05926481620405101,0.4778694673668417,1333.0,0.4790257104194858,0.5224198840837752,0.3598750974211897,1333.0,0.6254863813229573,47.0,1493.0,0.45094722598105547,0.5376806049355395,0.4627563871896366,2779.0,0.9401217861975643,0.9647411852963241,130.0,0.12978244561140284,0.012003000750187547,0.05401350337584396,0.5536384096024006,1286.0
0.7796610169491526,0.53042495492123,0.2343379011333469,638.0,0.13573407202216065,589.0,35.0,0.2252824858757062,0.3300287892250264,0.5833333333333334,84.0,0.029661016949152543,0.0768025078369906,2159.0,0.19122257053291536,0.02821316614420063,0.10344827586206896,0.3056426332288401,49.0,638,cortical_pca64_delta,1.5,2832,0,0.7687146892655368,0.527806671372195,0.2641485419586412,638.0,0.14824447334200258,581.0,74.0,0.2252824858757062,0.3153275310485709,0.4351145038167939,131.0,0.04625706214689265,0.08934169278996865,2120.0,0.15830721003134796,0.032915360501567396,0.09561128526645768,0.2993730407523511,57.0,0.7221045197740112,0.5738698873816593,0.2607194785686238,638.0,0.3302127659574468,444.0,343.0,0.2252824858757062,0.36417939628509954,0.3612662942271881,537.0,0.1896186440677966,0.30407523510971785,1851.0,0.19435736677115986,0.03134796238244514,0.12539184952978055,0.35266457680250785,194.0,0.19447869393528616,0.03415060706007317,0.18196829261544423,0.048851865236528624,0.19282835380421035,0.0639392290930626,0.11793816413596347,0.035631088327665816,0.7694209039548022,0.5254834358738423,0.2418455671319357,638.0,0.13738441215323646,586.0,67.0,0.2252824858757062,0.30024016719203694,0.4369747899159664,119.0,0.042019774011299436,0.08150470219435736,2127.0,0.15203761755485892,0.025078369905956112,0.08620689655172414,0.2962382445141066,52.0,blocked,True,future_change_movement,0.03,0.2694209039548023,0.48513400753837055,0.22564522768682516,638.0,0.3512072750078395,78.0,1991.0,0.2252824858757062,0.24624123214913607,0.2195217561740494,2551.0,0.900776836158192,0.877742946708464,203.0,0.12539184952978055,0.0109717868338558,0.054858934169279,0.24294670846394983,560.0,0.4184322033898305,0.5662986543522802,0.24207178068148202,638.0,0.39292296350903066,105.0,1542.0,0.2252824858757062,0.3285483079574337,0.2568674698795181,2075.0,0.7326977401129944,0.835423197492163,652.0,0.16614420062695925,0.02037617554858934,0.08934169278996865,0.3557993730407524,533.0
0.08322056833558863,0.5009208103130756,0.1186669126052812,241.0,0.15100250626566417,0.0,2710.0,0.08152909336941813,0.17998473748810762,0.08166723144696712,2951.0,0.9983085250338295,1.0,5.0,0.23651452282157676,0.06224066390041494,0.1991701244813278,0.21991701244813278,241.0,241,cortical_pca64_delta,1.5,2956,0,0.2310554803788904,0.5398080435264361,0.21633155437023027,241.0,0.1615639985245297,22.0,2251.0,0.08152909336941813,0.18074355977886913,0.08866396761133603,2470.0,0.8355886332882273,0.9087136929460581,464.0,0.24481327800829875,0.05394190871369295,0.1825726141078838,0.2074688796680498,219.0,0.3251014884979702,0.5702093028587149,0.22507598737495435,241.0,0.17254251347988386,33.0,1962.0,0.08152909336941813,0.19987365512271463,0.09585253456221199,2170.0,0.7341001353179973,0.8630705394190872,753.0,0.2697095435684647,0.06224066390041494,0.17842323651452283,0.24481327800829875,208.0,0.021540007214219697,0.019888917634607012,0.010978514955354152,0.019130095343845493,0.01769048319770905,0.029981959362803123,0.11568951110078116,0.09381596853825443,0.16914749661705006,0.5174495464722649,0.19623339999625472,241.0,0.1548520302821748,16.0,2440.0,0.08152909336941813,0.1698916957599115,0.08442776735459662,2665.0,0.9015561569688768,0.9336099585062241,275.0,0.23651452282157676,0.05394190871369295,0.17012448132780084,0.21161825726141079,225.0,blocked,True,future_spike,0.03,0.8359269282814614,0.515561312212008,0.09999421866458434,241.0,0.11657559198542805,209.0,276.0,0.08152909336941813,0.08418414402193347,0.1038961038961039,308.0,0.10419485791610285,0.13278008298755187,2439.0,0.13278008298755187,0.012448132780082987,0.06639004149377593,0.0954356846473029,32.0,0.6153585926928281,0.5618539999847169,0.14795437074894763,241.0,0.17429193899782136,121.0,1016.0,0.08152909336941813,0.1060576865844602,0.1056338028169014,1136.0,0.38430311231393777,0.4979253112033195,1699.0,0.16182572614107885,0.024896265560165973,0.08298755186721991,0.14107883817427386,120.0
0.4311440677966102,0.6007308673296258,0.1659986363043197,323.0,0.24754787482484822,58.0,1553.0,0.11405367231638418,0.26387652205625395,0.14576457645764576,1818.0,0.6419491525423728,0.8204334365325078,956.0,0.2631578947368421,0.06501547987616099,0.17027863777089783,0.2755417956656347,265.0,323,cortical_pca64_delta,1.5,2832,0,0.6454802259887006,0.5976145319573991,0.2597697711530248,323.0,0.2562962962962963,150.0,854.0,0.11405367231638418,0.25135025078992296,0.16845180136319376,1027.0,0.3626412429378531,0.5356037151702786,1655.0,0.2260061919504644,0.06811145510835913,0.1609907120743034,0.24148606811145512,173.0,0.5536723163841808,0.5862622114567125,0.23380439998841082,323.0,0.24311377245508986,120.0,1144.0,0.11405367231638418,0.2510679001508047,0.15070527097253156,1347.0,0.475635593220339,0.628482972136223,1365.0,0.2631578947368421,0.06191950464396285,0.17027863777089783,0.2724458204334365,203.0,-0.004434102369758358,-0.012808621905449236,-0.01318252384120644,-0.0002823506391182451,-0.005113177899520066,0.008973413800338226,0.09736788422850898,0.0651924315778229,0.6257062146892656,0.5891521173928655,0.20935679379485136,323.0,0.24822695035460993,148.0,912.0,0.11405367231638418,0.2420944863504665,0.1609935602575897,1087.0,0.3838276836158192,0.541795665634675,1597.0,0.25077399380804954,0.05263157894736842,0.17337461300309598,0.2693498452012384,175.0,blocked,False,future_slope_change,0.03,0.4650423728813559,0.5092681825305063,0.13152155367105833,323.0,0.19457735247208932,140.0,1375.0,0.11405367231638418,0.15370001592229574,0.11745827984595636,1558.0,0.5501412429378532,0.56656346749226,1134.0,0.14860681114551083,0.034055727554179564,0.08359133126934984,0.15789473684210525,183.0,0.5236581920903954,0.5693231919270194,0.2191912395671792,323.0,0.23133903133903133,120.0,1229.0,0.11405367231638418,0.18587546857298182,0.14175977653631286,1432.0,0.5056497175141242,0.628482972136223,1280.0,0.21671826625386997,0.034055727554179564,0.13312693498452013,0.23839009287925697,203.0
0.20727401129943504,0.5095110530818063,0.24470284227347716,494.0,0.29996881821016524,13.0,2232.0,0.17443502824858756,0.2585317217173134,0.1772945079248065,2713.0,0.9579802259887006,0.9736842105263158,106.0,0.1720647773279352,0.04048582995951417,0.11133603238866396,0.25101214574898784,481.0,494,cortical_pca64_delta,1.5,2832,0,0.21504237288135594,0.5046364760357827,0.24801965149763933,494.0,0.29674153748813664,25.0,2198.0,0.17443502824858756,0.25590896733023627,0.17585301837270342,2667.0,0.9417372881355932,0.9493927125506073,140.0,0.17611336032388664,0.03643724696356275,0.10323886639676114,0.2591093117408907,469.0,0.379590395480226,0.5643799157035841,0.2723712582874525,494.0,0.3229287090558767,75.0,1682.0,0.17443502824858756,0.3104689880112306,0.199428843407901,2101.0,0.7418785310734464,0.8481781376518218,656.0,0.20647773279352227,0.044534412955465584,0.13765182186234817,0.2935222672064777,419.0,0.022959890845711428,0.05193726629391715,0.02618717156774003,0.0545600206809943,0.01873867276422375,0.050414637184125644,0.1181222270795419,0.005807002594791499,0.2552966101694915,0.5226299858351544,0.27445799506386187,494.0,0.3041900362916529,33.0,2076.0,0.17443502824858756,0.26005435082710493,0.18171068190776507,2537.0,0.8958333333333334,0.9331983805668016,262.0,0.17408906882591094,0.032388663967611336,0.11133603238866396,0.25101214574898784,461.0,blocked,True,future_acceleration_event,0.03,0.4134887005649718,0.5202489757327451,0.17611101347303115,494.0,0.28925973470261024,156.0,1505.0,0.17443502824858756,0.19234676093168868,0.18339663591969615,1843.0,0.650776836158192,0.6842105263157895,833.0,0.1214574898785425,0.010121457489878543,0.06275303643724696,0.21862348178137653,338.0,0.5483757062146892,0.6163119105917719,0.2095382993293533,494.0,0.3576092415871422,138.0,1141.0,0.17443502824858756,0.3046619854164391,0.23780895123580495,1497.0,0.5286016949152542,0.7206477732793523,1197.0,0.20445344129554655,0.030364372469635626,0.10323886639676114,0.3623481781376518,356.0
0.617231638418079,0.6343923848313879,0.1582732083830853,359.0,0.3033419023136247,123.0,961.0,0.12676553672316385,0.2997459162252655,0.1971595655806182,1197.0,0.4226694915254237,0.6573816155988857,1512.0,0.27298050139275765,0.0584958217270195,0.1894150417827298,0.3203342618384401,236.0,359,cortical_pca64_delta,1.5,2832,0,0.4519774011299435,0.5731065423002972,0.2278353358852477,359.0,0.25384615384615383,95.0,1457.0,0.12676553672316385,0.25036471065425436,0.15339918651946544,1721.0,0.6076977401129944,0.7353760445682451,1016.0,0.23119777158774374,0.04456824512534819,0.15598885793871867,0.27019498607242337,264.0,0.5850988700564972,0.5981350676442065,0.24400735532007528,359.0,0.27334570191713053,138.0,1037.0,0.12676553672316385,0.26631752813550774,0.17567567567567569,1258.0,0.4442090395480226,0.6155988857938719,1436.0,0.25348189415041783,0.052924791086350974,0.1615598885793872,0.28133704735376047,221.0,-0.029996200396494144,-0.03342838808975773,0.019499548070976702,0.01595281748125338,-0.0045032097345980016,0.02585358561065615,0.10794076769289596,0.06215237724122444,0.6016949152542372,0.6028753997208853,0.21961080172881994,359.0,0.27784891165172854,142.0,986.0,0.12676553672316385,0.2404639425248516,0.18038237738985868,1203.0,0.4247881355932203,0.6044568245125348,1487.0,0.21727019498607242,0.05013927576601671,0.14206128133704735,0.25348189415041783,217.0,blocked,False,future_local_rank_event,0.03,0.356638418079096,0.49708664157863136,0.13616099005643842,359.0,0.212618841832325,113.0,1709.0,0.12676553672316385,0.15837676044261179,0.12583120204603582,1955.0,0.6903248587570622,0.6852367688022284,764.0,0.12813370473537605,0.03064066852367688,0.08635097493036212,0.15041782729805014,246.0,0.5112994350282486,0.565403291481144,0.2103411336519645,359.0,0.248642779587405,130.0,1254.0,0.12676553672316385,0.2041651508942833,0.15441672285906946,1483.0,0.5236581920903954,0.637883008356546,1219.0,0.22562674094707522,0.033426183844011144,0.12534818941504178,0.26740947075208915,229.0
0.1963276836158192,0.5429008491412113,0.17418427436447148,251.0,0.1753623188405797,9.0,2267.0,0.08862994350282485,0.17843067910745156,0.09645277002789956,2509.0,0.8859463276836158,0.9641434262948207,314.0,0.2151394422310757,0.06374501992031872,0.1553784860557769,0.20717131474103587,242.0,251,cortical_pca64_delta,1.5,2832,0,0.3093220338983051,0.5491447615195939,0.24604723912790447,251.0,0.1774600504625736,40.0,1916.0,0.08862994350282485,0.15659455670744116,0.09920075223319229,2127.0,0.7510593220338984,0.8406374501992032,665.0,0.19123505976095617,0.04780876494023904,0.12350597609561753,0.17131474103585656,211.0,0.4025423728813559,0.5553300166247062,0.24711655075590963,251.0,0.18023255813953487,65.0,1627.0,0.08862994350282485,0.19125024726577422,0.10259238830667403,1813.0,0.640183615819209,0.7410358565737052,954.0,0.21912350597609562,0.07569721115537849,0.17131474103585656,0.199203187250996,186.0,0.004870239298955165,0.012819568158322664,0.002772507676961272,0.03465569055833306,-0.0001628290103827812,0.010310539029513954,0.07888752966239732,0.042944110995580875,0.297316384180791,0.556944635252095,0.1978464107517366,251.0,0.18039538714991765,32.0,1958.0,0.08862994350282485,0.18093970823626027,0.10059715204409739,2177.0,0.7687146892655368,0.8725099601593626,623.0,0.21115537848605578,0.06772908366533864,0.14342629482071714,0.1952191235059761,219.0,blocked,True,future_change_movement,0.05,0.899364406779661,0.5077998737325012,0.1474254729761957,251.0,0.053156146179401995,243.0,42.0,0.08862994350282485,0.1123627176033769,0.16,50.0,0.01765536723163842,0.03187250996015936,2539.0,0.1593625498007968,0.02390438247011952,0.08366533864541832,0.13147410358565736,8.0,0.6062853107344632,0.5825878971521894,0.20764741549035295,251.0,0.19956927494615936,112.0,1003.0,0.08862994350282485,0.14830613627019334,0.12171628721541156,1142.0,0.4032485875706215,0.5537848605577689,1578.0,0.2151394422310757,0.03187250996015936,0.13545816733067728,0.20717131474103587,139.0
0.13125845737483086,0.5356444772266273,0.13502105533952596,85.0,0.06002928257686677,3.0,2565.0,0.02875507442489851,0.08353475945150152,0.030978466188137516,2647.0,0.895466847090663,0.9647058823529412,306.0,0.23529411764705882,0.10588235294117647,0.16470588235294117,0.15294117647058825,82.0,85,cortical_pca64_delta,1.5,2956,0,0.19282814614343707,0.5559243551129961,0.16345121976755736,85.0,0.06284367635506678,5.0,2381.0,0.02875507442489851,0.07438659560794345,0.03250711093051605,2461.0,0.8325439783491204,0.9411764705882353,490.0,0.2823529411764706,0.08235294117647059,0.17647058823529413,0.1411764705882353,80.0,0.36975642760487143,0.6013420206117974,0.18912356932556632,85.0,0.07174887892376682,13.0,1850.0,0.02875507442489851,0.12488197645485462,0.037460978147762745,1922.0,0.6502029769959404,0.8470588235294118,1021.0,0.32941176470588235,0.12941176470588237,0.24705882352941178,0.21176470588235294,72.0,0.011719596346900042,0.0413472170033531,0.008905202568700032,0.05049538084691117,0.01054000363685021,0.04930878354686638,0.09626786718295834,0.08532499066182553,0.16982408660351828,0.5440817915462945,0.15755412808631977,85.0,0.061208875286916604,5.0,2449.0,0.02875507442489851,0.07557319290798824,0.03163305654408857,2529.0,0.8555480378890392,0.9411764705882353,422.0,0.23529411764705882,0.07058823529411765,0.18823529411764706,0.15294117647058825,80.0,blocked,True,future_spike,0.05,0.9712449255751014,0.5,0.08447841284456849,85.0,,85.0,0.0,0.02875507442489851,0.02861410927189628,,0.0,0.0,0.0,2871.0,0.11764705882352941,0.0,0.058823529411764705,0.023529411764705882,0.0,0.8027740189445196,0.5616837748683591,0.11013298675436048,85.0,0.08188976377952756,59.0,524.0,0.02875507442489851,0.0395569857930291,0.04727272727272727,550.0,0.18606224627875506,0.3058823529411765,2347.0,0.15294117647058825,0.011764705882352941,0.1411764705882353,0.10588235294117647,26.0
0.2923728813559322,0.5583881578947368,0.16634127240254798,96.0,0.07479224376731303,15.0,1989.0,0.03389830508474576,0.06244023050068304,0.0391304347826087,2070.0,0.7309322033898306,0.84375,747.0,0.17708333333333334,0.07291666666666667,0.125,0.08333333333333333,81.0,96,cortical_pca64_delta,1.5,2832,0,0.2955508474576271,0.5801352339181286,0.1717322178556984,96.0,0.07852193995381063,11.0,1984.0,0.03389830508474576,0.0631712724910511,0.041082648622522956,2069.0,0.7305790960451978,0.8854166666666666,752.0,0.1875,0.052083333333333336,0.10416666666666667,0.07291666666666667,85.0,0.5981638418079096,0.6211622807017544,0.2007190359775872,96.0,0.098256735340729,34.0,1104.0,0.03389830508474576,0.09723032960008168,0.05317324185248713,1166.0,0.4117231638418079,0.6458333333333334,1632.0,0.2708333333333333,0.08333333333333333,0.19791666666666666,0.15625,62.0,0.02346449157341597,0.03479009909939864,0.019734795386918372,0.03405905710903058,0.023104081512640692,0.03803395067358803,0.054092342140700356,0.03149007163340434,0.3047316384180791,0.5597587719298246,0.17170362339562098,96.0,0.0751526538280883,16.0,1953.0,0.03389830508474576,0.059196378926493654,0.039350713231677326,2033.0,0.717867231638418,0.8333333333333334,783.0,0.16666666666666666,0.052083333333333336,0.13541666666666666,0.10416666666666667,80.0,blocked,True,future_slope_change,0.05,0.9661016949152542,0.5,0.13852097066172384,96.0,,96.0,0.0,0.03389830508474576,0.04313798745938133,,0.0,0.0,0.0,2736.0,0.09375,0.020833333333333332,0.052083333333333336,0.041666666666666664,0.0,0.873587570621469,0.5777595029239766,0.18546501001839968,96.0,0.12254901960784315,71.0,287.0,0.03389830508474576,0.06574025796667735,0.08012820512820513,312.0,0.11016949152542373,0.2604166666666667,2449.0,0.21875,0.052083333333333336,0.15625,0.09375,25.0
0.09463276836158192,0.4879886540994421,0.23122975577071586,163.0,0.10599721059972106,11.0,2553.0,0.05755649717514124,0.0925333614068894,0.05619223659889094,2705.0,0.9551553672316384,0.9325153374233128,116.0,0.1901840490797546,0.049079754601226995,0.1165644171779141,0.12269938650306748,152.0,163,cortical_pca64_delta,1.5,2832,0,0.10451977401129943,0.49323406436545936,0.21969808972559468,163.0,0.10704225352112676,11.0,2525.0,0.05755649717514124,0.09245946470003585,0.05677997758685095,2677.0,0.945268361581921,0.9325153374233128,144.0,0.20245398773006135,0.04294478527607362,0.1165644171779141,0.12269938650306748,152.0,0.2814265536723164,0.5093254292064995,0.2353118437740076,163.0,0.10940919037199125,38.0,1997.0,0.05755649717514124,0.1653805828471351,0.0589066918001885,2122.0,0.7492937853107344,0.7668711656441718,672.0,0.25766871165644173,0.07975460122699386,0.17177914110429449,0.1901840490797546,125.0,0.0034119797722701878,0.0728472214402457,0.00236693685086449,0.07292111814709926,0.0030337060465245314,0.0708883899031815,0.10097152427470818,0.0578644948844219,0.10416666666666667,0.4901665797028827,0.22868225468748557,163.0,0.10637548432546672,12.0,2525.0,0.05755649717514124,0.09449219294395361,0.05642750373692078,2676.0,0.9449152542372882,0.9263803680981595,144.0,0.18404907975460122,0.03680981595092025,0.11042944785276074,0.12883435582822086,151.0,blocked,True,future_acceleration_event,0.05,0.9424435028248588,0.5,0.2554955357429517,163.0,,163.0,0.0,0.05755649717514124,0.06440905857242693,,0.0,0.0,0.0,2669.0,0.1411042944785276,0.006134969325153374,0.04294478527607362,0.06748466257668712,0.0,0.8626412429378532,0.5901488804657887,0.2572368148138178,163.0,0.19126819126819125,117.0,272.0,0.05755649717514124,0.10751608796271321,0.14465408805031446,318.0,0.11228813559322035,0.2822085889570552,2397.0,0.25153374233128833,0.04294478527607362,0.13496932515337423,0.15950920245398773,46.0
0.782132768361582,0.5318476709484884,0.22685315299829048,630.0,0.14186369958275383,579.0,38.0,0.22245762711864406,0.32984873275696136,0.5730337078651685,89.0,0.031426553672316386,0.08095238095238096,2164.0,0.19206349206349208,0.03015873015873016,0.10317460317460317,0.3047619047619048,51.0,630,cortical_pca64_delta,1.5,2832,0,0.7754237288135594,0.5365987630292808,0.2992246121858432,630.0,0.17402597402597403,563.0,73.0,0.22245762711864406,0.3322675045118545,0.4785714285714286,140.0,0.04943502824858757,0.10634920634920635,2129.0,0.1746031746031746,0.03333333333333333,0.10634920634920635,0.33015873015873015,67.0,0.7570621468926554,0.5655853985554258,0.32450857128472976,630.0,0.28778467908902694,491.0,197.0,0.22245762711864406,0.36226448859610083,0.41369047619047616,336.0,0.11864406779661017,0.22063492063492063,2005.0,0.2,0.031746031746031744,0.12698412698412698,0.346031746031746,139.0,0.1459209795062731,0.03241575583913947,0.11375870506305291,0.029996984084246336,0.17730309268676064,0.05786902594378324,0.11651898269070485,0.03509824104570852,0.7782485875706214,0.5225509277280395,0.26190209561715966,630.0,0.11048158640226631,591.0,37.0,0.22245762711864406,0.3043954626523176,0.5131578947368421,76.0,0.026836158192090395,0.06190476190476191,2165.0,0.1634920634920635,0.031746031746031744,0.10476190476190476,0.2920634920634921,39.0,blocked,True,future_local_rank_event,0.05,0.3072033898305085,0.49783746377751825,0.22509203258630184,630.0,0.35076108537392453,100.0,1862.0,0.22245762711864406,0.24574550590539598,0.22157190635451504,2392.0,0.844632768361582,0.8412698412698413,340.0,0.12698412698412698,0.009523809523809525,0.06666666666666667,0.24444444444444444,530.0,0.4053672316384181,0.5615284806020501,0.23568099726681146,630.0,0.38674435542607427,99.0,1585.0,0.22245762711864406,0.3271662475503923,0.250945179584121,2116.0,0.7471751412429378,0.8428571428571429,617.0,0.16984126984126985,0.020634920634920634,0.09047619047619047,0.35555555555555557,531.0
0.2923728813559322,0.5583881578947368,0.16634127240254798,96.0,0.07479224376731303,15.0,1989.0,0.03389830508474576,0.06244023050068304,0.0391304347826087,2070.0,0.7309322033898306,0.84375,747.0,0.17708333333333334,0.07291666666666667,0.125,0.08333333333333333,81.0,96,cortical_pca64_delta,1.5,2832,0,0.3135593220338983,0.5542763157894737,0.18621269161153606,96.0,0.07428571428571429,18.0,1926.0,0.03389830508474576,0.07189471746446183,0.038922155688622756,2004.0,0.7076271186440678,0.8125,810.0,0.20833333333333334,0.08333333333333333,0.15625,0.09375,78.0,0.5981638418079096,0.6211622807017544,0.2007190359775872,96.0,0.098256735340729,34.0,1104.0,0.03389830508474576,0.09723032960008168,0.05317324185248713,1166.0,0.4117231638418079,0.6458333333333334,1632.0,0.2708333333333333,0.08333333333333333,0.19791666666666666,0.15625,62.0,0.02346449157341597,0.03479009909939864,0.02397102105501471,0.025335612135619856,0.01139959248358613,0.03163459597149956,0.054092342140700356,0.03149007163340434,0.4357344632768362,0.6074561403508771,0.18123676624299911,96.0,0.08685714285714287,20.0,1578.0,0.03389830508474576,0.06559573362858212,0.045949214026602174,1654.0,0.5840395480225988,0.7916666666666666,1158.0,0.1875,0.0625,0.125,0.09375,76.0,blocked,True,future_change_movement,0.075,0.9661016949152542,0.5,0.13852097066172384,96.0,,96.0,0.0,0.03389830508474576,0.04313798745938133,,0.0,0.0,0.0,2736.0,0.09375,0.020833333333333332,0.052083333333333336,0.041666666666666664,0.0,0.873587570621469,0.5777595029239766,0.18546501001839968,96.0,0.12254901960784315,71.0,287.0,0.03389830508474576,0.06574025796667735,0.08012820512820513,312.0,0.11016949152542373,0.2604166666666667,2449.0,0.21875,0.052083333333333336,0.15625,0.09375,25.0
0.37652232746955344,0.620847727292705,0.15939703208800374,39.0,0.035583464154892726,5.0,1838.0,0.013193504736129905,0.050399422729835025,0.018162393162393164,1872.0,0.6332882273342354,0.8717948717948718,1079.0,0.2564102564102564,0.1794871794871795,0.1794871794871795,0.1794871794871795,34.0,39,cortical_pca64_delta,1.5,2956,0,0.2351150202976996,0.5997951882422229,0.12835763255102478,39.0,0.03252032520325203,1.0,2260.0,0.013193504736129905,0.04068336014966065,0.016536118363794605,2298.0,0.7774018944519621,0.9743589743589743,657.0,0.23076923076923078,0.10256410256410256,0.20512820512820512,0.1282051282051282,38.0,0.7520297699594046,0.6972697625765847,0.2017005961823384,39.0,0.06385696040868455,14.0,719.0,0.013193504736129905,0.09217123152387897,0.033602150537634407,744.0,0.2516914749661705,0.6410256410256411,2198.0,0.41025641025641024,0.1794871794871795,0.358974358974359,0.1794871794871795,25.0,0.028273496253791823,0.04177180879404395,0.03133663520543252,0.05148787137421833,0.023316419868144006,0.04680100288650278,0.08116556059804757,0.06597646111695189,0.47158322056833557,0.656364547348435,0.17586007327418754,39.0,0.04054054054054054,6.0,1556.0,0.013193504736129905,0.04537022863737619,0.02076777847702958,1589.0,0.5375507442489851,0.8461538461538461,1361.0,0.2564102564102564,0.07692307692307693,0.2564102564102564,0.1282051282051282,33.0,blocked,True,future_spike,0.075,0.9868064952638701,0.5,0.06628670565198853,39.0,,39.0,0.0,0.013193504736129905,0.011005670925831403,,0.0,0.0,0.0,2917.0,0.05128205128205128,0.0,0.05128205128205128,0.0,0.0,0.912043301759134,0.5886096534022485,0.08965753460123749,39.0,0.07142857142857142,29.0,231.0,0.013193504736129905,0.026194770406927078,0.04149377593360996,241.0,0.08152909336941813,0.2564102564102564,2686.0,0.3076923076923077,0.0,0.1794871794871795,0.0,10.0
0.05014124293785311,0.517921146953405,0.09013264443929916,42.0,0.030281182408074984,0.0,2690.0,0.014830508474576272,0.025864769865845873,0.015373352855051245,2732.0,0.9646892655367232,1.0,100.0,0.16666666666666666,0.023809523809523808,0.07142857142857142,0.023809523809523808,42.0,42,cortical_pca64_delta,1.5,2832,0,0.1762005649717514,0.5584485407066052,0.1497548968006466,42.0,0.03315375051802735,2.0,2331.0,0.014830508474576272,0.0207027159045498,0.01687051876845213,2371.0,0.8372175141242938,0.9523809523809523,459.0,0.14285714285714285,0.023809523809523808,0.07142857142857142,0.023809523809523808,40.0,0.4947033898305085,0.6262928827444956,0.16932017681777828,42.0,0.04280936454849498,10.0,1421.0,0.014830508474576272,0.05227555550267736,0.02202339986235375,1453.0,0.5130649717514124,0.7619047619047619,1369.0,0.23809523809523808,0.11904761904761904,0.21428571428571427,0.14285714285714285,32.0,0.012528182140419997,0.026410785636831486,0.009655614030467628,0.03157283959812756,0.00661806769369102,0.024441232736159314,0.036171196385236096,0.023191060360530293,0.2100988700564972,0.5991039426523297,0.1508259094639921,42.0,0.03619129685480396,0.0,2237.0,0.014830508474576272,0.027834322766518045,0.018429135585783237,2279.0,0.804731638418079,1.0,553.0,0.16666666666666666,0.047619047619047616,0.07142857142857142,0.047619047619047616,42.0,blocked,True,future_slope_change,0.075,0.9851694915254238,0.5,0.09935548070476465,42.0,,42.0,0.0,0.014830508474576272,0.016104359117441264,,0.0,0.0,0.0,2790.0,0.11904761904761904,0.023809523809523808,0.07142857142857142,0.047619047619047616,0.0,0.9265536723163842,0.517153097798259,0.11513321952198459,42.0,0.037037037037037035,38.0,170.0,0.014830508474576272,0.029084495142147067,0.022988505747126436,174.0,0.0614406779661017,0.09523809523809523,2620.0,0.2857142857142857,0.047619047619047616,0.09523809523809523,0.047619047619047616,4.0
0.020127118644067795,0.49143165911897896,0.14857925315191325,56.0,0.03812824956672444,1.0,2774.0,0.01977401129943503,0.03144064483919563,0.019441498762813716,2829.0,0.9989406779661016,0.9821428571428571,2.0,0.14285714285714285,0.03571428571428571,0.08928571428571429,0.03571428571428571,55.0,56,cortical_pca64_delta,1.5,2832,0,0.09533898305084745,0.48605393165911903,0.2091394587164531,56.0,0.037565740045078885,6.0,2556.0,0.01977401129943503,0.0328052517652444,0.01918649270913277,2606.0,0.9201977401129944,0.8928571428571429,220.0,0.17857142857142858,0.03571428571428571,0.05357142857142857,0.03571428571428571,50.0,0.4336158192090395,0.57986825854261,0.2600941798289274,56.0,0.04863582443653618,15.0,1589.0,0.01977401129943503,0.1231405241307597,0.025153374233128835,1630.0,0.5755649717514124,0.7321428571428571,1187.0,0.2857142857142857,0.10714285714285714,0.19642857142857142,0.10714285714285714,41.0,0.010507574869811742,0.09169987929156406,0.011070084391457298,0.09033527236551529,0.010321648191325451,0.0928760775329934,0.100203757036019,0.06740726082462764,0.1137005649717514,0.49541992589543027,0.23400814837333309,56.0,0.03831417624521073,6.0,2504.0,0.01977401129943503,0.0302644465977663,0.01957713390759593,2554.0,0.9018361581920904,0.8928571428571429,272.0,0.14285714285714285,0.017857142857142856,0.05357142857142857,0.03571428571428571,50.0,blocked,True,future_acceleration_event,0.075,0.980225988700565,0.5,0.17533822968136137,56.0,,56.0,0.0,0.01977401129943503,0.022936767094740705,,0.0,0.0,0.0,2776.0,0.10714285714285714,0.017857142857142856,0.05357142857142857,0.05357142857142857,0.0,0.9378531073446328,0.5658707286949362,0.18723231499398701,56.0,0.10204081632653061,46.0,130.0,0.01977401129943503,0.055733263306132055,0.07142857142857142,140.0,0.04943502824858757,0.17857142857142858,2646.0,0.375,0.07142857142857142,0.17857142857142858,0.07142857142857142,10.0
0.6560734463276836,0.5079991103862406,0.2945914834655475,987.0,0.037549407114624504,968.0,6.0,0.3485169491525424,0.39211350087790187,0.76,25.0,0.00882768361581921,0.019250253292806486,1839.0,0.12360688956433637,0.022289766970618033,0.07396149949341439,0.36879432624113473,19.0,987,cortical_pca64_delta,1.5,2832,0,0.6550141242937854,0.5083640167708667,0.3335369806669885,987.0,0.04682926829268293,963.0,14.0,0.3485169491525424,0.38701568548070653,0.631578947368421,38.0,0.013418079096045197,0.0243161094224924,1831.0,0.12664640324214793,0.019250253292806486,0.06484295845997974,0.3728470111448835,24.0,0.6546610169491526,0.5276463950049834,0.3287294308508582,987.0,0.1795302013422819,880.0,98.0,0.3485169491525424,0.4359143682454366,0.5219512195121951,205.0,0.07238700564971752,0.10840932117527863,1747.0,0.14184397163120568,0.020263424518743668,0.0800405268490375,0.4336372847011145,107.0,0.1419807942276574,0.043800867367534746,0.13270093304959896,0.048898682764730084,0.10864897528864205,0.040918462903409836,0.06664314792543291,-0.010742955701689927,0.6574858757062146,0.5133236134792959,0.3133617965487432,987.0,0.07088122605363985,950.0,20.0,0.3485169491525424,0.3949959053420268,0.6491228070175439,57.0,0.020127118644067795,0.037487335359675786,1825.0,0.13171225937183384,0.019250253292806486,0.07801418439716312,0.3718338399189463,37.0,blocked,True,future_local_rank_event,0.075,0.3502824858757062,0.4971145212971887,0.2901363531611328,987.0,0.512969825304394,18.0,1822.0,0.3485169491525424,0.3692712203200037,0.3471873880329631,2791.0,0.9855225988700564,0.9817629179331308,23.0,0.10840932117527863,0.011144883485309016,0.05268490374873354,0.37487335359675783,969.0,0.4495056497175141,0.5593668915412559,0.29805069556594965,987.0,0.538620893755549,77.0,1482.0,0.3485169491525424,0.44665732394712654,0.3804347826086957,2392.0,0.844632768361582,0.9219858156028369,363.0,0.14994934143870314,0.011144883485309016,0.06180344478216818,0.47619047619047616,910.0
0.11334745762711865,0.5388856937455069,0.10900602556882175,50.0,0.03756228440015332,1.0,2510.0,0.01765536723163842,0.030805360636353123,0.019148104728409537,2559.0,0.9036016949152542,0.98,272.0,0.16,0.06,0.08,0.06,49.0,50,cortical_pca64_delta,1.5,2832,0,0.22387005649717515,0.5558590941768512,0.15030069873409038,50.0,0.039335664335664336,5.0,2193.0,0.01765536723163842,0.024487329339978277,0.020107238605898123,2238.0,0.7902542372881356,0.9,589.0,0.16,0.02,0.08,0.02,45.0,0.6991525423728814,0.6111861969805895,0.23593657785858183,50.0,0.0575221238938053,24.0,828.0,0.01765536723163842,0.05805426208726305,0.03044496487119438,854.0,0.3015536723163842,0.52,1954.0,0.22,0.12,0.18,0.18,26.0,0.01995983949365198,0.02724890145090993,0.018186459558140966,0.033566932747284776,0.016631619577585403,0.03156772536230038,0.04031742682682024,0.01838105565750435,0.254590395480226,0.5714953271028037,0.16053886717560534,50.0,0.0408905043162199,5.0,2106.0,0.01765536723163842,0.02648653672496267,0.02092050209205021,2151.0,0.7595338983050848,0.9,676.0,0.16,0.04,0.08,0.04,45.0,blocked,True,future_change_movement,0.1,0.9823446327683616,0.5,0.11996446043587795,50.0,,50.0,0.0,0.01765536723163842,0.017736835260442813,,0.0,0.0,0.0,2782.0,0.08,0.02,0.06,0.06,0.0,0.9251412429378532,0.5396261682242991,0.1425670883966719,50.0,0.061946902654867256,43.0,169.0,0.01765536723163842,0.0396732064297587,0.03977272727272727,176.0,0.062146892655367235,0.14,2613.0,0.22,0.06,0.12,0.06,7.0
0.2215832205683356,0.5705082002453119,0.07765349636430949,27.0,0.021267545725223307,2.0,2299.0,0.009133964817320704,0.016577810150465336,0.010757314974182444,2324.0,0.7861975642760487,0.9259259259259259,630.0,0.18518518518518517,0.07407407407407407,0.1111111111111111,0.07407407407407407,25.0,27,cortical_pca64_delta,1.5,2956,0,0.34133964817320706,0.5942427576090943,0.10130982738067536,27.0,0.02308078273958856,4.0,1943.0,0.009133964817320704,0.014587927671432086,0.011698880976602238,1966.0,0.6650879566982408,0.8518518518518519,986.0,0.18518518518518517,0.037037037037037035,0.07407407407407407,0.037037037037037035,23.0,0.6363328822733424,0.6330121517898917,0.12397683084439476,27.0,0.030658250676284946,10.0,1065.0,0.009133964817320704,0.03869067166859187,0.015711645101663587,1082.0,0.36603518267929636,0.6296296296296297,1864.0,0.2962962962962963,0.1111111111111111,0.2222222222222222,0.07407407407407407,17.0,0.009390704951061639,0.022112861518126536,0.007577467936696385,0.024102743997159788,0.008446311759116965,0.02430528892886883,0.03111264209315174,0.02733872176088882,0.2851826792963464,0.584253252911498,0.10014657544026007,27.0,0.02221193891716798,3.0,2110.0,0.009133964817320704,0.014385382739723042,0.011246485473289597,2134.0,0.7219215155615697,0.8888888888888888,819.0,0.18518518518518517,0.037037037037037035,0.07407407407407407,0.037037037037037035,24.0,blocked,True,future_spike,0.1,0.9908660351826793,0.5,0.04011873948620835,27.0,,27.0,0.0,0.009133964817320704,0.007578029575440135,,0.0,0.0,0.0,2929.0,0.037037037037037035,0.0,0.037037037037037035,0.0,0.0,0.9499323410013532,0.4976922979654287,0.07329535886211366,27.0,0.013333333333333334,26.0,122.0,0.009133964817320704,0.011351949907703052,0.008130081300813009,123.0,0.04161028416779432,0.037037037037037035,2807.0,0.14814814814814814,0.0,0.037037037037037035,0.0,1.0
0.09639830508474577,0.5441752760954756,0.08757189243946735,25.0,0.019164430816404752,0.0,2559.0,0.00882768361581921,0.009643559121511842,0.009674922600619196,2584.0,0.9124293785310734,1.0,248.0,0.16,0.0,0.0,0.0,25.0,25,cortical_pca64_delta,1.5,2832,0,0.17372881355932204,0.5633630210188814,0.11156006686820966,25.0,0.020100502512562818,1.0,2339.0,0.00882768361581921,0.009767662249845325,0.010156580617858655,2363.0,0.8343926553672316,0.96,468.0,0.16,0.0,0.04,0.0,24.0,0.4830508474576271,0.6004702529390809,0.1298409292780686,25.0,0.023999999999999997,7.0,1457.0,0.00882768361581921,0.01763772882908668,0.012203389830508475,1475.0,0.5208333333333334,0.72,1350.0,0.24,0.08,0.16,0.04,18.0,0.0048355691835952445,0.007994169707574838,0.003899497487437179,0.007870066579241355,0.0037713280562884782,0.007157758857316487,0.009601797030941325,0.0020703828430795237,0.2132768361581921,0.5634912718204489,0.10929489308760346,25.0,0.02022867194371152,2.0,2226.0,0.00882768361581921,0.010479969971770193,0.010226767452200978,2249.0,0.794138418079096,0.92,581.0,0.16,0.0,0.08,0.0,23.0,blocked,True,future_slope_change,0.1,0.9911723163841808,0.5,0.056463532401683225,25.0,,25.0,0.0,0.00882768361581921,0.008035931798145355,,0.0,0.0,0.0,2807.0,0.08,0.0,0.04,0.0,0.0,0.963276836158192,0.5255717848236552,0.08798128100544159,25.0,0.037037037037037035,23.0,81.0,0.00882768361581921,0.015567345986007156,0.024096385542168676,83.0,0.029307909604519775,0.08,2726.0,0.24,0.08,0.08,0.08,2.0
0.10240112994350282,0.4824313897110479,0.1256121048015623,31.0,0.020801232665639446,4.0,2538.0,0.010946327683615819,0.015313538920608502,0.010526315789473684,2565.0,0.9057203389830508,0.8709677419354839,263.0,0.16129032258064516,0.0,0.0,0.0,27.0,31,cortical_pca64_delta,1.5,2832,0,0.1942090395480226,0.5128928608446293,0.1703391826533317,31.0,0.02227934875749786,5.0,2277.0,0.010946327683615819,0.016502827129977596,0.011289622231871473,2303.0,0.8132062146892656,0.8387096774193549,524.0,0.1935483870967742,0.0,0.0967741935483871,0.0,26.0,0.8615819209039548,0.6110144994299271,0.24260311957194206,31.0,0.053140096618357495,20.0,372.0,0.010946327683615819,0.036620665227558996,0.028720626631853787,383.0,0.1352401129943503,0.3548387096774194,2429.0,0.3548387096774194,0.0967741935483871,0.25806451612903225,0.12903225806451613,11.0,0.03233886395271805,0.021307126306950495,0.030860747860859634,0.0201178380975814,0.031143480713112147,0.02205809189149003,0.01960441984497447,0.020434119755430778,0.18361581920903955,0.5075376305697274,0.15600371614734007,31.0,0.021996615905245348,5.0,2307.0,0.010946327683615819,0.014562573336068967,0.011144449207029576,2333.0,0.8237994350282486,0.8387096774193549,494.0,0.0967741935483871,0.0,0.0,0.0,26.0,blocked,True,future_acceleration_event,0.1,0.9890536723163842,0.5,0.14210960539937195,31.0,,31.0,0.0,0.010946327683615819,0.017016245382584526,,0.0,0.0,0.0,2801.0,0.1935483870967742,0.03225806451612903,0.16129032258064516,0.03225806451612903,0.0,0.9745762711864406,0.5086317098732019,0.16652402735604713,31.0,0.027027027027027025,30.0,42.0,0.010946327683615819,0.01618654547212822,0.023255813953488372,43.0,0.01518361581920904,0.03225806451612903,2759.0,0.12903225806451613,0.03225806451612903,0.06451612903225806,0.03225806451612903,1.0
0.5448446327683616,0.504405503113075,0.3682091859721304,1300.0,0.02126044039483675,1286.0,3.0,0.4590395480225989,0.4842260691099368,0.8235294117647058,17.0,0.006002824858757062,0.010769230769230769,1529.0,0.11461538461538462,0.016923076923076923,0.06384615384615384,0.45692307692307693,14.0,1300,cortical_pca64_delta,1.5,2832,0,0.547316384180791,0.5075637678248645,0.3658147338895267,1300.0,0.04328358208955224,1271.0,11.0,0.4590395480225989,0.484431110434993,0.725,40.0,0.014124293785310734,0.022307692307692306,1521.0,0.11076923076923077,0.01769230769230769,0.05692307692307692,0.46153846153846156,29.0,0.5469632768361582,0.5095089375376581,0.372362182211127,1300.0,0.09584214235377025,1232.0,51.0,0.4590395480225989,0.5016132367994939,0.5714285714285714,119.0,0.042019774011299436,0.052307692307692305,1481.0,0.1176923076923077,0.016153846153846154,0.05923076923076923,0.4823076923076923,68.0,0.0745817019589335,0.01738716768955706,0.05255856026421801,0.017182126364500894,0.06865181002748627,0.018636363149113266,0.023663390233566728,-0.04849243763186273,0.5451977401129944,0.504964852379996,0.37098601269114784,1300.0,0.027190332326283987,1282.0,6.0,0.4590395480225989,0.4829768736503806,0.75,24.0,0.00847457627118644,0.013846153846153847,1526.0,0.11307692307692307,0.013846153846153847,0.06076923076923077,0.4646153846153846,18.0,blocked,True,future_local_rank_event,0.1,0.4608050847457627,0.5005834504920667,0.4088427192348904,1300.0,0.626741627963823,18.0,1509.0,0.4590395480225989,0.47794984656592715,0.4593335721963454,2791.0,0.9855225988700564,0.9861538461538462,23.0,0.11,0.01,0.05307692307692308,0.4753846153846154,1282.0,0.5240112994350282,0.5551014259891545,0.39049450200882563,1300.0,0.6431974589730015,85.0,1263.0,0.4590395480225989,0.5501056744313566,0.49031476997578693,2478.0,0.875,0.9346153846153846,269.0,0.13846153846153847,0.007692307692307693,0.05692307692307692,0.563076923076923,1215.0
0.6839689265536724,0.5086125179737514,0.2747425126530283,908.0,0.03866809881847476,890.0,5.0,0.3206214689265537,0.36253400531346447,0.782608695652174,23.0,0.008121468926553672,0.019823788546255508,1919.0,0.12665198237885464,0.024229074889867842,0.07378854625550661,0.3447136563876652,18.0,908,cortical_pca64_delta,2,2832,0,0.6839689265536724,0.5106480167052855,0.30765515204228655,908.0,0.0529100529100529,883.0,12.0,0.3206214689265537,0.359825510396804,0.6756756756756757,37.0,0.013064971751412429,0.02753303964757709,1912.0,0.11894273127753303,0.023127753303964757,0.07599118942731277,0.3447136563876652,25.0,0.6807909604519774,0.5202313462225356,0.3292827087737828,908.0,0.1274131274131274,842.0,62.0,0.3206214689265537,0.4036475463081052,0.515625,128.0,0.04519774011299435,0.07268722466960352,1862.0,0.13986784140969163,0.022026431718061675,0.07599118942731277,0.3964757709251101,66.0,0.08874502859465265,0.04111354099464071,0.0745030745030745,0.04382203591130118,0.08907446926616255,0.047022599196145654,0.07963742486803527,-0.022679848059726115,0.6811440677966102,0.5065335158947494,0.31550267375905955,908.0,0.03833865814696486,890.0,13.0,0.3206214689265537,0.3566249471119595,0.5806451612903226,31.0,0.010946327683615819,0.019823788546255508,1911.0,0.1222466960352423,0.018722466960352423,0.07378854625550661,0.3392070484581498,18.0,blocked,True,future_change_movement,0.03,0.321680790960452,0.49903491258116806,0.2641641979091652,908.0,0.4842953020134228,6.0,1915.0,0.3206214689265537,0.3240101214400699,0.3201987930422435,2817.0,0.9947033898305084,0.9933920704845814,9.0,0.09911894273127753,0.00881057268722467,0.05837004405286344,0.33259911894273125,902.0,0.4314971751412429,0.5493236374293643,0.27663180800938275,908.0,0.49750312109862665,111.0,1499.0,0.3206214689265537,0.4263273943678313,0.3471254355400697,2296.0,0.8107344632768362,0.8777533039647577,425.0,0.15418502202643172,0.016519823788546256,0.07929515418502203,0.43612334801762115,797.0
0.34269282814614344,0.5566167054892253,0.19914200219854664,501.0,0.312212389380531,60.0,1883.0,0.16948579161028418,0.327795797034818,0.1897590361445783,2324.0,0.7861975642760487,0.8802395209580839,572.0,0.26147704590818366,0.03592814371257485,0.1536926147704591,0.36127744510978044,441.0,501,cortical_pca64_delta,2,2956,0,0.547361299052774,0.5940461236386697,0.24611058616711856,501.0,0.3323353293413174,168.0,1170.0,0.16948579161028418,0.2973546441940434,0.2215568862275449,1503.0,0.5084573748308525,0.6646706586826348,1285.0,0.21357285429141717,0.033932135728542916,0.1437125748502994,0.3153692614770459,333.0,0.6782814614343707,0.6196442146257384,0.3127838780160887,501.0,0.3587322993931221,235.0,716.0,0.16948579161028418,0.3307397869805747,0.2708757637474542,982.0,0.33220568335588635,0.530938123752495,1739.0,0.2435129740518962,0.03792415169660679,0.14770459081836326,0.36327345309381237,266.0,0.04651991001259115,0.002943989945756731,0.026396970051804747,0.03338514278653132,0.051278883244053775,0.020224275408527337,0.1540449535629329,0.1367537171944591,0.39648173207036536,0.553254387355635,0.2486310178999907,501.0,0.30745341614906835,105.0,1679.0,0.16948579161028418,0.3105155115720474,0.1908433734939759,2075.0,0.7019621109607578,0.7904191616766467,776.0,0.25349301397205587,0.03592814371257485,0.1437125748502994,0.3532934131736527,396.0,blocked,True,future_spike,0.03,0.44756427604871446,0.48630437698940204,0.1526947124535537,501.0,0.2505736576411198,228.0,1405.0,0.16948579161028418,0.1766948334176418,0.1626936829558999,1678.0,0.56765899864682,0.5449101796407185,1050.0,0.10978043912175649,0.017964071856287425,0.059880239520958084,0.17165668662674652,273.0,0.5476995940460081,0.5688309734909001,0.22900330768801083,501.0,0.3104693140794224,200.0,1137.0,0.16948579161028418,0.1939860697861156,0.20931849791376914,1438.0,0.486468200270636,0.6007984031936128,1318.0,0.10578842315369262,0.02594810379241517,0.059880239520958084,0.17365269461077845,301.0
0.7055084745762712,0.6215203461465841,0.20192289271213695,299.0,0.26970227670753066,145.0,689.0,0.10557909604519775,0.2388112583303576,0.1826809015421115,843.0,0.2976694915254237,0.5150501672240803,1844.0,0.25752508361204013,0.06020066889632107,0.1806020066889632,0.27759197324414714,154.0,299,cortical_pca64_delta,2,2832,0,0.8153248587570622,0.6091676822465198,0.23562778541384294,299.0,0.28454172366621067,195.0,328.0,0.10557909604519775,0.2177059452907562,0.24074074074074073,432.0,0.15254237288135594,0.34782608695652173,2205.0,0.2508361204013378,0.046822742474916385,0.15719063545150502,0.26421404682274247,104.0,0.6832627118644068,0.5840121103771355,0.24762827656709693,299.0,0.23398804440649018,162.0,735.0,0.10557909604519775,0.21616009702865646,0.15711009174311927,872.0,0.307909604519774,0.45819397993311034,1798.0,0.25752508361204013,0.05351170568561873,0.1605351170568562,0.25752508361204013,137.0,-0.03571423230104048,-0.02265116130170114,-0.050553679259720485,-0.0015458482620997471,-0.010796378402967377,0.008465962295734347,0.08844970378249203,0.037763728235434724,0.6165254237288136,0.6042235798496634,0.20790232096809433,299.0,0.24478442280945756,123.0,963.0,0.10557909604519775,0.20769413473292211,0.15452151009657594,1139.0,0.4021892655367232,0.5886287625418061,1570.0,0.23411371237458195,0.046822742474916385,0.14381270903010032,0.25418060200668896,176.0,blocked,False,future_slope_change,0.03,0.4611581920903955,0.5040964288119234,0.12117412139898803,299.0,0.1795698924731183,132.0,1394.0,0.10557909604519775,0.12771039324616443,0.10698270339525945,1561.0,0.5512005649717514,0.5585284280936454,1139.0,0.09698996655518395,0.033444816053511704,0.06688963210702341,0.10367892976588629,167.0,0.6038135593220338,0.5867934568049571,0.2254467751689464,299.0,0.23150684931506846,130.0,992.0,0.10557909604519775,0.17839636879322174,0.14556416881998277,1161.0,0.4099576271186441,0.5652173913043478,1541.0,0.2140468227424749,0.03678929765886288,0.13043478260869565,0.22073578595317725,169.0
0.24858757062146894,0.5066514481665528,0.25293291087045405,641.0,0.37078651685393255,14.0,2114.0,0.2263418079096045,0.32543844877348477,0.22874863188617292,2741.0,0.967867231638418,0.9781591263650546,77.0,0.17784711388455537,0.0374414976599064,0.11076443057722309,0.2995319812792512,627.0,641,cortical_pca64_delta,2,2832,0,0.3050847457627119,0.5216432847181527,0.27845570042366513,641.0,0.37404580152671757,53.0,1915.0,0.2263418079096045,0.3289903173606226,0.23491809828206153,2503.0,0.8838276836158192,0.9173166926677067,276.0,0.1809672386895476,0.0358814352574103,0.11856474258970359,0.30265210608424337,588.0,0.3923022598870056,0.5509708202111745,0.27836601607851374,641.0,0.38513754912468734,102.0,1619.0,0.2263418079096045,0.3712666610888902,0.24976830398517144,2158.0,0.7620056497175142,0.8408736349453978,572.0,0.20280811232449297,0.0343213728549142,0.13260530421216848,0.34477379095163807,539.0,0.014351032270754793,0.04582821231540546,0.01109174759796977,0.04227634372826761,0.015349029487225108,0.052163988585119836,0.12495300410976826,0.014938005194121973,0.2634180790960452,0.5079587391619809,0.2577317337278836,641.0,0.36978851963746223,29.0,2057.0,0.2263418079096045,0.3191026725037704,0.22929936305732485,2669.0,0.9424435028248588,0.9547581903276131,134.0,0.18408736349453977,0.0374414976599064,0.11076443057722309,0.29017160686427457,612.0,blocked,True,future_acceleration_event,0.03,0.22810734463276836,0.4967264322704355,0.20177605504565055,641.0,0.36674391657010424,8.0,2178.0,0.2263418079096045,0.24631365697912197,0.22518676627534684,2811.0,0.9925847457627118,0.9875195007800313,13.0,0.12168486739469579,0.015600624024960999,0.062402496099843996,0.24648985959438377,633.0,0.634180790960452,0.6118264265029751,0.2865885908062341,641.0,0.4140271493212669,275.0,761.0,0.2263418079096045,0.35632865589476825,0.32475598935226263,1127.0,0.3979519774011299,0.5709828393135725,1430.0,0.1918876755070203,0.0265210608424337,0.10764430577223089,0.37285491419656785,366.0
0.7853107344632768,0.6223457006875672,0.1661087869258208,338.0,0.31221719457013575,200.0,408.0,0.1193502824858757,0.2844328778483627,0.25274725274725274,546.0,0.19279661016949154,0.40828402366863903,2086.0,0.27514792899408286,0.05621301775147929,0.1834319526627219,0.29289940828402367,138.0,338,cortical_pca64_delta,2,2832,0,0.8361581920903954,0.5783228861694101,0.23278477468420541,338.0,0.25878594249201275,257.0,207.0,0.1193502824858757,0.24365320488341533,0.28125,288.0,0.1016949152542373,0.23964497041420119,2287.0,0.23964497041420119,0.05325443786982249,0.16272189349112426,0.27514792899408286,81.0,0.7715395480225988,0.5966236126466834,0.2771527579968574,338.0,0.27709497206703915,214.0,433.0,0.1193502824858757,0.24865816098771268,0.22262118491921004,557.0,0.196680790960452,0.3668639053254438,2061.0,0.26627218934911245,0.05325443786982249,0.16863905325443787,0.28106508875739644,124.0,-0.0351222225030966,-0.03577471686065001,0.018309029575026392,0.005004956104297353,-0.0014652783241971834,-0.00042016669826613895,0.1071280528822886,0.04770936470371004,0.8372175141242938,0.5891547999221801,0.21234661917824382,338.0,0.27856025039123633,249.0,212.0,0.1193502824858757,0.24907832768597882,0.2956810631229236,301.0,0.10628531073446328,0.26331360946745563,2282.0,0.257396449704142,0.04437869822485207,0.16272189349112426,0.27514792899408286,89.0,blocked,False,future_local_rank_event,0.03,0.4982344632768362,0.51690091723094,0.13414008163885802,338.0,0.2048125349748181,155.0,1266.0,0.1193502824858757,0.14153010810542407,0.12629399585921325,1449.0,0.5116525423728814,0.5414201183431953,1228.0,0.10355029585798817,0.029585798816568046,0.06804733727810651,0.11538461538461539,183.0,0.599223163841808,0.5857478065700877,0.22993561876686874,338.0,0.2527978933508887,146.0,989.0,0.1193502824858757,0.20094879628400264,0.16257408975444537,1181.0,0.4170197740112994,0.5680473372781065,1505.0,0.21893491124260356,0.026627218934911243,0.13609467455621302,0.23668639053254437,192.0
0.85204802259887,0.5559188608194117,0.18721487936529152,411.0,0.21388367729831143,354.0,65.0,0.1451271186440678,0.30491959916242684,0.4672131147540984,122.0,0.04307909604519774,0.1386861313868613,2356.0,0.26034063260340634,0.046228710462287104,0.15571776155717762,0.32116788321167883,57.0,411,cortical_pca64_delta,2,2832,0,0.8463983050847458,0.545544309674774,0.21653728119183535,411.0,0.18691588785046728,361.0,74.0,0.1451271186440678,0.26746999280995487,0.4032258064516129,124.0,0.043785310734463276,0.12165450121654502,2347.0,0.20924574209245742,0.0413625304136253,0.13381995133819952,0.2871046228710462,50.0,0.8425141242937854,0.5755931222243327,0.27779626248260164,411.0,0.2688524590163935,329.0,117.0,0.1451271186440678,0.30069096836251724,0.4120603015075377,199.0,0.0702683615819209,0.19951338199513383,2304.0,0.26520681265206814,0.043795620437956206,0.15815085158150852,0.31143552311435524,82.0,0.05496878171808206,-0.004228630799909594,0.0819365711659262,0.03322097555256237,0.07440801457194904,0.028269640657312245,0.1235967009580925,0.07095552646224701,0.856638418079096,0.5505235515275404,0.2511226305415472,411.0,0.19444444444444445,362.0,44.0,0.1451271186440678,0.272421327705205,0.5268817204301075,93.0,0.03283898305084746,0.1192214111922141,2377.0,0.22627737226277372,0.046228710462287104,0.15571776155717762,0.2895377128953771,49.0,blocked,False,future_change_movement,0.05,0.4731638418079096,0.5292498424672196,0.16834185119471615,411.0,0.25100401606425704,161.0,1331.0,0.1451271186440678,0.17709426740442474,0.15812776723592664,1581.0,0.5582627118644068,0.6082725060827251,1090.0,0.1070559610705596,0.029197080291970802,0.07785888077858881,0.170316301703163,250.0,0.4915254237288136,0.5541294693331162,0.22641927824240687,411.0,0.2682926829268293,147.0,1293.0,0.1451271186440678,0.22973544190027023,0.16955684007707128,1557.0,0.5497881355932204,0.6423357664233577,1128.0,0.1897810218978102,0.024330900243309004,0.12895377128953772,0.2798053527980535,264.0
0.09912043301759134,0.5066083000997009,0.13746459966935135,236.0,0.14947301181731076,2.0,2661.0,0.07983761840324763,0.16545849849400124,0.08082901554404145,2895.0,0.9793640054127198,0.9915254237288136,59.0,0.22033898305084745,0.05508474576271186,0.16101694915254236,0.1906779661016949,234.0,236,cortical_pca64_delta,2,2956,0,0.2256427604871448,0.5444011714855433,0.2116702130826037,236.0,0.16,18.0,2271.0,0.07983761840324763,0.15995392772755473,0.08758537565287264,2489.0,0.8420162381596752,0.923728813559322,449.0,0.2288135593220339,0.059322033898305086,0.13983050847457626,0.19915254237288135,218.0,0.39918809201623817,0.6019410518444666,0.23459823293727242,236.0,0.18307267709291627,37.0,1739.0,0.07983761840324763,0.21959350754018422,0.10268317853457172,1938.0,0.6556156968876861,0.8432203389830508,981.0,0.2796610169491525,0.06779661016949153,0.19491525423728814,0.2542372881355932,199.0,0.03359966527560551,0.054135009046182986,0.02307267709291627,0.05963957981262949,0.026367137734315704,0.056160352540256114,0.1366841128668379,0.1208005164220992,0.21718538565629228,0.5340011216350947,0.19494082104550012,236.0,0.15670553935860057,21.0,2293.0,0.07983761840324763,0.1634331549999281,0.08572567783094098,2508.0,0.8484438430311232,0.9110169491525424,427.0,0.2288135593220339,0.059322033898305086,0.1483050847457627,0.1906779661016949,215.0,blocked,True,future_spike,0.05,0.8521650879566982,0.5230309072781655,0.11469128028679952,236.0,0.12424849699398799,205.0,232.0,0.07983761840324763,0.08290939467334632,0.11787072243346007,263.0,0.08897158322056833,0.13135593220338984,2488.0,0.13983050847457626,0.00423728813559322,0.05508474576271186,0.1271186440677966,31.0,0.7415426251691475,0.5074214855433699,0.19775857200578784,236.0,0.1238532110091743,182.0,582.0,0.07983761840324763,0.09879299111808502,0.08490566037735849,636.0,0.21515561569688768,0.2288135593220339,2138.0,0.1016949152542373,0.029661016949152543,0.05084745762711865,0.09322033898305085,54.0
0.23481638418079095,0.5607625149174047,0.17957182652952927,87.0,0.06795698924731182,8.0,2159.0,0.03072033898305085,0.04485016842689003,0.035299374441465595,2238.0,0.7902542372881356,0.9080459770114943,586.0,0.11494252873563218,0.04597701149425287,0.05747126436781609,0.04597701149425287,79.0,87,cortical_pca64_delta,2,2832,0,0.21716101694915255,0.5460900697192388,0.1789943069363792,87.0,0.06573957016434892,9.0,2208.0,0.03072033898305085,0.04438012061324273,0.03412073490813648,2286.0,0.8072033898305084,0.896551724137931,537.0,0.13793103448275862,0.04597701149425287,0.05747126436781609,0.05747126436781609,78.0,0.5007062146892656,0.581056466302368,0.21113044817454638,87.0,0.07581699346405228,29.0,1385.0,0.03072033898305085,0.06746878200853072,0.040194040194040194,1443.0,0.5095338983050848,0.6666666666666666,1360.0,0.25287356321839083,0.04597701149425287,0.14942528735632185,0.12643678160919541,58.0,0.007860004216740463,0.02261861358164069,0.010077423299703361,0.023088661395287993,0.010910026782961851,0.02008551930602455,0.03533315034002847,0.0061988529220251,0.23693502824858756,0.5395955027950505,0.1633503254485491,87.0,0.06490696668109043,12.0,2149.0,0.03072033898305085,0.047383262702506174,0.03372302158273381,2224.0,0.7853107344632768,0.8620689655172413,596.0,0.12643678160919541,0.04597701149425287,0.09195402298850575,0.08045977011494253,75.0,blocked,True,future_slope_change,0.05,0.9692796610169492,0.5,0.11657071989139726,87.0,,87.0,0.0,0.03072033898305085,0.03213563166850225,,0.0,0.0,0.0,2745.0,0.12643678160919541,0.011494252873563218,0.06896551724137931,0.034482758620689655,0.0,0.7983757062146892,0.6121788832359777,0.15001293882709568,87.0,0.11197511664074651,51.0,520.0,0.03072033898305085,0.06126992908650562,0.06474820143884892,556.0,0.1963276836158192,0.41379310344827586,2225.0,0.20689655172413793,0.05747126436781609,0.14942528735632185,0.12643678160919541,36.0
0.09463276836158192,0.4925034461148046,0.21133693588601038,251.0,0.16044531761624098,6.0,2558.0,0.08862994350282485,0.14140640844884544,0.08740635033892258,2803.0,0.9897598870056498,0.9760956175298805,23.0,0.18725099601593626,0.04780876494023904,0.11952191235059761,0.18326693227091634,245.0,251,cortical_pca64_delta,2,2832,0,0.10769774011299435,0.49427628501877807,0.22241423305562175,251.0,0.16074393889073396,9.0,2518.0,0.08862994350282485,0.13239984052920367,0.08768115942028985,2760.0,0.9745762711864406,0.9641434262948207,63.0,0.18326693227091634,0.03187250996015936,0.11155378486055777,0.17131474103585656,242.0,0.2814265536723164,0.5248490732922629,0.24944385990393922,251.0,0.16836943195749898,45.0,1990.0,0.08862994350282485,0.1921502993079372,0.09380692167577413,2196.0,0.7754237288135594,0.8207171314741036,591.0,0.2589641434262948,0.05976095617529881,0.17131474103585656,0.23107569721115537,206.0,0.007924114341258004,0.050743890859091756,0.007625493066765021,0.05975045877873353,0.010421406307819597,0.04625851591085234,0.0837933243919167,0.022186138109704184,0.11899717514124294,0.4860889645602016,0.23685267009925204,251.0,0.15794802564967939,17.0,2478.0,0.08862994350282485,0.14589178339708486,0.08628318584070796,2712.0,0.9576271186440678,0.9322709163346613,103.0,0.1952191235059761,0.05179282868525897,0.12749003984063745,0.1752988047808765,234.0,blocked,True,future_acceleration_event,0.05,0.9113700564971752,0.5,0.2753639169620884,251.0,,251.0,0.0,0.08862994350282485,0.1083569749160205,,0.0,0.0,0.0,2581.0,0.1553784860557769,0.01593625498007968,0.06772908366533864,0.1394422310756972,0.0,0.7722457627118644,0.6088987714388475,0.25311350865495885,251.0,0.24206815511163338,148.0,497.0,0.08862994350282485,0.16996416119823302,0.17166666666666666,600.0,0.211864406779661,0.4103585657370518,2084.0,0.2788844621513944,0.043824701195219126,0.12749003984063745,0.23107569721115537,103.0
0.7708333333333334,0.5155916967843573,0.22314671101230077,654.0,0.07681365576102418,627.0,22.0,0.2309322033898305,0.3006591768824798,0.5510204081632653,49.0,0.01730225988700565,0.04128440366972477,2156.0,0.16819571865443425,0.02599388379204893,0.09174311926605505,0.28287461773700306,27.0,654,cortical_pca64_delta,2,2832,0,0.7680084745762712,0.5126852343282702,0.2838885410970549,654.0,0.07072135785007072,629.0,28.0,0.2309322033898305,0.2832217226899724,0.4716981132075472,53.0,0.018714689265536724,0.0382262996941896,2150.0,0.13761467889908258,0.024464831804281346,0.08103975535168195,0.2798165137614679,25.0,0.7538841807909604,0.5676974077724704,0.285588116307191,654.0,0.2938196555217832,509.0,188.0,0.2309322033898305,0.36714887184092204,0.43543543543543545,333.0,0.11758474576271187,0.2217125382262997,1990.0,0.19724770642201836,0.03058103975535168,0.11162079510703364,0.3669724770642202,145.0,0.21700599976075902,0.06648969495844226,0.22309829767171246,0.08392714915094962,0.22583098696654239,0.08740212029324262,0.12125130140695817,0.03532025113359494,0.7676553672316384,0.5119207083343864,0.2739820819149738,654.0,0.0679886685552408,630.0,28.0,0.2309322033898305,0.2797467515476794,0.46153846153846156,52.0,0.018361581920903956,0.03669724770642202,2150.0,0.1437308868501529,0.02599388379204893,0.0764525993883792,0.2798165137614679,24.0,blocked,True,future_local_rank_event,0.05,0.259180790960452,0.4900127210385759,0.22004892456896785,654.0,0.36424242424242426,53.0,2045.0,0.2309322033898305,0.24589757043396387,0.22713529856387,2646.0,0.934322033898305,0.918960244648318,133.0,0.10091743119266056,0.012232415902140673,0.05045871559633028,0.25382262996941896,601.0,0.4318502824858757,0.5771286678292517,0.2331329276175887,654.0,0.40780272359219727,100.0,1509.0,0.2309322033898305,0.3318286207073271,0.2685409597673291,2063.0,0.7284604519774012,0.8470948012232415,669.0,0.16819571865443425,0.027522935779816515,0.09480122324159021,0.3440366972477064,554.0
0.4579802259887006,0.5837229763700351,0.1787917058232433,180.0,0.1457985531441291,49.0,1486.0,0.0635593220338983,0.14496151716898592,0.08101422387136673,1617.0,0.5709745762711864,0.7277777777777777,1166.0,0.22777777777777777,0.06666666666666667,0.17777777777777778,0.19444444444444445,131.0,180,cortical_pca64_delta,2,2832,0,0.6786723163841808,0.5902212166918049,0.20423198383773888,180.0,0.16206261510128914,92.0,818.0,0.0635593220338983,0.138661834022885,0.09713024282560706,906.0,0.3199152542372881,0.4888888888888889,1834.0,0.2611111111111111,0.06666666666666667,0.15,0.17222222222222222,88.0,0.6927966101694916,0.5899949723479135,0.22330727303649103,180.0,0.16346153846153846,95.0,775.0,0.0635593220338983,0.15306494597148304,0.09883720930232558,860.0,0.3036723163841808,0.4722222222222222,1877.0,0.25555555555555554,0.06666666666666667,0.18888888888888888,0.20555555555555555,85.0,0.01766298531740937,0.00810342880249712,0.0013989233602493267,0.01440311194859803,0.01950549450549449,0.022268549624844286,0.07255945182673176,0.04207272998656095,0.4498587570621469,0.5793866264454499,0.16495275287755265,180.0,0.14395604395604397,49.0,1509.0,0.0635593220338983,0.13079639634663875,0.0798780487804878,1640.0,0.5790960451977402,0.7277777777777777,1143.0,0.2388888888888889,0.05555555555555555,0.16666666666666666,0.2,131.0,blocked,True,future_change_movement,0.075,0.9364406779661016,0.5,0.1487386513778077,180.0,,180.0,0.0,0.0635593220338983,0.08050549414475128,,0.0,0.0,0.0,2652.0,0.1,0.027777777777777776,0.06111111111111111,0.06666666666666667,0.0,0.640183615819209,0.5722599296128708,0.16807671940492105,180.0,0.14870509607351715,91.0,928.0,0.0635593220338983,0.1109922159849221,0.08751229105211406,1017.0,0.3591101694915254,0.49444444444444446,1724.0,0.2111111111111111,0.044444444444444446,0.1388888888888889,0.14444444444444443,89.0
0.16779431664411368,0.5381684404151885,0.15417174911091117,118.0,0.08277404921700225,7.0,2453.0,0.039918809201623814,0.09324317595166784,0.043291731669266774,2564.0,0.8673883626522327,0.940677966101695,385.0,0.22033898305084745,0.06779661016949153,0.1440677966101695,0.1440677966101695,111.0,118,cortical_pca64_delta,2,2956,0,0.27604871447902574,0.557996201669832,0.1818663500446893,118.0,0.08703071672354949,16.0,2124.0,0.039918809201623814,0.08966262568833154,0.04582210242587601,2226.0,0.7530446549391069,0.864406779661017,714.0,0.2457627118644068,0.06779661016949153,0.1864406779661017,0.16101694915254236,102.0,0.3944519621109608,0.5831093751866319,0.20670577007055618,118.0,0.09412955465587043,25.0,1765.0,0.039918809201623814,0.13492156636808153,0.05005382131324004,1858.0,0.628552097428958,0.788135593220339,1073.0,0.2796610169491525,0.1016949152542373,0.19491525423728814,0.1864406779661017,93.0,0.01135550543886818,0.04167839041641369,0.007098837932320939,0.04525894067974999,0.012512468462125198,0.04361066902692334,0.09724585429548958,0.07452318343493007,0.18538565629228687,0.5310853907621744,0.1522347526702522,118.0,0.08161708619374523,11.0,2397.0,0.039918809201623814,0.09131089734115819,0.042731629392971246,2504.0,0.8470906630581867,0.9067796610169492,441.0,0.2033898305084746,0.059322033898305086,0.1694915254237288,0.15254237288135594,107.0,blocked,True,future_spike,0.075,0.9556833558863329,0.4977096546863989,0.07569929478042298,118.0,,118.0,13.0,0.039918809201623814,0.037675712072591946,0.0,13.0,0.004397834912043302,0.0,2825.0,0.13559322033898305,0.0,0.03389830508474576,0.00847457627118644,0.0,0.7043301759133965,0.6023518591512285,0.10979242320075092,118.0,0.11717171717171718,60.0,814.0,0.039918809201623814,0.06039838293315146,0.06651376146788991,872.0,0.29499323410013534,0.4915254237288136,2024.0,0.1694915254237288,0.00847457627118644,0.11864406779661017,0.11016949152542373,58.0
0.24293785310734464,0.5842313218390804,0.12066151359097221,48.0,0.04028648164726948,3.0,2141.0,0.01694915254237288,0.03260117657817535,0.02058554437328454,2186.0,0.7718926553672316,0.9375,643.0,0.16666666666666666,0.0625,0.08333333333333333,0.0625,45.0,48,cortical_pca64_delta,2,2832,0,0.2764830508474576,0.5808189655172414,0.11985512063354654,48.0,0.040281030444964866,5.0,2044.0,0.01694915254237288,0.03061030028352983,0.020603737422137038,2087.0,0.7369350282485876,0.8958333333333334,740.0,0.20833333333333334,0.020833333333333332,0.10416666666666667,0.041666666666666664,43.0,0.7436440677966102,0.6443965517241379,0.18357752441918446,48.0,0.06683804627249358,22.0,704.0,0.01694915254237288,0.08532636419966642,0.03561643835616438,730.0,0.2577683615819209,0.5416666666666666,2080.0,0.2708333333333333,0.125,0.22916666666666666,0.16666666666666666,26.0,0.0265515646252241,0.052725187621491074,0.026557015827528715,0.05471606391613659,0.02627793038644819,0.051901295519392085,0.06805482064288382,0.05392994963622462,0.2983757062146893,0.5817169540229885,0.1276691146372333,48.0,0.04056011588604539,6.0,1981.0,0.01694915254237288,0.03342506868027434,0.020761245674740483,2023.0,0.7143361581920904,0.875,803.0,0.22916666666666666,0.0625,0.10416666666666667,0.0625,42.0,blocked,True,future_slope_change,0.075,0.9830508474576272,0.5,0.06208452513384719,48.0,,48.0,0.0,0.01694915254237288,0.017271543556782606,,0.0,0.0,0.0,2784.0,0.14583333333333334,0.020833333333333332,0.08333333333333333,0.020833333333333332,0.0,0.943502824858757,0.5105962643678161,0.1101070046223625,48.0,0.03614457831325301,45.0,115.0,0.01694915254237288,0.031396414563441805,0.025423728813559324,118.0,0.041666666666666664,0.0625,2669.0,0.2708333333333333,0.041666666666666664,0.0625,0.041666666666666664,3.0
0.038135593220338986,0.4980276659279801,0.15146028316173302,89.0,0.060689655172413794,1.0,2723.0,0.031426553672316386,0.06688901658495933,0.031305585200996085,2811.0,0.9925847457627118,0.9887640449438202,20.0,0.2247191011235955,0.0449438202247191,0.12359550561797752,0.10112359550561797,88.0,89,cortical_pca64_delta,2,2832,0,0.10734463276836158,0.5011407996657478,0.19188557986369265,89.0,0.060921248142644865,7.0,2521.0,0.031426553672316386,0.06280499452149169,0.031502112946600075,2603.0,0.919138418079096,0.9213483146067416,222.0,0.19101123595505617,0.0449438202247191,0.11235955056179775,0.0898876404494382,82.0,0.3686440677966102,0.570801263276901,0.22209661626335125,89.0,0.07261410788381742,19.0,1769.0,0.031426553672316386,0.17329511606220696,0.03806416530723219,1839.0,0.649364406779661,0.7865168539325843,974.0,0.3146067415730337,0.1348314606741573,0.24719101123595505,0.21348314606741572,70.0,0.011924452711403626,0.10640609947724763,0.011692859741172554,0.11049012154071527,0.01357883070599164,0.10126604336462461,0.1363587887002735,0.07306263161009044,0.0769774011299435,0.4854645328046468,0.190831915187156,89.0,0.05903527717782578,7.0,2607.0,0.031426553672316386,0.07202907269758235,0.030494607660840462,2689.0,0.9495056497175142,0.9213483146067416,136.0,0.19101123595505617,0.06741573033707865,0.14606741573033707,0.1348314606741573,82.0,blocked,True,future_acceleration_event,0.075,0.9685734463276836,0.5,0.23011334453303178,89.0,,89.0,0.0,0.031426553672316386,0.036936327361933474,,0.0,0.0,0.0,2743.0,0.10112359550561797,0.02247191011235955,0.0898876404494382,0.0449438202247191,0.0,0.9106638418079096,0.6059981075423857,0.20313887701540959,89.0,0.16501650165016502,64.0,189.0,0.031426553672316386,0.10023248445211652,0.11682242990654206,214.0,0.07556497175141243,0.2808988764044944,2554.0,0.30337078651685395,0.07865168539325842,0.2247191011235955,0.1348314606741573,25.0
0.6430084745762712,0.5074625777801773,0.2859522447314011,1025.0,0.03253588516746411,1008.0,3.0,0.3619350282485876,0.392611201994767,0.85,20.0,0.007062146892655367,0.016585365853658537,1804.0,0.11414634146341464,0.0224390243902439,0.06439024390243903,0.36585365853658536,17.0,1025,cortical_pca64_delta,2,2832,0,0.6415960451977402,0.5084668025429563,0.3009222019184651,1025.0,0.05051449953227315,998.0,17.0,0.3619350282485876,0.3963306046073109,0.6136363636363636,44.0,0.015536723163841809,0.026341463414634145,1790.0,0.12292682926829268,0.02048780487804878,0.06731707317073171,0.3726829268292683,27.0,0.6384180790960452,0.515476129415417,0.31423511262392595,1025.0,0.12328767123287672,953.0,71.0,0.3619350282485876,0.41887500382195286,0.5034965034965035,143.0,0.050494350282485875,0.0702439024390244,1736.0,0.12292682926829268,0.02048780487804878,0.06926829268292684,0.4117073170731707,72.0,0.0907517860654126,0.02626380182718585,0.07277317170060357,0.022544399214641964,0.09096827959789573,0.03399719985861138,0.04690690666971098,-0.05084940834344076,0.6405367231638418,0.5055256657713229,0.32251281501008877,1025.0,0.03231939163498099,1008.0,10.0,0.3619350282485876,0.3848778039633415,0.6296296296296297,27.0,0.009533898305084746,0.016585365853658537,1797.0,0.11317073170731708,0.0175609756097561,0.06341463414634146,0.3668292682926829,17.0,blocked,True,future_local_rank_event,0.075,0.3629943502824859,0.499563486171663,0.30109893055493564,1025.0,0.5304528891202499,6.0,1798.0,0.3619350282485876,0.3719680971522419,0.3617323393681221,2817.0,0.9947033898305084,0.9941463414634146,9.0,0.10829268292682927,0.00975609756097561,0.055609756097560976,0.37365853658536585,1019.0,0.4784604519774011,0.5647125676569439,0.31171681807666063,1025.0,0.5490076335877863,126.0,1351.0,0.3619350282485876,0.4697244121653936,0.39955555555555555,2250.0,0.7944915254237288,0.8770731707317073,456.0,0.15121951219512195,0.015609756097560976,0.0721951219512195,0.48292682926829267,899.0
0.23481638418079095,0.5607625149174047,0.17957182652952927,87.0,0.06795698924731182,8.0,2159.0,0.03072033898305085,0.04485016842689003,0.035299374441465595,2238.0,0.7902542372881356,0.9080459770114943,586.0,0.11494252873563218,0.04597701149425287,0.05747126436781609,0.04597701149425287,79.0,87,cortical_pca64_delta,2,2832,0,0.2175141242937853,0.5407072420074116,0.16218671988964992,87.0,0.0649789029535865,10.0,2206.0,0.03072033898305085,0.04213175258122766,0.0337275514673675,2283.0,0.8061440677966102,0.8850574712643678,539.0,0.12643678160919541,0.034482758620689655,0.08045977011494253,0.05747126436781609,77.0,0.5007062146892656,0.581056466302368,0.21113044817454638,87.0,0.07581699346405228,29.0,1385.0,0.03072033898305085,0.06746878200853072,0.040194040194040194,1443.0,0.5095338983050848,0.6666666666666666,1360.0,0.25287356321839083,0.04597701149425287,0.14942528735632185,0.12643678160919541,58.0,0.007860004216740463,0.02261861358164069,0.010838090510465775,0.025337029427303065,0.0087975931113186,0.02553469042805999,0.03533315034002847,0.0061988529220251,0.2528248587570621,0.5533572011808303,0.18683860900551602,87.0,0.06701940035273368,11.0,2105.0,0.03072033898305085,0.041934091580470734,0.03484640073360844,2181.0,0.7701271186440678,0.8735632183908046,640.0,0.13793103448275862,0.034482758620689655,0.05747126436781609,0.04597701149425287,76.0,blocked,True,future_change_movement,0.1,0.9692796610169492,0.5,0.11657071989139726,87.0,,87.0,0.0,0.03072033898305085,0.03213563166850225,,0.0,0.0,0.0,2745.0,0.12643678160919541,0.011494252873563218,0.06896551724137931,0.034482758620689655,0.0,0.7983757062146892,0.6121788832359777,0.15001293882709568,87.0,0.11197511664074651,51.0,520.0,0.03072033898305085,0.06126992908650562,0.06474820143884892,556.0,0.1963276836158192,0.41379310344827586,2225.0,0.20689655172413793,0.05747126436781609,0.14942528735632185,0.12643678160919541,36.0
0.3186738836265223,0.5573377622221727,0.1467027444076719,62.0,0.04730368968779565,12.0,2002.0,0.02097428958051421,0.0368365201457622,0.024366471734892786,2052.0,0.6941813261163735,0.8064516129032258,892.0,0.1774193548387097,0.04838709677419355,0.11290322580645161,0.06451612903225806,50.0,62,cortical_pca64_delta,2,2956,0,0.4076454668470907,0.5633178768085249,0.17578106530592452,62.0,0.048886474741988054,17.0,1734.0,0.02097428958051421,0.040105365706702305,0.025295109612141653,1779.0,0.6018267929634641,0.7258064516129032,1160.0,0.20967741935483872,0.04838709677419355,0.0967741935483871,0.0967741935483871,45.0,0.7709742895805142,0.6620650065764541,0.21988754117329812,62.0,0.0912751677852349,28.0,649.0,0.02097428958051421,0.08604158455678754,0.04978038067349927,683.0,0.2310554803788904,0.5483870967741935,2245.0,0.3709677419354839,0.11290322580645161,0.25806451612903225,0.1935483870967742,34.0,0.043971478097439246,0.04920506441102534,0.04238869304324684,0.04593621885008523,0.03557568591994992,0.037127661956407036,0.06755018297179573,0.046722353826368204,0.506765899864682,0.598156363555298,0.17268110061034098,62.0,0.05569948186528498,19.0,1439.0,0.02097428958051421,0.0489139226003805,0.029014844804318488,1482.0,0.5013531799729364,0.6935483870967742,1455.0,0.24193548387096775,0.06451612903225806,0.14516129032258066,0.11290322580645161,43.0,blocked,True,future_spike,0.1,0.9790257104194858,0.5,0.06054415156480392,62.0,,62.0,0.0,0.02097428958051421,0.01849140158499181,,0.0,0.0,0.0,2894.0,0.06451612903225806,0.0,0.016129032258064516,0.0,0.0,0.8775372124492558,0.5902200325478744,0.1157385721959977,62.0,0.09045226130653267,44.0,318.0,0.02097428958051421,0.03931923073041933,0.05357142857142857,336.0,0.11366711772665765,0.2903225806451613,2576.0,0.2903225806451613,0.016129032258064516,0.20967741935483872,0.016129032258064516,18.0
0.17478813559322035,0.5835709194583036,0.07222662005845218,26.0,0.021766429468396818,0.0,2337.0,0.009180790960451978,0.011672501371328772,0.011002962336013541,2363.0,0.8343926553672316,1.0,469.0,0.19230769230769232,0.0,0.038461538461538464,0.0,26.0,26,cortical_pca64_delta,2,2832,0,0.2588276836158192,0.606927463128461,0.08632132392177617,26.0,0.023266635644485806,1.0,2098.0,0.009180790960451978,0.013603480037792864,0.011775788977861516,2123.0,0.7496468926553672,0.9615384615384616,708.0,0.19230769230769232,0.038461538461538464,0.038461538461538464,0.038461538461538464,25.0,0.8499293785310734,0.6003755688360107,0.1113119360047519,26.0,0.04063205417607224,17.0,408.0,0.009180790960451978,0.027677908638091428,0.02158273381294964,417.0,0.1472457627118644,0.34615384615384615,2398.0,0.19230769230769232,0.11538461538461539,0.19230769230769232,0.11538461538461539,9.0,0.018865624707675423,0.016005407266762656,0.017365418531586435,0.014074428600298564,0.019391612374882777,0.015552301193581662,0.013072661159718536,0.009218517810270489,0.1864406779661017,0.5703985964142771,0.08520126236529617,26.0,0.021240441801189464,1.0,2303.0,0.009180790960451978,0.012125607444509766,0.010738831615120275,2328.0,0.8220338983050848,0.9615384615384616,503.0,0.15384615384615385,0.0,0.07692307692307693,0.0,25.0,blocked,True,future_slope_change,0.1,0.990819209039548,0.5,0.0383138128381766,26.0,,26.0,0.0,0.009180790960451978,0.014605247478372892,,0.0,0.0,0.0,2806.0,0.23076923076923078,0.038461538461538464,0.15384615384615385,0.038461538461538464,0.0,0.9781073446327684,0.5316903338998848,0.09464406165359668,26.0,0.060606060606060615,24.0,38.0,0.009180790960451978,0.01845939082782094,0.05,40.0,0.014124293785310734,0.07692307692307693,2768.0,0.2692307692307692,0.07692307692307693,0.07692307692307693,0.07692307692307693,2.0
0.0278954802259887,0.48616985884701297,0.12142383701420781,53.0,0.035726795096322234,2.0,2751.0,0.018714689265536724,0.02595839650445783,0.018201284796573874,2802.0,0.989406779661017,0.9622641509433962,28.0,0.16981132075471697,0.03773584905660377,0.07547169811320754,0.03773584905660377,51.0,53,cortical_pca64_delta,2,2832,0,0.1394774011299435,0.4875005940782282,0.1948206932859542,53.0,0.03561535417491096,8.0,2429.0,0.018714689265536724,0.027479136545022757,0.01818916734033953,2474.0,0.873587570621469,0.8490566037735849,350.0,0.18867924528301888,0.03773584905660377,0.07547169811320754,0.03773584905660377,45.0,0.4844632768361582,0.5892509182752041,0.21061567096366451,53.0,0.04823989569752281,16.0,1444.0,0.018714689265536724,0.11511301201625412,0.024983119513842,1481.0,0.52295197740113,0.6981132075471698,1335.0,0.32075471698113206,0.11320754716981132,0.22641509433962265,0.16981132075471697,37.0,0.012513100601200575,0.08915461551179629,0.012624541522611846,0.08763387547123136,0.013544444656659278,0.09057829507681506,0.09507022422560785,0.06619073093911715,0.11581920903954802,0.4754458981444391,0.17916722534315815,53.0,0.03469545104086353,8.0,2496.0,0.018714689265536724,0.024534716939439073,0.01770956316410862,2541.0,0.8972457627118644,0.8490566037735849,283.0,0.1320754716981132,0.018867924528301886,0.05660377358490566,0.03773584905660377,45.0,blocked,True,future_acceleration_event,0.1,0.9812853107344632,0.5,0.15547648266569475,53.0,,53.0,0.0,0.018714689265536724,0.020042787790646284,,0.0,0.0,0.0,2779.0,0.09433962264150944,0.018867924528301886,0.09433962264150944,0.03773584905660377,0.0,0.9600988700564972,0.5169668741979944,0.17331017910042099,53.0,0.05042016806722689,50.0,63.0,0.018714689265536724,0.048922281077136975,0.045454545454545456,66.0,0.023305084745762712,0.05660377358490566,2716.0,0.37735849056603776,0.05660377358490566,0.1509433962264151,0.05660377358490566,3.0
0.5462570621468926,0.5047456043638665,0.3773449290067247,1297.0,0.021325209444021324,1283.0,2.0,0.4579802259887006,0.48171487857385875,0.875,16.0,0.005649717514124294,0.01079414032382421,1533.0,0.110254433307633,0.016191210485736313,0.059367771781033155,0.456437933693138,14.0,1297,cortical_pca64_delta,2,2832,0,0.5451977401129944,0.5043063546796792,0.37325638342142514,1297.0,0.03448275862068965,1274.0,14.0,0.4579802259887006,0.47734604093962746,0.6216216216216216,37.0,0.013064971751412429,0.017733230531996914,1521.0,0.10717039321511179,0.015420200462606014,0.05474171164225135,0.4633770239013107,23.0,0.5462570621468926,0.5071962609781028,0.4030398263005486,1297.0,0.07885304659498209,1242.0,43.0,0.4579802259887006,0.49935693351956456,0.5612244897959183,98.0,0.0346045197740113,0.04240555127216654,1492.0,0.1125674633770239,0.015420200462606014,0.06090979182729375,0.48804934464148036,55.0,0.05752783715096076,0.01764205494570581,0.04437028797429244,0.022010892579937102,0.04877785862505728,0.02335150333185848,0.014592452319766636,-0.05961783326486281,0.5444915254237288,0.5034755725440065,0.35437785441411135,1297.0,0.03007518796992481,1277.0,13.0,0.4579802259887006,0.4760054301877061,0.6060606060606061,33.0,0.011652542372881356,0.015420200462606014,1522.0,0.10717039321511179,0.013107170393215111,0.06322282189668466,0.45875096376252894,20.0,blocked,True,future_local_rank_event,0.1,0.4590395480225989,0.5000208448963909,0.40806105582271107,1297.0,0.6257938446507083,16.0,1516.0,0.4579802259887006,0.4847644811997979,0.45799070432606365,2797.0,0.9876412429378532,0.9876638396299152,19.0,0.1218195836545875,0.01079414032382421,0.05705474171164225,0.47494217424826524,1281.0,0.5261299435028248,0.5571283267073351,0.4102195343740284,1297.0,0.6415598290598291,96.0,1246.0,0.4579802259887006,0.5589747667844274,0.4908050674295055,2447.0,0.8640536723163842,0.9259830377794911,289.0,0.13569776407093292,0.01233616037008481,0.06399383191981496,0.5605242868157286,1201.0
0.6392171344165436,0.5067108172444886,0.3012229612625073,989.0,0.029791459781529292,974.0,3.0,0.3652141802067947,0.3996274874908808,0.8333333333333334,18.0,0.0066469719350073855,0.015166835187057633,1716.0,0.1172901921132457,0.024266936299292215,0.06268958543983821,0.38018200202224467,15.0,989,cortical_pca64_delta,2.5,2708,0,0.6384785819793205,0.5069878612380161,0.3114418341962731,989.0,0.03736479842674533,970.0,9.0,0.3652141802067947,0.39478786811840827,0.6785714285714286,28.0,0.0103397341211226,0.019211324570273004,1710.0,0.10414560161779575,0.019211324570273004,0.055611729019211326,0.3902932254802831,19.0,0.6384785819793205,0.5155756368335578,0.31604918437082224,989.0,0.10756608933454875,930.0,49.0,0.3652141802067947,0.4289703581750548,0.5462962962962963,108.0,0.03988183161004431,0.05965621840242669,1670.0,0.13346814964610718,0.017189079878665317,0.07280080889787664,0.4206268958543984,59.0,0.07777462955301946,0.029342870684174016,0.07020129090780342,0.03418249005664653,0.07020129090780342,0.033950238724157256,0.04842891124000909,-0.060047160816687095,0.6384785819793205,0.5069878612380161,0.31813602322099654,989.0,0.03736479842674533,970.0,9.0,0.3652141802067947,0.39502011945089754,0.6785714285714286,28.0,0.0103397341211226,0.019211324570273004,1710.0,0.11627906976744186,0.019211324570273004,0.06875631951466127,0.3690596562184024,19.0,blocked,True,future_change_movement,0.03,0.36816838995568685,0.5001799903652216,0.30137327093138283,989.0,0.5336603979285909,10.0,1701.0,0.3652141802067947,0.3805414469350457,0.36529850746268655,2680.0,0.9896602658788775,0.9898887765419616,18.0,0.10616784630940344,0.012133468149646108,0.06167846309403438,0.38827098078867545,979.0,0.5044313146233382,0.5772379243228745,0.344364271216253,989.0,0.5553346587143804,151.0,1191.0,0.3652141802067947,0.4890175189917419,0.4130113356333169,2029.0,0.7492614475627769,0.8473205257836198,528.0,0.15369059656218403,0.010111223458038422,0.07785642062689585,0.4954499494438827,838.0
0.34269282814614344,0.5566167054892253,0.19914200219854664,501.0,0.312212389380531,60.0,1883.0,0.16948579161028418,0.327795797034818,0.1897590361445783,2324.0,0.7861975642760487,0.8802395209580839,572.0,0.26147704590818366,0.03592814371257485,0.1536926147704591,0.36127744510978044,441.0,501,cortical_pca64_delta,2.5,2956,0,0.38971583220568334,0.5467980535873264,0.24355909308687176,501.0,0.30347490347490347,108.0,1696.0,0.16948579161028418,0.2889581127666494,0.1881282910483485,2089.0,0.7066982408660352,0.7844311377245509,759.0,0.20958083832335328,0.033932135728542916,0.1437125748502994,0.3073852295409182,393.0,0.6782814614343707,0.6196442146257384,0.3127838780160887,501.0,0.3587322993931221,235.0,716.0,0.16948579161028418,0.3307397869805747,0.2708757637474542,982.0,0.33220568335588635,0.530938123752495,1739.0,0.2435129740518962,0.03792415169660679,0.14770459081836326,0.36327345309381237,266.0,0.04651991001259115,0.002943989945756731,0.055257395918218655,0.04178167421392531,0.02943665112035404,0.034853147728420075,0.1540449535629329,0.1367537171944591,0.4942489851150203,0.5890780557012248,0.2494670394605172,501.0,0.3292956482727681,134.0,1361.0,0.16948579161028418,0.29588663925215464,0.21238425925925927,1728.0,0.584573748308525,0.7325349301397206,1094.0,0.21956087824351297,0.03592814371257485,0.1317365269461078,0.31137724550898205,367.0,blocked,True,future_spike,0.03,0.44756427604871446,0.48630437698940204,0.1526947124535537,501.0,0.2505736576411198,228.0,1405.0,0.16948579161028418,0.1766948334176418,0.1626936829558999,1678.0,0.56765899864682,0.5449101796407185,1050.0,0.10978043912175649,0.017964071856287425,0.059880239520958084,0.17165668662674652,273.0,0.5476995940460081,0.5688309734909001,0.22900330768801083,501.0,0.3104693140794224,200.0,1137.0,0.16948579161028418,0.1939860697861156,0.20931849791376914,1438.0,0.486468200270636,0.6007984031936128,1318.0,0.10578842315369262,0.02594810379241517,0.059880239520958084,0.17365269461077845,301.0
0.2673559822747415,0.5517544692295523,0.17171220883040433,258.0,0.19020408163265307,25.0,1959.0,0.09527326440177253,0.18852128422180264,0.1062956204379562,2192.0,0.8094534711964549,0.9031007751937985,491.0,0.2054263565891473,0.05813953488372093,0.14728682170542637,0.2054263565891473,233.0,258,cortical_pca64_delta,2.5,2708,0,0.39032496307237813,0.5503575383641829,0.21151788261179785,258.0,0.18949435444280804,65.0,1586.0,0.09527326440177253,0.18764190884206972,0.10848791455874086,1779.0,0.6569423929098966,0.748062015503876,864.0,0.21705426356589147,0.05426356589147287,0.1434108527131783,0.2054263565891473,193.0,0.44423929098966025,0.5645483309602911,0.2260342290297509,258.0,0.196476241324079,74.0,1431.0,0.09527326440177253,0.19531075950331406,0.11393188854489164,1615.0,0.5963810930576071,0.7131782945736435,1019.0,0.2441860465116279,0.05813953488372093,0.15891472868217055,0.22868217054263565,184.0,0.006272159691425944,0.0067894752815114146,0.006981886881270966,0.007668850661244342,0.0002909552205367649,0.01172651085844989,0.07038992329700226,0.027681203270539217,0.3463810930576071,0.565951589938301,0.18256697898164007,258.0,0.19618528610354224,42.0,1728.0,0.09527326440177253,0.18358424864486417,0.1111111111111111,1944.0,0.7178729689807977,0.8372093023255814,722.0,0.2248062015503876,0.050387596899224806,0.15503875968992248,0.2131782945736434,216.0,blocked,True,future_slope_change,0.03,0.7503692762186115,0.5135263407688657,0.11469962715389481,258.0,0.14430379746835442,201.0,475.0,0.09527326440177253,0.1249208362063118,0.10714285714285714,532.0,0.1964549483013294,0.22093023255813954,1975.0,0.1434108527131783,0.031007751937984496,0.08527131782945736,0.13953488372093023,57.0,0.6621122599704579,0.5999952539155198,0.2050900464388717,258.0,0.2278481012658228,123.0,792.0,0.09527326440177253,0.16762955623277484,0.14563106796116504,927.0,0.3423190546528804,0.5232558139534884,1658.0,0.20930232558139536,0.031007751937984496,0.1434108527131783,0.19767441860465115,135.0
0.2241506646971935,0.5030529221373007,0.23045461258623082,543.0,0.333650491595306,17.0,2084.0,0.20051698670605614,0.2943754035612899,0.20153256704980843,2610.0,0.9638109305760709,0.9686924493554327,81.0,0.1694290976058932,0.0423572744014733,0.12154696132596685,0.2596685082872928,526.0,543,cortical_pca64_delta,2.5,2708,0,0.31462333825701627,0.5196228292906996,0.2854356981678611,543.0,0.335243553008596,75.0,1781.0,0.20051698670605614,0.3043746036281655,0.20809248554913296,2249.0,0.8305022156573116,0.861878453038674,384.0,0.17863720073664824,0.040515653775322284,0.1270718232044199,0.27440147329650094,468.0,0.3777695716395864,0.5432478872400784,0.30349593016833026,543.0,0.3456310679611651,98.0,1587.0,0.20051698670605614,0.3223655614198858,0.21899606299212598,2032.0,0.7503692762186115,0.8195211786372008,578.0,0.1841620626151013,0.04604051565377532,0.1141804788213628,0.2946593001841621,445.0,0.011980576365859086,0.027990157858595932,0.010387514952569121,0.01799095779172033,0.010622692751784846,0.030689152098891115,0.1249299823709277,0.023444331222041148,0.26698670605613,0.5119063112721643,0.29464348270198276,543.0,0.33500837520938026,43.0,1942.0,0.20051698670605614,0.2916764093209947,0.20475020475020475,2442.0,0.9017725258493353,0.9208103130755064,223.0,0.16022099447513813,0.040515653775322284,0.10865561694290976,0.27808471454880296,500.0,blocked,True,future_acceleration_event,0.03,0.20051698670605614,0.5,0.178505161190354,543.0,0.3340510612119348,0.0,2165.0,0.20051698670605614,0.19743557904895812,0.20051698670605614,2708.0,1.0,1.0,0.0,0.09760589318600368,0.009208103130755065,0.03683241252302026,0.20626151012891344,543.0,0.5480059084194978,0.5959050523352005,0.2553805255168283,543.0,0.3748723186925434,176.0,1048.0,0.20051698670605614,0.29892123019784467,0.2593639575971731,1415.0,0.5225258493353028,0.6758747697974218,1117.0,0.18968692449355432,0.027624309392265192,0.09023941068139964,0.3149171270718232,367.0
0.46159527326440175,0.5935778532135779,0.16933016592521555,327.0,0.2561224489795918,76.0,1382.0,0.1207533234859675,0.24155059689259495,0.15370483772198407,1633.0,0.6030280649926145,0.7675840978593272,999.0,0.25382262996941896,0.05198776758409786,0.1529051987767584,0.27522935779816515,251.0,327,cortical_pca64_delta,2.5,2708,0,0.7248892171344166,0.5784228352130205,0.2348998733977061,327.0,0.25275827482447344,201.0,544.0,0.1207533234859675,0.22294714019269285,0.1880597014925373,670.0,0.24741506646971936,0.3853211009174312,1837.0,0.21100917431192662,0.05198776758409786,0.14067278287461774,0.2324159021406728,126.0,0.6425406203840472,0.5764416821755308,0.26339522960183703,327.0,0.2484472049689441,167.0,801.0,0.1207533234859675,0.23414319103594436,0.16649323621227888,961.0,0.3548744460856721,0.4892966360856269,1580.0,0.24464831804281345,0.05198776758409786,0.14984709480122324,0.26299694189602446,160.0,-0.007675244010647703,-0.00740740585665059,-0.0043110698555293425,0.01119605084325151,-0.004590679234058065,0.026837862775547117,0.08121027972182984,0.03550324053398182,0.6141063515509602,0.5826959607596839,0.2279187776212146,327.0,0.25303788420300216,150.0,895.0,0.1207533234859675,0.20730532826039724,0.16511194029850745,1072.0,0.39586410635155095,0.5412844036697247,1486.0,0.20489296636085627,0.04281345565749235,0.12232415902140673,0.2415902140672783,177.0,blocked,False,future_local_rank_event,0.03,0.5413589364844904,0.4964788777618943,0.14373423085198522,327.0,0.18717277486910994,184.0,1058.0,0.1207533234859675,0.15293291131411452,0.11906744379683597,1201.0,0.4435007385524372,0.43730886850152906,1323.0,0.12538226299694188,0.03058103975535168,0.07951070336391437,0.14984709480122324,143.0,0.5468980797636632,0.6011961412147904,0.21043858458262427,327.0,0.2639472105578884,107.0,1120.0,0.1207533234859675,0.19863995050196254,0.16417910447761194,1340.0,0.4948301329394387,0.672782874617737,1261.0,0.2324159021406728,0.021406727828746176,0.13149847094801223,0.25382262996941896,220.0
0.808714918759232,0.5425284861264725,0.19617148936219886,534.0,0.17515923566878983,479.0,39.0,0.19719350073855244,0.3232923564735903,0.5851063829787234,94.0,0.03471196454948301,0.10299625468164794,2135.0,0.21722846441947566,0.035580524344569285,0.1254681647940075,0.301498127340824,55.0,534,cortical_pca64_delta,2.5,2708,0,0.8020679468242246,0.5602851541369057,0.2628303958019476,534.0,0.24293785310734464,448.0,88.0,0.19719350073855244,0.3269171591558815,0.4942528735632184,174.0,0.06425406203840472,0.16104868913857678,2086.0,0.20224719101123595,0.035580524344569285,0.1348314606741573,0.31273408239700373,86.0,0.7788035450516987,0.5747556240072494,0.27856300961391617,534.0,0.2977725674091442,407.0,192.0,0.19719350073855244,0.33143692404082264,0.3981191222570533,319.0,0.11779911373707533,0.23782771535580524,1982.0,0.20786516853932585,0.035580524344569285,0.1198501872659176,0.3352059925093633,127.0,0.12261333174035438,0.008144567567232364,0.054834714301799564,0.004519764884941158,0.0977725674091442,0.008531908105841202,0.12443659420006742,0.048324992638087705,0.8050221565731167,0.5479983047869097,0.2562122701959925,534.0,0.2,468.0,60.0,0.19719350073855244,0.32290501593498144,0.5238095238095238,126.0,0.0465288035450517,0.12359550561797752,2114.0,0.20037453183520598,0.031835205992509365,0.13108614232209737,0.32397003745318353,66.0,blocked,True,future_change_movement,0.05,0.36484490398818314,0.5203615076370728,0.20147425124517912,534.0,0.3254901960784313,119.0,1601.0,0.19719350073855244,0.20700032984075523,0.2058531746031746,2016.0,0.7444608567208272,0.7771535580524345,573.0,0.09925093632958802,0.013108614232209739,0.056179775280898875,0.21910112359550563,415.0,0.39697193500738553,0.5530848054467334,0.20387105660362714,534.0,0.3465386154461784,101.0,1532.0,0.19719350073855244,0.28311193140273494,0.2203562340966921,1965.0,0.7256277695716395,0.8108614232209738,642.0,0.1704119850187266,0.02247191011235955,0.1104868913857678,0.3052434456928839,433.0
0.09912043301759134,0.5066083000997009,0.13746459966935135,236.0,0.14947301181731076,2.0,2661.0,0.07983761840324763,0.16545849849400124,0.08082901554404145,2895.0,0.9793640054127198,0.9915254237288136,59.0,0.22033898305084745,0.05508474576271186,0.16101694915254236,0.1906779661016949,234.0,236,cortical_pca64_delta,2.5,2956,0,0.20635994587280107,0.5300535892323031,0.21456838299064881,236.0,0.1555075593952484,20.0,2326.0,0.07983761840324763,0.1620431846918819,0.08497246262785209,2542.0,0.8599458728010826,0.9152542372881356,394.0,0.2076271186440678,0.059322033898305086,0.1440677966101695,0.1864406779661017,216.0,0.39918809201623817,0.6019410518444666,0.23459823293727242,236.0,0.18307267709291627,37.0,1739.0,0.07983761840324763,0.21959350754018422,0.10268317853457172,1938.0,0.6556156968876861,0.8432203389830508,981.0,0.2796610169491525,0.06779661016949153,0.19491525423728814,0.2542372881355932,199.0,0.03359966527560551,0.054135009046182986,0.027565117697667868,0.05755032284830233,0.028705717038752437,0.0643533047425659,0.1366841128668379,0.1208005164220992,0.15493910690121787,0.525330259222333,0.1758928552883856,236.0,0.15436696005416384,8.0,2490.0,0.07983761840324763,0.15524020279761833,0.08388520971302428,2718.0,0.9194857916102842,0.9661016949152542,230.0,0.19915254237288135,0.0635593220338983,0.15254237288135594,0.18220338983050846,228.0,blocked,True,future_spike,0.05,0.8521650879566982,0.5230309072781655,0.11469128028679952,236.0,0.12424849699398799,205.0,232.0,0.07983761840324763,0.08290939467334632,0.11787072243346007,263.0,0.08897158322056833,0.13135593220338984,2488.0,0.13983050847457626,0.00423728813559322,0.05508474576271186,0.1271186440677966,31.0,0.7415426251691475,0.5074214855433699,0.19775857200578784,236.0,0.1238532110091743,182.0,582.0,0.07983761840324763,0.09879299111808502,0.08490566037735849,636.0,0.21515561569688768,0.2288135593220339,2138.0,0.1016949152542373,0.029661016949152543,0.05084745762711865,0.09322033898305085,54.0
0.1879615952732644,0.5694619572097734,0.1427095166104538,75.0,0.06226012793176973,2.0,2197.0,0.027695716395864108,0.04885531913772179,0.032158590308370046,2270.0,0.8382570162481536,0.9733333333333334,436.0,0.14666666666666667,0.05333333333333334,0.09333333333333334,0.08,73.0,75,cortical_pca64_delta,2.5,2708,0,0.3552437223042836,0.590717812381314,0.18383533302561947,75.0,0.0673076923076923,12.0,1734.0,0.027695716395864108,0.044100702515128196,0.035058430717863104,1797.0,0.6635893648449039,0.84,899.0,0.16,0.02666666666666667,0.10666666666666667,0.06666666666666667,63.0,0.6155834564254062,0.6274439802506646,0.2192192902974893,75.0,0.08443271767810026,27.0,1014.0,0.027695716395864108,0.09202498721176743,0.04519774011299435,1062.0,0.39217134416543575,0.64,1619.0,0.29333333333333333,0.12,0.17333333333333334,0.14666666666666667,48.0,0.02217258974633053,0.04316966807404564,0.017125025370407956,0.04792428469663923,0.02065139649359002,0.046368264129408795,0.0663333040575333,0.040189598113141545,0.24113737075332348,0.5773768831497658,0.17093346385819555,75.0,0.06378132118451024,5.0,2050.0,0.027695716395864108,0.04565672308235863,0.0330188679245283,2120.0,0.7828655834564254,0.9333333333333333,583.0,0.13333333333333333,0.05333333333333334,0.08,0.06666666666666667,70.0,blocked,True,future_slope_change,0.05,0.9723042836041359,0.5,0.1112846747602169,75.0,,75.0,0.0,0.027695716395864108,0.025691683154234136,,0.0,0.0,0.0,2633.0,0.10666666666666667,0.0,0.04,0.02666666666666667,0.0,0.8836779911373708,0.5386226104570199,0.15482571321601357,75.0,0.07624633431085044,62.0,253.0,0.027695716395864108,0.05183538909862588,0.04887218045112782,266.0,0.0982274741506647,0.17333333333333334,2380.0,0.17333333333333334,0.05333333333333334,0.09333333333333334,0.05333333333333334,13.0
0.0775480059084195,0.4942810091305068,0.21339935367038074,205.0,0.13921433494141972,3.0,2495.0,0.07570162481536188,0.12035125386537017,0.07489803485354098,2697.0,0.9959379615952733,0.9853658536585366,8.0,0.15121951219512195,0.04878048780487805,0.0975609756097561,0.12682926829268293,202.0,205,cortical_pca64_delta,2.5,2708,0,0.10782865583456426,0.4770723911793653,0.27132674060499135,205.0,0.13405017921146953,18.0,2398.0,0.07570162481536188,0.12124381872022522,0.07234042553191489,2585.0,0.9545790251107829,0.9121951219512195,105.0,0.16097560975609757,0.04878048780487805,0.0975609756097561,0.13658536585365855,187.0,0.20937961595273263,0.4939389805404246,0.26078327876272683,205.0,0.13704151551793634,35.0,2106.0,0.07570162481536188,0.16552550344544822,0.07469244288224956,2276.0,0.8404726735598228,0.8292682926829268,397.0,0.22439024390243903,0.05853658536585366,0.13170731707317074,0.18048780487804877,170.0,-0.0021728194234833798,0.045174249580078055,0.0029913363064668075,0.04428168472522301,-0.001914585415350889,0.04422746636968358,0.08010066726105784,-0.0020170447593882146,0.08013293943870015,0.4934400670415014,0.19705474421222569,205.0,0.13895610093328722,4.0,2487.0,0.07570162481536188,0.12129803707576464,0.07477678571428571,2688.0,0.9926144756277696,0.9804878048780488,16.0,0.14634146341463414,0.04390243902439024,0.09268292682926829,0.12195121951219512,201.0,blocked,True,future_acceleration_event,0.05,0.9242983751846381,0.5,0.20847862236673353,205.0,,205.0,0.0,0.07570162481536188,0.08542483618439038,,0.0,0.0,0.0,2503.0,0.12195121951219512,0.00975609756097561,0.04390243902439024,0.07317073170731707,0.0,0.7451994091580503,0.6292819348489129,0.22280841427970016,205.0,0.22645739910313903,104.0,586.0,0.07570162481536188,0.16754254820483644,0.1470160116448326,687.0,0.2536927621861152,0.4926829268292683,1917.0,0.2926829268292683,0.03902439024390244,0.16097560975609757,0.24878048780487805,101.0
0.7791728212703102,0.5324836237795081,0.22196657839295575,620.0,0.138328530259366,572.0,26.0,0.22895125553914328,0.33670090145045867,0.6486486486486487,74.0,0.027326440177252585,0.07741935483870968,2062.0,0.18870967741935485,0.03064516129032258,0.11451612903225807,0.31129032258064515,48.0,620,cortical_pca64_delta,2.5,2708,0,0.7640324963072378,0.5328714003213447,0.26787450395431783,620.0,0.17120622568093383,554.0,85.0,0.22895125553914328,0.31935925031734846,0.4370860927152318,151.0,0.055760709010339735,0.1064516129032258,2003.0,0.17096774193548386,0.027419354838709678,0.0967741935483871,0.3064516129032258,66.0,0.7533234859675036,0.564482140650105,0.30030055272378,620.0,0.2863247863247863,486.0,182.0,0.22895125553914328,0.35705676767026306,0.4240506329113924,316.0,0.11669128508124077,0.2161290322580645,1906.0,0.19193548387096773,0.02903225806451613,0.11451612903225807,0.3564516129032258,134.0,0.1479962560654203,0.020355866219804397,0.11511856064385248,0.0376975173529146,0.20409277457735606,0.04119046300164253,0.1173337215297221,0.025373306273253515,0.7692023633677991,0.5146783463107156,0.2514588633083987,620.0,0.08223201174743025,592.0,33.0,0.22895125553914328,0.31586630466862053,0.45901639344262296,61.0,0.022525849335302807,0.04516129032258064,2055.0,0.1774193548387097,0.027419354838709678,0.1032258064516129,0.31290322580645163,28.0,blocked,True,future_local_rank_event,0.05,0.2536927621861152,0.48996261277963166,0.2181431664825491,620.0,0.36225938781950145,46.0,1975.0,0.22895125553914328,0.23972304614054096,0.22518634758728914,2549.0,0.941285081240768,0.9258064516129032,113.0,0.09032258064516129,0.016129032258064516,0.05967741935483871,0.22903225806451613,574.0,0.4017725258493353,0.547999320232357,0.22150634178970147,620.0,0.3849658314350798,113.0,1507.0,0.22895125553914328,0.33168346139700955,0.25173783515392256,2014.0,0.7437223042836041,0.817741935483871,581.0,0.1774193548387097,0.020967741935483872,0.10967741935483871,0.3370967741935484,507.0
0.2673559822747415,0.5517544692295523,0.17171220883040433,258.0,0.19020408163265307,25.0,1959.0,0.09527326440177253,0.18852128422180264,0.1062956204379562,2192.0,0.8094534711964549,0.9031007751937985,491.0,0.2054263565891473,0.05813953488372093,0.14728682170542637,0.2054263565891473,233.0,258,cortical_pca64_delta,2.5,2708,0,0.3050221565731167,0.5500300585350419,0.20226036868235717,258.0,0.18949181739879414,38.0,1844.0,0.09527326440177253,0.19134140899808622,0.1065891472868217,2064.0,0.7621861152141802,0.8527131782945736,606.0,0.22868217054263565,0.05813953488372093,0.14728682170542637,0.22093023255813954,220.0,0.44423929098966025,0.5645483309602911,0.2260342290297509,258.0,0.196476241324079,74.0,1431.0,0.09527326440177253,0.19531075950331406,0.11393188854489164,1615.0,0.5963810930576071,0.7131782945736435,1019.0,0.2441860465116279,0.05813953488372093,0.15891472868217055,0.22868217054263565,184.0,0.006272159691425944,0.0067894752815114146,0.006984423925284866,0.003969350505227842,0.005356550204387911,0.022588347510884843,0.07038992329700226,0.027681203270539217,0.3810930576070901,0.5539250118652113,0.2227897271429512,258.0,0.1911196911196911,60.0,1616.0,0.09527326440177253,0.17272241199242921,0.10915104740904079,1814.0,0.6698670605612999,0.7674418604651163,834.0,0.2131782945736434,0.05426356589147287,0.13565891472868216,0.20930232558139536,198.0,blocked,True,future_change_movement,0.075,0.7503692762186115,0.5135263407688657,0.11469962715389481,258.0,0.14430379746835442,201.0,475.0,0.09527326440177253,0.1249208362063118,0.10714285714285714,532.0,0.1964549483013294,0.22093023255813954,1975.0,0.1434108527131783,0.031007751937984496,0.08527131782945736,0.13953488372093023,57.0,0.6621122599704579,0.5999952539155198,0.2050900464388717,258.0,0.2278481012658228,123.0,792.0,0.09527326440177253,0.16762955623277484,0.14563106796116504,927.0,0.3423190546528804,0.5232558139534884,1658.0,0.20930232558139536,0.031007751937984496,0.1434108527131783,0.19767441860465115,135.0
0.16779431664411368,0.5381684404151885,0.15417174911091117,118.0,0.08277404921700225,7.0,2453.0,0.039918809201623814,0.09324317595166784,0.043291731669266774,2564.0,0.8673883626522327,0.940677966101695,385.0,0.22033898305084745,0.06779661016949153,0.1440677966101695,0.1440677966101695,111.0,118,cortical_pca64_delta,2.5,2956,0,0.2628552097428958,0.5592473811827379,0.17557234093861812,118.0,0.08713866778382907,14.0,2165.0,0.039918809201623814,0.08433351248255713,0.045835169678272364,2269.0,0.7675913396481732,0.8813559322033898,673.0,0.2288135593220339,0.07627118644067797,0.1694915254237288,0.15254237288135594,104.0,0.3944519621109608,0.5831093751866319,0.20670577007055618,118.0,0.09412955465587043,25.0,1765.0,0.039918809201623814,0.13492156636808153,0.05005382131324004,1858.0,0.628552097428958,0.788135593220339,1073.0,0.2796610169491525,0.1016949152542373,0.19491525423728814,0.1864406779661017,93.0,0.01135550543886818,0.04167839041641369,0.0069908868720413575,0.0505880538855244,0.009315338177679794,0.05081295625178295,0.09724585429548958,0.07452318343493007,0.2334235453315291,0.5479807933493388,0.16979534715314246,118.0,0.08481421647819064,13.0,2253.0,0.039918809201623814,0.08410861011629858,0.044529262086514,2358.0,0.7976995940460081,0.8898305084745762,585.0,0.2033898305084746,0.059322033898305086,0.15254237288135594,0.1440677966101695,105.0,blocked,True,future_spike,0.075,0.9556833558863329,0.4977096546863989,0.07569929478042298,118.0,,118.0,13.0,0.039918809201623814,0.037675712072591946,0.0,13.0,0.004397834912043302,0.0,2825.0,0.13559322033898305,0.0,0.03389830508474576,0.00847457627118644,0.0,0.7043301759133965,0.6023518591512285,0.10979242320075092,118.0,0.11717171717171718,60.0,814.0,0.039918809201623814,0.06039838293315146,0.06651376146788991,872.0,0.29499323410013534,0.4915254237288136,2024.0,0.1694915254237288,0.00847457627118644,0.11864406779661017,0.11016949152542373,58.0
0.22488921713441654,0.5935212907518297,0.08916466212297869,36.0,0.03227293683725219,1.0,2098.0,0.013293943870014771,0.023632928755935145,0.016408813877168308,2133.0,0.7876661742983752,0.9722222222222222,574.0,0.19444444444444445,0.027777777777777776,0.1111111111111111,0.027777777777777776,35.0,36,cortical_pca64_delta,2.5,2708,0,0.3179468242245199,0.5721681636726548,0.11773399557183731,36.0,0.03146303093864709,6.0,1841.0,0.013293943870014771,0.02240257839888926,0.016034206306787813,1871.0,0.6909158050221565,0.8333333333333334,831.0,0.16666666666666666,0.027777777777777776,0.1388888888888889,0.05555555555555555,30.0,0.844903988183161,0.6199683965402528,0.16128299385877898,36.0,0.0625,22.0,398.0,0.013293943870014771,0.07217665895438075,0.03398058252427184,412.0,0.15214180206794684,0.3888888888888889,2274.0,0.25,0.08333333333333333,0.19444444444444445,0.1388888888888889,14.0,0.030227063162747807,0.0485437301984456,0.031036969061352913,0.049774080555491484,0.030149857278782118,0.04830241703301273,0.060314663468393134,0.05034079087111627,0.24889217134416544,0.5919827012641383,0.09857177607483703,36.0,0.03235014272121788,2.0,2032.0,0.013293943870014771,0.023874241921368014,0.016456921587608905,2066.0,0.7629246676514032,0.9444444444444444,640.0,0.19444444444444445,0.027777777777777776,0.1388888888888889,0.027777777777777776,34.0,blocked,True,future_slope_change,0.075,0.9867060561299852,0.5,0.05867304884445883,36.0,,36.0,0.0,0.013293943870014771,0.011861995485987608,,0.0,0.0,0.0,2672.0,0.08333333333333333,0.0,0.027777777777777776,0.0,0.0,0.9464549483013294,0.5070068196939455,0.11016075797054496,36.0,0.026845637583892613,34.0,111.0,0.013293943870014771,0.021835868083264473,0.017699115044247787,113.0,0.04172821270310192,0.05555555555555555,2561.0,0.1111111111111111,0.05555555555555555,0.05555555555555555,0.05555555555555555,2.0
0.09121122599704579,0.46916692660315,0.19950740150001123,97.0,0.06461421512732801,12.0,2449.0,0.03581979320531758,0.0835271930221585,0.033543804262036306,2534.0,0.9357459379615952,0.8762886597938144,162.0,0.16494845360824742,0.07216494845360824,0.10309278350515463,0.08247422680412371,85.0,97,cortical_pca64_delta,2.5,2708,0,0.15140324963072377,0.46563902916684763,0.23527683693177465,97.0,0.06356968215158924,19.0,2279.0,0.03581979320531758,0.08027481519105605,0.03309291472210437,2357.0,0.870384047267356,0.8041237113402062,332.0,0.15463917525773196,0.061855670103092786,0.1134020618556701,0.09278350515463918,78.0,0.3593057607090103,0.5138944276198636,0.2255025293960831,97.0,0.07070166041778254,31.0,1704.0,0.03581979320531758,0.16059642312018732,0.03728813559322034,1770.0,0.6536189069423929,0.6804123711340206,907.0,0.21649484536082475,0.1134020618556701,0.17525773195876287,0.15463917525773196,66.0,0.006087445290454532,0.07706923009802882,0.007131978266193301,0.08032160792913128,0.004796563756974098,0.06599033201193807,0.1219127980763903,0.07591575932050286,0.21491875923190545,0.483687175984238,0.2503439232828601,97.0,0.06590509666080845,22.0,2104.0,0.03581979320531758,0.09460609110824925,0.03441945846718678,2179.0,0.8046528803545052,0.7731958762886598,507.0,0.16494845360824742,0.07216494845360824,0.12371134020618557,0.10309278350515463,75.0,blocked,True,future_acceleration_event,0.075,0.9641802067946824,0.5,0.2127464487541859,97.0,,97.0,0.0,0.03581979320531758,0.038683625043797014,,0.0,0.0,0.0,2611.0,0.08247422680412371,0.030927835051546393,0.05154639175257732,0.05154639175257732,0.0,0.9346381093057607,0.5442378991341154,0.24254602377423787,97.0,0.11940298507462688,85.0,92.0,0.03581979320531758,0.08468066379968446,0.11538461538461539,104.0,0.03840472673559823,0.12371134020618557,2519.0,0.32989690721649484,0.061855670103092786,0.15463917525773196,0.1134020618556701,12.0
0.6521418020679468,0.5080350490055597,0.2807623203470187,956.0,0.034836065573770496,939.0,3.0,0.35302806499261447,0.3874878348622005,0.85,20.0,0.007385524372230428,0.01778242677824268,1749.0,0.1192468619246862,0.02405857740585774,0.06589958158995816,0.36506276150627615,17.0,956,cortical_pca64_delta,2.5,2708,0,0.6521418020679468,0.509460795552244,0.32152416428490577,956.0,0.0465587044534413,933.0,9.0,0.35302806499261447,0.3904610652510002,0.71875,32.0,0.011816838995568686,0.02405857740585774,1743.0,0.12343096234309624,0.0198744769874477,0.06903765690376569,0.3682008368200837,23.0,0.6480797636632201,0.510598765785904,0.33026132925220664,956.0,0.07922705314009662,915.0,38.0,0.35302806499261447,0.41354087978317666,0.5189873417721519,79.0,0.029172821270310192,0.04288702928870293,1714.0,0.13807531380753138,0.01882845188284519,0.07217573221757322,0.4027196652719665,41.0,0.044390987566326125,0.026053044920976154,0.03266834868665532,0.023079814532176446,0.052533007965558626,0.028432907566519394,0.049261711532980756,-0.055595694375020877,0.6499261447562777,0.505372222540647,0.308934877899044,956.0,0.02669404517453799,943.0,5.0,0.35302806499261447,0.38510797221665727,0.7222222222222222,18.0,0.0066469719350073855,0.013598326359832637,1747.0,0.11715481171548117,0.02092050209205021,0.06485355648535565,0.35564853556485354,13.0,blocked,True,future_local_rank_event,0.075,0.3593057607090103,0.5024753539290422,0.2934508873494976,956.0,0.5216432313206507,10.0,1725.0,0.35302806499261447,0.3642791682501959,0.35417446649195056,2671.0,0.9863367799113737,0.9895397489539749,27.0,0.09937238493723849,0.012552301255230125,0.058577405857740586,0.3713389121338912,946.0,0.4638109305760709,0.5585272539691638,0.2978956545406434,956.0,0.5369897959183674,114.0,1338.0,0.35302806499261447,0.46913657415819754,0.38623853211009174,2180.0,0.8050221565731167,0.8807531380753139,414.0,0.15271966527196654,0.010460251046025104,0.07845188284518828,0.4780334728033473,842.0
0.29062038404726737,0.5656926955125642,0.15095492834224408,131.0,0.1060958585388553,17.0,1904.0,0.0483751846381093,0.09756883697405565,0.05649157581764123,2018.0,0.7451994091580503,0.8702290076335878,673.0,0.1984732824427481,0.06870229007633588,0.1297709923664122,0.1297709923664122,114.0,131,cortical_pca64_delta,2.5,2708,0,0.4531019202363368,0.5786078847822931,0.20565443741523487,131.0,0.11264230077890953,37.0,1444.0,0.0483751846381093,0.09384987084385779,0.0611183355006502,1538.0,0.5679468242245199,0.7175572519083969,1133.0,0.21374045801526717,0.061068702290076333,0.1450381679389313,0.13740458015267176,94.0,0.6477104874446086,0.5902893180128381,0.21782451242337109,131.0,0.12637362637362634,62.0,892.0,0.0483751846381093,0.1286794578904335,0.07180020811654526,961.0,0.3548744460856721,0.5267175572519084,1685.0,0.29770992366412213,0.07633587786259542,0.19083969465648856,0.19083969465648856,69.0,0.020277767834771046,0.031110620916377854,0.013731325594716806,0.03482958704657571,-0.011622592908037188,0.021252263271621746,0.07798054502587382,0.04501918329287011,0.6632200886262924,0.6129294078267232,0.2038431957894383,131.0,0.13799621928166353,58.0,854.0,0.0483751846381093,0.10742719461881176,0.07874865156418555,927.0,0.3423190546528804,0.5572519083969466,1723.0,0.20610687022900764,0.07633587786259542,0.13740458015267176,0.13740458015267176,73.0,blocked,True,future_change_movement,0.1,0.9516248153618907,0.5,0.12598511587879477,131.0,,131.0,0.0,0.0483751846381093,0.05069891286455969,,0.0,0.0,0.0,2577.0,0.1297709923664122,0.015267175572519083,0.07633587786259542,0.07633587786259542,0.0,0.732274741506647,0.5876248196761131,0.18601480704332513,131.0,0.13381123058542413,75.0,650.0,0.0483751846381093,0.0836602745975634,0.07932011331444759,706.0,0.26070901033973415,0.42748091603053434,1927.0,0.19083969465648856,0.04580152671755725,0.16030534351145037,0.16030534351145037,56.0
0.3186738836265223,0.5573377622221727,0.1467027444076719,62.0,0.04730368968779565,12.0,2002.0,0.02097428958051421,0.0368365201457622,0.024366471734892786,2052.0,0.6941813261163735,0.8064516129032258,892.0,0.1774193548387097,0.04838709677419355,0.11290322580645161,0.06451612903225806,50.0,62,cortical_pca64_delta,2.5,2956,0,0.31224627875507444,0.5777303430902646,0.17201101045819014,62.0,0.049555867227676485,9.0,2024.0,0.02097428958051421,0.03175631308723983,0.025517573423206548,2077.0,0.702638700947226,0.8548387096774194,870.0,0.16129032258064516,0.016129032258064516,0.0967741935483871,0.03225806451612903,53.0,0.7709742895805142,0.6620650065764541,0.21988754117329812,62.0,0.0912751677852349,28.0,649.0,0.02097428958051421,0.08604158455678754,0.04978038067349927,683.0,0.2310554803788904,0.5483870967741935,2245.0,0.3709677419354839,0.11290322580645161,0.25806451612903225,0.1935483870967742,34.0,0.043971478097439246,0.04920506441102534,0.04171930055755841,0.05428527146954771,0.041625950300075695,0.05015426108234285,0.06755018297179573,0.046722353826368204,0.4042625169147497,0.5694819091780547,0.1725286976177706,62.0,0.0496492174851592,16.0,1745.0,0.02097428958051421,0.035887323474444684,0.02568397543271915,1791.0,0.6058863328822733,0.7419354838709677,1149.0,0.1774193548387097,0.04838709677419355,0.12903225806451613,0.08064516129032258,46.0,blocked,True,future_spike,0.1,0.9790257104194858,0.5,0.06054415156480392,62.0,,62.0,0.0,0.02097428958051421,0.01849140158499181,,0.0,0.0,0.0,2894.0,0.06451612903225806,0.0,0.016129032258064516,0.0,0.0,0.8775372124492558,0.5902200325478744,0.1157385721959977,62.0,0.09045226130653267,44.0,318.0,0.02097428958051421,0.03931923073041933,0.05357142857142857,336.0,0.11366711772665765,0.2903225806451613,2576.0,0.2903225806451613,0.016129032258064516,0.20967741935483872,0.016129032258064516,18.0
0.10081240768094535,0.5470610119047619,0.055004509222272444,20.0,0.01616161616161616,0.0,2435.0,0.007385524372230428,0.008868483007778396,0.008146639511201629,2455.0,0.906573116691285,1.0,253.0,0.1,0.0,0.0,0.0,20.0,20,cortical_pca64_delta,2.5,2708,0,0.1776218611521418,0.5609375,0.07525727595582658,20.0,0.016777041942604858,1.0,2226.0,0.007385524372230428,0.008188354177881555,0.008463251670378619,2245.0,0.8290251107828656,0.95,462.0,0.1,0.0,0.0,0.0,19.0,0.6174298375184638,0.63359375,0.09451623447036353,20.0,0.02448210922787194,7.0,1029.0,0.007385524372230428,0.018751201179024873,0.012476007677543186,1042.0,0.3847858197932053,0.65,1659.0,0.2,0.05,0.15,0.05,13.0,0.008320493066255777,0.009882718171246477,0.00770506728526708,0.010562847001143318,0.008305012591005186,0.008201608861527012,0.012184159787083784,0.001233584118201049,0.14660265878877402,0.5453125,0.07122786656231685,20.0,0.016177096636866752,1.0,2310.0,0.007385524372230428,0.010549592317497861,0.008158007728638901,2329.0,0.8600443131462334,0.95,378.0,0.1,0.05,0.05,0.05,19.0,blocked,True,future_slope_change,0.1,0.9926144756277696,0.5,0.02856322088817137,20.0,,20.0,0.0,0.007385524372230428,0.00656704139194109,,0.0,0.0,0.0,2688.0,0.1,0.0,0.1,0.0,0.0,0.9671344165435746,0.5616071428571429,0.0795674975314495,20.0,0.06315789473684211,17.0,72.0,0.007385524372230428,0.017517617060823824,0.04,75.0,0.027695716395864108,0.15,2616.0,0.2,0.1,0.15,0.05,3.0
0.12481536189069424,0.47970720960807306,0.1476453105578622,53.0,0.03658536585365854,8.0,2362.0,0.019571639586410634,0.03307161063953565,0.018695471541337765,2407.0,0.8888478581979321,0.8490566037735849,293.0,0.18867924528301888,0.03773584905660377,0.09433962264150944,0.03773584905660377,45.0,53,cortical_pca64_delta,2.5,2708,0,0.19940915805022155,0.5177486408698433,0.20308188707438132,53.0,0.03985828166519043,8.0,2160.0,0.019571639586410634,0.03180053539666931,0.02040816326530612,2205.0,0.8142540620384048,0.8490566037735849,495.0,0.18867924528301888,0.03773584905660377,0.11320754716981132,0.05660377358490566,45.0,0.7736336779911374,0.6256795650783499,0.2529532886563259,53.0,0.07541478129713422,28.0,585.0,0.019571639586410634,0.14178115251405704,0.040983606557377046,610.0,0.22525849335302806,0.4716981132075472,2070.0,0.3018867924528302,0.1509433962264151,0.2830188679245283,0.18867924528301888,25.0,0.03882941544347568,0.10870954187452139,0.03555649963194379,0.10998061711738773,0.03564205402440695,0.10407300152360965,0.1174602845519019,0.09524351501768025,0.2511078286558346,0.5163770742280496,0.23228799147882534,53.0,0.03977272727272727,11.0,2017.0,0.019571639586410634,0.03770815099044738,0.020398251578436135,2059.0,0.7603397341211225,0.7924528301886793,638.0,0.16981132075471697,0.03773584905660377,0.1320754716981132,0.09433962264150944,42.0,blocked,True,future_acceleration_event,0.1,0.9804283604135894,0.5,0.17772429715377486,53.0,,53.0,0.0,0.019571639586410634,0.024320867962155147,,0.0,0.0,0.0,2655.0,0.11320754716981132,0.03773584905660377,0.07547169811320754,0.07547169811320754,0.0,0.9545790251107829,0.533045517535444,0.19974454645442874,53.0,0.07518796992481203,48.0,75.0,0.019571639586410634,0.046537637496376794,0.0625,80.0,0.029542097488921712,0.09433962264150944,2580.0,0.3018867924528302,0.07547169811320754,0.1509433962264151,0.07547169811320754,5.0
0.534711964549483,0.5075918194049213,0.36940792758447116,1279.0,0.03522205206738131,1256.0,4.0,0.4723042836041359,0.5077953380552256,0.8518518518518519,27.0,0.009970457902511078,0.017982799061767005,1425.0,0.11571540265832682,0.018764659890539485,0.06333072713057075,0.4839718530101642,23.0,1279,cortical_pca64_delta,2.5,2708,0,0.5324963072378139,0.5055745199817694,0.3839742314292393,1279.0,0.037993920972644375,1254.0,12.0,0.4723042836041359,0.501485622444455,0.6756756756756757,37.0,0.013663220088626292,0.019546520719311962,1417.0,0.11102423768569195,0.01641907740422205,0.06254886630179828,0.4792806880375293,25.0,0.5513293943870015,0.5292872263418706,0.3977446769147512,1279.0,0.21663442940038685,1111.0,104.0,0.4723042836041359,0.546516902330753,0.6176470588235294,272.0,0.10044313146233383,0.1313526192337764,1325.0,0.1305707584050039,0.017982799061767005,0.06802189210320563,0.5301016419077405,168.0,0.18141237733300553,0.03872156427552742,0.17864050842774248,0.04503127988629796,0.158207463108252,0.050993138904860014,0.049470986027086716,-0.02917889385679784,0.5358197932053176,0.509298070625724,0.37969713358408647,1279.0,0.058426966292134834,1240.0,17.0,0.4723042836041359,0.495523763425893,0.6964285714285714,56.0,0.0206794682422452,0.03049257232212666,1412.0,0.10789679437060204,0.01641907740422205,0.05785770132916341,0.48631743549648165,39.0,blocked,True,future_local_rank_event,0.1,0.4723042836041359,0.4996306815539388,0.42629321196513853,1279.0,0.6399596875787352,9.0,1420.0,0.4723042836041359,0.4970459163036663,0.4721189591078067,2690.0,0.9933530280649926,0.9929632525410477,9.0,0.11571540265832682,0.011727912431587178,0.05629397967161845,0.5027365129007036,1270.0,0.5313884785819794,0.551715525217337,0.3756957687826916,1279.0,0.6493506493506495,104.0,1165.0,0.4723042836041359,0.5756957961875508,0.5021367521367521,2340.0,0.8641063515509602,0.9186864738076622,264.0,0.1352619233776388,0.009382329945269743,0.06724003127443315,0.581704456606724,1175.0
0.5786558345642541,0.5044573231397456,0.35942973330584876,1151.0,0.01891659501289768,1140.0,1.0,0.4250369276218611,0.4435723110987228,0.9166666666666666,12.0,0.004431314623338257,0.009556907037358819,1556.0,0.10338835794960903,0.019113814074717638,0.05994787141615986,0.42484795829713295,11.0,1151,cortical_pca64_delta,3,2708,0,0.5786558345642541,0.5045705976261462,0.355268321598031,1151.0,0.020600858369098713,1139.0,2.0,0.4250369276218611,0.436977113743019,0.8571428571428571,14.0,0.0051698670605613,0.010425716768027803,1555.0,0.10338835794960903,0.01737619461337967,0.05994787141615986,0.42224152910512597,12.0,0.577178729689808,0.5067975851888308,0.3332960799868875,1151.0,0.06986190089358245,1108.0,37.0,0.4250369276218611,0.45507064522678825,0.5375,80.0,0.029542097488921712,0.03735881841876629,1520.0,0.1103388357949609,0.016507384882710686,0.06429192006950478,0.43961772371850566,43.0,0.05094530588068477,0.011498334128065446,0.04926104252448374,0.018093531483769243,0.04087639364720564,0.023010635366757626,0.010559705026904731,-0.07045214071004996,0.579394387001477,0.5057792308160172,0.3563426847355496,1151.0,0.02898550724637681,1134.0,5.0,0.4250369276218611,0.4320600098600306,0.7727272727272727,22.0,0.00812407680945347,0.014769765421372719,1552.0,0.0999131190269331,0.01737619461337967,0.05647263249348393,0.4265855777584709,17.0,blocked,True,future_change_movement,0.03,0.42836041358936483,0.500851232655193,0.36293396264231975,1151.0,0.5941269008914526,18.0,1530.0,0.4250369276218611,0.4445109401998835,0.4254600075103267,2663.0,0.9833825701624815,0.9843614248479583,27.0,0.1155516941789748,0.011294526498696786,0.05994787141615986,0.45612510860121636,1133.0,0.4933530280649926,0.5458161817346844,0.36222587099720766,1151.0,0.6004659289458357,120.0,1252.0,0.4250369276218611,0.5255227859368382,0.451598773543583,2283.0,0.8430576070901034,0.895742832319722,305.0,0.14074717636837533,0.011294526498696786,0.06689834926151172,0.522154648132059,1031.0
0.39546684709066304,0.5491613144603106,0.2383878480290276,665.0,0.3814468674281758,114.0,1673.0,0.22496617050067658,0.39498863421583774,0.24775179856115107,2224.0,0.7523680649526387,0.8285714285714286,618.0,0.24060150375939848,0.02406015037593985,0.1293233082706767,0.42105263157894735,551.0,665,cortical_pca64_delta,3,2956,0,0.6292286874154263,0.5799010840063932,0.32705264392069844,665.0,0.37299771167048057,339.0,757.0,0.22496617050067658,0.34881226600006404,0.3010156971375808,1083.0,0.3663734776725304,0.49022556390977445,1534.0,0.20601503759398496,0.02556390977443609,0.12030075187969924,0.3609022556390977,326.0,0.736468200270636,0.6170667830641641,0.33846864143433064,665.0,0.40579710144927533,399.0,380.0,0.22496617050067658,0.38014821054512243,0.4117647058823529,646.0,0.2185385656292287,0.4,1911.0,0.21804511278195488,0.02406015037593985,0.12330827067669173,0.4030075187969925,266.0,0.024350234021099537,-0.014840423670715308,0.03279938977879476,0.03133594454505839,0.027898056428811435,0.05026782380420636,0.15122730010519697,0.1282330033463755,0.38294993234100133,0.5426871412490195,0.2828796287489633,665.0,0.3778990450204639,111.0,1713.0,0.22496617050067658,0.3298803867409161,0.24437582708425232,2267.0,0.766914749661705,0.8330827067669173,578.0,0.19097744360902255,0.022556390977443608,0.11278195488721804,0.33383458646616543,554.0,blocked,False,future_spike,0.03,0.46820027063599456,0.49095808049149503,0.22918590748966947,665.0,0.31052631578947365,311.0,1261.0,0.22496617050067658,0.22892091043992546,0.21919504643962848,1615.0,0.5463464140730717,0.5323308270676692,1030.0,0.10075187969924812,0.015037593984962405,0.04962406015037594,0.26015037593984963,354.0,0.45838971583220567,0.5502659967246795,0.24896000558394635,665.0,0.373385518590998,188.0,1413.0,0.22496617050067658,0.25191520719874694,0.2523809523809524,1890.0,0.6393775372124493,0.7172932330827068,878.0,0.11578947368421053,0.010526315789473684,0.06015037593984962,0.23759398496240602,477.0
0.23670605612998524,0.5436107236416834,0.16812406644875327,238.0,0.174190970834998,20.0,2047.0,0.0878877400295421,0.16015535599137903,0.09624724061810154,2265.0,0.8364106351550961,0.9159663865546218,423.0,0.19327731092436976,0.058823529411764705,0.13025210084033614,0.1722689075630252,218.0,238,cortical_pca64_delta,3,2708,0,0.31277695716395865,0.5549365495185928,0.20574723002854256,238.0,0.17836644591611478,36.0,1825.0,0.0878877400295421,0.1623847448579827,0.09965466206216082,2027.0,0.7485228951255539,0.8487394957983193,645.0,0.20588235294117646,0.0546218487394958,0.13445378151260504,0.19747899159663865,202.0,0.49002954209748895,0.568572449222604,0.22906229483473464,238.0,0.1862109605185622,80.0,1301.0,0.0878877400295421,0.1739972186524134,0.10829335161069226,1459.0,0.5387740029542097,0.6638655462184874,1169.0,0.23529411764705882,0.058823529411764705,0.13865546218487396,0.21428571428571427,158.0,0.012019989683564214,0.013841862661034376,0.007844514602447422,0.0116124737944307,0.0009519963751359051,0.018860734640270493,0.06001246150302017,0.024552006035376134,0.39586410635155095,0.5701085292416561,0.22182082822182686,238.0,0.1852589641434263,52.0,1584.0,0.0878877400295421,0.15513648401214292,0.10508474576271186,1770.0,0.6536189069423929,0.7815126050420168,886.0,0.20588235294117646,0.04201680672268908,0.13445378151260504,0.19747899159663865,186.0,blocked,True,future_slope_change,0.03,0.620384047267356,0.503344333684891,0.11455843596092678,238.0,0.14333333333333334,152.0,876.0,0.0878877400295421,0.11398475714939324,0.0893970893970894,962.0,0.3552437223042836,0.36134453781512604,1594.0,0.13865546218487396,0.029411764705882353,0.09243697478991597,0.13445378151260504,86.0,0.6192762186115214,0.5843687272479843,0.19964405430338017,238.0,0.20015515903801395,109.0,922.0,0.0878877400295421,0.14944521261703728,0.12274024738344434,1051.0,0.388109305760709,0.542016806722689,1548.0,0.2184873949579832,0.03361344537815126,0.13445378151260504,0.20168067226890757,129.0
0.645864106351551,0.6042092958434258,0.2625018084311959,687.0,0.4267782426778243,330.0,629.0,0.2536927621861152,0.4337579312668642,0.3620689655172414,986.0,0.3641063515509601,0.519650655021834,1392.0,0.2096069868995633,0.036390101892285295,0.1222707423580786,0.4002911208151383,357.0,687,cortical_pca64_delta,3,2708,0,0.5882570162481536,0.5708989381508714,0.26635563532196743,687.0,0.397622906537007,319.0,796.0,0.2536927621861152,0.40531354445364,0.3161512027491409,1164.0,0.4298375184638109,0.5356622998544396,1225.0,0.19213973799126638,0.03784570596797671,0.1222707423580786,0.3697234352256186,368.0,0.6336779911373708,0.6022902176347766,0.26923407897045876,687.0,0.42725173210161665,317.0,675.0,0.2536927621861152,0.41593868430709635,0.35406698564593303,1045.0,0.3858936484490399,0.5385735080058224,1346.0,0.20232896652110627,0.03784570596797671,0.11790393013100436,0.39737991266375544,370.0,0.00047348942379232817,-0.01781924695976783,0.029628825564609662,0.010625139853456367,0.04833435318423773,-0.004839330185875679,0.13269520092122716,0.05351769137364171,0.6779911373707533,0.5820169155454338,0.28807981696219587,687.0,0.3789173789173789,421.0,451.0,0.2536927621861152,0.42077801449297203,0.37099023709902373,717.0,0.26477104874446084,0.38719068413391555,1570.0,0.20087336244541484,0.036390101892285295,0.12518195050946143,0.37554585152838427,266.0,blocked,False,future_acceleration_event,0.03,0.2536927621861152,0.5,0.2109325121193357,687.0,0.40471281296023565,0.0,2021.0,0.2536927621861152,0.2832434833858692,0.2536927621861152,2708.0,1.0,1.0,0.0,0.10625909752547306,0.017467248908296942,0.056768558951965066,0.28966521106259097,687.0,0.5797636632200887,0.5887482741260434,0.3170111512492154,687.0,0.42292089249492903,270.0,868.0,0.2536927621861152,0.36242099293345464,0.3245136186770428,1285.0,0.474519940915805,0.6069868995633187,1153.0,0.1586608442503639,0.02911208151382824,0.0858806404657933,0.3915574963609898,417.0
0.4379615952732644,0.5886291304195419,0.16343981398479418,351.0,0.2675649663137632,73.0,1449.0,0.129615952732644,0.25779925748905047,0.16097278517660682,1727.0,0.6377400295420975,0.792022792022792,908.0,0.24786324786324787,0.04843304843304843,0.150997150997151,0.27635327635327633,278.0,351,cortical_pca64_delta,3,2708,0,0.837149187592319,0.5669860160738396,0.2300957311282865,351.0,0.24356775300171526,280.0,161.0,0.129615952732644,0.23839921188768637,0.30603448275862066,232.0,0.08567208271787297,0.2022792022792023,2196.0,0.22792022792022792,0.037037037037037035,0.14814814814814814,0.2706552706552707,71.0,0.6872230428360414,0.5766366052747045,0.2554802764626878,351.0,0.26155187445510025,201.0,646.0,0.129615952732644,0.2386751836472113,0.1884422110552764,796.0,0.29394387001477107,0.42735042735042733,1711.0,0.2336182336182336,0.042735042735042736,0.15954415954415954,0.2564102564102564,150.0,-0.0060130918586629445,-0.019124073841839173,0.017984121453384988,0.0002759717595249289,-0.017085896442732562,-0.01364929702203349,0.07376404578361989,0.021450303930897502,0.7418759231905465,0.5898469371104076,0.21605880912811226,351.0,0.2786377708978328,216.0,483.0,0.129615952732644,0.2523244806692448,0.21844660194174756,618.0,0.22821270310192024,0.38461538461538464,1874.0,0.23076923076923078,0.04843304843304843,0.1623931623931624,0.2621082621082621,135.0,blocked,False,future_local_rank_event,0.03,0.5546528803545052,0.5016928419558881,0.13768650860534767,351.0,0.2002652519893899,200.0,1006.0,0.129615952732644,0.1649111378635914,0.13050993949870354,1157.0,0.4272525849335303,0.4301994301994302,1351.0,0.13675213675213677,0.03133903133903134,0.09116809116809117,0.150997150997151,151.0,0.5937961595273265,0.57631084953953,0.22815461473271056,351.0,0.260752688172043,157.0,943.0,0.129615952732644,0.2172248797163138,0.1706244503078276,1137.0,0.41986706056129985,0.5527065527065527,1414.0,0.23076923076923078,0.03133903133903134,0.1282051282051282,0.27635327635327633,194.0
0.7596011816838996,0.5253096747681109,0.24293227028555497,668.0,0.11428571428571428,626.0,25.0,0.2466765140324963,0.3375655719523798,0.6268656716417911,67.0,0.024741506646971934,0.06287425149700598,2015.0,0.17365269461077845,0.02694610778443114,0.10329341317365269,0.31736526946107785,42.0,668,cortical_pca64_delta,3,2708,0,0.7555391432791728,0.5311714805682752,0.2730747576895339,668.0,0.15128205128205127,609.0,53.0,0.2466765140324963,0.3358495234104794,0.5267857142857143,112.0,0.0413589364844904,0.08832335329341318,1987.0,0.1691616766467066,0.029940119760479042,0.09730538922155689,0.32335329341317365,59.0,0.7112259970457903,0.5802908888106141,0.28750771909005113,668.0,0.3547854785478548,453.0,329.0,0.2466765140324963,0.3762385240677223,0.3952205882352941,544.0,0.20088626292466766,0.3218562874251497,1711.0,0.19461077844311378,0.029940119760479042,0.10778443113772455,0.3652694610778443,215.0,0.24049976426214054,0.038672952115342496,0.20350342726580353,0.04038900065724288,0.2195449063762033,0.04456329734275577,0.1021820661347338,0.03570435875394007,0.7544313146233382,0.5269123517670541,0.28402018601499435,668.0,0.1352405721716515,616.0,49.0,0.2466765140324963,0.3316752267249665,0.5148514851485149,101.0,0.03729689807976366,0.07784431137724551,1991.0,0.16467065868263472,0.02694610778443114,0.09730538922155689,0.3188622754491018,52.0,blocked,True,future_change_movement,0.05,0.24741506646971936,0.4989799812140425,0.21794876539552183,668.0,0.3948931116389549,3.0,2035.0,0.2466765140324963,0.2740564579329885,0.2462962962962963,2700.0,0.9970457902511078,0.9955089820359282,5.0,0.1317365269461078,0.01347305389221557,0.06736526946107785,0.2634730538922156,665.0,0.46454948301329396,0.5816822237877186,0.26197777541834466,668.0,0.42823343848580436,125.0,1325.0,0.2466765140324963,0.3405341653137822,0.2906852248394004,1868.0,0.689807976366322,0.812874251497006,715.0,0.1601796407185629,0.017964071856287425,0.08832335329341318,0.33682634730538924,543.0
0.13870094722598106,0.5002686331943074,0.19100423814519887,392.0,0.2340553549939832,3.0,2543.0,0.13261163734776726,0.19692347474408667,0.13267394270122784,2932.0,0.9918809201623816,0.9923469387755102,21.0,0.16071428571428573,0.03571428571428571,0.11479591836734694,0.18877551020408162,389.0,392,cortical_pca64_delta,3,2956,0,0.18234100135317996,0.5113781081855518,0.23826052799684005,392.0,0.23729883243925526,16.0,2401.0,0.13261163734776726,0.19064131847128174,0.13539791141519625,2777.0,0.9394451962110961,0.9591836734693877,163.0,0.16326530612244897,0.03826530612244898,0.09693877551020408,0.1989795918367347,376.0,0.36705006765899867,0.5811152854277437,0.3033525534015416,392.0,0.2677103718199609,50.0,1821.0,0.13261163734776726,0.2535945140320483,0.15811373092926492,2163.0,0.7317320703653586,0.8724489795918368,743.0,0.24489795918367346,0.04081632653061224,0.1556122448979592,0.288265306122449,342.0,0.033655016825977685,0.05667103928796163,0.03041153938070562,0.06295319556076656,0.030210371819960835,0.05164548007674008,0.12547903387267612,0.11085123733201127,0.17456021650879566,0.5112149383934541,0.22167843024921838,392.0,0.23750000000000004,12.0,2428.0,0.13261163734776726,0.20194903395530822,0.13532763532763534,2808.0,0.9499323410013532,0.9693877551020408,136.0,0.17091836734693877,0.030612244897959183,0.125,0.21173469387755103,380.0,blocked,True,future_spike,0.05,0.8017591339648173,0.5053885828902545,0.1779151943863055,392.0,0.12012012012012012,352.0,234.0,0.13261163734776726,0.12811548015937219,0.145985401459854,274.0,0.09269282814614344,0.10204081632653061,2330.0,0.1096938775510204,0.002551020408163265,0.04336734693877551,0.14285714285714285,40.0,0.6525710419485792,0.5371649049635455,0.25135544917862906,392.0,0.22490566037735846,243.0,784.0,0.13261163734776726,0.14274327670003703,0.15969989281886388,933.0,0.31562922868741544,0.38010204081632654,1780.0,0.07908163265306123,0.0,0.04336734693877551,0.10204081632653061,149.0
0.2791728212703102,0.5729160573267037,0.12830016782570286,78.0,0.0660287081339713,9.0,1943.0,0.02880354505169867,0.05438580135892372,0.03429423459244533,2012.0,0.7429837518463811,0.8846153846153846,687.0,0.16666666666666666,0.0641025641025641,0.10256410256410256,0.07692307692307693,69.0,78,cortical_pca64_delta,3,2708,0,0.36152141802067944,0.5904309252217997,0.1553119926142323,78.0,0.06993006993006992,13.0,1716.0,0.02880354505169867,0.05327772809568279,0.0364963503649635,1781.0,0.6576809453471196,0.8333333333333334,914.0,0.21794871794871795,0.05128205128205128,0.08974358974358974,0.08974358974358974,65.0,0.7019940915805022,0.6226528224627084,0.18994827419432722,78.0,0.09427609427609429,36.0,771.0,0.02880354505169867,0.11510881490657959,0.05166051660516605,813.0,0.30022156573116693,0.5384615384615384,1859.0,0.358974358974359,0.1282051282051282,0.23076923076923078,0.14102564102564102,42.0,0.028247386142122993,0.06072301354765587,0.02434602434602437,0.0618310868108968,0.024739670435034694,0.0625252047590459,0.08529140994298047,0.0688693614277798,0.37740029542097486,0.5861655454811349,0.1425092022799206,78.0,0.0695364238410596,15.0,1671.0,0.02880354505169867,0.052583610147533696,0.03633217993079585,1734.0,0.6403249630723782,0.8076923076923077,959.0,0.1794871794871795,0.05128205128205128,0.11538461538461539,0.07692307692307693,63.0,blocked,True,future_slope_change,0.05,0.9711964549483013,0.5,0.10047801335226034,78.0,,78.0,0.0,0.02880354505169867,0.029817404963599123,,0.0,0.0,0.0,2630.0,0.14102564102564102,0.01282051282051282,0.07692307692307693,0.038461538461538464,0.0,0.8954948301329394,0.5232280393877352,0.17420793140819996,78.0,0.066006600660066,68.0,215.0,0.02880354505169867,0.046239453478799784,0.044444444444444446,225.0,0.08308714918759232,0.1282051282051282,2415.0,0.1794871794871795,0.038461538461538464,0.08974358974358974,0.038461538461538464,10.0
0.1894387001477105,0.49100456269372195,0.23027278666618248,254.0,0.16635017090770984,35.0,2160.0,0.09379615952732644,0.15199116766587376,0.09205548549810845,2379.0,0.8785081240768094,0.8622047244094488,294.0,0.18110236220472442,0.04330708661417323,0.11811023622047244,0.1732283464566929,219.0,254,cortical_pca64_delta,3,2708,0,0.24261447562776958,0.5062263763484331,0.2516903138194845,254.0,0.170642943792964,43.0,2008.0,0.09379615952732644,0.15059036567045622,0.09508787742226228,2219.0,0.819423929098966,0.8307086614173228,446.0,0.16929133858267717,0.047244094488188976,0.1141732283464567,0.16141732283464566,211.0,0.3766617429837518,0.5343036276944599,0.21967402510891706,254.0,0.17978620019436345,69.0,1619.0,0.09379615952732644,0.2114983265306973,0.10254988913525499,1804.0,0.6661742983751846,0.7283464566929134,835.0,0.2125984251968504,0.06692913385826772,0.15748031496062992,0.2125984251968504,185.0,0.013436029286653606,0.05950715886482355,0.009143256401399458,0.060907960860241084,0.012788188265934003,0.05839893747510519,0.09261813343398673,0.03267048067559028,0.22636632200886264,0.4954966662174563,0.2345482537948534,254.0,0.16699801192842945,44.0,2051.0,0.09379615952732644,0.15309938905559212,0.09287925696594428,2261.0,0.8349335302806499,0.8267716535433071,403.0,0.16929133858267717,0.05905511811023622,0.11023622047244094,0.16929133858267717,210.0,blocked,True,future_acceleration_event,0.05,0.9062038404726735,0.5,0.21768896124957274,254.0,,254.0,0.0,0.09379615952732644,0.11888019309671058,,0.0,0.0,0.0,2454.0,0.14960629921259844,0.011811023622047244,0.08267716535433071,0.14566929133858267,0.0,0.7570162481536189,0.6082789467942424,0.2703830592133436,254.0,0.24713958810068648,146.0,512.0,0.09379615952732644,0.17882784585510703,0.17419354838709677,620.0,0.22895125553914328,0.4251968503937008,1942.0,0.2440944881889764,0.03937007874015748,0.14960629921259844,0.2204724409448819,108.0
0.7791728212703102,0.5273933900555519,0.2462993056100796,617.0,0.11799410029498525,577.0,21.0,0.22784342688330872,0.3324002092592286,0.6557377049180327,61.0,0.022525849335302807,0.06482982171799027,2070.0,0.1847649918962723,0.03079416531604538,0.11507293354943274,0.3079416531604538,40.0,617,cortical_pca64_delta,3,2708,0,0.7695716395864106,0.5137499835290087,0.28793101632429424,617.0,0.07964601769911506,590.0,34.0,0.22784342688330872,0.2914424454505504,0.4426229508196721,61.0,0.022525849335302807,0.04376012965964344,2057.0,0.14748784440842788,0.024311183144246355,0.08103727714748785,0.2965964343598055,27.0,0.740029542097489,0.575167015851682,0.2850877809328519,617.0,0.3230769230769231,449.0,255.0,0.22784342688330872,0.3562261621202445,0.3971631205673759,423.0,0.15620384047267355,0.27228525121555913,1836.0,0.19448946515397084,0.03079416531604538,0.11183144246353323,0.36628849270664504,168.0,0.20508282278193785,0.02382595286101591,0.24343090537780804,0.06478371666969407,0.17402543256201794,0.04217347440232877,0.11407110634864867,0.037225097269606544,0.7680945347119645,0.5287885799060107,0.27406356212602595,617.0,0.14905149051490515,562.0,66.0,0.22784342688330872,0.3140526877179157,0.45454545454545453,121.0,0.044682422451994094,0.08914100486223663,2025.0,0.17017828200972449,0.024311183144246355,0.09724473257698542,0.3063209076175041,55.0,blocked,True,future_local_rank_event,0.05,0.25960118168389956,0.48400414836448874,0.21411174693354398,617.0,0.35551269688203146,64.0,1941.0,0.22784342688330872,0.24215505577159582,0.22173215717722533,2494.0,0.9209748892171344,0.8962722852512156,150.0,0.09886547811993517,0.009724473257698542,0.05834683954619125,0.2479740680713128,553.0,0.4789512555391433,0.5757712105674779,0.2649466239111834,617.0,0.3972661255873558,152.0,1259.0,0.22784342688330872,0.31900106485063795,0.2697215777262181,1724.0,0.6366322008862629,0.7536466774716369,832.0,0.15235008103727715,0.019448946515397084,0.09238249594813615,0.3160453808752026,465.0
0.4911373707533235,0.5979136196232533,0.16910912965865874,363.0,0.28154327424400416,93.0,1285.0,0.13404726735598227,0.27288642023704773,0.17363344051446947,1555.0,0.5742245199409158,0.743801652892562,1060.0,0.26721763085399447,0.046831955922865015,0.15426997245179064,0.2975206611570248,270.0,363,cortical_pca64_delta,3,2708,0,0.5723781388478582,0.6005826828079203,0.19377128120934514,363.0,0.2860665844636251,131.0,1027.0,0.13404726735598227,0.25425142096988285,0.18427323272438442,1259.0,0.46491875923190545,0.6391184573002755,1318.0,0.22038567493112948,0.049586776859504134,0.13774104683195593,0.256198347107438,232.0,0.6602658788774003,0.5838058820419744,0.2389917881865592,363.0,0.2744479495268139,189.0,731.0,0.13404726735598227,0.250297780771678,0.19226519337016573,905.0,0.3341949778434269,0.4793388429752066,1614.0,0.23415977961432508,0.04132231404958678,0.162534435261708,0.2727272727272727,174.0,-0.007095324717190266,-0.02258863946536971,-0.0116186349368112,-0.003953640198204822,-0.013687643693525098,-0.005295432772515818,0.08057040087719836,0.02469486776892632,0.6587887740029542,0.5980874846546489,0.22967661564914538,363.0,0.288135593220339,176.0,748.0,0.13404726735598227,0.25559321354419384,0.2,935.0,0.34527326440177253,0.5151515151515151,1597.0,0.23140495867768596,0.0440771349862259,0.1487603305785124,0.27548209366391185,187.0,blocked,False,future_change_movement,0.075,0.5406203840472673,0.5135585355395396,0.1416798783796075,363.0,0.2176100628930818,190.0,1054.0,0.13404726735598227,0.16972737989447967,0.14099429502852487,1227.0,0.4531019202363368,0.4765840220385675,1291.0,0.1349862258953168,0.03305785123966942,0.0881542699724518,0.1652892561983471,173.0,0.6432791728212703,0.5914606424782816,0.25744130812307675,363.0,0.28125000000000006,174.0,792.0,0.13404726735598227,0.2256029130027517,0.1926605504587156,981.0,0.36225997045790254,0.5206611570247934,1553.0,0.21212121212121213,0.030303030303030304,0.12947658402203857,0.2727272727272727,189.0
0.08085250338294993,0.49799673303493336,0.1386223696085902,228.0,0.1426317450299779,2.0,2715.0,0.07713125845737483,0.11514677325127667,0.0768446106766406,2941.0,0.9949255751014885,0.9912280701754386,13.0,0.13596491228070176,0.039473684210526314,0.08771929824561403,0.11403508771929824,226.0,228,cortical_pca64_delta,3,2956,0,0.16779431664411368,0.5229941606214951,0.21570712681741744,228.0,0.14878892733564014,13.0,2447.0,0.07713125845737483,0.10848133554596591,0.0807663410969196,2662.0,0.9005412719891746,0.9429824561403509,281.0,0.14912280701754385,0.03070175438596491,0.08771929824561403,0.12280701754385964,215.0,0.34100135317997293,0.5806612388743119,0.24802345999377337,228.0,0.16823228010247654,31.0,1917.0,0.07713125845737483,0.16139440204096872,0.09318826868495743,2114.0,0.7151556156968877,0.8640350877192983,811.0,0.2324561403508772,0.05263157894736842,0.14035087719298245,0.18859649122807018,197.0,0.025600535072498626,0.04624762878969205,0.019443352766836397,0.05291306649500281,0.022134881836966214,0.05034873972222484,0.08793623410476345,0.058665856710436906,0.13396481732070364,0.5127045068683439,0.18401355380383924,228.0,0.14609739826551033,9.0,2551.0,0.07713125845737483,0.11104566231874388,0.07906137184115523,2770.0,0.9370771312584574,0.9605263157894737,177.0,0.13596491228070176,0.03508771929824561,0.09649122807017543,0.11403508771929824,219.0,blocked,True,future_spike,0.075,0.8893775372124493,0.49190332870298914,0.1145239259058014,228.0,0.02967359050445104,223.0,104.0,0.07713125845737483,0.07345816793620527,0.045871559633027525,109.0,0.03687415426251692,0.021929824561403508,2624.0,0.12719298245614036,0.0,0.043859649122807015,0.08771929824561403,5.0,0.7144790257104194,0.5840471780624582,0.175946024782087,228.0,0.18846153846153846,130.0,714.0,0.07713125845737483,0.10272854533053181,0.1206896551724138,812.0,0.2746955345060893,0.4298245614035088,2014.0,0.14035087719298245,0.021929824561403508,0.07894736842105263,0.10526315789473684,98.0
0.21233382570162482,0.6011593118922962,0.07340636604860284,34.0,0.03089504770558837,0.0,2133.0,0.012555391432791729,0.016504511130691943,0.015689893862482696,2167.0,0.8002215657311669,1.0,541.0,0.14705882352941177,0.0,0.0,0.0,34.0,34,cortical_pca64_delta,3,2708,0,0.3844165435745938,0.572143517092701,0.1015532468815576,34.0,0.030250145433391506,8.0,1659.0,0.012555391432791729,0.0188970093523095,0.01543026706231454,1685.0,0.6222304283604135,0.7647058823529411,1015.0,0.14705882352941177,0.029411764705882353,0.11764705882352941,0.058823529411764705,26.0,0.9150664697193501,0.6230586475427867,0.14947251991174915,34.0,0.08730158730158731,23.0,207.0,0.012555391432791729,0.038155088827565395,0.05045871559633028,218.0,0.08050221565731167,0.3235294117647059,2467.0,0.38235294117647056,0.058823529411764705,0.17647058823529413,0.11764705882352941,11.0,0.056406539595998936,0.021650577696873452,0.0570514418681958,0.019258079475255895,0.05632585162786506,0.019749949320372755,0.027575646549270787,0.017310609609468095,0.3068685376661743,0.5909520876413392,0.09611096740420065,34.0,0.03097573567372225,4.0,1873.0,0.012555391432791729,0.01840513950719264,0.015764582238570676,1903.0,0.7027326440177253,0.8823529411764706,801.0,0.20588235294117646,0.0,0.08823529411764706,0.0,30.0,blocked,True,future_slope_change,0.075,0.9874446085672083,0.5,0.043466987476140154,34.0,,34.0,0.0,0.012555391432791729,0.010579442278294608,,0.0,0.0,0.0,2674.0,0.08823529411764706,0.0,0.058823529411764705,0.0,0.0,0.9420236336779911,0.5060385410708786,0.10400304507084253,34.0,0.024844720496894408,32.0,125.0,0.012555391432791729,0.0208444792180973,0.015748031496062992,127.0,0.04689807976366322,0.058823529411764705,2549.0,0.11764705882352941,0.058823529411764705,0.058823529411764705,0.058823529411764705,2.0
0.12259970457902511,0.4557986719314392,0.197176908053894,117.0,0.07476635514018692,21.0,2355.0,0.043205317577548,0.10039129763176813,0.03916768665850673,2451.0,0.905096011816839,0.8205128205128205,236.0,0.1794871794871795,0.06837606837606838,0.11965811965811966,0.09401709401709402,96.0,117,cortical_pca64_delta,3,2708,0,0.19239290989660265,0.4881905478200345,0.24634729659006835,117.0,0.07993268826251577,22.0,2165.0,0.043205317577548,0.0900299192102909,0.0420353982300885,2260.0,0.8345642540620384,0.811965811965812,426.0,0.1623931623931624,0.05982905982905983,0.11965811965811966,0.10256410256410256,95.0,0.41654357459379615,0.5318772740617588,0.24577851399074288,117.0,0.08881199538638984,40.0,1540.0,0.043205317577548,0.15773679849563607,0.047619047619047616,1617.0,0.5971196454948301,0.6581196581196581,1051.0,0.23076923076923078,0.10256410256410256,0.17094017094017094,0.13675213675213677,77.0,0.014045640246202917,0.05734550086386794,0.008879307123874067,0.06770687928534518,0.010699708974672983,0.06453761693783769,0.09831553836363058,0.05588666889358787,0.16322008862629248,0.4770259972884442,0.21691619081924235,117.0,0.07811228641171686,21.0,2245.0,0.043205317577548,0.09319918155779838,0.04100811618966254,2341.0,0.8644756277695717,0.8205128205128205,346.0,0.20512820512820512,0.05982905982905983,0.1282051282051282,0.1111111111111111,96.0,blocked,True,future_acceleration_event,0.075,0.956794682422452,0.5,0.21742138825117063,117.0,,117.0,0.0,0.043205317577548,0.059421260132005486,,0.0,0.0,0.0,2591.0,0.11965811965811966,0.042735042735042736,0.07692307692307693,0.07692307692307693,0.0,0.8836779911373708,0.6168509007181334,0.20917750137881957,117.0,0.19437340153452687,79.0,236.0,0.043205317577548,0.1018501296020482,0.1386861313868613,274.0,0.10118168389955687,0.3247863247863248,2355.0,0.3247863247863248,0.03418803418803419,0.15384615384615385,0.13675213675213677,38.0
0.6373707533234859,0.5044684328735551,0.2863769319622877,990.0,0.019960079840319365,980.0,2.0,0.3655834564254062,0.3905698567860798,0.8333333333333334,12.0,0.004431314623338257,0.010101010101010102,1716.0,0.11212121212121212,0.021212121212121213,0.06565656565656566,0.3696969696969697,10.0,990,cortical_pca64_delta,3,2708,0,0.6388478581979321,0.5067026493103327,0.32826063487305646,990.0,0.029761904761904764,975.0,3.0,0.3655834564254062,0.39505465902939246,0.8333333333333334,18.0,0.0066469719350073855,0.015151515151515152,1715.0,0.11313131313131314,0.021212121212121213,0.0707070707070707,0.3606060606060606,15.0,0.6410635155096012,0.5148692983384485,0.2914901004380178,990.0,0.08474576271186442,945.0,27.0,0.3655834564254062,0.4112281635598206,0.625,72.0,0.026587887740029542,0.045454545454545456,1691.0,0.11414141414141414,0.01717171717171717,0.06464646464646465,0.40606060606060607,45.0,0.06478568287154506,0.02065830677374081,0.05498385794995965,0.01617350453042815,0.06676374472984643,0.023530807982237667,0.035337593481022944,-0.05127702835690767,0.6370014771048744,0.5039633823685046,0.3598665684613344,990.0,0.017982017982017984,981.0,2.0,0.3655834564254062,0.38769735557758295,0.8181818181818182,11.0,0.004062038404726735,0.00909090909090909,1716.0,0.11313131313131314,0.01919191919191919,0.06262626262626263,0.36363636363636365,9.0,blocked,True,future_local_rank_event,0.075,0.3722304283604136,0.5016004045107654,0.2843094079798009,990.0,0.5337356006582555,17.0,1683.0,0.3655834564254062,0.37589057007879767,0.36634036144578314,2656.0,0.9807976366322009,0.9828282828282828,35.0,0.10101010101010101,0.011111111111111112,0.06060606060606061,0.3787878787878788,973.0,0.47488921713441656,0.5568267071177432,0.3218396212799741,990.0,0.5453964194373401,137.0,1285.0,0.3655834564254062,0.4625051919167283,0.3989710009354537,2138.0,0.7895125553914328,0.8616161616161616,433.0,0.14545454545454545,0.012121212121212121,0.07575757575757576,0.4777777777777778,853.0
0.26329394387001476,0.5581264603548726,0.142448254043504,195.0,0.149978696207925,19.0,1976.0,0.07200886262924668,0.1499082009614433,0.08178438661710037,2152.0,0.794682422451994,0.9025641025641026,537.0,0.2,0.06153846153846154,0.14358974358974358,0.17435897435897435,176.0,195,cortical_pca64_delta,3,2708,0,0.4723042836041359,0.5785005152693175,0.194891752932276,195.0,0.1608925425719319,58.0,1371.0,0.07200886262924668,0.1512706649120457,0.09084880636604775,1508.0,0.5568685376661743,0.7025641025641025,1142.0,0.2205128205128205,0.06153846153846154,0.15897435897435896,0.17435897435897435,137.0,0.6949778434268833,0.5731243686675442,0.24598170780287792,195.0,0.16901408450704225,111.0,715.0,0.07200886262924668,0.17111273619497072,0.10513141426783479,799.0,0.2950516986706056,0.4307692307692308,1798.0,0.2564102564102564,0.07692307692307693,0.1794871794871795,0.2205128205128205,84.0,0.019035388299117245,0.021204535233527416,0.00812154193511036,0.019842071282925033,0.00795394179552339,0.03648948692242668,0.0767990065934406,0.04296485803060862,0.39217134416543575,0.5849929086697889,0.18981861596539265,195.0,0.16106014271151886,37.0,1609.0,0.07200886262924668,0.13462324927254404,0.08941709111488398,1767.0,0.6525110782865583,0.8102564102564103,904.0,0.2,0.05641025641025641,0.15384615384615385,0.1641025641025641,158.0,blocked,True,future_change_movement,0.1,0.5092319054652881,0.4706796453314559,0.10155780676238585,195.0,0.11103678929765885,112.0,1217.0,0.07200886262924668,0.09431372960153012,0.06384615384615384,1300.0,0.48005908419497784,0.4256410256410256,1296.0,0.1282051282051282,0.03076923076923077,0.07692307692307693,0.11282051282051282,83.0,0.5350812407680945,0.5721172977440387,0.17128868375246167,195.0,0.1601067378252168,75.0,1184.0,0.07200886262924668,0.1281478781643621,0.09202453987730061,1304.0,0.4815361890694239,0.6153846153846154,1329.0,0.23076923076923078,0.041025641025641026,0.14871794871794872,0.16923076923076924,120.0
0.2422192151556157,0.5416631763831656,0.18440661032862682,131.0,0.09238249594813615,17.0,2223.0,0.04431664411366712,0.07566128437024011,0.04878048780487805,2337.0,0.790595399188092,0.8702290076335878,602.0,0.1450381679389313,0.04580152671755725,0.09923664122137404,0.09923664122137404,114.0,131,cortical_pca64_delta,3,2956,0,0.2435723951285521,0.5496507464703101,0.17301039599342155,131.0,0.0940032414910859,15.0,2221.0,0.04431664411366712,0.06962671499328946,0.049636285836542574,2337.0,0.790595399188092,0.8854961832061069,604.0,0.16793893129770993,0.03816793893129771,0.10687022900763359,0.10687022900763359,116.0,0.44350473612990526,0.5850962642707559,0.20322183334415603,131.0,0.1054921152800435,34.0,1611.0,0.04431664411366712,0.133291186574668,0.056791569086651054,1708.0,0.577807848443843,0.7404580152671756,1214.0,0.2900763358778626,0.07633587786259542,0.19083969465648856,0.19083969465648856,97.0,0.013109619331907352,0.0576299022044279,0.011488873788957604,0.06366447158137856,0.005069778349025195,0.059420883733900295,0.0920342865162075,0.05972368184730807,0.35148849797023,0.5733526987772749,0.21758714592831616,131.0,0.1004223369310183,24.0,1893.0,0.04431664411366712,0.07387030284076772,0.0535,2000.0,0.6765899864682002,0.816793893129771,932.0,0.16030534351145037,0.04580152671755725,0.1297709923664122,0.11450381679389313,107.0,blocked,True,future_spike,0.1,0.9516238159675237,0.49787610619469025,0.08946635421362321,131.0,,131.0,12.0,0.04431664411366712,0.04125690005846051,0.0,12.0,0.0040595399188092015,0.0,2813.0,0.12213740458015267,0.0,0.030534351145038167,0.022900763358778626,0.0,0.7039918809201624,0.597626156860096,0.13925056615247805,131.0,0.1258741258741259,68.0,807.0,0.04431664411366712,0.07356750472735994,0.07241379310344828,870.0,0.2943166441136671,0.48091603053435117,2018.0,0.25190839694656486,0.007633587786259542,0.13740458015267176,0.13740458015267176,63.0
0.03581979320531758,0.5148643626904497,0.02980075369236614,17.0,0.012854442344045367,0.0,2611.0,0.006277695716395864,0.006486927440169144,0.006468797564687975,2628.0,0.9704579025110783,1.0,80.0,0.058823529411764705,0.0,0.0,0.0,17.0,17,cortical_pca64_delta,3,2708,0,0.31646971935007384,0.5976238879052178,0.05583678146074528,17.0,0.01594896331738437,2.0,1849.0,0.006277695716395864,0.00667873890585869,0.008047210300429184,1864.0,0.6883308714918759,0.8823529411764706,842.0,0.17647058823529413,0.0,0.0,0.0,15.0,0.8578286558345642,0.6362056528296938,0.07543794741986752,17.0,0.03508771929824561,10.0,375.0,0.006277695716395864,0.02243606461911101,0.01832460732984293,382.0,0.1410635155096012,0.4117647058823529,2316.0,0.29411764705882354,0.058823529411764705,0.11764705882352941,0.058823529411764705,7.0,0.022233276954200243,0.015949137178941867,0.019138755980861243,0.01575732571325232,0.02158029021224831,0.01600774382844117,0.017332211380102634,0.006798204909895054,0.19091580502215658,0.5344503464708068,0.051096382430610536,17.0,0.0135074290859973,2.0,2189.0,0.006277695716395864,0.00642832079066984,0.006805807622504537,2204.0,0.8138847858197932,0.8823529411764706,502.0,0.058823529411764705,0.0,0.058823529411764705,0.0,15.0,blocked,True,future_slope_change,0.1,0.9892909896602659,0.4977703455964326,0.015910683090780524,17.0,,17.0,12.0,0.006277695716395864,0.005103853239008377,0.0,12.0,0.004431314623338257,0.0,2679.0,0.058823529411764705,0.0,0.058823529411764705,0.0,0.0,0.9608567208271788,0.5419153168513782,0.05905569414601004,17.0,0.03636363636363636,15.0,91.0,0.006277695716395864,0.015637859709215957,0.021505376344086023,93.0,0.03434268833087149,0.11764705882352941,2600.0,0.11764705882352941,0.11764705882352941,0.11764705882352941,0.058823529411764705,2.0
0.06868537666174299,0.47123852261292015,0.13157353715853753,79.0,0.0533033033033033,8.0,2514.0,0.029172821270310192,0.06040787236754818,0.02746615087040619,2585.0,0.9545790251107829,0.8987341772151899,115.0,0.1518987341772152,0.0379746835443038,0.08860759493670886,0.08860759493670886,71.0,79,cortical_pca64_delta,3,2708,0,0.21454948301329393,0.4849728683476896,0.22037641065811814,79.0,0.0542463317029791,18.0,2109.0,0.029172821270310192,0.07609213767452165,0.028110599078341014,2170.0,0.8013293943870015,0.7721518987341772,520.0,0.16455696202531644,0.06329113924050633,0.08860759493670886,0.0759493670886076,61.0,0.5561299852289513,0.5442556490170494,0.24825607645174988,79.0,0.06531881804043546,37.0,1165.0,0.029172821270310192,0.15322390686482912,0.0347970173985087,1207.0,0.44571639586410633,0.5316455696202531,1464.0,0.25316455696202533,0.12658227848101267,0.17721518987341772,0.1518987341772152,42.0,0.012015514737132159,0.09281603449728093,0.011072486337456361,0.07713176919030747,0.012575304641881668,0.09844512828115252,0.11361046351532039,0.08992464673019558,0.1776218611521418,0.472093157623585,0.20103014657483104,79.0,0.05274351339855379,17.0,2210.0,0.029172821270310192,0.05477877858367659,0.027288732394366196,2272.0,0.8389955686853766,0.7848101265822784,419.0,0.1518987341772152,0.05063291139240506,0.0759493670886076,0.06329113924050633,62.0,blocked,True,future_acceleration_event,0.1,0.9708271787296898,0.5,0.18406718708524206,79.0,,79.0,0.0,0.029172821270310192,0.039613443349508726,,0.0,0.0,0.0,2629.0,0.11392405063291139,0.05063291139240506,0.0759493670886076,0.06329113924050633,0.0,0.9309453471196455,0.5408491460872161,0.17731091871277516,79.0,0.0966183574879227,69.0,118.0,0.029172821270310192,0.06329926013463354,0.078125,128.0,0.047267355982274745,0.12658227848101267,2511.0,0.31645569620253167,0.0379746835443038,0.12658227848101267,0.0759493670886076,10.0
0.5291728212703102,0.5036195264097448,0.3861822283677882,1284.0,0.018475750577367202,1272.0,3.0,0.4741506646971935,0.4968116566757597,0.8,15.0,0.005539143279172821,0.009345794392523364,1421.0,0.1059190031152648,0.01791277258566978,0.06074766355140187,0.4797507788161994,12.0,1284,cortical_pca64_delta,3,2708,0,0.5306499261447563,0.5055217193461444,0.3792656030198515,1284.0,0.03785011355034065,1259.0,12.0,0.4741506646971935,0.49422497915619207,0.6756756756756757,37.0,0.013663220088626292,0.019470404984423675,1412.0,0.10903426791277258,0.01557632398753894,0.05841121495327103,0.47741433021806856,25.0,0.5369276218611522,0.5138261752248942,0.3590176068426865,1284.0,0.12061711079943897,1198.0,56.0,0.4741506646971935,0.5200686926270496,0.6056338028169014,142.0,0.05243722304283604,0.06697819314641744,1368.0,0.12227414330218069,0.01557632398753894,0.0630841121495327,0.5070093457943925,86.0,0.10214136022207176,0.02325703595128986,0.08276699724909832,0.02584371347085751,0.09307311692032649,0.027087723750141013,0.011425116895866894,-0.06499627796522267,0.5306499261447563,0.5052537278168644,0.40364136874425166,1284.0,0.027543993879112473,1266.0,5.0,0.4741506646971935,0.49298096887690857,0.782608695652174,23.0,0.008493353028064993,0.014018691588785047,1419.0,0.10514018691588785,0.01557632398753894,0.05529595015576324,0.4797507788161994,18.0,blocked,True,future_local_rank_event,0.1,0.473781388478582,0.49938088487521437,0.41145104067781085,1284.0,0.6418698165368183,7.0,1418.0,0.4741506646971935,0.5086435757311827,0.4738404452690167,2695.0,0.9951994091580503,0.9945482866043613,6.0,0.117601246105919,0.012461059190031152,0.056074766355140186,0.5085669781931464,1277.0,0.5376661742983752,0.5559139714375723,0.39168613550652004,1284.0,0.6508644729503625,117.0,1135.0,0.4741506646971935,0.5850649705922722,0.5069504778453519,2302.0,0.8500738552437223,0.9088785046728972,289.0,0.14018691588785046,0.010903426791277258,0.07009345794392523,0.5887850467289719,1167.0
0.5052224371373307,0.5038810710762482,0.40792135662307477,1289.0,0.016910069177555727,1278.0,1.0,0.4986460348162476,0.5148817246829678,0.9166666666666666,12.0,0.0046421663442940036,0.008533747090768037,1295.0,0.10628394103956555,0.017843289371605897,0.05508145849495733,0.49340574088440653,11.0,1289,cortical_pca64_delta,4,2585,0,0.5067698259187621,0.505434756582287,0.3946146181713995,1289.0,0.02448355011476664,1273.0,2.0,0.4986460348162476,0.5153524928134946,0.8888888888888888,18.0,0.006963249516441006,0.012412723041117145,1294.0,0.10550814584949574,0.017067494181536073,0.05973622963537626,0.5003878975950349,16.0,0.5145067698259188,0.513266037889454,0.3682087796469094,1289.0,0.10164638511095204,1218.0,37.0,0.4986460348162476,0.5399617123211912,0.6574074074074074,108.0,0.041779497098646035,0.05508145849495733,1259.0,0.11636927851047324,0.016291698991466253,0.06516679596586501,0.5213343677269201,71.0,0.08473631593339631,0.02507998763822339,0.0771628349961854,0.024609219507696567,0.07420736072070815,0.02894103202224918,0.011263698304095793,-0.07385497438707755,0.5063829787234042,0.5050531443649494,0.3748741293547365,1289.0,0.027439024390243903,1271.0,5.0,0.4986460348162476,0.511020680298942,0.782608695652174,23.0,0.008897485493230174,0.013964313421256789,1291.0,0.10473235065942592,0.015515903801396431,0.05818463925523662,0.49961210240496506,18.0,blocked,True,future_change_movement,0.03,0.4990328820116054,0.5003858024691358,0.4238893465051227,1289.0,0.6656338755486703,0.0,1295.0,0.4986460348162476,0.5286980140170954,0.4988390092879257,2584.0,0.9996131528046421,1.0,1.0,0.11792086889061287,0.011636927851047323,0.05430566330488751,0.5415050426687354,1289.0,0.5473887814313346,0.5483240788629333,0.4164530136825112,1289.0,0.6632124352331606,137.0,1033.0,0.4986460348162476,0.6138166867082687,0.5272311212814645,2185.0,0.8452611218568665,0.8937160589604345,263.0,0.13964313421256788,0.01474010861132661,0.0721489526764934,0.5927075252133437,1152.0
0.7415426251691475,0.5851513679779828,0.3097594479481037,781.0,0.3413793103448276,583.0,181.0,0.2642083897158322,0.40603893972904587,0.5224274406332454,379.0,0.12821380243572394,0.2535211267605634,1994.0,0.2023047375160051,0.020486555697823303,0.11267605633802817,0.4084507042253521,198.0,781,cortical_pca64_delta,4,2956,0,0.6407307171853857,0.5703975157107746,0.32659053957479467,781.0,0.3825581395348837,452.0,610.0,0.2642083897158322,0.37737687737967107,0.3503727369542066,939.0,0.31765899864682,0.4212548015364917,1565.0,0.18181818181818182,0.024327784891165175,0.11139564660691421,0.3674775928297055,329.0,0.739851150202977,0.5741542672965694,0.34206145880406796,781.0,0.31154879140555064,607.0,162.0,0.2642083897158322,0.4109324802676704,0.5178571428571429,336.0,0.11366711772665765,0.22279129321382843,2013.0,0.1946222791293214,0.026888604353393086,0.10627400768245839,0.4174135723431498,174.0,-0.029830518939276962,0.004893540538624508,-0.07100934812933307,0.0335556028879993,-0.08239060253384323,0.02691353007487246,0.14636771449722885,0.11976876862470309,0.6752368064952639,0.5868703548353864,0.2994178987079668,781.0,0.39393939393939387,469.0,491.0,0.2642083897158322,0.3840189501927979,0.38854296388542964,803.0,0.2716508795669824,0.3994878361075544,1684.0,0.1792573623559539,0.02176696542893726,0.10243277848911651,0.39564660691421255,312.0,blocked,True,future_spike,0.03,0.4479025710419486,0.48367757222541097,0.28696485854061615,781.0,0.34876296887470076,344.0,1288.0,0.2642083897158322,0.2645647657704415,0.25333333333333335,1725.0,0.5835588633288228,0.559539052496799,887.0,0.10371318822023047,0.014084507042253521,0.04481434058898848,0.29449423815621,437.0,0.42794316644113667,0.5382274419768349,0.2850732506806339,781.0,0.4162927166033828,178.0,1513.0,0.2642083897158322,0.2911637116429673,0.28497164461247637,2116.0,0.7158322056833559,0.7720870678617158,662.0,0.11267605633802817,0.012804097311139564,0.05505761843790013,0.2919334186939821,603.0
0.45029013539651835,0.5655052264808362,0.1473654089307846,205.0,0.16851960210649503,61.0,1360.0,0.07930367504835589,0.1681929670350454,0.09574468085106383,1504.0,0.5818181818181818,0.7024390243902439,1020.0,0.2097560975609756,0.05853658536585366,0.15121951219512195,0.17560975609756097,144.0,205,cortical_pca64_delta,4,2585,0,0.6205029013539651,0.5999897519983604,0.20297831536866054,205.0,0.19391947411668037,87.0,894.0,0.07930367504835589,0.15716478642834356,0.116600790513834,1012.0,0.39148936170212767,0.5756097560975609,1486.0,0.18048780487804877,0.05853658536585366,0.13170731707317074,0.15609756097560976,118.0,0.8885880077369439,0.5694916991186718,0.24846780581453243,205.0,0.21311475409836067,166.0,122.0,0.07930367504835589,0.17115277119250313,0.2422360248447205,161.0,0.062282398452611215,0.1902439024390244,2258.0,0.25365853658536586,0.05365853658536585,0.16097560975609757,0.21951219512195122,39.0,0.044595151991865645,0.002959804157457724,0.019195279981680302,0.013987984764159578,0.03210585202120933,0.013805152328017573,0.06742764878560509,0.042598103015456884,0.5729206963249517,0.5830651772904283,0.21038095067667492,205.0,0.18100890207715134,83.0,1021.0,0.07930367504835589,0.15734761886448556,0.10673665791776028,1143.0,0.44216634429400387,0.5951219512195122,1359.0,0.2097560975609756,0.06341463414634146,0.12682926829268293,0.1951219512195122,122.0,blocked,True,future_slope_change,0.03,0.548936170212766,0.4808823529411765,0.1105469296912014,205.0,0.12330827067669174,123.0,1043.0,0.07930367504835589,0.10372512240689805,0.07288888888888889,1125.0,0.43520309477756286,0.4,1337.0,0.1024390243902439,0.03414634146341464,0.07804878048780488,0.07804878048780488,82.0,0.6003868471953578,0.593523262963722,0.17942513715492175,205.0,0.18853102906520033,85.0,948.0,0.07930367504835589,0.12855466817704625,0.11235955056179775,1068.0,0.41315280464216636,0.5853658536585366,1432.0,0.16585365853658537,0.03902439024390244,0.1073170731707317,0.12195121951219512,120.0
0.3148936170212766,0.5081560283687944,0.2812178774149689,705.0,0.42630385487528344,47.0,1724.0,0.2727272727272727,0.36097305112956257,0.2762384550797649,2382.0,0.9214700193423597,0.9333333333333333,156.0,0.15177304964539007,0.029787234042553193,0.09645390070921986,0.33900709219858155,658.0,705,cortical_pca64_delta,4,2585,0,0.38684719535783363,0.5195035460992907,0.31214384626659064,705.0,0.4192011725906925,133.0,1452.0,0.2727272727272727,0.37760016644707695,0.2826086956521739,2024.0,0.7829787234042553,0.8113475177304964,428.0,0.17163120567375886,0.032624113475177303,0.10638297872340426,0.35319148936170214,572.0,0.35009671179883944,0.5141843971631206,0.29431643317686595,705.0,0.42347288949897044,88.0,1592.0,0.2727272727272727,0.3718961855851287,0.27931190583974647,2209.0,0.8545454545454545,0.875177304964539,288.0,0.16028368794326242,0.028368794326241134,0.1049645390070922,0.3517730496453901,617.0,-0.0028309653763129994,0.010923134455566141,0.004271716908277934,-0.005703980861948232,-0.0005902268718382953,0.023045243470323884,0.07377247419401056,-0.004721815849033195,0.3222437137330754,0.5074468085106383,0.2885563116272638,705.0,0.42406311637080873,60.0,1692.0,0.2727272727272727,0.34885094211480483,0.27599486521181,2337.0,0.9040618955512573,0.9148936170212766,188.0,0.16453900709219857,0.02553191489361702,0.09929078014184398,0.33617021276595743,645.0,blocked,False,future_acceleration_event,0.03,0.2723404255319149,0.49929078014184397,0.2162191118853093,705.0,0.4280936454849498,1.0,1880.0,0.2727272727272727,0.29812371139111815,0.2724458204334365,2584.0,0.9996131528046421,0.9985815602836879,0.0,0.12482269503546099,0.009929078014184398,0.07375886524822695,0.28368794326241137,704.0,0.593036750483559,0.6000886524822695,0.2920739446779277,705.0,0.45208333333333334,271.0,781.0,0.2727272727272727,0.3766180014341619,0.35720164609053495,1215.0,0.4700193423597679,0.6156028368794326,1099.0,0.16595744680851063,0.02269503546099291,0.08652482269503546,0.38156028368794326,434.0
0.7980657640232108,0.6029370477916994,0.17425673957558477,332.0,0.30213903743315507,219.0,303.0,0.12843326885880077,0.2709375581775199,0.27163461538461536,416.0,0.1609284332688588,0.34036144578313254,1950.0,0.2740963855421687,0.04819277108433735,0.1686746987951807,0.29819277108433734,113.0,332,cortical_pca64_delta,4,2585,0,0.8270793036750483,0.556660730806047,0.226037781507182,332.0,0.22260869565217392,268.0,179.0,0.12843326885880077,0.21164461506402327,0.26337448559670784,243.0,0.09400386847195358,0.1927710843373494,2074.0,0.1927710843373494,0.03614457831325301,0.13253012048192772,0.22289156626506024,64.0,0.767504835589942,0.5764161840437649,0.22903254592345523,332.0,0.2607626076260762,226.0,375.0,0.12843326885880077,0.23458327242950414,0.2203742203742204,481.0,0.186073500967118,0.3192771084337349,1878.0,0.2289156626506024,0.045180722891566265,0.14457831325301204,0.25903614457831325,106.0,-0.04137642980707884,-0.036354285748015774,0.038153911973902305,0.02293865736548087,-0.008308127464076331,0.015222805608839957,0.07808383855799433,0.03137437881249072,0.7961315280464216,0.5812818517746084,0.21181898351430406,332.0,0.26907073509015256,235.0,292.0,0.12843326885880077,0.21936046682066418,0.2493573264781491,389.0,0.1504835589941973,0.2921686746987952,1961.0,0.21686746987951808,0.03313253012048193,0.12349397590361445,0.2620481927710843,97.0,blocked,False,future_local_rank_event,0.03,0.4154738878143133,0.5157139877753357,0.14058334021962113,332.0,0.22233659289758106,116.0,1395.0,0.12843326885880077,0.1564994338715098,0.1340782122905028,1611.0,0.6232108317214701,0.6506024096385542,858.0,0.10843373493975904,0.03614457831325301,0.06927710843373494,0.12650602409638553,216.0,0.5659574468085107,0.5930546420034332,0.1998496300730574,332.0,0.27142857142857146,123.0,999.0,0.12843326885880077,0.20320889361701341,0.17301324503311258,1208.0,0.46731141199226306,0.6295180722891566,1254.0,0.18373493975903615,0.030120481927710843,0.12048192771084337,0.21987951807228914,209.0
0.6754352030947776,0.5085464959468269,0.28808152755010896,851.0,0.038946162657502864,834.0,5.0,0.3292069632495164,0.3683949867307578,0.7727272727272727,22.0,0.00851063829787234,0.0199764982373678,1729.0,0.12925969447708577,0.023501762632197415,0.07638072855464159,0.33607520564042304,17.0,851,cortical_pca64_delta,4,2585,0,0.6762088974854932,0.5094223906470032,0.30875281731593496,851.0,0.041237113402061855,833.0,4.0,0.3292069632495164,0.3659488462693742,0.8181818181818182,22.0,0.00851063829787234,0.021151586368977675,1730.0,0.11750881316098707,0.022326674500587545,0.07285546415981199,0.345475910693302,18.0,0.6738878143133462,0.5325253416497586,0.3073000105817604,851.0,0.19330143540669856,750.0,93.0,0.3292069632495164,0.4083129628846638,0.520618556701031,194.0,0.07504835589941973,0.11868390129259694,1641.0,0.1492361927144536,0.01762632197414806,0.08108108108108109,0.40540540540540543,101.0,0.1543552727491957,0.039917976153905965,0.1520643220046367,0.042364116615289604,0.13724762374750574,0.04007410442134496,0.06049388811713996,-0.03475929304537417,0.6742746615087041,0.5100749914951811,0.2971198665180785,851.0,0.05605381165919283,826.0,16.0,0.3292069632495164,0.36823885846331883,0.6097560975609756,41.0,0.01586073500967118,0.02937720329024677,1718.0,0.12925969447708577,0.0199764982373678,0.07638072855464159,0.3396004700352526,25.0,blocked,True,future_change_movement,0.05,0.3288201160541586,0.498814069071328,0.2657719074926599,851.0,0.494316525794229,3.0,1732.0,0.3292069632495164,0.34781907476752383,0.32868217054263565,2580.0,0.9980657640232108,0.9964747356051704,2.0,0.10928319623971798,0.011750881316098707,0.06110458284371328,0.3537015276145711,848.0,0.49941972920696326,0.5807984906826489,0.3028192666148205,851.0,0.5186011904761905,154.0,1140.0,0.3292069632495164,0.44307225593003796,0.3794229722373435,1837.0,0.7106382978723405,0.8190364277320799,594.0,0.1562867215041128,0.01527614571092832,0.07755581668625147,0.4312573443008226,697.0
0.2391745602165088,0.5217860288408965,0.23410030433150236,509.0,0.3013358185771979,24.0,2225.0,0.17219215155615697,0.2705713556892052,0.17896678966789667,2710.0,0.9167794316644113,0.9528487229862476,222.0,0.20039292730844793,0.03536345776031434,0.13163064833005894,0.2770137524557957,485.0,509,cortical_pca64_delta,4,2956,0,0.4519621109607578,0.546838556975664,0.2375533923616832,509.0,0.3029259896729776,157.0,1463.0,0.17219215155615697,0.260623919569961,0.19393939393939394,1815.0,0.6140054127198917,0.6915520628683693,984.0,0.18860510805500982,0.03339882121807466,0.11591355599214145,0.26719056974459726,352.0,0.6380243572395129,0.6366594595202176,0.29208991076116736,509.0,0.3764568764568764,186.0,884.0,0.17219215155615697,0.34243514999085006,0.2676056338028169,1207.0,0.4083220568335589,0.6345776031434185,1563.0,0.2554027504911591,0.03339882121807466,0.1512770137524558,0.3713163064833006,323.0,0.07512105787967854,0.07186379430164486,0.0735308867838988,0.08181123042088906,0.05033180340018445,0.05881425841726823,0.17431289050303958,0.15919113168329857,0.6099458728010826,0.5854685140298492,0.2501029781653613,509.0,0.32612507305669197,230.0,923.0,0.17219215155615697,0.28362089157358183,0.23211314475873543,1202.0,0.4066305818673884,0.5481335952848723,1524.0,0.2082514734774067,0.03339882121807466,0.137524557956778,0.2966601178781925,279.0,blocked,True,future_spike,0.05,0.4519621109607578,0.49237950644026646,0.16627955186967905,509.0,0.2582417582417582,227.0,1393.0,0.17219215155615697,0.16812225948781048,0.16835820895522388,1675.0,0.5666441136671178,0.5540275049115914,1054.0,0.0962671905697446,0.005893909626719057,0.0412573673870334,0.18860510805500982,282.0,0.6062246278755075,0.5373196641089727,0.3047349069187367,509.0,0.27431421446384036,289.0,875.0,0.17219215155615697,0.1832440183075515,0.2009132420091324,1095.0,0.3704330175913397,0.43222003929273084,1572.0,0.07662082514734773,0.0,0.0412573673870334,0.17681728880157171,220.0
0.33965183752417794,0.6169114728066694,0.09488786474045707,66.0,0.06568144499178981,6.0,1701.0,0.02553191489361702,0.06335431304728224,0.034071550255536626,1761.0,0.6812379110251451,0.9090909090909091,818.0,0.18181818181818182,0.06060606060606061,0.10606060606060606,0.07575757575757576,60.0,66,cortical_pca64_delta,4,2585,0,0.6448742746615087,0.5964668519253672,0.14625745366791235,66.0,0.07272727272727272,30.0,888.0,0.02553191489361702,0.06299836930346535,0.03896103896103896,924.0,0.3574468085106383,0.5454545454545454,1631.0,0.24242424242424243,0.030303030303030304,0.13636363636363635,0.06060606060606061,36.0,0.9029013539651838,0.6034471351065238,0.1842507772786578,66.0,0.13148788927335642,47.0,204.0,0.02553191489361702,0.11262826348107746,0.08520179372197309,223.0,0.0862669245647969,0.2878787878787879,2315.0,0.3333333333333333,0.10606060606060606,0.24242424242424243,0.16666666666666666,19.0,0.06580644428156661,0.04927395043379522,0.058760616546083694,0.04962989417761211,0.0683690773921683,0.06995016895939035,0.08569868236511313,0.07300052367442614,0.41431334622823984,0.5888249305279873,0.10689682991542541,66.0,0.06311881188118812,15.0,1499.0,0.02553191489361702,0.04267809452168712,0.032903225806451615,1550.0,0.5996131528046421,0.7727272727272727,1020.0,0.15151515151515152,0.045454545454545456,0.12121212121212122,0.06060606060606061,51.0,blocked,True,future_slope_change,0.05,0.9744680851063829,0.5,0.07558809778181495,66.0,,66.0,0.0,0.02553191489361702,0.02692958111596433,,0.0,0.0,0.0,2519.0,0.10606060606060606,0.030303030303030304,0.06060606060606061,0.045454545454545456,0.0,0.9253384912959381,0.5043006484054519,0.1600259094900288,66.0,0.03980099502487562,62.0,131.0,0.02553191489361702,0.03962773980665132,0.02962962962962963,135.0,0.05222437137330754,0.06060606060606061,2388.0,0.13636363636363635,0.045454545454545456,0.06060606060606061,0.045454545454545456,4.0
0.24874274661508705,0.49354570550222726,0.26637120907003,308.0,0.20540098199672668,57.0,1885.0,0.11914893617021277,0.17329467873100848,0.11750936329588015,2136.0,0.8263056092843327,0.814935064935065,392.0,0.16558441558441558,0.04220779220779221,0.1038961038961039,0.19155844155844157,251.0,308,cortical_pca64_delta,4,2585,0,0.29825918762088977,0.4949808645460819,0.27845503706247393,308.0,0.2036874451273047,76.0,1738.0,0.11914893617021277,0.17651162065797787,0.11776649746192894,1970.0,0.7620889748549323,0.7532467532467533,539.0,0.17532467532467533,0.03896103896103896,0.11363636363636363,0.20454545454545456,232.0,0.45686653771760155,0.5583396072526507,0.2935943511189708,308.0,0.2327868852459016,95.0,1309.0,0.11914893617021277,0.23092295068378568,0.13994743758212877,1522.0,0.5887814313346228,0.6915584415584416,968.0,0.22077922077922077,0.05194805194805195,0.15584415584415584,0.23376623376623376,213.0,0.02738590324917492,0.0576282719527772,0.029099440118596914,0.05441133002580781,0.0253079950167098,0.05547540781258262,0.09841658572697745,0.03676874001601119,0.23752417794970987,0.49700420352594266,0.2687114532197788,308.0,0.2074788902291918,50.0,1921.0,0.11914893617021277,0.17544754287120307,0.11840293712712253,2179.0,0.8429400386847196,0.8376623376623377,356.0,0.16883116883116883,0.03896103896103896,0.10714285714285714,0.19805194805194806,258.0,blocked,True,future_acceleration_event,0.05,0.8321083172147002,0.5214646464646464,0.15537663106801508,308.0,0.1388888888888889,273.0,161.0,0.11914893617021277,0.13250636495680823,0.17857142857142858,196.0,0.07582205029013539,0.11363636363636363,2116.0,0.1266233766233766,0.012987012987012988,0.08116883116883117,0.1396103896103896,35.0,0.7036750483558994,0.5945558065123282,0.27182838056426367,308.0,0.2662835249042146,169.0,597.0,0.11914893617021277,0.1941542106677745,0.18885869565217392,736.0,0.28471953578336556,0.4512987012987013,1680.0,0.2077922077922078,0.03896103896103896,0.11688311688311688,0.25,139.0
0.7740812379110251,0.5261390658547157,0.22102306475399316,603.0,0.11246200607902737,566.0,18.0,0.2332688588007737,0.3187609099559985,0.6727272727272727,55.0,0.02127659574468085,0.06135986733001658,1964.0,0.1691542288557214,0.028192371475953566,0.09950248756218906,0.30514096185737977,37.0,603,cortical_pca64_delta,4,2585,0,0.7690522243713733,0.5188211314768237,0.2921977369756438,603.0,0.09132420091324202,573.0,24.0,0.2332688588007737,0.2981246996734555,0.5555555555555556,54.0,0.020889748549323017,0.04975124378109453,1958.0,0.13266998341625208,0.028192371475953566,0.0812603648424544,0.2885572139303483,30.0,0.7454545454545455,0.5443937393423063,0.29083623688587623,603.0,0.23488372093023258,502.0,156.0,0.2332688588007737,0.3264101443571585,0.39299610894941633,257.0,0.09941972920696325,0.16749585406301823,1826.0,0.1691542288557214,0.02155887230514096,0.087893864013267,0.34328358208955223,101.0,0.1224217148512052,0.007649234401159999,0.14355952001699057,0.028285444683702976,0.13878762483413648,0.031114705696475953,0.08731238256203286,-0.012539240288608144,0.7671179883945841,0.5187136132321909,0.2700387937713026,603.0,0.0960960960960961,571.0,31.0,0.2332688588007737,0.29529543866068253,0.5079365079365079,63.0,0.02437137330754352,0.05306799336650083,1951.0,0.14096185737976782,0.029850746268656716,0.0912106135986733,0.2703150912106136,32.0,blocked,True,future_local_rank_event,0.05,0.3551257253384913,0.506773649411871,0.21800353423806185,603.0,0.36398321251430754,126.0,1541.0,0.2332688588007737,0.23909776179512562,0.23637264618434092,2018.0,0.7806576402321083,0.7910447761194029,441.0,0.07462686567164178,0.01990049751243781,0.04477611940298507,0.23051409618573798,477.0,0.45338491295938105,0.576042592285796,0.2618182209603948,603.0,0.4075471698113208,117.0,1296.0,0.2332688588007737,0.3389493846457666,0.2727272727272727,1782.0,0.6893617021276596,0.8059701492537313,686.0,0.17081260364842454,0.02155887230514096,0.0912106135986733,0.3449419568822554,486.0
0.7922630560928433,0.5636779899594409,0.2243276414529362,523.0,0.25931034482758625,429.0,108.0,0.202321083172147,0.359268715662576,0.46534653465346537,202.0,0.0781431334622824,0.17973231357552583,1954.0,0.22562141491395793,0.030592734225621414,0.13193116634799235,0.3652007648183556,94.0,523,cortical_pca64_delta,4,2585,0,0.7454545454545455,0.5885665775862229,0.2407220848381089,523.0,0.3406813627254509,353.0,305.0,0.202321083172147,0.3269628355336489,0.35789473684210527,475.0,0.18375241779497098,0.32504780114722753,1757.0,0.2045889101338432,0.0248565965583174,0.124282982791587,0.3479923518164436,170.0,0.7272727272727273,0.5736021757635665,0.31015775283261093,523.0,0.3188405797101449,358.0,347.0,0.202321083172147,0.3085718177227853,0.322265625,512.0,0.19806576402321083,0.3154875717017208,1715.0,0.18929254302103252,0.028680688336520075,0.11854684512428298,0.3231357552581262,165.0,0.05953023488255865,-0.05069689793979071,-0.02184078301530601,-0.018391017810863608,0.0032710917268638506,-0.00645107926558558,0.08759892575785555,0.012379439321472674,0.746615087040619,0.5757367682158998,0.2190176481842878,523.0,0.31556948798328105,372.0,283.0,0.202321083172147,0.3150228969883709,0.347926267281106,434.0,0.1678916827852998,0.2887189292543021,1779.0,0.19120458891013384,0.02676864244741874,0.12619502868068833,0.3326959847036329,151.0,blocked,False,future_change_movement,0.075,0.41663442940038686,0.510179650713169,0.1937863790099993,523.0,0.3164097914777878,174.0,1334.0,0.202321083172147,0.22097289196492975,0.2073677956030897,1683.0,0.6510638297872341,0.6673040152963671,728.0,0.11854684512428298,0.01338432122370937,0.06500956022944551,0.21606118546845124,349.0,0.583752417794971,0.583536561618507,0.2893677376901606,523.0,0.36180308422301305,218.0,858.0,0.202321083172147,0.29619237840131263,0.2622527944969905,1163.0,0.44990328820116054,0.5831739961759083,1204.0,0.1739961759082218,0.0248565965583174,0.10707456978967496,0.31166347992351817,305.0
0.18538565629228687,0.5187954562151044,0.18413141195003976,332.0,0.2073732718894009,17.0,2391.0,0.11231393775372124,0.15984425747248138,0.1164079822616408,2706.0,0.915426251691475,0.9487951807228916,233.0,0.14457831325301204,0.030120481927710843,0.09939759036144578,0.1536144578313253,315.0,332,cortical_pca64_delta,4,2956,0,0.34032476319350474,0.5468704084631208,0.2462568361387017,332.0,0.21686746987951808,62.0,1888.0,0.11231393775372124,0.1563230343542902,0.12511584800741427,2158.0,0.7300405953991881,0.8132530120481928,736.0,0.15060240963855423,0.030120481927710843,0.08433734939759036,0.1686746987951807,270.0,0.6911366711772666,0.6208148141345872,0.27389221275092535,332.0,0.2782608695652174,156.0,757.0,0.11231393775372124,0.25056433356922736,0.18863879957127547,933.0,0.31562922868741544,0.5301204819277109,1867.0,0.2921686746987952,0.045180722891566265,0.17771084337349397,0.32228915662650603,176.0,0.07088759767581648,0.09072007609674598,0.06139339968569932,0.09424129921493715,0.06481369774024406,0.10097414274885175,0.14398970731401906,0.12107661457615101,0.2520297699594046,0.5366014362327358,0.2243234005366808,332.0,0.21344717182497333,32.0,2179.0,0.11231393775372124,0.1495901908203756,0.12101653892698669,2479.0,0.8386332882273342,0.9036144578313253,445.0,0.12650602409638553,0.02710843373493976,0.07530120481927711,0.1355421686746988,300.0,blocked,True,future_spike,0.075,0.8355886332882273,0.4956495188069351,0.15493727069710514,332.0,0.07251908396946564,313.0,173.0,0.11231393775372124,0.1065746262552083,0.09895833333333333,192.0,0.06495263870094722,0.0572289156626506,2451.0,0.10240963855421686,0.006024096385542169,0.0391566265060241,0.11144578313253012,19.0,0.6779431664411367,0.5186691889509256,0.2252395189267316,332.0,0.1793103448275862,228.0,724.0,0.11231393775372124,0.12948771899307635,0.12560386473429952,828.0,0.28010825439783493,0.3132530120481928,1900.0,0.10843373493975904,0.0,0.045180722891566265,0.1144578313253012,104.0
0.019342359767891684,0.5050761421319797,0.02599788016173184,24.0,0.018583042973286872,0.0,2535.0,0.009284332688588007,0.011994377644384255,0.009378663540445486,2559.0,0.9899419729206963,1.0,26.0,0.16666666666666666,0.0,0.041666666666666664,0.0,24.0,24,cortical_pca64_delta,4,2585,0,0.27195357833655703,0.5912892099440322,0.08276942729470183,24.0,0.022845275181723777,2.0,1880.0,0.009284332688588007,0.01027527537466664,0.011566771819137749,1902.0,0.7357833655705996,0.9166666666666666,681.0,0.125,0.0,0.0,0.0,22.0,0.955899419729207,0.5856192242613563,0.1307259756929082,24.0,0.08064516129032258,19.0,95.0,0.009284332688588007,0.033534308156406,0.05,100.0,0.03868471953578337,0.20833333333333334,2466.0,0.3333333333333333,0.08333333333333333,0.20833333333333334,0.08333333333333333,5.0,0.0620621183170357,0.021539930512021743,0.057799886108598805,0.02325903278173936,0.05939236486974092,0.013836758097927206,0.026359657197986153,0.020651095989387955,0.3230174081237911,0.5551461017831576,0.07356939482558433,24.0,0.021252796420581657,5.0,1745.0,0.009284332688588007,0.019697550058478792,0.010770975056689343,1764.0,0.6823984526112186,0.7916666666666666,816.0,0.20833333333333334,0.041666666666666664,0.08333333333333333,0.041666666666666664,19.0,blocked,True,future_slope_change,0.075,0.9903288201160542,0.4998047637641546,0.02932564128989239,24.0,,24.0,1.0,0.009284332688588007,0.007174650958419845,0.0,1.0,0.00038684719535783365,0.0,2560.0,0.041666666666666664,0.0,0.041666666666666664,0.0,0.0,0.9647969052224371,0.528195366393336,0.1100214229952655,24.0,0.042105263157894736,22.0,69.0,0.009284332688588007,0.012883212167018043,0.028169014084507043,71.0,0.02746615087040619,0.08333333333333333,2492.0,0.08333333333333333,0.0,0.08333333333333333,0.0,2.0
0.18104448742746615,0.46647014361300077,0.22029410931256163,135.0,0.09102619149849721,29.0,2088.0,0.05222437137330754,0.09491658048190418,0.04831358249772106,2194.0,0.8487427466150871,0.7851851851851852,362.0,0.15555555555555556,0.05185185185185185,0.1111111111111111,0.1111111111111111,106.0,135,cortical_pca64_delta,4,2585,0,0.27388781431334625,0.4909523809523809,0.2896892134099011,135.0,0.09542168674698795,36.0,1841.0,0.05222437137330754,0.09060562314386972,0.051030927835051546,1940.0,0.7504835589941973,0.7333333333333333,609.0,0.16296296296296298,0.044444444444444446,0.1111111111111111,0.1111111111111111,99.0,0.504835589941973,0.5532955404383976,0.2690420655776838,135.0,0.11357340720221606,53.0,1227.0,0.05222437137330754,0.15387735810965425,0.06264323911382735,1309.0,0.5063829787234042,0.6074074074074074,1223.0,0.24444444444444444,0.08888888888888889,0.16296296296296298,0.16296296296296298,82.0,0.022547215703718856,0.058960777627750066,0.018151720455228115,0.06327173496578453,0.023633676094195658,0.05007324849229777,0.08949855489762151,0.04831898454296461,0.24061895551257254,0.46640211640211643,0.23897518585489025,135.0,0.08993973110802041,38.0,1925.0,0.05222437137330754,0.10380410961735648,0.04797230464886251,2022.0,0.7822050290135396,0.7185185185185186,525.0,0.15555555555555556,0.05925925925925926,0.11851851851851852,0.11851851851851852,97.0,blocked,True,future_acceleration_event,0.075,0.9477756286266924,0.5,0.2363078000122103,135.0,,135.0,0.0,0.05222437137330754,0.06437880321203274,,0.0,0.0,0.0,2450.0,0.16296296296296298,0.007407407407407408,0.05925925925925926,0.05925925925925926,0.0,0.8920696324951644,0.5546031746031745,0.23680442148819794,135.0,0.14678899082568805,111.0,168.0,0.05222437137330754,0.10555837356668964,0.125,192.0,0.07427466150870406,0.17777777777777778,2282.0,0.2740740740740741,0.044444444444444446,0.1259259259259259,0.1259259259259259,24.0
0.6479690522243714,0.5085361658209341,0.2836875596225318,924.0,0.03805496828752643,906.0,4.0,0.3574468085106383,0.39111287480467505,0.8181818181818182,22.0,0.00851063829787234,0.01948051948051948,1657.0,0.12121212121212122,0.022727272727272728,0.07034632034632035,0.3625541125541126,18.0,924,cortical_pca64_delta,4,2585,0,0.6456479690522243,0.5081706373097101,0.3017923465113979,924.0,0.049792531120331954,900.0,16.0,0.3574468085106383,0.388970672183349,0.6,40.0,0.015473887814313346,0.025974025974025976,1645.0,0.11038961038961038,0.020562770562770564,0.0670995670995671,0.36796536796536794,24.0,0.6475822050290135,0.5255224907542788,0.3372241167615401,924.0,0.16498625114573787,834.0,77.0,0.3574468085106383,0.4385608167782669,0.5389221556886228,167.0,0.06460348162475822,0.09740259740259741,1584.0,0.1461038961038961,0.01406926406926407,0.07792207792207792,0.43614718614718617,90.0,0.12693128285821142,0.04744794197359187,0.11519372002540591,0.049590144594917895,0.12128177664001466,0.059727571060905704,0.06290683830351657,-0.034769702591228024,0.6444874274661508,0.5065472606863336,0.33297599615992995,924.0,0.043704474505723206,903.0,16.0,0.3574468085106383,0.3788332457173612,0.5675675675675675,37.0,0.014313346228239845,0.022727272727272728,1645.0,0.11038961038961038,0.016233766233766232,0.06493506493506493,0.354978354978355,21.0,blocked,True,future_local_rank_event,0.075,0.3586073500967118,0.4985020498265531,0.293780375739642,924.0,0.5243832472748136,10.0,1648.0,0.3574468085106383,0.37565397847475035,0.35675253708040594,2562.0,0.9911025145067698,0.9891774891774892,13.0,0.10497835497835498,0.010822510822510822,0.06168831168831169,0.3787878787878788,914.0,0.5125725338491296,0.5810935752988733,0.32755398324346313,924.0,0.5464362850971922,165.0,1095.0,0.3574468085106383,0.47333051936949494,0.40938511326860844,1854.0,0.7172147001934236,0.8214285714285714,566.0,0.15800865800865802,0.015151515151515152,0.07575757575757576,0.4588744588744589,759.0
0.8038684719535784,0.6050003237503238,0.16038029934140172,297.0,0.28892005610098176,194.0,313.0,0.1148936170212766,0.25103013520523626,0.24759615384615385,416.0,0.1609284332688588,0.3468013468013468,1975.0,0.2727272727272727,0.050505050505050504,0.1717171717171717,0.28619528619528617,103.0,297,cortical_pca64_delta,4,2585,0,0.6800773694390716,0.5804843304843305,0.20905564451570793,297.0,0.2447488584474886,163.0,664.0,0.1148936170212766,0.20713139421405813,0.16791979949874686,798.0,0.3087040618955513,0.4511784511784512,1624.0,0.21212121212121213,0.037037037037037035,0.13131313131313133,0.22895622895622897,134.0,0.8127659574468085,0.5748672623672624,0.2237337897183033,297.0,0.2461059190031153,218.0,266.0,0.1148936170212766,0.2126704007874752,0.2289855072463768,345.0,0.13346228239845262,0.265993265993266,2022.0,0.2356902356902357,0.04377104377104377,0.13468013468013468,0.23905723905723905,79.0,-0.04281413709786647,-0.038359734417761054,0.0013570605556267046,0.005539006573417077,-0.010956227889540093,-0.0005930934729127812,0.07450702615957891,0.02848156174228511,0.7965183752417795,0.5832685832685832,0.19395992696376327,297.0,0.2570621468926554,206.0,320.0,0.1148936170212766,0.213263494260388,0.22141119221411193,411.0,0.15899419729206962,0.3063973063973064,1968.0,0.23905723905723905,0.04040404040404041,0.15151515151515152,0.2558922558922559,91.0,blocked,False,future_change_movement,0.1,0.41044487427466153,0.5175310800310801,0.13352281125836116,297.0,0.20376175548589343,102.0,1422.0,0.1148936170212766,0.1381633746278963,0.12059369202226346,1617.0,0.625531914893617,0.6565656565656566,866.0,0.10101010101010101,0.037037037037037035,0.06734006734006734,0.10437710437710437,195.0,0.6104448742746615,0.5850977725977726,0.21700242545435322,297.0,0.2456928838951311,133.0,874.0,0.1148936170212766,0.1841888390451901,0.1579961464354528,1038.0,0.4015473887814313,0.5521885521885522,1414.0,0.17845117845117844,0.03367003367003367,0.12457912457912458,0.2053872053872054,164.0
0.16069012178619757,0.5220548798656446,0.14681088322650815,201.0,0.1322140608604407,12.0,2469.0,0.06799729364005412,0.0953730149824849,0.07110609480812641,2658.0,0.8991880920162382,0.9402985074626866,286.0,0.12935323383084577,0.03482587064676617,0.1044776119402985,0.11442786069651742,189.0,201,cortical_pca64_delta,4,2956,0,0.35250338294993233,0.5465521756011232,0.18953554938323458,201.0,0.1393884892086331,46.0,1868.0,0.06799729364005412,0.10284182005344714,0.07661888284725656,2023.0,0.6843707713125846,0.7711442786069652,887.0,0.1791044776119403,0.03980099502487562,0.08955223880597014,0.09950248756218906,155.0,0.696211096075778,0.6225587127881465,0.2634227346048945,201.0,0.1938958707360862,93.0,805.0,0.06799729364005412,0.17589355345288882,0.11829134720700986,913.0,0.30886332882273343,0.5373134328358209,1950.0,0.31343283582089554,0.05970149253731343,0.1890547263681592,0.24378109452736318,108.0,0.06168180987564548,0.08052053847040391,0.0545073815274531,0.07305173339944168,0.05330848508370295,0.07394257502020143,0.1110726838026759,0.08626461215649286,0.39614343707713123,0.5492094879504474,0.20615903917810563,201.0,0.14058738565238324,55.0,1730.0,0.06799729364005412,0.10195097843268738,0.07782515991471216,1876.0,0.6346414073071719,0.7263681592039801,1025.0,0.15920398009950248,0.03482587064676617,0.11940298507462686,0.12437810945273632,146.0,blocked,True,future_spike,0.1,0.8930987821380244,0.492965300539047,0.10368727395458308,201.0,0.036585365853658534,195.0,121.0,0.06799729364005412,0.06482086965021291,0.047244094488188976,127.0,0.04296346414073072,0.029850746268656716,2634.0,0.10945273631840796,0.0,0.03980099502487562,0.06467661691542288,6.0,0.777063599458728,0.5460185461079359,0.19682567932602485,201.0,0.14526588845654992,145.0,514.0,0.06799729364005412,0.08962894129639595,0.09824561403508772,570.0,0.19282814614343707,0.27860696517412936,2241.0,0.13432835820895522,0.004975124378109453,0.09950248756218906,0.12935323383084577,56.0
0.0027079303675048355,0.5,0.018141149027259454,7.0,0.005401234567901234,0.0,2578.0,0.0027079303675048355,0.0017775428863100974,0.0027079303675048355,2585.0,1.0,1.0,0.0,0.0,0.0,0.0,0.0,7.0,7,cortical_pca64_delta,4,2585,0,0.08665377176015474,0.4708522664302338,0.0394135153251465,7.0,0.0050568900126422255,1.0,2360.0,0.0027079303675048355,0.001797515467730133,0.00253592561284869,2366.0,0.9152804642166344,0.8571428571428571,218.0,0.0,0.0,0.0,0.0,6.0,0.3551257253384913,0.5342181092762939,0.04872236133291088,7.0,0.005963029218843173,2.0,1665.0,0.0027079303675048355,0.0021163332247159843,0.0029940119760479044,1670.0,0.6460348162475822,0.7142857142857143,913.0,0.0,0.0,0.0,0.0,5.0,0.0005617946509419384,0.0003387903384058869,0.0009061392062009472,0.0003188177569858513,0.0007794439056682265,0.0002469010026004304,0.00021510738953442422,0.00028486738250941006,0.10909090909090909,0.48210129668624624,0.03581419495646889,7.0,0.005183585313174946,1.0,2302.0,0.0027079303675048355,0.001869432222115554,0.0025996533795493936,2308.0,0.8928433268858801,0.8571428571428571,276.0,0.0,0.0,0.0,0.0,6.0,blocked,True,future_slope_change,0.1,0.9972920696324952,0.5,0.016740168081365046,7.0,,7.0,0.0,0.0027079303675048355,0.00190122583518156,,0.0,0.0,0.0,2578.0,0.0,0.0,0.0,0.0,0.0,0.9852998065764024,0.4939875872769589,0.054351900812491645,7.0,,7.0,31.0,0.0027079303675048355,0.0018314658422065742,0.0,31.0,0.011992263056092843,0.0,2547.0,0.0,0.0,0.0,0.0,0.0
0.218568665377176,0.45598664471092165,0.20518897455703206,79.0,0.052532833020637895,23.0,1997.0,0.03056092843326886,0.06619833030534848,0.027277155382367267,2053.0,0.7941972920696325,0.7088607594936709,509.0,0.16455696202531644,0.06329113924050633,0.11392405063291139,0.10126582278481013,56.0,79,cortical_pca64_delta,4,2585,0,0.24642166344294003,0.458092981906715,0.22093287662526875,79.0,0.05252918287937743,25.0,1923.0,0.03056092843326886,0.05992573353103718,0.027314112291350532,1977.0,0.7647969052224372,0.6835443037974683,583.0,0.16455696202531644,0.05063291139240506,0.12658227848101267,0.08860759493670886,54.0,0.802321083172147,0.5915650539969896,0.26606386864196796,79.0,0.10193321616871706,50.0,461.0,0.03056092843326886,0.16967807960537074,0.05918367346938776,490.0,0.1895551257253385,0.3670886075949367,2045.0,0.2911392405063291,0.1518987341772152,0.24050632911392406,0.17721518987341772,29.0,0.049400383148079166,0.10347974930002225,0.04940403328933963,0.10975234607433355,0.05120517483475746,0.11676695413508908,0.13090374973449556,0.10866114222467986,0.21818181818181817,0.4435279380120622,0.2180963802677581,79.0,0.050728041333959605,25.0,1996.0,0.03056092843326886,0.05291112547028164,0.026341463414634145,2050.0,0.793036750483559,0.6835443037974683,510.0,0.1518987341772152,0.05063291139240506,0.11392405063291139,0.08860759493670886,54.0,blocked,True,future_acceleration_event,0.1,0.9694390715667311,0.5,0.1949956771350812,79.0,,79.0,0.0,0.03056092843326886,0.03877432987087518,,0.0,0.0,0.0,2506.0,0.12658227848101267,0.012658227848101266,0.06329113924050633,0.0379746835443038,0.0,0.9334622823984526,0.5427404608685988,0.19906728400039683,79.0,0.10416666666666666,69.0,103.0,0.03056092843326886,0.061016937380690875,0.08849557522123894,113.0,0.043713733075435204,0.12658227848101267,2403.0,0.27848101265822783,0.05063291139240506,0.12658227848101267,0.08860759493670886,10.0
0.5241779497098646,0.5040637366590718,0.3867833041111058,1240.0,0.01757188498402556,1229.0,1.0,0.4796905222437137,0.4997993213708606,0.9166666666666666,12.0,0.0046421663442940036,0.008870967741935484,1344.0,0.11290322580645161,0.017741935483870968,0.05806451612903226,0.4814516129032258,11.0,1240,cortical_pca64_delta,4,2585,0,0.5245647969052224,0.5048447056001919,0.36770098683555213,1240.0,0.03758809710258418,1216.0,13.0,0.4796905222437137,0.502183464875301,0.6486486486486487,37.0,0.014313346228239845,0.01935483870967742,1332.0,0.11370967741935484,0.014516129032258065,0.06048387096774194,0.4838709677419355,24.0,0.5357833655705996,0.5174196546348483,0.36846365041872164,1240.0,0.11894273127753305,1159.0,41.0,0.4796905222437137,0.5338677272533763,0.6639344262295082,122.0,0.04719535783365571,0.06532258064516129,1304.0,0.12338709677419354,0.016129032258064516,0.07016129032258064,0.5080645161290323,81.0,0.10137084629350748,0.034068405882515695,0.08135463417494887,0.03168426237807531,0.08890320558583345,0.0395766470845465,0.0233853444935872,-0.06827659010905474,0.5253384912959381,0.5054308070512051,0.3574685837854359,1240.0,0.030039525691699598,1221.0,6.0,0.4796905222437137,0.4942910801688298,0.76,25.0,0.009671179883945842,0.01532258064516129,1339.0,0.10564516129032259,0.016129032258064516,0.056451612903225805,0.4854838709677419,19.0,blocked,True,future_local_rank_event,0.1,0.4793036750483559,0.499533817004437,0.40597186510439087,1240.0,0.6476439790575916,3.0,1343.0,0.4796905222437137,0.5104823827597891,0.47945736434108527,2580.0,0.9980657640232108,0.9975806451612903,2.0,0.11854838709677419,0.012096774193548387,0.055645161290322584,0.5225806451612903,1237.0,0.5384912959381044,0.5527596234560499,0.37889330366533214,1240.0,0.6526928675400291,119.0,1074.0,0.4796905222437137,0.602144317362431,0.5107061503416856,2195.0,0.8491295938104448,0.9040322580645161,271.0,0.1443548387096774,0.014516129032258065,0.07258064516129033,0.5862903225806452,1121.0
0.44232331437855404,0.5026954954279065,0.43784825583486475,1381.0,0.014357501794687724,1371.0,2.0,0.5609260763606824,0.5660772083771417,0.8333333333333334,12.0,0.00487408610885459,0.00724112961622013,1079.0,0.10427226647356988,0.012309920347574221,0.05358435916002897,0.5517740767559739,10.0,1381,cortical_pca64_delta,5,2462,0,0.4439480097481722,0.5034403738861153,0.40922204271431456,1381.0,0.029766123316796598,1360.0,9.0,0.5609260763606824,0.5662580955059875,0.7,30.0,0.012185215272136474,0.015206372194062274,1072.0,0.10282404055032585,0.013034033309196235,0.055756698044895005,0.558291093410572,21.0,0.45004061738424045,0.5056559184009763,0.39592587696446113,1381.0,0.0912751677852349,1313.0,41.0,0.5609260763606824,0.5874664709097095,0.6238532110091743,109.0,0.044272948822095856,0.049239681390296886,1040.0,0.11368573497465605,0.015206372194062274,0.05503258508327299,0.5742215785662563,68.0,0.07691766599054717,0.021389262532567788,0.0615090444684383,0.021208375403722002,0.06990764641771352,0.021337459354560884,0.0002782036004792543,-0.0744314681578615,0.44191714053614944,0.501730569691351,0.399017750552504,1381.0,0.02136752136752137,1366.0,8.0,0.5609260763606824,0.5661290115551486,0.6521739130434783,23.0,0.00934199837530463,0.010861694424330196,1073.0,0.10861694424330195,0.012309920347574221,0.05358435916002897,0.5481535119478639,15.0,blocked,True,future_change_movement,0.03,0.5588952071486596,0.49939545610743397,0.48342097458335237,1381.0,0.7152595700052438,17.0,1069.0,0.5609260763606824,0.5871882673092302,0.5606247431154953,2433.0,0.988220958570268,0.9876900796524257,12.0,0.11440984793627806,0.010861694424330196,0.05503258508327299,0.5952208544532948,1364.0,0.5938261575954509,0.5496231732224233,0.42713784149900036,1381.0,0.7159090909090908,121.0,879.0,0.5609260763606824,0.661897939067571,0.5890603085553997,2139.0,0.8688058489033307,0.9123823316437364,202.0,0.12816799420709632,0.010137581462708182,0.06806661839246922,0.6488052136133237,1260.0
0.7134641407307172,0.564939858889216,0.33118339145794834,886.0,0.28883291351805207,714.0,133.0,0.2997293640054127,0.4282487503955556,0.5639344262295082,305.0,0.10317997293640054,0.19413092550790068,1937.0,0.19074492099322798,0.019187358916478554,0.09706546275395034,0.42437923250564336,172.0,886,cortical_pca64_delta,5,2956,0,0.6505412719891746,0.5600380584726448,0.3358990648100359,886.0,0.36430769230769233,590.0,443.0,0.2997293640054127,0.3909510420636792,0.40054127198917455,739.0,0.25,0.3340857787810384,1627.0,0.15349887133182843,0.019187358916478554,0.09029345372460497,0.3893905191873589,296.0,0.706021650879567,0.5570435436909085,0.34621184644929853,886.0,0.27401837928153716,722.0,147.0,0.2997293640054127,0.43573876245616133,0.5273311897106109,311.0,0.10520974289580515,0.18510158013544017,1923.0,0.17832957110609482,0.023702031602708805,0.0981941309255079,0.4288939051918736,164.0,-0.014814534236514909,0.007490012060605733,-0.09028931302615517,0.04478772039248213,-0.14626331085930794,0.021264244890676298,0.13388511738075937,0.10734123138624074,0.6518944519621109,0.585858932836065,0.28836084401624784,886.0,0.4202816901408451,513.0,516.0,0.2997293640054127,0.41447451756548503,0.41957255343082117,889.0,0.30074424898511504,0.42099322799097066,1554.0,0.17042889390519186,0.022573363431151242,0.08690744920993228,0.4187358916478555,373.0,blocked,True,future_spike,0.03,0.4506089309878214,0.4786141917754442,0.34492648067019654,886.0,0.37442218798151006,400.0,1224.0,0.2997293640054127,0.30185364507540197,0.28421052631578947,1710.0,0.5784844384303113,0.5485327313769752,846.0,0.1072234762979684,0.011286681715575621,0.0417607223476298,0.3363431151241535,486.0,0.4272665764546685,0.529733045441162,0.31732778633091885,886.0,0.45121555915721234,190.0,1503.0,0.2997293640054127,0.3283975310699206,0.3165075034106412,2199.0,0.7439106901217862,0.7855530474040632,567.0,0.10270880361173815,0.012415349887133182,0.056433408577878104,0.3239277652370203,696.0
0.525182778229082,0.5809146185481808,0.11696387610142174,178.0,0.16440314510364545,63.0,1106.0,0.07229894394800974,0.16206612856628985,0.09418509418509419,1221.0,0.4959382615759545,0.6460674157303371,1178.0,0.23595505617977527,0.06741573033707865,0.15168539325842698,0.19662921348314608,115.0,178,cortical_pca64_delta,5,2462,0,0.6852152721364744,0.5842844211810543,0.1867650684684418,178.0,0.17640807651434642,95.0,680.0,0.07229894394800974,0.13679493326089023,0.10878112712975098,763.0,0.309910641754671,0.46629213483146065,1604.0,0.20224719101123595,0.06741573033707865,0.1404494382022472,0.15168539325842698,83.0,0.8395613322502031,0.5923596489501958,0.21766818666308796,178.0,0.2147117296222664,124.0,271.0,0.07229894394800974,0.16065482409648948,0.16615384615384615,325.0,0.13200649878147847,0.30337078651685395,2013.0,0.25280898876404495,0.056179775280898875,0.15730337078651685,0.20786516853932585,54.0,0.05030858451862094,-0.0014113044698003674,0.03830365310791997,0.02385989083559925,0.03945399766350349,0.03497104434629514,0.06323244871975792,0.056707845339615245,0.6750609260763607,0.583991715696885,0.1652173533553376,178.0,0.1752577319587629,93.0,707.0,0.07229894394800974,0.12568377975019435,0.10732323232323232,792.0,0.32168968318440294,0.47752808988764045,1577.0,0.2247191011235955,0.05056179775280899,0.1348314606741573,0.15168539325842698,85.0,blocked,False,future_slope_change,0.03,0.6121039805036556,0.48789822704106733,0.09578339967826582,178.0,0.11327762302692665,117.0,838.0,0.07229894394800974,0.09742237537673157,0.067853170189099,899.0,0.36515028432168967,0.34269662921348315,1446.0,0.08426966292134831,0.0449438202247191,0.07303370786516854,0.08426966292134831,61.0,0.7213647441104792,0.6089479328597571,0.18547912073993114,178.0,0.1985981308411215,93.0,593.0,0.07229894394800974,0.10394697875687424,0.12536873156342182,678.0,0.27538586515028435,0.47752808988764045,1691.0,0.16292134831460675,0.033707865168539325,0.05056179775280899,0.06179775280898876,85.0
0.7420796100731113,0.5458431374829007,0.2682327927818352,673.0,0.193138500635324,597.0,38.0,0.27335499593826157,0.47113382177108176,0.6666666666666666,114.0,0.0463038180341186,0.11292719167904904,1751.0,0.22585438335809807,0.031203566121842496,0.1188707280832095,0.4413075780089153,76.0,673,cortical_pca64_delta,5,2462,0,0.7372055239642566,0.5397085707024187,0.30273083283498364,673.0,0.1778907242693774,603.0,44.0,0.27335499593826157,0.4217591475027911,0.6140350877192983,114.0,0.0463038180341186,0.10401188707280833,1745.0,0.19465081723625557,0.029717682020802376,0.11144130757800892,0.39821693907875183,70.0,0.7376116978066612,0.5469399010130425,0.3032869230325866,673.0,0.20833333333333331,588.0,58.0,0.27335499593826157,0.4499466487087213,0.5944055944055944,143.0,0.05808285946385053,0.1263001485884101,1731.0,0.2065378900445765,0.029717682020802376,0.11144130757800892,0.4294205052005943,85.0,0.015194832698009308,-0.021187173062360454,0.030442609063955905,0.02818750120593022,-0.014944576405384047,0.013758980783615316,0.16794006794044242,0.07110462219156904,0.7343623070674249,0.5488751217818649,0.3027052382314992,673.0,0.22327790973871736,579.0,75.0,0.27335499593826157,0.436187667925106,0.5562130177514792,169.0,0.0686433793663688,0.13967310549777118,1714.0,0.1976225854383358,0.029717682020802376,0.10698365527488855,0.4338781575037147,94.0,blocked,False,future_acceleration_event,0.03,0.2737611697806661,0.4947180100947095,0.21519582789360064,673.0,0.42508038585208996,12.0,1776.0,0.27335499593826157,0.2820065807682789,0.2712351251538777,2437.0,0.9898456539398862,0.9821693907875185,13.0,0.09955423476968796,0.01188707280832095,0.04457652303120357,0.2823179791976226,661.0,0.5016246953696182,0.5764295924325393,0.2594745564064877,673.0,0.4485393258426967,174.0,1053.0,0.27335499593826157,0.37884202651715226,0.32152061855670105,1552.0,0.6303818034118602,0.7414561664190193,736.0,0.1589895988112927,0.0237741456166419,0.06537890044576523,0.4026745913818722,499.0
0.8631194151096669,0.5614060008086856,0.1594328293001338,309.0,0.2252873563218391,260.0,77.0,0.1255077173030057,0.2459699520723266,0.3888888888888889,126.0,0.05117790414297319,0.15857605177993528,2076.0,0.2459546925566343,0.042071197411003236,0.15857605177993528,0.2783171521035599,49.0,309,cortical_pca64_delta,5,2462,0,0.8302193338748984,0.5550680393279792,0.212361507972674,309.0,0.21722846441947563,251.0,167.0,0.1255077173030057,0.20752024956660178,0.2577777777777778,225.0,0.09138911454102355,0.18770226537216828,1986.0,0.19093851132686085,0.038834951456310676,0.12297734627831715,0.2297734627831715,58.0,0.8103168155970756,0.5644769021024325,0.2549388023082973,309.0,0.23817292006525284,236.0,231.0,0.1255077173030057,0.20631705978940515,0.24013157894736842,304.0,0.12347684809098294,0.23624595469255663,1922.0,0.20064724919093851,0.038834951456310676,0.13268608414239483,0.23624595469255663,73.0,0.012885563743413736,-0.03965289228292146,0.02094445564577721,-0.0012031897771966338,0.13491205050003546,0.01858650568172182,0.08139907696964326,0.004309842083945942,0.8659626320064988,0.5214549728909913,0.23615231956672866,309.0,0.10326086956521739,290.0,40.0,0.1255077173030057,0.18773055410768333,0.3220338983050847,59.0,0.0239642567018684,0.061488673139158574,2113.0,0.19093851132686085,0.022653721682847898,0.11974110032362459,0.21035598705501618,19.0,blocked,False,future_local_rank_event,0.03,0.6344435418359058,0.5068820957285461,0.1470887955229666,309.0,0.18772563176895307,205.0,695.0,0.1255077173030057,0.1249179828197619,0.13016270337922403,799.0,0.32453290008123475,0.3365695792880259,1458.0,0.06796116504854369,0.016181229773462782,0.032362459546925564,0.09385113268608414,104.0,0.5917952883834281,0.5836674047051078,0.21415876822282903,309.0,0.260485651214128,132.0,873.0,0.1255077173030057,0.2020072177054592,0.16857142857142857,1050.0,0.4264825345247766,0.5728155339805825,1280.0,0.16828478964401294,0.03559870550161812,0.13592233009708737,0.19093851132686085,177.0
0.6088545897644192,0.5034581746118971,0.3172775278293401,969.0,0.01634320735444331,961.0,2.0,0.3935824532900081,0.4152808802449228,0.8,10.0,0.004061738424045491,0.008255933952528379,1491.0,0.11042311661506708,0.02063983488132095,0.058823529411764705,0.4024767801857585,8.0,969,cortical_pca64_delta,5,2462,0,0.6096669374492283,0.5046712660458127,0.30964494682942295,969.0,0.022380467955239066,958.0,3.0,0.3935824532900081,0.4136541856529088,0.7857142857142857,14.0,0.005686433793663688,0.011351909184726523,1490.0,0.10939112487100103,0.016511867905056758,0.06191950464396285,0.4004127966976264,11.0,0.6129163281884646,0.5126023265089164,0.34107782069002784,969.0,0.07744433688286545,929.0,24.0,0.3935824532900081,0.4528033245460089,0.625,64.0,0.025995125913891144,0.0412796697626419,1469.0,0.1259029927760578,0.017543859649122806,0.07120743034055728,0.43653250773993807,40.0,0.06110112952842214,0.03752244430108609,0.05506386892762638,0.03914913889310012,0.05705697704596433,0.042833257091139,0.051982780376234106,-0.047460710942496154,0.6096669374492283,0.5044901663559632,0.35617514539267847,969.0,0.02038735983690112,959.0,2.0,0.3935824532900081,0.4099700674548699,0.8333333333333334,12.0,0.00487408610885459,0.010319917440660475,1491.0,0.10319917440660474,0.018575851393188854,0.053663570691434466,0.3993808049535604,10.0,blocked,True,future_change_movement,0.05,0.3960194963444354,0.4991117820555091,0.31573461043489554,969.0,0.5617447686413204,16.0,1471.0,0.3935824532900081,0.4008205441697748,0.39315181518151815,2424.0,0.9845653939886271,0.9834881320949432,22.0,0.10526315789473684,0.010319917440660475,0.06191950464396285,0.4055727554179567,953.0,0.508123476848091,0.5654647729998334,0.3184721182215853,969.0,0.5719335454224108,160.0,1051.0,0.3935824532900081,0.5002640354885051,0.4349462365591398,1860.0,0.7554833468724614,0.8348813209494325,442.0,0.15376676986584106,0.014447884416924664,0.06501547987616099,0.500515995872033,809.0
0.7706359945872802,0.60145727221279,0.24287251992540637,600.0,0.3591682419659736,410.0,268.0,0.2029769959404601,0.34729741002304204,0.4148471615720524,458.0,0.15493910690121787,0.31666666666666665,2088.0,0.22,0.025,0.11666666666666667,0.37333333333333335,190.0,600,cortical_pca64_delta,5,2956,0,0.6799729364005412,0.5625933786078099,0.2902826596553447,600.0,0.31647398843930635,381.0,565.0,0.2029769959404601,0.2855241092725005,0.27933673469387754,784.0,0.2652232746955345,0.365,1791.0,0.17333333333333334,0.02666666666666667,0.10166666666666667,0.29833333333333334,219.0,0.7912719891745602,0.5703041878890776,0.3357257806196702,600.0,0.2783625730994152,481.0,136.0,0.2029769959404601,0.3628074720965999,0.4666666666666667,255.0,0.08626522327469553,0.19833333333333333,2220.0,0.225,0.03,0.12833333333333333,0.39,119.0,-0.08080566886655838,0.015510062073557873,-0.03811141533989115,0.07728336282409942,-0.06875607096838149,0.0587092882725288,0.15794357996526015,0.1432706143703718,0.6742219215155616,0.5819666100735711,0.29211371391294966,600.0,0.3471186440677967,344.0,619.0,0.2029769959404601,0.3040981838240711,0.2925714285714286,875.0,0.2960081190798376,0.4266666666666667,1737.0,0.17666666666666667,0.025,0.1,0.33,256.0,blocked,True,future_spike,0.05,0.4610960757780785,0.48491086587436333,0.2232366843929105,600.0,0.2834008097165992,285.0,1308.0,0.2029769959404601,0.20486389213133976,0.19408502772643252,1623.0,0.5490527740189445,0.525,1048.0,0.10833333333333334,0.011666666666666667,0.04666666666666667,0.23333333333333334,315.0,0.5274018944519621,0.5414134125636672,0.31008531381476606,600.0,0.32674698795180723,261.0,1136.0,0.2029769959404601,0.2195368577262281,0.22983050847457628,1475.0,0.4989851150202977,0.565,1220.0,0.07833333333333334,0.008333333333333333,0.05,0.23,339.0
0.3554021121039805,0.6142993935525056,0.08393227635493039,52.0,0.0547945205479452,6.0,1581.0,0.021121039805036556,0.028383127257345885,0.028272894898586354,1627.0,0.6608448415922015,0.8846153846153846,829.0,0.19230769230769232,0.019230769230769232,0.057692307692307696,0.038461538461538464,46.0,52,cortical_pca64_delta,5,2462,0,0.5268074735987003,0.5983641876795405,0.1359085774974136,52.0,0.05668016194331984,17.0,1148.0,0.021121039805036556,0.02978912090497548,0.029585798816568046,1183.0,0.48050365556458163,0.6730769230769231,1262.0,0.11538461538461539,0.019230769230769232,0.057692307692307696,0.019230769230769232,35.0,0.9492282696994313,0.5789339291413981,0.1726431409146753,52.0,0.13793103448275862,42.0,83.0,0.021121039805036556,0.05666341226837268,0.10752688172043011,93.0,0.03777416734362307,0.19230769230769232,2327.0,0.3269230769230769,0.057692307692307696,0.19230769230769232,0.09615384615384616,10.0,0.08313651393481342,0.028280285011026796,0.08125087253943877,0.026874291363397203,0.07910750507099393,0.02711350140186891,0.0379030466568255,0.025950357286915093,0.5970755483346872,0.5966246409192467,0.12992550728116764,52.0,0.0588235294117647,21.0,971.0,0.021121039805036556,0.02954991086650377,0.03093812375249501,1002.0,0.40698619008935827,0.5961538461538461,1439.0,0.11538461538461539,0.0,0.07692307692307693,0.038461538461538464,31.0,blocked,True,future_slope_change,0.05,0.9788789601949635,0.5,0.06856433732453954,52.0,,52.0,0.0,0.021121039805036556,0.018760365611547182,,0.0,0.0,0.0,2410.0,0.057692307692307696,0.019230769230769232,0.038461538461538464,0.019230769230769232,0.0,0.9232331437855402,0.4998005106926269,0.15383188119777647,52.0,0.030769230769230774,49.0,140.0,0.021121039805036556,0.03071305498145759,0.02097902097902098,143.0,0.05808285946385053,0.057692307692307696,2270.0,0.07692307692307693,0.057692307692307696,0.057692307692307696,0.057692307692307696,3.0
0.39277010560519904,0.507497357415664,0.23346577369854266,313.0,0.21686746987951808,106.0,1389.0,0.12713241267262387,0.1908559120231898,0.12969924812030076,1596.0,0.6482534524776604,0.6613418530351438,760.0,0.1853035143769968,0.038338658146964855,0.11182108626198083,0.2108626198083067,207.0,313,cortical_pca64_delta,5,2462,0,0.4577579203899269,0.5215227529856371,0.24186430082470922,313.0,0.2215743440233236,123.0,1212.0,0.12713241267262387,0.18687956270081732,0.1355206847360913,1402.0,0.5694557270511779,0.6070287539936102,937.0,0.18210862619808307,0.04153354632587859,0.13099041533546327,0.19808306709265175,190.0,0.8424045491470349,0.6040152415047046,0.2647325012140059,313.0,0.31448763250883394,224.0,164.0,0.12713241267262387,0.3048319533001692,0.35177865612648224,253.0,0.10276198212835093,0.28434504792332266,1985.0,0.2747603833865815,0.05750798722044728,0.1853035143769968,0.30990415335463256,89.0,0.09762016262931586,0.11397604127697941,0.09291328848551034,0.11795239059935189,0.09290655922551028,0.1078561780941632,0.16685682066752602,0.10606191672264295,0.45207148659626323,0.5209949794614331,0.2433049499153048,313.0,0.22158107328332366,121.0,1228.0,0.12713241267262387,0.196975775206006,0.1352112676056338,1420.0,0.5767668562144598,0.6134185303514377,921.0,0.1853035143769968,0.04153354632587859,0.13099041533546327,0.2108626198083067,192.0,blocked,True,future_acceleration_event,0.05,0.7376116978066612,0.49622010088651086,0.15128881499566968,313.0,0.14323607427055704,259.0,387.0,0.12713241267262387,0.1379751326326432,0.12244897959183673,441.0,0.17912266450040618,0.17252396166134185,1762.0,0.10543130990415335,0.019169329073482427,0.07028753993610223,0.12140575079872204,54.0,0.6880584890333062,0.6015830232354152,0.26848837087573385,313.0,0.2835820895522388,161.0,607.0,0.12713241267262387,0.19877003657752626,0.2002635046113307,759.0,0.3082859463850528,0.48562300319488816,1542.0,0.18210862619808307,0.038338658146964855,0.09904153354632587,0.23003194888178913,152.0
0.764825345247766,0.5124674319314934,0.22475751259037635,591.0,0.052373158756137475,575.0,4.0,0.24004874086108854,0.2973599440620486,0.8,20.0,0.008123476848090982,0.02707275803722504,1867.0,0.1455160744500846,0.030456852791878174,0.08798646362098139,0.2673434856175973,16.0,591,cortical_pca64_delta,5,2462,0,0.7627944760357434,0.5122888219063614,0.2796084516184488,591.0,0.05806451612903226,573.0,11.0,0.24004874086108854,0.28732239319107755,0.6206896551724138,29.0,0.011779041429731926,0.030456852791878174,1860.0,0.1218274111675127,0.02707275803722504,0.0727580372250423,0.2825719120135364,18.0,0.7575142160844841,0.5122874653745249,0.2822394767159275,591.0,0.07441860465116279,567.0,30.0,0.24004874086108854,0.2919551994228673,0.4444444444444444,54.0,0.021933387489845652,0.04060913705583756,1841.0,0.13874788494077833,0.018612521150592216,0.08460236886632826,0.2961082910321489,24.0,0.022045445895025315,-0.00540474463918128,0.01635408852213053,0.004632806231789743,0.00721860465116278,0.0003823885636543567,0.06817188354137149,-0.05756489716340335,0.7632006498781478,0.5142924194287916,0.2671783252563268,591.0,0.06720000000000001,570.0,13.0,0.24004874086108854,0.29157281085921294,0.6176470588235294,34.0,0.01380991064175467,0.03553299492385787,1858.0,0.13367174280879865,0.02707275803722504,0.08629441624365482,0.2673434856175973,21.0,blocked,False,future_local_rank_event,0.05,0.4366368805848903,0.48580344215431726,0.22037040568083166,591.0,0.3309213699951761,248.0,1139.0,0.24004874086108854,0.2237833158814958,0.23144399460188933,1482.0,0.6019496344435419,0.5803722504230119,732.0,0.077834179357022,0.005076142131979695,0.030456852791878174,0.22165820642978004,343.0,0.48578391551584077,0.5904874561501084,0.24961941074951893,591.0,0.4250681198910082,123.0,1143.0,0.24004874086108854,0.34952009658627065,0.2905027932960894,1611.0,0.6543460601137286,0.7918781725888325,728.0,0.15736040609137056,0.025380710659898477,0.11844331641285956,0.3637901861252115,468.0
0.7502030869212023,0.5114178969422345,0.24109045902276874,626.0,0.04945904173106645,610.0,5.0,0.25426482534524775,0.3069165009519387,0.7619047619047619,21.0,0.008529650690495532,0.025559105431309903,1831.0,0.1389776357827476,0.02875399361022364,0.08306709265175719,0.26996805111821087,16.0,626,cortical_pca64_delta,5,2462,0,0.7481722177091795,0.5126881956190357,0.27396322102178483,626.0,0.0634441087613293,605.0,15.0,0.25426482534524775,0.30049957228356194,0.5833333333333334,36.0,0.01462225832656377,0.03354632587859425,1821.0,0.12779552715654952,0.025559105431309903,0.08146964856230032,0.2763578274760383,21.0,0.7424857839155159,0.5141394683539017,0.30285399426127135,626.0,0.08908045977011494,595.0,39.0,0.25426482534524775,0.3082666159798057,0.44285714285714284,70.0,0.02843216896831844,0.04952076677316294,1797.0,0.1389776357827476,0.019169329073482427,0.08146964856230032,0.31629392971246006,31.0,0.03962141803904849,0.001350115027867027,0.02563635100878564,0.007767043696243758,0.036933220506311266,0.018750167349930236,0.05130197059067321,-0.07148065177701923,0.7489845653939886,0.5111272943682266,0.2696654877381671,626.0,0.05214723926380368,609.0,9.0,0.25426482534524775,0.28951644862987547,0.6538461538461539,26.0,0.010560519902518278,0.027156549520766772,1827.0,0.12140575079872204,0.027156549520766772,0.07188498402555911,0.2523961661341853,17.0,blocked,True,future_change_movement,0.075,0.25426482534524775,0.5,0.20567844590342907,626.0,0.405440414507772,0.0,1836.0,0.25426482534524775,0.2569646453891325,0.25426482534524775,2462.0,1.0,1.0,0.0,0.08626198083067092,0.019169329073482427,0.054313099041533544,0.2539936102236422,626.0,0.45694557270511776,0.5743055120521762,0.26191057038211885,626.0,0.43227176220806796,117.0,1220.0,0.25426482534524775,0.37974726775682494,0.2943898207056102,1729.0,0.7022745735174655,0.8130990415335463,616.0,0.1645367412140575,0.025559105431309903,0.1182108626198083,0.3738019169329074,509.0
0.38430311231393777,0.5513310656821742,0.17328775008339686,401.0,0.2559280457890433,88.0,1732.0,0.13565629228687415,0.21869946238468985,0.1530562347188264,2045.0,0.6918132611637348,0.7805486284289277,823.0,0.20698254364089774,0.034912718204488775,0.12967581047381546,0.24189526184538654,313.0,401,cortical_pca64_delta,5,2956,0,0.6752368064952639,0.5587967459043195,0.2501538605218644,401.0,0.25,241.0,719.0,0.13565629228687415,0.1996216045424823,0.1820250284414107,879.0,0.29736129905277403,0.39900249376558605,1836.0,0.16708229426433915,0.03740648379052369,0.1172069825436409,0.2169576059850374,160.0,0.8291610284167794,0.5868689333417922,0.26147357191264214,401.0,0.28772919605077574,299.0,206.0,0.13565629228687415,0.26281592295411993,0.33116883116883117,308.0,0.10419485791610285,0.2543640897755611,2349.0,0.24688279301745636,0.03740648379052369,0.15211970074812967,0.2942643391521197,102.0,0.031801150261732414,0.04411646056943008,0.03772919605077574,0.06319431841163764,0.035035758244703286,0.054166295214306104,0.13008255790816692,0.10563488610973695,0.4837618403247632,0.551049968034903,0.23688913730126238,401.0,0.25269343780607245,143.0,1383.0,0.13565629228687415,0.20864962773981383,0.15722120658135283,1641.0,0.5551420838971584,0.6433915211970075,1172.0,0.19451371571072318,0.04239401496259352,0.12219451371571072,0.22194513715710723,258.0,blocked,True,future_spike,0.075,0.7821380243572396,0.49659608317757464,0.1838110459052365,401.0,0.11538461538461539,359.0,285.0,0.13565629228687415,0.132733365045953,0.12844036697247707,327.0,0.11062246278755074,0.10473815461346633,2270.0,0.09725685785536159,0.007481296758104738,0.0399002493765586,0.12219451371571072,42.0,0.6569688768606224,0.5576899239181888,0.2624834224666618,401.0,0.25,232.0,782.0,0.13565629228687415,0.15718103684438298,0.17770767613038907,951.0,0.3217185385656292,0.42144638403990026,1773.0,0.1172069825436409,0.00997506234413965,0.0399002493765586,0.14713216957605985,169.0
0.01868399675060926,0.5063342868818962,0.027072389159437358,15.0,0.012264922322158625,0.0,2416.0,0.006092607636068237,0.008110544998621506,0.006170300287947347,2431.0,0.987408610885459,1.0,31.0,0.13333333333333333,0.0,0.13333333333333333,0.0,15.0,15,cortical_pca64_delta,5,2462,0,0.28878960194963443,0.4434409480997139,0.06445781080934058,15.0,0.010175240248728094,6.0,1745.0,0.006092607636068237,0.006129208391011869,0.005131128848346636,1754.0,0.7124289195775793,0.6,702.0,0.06666666666666667,0.0,0.06666666666666667,0.0,9.0,0.9411047928513404,0.6390818689551833,0.10312290088640358,15.0,0.06451612903225806,10.0,135.0,0.006092607636068237,0.04040242119909305,0.03571428571428571,140.0,0.05686433793663688,0.3333333333333333,2312.0,0.4,0.13333333333333333,0.26666666666666666,0.13333333333333333,5.0,0.05225120671009944,0.03229187620047154,0.05434088878352997,0.03427321280808118,0.05157114521348784,0.03326316826784463,0.03562146358557809,0.035364029748405974,0.38058489033306253,0.5227489442855197,0.06063740027184634,15.0,0.012944983818770227,5.0,1520.0,0.006092607636068237,0.007139252931248415,0.006535947712418301,1530.0,0.6214459788789602,0.6666666666666666,927.0,0.2,0.0,0.06666666666666667,0.0,10.0,blocked,True,future_slope_change,0.075,0.9935012185215272,0.4997956681651001,0.019276243004034237,15.0,,15.0,1.0,0.006092607636068237,0.004780957613514958,0.0,1.0,0.00040617384240454913,0.0,2446.0,0.06666666666666667,0.0,0.0,0.0,0.0,0.9800974817221771,0.4930527176134042,0.10710065881882723,15.0,,15.0,34.0,0.006092607636068237,0.0050383914506870724,0.0,34.0,0.01380991064175467,0.0,2413.0,0.0,0.0,0.0,0.0,0.0
0.18562144597887897,0.4576856361331644,0.19511813507614265,156.0,0.1069042316258352,36.0,1969.0,0.06336311941510966,0.07776530115437323,0.057443752991862135,2089.0,0.8484971567831032,0.7692307692307693,337.0,0.14102564102564102,0.019230769230769232,0.08333333333333333,0.08974358974358974,120.0,156,cortical_pca64_delta,5,2462,0,0.2148659626320065,0.45835557186381126,0.2100299181168463,156.0,0.106333795654184,41.0,1892.0,0.06336311941510966,0.07733469640231694,0.057299451918286,2007.0,0.8151909017059301,0.7371794871794872,414.0,0.14102564102564102,0.038461538461538464,0.08333333333333333,0.09615384615384616,115.0,0.8415922014622258,0.6076428269619943,0.3139933029367118,156.0,0.21370967741935482,103.0,287.0,0.06336311941510966,0.1735123659742469,0.15588235294117647,340.0,0.13809910641754672,0.33974358974358976,2019.0,0.2692307692307692,0.07051282051282051,0.1858974358974359,0.20512820512820512,53.0,0.10680544579351961,0.09574706481987368,0.10737588176517082,0.09617766957192997,0.1034892365375913,0.08863761472158523,0.10135941915264017,0.05860502208777191,0.2786352558895207,0.47745568972802277,0.23719025674293137,156.0,0.11022044088176351,46.0,1730.0,0.06336311941510966,0.08487475125266168,0.059782608695652176,1840.0,0.7473598700243704,0.7051282051282052,576.0,0.16025641025641027,0.03205128205128205,0.09615384615384616,0.10897435897435898,110.0,blocked,True,future_acceleration_event,0.075,0.9366368805848904,0.5,0.2398475354170188,156.0,,156.0,0.0,0.06336311941510966,0.07215294682160674,,0.0,0.0,0.0,2306.0,0.1346153846153846,0.01282051282051282,0.038461538461538464,0.07051282051282051,0.0,0.784727863525589,0.5952170480574643,0.22020714694198937,156.0,0.18209876543209877,97.0,433.0,0.06336311941510966,0.114907343886475,0.11991869918699187,492.0,0.19983753046303818,0.3782051282051282,1873.0,0.26282051282051283,0.057692307692307696,0.10897435897435898,0.14102564102564102,59.0
0.6527213647441105,0.5040211511243335,0.28165300849590114,861.0,0.018369690011481053,853.0,2.0,0.3497156783103168,0.3785119926411805,0.8,10.0,0.004061738424045491,0.009291521486643438,1599.0,0.11498257839721254,0.023228803716608595,0.0627177700348432,0.3635307781649245,8.0,861,cortical_pca64_delta,5,2462,0,0.6531275385865151,0.5043334559338276,0.3226430045327483,861.0,0.01839080459770115,853.0,1.0,0.3497156783103168,0.3795404754560057,0.8888888888888888,9.0,0.0036555645816409425,0.009291521486643438,1600.0,0.11498257839721254,0.019744483159117306,0.0627177700348432,0.3554006968641115,8.0,0.6535337124289196,0.5094772358449025,0.3461149386828027,861.0,0.05745856353591161,835.0,18.0,0.3497156783103168,0.40540137094191786,0.5909090909090909,44.0,0.017871649065800164,0.030197444831591175,1583.0,0.12311265969802555,0.017421602787456445,0.0743321718931475,0.3995354239256678,26.0,0.03908887352443056,0.026889378300737343,0.03906775893821046,0.02586089548591214,0.03906775893821046,0.03058733904325911,0.04778412483665234,-0.06687053962764045,0.6531275385865151,0.5043334559338276,0.328823256126988,861.0,0.01839080459770115,853.0,1.0,0.3497156783103168,0.37481403189865875,0.8888888888888888,9.0,0.0036555645816409425,0.009291521486643438,1600.0,0.11846689895470383,0.020905923344947737,0.06504065040650407,0.36585365853658536,8.0,blocked,True,future_local_rank_event,0.075,0.3517465475223396,0.49619321837904734,0.28417068806275153,861.0,0.513117754728493,20.0,1576.0,0.3497156783103168,0.3576172461052655,0.3479520066197766,2417.0,0.9817221770917953,0.9767711962833914,25.0,0.10569105691056911,0.011614401858304297,0.0627177700348432,0.3530778164924506,841.0,0.511779041429732,0.5765632832557468,0.34041869017518345,861.0,0.5315666406858924,179.0,1023.0,0.3497156783103168,0.4722719105695583,0.4,1705.0,0.6925264012997563,0.7921022067363531,578.0,0.16840882694541232,0.018583042973286876,0.08478513356562137,0.45063879210220675,682.0
0.8363119415109667,0.5177215038528907,0.19828043385982694,407.0,0.07780320366132723,390.0,13.0,0.1653127538586515,0.23742924555901795,0.5666666666666667,30.0,0.012185215272136474,0.04176904176904177,2042.0,0.16953316953316952,0.0343980343980344,0.10565110565110565,0.23587223587223588,17.0,407,cortical_pca64_delta,5,2462,0,0.8350934199837531,0.5150211923934551,0.25615124164919856,407.0,0.06880733944954127,392.0,14.0,0.1653127538586515,0.2276576680508011,0.5172413793103449,29.0,0.011779041429731926,0.036855036855036855,2041.0,0.14742014742014742,0.0343980343980344,0.09336609336609336,0.24078624078624078,15.0,0.8310316815597075,0.5224400246298057,0.28438366719020974,407.0,0.10729613733905578,382.0,34.0,0.1653127538586515,0.23071027210155717,0.423728813559322,59.0,0.0239642567018684,0.06142506142506143,2021.0,0.15724815724815724,0.029484029484029485,0.10073710073710074,0.2334152334152334,25.0,0.029492933677728553,-0.006718973457460781,0.03848879788951451,0.0030526040507560803,0.023225340878878786,0.004049089687749613,0.05522423850274402,-0.014874841243710968,0.8318440292445166,0.517015489278263,0.22717625152525395,407.0,0.084070796460177,388.0,26.0,0.1653127538586515,0.22666118241380756,0.4222222222222222,45.0,0.018277822908204712,0.04668304668304668,2029.0,0.14987714987714987,0.0343980343980344,0.09828009828009827,0.21621621621621623,19.0,blocked,False,future_change_movement,0.1,0.37124289195775795,0.5080901737836044,0.165553424285657,407.0,0.27255639097744366,117.0,1431.0,0.1653127538586515,0.17548603359881315,0.168506682161534,1721.0,0.6990251827782291,0.7125307125307125,624.0,0.085995085995086,0.029484029484029485,0.04914004914004914,0.1597051597051597,290.0,0.6149471974004874,0.5989048105836428,0.2417523127358445,407.0,0.3305084745762712,173.0,775.0,0.1653127538586515,0.24558511334526814,0.2319127849355798,1009.0,0.4098294069861901,0.5749385749385749,1280.0,0.1547911547911548,0.029484029484029485,0.12530712530712532,0.24815724815724816,234.0
0.2976995940460081,0.5450799880267403,0.15741341151103155,281.0,0.18715740015661705,42.0,2034.0,0.09506089309878214,0.14363967487397403,0.10514738231412231,2273.0,0.7689445196211097,0.8505338078291815,641.0,0.1601423487544484,0.042704626334519574,0.12455516014234876,0.15658362989323843,239.0,281,cortical_pca64_delta,5,2956,0,0.5355209742895806,0.5809352446203478,0.22046383671532713,281.0,0.20681686886192951,102.0,1271.0,0.09506089309878214,0.14540414251802114,0.12344827586206897,1450.0,0.49052774018944517,0.6370106761565836,1404.0,0.15302491103202848,0.046263345195729534,0.1103202846975089,0.15302491103202848,179.0,0.8599458728010826,0.6136827751355307,0.27007306469467224,281.0,0.29591836734693877,194.0,220.0,0.09506089309878214,0.23534301235108246,0.28338762214983715,307.0,0.10385656292286874,0.3096085409252669,2455.0,0.30604982206405695,0.05693950177935943,0.18505338078291814,0.28825622775800713,87.0,0.10876096719032172,0.09170333747710843,0.08910149848500926,0.08993886983306132,0.09230079628750723,0.07836864379254915,0.14169177646494663,0.12046680042759034,0.4786874154262517,0.5781973592310506,0.19370871573986767,281.0,0.20361757105943154,84.0,1457.0,0.09506089309878214,0.1569743685585333,0.11910519951632406,1654.0,0.5595399188092016,0.701067615658363,1218.0,0.18505338078291814,0.042704626334519574,0.12811387900355872,0.18505338078291814,197.0,blocked,True,future_spike,0.1,0.8721244925575101,0.4977935943060498,0.14087518558109552,281.0,0.05025125628140704,271.0,107.0,0.09506089309878214,0.09365123588613583,0.08547008547008547,117.0,0.03958051420838971,0.03558718861209965,2568.0,0.099644128113879,0.0035587188612099642,0.03914590747330961,0.09608540925266904,10.0,0.7801082543978349,0.5281670934912029,0.2331203833298037,281.0,0.15803108808290156,220.0,430.0,0.09506089309878214,0.11487621192349212,0.12423625254582485,491.0,0.16610284167794317,0.21708185053380782,2245.0,0.1423487544483986,0.017793594306049824,0.0498220640569395,0.1423487544483986,61.0
0.005280259951259139,0.5020333468889793,0.008384098556782129,3.0,0.0024439918533604886,0.0,2449.0,0.0012185215272136475,0.0006279606989330502,0.0012234910277324632,2452.0,0.9959382615759546,1.0,10.0,0.0,0.0,0.0,0.0,3.0,3,cortical_pca64_delta,5,2462,0,0.20796100731112915,0.1041073607157381,0.019330443740852375,3.0,,3.0,1947.0,0.0012185215272136475,0.000644796301773978,0.0,1947.0,0.7908204711616572,0.0,512.0,0.0,0.0,0.0,0.0,0.0,0.6904955320877335,0.34566897112647416,0.020936738671834213,3.0,,3.0,759.0,0.0012185215272136475,0.0007725302935833,0.0,759.0,0.3082859463850528,0.0,1700.0,0.0,0.0,0.0,0.0,0.0,,0.00014456959465024982,,0.00012773399180932205,,0.00012619128404278907,-0.0027384880542029514,-0.002157746260843251,0.1421608448415922,0.0711671411142741,0.01764332845656944,3.0,,3.0,2109.0,0.0012185215272136475,0.000646339009540511,0.0,2109.0,0.8566206336311941,0.0,350.0,0.0,0.0,0.0,0.0,0.0,blocked,True,future_slope_change,0.1,0.9987814784727863,0.5,0.007795662014038863,3.0,,3.0,0.0,0.0012185215272136475,0.0035110183477862515,,0.0,0.0,0.0,2459.0,0.0,0.0,0.0,0.0,0.0,0.9800974817221771,0.4906466043106954,0.025682268604795794,3.0,,3.0,46.0,0.0012185215272136475,0.002930276554426551,0.0,46.0,0.01868399675060926,0.0,2413.0,0.0,0.0,0.0,0.0,0.0
0.16774979691307879,0.430216575922565,0.2267109290610263,87.0,0.05706396686608376,25.0,2024.0,0.035337124289195776,0.04201248102984611,0.029721955896452542,2086.0,0.8472786352558895,0.7126436781609196,351.0,0.12643678160919541,0.034482758620689655,0.08045977011494253,0.06896551724137931,62.0,87,cortical_pca64_delta,5,2462,0,0.2404549147034931,0.4512909860859044,0.28514737862143225,87.0,0.05935613682092555,28.0,1842.0,0.035337124289195776,0.046889440754591546,0.03103629668595476,1901.0,0.7721364744110479,0.6781609195402298,533.0,0.12643678160919541,0.05747126436781609,0.06896551724137931,0.06896551724137931,59.0,0.6271324126726239,0.5465166364186328,0.24707969529598045,87.0,0.08016032064128258,47.0,871.0,0.035337124289195776,0.12005456361839403,0.043907793633369926,911.0,0.37002437043054426,0.45977011494252873,1504.0,0.2988505747126437,0.08045977011494253,0.1839080459770115,0.12643678160919541,40.0,0.023096353775198815,0.07804208258854792,0.02080418382035703,0.07316512286380249,0.021056412157011845,0.07580401842250797,0.05152610772514234,0.05940424121193921,0.19821283509341997,0.4460060496067756,0.2333339187089124,87.0,0.05910390848427073,25.0,1949.0,0.035337124289195776,0.04425054519588606,0.030830432620586774,2011.0,0.8168155970755483,0.7126436781609196,426.0,0.12643678160919541,0.034482758620689655,0.08045977011494253,0.08045977011494253,62.0,blocked,True,future_acceleration_event,0.1,0.9646628757108042,0.5,0.2042104213210361,87.0,,87.0,0.0,0.035337124289195776,0.0685284558932517,,0.0,0.0,0.0,2375.0,0.08045977011494253,0.034482758620689655,0.06896551724137931,0.05747126436781609,0.0,0.9082047116165719,0.5759322444041137,0.18861970945216938,87.0,0.14393939393939392,68.0,158.0,0.035337124289195776,0.06065032240645482,0.10734463276836158,177.0,0.0718927701056052,0.21839080459770116,2217.0,0.3218390804597701,0.011494252873563218,0.13793103448275862,0.04597701149425287,19.0
0.5186839967506093,0.5025453159382492,0.3989245088624731,1191.0,0.011676396997497914,1184.0,1.0,0.48375304630381805,0.49550687375056746,0.875,8.0,0.003249390739236393,0.005877413937867338,1270.0,0.10747271200671704,0.015113350125944584,0.05289672544080604,0.4819479429051218,7.0,1191,cortical_pca64_delta,5,2462,0,0.5190901705930138,0.5029915554701171,0.36213939443844106,1191.0,0.014975041597337771,1182.0,2.0,0.48375304630381805,0.49587173211664304,0.8181818181818182,11.0,0.004467912266450041,0.007556675062972292,1269.0,0.10831234256926953,0.016792611251049538,0.05709487825356843,0.48446683459277917,9.0,0.5219333874898456,0.5063266261979269,0.3363614107842229,1191.0,0.05004035512510089,1160.0,17.0,0.48375304630381805,0.5221570570026492,0.6458333333333334,48.0,0.01949634443541836,0.026028547439126783,1254.0,0.12426532325776658,0.015113350125944584,0.06297229219143577,0.5079764903442485,31.0,0.03836395812760297,0.026650183252081794,0.03506531352776312,0.02628532488600621,0.040048681519772,0.03457177953205515,0.01715796638418754,-0.06791291627221385,0.5170593013809911,0.5009453275649194,0.36764085210642217,1191.0,0.009991673605328892,1185.0,4.0,0.48375304630381805,0.4875852774705941,0.6,10.0,0.004061738424045491,0.005037783375314861,1267.0,0.10663308144416457,0.011754827875734676,0.055415617128463476,0.4802686817800168,6.0,blocked,True,future_local_rank_event,0.1,0.4841592201462226,0.4996799362647075,0.398505456159685,1191.0,0.6470261256253474,27.0,1243.0,0.48375304630381805,0.5049990906184617,0.48358953053593684,2407.0,0.9776604386677498,0.9773299748110831,28.0,0.11502938706968933,0.0109151973131822,0.06381192275398824,0.5088161209068011,1164.0,0.5536149471974005,0.5631447104265468,0.3837773532412375,1191.0,0.6498884995221409,171.0,928.0,0.48375304630381805,0.5900699732748631,0.5236139630390144,1948.0,0.7912266450040617,0.8564231738035264,343.0,0.1376994122586062,0.016792611251049538,0.06801007556675064,0.5726280436607892,1020.0
0.36851601262967976,0.5011656206305652,0.5409548675860999,1404.0,0.0070921985815602835,1399.0,1.0,0.6332882273342354,0.6546764804413543,0.8333333333333334,6.0,0.0027063599458728013,0.0035612535612535613,812.0,0.10754985754985755,0.013532763532763533,0.05911680911680912,0.6381766381766382,5.0,1404,cortical_pca64_delta,7,2217,0,0.3712223725755526,0.502525730385509,0.4595749450394963,1404.0,0.019690576652601967,1390.0,4.0,0.6332882273342354,0.6416740316123836,0.7777777777777778,18.0,0.008119079837618403,0.009971509971509971,809.0,0.1047008547008547,0.012108262108262107,0.053418803418803416,0.6374643874643875,14.0,0.38746053225078936,0.5070620578000652,0.4468078060520889,1404.0,0.10775295663600525,1322.0,36.0,0.6332882273342354,0.6525847042355348,0.6949152542372882,118.0,0.053225078935498424,0.0584045584045584,777.0,0.10327635327635327,0.014245014245014245,0.05555555555555555,0.6452991452991453,82.0,0.10066075805444497,-0.0020917762058194622,0.08806237998340327,0.010910672623151263,0.09086344220954501,0.0037536867854427447,0.01716386160822858,-0.04690571751900918,0.36986919260261614,0.5011984735231968,0.4276543374090845,1404.0,0.016889514426460243,1392.0,5.0,0.6332882273342354,0.6488310174500921,0.7058823529411765,17.0,0.007668019846639603,0.008547008547008548,808.0,0.10612535612535613,0.010683760683760684,0.05555555555555555,0.6381766381766382,12.0,blocked,False,future_change_movement,0.03,0.6224627875507442,0.4979250113013951,0.5744089348378943,1404.0,0.7640259374118974,49.0,788.0,0.6332882273342354,0.6354208426273062,0.6322911805879609,2143.0,0.9666215606675688,0.9650997150997151,25.0,0.10256410256410256,0.011396011396011397,0.054843304843304845,0.6367521367521367,1355.0,0.6328371673432567,0.5281207619768505,0.4869540082941195,1404.0,0.7605882352941177,111.0,703.0,0.6332882273342354,0.699490421754544,0.6477955911823647,1996.0,0.9003157419936851,0.9209401709401709,110.0,0.1168091168091168,0.011396011396011397,0.06054131054131054,0.6794871794871795,1293.0
0.6610284167794317,0.5336079175685964,0.3664163499121561,1043.0,0.17326732673267328,938.0,64.0,0.35284167794316645,0.4693290182021973,0.621301775147929,169.0,0.05717185385656292,0.10067114093959731,1849.0,0.17066155321188878,0.020134228187919462,0.08916586768935762,0.4477468839884947,105.0,1043,cortical_pca64_delta,7,2956,0,0.6556156968876861,0.5366205590351929,0.38169746879180516,1043.0,0.2132921174652241,905.0,113.0,0.35284167794316645,0.4528083686723644,0.549800796812749,251.0,0.08491204330175914,0.13231064237775647,1800.0,0.15052732502396932,0.020134228187919462,0.0862895493767977,0.43815915627996166,138.0,0.6681326116373477,0.5526137208252162,0.39904006992422886,1043.0,0.2539923954372624,876.0,105.0,0.35284167794316645,0.5022309558025454,0.6139705882352942,272.0,0.09201623815967523,0.1601150527325024,1808.0,0.1716203259827421,0.02109300095877277,0.09300095877277086,0.473633748801534,167.0,0.08072506870458909,0.0329019376003481,0.04070027797203826,0.049422587130180995,-0.013334337236004967,0.05354338355999155,0.141911608512161,0.12321104595735016,0.6495263870094723,0.5430347639078436,0.3514231490972656,1043.0,0.26732673267326734,854.0,182.0,0.35284167794316645,0.44868757224255384,0.5094339622641509,371.0,0.12550744248985116,0.18120805369127516,1731.0,0.14189837008628955,0.02109300095877277,0.08341323106423777,0.43815915627996166,189.0,blocked,True,future_spike,0.03,0.4506089309878214,0.4846227983434732,0.41971088633623554,1043.0,0.43532684283727396,417.0,1207.0,0.35284167794316645,0.3603193472903844,0.3415166393889798,1833.0,0.6200947225981055,0.6001917545541706,706.0,0.10546500479386385,0.011505273250239693,0.04793863854266539,0.3815915627996165,626.0,0.43437077131258456,0.5374821013211819,0.3066113417672448,1043.0,0.525539160045403,117.0,1555.0,0.35284167794316645,0.37901990984519524,0.3732365981459089,2481.0,0.8393098782138024,0.887823585810163,358.0,0.09587727708533078,0.016299137104506232,0.05465004793863854,0.39213806327900286,926.0
0.936851601262968,0.5228824661684952,0.11222376645660025,131.0,0.09090909090909091,124.0,16.0,0.059088858818222824,0.0930146334408348,0.30434782608695654,23.0,0.010374379792512404,0.05343511450381679,2070.0,0.19083969465648856,0.05343511450381679,0.11450381679389313,0.13740458015267176,7.0,131,cortical_pca64_delta,7,2217,0,0.936851601262968,0.5085740633668294,0.16497193439871796,131.0,0.0410958904109589,128.0,12.0,0.059088858818222824,0.08021942306247343,0.2,15.0,0.006765899864682003,0.022900763358778626,2074.0,0.15267175572519084,0.030534351145038167,0.12213740458015267,0.1297709923664122,3.0,0.9219666215606676,0.5078183894081225,0.22942911495957047,131.0,0.054644808743169404,126.0,47.0,0.059088858818222824,0.07116285213516513,0.09615384615384616,52.0,0.02345511953089761,0.03816793893129771,2039.0,0.13740458015267176,0.007633587786259542,0.06870229007633588,0.06870229007633588,5.0,-0.03626428216592151,-0.02185178130566967,0.013548918332210502,-0.0090565709273083,-0.04662101404164072,-0.030546425724548174,0.022312431710078504,-0.008085163158222039,0.9359494812810104,0.5259801804834849,0.15056963778910745,131.0,0.10126582278481013,123.0,19.0,0.059088858818222824,0.1017092778597133,0.2962962962962963,27.0,0.012178619756427604,0.061068702290076333,2067.0,0.17557251908396945,0.05343511450381679,0.09923664122137404,0.12213740458015267,8.0,blocked,False,future_slope_change,0.03,0.7861975642760487,0.4392478391018275,0.08665953378153225,131.0,0.024691358024691357,125.0,349.0,0.059088858818222824,0.048850420425086624,0.016901408450704224,355.0,0.16012629679747406,0.04580152671755725,1737.0,0.0,0.0,0.0,0.0,6.0,0.7767253044654939,0.477139490459845,0.15760173815481185,131.0,0.06779661016949153,113.0,382.0,0.059088858818222824,0.07924801529338717,0.045,400.0,0.18042399639152007,0.13740458015267176,1704.0,0.05343511450381679,0.04580152671755725,0.04580152671755725,0.04580152671755725,18.0
0.34100135317997293,0.49858416279412565,0.27879091302095377,664.0,0.4476370510396975,72.0,1389.0,0.2995038340099233,0.375289991528005,0.29883897021706207,1981.0,0.8935498421290031,0.891566265060241,164.0,0.13704819277108435,0.030120481927710843,0.09036144578313253,0.3704819277108434,592.0,664,cortical_pca64_delta,7,2217,0,0.404149751917005,0.5108980674791891,0.3160518408376875,664.0,0.4385890352741182,148.0,1173.0,0.2995038340099233,0.3741002020154123,0.30550621669627,1689.0,0.7618403247631935,0.7771084337349398,380.0,0.14759036144578314,0.0286144578313253,0.0858433734939759,0.35843373493975905,516.0,0.489851150202977,0.564311010946555,0.291815514133523,664.0,0.468265162200282,166.0,965.0,0.2995038340099233,0.40716564620422296,0.34039644565960353,1463.0,0.6599007668019846,0.75,588.0,0.15512048192771086,0.030120481927710843,0.09337349397590361,0.3810240963855422,498.0,0.02062811116058455,0.031875654676217946,0.029676126926163837,0.03306544418881069,0.014143855823921248,0.026695130450862525,0.09334018458454096,0.039269996965027865,0.36671177266576455,0.5134873040132196,0.2798538043809464,664.0,0.4541213063763608,80.0,1324.0,0.2995038340099233,0.38047051575336044,0.3060796645702306,1908.0,0.8606224627875507,0.8795180722891566,229.0,0.1460843373493976,0.030120481927710843,0.08433734939759036,0.3674698795180723,584.0,blocked,True,future_acceleration_event,0.03,0.2963464140730717,0.4942978611160676,0.2160455009961231,664.0,0.456824512534819,8.0,1552.0,0.2995038340099233,0.313825461619682,0.2971014492753623,2208.0,0.9959404600811907,0.9879518072289156,1.0,0.1144578313253012,0.01355421686746988,0.060240963855421686,0.3042168674698795,656.0,0.4510599909788002,0.543950593100024,0.2604475036512405,664.0,0.4583889630618603,149.0,1068.0,0.2995038340099233,0.3678956492391951,0.32533164876816173,1583.0,0.7140279657194407,0.7756024096385542,485.0,0.14006024096385541,0.018072289156626505,0.05572289156626506,0.39006024096385544,515.0
0.8619756427604871,0.5073995455632624,0.18309190087184593,296.0,0.043750000000000004,289.0,17.0,0.13351375732972484,0.16739252471948515,0.2916666666666667,24.0,0.010825439783491205,0.02364864864864865,1904.0,0.14527027027027026,0.02027027027027027,0.09121621621621621,0.16891891891891891,7.0,296,cortical_pca64_delta,7,2217,0,0.8633288227334236,0.5096092969596353,0.21243903815016227,296.0,0.050156739811912224,288.0,15.0,0.13351375732972484,0.15152463843905561,0.34782608695652173,23.0,0.010374379792512404,0.02702702702702703,1906.0,0.13175675675675674,0.02702702702702703,0.08445945945945946,0.16554054054054054,8.0,0.8502480829950383,0.5034900530410682,0.26665945891362036,296.0,0.051428571428571435,287.0,45.0,0.13351375732972484,0.14757912113853702,0.16666666666666666,54.0,0.02435723951285521,0.030405405405405407,1876.0,0.09797297297297297,0.013513513513513514,0.060810810810810814,0.1554054054054054,9.0,0.0076785714285714304,-0.01981340358094813,0.0012718316166592109,-0.003945517300518592,0.020564373897707235,-0.009226920511771514,0.018132722777722182,-0.07009009695912183,0.8583671628326568,0.5024594805633328,0.20965209658105807,296.0,0.0308641975308642,291.0,23.0,0.13351375732972484,0.15680604165030854,0.17857142857142858,28.0,0.012629679747406405,0.016891891891891893,1898.0,0.14864864864864866,0.013513513513513514,0.08445945945945946,0.18243243243243243,5.0,blocked,False,future_local_rank_event,0.03,0.6328371673432567,0.46805577050241287,0.1612407071034038,296.0,0.1503131524008351,224.0,590.0,0.13351375732972484,0.12944639836081484,0.10876132930513595,662.0,0.2986017140279657,0.24324324324324326,1331.0,0.060810810810810814,0.013513513513513514,0.02364864864864865,0.08783783783783784,72.0,0.532701849345963,0.5931736004614714,0.18514232201323494,296.0,0.27855153203342614,96.0,940.0,0.13351375732972484,0.21766921809765885,0.17543859649122806,1140.0,0.5142083897158322,0.6756756756756757,981.0,0.1554054054054054,0.0472972972972973,0.12162162162162163,0.19932432432432431,200.0
0.5408209291835814,0.5016124594223644,0.39528086306225896,1021.0,0.009727626459143969,1016.0,2.0,0.460532250789355,0.4822830268364815,0.7142857142857143,7.0,0.0031574199368516014,0.004897159647404506,1194.0,0.10577864838393732,0.01665034280117532,0.059745347698334964,0.4730656219392752,5.0,1021,cortical_pca64_delta,7,2217,0,0.541723049165539,0.5025202355877738,0.35760847188928513,1021.0,0.011673151750972763,1015.0,1.0,0.460532250789355,0.4782836096643144,0.8571428571428571,7.0,0.0031574199368516014,0.005876591576885406,1195.0,0.11263467189030363,0.012732615083251714,0.05484818805093046,0.4691478942213516,6.0,0.5471357690572847,0.5091850405694464,0.34175191566057284,1021.0,0.054613935969868174,992.0,12.0,0.460532250789355,0.5120527687227545,0.7073170731707317,41.0,0.01849345963013081,0.02840352595494613,1184.0,0.12340842311459353,0.015670910871694418,0.06366307541625857,0.5024485798237023,29.0,0.044886309510724205,0.029769741886273016,0.04294078421889541,0.033769159058440135,0.041008493792997425,0.03403016730191144,0.037709953706090205,-0.045461988531309006,0.5421741091565179,0.5030099515525143,0.37264902496681235,1021.0,0.01360544217687075,1014.0,1.0,0.460532250789355,0.4780226014208431,0.875,8.0,0.0036084799278304014,0.0068560235063663075,1195.0,0.11263467189030363,0.015670910871694418,0.058765915768854066,0.47502448579823703,7.0,blocked,True,future_change_movement,0.05,0.4578258908434822,0.4957719004582693,0.3873789744819727,1021.0,0.6239048811013767,24.0,1178.0,0.460532250789355,0.4743428150166643,0.45839080459770115,2175.0,0.9810554803788903,0.9764936336924583,18.0,0.10577864838393732,0.011753183153770812,0.06366307541625857,0.4701273261508325,997.0,0.4957149300857014,0.5251564961887323,0.31364098498299703,1021.0,0.6212737127371274,104.0,1014.0,0.460532250789355,0.5575147572540635,0.474883480062144,1931.0,0.8709968425800632,0.8981390793339863,182.0,0.14397649363369247,0.011753183153770812,0.06366307541625857,0.5533790401567091,917.0
0.7560893098782138,0.5479315151436757,0.31862325587028273,729.0,0.21715526601520088,629.0,92.0,0.246617050067659,0.3780863340744688,0.5208333333333334,192.0,0.06495263870094722,0.13717421124828533,2135.0,0.1906721536351166,0.02194787379972565,0.1083676268861454,0.3813443072702332,100.0,729,cortical_pca64_delta,7,2956,0,0.7442489851150202,0.5239260281752257,0.3491442645177148,729.0,0.14672686230248308,664.0,92.0,0.246617050067659,0.3322319865508857,0.4140127388535032,157.0,0.05311231393775372,0.08916323731138547,2135.0,0.15912208504801098,0.02194787379972565,0.0823045267489712,0.3484224965706447,65.0,0.7510148849797023,0.5805493497622088,0.3583250477649831,729.0,0.326007326007326,551.0,185.0,0.246617050067659,0.4133020714670008,0.4903581267217631,363.0,0.12280108254397835,0.24417009602194786,2042.0,0.20027434842249658,0.02194787379972565,0.1056241426611797,0.4375857338820302,178.0,0.10885205999212513,0.03521573739253203,0.17928046370484294,0.08107008491611511,0.17861503575789292,0.07539163252812281,0.15684684765870782,0.14410875271054474,0.7456021650879567,0.5248240973265504,0.3160913471665461,729.0,0.1473922902494331,664.0,88.0,0.246617050067659,0.337910438938878,0.42483660130718953,153.0,0.05175913396481732,0.08916323731138547,2139.0,0.15637860082304528,0.019204389574759947,0.08916323731138547,0.34156378600823045,65.0,blocked,True,future_spike,0.05,0.4766576454668471,0.49488876692888073,0.318264535035913,729.0,0.33347694959069374,342.0,1205.0,0.246617050067659,0.256455223808293,0.24309045226130654,1592.0,0.5385656292286874,0.5308641975308642,1022.0,0.1083676268861454,0.013717421124828532,0.0438957475994513,0.3004115226337449,387.0,0.4232070365358593,0.5124707188187373,0.3288681536510778,729.0,0.3706164636397195,227.0,1478.0,0.246617050067659,0.2691933187564561,0.25353535353535356,1980.0,0.6698240866035182,0.6886145404663924,749.0,0.09465020576131687,0.009602194787379973,0.04526748971193416,0.2716049382716049,502.0
0.10464591790708164,0.5443067033976124,0.03137562924008681,39.0,0.03780901599612215,0.0,1985.0,0.017591339648173207,0.03232772463480303,0.019268774703557312,2024.0,0.9129454217410916,1.0,193.0,0.3076923076923077,0.02564102564102564,0.1794871794871795,0.02564102564102564,39.0,39,cortical_pca64_delta,7,2217,0,0.5227785295444294,0.568252454616091,0.10166024711642761,39.0,0.0433996383363472,15.0,1043.0,0.017591339648173207,0.030350831528094986,0.022492970946579195,1067.0,0.4812810103743798,0.6153846153846154,1135.0,0.1794871794871795,0.02564102564102564,0.10256410256410256,0.05128205128205128,24.0,0.970681100586378,0.5066221657130748,0.1411175537598246,39.0,0.029850746268656716,38.0,27.0,0.017591339648173207,0.03221738065499536,0.03571428571428571,28.0,0.012629679747406405,0.02564102564102564,2151.0,0.20512820512820512,0.0,0.1282051282051282,0.02564102564102564,1.0,-0.007958269727465436,-0.00011034397980767136,-0.013548892067690482,0.0018665491269003742,-0.011045066779055066,0.006024120589692462,0.01795020394315762,0.015956349867712317,0.5557059088858818,0.5472381154199336,0.08976897976293562,39.0,0.04089581304771178,18.0,967.0,0.017591339648173207,0.026193260065302898,0.02125506072874494,988.0,0.4456472710870546,0.5384615384615384,1211.0,0.23076923076923078,0.02564102564102564,0.1282051282051282,0.02564102564102564,21.0,blocked,False,future_slope_change,0.05,0.9824086603518268,0.5,0.05012576323926166,39.0,,39.0,0.0,0.017591339648173207,0.014267176711837741,,0.0,0.0,0.0,2178.0,0.05128205128205128,0.0,0.02564102564102564,0.0,0.0,0.9264772214704555,0.47153351698806245,0.11737618713163497,39.0,,39.0,124.0,0.017591339648173207,0.016261030787283044,0.0,124.0,0.05593143888137122,0.0,2054.0,0.0,0.0,0.0,0.0,0.0
0.14614343707713126,0.4649116056679082,0.23866668177468459,306.0,0.2263996730690641,29.0,1864.0,0.13802435723951287,0.16834751773660087,0.1293787949556282,2141.0,0.9657194406856112,0.9052287581699346,47.0,0.13071895424836602,0.042483660130718956,0.0718954248366013,0.17647058823529413,277.0,306,cortical_pca64_delta,7,2217,0,0.18493459630130807,0.47231713198099756,0.27541512174994964,306.0,0.22744762719110728,40.0,1767.0,0.13802435723951287,0.16409000072011307,0.1308411214953271,2033.0,0.9170049616599008,0.869281045751634,144.0,0.13398692810457516,0.032679738562091505,0.06535947712418301,0.16993464052287582,266.0,0.40775823184483534,0.517855860292835,0.3017771170650202,306.0,0.2379570516540917,101.0,1212.0,0.13802435723951287,0.2233793210130754,0.14467184191954835,1417.0,0.6391520072169599,0.6699346405228758,699.0,0.16339869281045752,0.049019607843137254,0.1111111111111111,0.21895424836601307,205.0,0.011557378585027589,0.05503180327647453,0.010509424462984418,0.05928932029296233,0.016018276143887622,0.051848808964853166,0.07922084037767962,0.03553492628354138,0.17456021650879566,0.45943762120232706,0.22889492476089174,306.0,0.22193877551020408,45.0,1785.0,0.13802435723951287,0.17153051204822223,0.12756598240469208,2046.0,0.9228687415426252,0.8529411764705882,126.0,0.12418300653594772,0.0392156862745098,0.08169934640522876,0.16339869281045752,261.0,blocked,True,future_acceleration_event,0.05,0.8619756427604871,0.5,0.21629664673694718,306.0,,306.0,0.0,0.13802435723951287,0.14415848063539577,,0.0,0.0,0.0,1911.0,0.10457516339869281,0.0196078431372549,0.0457516339869281,0.13071895424836602,0.0,0.6301308073973838,0.5590159140579308,0.223430502384999,306.0,0.25589836660617055,165.0,655.0,0.13802435723951287,0.18784439472953401,0.1771356783919598,796.0,0.35904375281912493,0.46078431372549017,1256.0,0.16993464052287582,0.029411764705882353,0.0784313725490196,0.2222222222222222,141.0
0.7591339648173207,0.506875330731029,0.23134922922674292,538.0,0.032608695652173905,529.0,5.0,0.2426702751465945,0.2824656528638557,0.6428571428571429,14.0,0.006314839873703203,0.016728624535315983,1674.0,0.13197026022304834,0.026022304832713755,0.07806691449814127,0.2620817843866171,9.0,538,cortical_pca64_delta,7,2217,0,0.7568786648624267,0.5034916340271581,0.2667607743212251,538.0,0.021778584392014518,532.0,7.0,0.2426702751465945,0.2812124297398398,0.46153846153846156,13.0,0.005863779882724403,0.011152416356877323,1672.0,0.13568773234200743,0.022304832713754646,0.07992565055762081,0.26765799256505574,6.0,0.7564276048714479,0.5076148397767303,0.3170244061126199,538.0,0.045936395759717315,525.0,15.0,0.2426702751465945,0.2909073978737413,0.4642857142857143,28.0,0.012629679747406405,0.024163568773234202,1664.0,0.13382899628252787,0.020446096654275093,0.08921933085501858,0.275092936802974,13.0,0.01332770010754341,0.008441745009885593,0.024157811367702797,0.009694968133901527,0.01689828323703129,0.020626171116004732,0.03469966581818651,-0.04254633810335828,0.7586829048263419,0.5059459627012892,0.25938173899729766,538.0,0.029038112522686024,530.0,5.0,0.2426702751465945,0.2702812267577366,0.6153846153846154,13.0,0.005863779882724403,0.01486988847583643,1674.0,0.1171003717472119,0.024163568773234202,0.0687732342007435,0.24721189591078066,8.0,blocked,True,future_local_rank_event,0.05,0.41271989174560214,0.49163900888075085,0.23030949286240932,538.0,0.34769539078156314,191.0,1111.0,0.2426702751465945,0.2562077320555548,0.23799725651577502,1458.0,0.6576454668470907,0.6449814126394052,568.0,0.08364312267657993,0.022304832713754646,0.05204460966542751,0.24349442379182157,347.0,0.5290933694181326,0.58994389473288,0.2955147492311718,538.0,0.42192691029900337,157.0,887.0,0.2426702751465945,0.3334537359770996,0.30047318611987384,1268.0,0.5719440685611187,0.70817843866171,792.0,0.137546468401487,0.026022304832713755,0.08550185873605948,0.34386617100371747,381.0
0.6648624267027514,0.503001733241234,0.28319877963509615,746.0,0.015894039735099338,740.0,3.0,0.33649075327018496,0.3758918029187473,0.6666666666666666,9.0,0.0040595399188092015,0.00804289544235925,1468.0,0.12332439678284182,0.022788203753351208,0.06300268096514745,0.3753351206434316,6.0,746,cortical_pca64_delta,7,2217,0,0.6662156066756879,0.5053427935620385,0.33172208733909414,746.0,0.02631578947368421,736.0,4.0,0.33649075327018496,0.3715856653800751,0.7142857142857143,14.0,0.006314839873703203,0.013404825737265416,1467.0,0.11528150134048257,0.022788203753351208,0.06300268096514745,0.36595174262734587,10.0,0.6675687866486243,0.5113175549452051,0.31394179873452255,746.0,0.06353240152477764,721.0,16.0,0.33649075327018496,0.40599721393175014,0.6097560975609756,41.0,0.01849345963013081,0.03351206434316354,1455.0,0.1353887399463807,0.022788203753351208,0.07238605898123325,0.40214477211796246,25.0,0.0476383617896783,0.030105411013002847,0.03721661205109343,0.03441154855167505,0.04498935516716175,0.027441180292333722,0.052174792730327546,-0.03905546713009245,0.6657645466847091,0.5040118793547458,0.3043106171642084,746.0,0.018543046357615892,739.0,2.0,0.33649075327018496,0.3785560336394164,0.7777777777777778,9.0,0.0040595399188092015,0.00938337801608579,1469.0,0.11796246648793565,0.01876675603217158,0.05630026809651475,0.37935656836461124,7.0,blocked,True,future_change_movement,0.075,0.33649075327018496,0.4930629343354906,0.2725750393443495,746.0,0.49640534063676817,21.0,1450.0,0.33649075327018496,0.3538224212014226,0.3333333333333333,2175.0,0.9810554803788903,0.9718498659517426,21.0,0.1126005361930295,0.014745308310991957,0.054959785522788206,0.36595174262734587,725.0,0.47812359043752817,0.5621346934386522,0.2732605105704824,746.0,0.5136612021857924,135.0,1022.0,0.33649075327018496,0.4450526810618426,0.3741579914268218,1633.0,0.7365809652683807,0.8190348525469169,449.0,0.15683646112600536,0.014745308310991957,0.08981233243967829,0.4343163538873995,611.0
0.8125845737483085,0.5292078309826241,0.2460107681307649,538.0,0.13975155279503107,493.0,61.0,0.18200270635994586,0.28008011263190324,0.42452830188679247,106.0,0.03585926928281461,0.08364312267657993,2357.0,0.18773234200743494,0.02973977695167286,0.10408921933085502,0.3048327137546468,45.0,538,cortical_pca64_delta,7,2956,0,0.7997293640054127,0.5423050787003298,0.2807490847528671,538.0,0.2,464.0,128.0,0.18200270635994586,0.27118409155767903,0.36633663366336633,202.0,0.06833558863328823,0.137546468401487,2290.0,0.18773234200743494,0.02973977695167286,0.10966542750929369,0.2899628252788104,74.0,0.8190121786197564,0.5504787513721439,0.3197870675401686,538.0,0.20505200594353637,469.0,66.0,0.18200270635994586,0.32703188400288463,0.5111111111111111,135.0,0.04566982408660352,0.12825278810408922,2352.0,0.23605947955390336,0.03717472118959108,0.137546468401487,0.33643122676579923,69.0,0.0653004531485053,0.04695177137098139,0.0050520059435363585,0.0558477924452056,0.03570894025010571,0.06118684960695986,0.13448079838793395,0.12802059095209428,0.807510148849797,0.5354997063535257,0.2609326225968999,538.0,0.16934306569343066,480.0,89.0,0.18200270635994586,0.2658450343959248,0.3945578231292517,147.0,0.04972936400541272,0.10780669144981413,2329.0,0.17472118959107807,0.031598513011152414,0.10780669144981413,0.28810408921933084,58.0,blocked,True,future_spike,0.075,0.4610960757780785,0.4877813855808819,0.1801530007786762,538.0,0.26352288488210823,253.0,1340.0,0.18200270635994586,0.19255108561495068,0.1753846153846154,1625.0,0.5497293640054127,0.5297397769516728,1078.0,0.11524163568773234,0.01486988847583643,0.046468401486988845,0.2137546468401487,285.0,0.5696887686062246,0.5476552867127277,0.29348461091659794,538.0,0.3026315789473684,262.0,1010.0,0.18200270635994586,0.19901129305079035,0.21461897356143078,1286.0,0.43504736129905275,0.5130111524163569,1408.0,0.12453531598513011,0.011152416356877323,0.05018587360594796,0.19144981412639406,276.0
0.02165087956698241,0.5101626016260162,0.009903944677328157,3.0,0.002758620689655172,0.0,2169.0,0.0013531799729364006,0.0008192350283316116,0.0013812154696132596,2172.0,0.979702300405954,1.0,45.0,0.0,0.0,0.0,0.0,3.0,3,cortical_pca64_delta,7,2217,0,0.36851601262967976,0.3509485094850948,0.028966135429256565,3.0,0.0014265335235378032,2.0,1398.0,0.0013531799729364006,0.0008291992345005764,0.0007147962830593281,1399.0,0.6310329273793415,0.3333333333333333,816.0,0.0,0.0,0.0,0.0,1.0,0.8849797023004059,0.7759710930442638,0.036256987863134436,3.0,0.015444015444015444,1.0,254.0,0.0013531799729364006,0.005520275742605629,0.0078125,256.0,0.11547135769057285,0.6666666666666666,1960.0,0.6666666666666666,0.0,0.0,0.0,2.0,0.012685394754360271,0.004701040714274017,0.01401748192047764,0.004691076508105053,0.014315983859131068,0.0047382438531145986,-0.002276675131400629,0.0028856285042308015,0.20117275597654488,0.26716350496838304,0.026254233716746653,3.0,0.0011280315848843769,2.0,1769.0,0.0013531799729364006,0.0007820318894910304,0.0005649717514124294,1770.0,0.7983761840324763,0.3333333333333333,445.0,0.0,0.0,0.0,0.0,1.0,blocked,True,future_slope_change,0.075,0.9986468200270636,0.5,0.006156879784365197,3.0,,3.0,0.0,0.0013531799729364006,0.0077969508740062575,,0.0,0.0,0.0,2214.0,0.6666666666666666,0.0,0.3333333333333333,0.0,0.0,0.9760938204781235,0.48870822041553746,0.06438016482512011,3.0,,3.0,50.0,0.0013531799729364006,0.002634647238374827,0.0,50.0,0.02255299954894001,0.0,2164.0,0.0,0.0,0.0,0.0,0.0
0.13125845737483086,0.3896273952930768,0.2239200580190243,151.0,0.09746954076850985,47.0,1879.0,0.06811005863779883,0.07768193344669247,0.052445789208270296,1983.0,0.8944519621109608,0.6887417218543046,187.0,0.10596026490066225,0.039735099337748346,0.059602649006622516,0.07947019867549669,104.0,151,cortical_pca64_delta,7,2217,0,0.23455119530897608,0.3867328490925293,0.29236563396040055,151.0,0.09105516871987145,66.0,1631.0,0.06811005863779883,0.07760707946753952,0.049533799533799536,1716.0,0.774018944519621,0.5629139072847682,435.0,0.13245033112582782,0.039735099337748346,0.06622516556291391,0.09933774834437085,85.0,0.6377988272440235,0.5171541129482059,0.27197894668587275,151.0,0.12431842966194112,94.0,709.0,0.06811005863779883,0.15106762512060773,0.07441253263707572,766.0,0.34551195308976096,0.37748344370860926,1357.0,0.2119205298013245,0.07947019867549669,0.16556291390728478,0.17218543046357615,57.0,0.026848888893431275,0.07338569167391526,0.033263260942069675,0.07346054565306821,0.027874201702856843,0.07857432540477421,0.06921355165573988,0.043863853319825716,0.16328371673432568,0.3914641339120289,0.23413094634183926,151.0,0.09644422795908428,52.0,1803.0,0.06811005863779883,0.07249329971583351,0.052050473186119876,1902.0,0.857916102841678,0.6556291390728477,263.0,0.10596026490066225,0.033112582781456956,0.059602649006622516,0.0728476821192053,99.0,blocked,True,future_acceleration_event,0.075,0.9318899413622012,0.5,0.2443718219855775,151.0,,151.0,0.0,0.06811005863779883,0.08185407346486785,,0.0,0.0,0.0,2066.0,0.10596026490066225,0.013245033112582781,0.026490066225165563,0.046357615894039736,0.0,0.8958051420838972,0.5174698524839245,0.27343874429709697,151.0,0.09411764705882356,139.0,92.0,0.06811005863779883,0.10720377180078201,0.11538461538461539,104.0,0.04691023906179522,0.07947019867549669,1974.0,0.2185430463576159,0.039735099337748346,0.07947019867549669,0.1390728476821192,12.0
0.6450157870996842,0.5027463120825313,0.31150488796533776,790.0,0.01501877346683354,784.0,3.0,0.35633739287325217,0.3902009885359201,0.6666666666666666,9.0,0.0040595399188092015,0.007594936708860759,1424.0,0.11772151898734177,0.02278481012658228,0.06455696202531645,0.38734177215189874,6.0,790,cortical_pca64_delta,7,2217,0,0.6441136671177267,0.5009154373608438,0.33384987870681815,790.0,0.005044136191677175,788.0,1.0,0.35633739287325217,0.3774751293031226,0.6666666666666666,3.0,0.0013531799729364006,0.002531645569620253,1426.0,0.10759493670886076,0.012658227848101266,0.060759493670886074,0.3860759493670886,2.0,0.6504285069914298,0.5111888266967082,0.32861688739934536,790.0,0.051407588739290085,769.0,6.0,0.35633739287325217,0.41565561981482557,0.7777777777777778,27.0,0.012178619756427604,0.026582278481012658,1421.0,0.1240506329113924,0.021518987341772152,0.07215189873417721,0.40379746835443037,21.0,0.03638881527245655,0.02545463127890546,0.04636345254761291,0.03818049051170297,0.02653196684874282,0.02733375773660085,0.05890220317951361,-0.05110681500236325,0.6463689670726207,0.5049275722281852,0.3150730824855618,790.0,0.024875621890547265,780.0,4.0,0.35633739287325217,0.3883218620782247,0.7142857142857143,14.0,0.006314839873703203,0.012658227848101266,1423.0,0.12278481012658228,0.0189873417721519,0.06455696202531645,0.3721518987341772,10.0,blocked,True,future_local_rank_event,0.075,0.35633739287325217,0.5,0.288531346102061,790.0,0.5254406385101431,0.0,1427.0,0.35633739287325217,0.35675341663531196,0.35633739287325217,2217.0,1.0,1.0,0.0,0.09873417721518987,0.008860759493670886,0.04556962025316456,0.37341772151898733,790.0,0.507893549842129,0.5787409188081574,0.3284727311905264,790.0,0.5444676409185804,138.0,953.0,0.35633739287325217,0.4667624348171888,0.4062305295950156,1605.0,0.7239512855209743,0.8253164556962025,474.0,0.14936708860759493,0.013924050632911392,0.08734177215189873,0.46455696202531643,652.0
0.7564276048714479,0.5070607084851412,0.23429085861262647,545.0,0.03225806451612904,536.0,4.0,0.2458276950834461,0.28337369836126425,0.6923076923076923,13.0,0.005863779882724403,0.01651376146788991,1668.0,0.12844036697247707,0.027522935779816515,0.07706422018348624,0.26238532110091745,9.0,545,cortical_pca64_delta,7,2217,0,0.7559765448804691,0.508616829814319,0.2575082321516268,545.0,0.04247787610619469,533.0,8.0,0.2458276950834461,0.2810976523160286,0.6,20.0,0.009021199819576003,0.022018348623853212,1664.0,0.11376146788990826,0.022018348623853212,0.06788990825688074,0.27155963302752295,12.0,0.7546233649075327,0.510811641280014,0.27239719295726933,545.0,0.05882352941176471,528.0,16.0,0.2458276950834461,0.2928846714065533,0.5151515151515151,33.0,0.014884979702300407,0.031192660550458717,1656.0,0.13027522935779817,0.02018348623853211,0.08440366972477065,0.27706422018348625,17.0,0.026565464895635674,0.009510973045289028,0.016345653305570022,0.011787019090524653,0.033643673296656795,0.008617388311640994,0.03593024877355461,-0.04273841140583157,0.7555254848894903,0.50522584609982,0.27569227320597783,545.0,0.025179856115107913,538.0,4.0,0.2458276950834461,0.2842672830949123,0.6363636363636364,11.0,0.004961659900766802,0.012844036697247707,1668.0,0.12293577981651377,0.023853211009174313,0.06972477064220184,0.28256880733944956,7.0,blocked,True,future_change_movement,0.1,0.404149751917005,0.4887071463061323,0.23041861303373615,545.0,0.35085995085995086,188.0,1133.0,0.2458276950834461,0.25695442263299867,0.2395973154362416,1490.0,0.6720793865584123,0.655045871559633,539.0,0.09357798165137615,0.022018348623853212,0.047706422018348627,0.24770642201834864,357.0,0.5250338294993234,0.5923494359334533,0.2866811709096905,545.0,0.4286489419424851,150.0,903.0,0.2458276950834461,0.33562308281238484,0.30431432973805855,1298.0,0.5854758682904826,0.7247706422018348,769.0,0.13394495412844037,0.027522935779816515,0.08807339449541285,0.344954128440367,395.0
0.8484438430311232,0.5528514475301007,0.20321726110529154,389.0,0.20848056537102475,330.0,118.0,0.13159675236806495,0.22948881595131423,0.3333333333333333,177.0,0.05987821380243572,0.15167095115681234,2449.0,0.2185089974293059,0.030848329048843187,0.12082262210796915,0.2519280205655527,59.0,389,cortical_pca64_delta,7,2956,0,0.8386332882273342,0.5461122633223943,0.26871566436795047,389.0,0.19561551433389546,331.0,146.0,0.13159675236806495,0.20970101993602672,0.28431372549019607,204.0,0.06901217861975643,0.14910025706940874,2421.0,0.20051413881748073,0.030848329048843187,0.12339331619537275,0.23136246786632392,58.0,0.8626522327469553,0.5250434874915253,0.33505031484374825,389.0,0.11353711790393012,363.0,43.0,0.13159675236806495,0.24661997923873144,0.37681159420289856,69.0,0.02334235453315291,0.06683804627249357,2524.0,0.2442159383033419,0.03598971722365039,0.13881748071979436,0.30077120822622105,26.0,-0.09494344746709463,0.017131163287417206,-0.08207839642996534,0.036918959302704724,-0.1202656989974783,0.03721067812198439,0.09982340492887123,0.09900538534427225,0.8159675236806495,0.5603261887332096,0.21686889817384047,389.0,0.23380281690140842,306.0,238.0,0.13159675236806495,0.20940930111674705,0.2585669781931464,321.0,0.10859269282814614,0.2133676092544987,2329.0,0.19794344473007713,0.03598971722365039,0.10282776349614396,0.2416452442159383,83.0,blocked,True,future_spike,0.1,0.736468200270636,0.5341831211450855,0.17352130337995847,389.0,0.20591233435270134,288.0,491.0,0.13159675236806495,0.1467965743098602,0.17060810810810811,592.0,0.20027063599458728,0.2596401028277635,2076.0,0.12853470437017994,0.017994858611825194,0.04627249357326478,0.16709511568123395,101.0,0.5818673883626523,0.5455008847714166,0.23857785933950182,389.0,0.23797780517879166,196.0,1040.0,0.13159675236806495,0.1476145938944592,0.15652879156528793,1233.0,0.41711772665764546,0.4961439588688946,1527.0,0.11568123393316196,0.010282776349614395,0.056555269922879174,0.17223650385604114,193.0
0.9995489400090212,0.5,1e-06,1.0,,1.0,0.0,0.0004510599909788002,0.00031725888324873094,,0.0,0.0,0.0,2216.0,0.0,0.0,0.0,0.0,0.0,1,cortical_pca64_delta,7,2217,0,0.9995489400090212,0.5,1e-06,1.0,,1.0,0.0,0.0004510599909788002,0.00031725888324873094,,0.0,0.0,0.0,2216.0,0.0,0.0,0.0,0.0,0.0,0.9995489400090212,0.5,1e-06,1.0,,1.0,0.0,0.0004510599909788002,0.00031725888324873094,,0.0,0.0,0.0,2216.0,0.0,0.0,0.0,0.0,0.0,,0.0,,0.0,,0.0,0.0,0.0,0.9995489400090212,0.5,1e-06,1.0,,1.0,0.0,0.0004510599909788002,0.00031725888324873094,,0.0,0.0,0.0,2216.0,0.0,0.0,0.0,0.0,0.0,blocked,False,future_slope_change,0.1,0.9995489400090212,0.5,1e-06,1.0,,1.0,0.0,0.0004510599909788002,0.00031725888324873094,,0.0,0.0,0.0,2216.0,0.0,0.0,0.0,0.0,0.0,0.9995489400090212,0.5,1e-06,1.0,,1.0,0.0,0.0004510599909788002,0.00031725888324873094,,0.0,0.0,0.0,2216.0,0.0,0.0,0.0,0.0,0.0
0.10915651781686965,0.35580586844666945,0.24803768210546714,102.0,0.060865430337612936,38.0,1937.0,0.046008119079837616,0.05388004195728383,0.031984007996002,2001.0,0.9025710419485792,0.6274509803921569,178.0,0.09803921568627451,0.049019607843137254,0.049019607843137254,0.049019607843137254,64.0,102,cortical_pca64_delta,7,2217,0,0.15155615696887687,0.345369211514393,0.25620158136343374,102.0,0.057142857142857134,45.0,1836.0,0.046008119079837616,0.04634939449240788,0.030110935023771792,1893.0,0.8538565629228687,0.5588235294117647,279.0,0.09803921568627451,0.0392156862745098,0.049019607843137254,0.049019607843137254,57.0,0.460532250789355,0.4326588791544987,0.2659546025284895,102.0,0.06416275430359937,61.0,1135.0,0.046008119079837616,0.10022855253456815,0.03486394557823129,1176.0,0.530446549391069,0.4019607843137255,980.0,0.18627450980392157,0.06862745098039216,0.09803921568627451,0.08823529411764706,41.0,0.0032973239659864345,0.04634851057728432,0.007019897160742236,0.05387915804216027,0.0026097240005690733,0.04379190781927775,0.05088645150536767,0.026991706639576715,0.10599909788001805,0.3588165762759004,0.2529622353237412,102.0,0.0615530303030303,37.0,1945.0,0.046008119079837616,0.056436644715290404,0.03233830845771144,2010.0,0.9066305818673883,0.6372549019607843,170.0,0.09803921568627451,0.049019607843137254,0.049019607843137254,0.049019607843137254,65.0,blocked,True,future_acceleration_event,0.1,0.9539918809201624,0.5,0.2373939514519057,102.0,,102.0,0.0,0.046008119079837616,0.04934210102920048,,0.0,0.0,0.0,2115.0,0.08823529411764706,0.00980392156862745,0.029411764705882353,0.029411764705882353,0.0,0.9354984212900316,0.5229662077596996,0.2392334694551859,102.0,0.08917197452229299,95.0,48.0,0.046008119079837616,0.07323684589499144,0.12727272727272726,55.0,0.02480829950383401,0.06862745098039216,2067.0,0.17647058823529413,0.049019607843137254,0.09803921568627451,0.08823529411764706,7.0
0.5367613892647722,0.5015847244828686,0.40126502007559395,1030.0,0.009643201542912245,1025.0,2.0,0.4645917907081642,0.48808629383172203,0.7142857142857143,7.0,0.0031574199368516014,0.0048543689320388345,1185.0,0.10776699029126213,0.017475728155339806,0.062135922330097085,0.47572815533980584,5.0,1030,cortical_pca64_delta,7,2217,0,0.5385656292286874,0.5035264720556841,0.38692779228548196,1030.0,0.01729106628242075,1021.0,2.0,0.4645917907081642,0.4866915180764033,0.8181818181818182,11.0,0.004961659900766802,0.008737864077669903,1185.0,0.11359223300970873,0.014563106796116505,0.05728155339805825,0.4747572815533981,9.0,0.5457825890843482,0.5119355313632311,0.33535338841974727,1030.0,0.06499535747446611,995.0,12.0,0.4645917907081642,0.5157922629483169,0.7446808510638298,47.0,0.021199819576003608,0.03398058252427184,1175.0,0.12135922330097088,0.01650485436893204,0.062135922330097085,0.5048543689320388,35.0,0.05535215593155386,0.027705969116594897,0.04770429119204536,0.02910074487191361,0.05344579058322453,0.036467026814781645,0.03791575385657675,-0.04529180296770374,0.5367613892647722,0.5016489313844971,0.37944510721966157,1030.0,0.011549566891241578,1024.0,3.0,0.4645917907081642,0.4793252361335353,0.6666666666666666,9.0,0.0040595399188092015,0.005825242718446602,1184.0,0.10097087378640776,0.015533980582524271,0.05436893203883495,0.46990291262135925,6.0,blocked,True,future_local_rank_event,0.1,0.4609833107803338,0.4950249875266847,0.3949413401823175,1030.0,0.6271450858034321,25.0,1170.0,0.4645917907081642,0.4778765090917402,0.46206896551724136,2175.0,0.9810554803788903,0.9757281553398058,17.0,0.10485436893203884,0.010679611650485437,0.06504854368932039,0.47572815533980584,1005.0,0.5092467298150654,0.5348958375933454,0.3350772471088224,1030.0,0.6294277929155312,106.0,982.0,0.4645917907081642,0.5610840659160207,0.48478488982161594,1906.0,0.8597203428055932,0.8970873786407767,205.0,0.1407766990291262,0.011650485436893204,0.06796116504854369,0.5524271844660195,924.0
0.3110871905274489,0.5002094276322477,0.6497934131035944,1283.0,0.007751937984496124,1278.0,2.0,0.6905274488697524,0.6954569589299613,0.7142857142857143,7.0,0.003767491926803014,0.003897116134060795,573.0,0.10210444271239283,0.012470771628994544,0.05144193296960249,0.6936866718628215,5.0,1283,cortical_pca64_delta,10,1858,0,0.32454251883745966,0.5027544139076214,0.5035212997724554,1283.0,0.06691449814126395,1238.0,17.0,0.6905274488697524,0.691893657591792,0.7258064516129032,62.0,0.03336921420882669,0.03507404520654715,558.0,0.09976617303195635,0.010911925175370226,0.05222135619641465,0.6929072486360094,45.0,0.37082884822389667,0.5050791284015046,0.5356929508872141,1283.0,0.25112107623318386,1087.0,82.0,0.6905274488697524,0.7110384485355826,0.7050359712230215,278.0,0.1496232508073197,0.15276695245518315,493.0,0.10288386593920498,0.013250194855806703,0.05455962587685113,0.700701480904131,196.0,0.24336913824868772,0.015581489605621335,0.18420657809191993,0.019144790943790624,0.06683923341475567,0.019280877265552054,0.014976721250421376,-0.03301139756691962,0.3519913885898816,0.5034355620319224,0.5052992118397598,1283.0,0.1842818428184282,1147.0,57.0,0.6905274488697524,0.6917575712700306,0.7046632124352331,193.0,0.1038751345532831,0.10600155884645363,518.0,0.10288386593920498,0.010911925175370226,0.04988308651597818,0.6944660950896336,136.0,blocked,True,future_change_movement,0.03,0.6878363832077503,0.5014104171608662,0.6702325185303347,1283.0,0.8142216527866751,12.0,568.0,0.6905274488697524,0.6960617272851612,0.6911364872213159,1839.0,0.9897739504843919,0.990646921278254,7.0,0.10678098207326578,0.010911925175370226,0.05767731878409977,0.6890101325019485,1271.0,0.6867599569429494,0.5150266020536107,0.44852356169957075,1283.0,0.8098039215686276,44.0,538.0,0.6905274488697524,0.7440498461025022,0.6972425436128307,1777.0,0.9564047362755651,0.965705378020265,37.0,0.11535463756819954,0.009353078721745909,0.05533904910366329,0.7201870615744349,1239.0
0.39817320703653586,0.5002808988764045,0.44534773775345393,1176.0,0.5693536673928831,0.0,1779.0,0.39783491204330174,0.4230551245692351,0.3979695431472081,2955.0,0.9996617050067659,1.0,1.0,0.1360544217687075,0.017857142857142856,0.08333333333333333,0.3681972789115646,1176.0,1176,cortical_pca64_delta,10,2956,0,0.4002029769959405,0.49778242757777263,0.3965496977026851,1176.0,0.5640521268748463,29.0,1744.0,0.39783491204330174,0.4204210828081197,0.39674852992044274,2891.0,0.9780108254397835,0.9753401360544217,36.0,0.11394557823129252,0.01445578231292517,0.06887755102040816,0.3945578231292517,1147.0,0.581190798376184,0.6082444775663074,0.38752897343887177,1176.0,0.5845637583892617,305.0,933.0,0.39783491204330174,0.582352907312381,0.48281596452328157,1804.0,0.6102841677943166,0.7406462585034014,847.0,0.16921768707482993,0.022108843537414966,0.09523809523809523,0.5535714285714286,871.0,0.0152100909963786,0.15929778274314588,0.020511631514415374,0.1619318245042613,0.01826609541263191,0.1641467795375633,0.21717357911762347,0.17615065768138854,0.40358592692828144,0.5011685011083085,0.40436836312706126,1176.0,0.5662976629766298,25.0,1738.0,0.39783491204330174,0.4182061277748177,0.39840775354794045,2889.0,0.9773342354533153,0.9787414965986394,42.0,0.11479591836734694,0.017006802721088437,0.0663265306122449,0.3979591836734694,1151.0,blocked,True,future_spike,0.03,0.43775372124492556,0.45480681036459525,0.5131838893811074,1176.0,0.4323770491803279,543.0,1119.0,0.39783491204330174,0.3651793281947575,0.3613013698630137,1752.0,0.5926928281461434,0.5382653061224489,661.0,0.07227891156462585,0.005952380952380952,0.03231292517006803,0.38095238095238093,633.0,0.4482408660351827,0.5190590843078805,0.3565871341232528,1176.0,0.5552222525224979,158.0,1473.0,0.39783491204330174,0.40620224963099244,0.40867121637896425,2491.0,0.8426928281461434,0.8656462585034014,307.0,0.09098639455782313,0.008503401360544218,0.05102040816326531,0.42857142857142855,1018.0
0.8772874058127018,0.564528041754887,0.08771360666009545,92.0,0.1492537313432836,72.0,156.0,0.04951560818083961,0.09199380652147726,0.11363636363636363,176.0,0.09472551130247578,0.21739130434782608,1610.0,0.2391304347826087,0.021739130434782608,0.16304347826086957,0.16304347826086957,20.0,92,cortical_pca64_delta,10,1858,0,0.9009687836383208,0.5306206607907824,0.15460068553888934,92.0,0.10679611650485436,81.0,103.0,0.04951560818083961,0.07139488760852575,0.09649122807017543,114.0,0.061356297093649086,0.11956521739130435,1663.0,0.22826086956521738,0.021739130434782608,0.09782608695652174,0.09782608695652174,11.0,0.930032292787944,0.5046961938057019,0.19751348839152247,92.0,0.044117647058823525,89.0,41.0,0.04951560818083961,0.05285554006217966,0.06818181818181818,44.0,0.023681377825618945,0.03260869565217391,1725.0,0.13043478260869565,0.0,0.05434782608695652,0.05434782608695652,3.0,-0.10513608428446007,-0.039138266459297605,-0.06267846944603084,-0.01853934754634609,-0.08795782463928965,-0.036055425419505266,0.009918284987339189,0.006474102962084456,0.9009687836383208,0.5460756314934265,0.12780475829669408,92.0,0.13207547169811318,78.0,106.0,0.04951560818083961,0.08891096548168492,0.11666666666666667,120.0,0.06458557588805167,0.15217391304347827,1660.0,0.25,0.03260869565217391,0.13043478260869565,0.13043478260869565,14.0,blocked,False,future_slope_change,0.03,0.9504843918191603,0.5,0.06754160992367142,92.0,,92.0,0.0,0.04951560818083961,0.04293725507484047,,0.0,0.0,0.0,1766.0,0.05434782608695652,0.010869565217391304,0.03260869565217391,0.03260869565217391,0.0,0.8347685683530678,0.48549288492786447,0.17869030543590766,92.0,0.0553846153846154,83.0,224.0,0.04951560818083961,0.0463814371000952,0.03862660944206009,233.0,0.12540365984930033,0.09782608695652174,1542.0,0.05434782608695652,0.0,0.0,0.0,9.0
0.30032292787944026,0.48787973402086876,0.2849898505979314,569.0,0.45968412302576883,16.0,1284.0,0.306243272335845,0.3542465040603386,0.3010342950462711,1837.0,0.988697524219591,0.9718804920913884,5.0,0.1265377855887522,0.028119507908611598,0.0773286467486819,0.36379613356766255,553.0,569,cortical_pca64_delta,10,1858,0,0.3277717976318622,0.4958824227170283,0.32181401928065495,569.0,0.4586042479410489,40.0,1209.0,0.306243272335845,0.3562539477199561,0.3043728423475259,1738.0,0.9354144241119483,0.929701230228471,80.0,0.12478031634446397,0.02460456942003515,0.0773286467486819,0.34797891036906853,529.0,0.3966630785791173,0.509211374875416,0.33470919709073327,569.0,0.448055145248646,114.0,1007.0,0.306243272335845,0.3768855279501546,0.3112175102599179,1462.0,0.7868675995694295,0.7996485061511424,282.0,0.14235500878734622,0.028119507908611598,0.07908611599297012,0.37785588752196836,455.0,-0.01162897777712285,0.022639023889816035,-0.010549102692402945,0.02063158023019851,-0.015093933478322163,0.03614426256380687,0.07090572007520768,-0.0038983787798215763,0.310010764262648,0.4948618907314971,0.2753112164707579,569.0,0.46314907872696814,16.0,1266.0,0.306243272335845,0.34074126538634775,0.3040131940626718,1819.0,0.9790096878363832,0.9718804920913884,23.0,0.1195079086115993,0.022847100175746926,0.06854130052724078,0.3427065026362039,553.0,blocked,True,future_acceleration_event,0.03,0.302475780409042,0.49139467250944524,0.2286014560954216,569.0,0.4622406639004149,12.0,1284.0,0.306243272335845,0.30597980787494694,0.3025529603476372,1841.0,0.9908503767491926,0.9789103690685413,5.0,0.10193321616871705,0.014059753954305799,0.056239015817223195,0.28646748681898065,557.0,0.5403659849300323,0.5828389740960759,0.2775329542716479,569.0,0.47990255785627284,175.0,679.0,0.306243272335845,0.3807839067299762,0.36719478098788444,1073.0,0.577502691065662,0.6924428822495606,610.0,0.13005272407732865,0.019332161687170474,0.0632688927943761,0.4007029876977153,394.0
0.8460710441334769,0.5081116173069021,0.14970319567264803,279.0,0.04666666666666667,272.0,14.0,0.15016146393972013,0.1716095946803225,0.3333333333333333,21.0,0.011302475780409042,0.025089605734767026,1565.0,0.12186379928315412,0.021505376344086023,0.07885304659498207,0.17204301075268819,7.0,279,cortical_pca64_delta,10,1858,0,0.8460710441334769,0.5066361587230247,0.22633341749502006,279.0,0.04026845637583893,273.0,13.0,0.15016146393972013,0.17972025703099054,0.3157894736842105,19.0,0.01022604951560818,0.021505376344086023,1566.0,0.13620071684587814,0.021505376344086023,0.07885304659498207,0.1935483870967742,6.0,0.8245425188374597,0.4998717486000168,0.2705789611727897,279.0,0.05780346820809248,269.0,57.0,0.15016146393972013,0.1683601609403922,0.14925373134328357,67.0,0.03606027987082885,0.035842293906810034,1522.0,0.1039426523297491,0.010752688172043012,0.053763440860215055,0.1827956989247312,10.0,0.011136801541425809,-0.0032494337399303075,0.017535011832253547,-0.011360096090598348,0.030684824140295868,0.009536125815553964,0.03353858917177094,-0.007510623329315791,0.8455328310010765,0.5033685854438066,0.22933676701775815,279.0,0.02711864406779661,275.0,12.0,0.15016146393972013,0.15882403512483823,0.25,16.0,0.008611410118406888,0.014336917562724014,1567.0,0.10752688172043011,0.017921146953405017,0.06451612903225806,0.16487455197132617,4.0,blocked,False,future_local_rank_event,0.03,0.6114101184068891,0.45710160915783093,0.15822198809610138,279.0,0.15456674473067916,213.0,509.0,0.15016146393972013,0.13482157176862125,0.11478260869565217,575.0,0.3094725511302476,0.23655913978494625,1070.0,0.05734767025089606,0.0035842293906810036,0.021505376344086023,0.08243727598566308,66.0,0.5742734122712594,0.541485355506071,0.23185514074213912,279.0,0.2586691658856607,141.0,650.0,0.15016146393972013,0.17587078426970798,0.1751269035532995,788.0,0.4241119483315393,0.4946236559139785,929.0,0.1003584229390681,0.0035842293906810036,0.04659498207885305,0.1827956989247312,138.0
0.45748116254036597,0.5047034334362429,0.45713238361442343,1018.0,0.023255813953488372,1006.0,2.0,0.5479009687836384,0.5861670538883526,0.8571428571428571,14.0,0.007534983853606028,0.011787819253438114,838.0,0.1168958742632613,0.015717092337917484,0.0618860510805501,0.5579567779960707,12.0,1018,cortical_pca64_delta,10,1858,0,0.465016146393972,0.509914397979231,0.40462645651863444,1018.0,0.07792207792207792,976.0,18.0,0.5479009687836384,0.5699659414920855,0.7,60.0,0.03229278794402583,0.0412573673870334,822.0,0.10707269155206287,0.0137524557956778,0.0618860510805501,0.5530451866404715,42.0,0.49946178686759957,0.5286509495743288,0.34428857994431816,1018.0,0.329004329004329,790.0,140.0,0.5479009687836384,0.5978051344759006,0.6195652173913043,368.0,0.19806243272335844,0.22396856581532418,700.0,0.12573673870333987,0.012770137524557957,0.0618860510805501,0.5785854616895875,228.0,0.30574851505084066,0.011638080587548005,0.25108225108225113,0.027839192983815098,0.23585364407282217,0.020253334696270886,0.05155905284692419,-0.02162716179382318,0.4655543595263724,0.5095729254373655,0.40781320026950074,1018.0,0.09315068493150684,967.0,26.0,0.5479009687836384,0.5775517997796297,0.6623376623376623,77.0,0.041442411194833155,0.05009823182711198,814.0,0.11296660117878192,0.011787819253438114,0.05992141453831041,0.5530451866404715,51.0,blocked,True,future_change_movement,0.05,0.5479009687836384,0.5,0.5014141071140263,1018.0,0.7079276773296245,0.0,840.0,0.5479009687836384,0.5462460816289764,0.5479009687836384,1858.0,1.0,1.0,0.0,0.11198428290766209,0.008840864440078585,0.0550098231827112,0.5402750491159135,1018.0,0.542518837459634,0.5066411731686781,0.3810936916696024,1018.0,0.6785173978819969,121.0,729.0,0.5479009687836384,0.6194322962697237,0.551660516605166,1626.0,0.8751345532831001,0.881139489194499,111.0,0.1168958742632613,0.010805500982318271,0.05795677799607073,0.6100196463654224,897.0
0.2922868741542625,0.49913036140658834,0.3287315174590476,859.0,0.4491837809373355,6.0,2086.0,0.290595399188092,0.370934344652022,0.2902347737325621,2939.0,0.9942489851150202,0.9930151338766007,11.0,0.18044237485448195,0.01979045401629802,0.09080325960419092,0.35273573923166474,853.0,859,cortical_pca64_delta,10,2956,0,0.30886332882273343,0.49981735646522024,0.33157744714033766,859.0,0.44559023066485753,38.0,2005.0,0.290595399188092,0.31057982347250124,0.2905166312809625,2826.0,0.956021650879567,0.9557625145518044,92.0,0.11175785797438882,0.017462165308498253,0.06286379511059371,0.3050058207217695,821.0,0.6911366711772666,0.6489771684478576,0.37096421619659364,859.0,0.5078167115902966,388.0,525.0,0.290595399188092,0.4843427310211857,0.47289156626506024,996.0,0.33694181326116374,0.5483119906868452,1572.0,0.2048894062863795,0.02211874272409779,0.10593713620488941,0.49941792782305006,471.0,0.0586329306529611,0.11340838636916367,0.06222648092543909,0.17376290754868445,0.06373507893723535,0.1674798463735906,0.20372582038650627,0.17903194839003883,0.30886332882273343,0.4980991748842379,0.34287861785906926,859.0,0.4440816326530613,43.0,2000.0,0.290595399188092,0.3168628846475951,0.2897727272727273,2816.0,0.952638700947226,0.9499417927823051,97.0,0.13038416763678695,0.017462165308498253,0.08265424912689173,0.2852153667054715,816.0,blocked,True,future_spike,0.05,0.4556833558863329,0.47065490198037774,0.39702915265965955,859.0,0.35094796288826147,424.0,1185.0,0.290595399188092,0.2806169106346794,0.26851851851851855,1620.0,0.5480378890392422,0.5064027939464494,912.0,0.09778812572759023,0.006984866123399301,0.03259604190919674,0.3131548311990687,435.0,0.4083220568335589,0.5156229615676922,0.3679345208459567,859.0,0.431219512195122,196.0,1553.0,0.290595399188092,0.30531078263114686,0.29918772563176893,2216.0,0.7496617050067659,0.7718277066356228,544.0,0.0779976717112922,0.0034924330616996507,0.037252619324796274,0.320139697322468,663.0
0.11679224973089343,0.5574433656957929,0.029025643908553046,4.0,0.004851425106124924,0.0,1641.0,0.002152852529601722,0.004474941607237042,0.0024316109422492403,1645.0,0.8853606027987083,1.0,213.0,0.25,0.0,0.0,0.0,4.0,4,cortical_pca64_delta,10,1858,0,0.49354144241119485,0.6214940668824164,0.06135358497171178,4.0,0.006335797254487858,1.0,940.0,0.002152852529601722,0.005996963564171691,0.003181336161187699,943.0,0.5075349838536061,0.75,914.0,0.5,0.0,0.0,0.0,3.0,0.9827771797631862,0.4924487594390507,0.09292567874405698,4.0,,4.0,28.0,0.002152852529601722,0.0035285971374596917,0.0,28.0,0.015069967707212056,0.0,1826.0,0.0,0.0,0.0,0.0,0.0,,-0.0009463444697773507,,-0.0024683664267119996,,0.0015018519108695267,0.001970551799364219,0.0008394786597357004,0.43057050592034446,0.465210355987055,0.05728339567504429,4.0,0.003766478342749529,2.0,1056.0,0.002152852529601722,0.002026745226590165,0.001890359168241966,1058.0,0.5694294940796556,0.5,798.0,0.0,0.0,0.0,0.0,2.0,blocked,False,future_slope_change,0.05,0.9833153928955867,0.49271844660194175,0.014109962932525071,4.0,,4.0,27.0,0.002152852529601722,0.0015580453380954727,0.0,27.0,0.014531754574811625,0.0,1827.0,0.0,0.0,0.0,0.0,0.0,0.9747039827771797,0.488403451995685,0.13381206480268426,4.0,,4.0,43.0,0.002152852529601722,0.0026891184777239913,0.0,43.0,0.023143164693218515,0.0,1811.0,0.0,0.0,0.0,0.0,0.0
0.15069967707212056,0.4852199327390167,0.24118964756653943,286.0,0.2598499061913696,9.0,1569.0,0.15392895586652314,0.18150470475260427,0.15005417118093176,1846.0,0.9935414424111948,0.9685314685314685,3.0,0.12937062937062938,0.03146853146853147,0.07342657342657342,0.1888111888111888,277.0,286,cortical_pca64_delta,10,1858,0,0.17545748116254037,0.4683868930052136,0.2823629946928942,286.0,0.2497551420176298,31.0,1501.0,0.15392895586652314,0.18817980215461505,0.14521640091116172,1756.0,0.9451022604951561,0.8916083916083916,71.0,0.13986013986013987,0.038461538461538464,0.08391608391608392,0.1993006993006993,255.0,0.30893433799784714,0.4743278350148579,0.29843888378246847,286.0,0.24113475177304963,82.0,1202.0,0.15392895586652314,0.22329534267071538,0.14509246088193456,1406.0,0.7567276641550054,0.7132867132867133,370.0,0.16433566433566432,0.04895104895104895,0.10839160839160839,0.22727272727272727,204.0,-0.018715154418319974,0.041790637918111107,-0.008620390244580167,0.03511554051610033,-0.012440081401402209,0.03811671471578176,0.07184833472500177,0.011325709383561311,0.15715823466092574,0.47330468513674623,0.23592706299221886,286.0,0.25357483317445184,20.0,1546.0,0.15392895586652314,0.18517862795493362,0.1467991169977925,1812.0,0.9752421959095802,0.9300699300699301,26.0,0.13636363636363635,0.03496503496503497,0.08391608391608392,0.18181818181818182,266.0,blocked,True,future_acceleration_event,0.05,0.4445640473627557,0.47152974252210894,0.14348998003159005,286.0,0.22054380664652568,140.0,892.0,0.15392895586652314,0.1514470079457136,0.14065510597302505,1038.0,0.5586652314316469,0.5104895104895105,680.0,0.0944055944055944,0.02097902097902098,0.045454545454545456,0.15384615384615385,146.0,0.5893433799784715,0.5513687965978042,0.23430974347087422,286.0,0.271251193887297,144.0,619.0,0.15392895586652314,0.21196963328715407,0.18659658344283836,761.0,0.40958019375672766,0.4965034965034965,953.0,0.17832167832167833,0.03146853146853147,0.0979020979020979,0.23426573426573427,142.0
0.7669537136706136,0.5035549241443588,0.21745472523647955,434.0,0.018140589569160998,430.0,3.0,0.23358449946178686,0.26044782107413644,0.5714285714285714,7.0,0.003767491926803014,0.009216589861751152,1421.0,0.11290322580645161,0.029953917050691243,0.07142857142857142,0.2304147465437788,4.0,434,cortical_pca64_delta,10,1858,0,0.767491926803014,0.5039060477398644,0.2867108061633203,434.0,0.018181818181818184,430.0,2.0,0.23358449946178686,0.24836503961350187,0.6666666666666666,6.0,0.0032292787944025836,0.009216589861751152,1422.0,0.11059907834101383,0.020737327188940093,0.059907834101382486,0.23271889400921658,4.0,0.763724434876211,0.5014481825713251,0.3246075532640651,434.0,0.017897091722595078,430.0,9.0,0.23358449946178686,0.27940089674841306,0.3076923076923077,13.0,0.006996770721205597,0.009216589861751152,1415.0,0.14055299539170507,0.013824884792626729,0.08525345622119816,0.29493087557603687,4.0,-0.0002434978465659203,0.01895307567427662,-0.0002847264592231065,0.031035857134911193,-0.013493042806552905,0.01781405896639049,0.049119720711910425,-0.002740128937079922,0.767491926803014,0.5063088981515041,0.256266170365759,434.0,0.03139013452914798,427.0,5.0,0.23358449946178686,0.2615868377820226,0.5833333333333334,12.0,0.006458557588805167,0.016129032258064516,1419.0,0.1152073732718894,0.02534562211981567,0.06451612903225806,0.22811059907834103,7.0,blocked,True,future_local_rank_event,0.05,0.4747039827771798,0.5003171438927148,0.2198580069982,434.0,0.32782369146005513,196.0,780.0,0.23358449946178686,0.23028117603650264,0.2337917485265226,1018.0,0.5479009687836384,0.5483870967741935,644.0,0.09216589861751152,0.01152073732718894,0.04838709677419355,0.2511520737327189,238.0,0.523681377825619,0.5835301998653757,0.2643440634677851,434.0,0.4056413700470114,132.0,753.0,0.23358449946178686,0.282141025685493,0.2862559241706161,1055.0,0.5678148546824543,0.695852534562212,671.0,0.12672811059907835,0.004608294930875576,0.06682027649769585,0.2880184331797235,302.0
0.5796555435952637,0.5035200903877559,0.348906089382105,786.0,0.01761006289308176,779.0,2.0,0.42303552206673845,0.44927588415192665,0.7777777777777778,9.0,0.004843918191603875,0.008905852417302799,1070.0,0.10559796437659033,0.019083969465648856,0.058524173027989825,0.44656488549618323,7.0,786,cortical_pca64_delta,10,1858,0,0.577502691065662,0.5013149899358171,0.3319617358088282,786.0,0.012578616352201257,781.0,4.0,0.42303552206673845,0.4475948070555178,0.5555555555555556,9.0,0.004843918191603875,0.006361323155216285,1068.0,0.10559796437659033,0.013994910941475827,0.058524173027989825,0.43765903307888043,5.0,0.5861141011840689,0.5143782518704189,0.3621751734948779,786.0,0.08994082840236686,748.0,21.0,0.42303552206673845,0.4879478905251204,0.6440677966101694,59.0,0.031754574811625406,0.04834605597964377,1051.0,0.1361323155216285,0.01653944020356234,0.06997455470737914,0.4758269720101781,38.0,0.0723307655092851,0.038672006373193735,0.07736221205016561,0.04035308346960259,0.0675805799551619,0.04998985578267484,0.053505745903684454,-0.01549147275224555,0.5764262648008611,0.501061011735217,0.34622054032137434,786.0,0.022360248447204967,777.0,10.0,0.42303552206673845,0.43795803474244555,0.47368421052631576,19.0,0.01022604951560818,0.011450381679389313,1062.0,0.10687022900763359,0.011450381679389313,0.05343511450381679,0.44147582697201015,9.0,blocked,True,future_change_movement,0.075,0.42303552206673845,0.5,0.34281012145596235,786.0,0.594553706505295,0.0,1072.0,0.42303552206673845,0.43444214462143593,0.42303552206673845,1858.0,1.0,1.0,0.0,0.11068702290076336,0.01272264631043257,0.06743002544529263,0.42366412213740456,786.0,0.5301399354144241,0.5683782898484676,0.3388256843817125,786.0,0.5952712100139081,144.0,729.0,0.42303552206673845,0.5034393632773659,0.4682713347921225,1371.0,0.7378902045209903,0.816793893129771,343.0,0.11577608142493638,0.011450381679389313,0.06615776081424936,0.5343511450381679,642.0
0.7706359945872802,0.5286191205904428,0.3064332192317514,672.0,0.14393939393939395,615.0,63.0,0.2273342354533153,0.3391571395942879,0.475,120.0,0.04059539918809202,0.08482142857142858,2221.0,0.18898809523809523,0.025297619047619048,0.09523809523809523,0.3541666666666667,57.0,672,cortical_pca64_delta,10,2956,0,0.7581190798376184,0.5268208969226921,0.31179696321183603,672.0,0.16178194607268465,603.0,112.0,0.2273342354533153,0.31153154942131184,0.3812154696132597,181.0,0.06123139377537212,0.10267857142857142,2172.0,0.1636904761904762,0.026785714285714284,0.08333333333333333,0.3288690476190476,69.0,0.7834912043301759,0.587350669251939,0.3474762459039373,672.0,0.32346723044397463,519.0,121.0,0.2273342354533153,0.40691520530536784,0.5583941605839416,274.0,0.09269282814614344,0.22767857142857142,2163.0,0.23511904761904762,0.03125,0.13392857142857142,0.40029761904761907,153.0,0.17952783650458068,0.06775806571107995,0.16168528437128998,0.095383655884056,0.19601625005181778,0.10257265682964684,0.1698875958809801,0.17217044062018563,0.7591339648173207,0.5185503711116671,0.3066136681626706,672.0,0.12745098039215685,620.0,92.0,0.2273342354533153,0.304342548475721,0.3611111111111111,144.0,0.04871447902571042,0.07738095238095238,2192.0,0.1488095238095238,0.020833333333333332,0.08035714285714286,0.3273809523809524,52.0,blocked,True,future_spike,0.075,0.46583220568335587,0.48734206905178884,0.2851569171402648,672.0,0.30957586357673805,318.0,1261.0,0.2273342354533153,0.23702760942438775,0.21919504643962848,1615.0,0.5463464140730717,0.5267857142857143,1023.0,0.1130952380952381,0.010416666666666666,0.04017857142857143,0.2857142857142857,354.0,0.43234100135318,0.5397133787840881,0.2953245760584488,672.0,0.37106446776611696,177.0,1501.0,0.2273342354533153,0.2347447646851822,0.24799599198396793,1996.0,0.6752368064952639,0.7366071428571429,783.0,0.09672619047619048,0.002976190476190476,0.046130952380952384,0.22321428571428573,495.0
0.9994617868675996,0.5,1e-06,1.0,,1.0,0.0,0.0005382131324004305,0.00037537537537537537,,0.0,0.0,0.0,1857.0,0.0,0.0,0.0,0.0,0.0,1,cortical_pca64_delta,10,1858,0,0.9994617868675996,0.5,1e-06,1.0,,1.0,0.0,0.0005382131324004305,0.00037537537537537537,,0.0,0.0,0.0,1857.0,0.0,0.0,0.0,0.0,0.0,0.9994617868675996,0.5,1e-06,1.0,,1.0,0.0,0.0005382131324004305,0.00037537537537537537,,0.0,0.0,0.0,1857.0,0.0,0.0,0.0,0.0,0.0,,0.0,,0.0,,0.0,0.0,0.0,0.9994617868675996,0.5,1e-06,1.0,,1.0,0.0,0.0005382131324004305,0.00037537537537537537,,0.0,0.0,0.0,1857.0,0.0,0.0,0.0,0.0,0.0,blocked,False,future_slope_change,0.075,0.9994617868675996,0.5,1e-06,1.0,,1.0,0.0,0.0005382131324004305,0.00037537537537537537,,0.0,0.0,0.0,1857.0,0.0,0.0,0.0,0.0,0.0,0.9994617868675996,0.5,1e-06,1.0,,1.0,0.0,0.0005382131324004305,0.00037537537537537537,,0.0,0.0,0.0,1857.0,0.0,0.0,0.0,0.0,0.0
0.07588805166846072,0.4898020346999939,0.19760689188691927,143.0,0.1402103154732098,3.0,1714.0,0.07696447793326157,0.0809465949302048,0.07551240560949299,1854.0,0.9978471474703983,0.9790209790209791,1.0,0.1048951048951049,0.03496503496503497,0.06293706293706294,0.08391608391608392,140.0,143,cortical_pca64_delta,10,1858,0,0.13832077502691065,0.3922179860955371,0.3121854398629117,143.0,0.11006114508060033,44.0,1557.0,0.07696447793326157,0.0777326064800793,0.059782608695652176,1656.0,0.891280947255113,0.6923076923076923,158.0,0.09090909090909091,0.03496503496503497,0.055944055944055944,0.08391608391608392,99.0,0.39343379978471477,0.4406715733246346,0.2863671006830561,143.0,0.11189913317572892,72.0,1055.0,0.07696447793326157,0.1141374389054989,0.0630550621669627,1126.0,0.6060279870828849,0.4965034965034965,660.0,0.13986013986013987,0.055944055944055944,0.08391608391608392,0.1258741258741259,71.0,-0.02831118229748089,0.03319084397529411,0.0018379880951285843,0.0364048324254196,-0.005116433115199687,0.028983506181111215,0.0483018474720638,0.006265729127919312,0.11463939720129171,0.4114395808273359,0.2757316476517003,143.0,0.1170155662909286,34.0,1611.0,0.07696447793326157,0.08515393272438769,0.06337209302325582,1720.0,0.9257265877287406,0.7622377622377622,104.0,0.1048951048951049,0.03496503496503497,0.06293706293706294,0.09090909090909091,109.0,blocked,True,future_acceleration_event,0.075,0.9230355220667384,0.5,0.26053336712172065,143.0,,143.0,0.0,0.07696447793326157,0.0658355914334351,,0.0,0.0,0.0,1715.0,0.06993006993006994,0.013986013986013986,0.03496503496503497,0.04195804195804196,0.0,0.8159311087190527,0.5541560480335991,0.2542973419071494,143.0,0.1699029126213592,108.0,234.0,0.07696447793326157,0.1078717097775796,0.13011152416356878,269.0,0.14477933261571582,0.24475524475524477,1481.0,0.1958041958041958,0.04195804195804196,0.08391608391608392,0.17482517482517482,35.0
0.6340150699677072,0.5052799032826197,0.3080633823327589,686.0,0.025787965616045846,677.0,3.0,0.36921420882669537,0.4115853294254431,0.75,12.0,0.006458557588805167,0.013119533527696793,1169.0,0.1239067055393586,0.021865889212827987,0.0641399416909621,0.40524781341107874,9.0,686,cortical_pca64_delta,10,1858,0,0.6345532831001076,0.5072177335097862,0.30370390896584415,686.0,0.0396039603960396,672.0,7.0,0.36921420882669537,0.403608557018684,0.6666666666666666,21.0,0.011302475780409042,0.02040816326530612,1165.0,0.1151603498542274,0.02040816326530612,0.06559766763848396,0.4008746355685131,14.0,0.6377825618945102,0.5215648911929472,0.33379147269451026,686.0,0.1360718870346598,633.0,40.0,0.36921420882669537,0.4443038390864613,0.5698924731182796,93.0,0.05005382131324004,0.07725947521865889,1132.0,0.13994169096209913,0.02040816326530612,0.07725947521865889,0.4271137026239067,53.0,0.11028392141861396,0.03271850966101819,0.09646792663862021,0.04069528206777734,0.1048218870346598,0.04601003164995099,0.05088058275452517,-0.01338142183358848,0.6329386437029063,0.5050311445885034,0.3334372272327296,686.0,0.03125,675.0,7.0,0.36921420882669537,0.3982938074365103,0.6111111111111112,18.0,0.00968783638320775,0.016034985422740525,1165.0,0.10349854227405247,0.01749271137026239,0.05393586005830904,0.40524781341107874,11.0,blocked,True,future_local_rank_event,0.075,0.36921420882669537,0.5,0.3034064736030337,686.0,0.5393081761006289,0.0,1172.0,0.36921420882669537,0.39342325633193614,0.36921420882669537,1858.0,1.0,1.0,0.0,0.1151603498542274,0.014577259475218658,0.0597667638483965,0.39212827988338195,686.0,0.49623250807319697,0.5622978835610304,0.27756060899198604,686.0,0.5443037974683544,127.0,809.0,0.36921420882669537,0.4576852609200498,0.40862573099415206,1368.0,0.736275565123789,0.814868804664723,363.0,0.11661807580174927,0.011661807580174927,0.06559766763848396,0.46355685131195334,559.0
0.6781485468245425,0.506254158877024,0.2995938024070465,604.0,0.02922077922077922,595.0,3.0,0.32508073196986004,0.3648491625546132,0.75,12.0,0.006458557588805167,0.014900662251655629,1251.0,0.12417218543046357,0.024834437086092714,0.06456953642384106,0.3526490066225166,9.0,604,cortical_pca64_delta,10,1858,0,0.6776103336921421,0.5075717967404967,0.3027583749215663,604.0,0.0416,591.0,8.0,0.32508073196986004,0.3607175018451675,0.6190476190476191,21.0,0.011302475780409042,0.02152317880794702,1246.0,0.10927152317880795,0.019867549668874173,0.056291390728476824,0.3576158940397351,13.0,0.6792249730893434,0.5186370501811423,0.3291687286862583,604.0,0.10778443113772455,568.0,28.0,0.32508073196986004,0.3976921433735483,0.5625,64.0,0.03444564047362755,0.059602649006622516,1226.0,0.13741721854304637,0.023178807947019868,0.07781456953642384,0.3990066225165563,36.0,0.07856365191694534,0.03284298081893511,0.06618443113772456,0.036974641528380814,0.05691002732214427,0.03509867775269937,0.05243643096793127,-0.009453567947665276,0.6786867599569429,0.5096565163661713,0.28684011653191754,604.0,0.05087440381558028,588.0,9.0,0.32508073196986004,0.36259346562084893,0.64,25.0,0.013455328310010764,0.026490066225165563,1245.0,0.11754966887417219,0.02152317880794702,0.061258278145695365,0.36258278145695366,16.0,blocked,True,future_change_movement,0.1,0.32508073196986004,0.5,0.2710237419575947,604.0,0.4906580016246953,0.0,1254.0,0.32508073196986004,0.34525571240561703,0.32508073196986004,1858.0,1.0,1.0,0.0,0.1076158940397351,0.016556291390728478,0.056291390728476824,0.34105960264900664,604.0,0.47954790096878364,0.5638011343832188,0.2630955508755068,604.0,0.5012893243940176,118.0,849.0,0.32508073196986004,0.4071457113212136,0.36404494382022473,1335.0,0.7185145317545748,0.804635761589404,405.0,0.1423841059602649,0.009933774834437087,0.06622516556291391,0.43211920529801323,486.0
0.6914749661705006,0.6244405661961034,0.2396893975159258,518.0,0.371900826446281,248.0,664.0,0.17523680649526388,0.28023315819278866,0.2890792291220557,934.0,0.3159675236806495,0.5212355212355212,1774.0,0.19111969111969113,0.023166023166023165,0.1138996138996139,0.3127413127413127,270.0,518,cortical_pca64_delta,10,2956,0,0.6346414073071719,0.5740226339077856,0.2500059261799337,518.0,0.3155893536121673,269.0,811.0,0.17523680649526388,0.25279390709680355,0.2349056603773585,1060.0,0.35859269282814615,0.4806949806949807,1627.0,0.1718146718146718,0.025096525096525095,0.10424710424710425,0.27413127413127414,249.0,0.777063599458728,0.6307174689045074,0.35311352993330913,518.0,0.38924930491195553,308.0,351.0,0.17523680649526388,0.35091589974074555,0.37433155080213903,561.0,0.18978349120433016,0.40540540540540543,2087.0,0.26640926640926643,0.025096525096525095,0.16023166023166024,0.3841698841698842,210.0,0.017348478465674555,0.0706827415479569,0.07365995129978825,0.098121992643942,0.08289595417218187,0.09199640508655887,0.16319206725921265,0.16654675254710985,0.7303788903924222,0.5765699779235465,0.2595555656531078,518.0,0.30635335073977366,342.0,455.0,0.17523680649526388,0.2589194946541867,0.27892234548335976,631.0,0.21346414073071718,0.33976833976833976,1983.0,0.1969111969111969,0.019305019305019305,0.0945945945945946,0.2953667953667954,176.0,blocked,True,future_spike,0.1,0.46650879566982406,0.5017412525615971,0.19069869527266972,518.0,0.2675336739433349,230.0,1347.0,0.17523680649526388,0.1877238324815329,0.1761467889908257,1635.0,0.5531123139377537,0.555984555984556,1091.0,0.11776061776061776,0.009652509652509652,0.04633204633204633,0.21235521235521235,288.0,0.5108254397834912,0.5407701736659899,0.28205296505772753,518.0,0.29600778967867575,214.0,1232.0,0.17523680649526388,0.1843691471936357,0.19791666666666666,1536.0,0.5196211096075778,0.5868725868725869,1206.0,0.1138996138996139,0.007722007722007722,0.03088803088803089,0.16795366795366795,304.0
1.0,,1e-06,0.0,,0.0,0.0,0.0,,,0.0,0.0,,1858.0,,,,,0.0,0,cortical_pca64_delta,10,1858,0,1.0,,1e-06,0.0,,0.0,0.0,0.0,,,0.0,0.0,,1858.0,,,,,0.0,1.0,,1e-06,0.0,,0.0,0.0,0.0,,,0.0,0.0,,1858.0,,,,,0.0,,,,,,,,,1.0,,1e-06,0.0,,0.0,0.0,0.0,,,0.0,0.0,,1858.0,,,,,0.0,blocked,False,future_slope_change,0.1,1.0,,1e-06,0.0,,0.0,0.0,0.0,,,0.0,0.0,,1858.0,,,,,0.0,1.0,,1e-06,0.0,,0.0,0.0,0.0,,,0.0,0.0,,1858.0,,,,,0.0
0.18353067814854682,0.3257694718930053,0.2502204728739303,95.0,0.057178371659415785,49.0,1468.0,0.051130247578040904,0.06299953146310874,0.03038309114927345,1514.0,0.8148546824542519,0.4842105263157895,295.0,0.12631578947368421,0.021052631578947368,0.06315789473684211,0.07368421052631578,46.0,95,cortical_pca64_delta,10,1858,0,0.19429494079655543,0.3364211720452578,0.2576061615298869,95.0,0.059082338152105604,48.0,1449.0,0.051130247578040904,0.05680841176687369,0.03141711229946524,1496.0,0.8051668460710442,0.49473684210526314,314.0,0.09473684210526316,0.031578947368421054,0.06315789473684211,0.06315789473684211,47.0,0.5979547900968784,0.46447443054601906,0.2708300224479161,95.0,0.07434944237918215,65.0,682.0,0.051130247578040904,0.10661940596613492,0.042134831460674156,712.0,0.3832077502691066,0.3157894736842105,1081.0,0.16842105263157894,0.07368421052631578,0.10526315789473684,0.10526315789473684,30.0,0.01717107071976636,0.04361987450302618,0.015267104227076542,0.04981099419926123,0.017097533982235576,0.04698043376654866,0.05843238985585293,0.05239289136623641,0.2023681377825619,0.33071618353882437,0.25365240901359287,95.0,0.05725190839694657,50.0,1432.0,0.051130247578040904,0.05963897219958626,0.03046716316858497,1477.0,0.7949407965554359,0.47368421052631576,331.0,0.11578947368421053,0.021052631578947368,0.06315789473684211,0.06315789473684211,45.0,blocked,True,future_acceleration_event,0.1,0.9488697524219591,0.5,0.2322913352331896,95.0,,95.0,0.0,0.051130247578040904,0.04818701611028199,,0.0,0.0,0.0,1763.0,0.05263157894736842,0.010526315789473684,0.021052631578947368,0.021052631578947368,0.0,0.88751345532831,0.5025255993074006,0.21310620600998434,95.0,0.06278026905829595,88.0,121.0,0.051130247578040904,0.05422651459989851,0.0546875,128.0,0.0688912809472551,0.07368421052631578,1642.0,0.11578947368421053,0.010526315789473684,0.05263157894736842,0.05263157894736842,7.0
0.5226049515608181,0.5034430138846179,0.3973746601500405,893.0,0.017718715393133997,885.0,2.0,0.4806243272335845,0.507870422956131,0.8,10.0,0.005382131324004306,0.008958566629339306,963.0,0.10750279955207166,0.0167973124300112,0.05823068309070549,0.5027995520716685,8.0,893,cortical_pca64_delta,10,1858,0,0.5231431646932185,0.5040029242989515,0.39826113974216765,893.0,0.019911504424778764,884.0,2.0,0.4806243272335845,0.5001570743882704,0.8181818181818182,11.0,0.005920344456404736,0.010078387458006719,963.0,0.09966405375139978,0.015677491601343786,0.051511758118701005,0.49384098544232924,9.0,0.5344456404736275,0.5165547812868075,0.34530063525998694,893.0,0.10176531671858774,844.0,21.0,0.4806243272335845,0.5355031444130652,0.7,70.0,0.03767491926803014,0.054871220604703244,944.0,0.12318029115341546,0.014557670772676373,0.07054871220604703,0.5106382978723404,49.0,0.08404660132545375,0.027632721456934184,0.08185381229380898,0.03534607002479484,0.0820500921840861,0.037098003896953,0.05065647873121837,-0.022581514431295302,0.5182992465016146,0.4993397118637184,0.36534164937227076,893.0,0.019715224534501644,884.0,11.0,0.4806243272335845,0.49840514051611223,0.45,20.0,0.010764262648008612,0.010078387458006719,954.0,0.11086226203807391,0.008958566629339306,0.05711086226203808,0.49608062709966405,9.0,blocked,True,future_local_rank_event,0.1,0.4806243272335845,0.5,0.40907341917670476,893.0,0.6492184660123592,0.0,965.0,0.4806243272335845,0.48484666568184687,0.4806243272335845,1858.0,1.0,1.0,0.0,0.11198208286674133,0.010078387458006719,0.0593505039193729,0.47928331466965285,893.0,0.5231431646932185,0.5364626426611121,0.3255298399732294,893.0,0.6395443449959317,107.0,779.0,0.4806243272335845,0.5580846588443605,0.5022364217252396,1565.0,0.8423035522066739,0.8801791713325868,186.0,0.11310190369540873,0.012318029115341545,0.06606942889137737,0.5643896976483762,786.0
