seed,epoch,train_loss,inner_val_pr_auc,inner_validation_strategy,inner_overlap_rows,inner_strict_forward_time,inner_train_rows,inner_val_rows
20260625,1,0.22527579300933415,0.18178233853324866,inner_temporal_within_outer_train_by_video_80_20,0,True,146175,37041
20260625,2,0.16446318063471052,0.237761644372186,inner_temporal_within_outer_train_by_video_80_20,0,True,146175,37041
20260625,3,0.15837868137492073,0.2402847730378809,inner_temporal_within_outer_train_by_video_80_20,0,True,146175,37041
20260625,4,0.15715416934755114,0.24428902443414371,inner_temporal_within_outer_train_by_video_80_20,0,True,146175,37041
20260625,5,0.15629655039972729,0.24901379612808727,inner_temporal_within_outer_train_by_video_80_20,0,True,146175,37041
20260625,6,0.15569516933626598,0.2519326299503948,inner_temporal_within_outer_train_by_video_80_20,0,True,146175,37041
20260625,7,0.15518174982733196,0.25473742574328817,inner_temporal_within_outer_train_by_video_80_20,0,True,146175,37041
20260625,8,0.15479272107283273,0.2570640310605704,inner_temporal_within_outer_train_by_video_80_20,0,True,146175,37041
20260625,9,0.1544546824362543,0.2582200585336083,inner_temporal_within_outer_train_by_video_80_20,0,True,146175,37041
20260625,10,0.15420451594723594,0.25965039707587056,inner_temporal_within_outer_train_by_video_80_20,0,True,146175,37041
20260625,11,0.15392283681366178,0.26038549293650126,inner_temporal_within_outer_train_by_video_80_20,0,True,146175,37041
20260625,12,0.1537554214398066,0.26140641803330256,inner_temporal_within_outer_train_by_video_80_20,0,True,146175,37041
20260625,13,0.1535444897082117,0.26150364856817876,inner_temporal_within_outer_train_by_video_80_20,0,True,146175,37041
20260625,14,0.15337272650665706,0.2617038289671152,inner_temporal_within_outer_train_by_video_80_20,0,True,146175,37041
20260625,15,0.15328469706906211,0.2621235472301072,inner_temporal_within_outer_train_by_video_80_20,0,True,146175,37041
20260625,16,0.15320064044660991,0.26282074041037284,inner_temporal_within_outer_train_by_video_80_20,0,True,146175,37041
20260625,17,0.1529321554634306,0.2631344016831478,inner_temporal_within_outer_train_by_video_80_20,0,True,146175,37041
20260625,18,0.15295541865958107,0.26364241544521755,inner_temporal_within_outer_train_by_video_80_20,0,True,146175,37041
20260625,19,0.15267145302560595,0.2639274139006963,inner_temporal_within_outer_train_by_video_80_20,0,True,146175,37041
20260625,20,0.1527009978890419,0.26354745241164457,inner_temporal_within_outer_train_by_video_80_20,0,True,146175,37041
20260625,21,0.15263459831476212,0.2638528961748506,inner_temporal_within_outer_train_by_video_80_20,0,True,146175,37041
20260625,22,0.1523471400141716,0.26391346846391195,inner_temporal_within_outer_train_by_video_80_20,0,True,146175,37041
20260625,23,0.1523854045404328,0.26427815015566847,inner_temporal_within_outer_train_by_video_80_20,0,True,146175,37041
20260625,24,0.15236721518966886,0.26464092390444394,inner_temporal_within_outer_train_by_video_80_20,0,True,146175,37041
20260625,25,0.1522266666094462,0.2641230443567413,inner_temporal_within_outer_train_by_video_80_20,0,True,146175,37041
20260625,26,0.1521166463692983,0.26484055841310583,inner_temporal_within_outer_train_by_video_80_20,0,True,146175,37041
20260625,27,0.15205312851402494,0.2650512726335313,inner_temporal_within_outer_train_by_video_80_20,0,True,146175,37041
20260625,28,0.15198576036426756,0.2654278441352551,inner_temporal_within_outer_train_by_video_80_20,0,True,146175,37041
20260625,29,0.15193352682722938,0.26543954727409635,inner_temporal_within_outer_train_by_video_80_20,0,True,146175,37041
20260625,30,0.15186278935935763,0.2655121668349834,inner_temporal_within_outer_train_by_video_80_20,0,True,146175,37041
20260625,31,0.15188833988375133,0.2654246681552696,inner_temporal_within_outer_train_by_video_80_20,0,True,146175,37041
20260625,32,0.15179531110657585,0.26642003417948146,inner_temporal_within_outer_train_by_video_80_20,0,True,146175,37041
20260625,33,0.15161102430688012,0.26619239916016924,inner_temporal_within_outer_train_by_video_80_20,0,True,146175,37041
20260625,34,0.15178512864642674,0.26636623757970823,inner_temporal_within_outer_train_by_video_80_20,0,True,146175,37041
20260625,35,0.1516602916849984,0.26599648973091267,inner_temporal_within_outer_train_by_video_80_20,0,True,146175,37041
20260625,36,0.15162213643391928,0.26676788005713714,inner_temporal_within_outer_train_by_video_80_20,0,True,146175,37041
20260625,37,0.15149651302231681,0.26646385027040087,inner_temporal_within_outer_train_by_video_80_20,0,True,146175,37041
20260625,38,0.1515142164296574,0.2665406320520457,inner_temporal_within_outer_train_by_video_80_20,0,True,146175,37041
20260625,39,0.15137604458464515,0.26625971705129914,inner_temporal_within_outer_train_by_video_80_20,0,True,146175,37041
20260625,40,0.151526454422209,0.26713729572942074,inner_temporal_within_outer_train_by_video_80_20,0,True,146175,37041
20260625,41,0.15146543582280478,0.2666507257658183,inner_temporal_within_outer_train_by_video_80_20,0,True,146175,37041
20260625,42,0.15151593171887928,0.2665681921862767,inner_temporal_within_outer_train_by_video_80_20,0,True,146175,37041
20260625,43,0.15129842857519785,0.2667188995454865,inner_temporal_within_outer_train_by_video_80_20,0,True,146175,37041
20260625,44,0.1512907867630323,0.2663439402663153,inner_temporal_within_outer_train_by_video_80_20,0,True,146175,37041
20260625,45,0.15126011768976846,0.267136466767881,inner_temporal_within_outer_train_by_video_80_20,0,True,146175,37041
20260625,46,0.15126263184679878,0.26751360500552135,inner_temporal_within_outer_train_by_video_80_20,0,True,146175,37041
20260625,47,0.1512557566165924,0.2670263381439262,inner_temporal_within_outer_train_by_video_80_20,0,True,146175,37041
20260625,48,0.15115138474437925,0.2674354003887717,inner_temporal_within_outer_train_by_video_80_20,0,True,146175,37041
20260625,49,0.15118100825283262,0.2671565151784072,inner_temporal_within_outer_train_by_video_80_20,0,True,146175,37041
20260625,50,0.15109487705760533,0.2674599834503638,inner_temporal_within_outer_train_by_video_80_20,0,True,146175,37041
20260625,51,0.1511345977584521,0.2671249079219718,inner_temporal_within_outer_train_by_video_80_20,0,True,146175,37041
20260625,52,0.15103648768530953,0.2676186650430785,inner_temporal_within_outer_train_by_video_80_20,0,True,146175,37041
20260625,53,0.150899485581451,0.2678113758247938,inner_temporal_within_outer_train_by_video_80_20,0,True,146175,37041
20260625,54,0.15091079142358568,0.2675674287267726,inner_temporal_within_outer_train_by_video_80_20,0,True,146175,37041
20260625,55,0.15090534836053848,0.2679610424541248,inner_temporal_within_outer_train_by_video_80_20,0,True,146175,37041
20260625,56,0.15094795326391855,0.26792124425147584,inner_temporal_within_outer_train_by_video_80_20,0,True,146175,37041
20260625,57,0.15090036226643455,0.26811321245389214,inner_temporal_within_outer_train_by_video_80_20,0,True,146175,37041
20260625,58,0.15081106705798042,0.2680712364698018,inner_temporal_within_outer_train_by_video_80_20,0,True,146175,37041
20260625,59,0.15088557617531884,0.26810631068892077,inner_temporal_within_outer_train_by_video_80_20,0,True,146175,37041
20260625,60,0.15084506571292877,0.268635974864763,inner_temporal_within_outer_train_by_video_80_20,0,True,146175,37041
20260625,61,0.15082446734110513,0.26820659281755976,inner_temporal_within_outer_train_by_video_80_20,0,True,146175,37041
20260625,62,0.1507891664902369,0.26855653668304125,inner_temporal_within_outer_train_by_video_80_20,0,True,146175,37041
20260625,63,0.15064864854017893,0.26802760321163577,inner_temporal_within_outer_train_by_video_80_20,0,True,146175,37041
20260625,64,0.15072748727268642,0.2684071335105822,inner_temporal_within_outer_train_by_video_80_20,0,True,146175,37041
20260625,65,0.15060856772793663,0.2683551850504765,inner_temporal_within_outer_train_by_video_80_20,0,True,146175,37041
20260625,66,0.15062562045123842,0.26876748678810874,inner_temporal_within_outer_train_by_video_80_20,0,True,146175,37041
20260625,67,0.1505706020527416,0.26873590433258704,inner_temporal_within_outer_train_by_video_80_20,0,True,146175,37041
20260625,68,0.15058107922474542,0.26866870885542454,inner_temporal_within_outer_train_by_video_80_20,0,True,146175,37041
20260625,69,0.15051457368665272,0.26901432113259904,inner_temporal_within_outer_train_by_video_80_20,0,True,146175,37041
20260625,70,0.15063747846417957,0.26869793815329257,inner_temporal_within_outer_train_by_video_80_20,0,True,146175,37041
20260625,71,0.15052298373646206,0.26892430558490643,inner_temporal_within_outer_train_by_video_80_20,0,True,146175,37041
20260625,72,0.15059085521433088,0.2688767023660152,inner_temporal_within_outer_train_by_video_80_20,0,True,146175,37041
20260625,73,0.15046474585930505,0.2691729777176838,inner_temporal_within_outer_train_by_video_80_20,0,True,146175,37041
20260625,74,0.1505554566780726,0.2688360844404462,inner_temporal_within_outer_train_by_video_80_20,0,True,146175,37041
20260625,75,0.15036196758349737,0.2691040140495842,inner_temporal_within_outer_train_by_video_80_20,0,True,146175,37041
20260625,76,0.15033728712134892,0.26907817490095143,inner_temporal_within_outer_train_by_video_80_20,0,True,146175,37041
20260625,77,0.15038074304660162,0.2689809299790452,inner_temporal_within_outer_train_by_video_80_20,0,True,146175,37041
20260625,78,0.1503688188062774,0.26862150042497335,inner_temporal_within_outer_train_by_video_80_20,0,True,146175,37041
20260625,79,0.15035521570179197,0.26963159119065233,inner_temporal_within_outer_train_by_video_80_20,0,True,146175,37041
20260625,80,0.15032798631323707,0.2690055246141481,inner_temporal_within_outer_train_by_video_80_20,0,True,146175,37041
20260626,1,0.19460421966181862,0.20285094429478756,inner_temporal_within_outer_train_by_video_80_20,0,True,146175,37041
20260626,2,0.16138898250129488,0.2425114301601906,inner_temporal_within_outer_train_by_video_80_20,0,True,146175,37041
20260626,3,0.15688783841000664,0.2427189522385567,inner_temporal_within_outer_train_by_video_80_20,0,True,146175,37041
20260626,4,0.15560040126244226,0.2453354856637648,inner_temporal_within_outer_train_by_video_80_20,0,True,146175,37041
20260626,5,0.15485266761647332,0.24832618893689287,inner_temporal_within_outer_train_by_video_80_20,0,True,146175,37041
20260626,6,0.15438932759894264,0.2516085292376227,inner_temporal_within_outer_train_by_video_80_20,0,True,146175,37041
20260626,7,0.15401304264863333,0.2539879909828779,inner_temporal_within_outer_train_by_video_80_20,0,True,146175,37041
20260626,8,0.15382616304688984,0.25653156671482236,inner_temporal_within_outer_train_by_video_80_20,0,True,146175,37041
20260626,9,0.1535499087638325,0.2573588541308654,inner_temporal_within_outer_train_by_video_80_20,0,True,146175,37041
20260626,10,0.1533133147491349,0.25897057896384446,inner_temporal_within_outer_train_by_video_80_20,0,True,146175,37041
20260626,11,0.15317510068416595,0.25952808965604224,inner_temporal_within_outer_train_by_video_80_20,0,True,146175,37041
20260626,12,0.15304257224003473,0.2606359665621767,inner_temporal_within_outer_train_by_video_80_20,0,True,146175,37041
20260626,13,0.15287931263446808,0.2605829258289015,inner_temporal_within_outer_train_by_video_80_20,0,True,146175,37041
20260626,14,0.15267421305179596,0.26211018760154187,inner_temporal_within_outer_train_by_video_80_20,0,True,146175,37041
20260626,15,0.15259207453992632,0.26263949608545534,inner_temporal_within_outer_train_by_video_80_20,0,True,146175,37041
20260626,16,0.1526246973209911,0.26244986537275744,inner_temporal_within_outer_train_by_video_80_20,0,True,146175,37041
20260626,17,0.15244953417115742,0.2625476280467433,inner_temporal_within_outer_train_by_video_80_20,0,True,146175,37041
20260626,18,0.1522742286324501,0.263531378637349,inner_temporal_within_outer_train_by_video_80_20,0,True,146175,37041
20260626,19,0.15217413339349958,0.26312806757451357,inner_temporal_within_outer_train_by_video_80_20,0,True,146175,37041
20260626,20,0.15218569917811287,0.264142541879508,inner_temporal_within_outer_train_by_video_80_20,0,True,146175,37041
20260626,21,0.1521464909116427,0.2640264372663188,inner_temporal_within_outer_train_by_video_80_20,0,True,146175,37041
20260626,22,0.15199420187208387,0.2649205030675958,inner_temporal_within_outer_train_by_video_80_20,0,True,146175,37041
20260626,23,0.15197688589493433,0.26474983594425827,inner_temporal_within_outer_train_by_video_80_20,0,True,146175,37041
20260626,24,0.1519322453273667,0.26479529695469267,inner_temporal_within_outer_train_by_video_80_20,0,True,146175,37041
20260626,25,0.151798530585236,0.2647708560859894,inner_temporal_within_outer_train_by_video_80_20,0,True,146175,37041
20260626,26,0.15183675206369823,0.2649886957652069,inner_temporal_within_outer_train_by_video_80_20,0,True,146175,37041
20260626,27,0.15167528059747484,0.265337962962697,inner_temporal_within_outer_train_by_video_80_20,0,True,146175,37041
20260626,28,0.15169253117508358,0.2650925515968504,inner_temporal_within_outer_train_by_video_80_20,0,True,146175,37041
20260626,29,0.1515759966439671,0.26598557723609423,inner_temporal_within_outer_train_by_video_80_20,0,True,146175,37041
20260626,30,0.15153750197754967,0.26595246392433247,inner_temporal_within_outer_train_by_video_80_20,0,True,146175,37041
20260626,31,0.15144407086902195,0.26614707855717057,inner_temporal_within_outer_train_by_video_80_20,0,True,146175,37041
20260626,32,0.15152429458167818,0.2660267711731683,inner_temporal_within_outer_train_by_video_80_20,0,True,146175,37041
20260626,33,0.15143690920538372,0.2666581851571971,inner_temporal_within_outer_train_by_video_80_20,0,True,146175,37041
20260626,34,0.15134522898329628,0.2665621354219139,inner_temporal_within_outer_train_by_video_80_20,0,True,146175,37041
20260626,35,0.15132310572597715,0.2663212776888365,inner_temporal_within_outer_train_by_video_80_20,0,True,146175,37041
20260626,36,0.15133284942971337,0.2665744203552085,inner_temporal_within_outer_train_by_video_80_20,0,True,146175,37041
20260626,37,0.15131032632456887,0.2672190250453783,inner_temporal_within_outer_train_by_video_80_20,0,True,146175,37041
20260626,38,0.15119989878601497,0.2669784865583882,inner_temporal_within_outer_train_by_video_80_20,0,True,146175,37041
20260626,39,0.15121263927883571,0.26721067944781146,inner_temporal_within_outer_train_by_video_80_20,0,True,146175,37041
20260626,40,0.1511495601799753,0.2672678158312649,inner_temporal_within_outer_train_by_video_80_20,0,True,146175,37041
20260626,41,0.1511190864774916,0.26713654364667727,inner_temporal_within_outer_train_by_video_80_20,0,True,146175,37041
20260626,42,0.15104837632841533,0.2677265406131318,inner_temporal_within_outer_train_by_video_80_20,0,True,146175,37041
20260626,43,0.15106606566243702,0.267994659626343,inner_temporal_within_outer_train_by_video_80_20,0,True,146175,37041
20260626,44,0.15096233867936665,0.2673590428223154,inner_temporal_within_outer_train_by_video_80_20,0,True,146175,37041
20260626,45,0.1509628767768542,0.2683905752980213,inner_temporal_within_outer_train_by_video_80_20,0,True,146175,37041
20260626,46,0.15090618944830364,0.26796990132459764,inner_temporal_within_outer_train_by_video_80_20,0,True,146175,37041
20260626,47,0.15083300405078465,0.2681676228049752,inner_temporal_within_outer_train_by_video_80_20,0,True,146175,37041
20260626,48,0.15084588196542528,0.2686364803954745,inner_temporal_within_outer_train_by_video_80_20,0,True,146175,37041
20260626,49,0.1507665299706989,0.2686177164047024,inner_temporal_within_outer_train_by_video_80_20,0,True,146175,37041
20260626,50,0.150731167031659,0.26874294167506774,inner_temporal_within_outer_train_by_video_80_20,0,True,146175,37041
20260626,51,0.1506960391998291,0.2685016601697548,inner_temporal_within_outer_train_by_video_80_20,0,True,146175,37041
20260626,52,0.15062831507788765,0.26873238164871904,inner_temporal_within_outer_train_by_video_80_20,0,True,146175,37041
20260626,53,0.150647876991166,0.26901606279854057,inner_temporal_within_outer_train_by_video_80_20,0,True,146175,37041
20260626,54,0.15064972390731177,0.268946933669874,inner_temporal_within_outer_train_by_video_80_20,0,True,146175,37041
20260626,55,0.15070243097013897,0.2688003509228371,inner_temporal_within_outer_train_by_video_80_20,0,True,146175,37041
20260626,56,0.15057085206111273,0.26945138126228996,inner_temporal_within_outer_train_by_video_80_20,0,True,146175,37041
20260626,57,0.15059718158509997,0.26911531848563597,inner_temporal_within_outer_train_by_video_80_20,0,True,146175,37041
20260626,58,0.15058688984976876,0.2692594218262038,inner_temporal_within_outer_train_by_video_80_20,0,True,146175,37041
20260626,59,0.1504049160414272,0.2693643203717048,inner_temporal_within_outer_train_by_video_80_20,0,True,146175,37041
20260626,60,0.15049899286693996,0.2695948117741377,inner_temporal_within_outer_train_by_video_80_20,0,True,146175,37041
20260626,61,0.15057718008756638,0.26949736129045876,inner_temporal_within_outer_train_by_video_80_20,0,True,146175,37041
20260626,62,0.1504207733604643,0.26930516488041517,inner_temporal_within_outer_train_by_video_80_20,0,True,146175,37041
20260626,63,0.15029038240512213,0.26932143371514505,inner_temporal_within_outer_train_by_video_80_20,0,True,146175,37041
20260626,64,0.15036962181329727,0.2696887202813817,inner_temporal_within_outer_train_by_video_80_20,0,True,146175,37041
20260626,65,0.1502850196427769,0.26956905535455805,inner_temporal_within_outer_train_by_video_80_20,0,True,146175,37041
20260626,66,0.15024598356750277,0.2694986233003094,inner_temporal_within_outer_train_by_video_80_20,0,True,146175,37041
20260626,67,0.15019793228970635,0.2690041040969802,inner_temporal_within_outer_train_by_video_80_20,0,True,146175,37041
20260626,68,0.15032284127341378,0.2700219940915757,inner_temporal_within_outer_train_by_video_80_20,0,True,146175,37041
20260626,69,0.15017385366890165,0.26919642711331426,inner_temporal_within_outer_train_by_video_80_20,0,True,146175,37041
20260626,70,0.150219380027718,0.26982696191657973,inner_temporal_within_outer_train_by_video_80_20,0,True,146175,37041
20260626,71,0.15028907275862163,0.26955033008419477,inner_temporal_within_outer_train_by_video_80_20,0,True,146175,37041
20260626,72,0.15009054210450914,0.26958967094618436,inner_temporal_within_outer_train_by_video_80_20,0,True,146175,37041
20260626,73,0.15010855264133877,0.2694041985856144,inner_temporal_within_outer_train_by_video_80_20,0,True,146175,37041
20260626,74,0.15015907916757795,0.2700508135995261,inner_temporal_within_outer_train_by_video_80_20,0,True,146175,37041
20260626,75,0.15012555569410324,0.2697680049842265,inner_temporal_within_outer_train_by_video_80_20,0,True,146175,37041
20260626,76,0.15005755755636427,0.2696596970267105,inner_temporal_within_outer_train_by_video_80_20,0,True,146175,37041
20260626,77,0.1500621976123916,0.26999240127774693,inner_temporal_within_outer_train_by_video_80_20,0,True,146175,37041
20260626,78,0.14997313254409367,0.2697570792162512,inner_temporal_within_outer_train_by_video_80_20,0,True,146175,37041
20260626,79,0.15007591909832424,0.27048115486563823,inner_temporal_within_outer_train_by_video_80_20,0,True,146175,37041
20260626,80,0.14990681327051586,0.2699952505304532,inner_temporal_within_outer_train_by_video_80_20,0,True,146175,37041
20260627,1,0.20159971714019775,0.22752185024573127,inner_temporal_within_outer_train_by_video_80_20,0,True,146175,37041
20260627,2,0.16197209970818627,0.2433473280226613,inner_temporal_within_outer_train_by_video_80_20,0,True,146175,37041
20260627,3,0.15754658397701052,0.24412404234973178,inner_temporal_within_outer_train_by_video_80_20,0,True,146175,37041
20260627,4,0.15650953849156699,0.2476240739037141,inner_temporal_within_outer_train_by_video_80_20,0,True,146175,37041
20260627,5,0.1557784171568023,0.25132152810922814,inner_temporal_within_outer_train_by_video_80_20,0,True,146175,37041
20260627,6,0.15535297907061046,0.2536425892709487,inner_temporal_within_outer_train_by_video_80_20,0,True,146175,37041
20260627,7,0.15495623896519342,0.256006355933882,inner_temporal_within_outer_train_by_video_80_20,0,True,146175,37041
20260627,8,0.15463066183858448,0.25708900850974825,inner_temporal_within_outer_train_by_video_80_20,0,True,146175,37041
20260627,9,0.15426831940809885,0.2579240344286636,inner_temporal_within_outer_train_by_video_80_20,0,True,146175,37041
20260627,10,0.15414319104618496,0.2586403914808854,inner_temporal_within_outer_train_by_video_80_20,0,True,146175,37041
20260627,11,0.15393101341194576,0.259194919982014,inner_temporal_within_outer_train_by_video_80_20,0,True,146175,37041
20260627,12,0.15366063349776798,0.25960114856911215,inner_temporal_within_outer_train_by_video_80_20,0,True,146175,37041
20260627,13,0.15347278118133545,0.2603608668204855,inner_temporal_within_outer_train_by_video_80_20,0,True,146175,37041
20260627,14,0.15324572722117105,0.26080091835140606,inner_temporal_within_outer_train_by_video_80_20,0,True,146175,37041
20260627,15,0.15320457932021883,0.26159110876155833,inner_temporal_within_outer_train_by_video_80_20,0,True,146175,37041
20260627,16,0.15299132631884682,0.26200317888520813,inner_temporal_within_outer_train_by_video_80_20,0,True,146175,37041
20260627,17,0.15292517178588444,0.2627889352753441,inner_temporal_within_outer_train_by_video_80_20,0,True,146175,37041
20260627,18,0.15286915004253387,0.2631068676871047,inner_temporal_within_outer_train_by_video_80_20,0,True,146175,37041
20260627,19,0.15274204313755035,0.26309353034512817,inner_temporal_within_outer_train_by_video_80_20,0,True,146175,37041
20260627,20,0.15259728249576357,0.2637289077715062,inner_temporal_within_outer_train_by_video_80_20,0,True,146175,37041
20260627,21,0.15242122693194282,0.2634571221496185,inner_temporal_within_outer_train_by_video_80_20,0,True,146175,37041
20260627,22,0.15244638340340722,0.263298196966329,inner_temporal_within_outer_train_by_video_80_20,0,True,146175,37041
20260627,23,0.15242783476909003,0.2643102455228895,inner_temporal_within_outer_train_by_video_80_20,0,True,146175,37041
20260627,24,0.15224694791767332,0.263809960090441,inner_temporal_within_outer_train_by_video_80_20,0,True,146175,37041
20260627,25,0.15208845916721556,0.26410788357360604,inner_temporal_within_outer_train_by_video_80_20,0,True,146175,37041
20260627,26,0.15205774621831047,0.2644128048683413,inner_temporal_within_outer_train_by_video_80_20,0,True,146175,37041
20260627,27,0.15203720165623558,0.2647495596449308,inner_temporal_within_outer_train_by_video_80_20,0,True,146175,37041
20260627,28,0.15186388376686308,0.2643448097643022,inner_temporal_within_outer_train_by_video_80_20,0,True,146175,37041
20260627,29,0.15190176831351387,0.2647650557911849,inner_temporal_within_outer_train_by_video_80_20,0,True,146175,37041
20260627,30,0.15189303871658114,0.2643980442911826,inner_temporal_within_outer_train_by_video_80_20,0,True,146175,37041
20260627,31,0.15179377545913061,0.26528646815742285,inner_temporal_within_outer_train_by_video_80_20,0,True,146175,37041
20260627,32,0.15175518145163855,0.265841670667705,inner_temporal_within_outer_train_by_video_80_20,0,True,146175,37041
20260627,33,0.1516922323240174,0.2655680187883905,inner_temporal_within_outer_train_by_video_80_20,0,True,146175,37041
20260627,34,0.1516454517841339,0.2658416618212721,inner_temporal_within_outer_train_by_video_80_20,0,True,146175,37041
20260627,35,0.15158450023995507,0.2663657999623257,inner_temporal_within_outer_train_by_video_80_20,0,True,146175,37041
20260627,36,0.15147424737612405,0.2659129857174883,inner_temporal_within_outer_train_by_video_80_20,0,True,146175,37041
20260627,37,0.15146220061514112,0.26621649075669124,inner_temporal_within_outer_train_by_video_80_20,0,True,146175,37041
20260627,38,0.15142452882395852,0.2669718814683676,inner_temporal_within_outer_train_by_video_80_20,0,True,146175,37041
20260627,39,0.15138956407705942,0.26668401727275054,inner_temporal_within_outer_train_by_video_80_20,0,True,146175,37041
20260627,40,0.15142279697789085,0.2669294474518561,inner_temporal_within_outer_train_by_video_80_20,0,True,146175,37041
20260627,41,0.1512266935573684,0.26697272579600434,inner_temporal_within_outer_train_by_video_80_20,0,True,146175,37041
20260627,42,0.15124436964591345,0.2671593848452969,inner_temporal_within_outer_train_by_video_80_20,0,True,146175,37041
20260627,43,0.15127062300841013,0.2672703301488246,inner_temporal_within_outer_train_by_video_80_20,0,True,146175,37041
20260627,44,0.15109213441610336,0.2673073386009086,inner_temporal_within_outer_train_by_video_80_20,0,True,146175,37041
20260627,45,0.1511575703819593,0.2673154680804154,inner_temporal_within_outer_train_by_video_80_20,0,True,146175,37041
20260627,46,0.15102212462160322,0.26757406248180216,inner_temporal_within_outer_train_by_video_80_20,0,True,146175,37041
20260627,47,0.15111379408174092,0.26737453316880266,inner_temporal_within_outer_train_by_video_80_20,0,True,146175,37041
20260627,48,0.15099309550391304,0.26744418905630757,inner_temporal_within_outer_train_by_video_80_20,0,True,146175,37041
20260627,49,0.15100875662432778,0.2673434556394072,inner_temporal_within_outer_train_by_video_80_20,0,True,146175,37041
20260627,50,0.15102275129821566,0.2680360458123914,inner_temporal_within_outer_train_by_video_80_20,0,True,146175,37041
20260627,51,0.1509844238559405,0.2682537039388253,inner_temporal_within_outer_train_by_video_80_20,0,True,146175,37041
20260627,52,0.15093657043245104,0.26817952790047384,inner_temporal_within_outer_train_by_video_80_20,0,True,146175,37041
20260627,53,0.15092187623182932,0.26768830852053394,inner_temporal_within_outer_train_by_video_80_20,0,True,146175,37041
20260627,54,0.1508797672059801,0.26799696767716646,inner_temporal_within_outer_train_by_video_80_20,0,True,146175,37041
20260627,55,0.15092024786604774,0.2684834996406581,inner_temporal_within_outer_train_by_video_80_20,0,True,146175,37041
20260627,56,0.1508330578605334,0.2681376886325239,inner_temporal_within_outer_train_by_video_80_20,0,True,146175,37041
20260627,57,0.15081049501895905,0.2686630209922773,inner_temporal_within_outer_train_by_video_80_20,0,True,146175,37041
20260627,58,0.15074698792563546,0.26848650689650155,inner_temporal_within_outer_train_by_video_80_20,0,True,146175,37041
20260627,59,0.15080041107204226,0.26846956288914026,inner_temporal_within_outer_train_by_video_80_20,0,True,146175,37041
20260627,60,0.15068824340899786,0.2687758750182743,inner_temporal_within_outer_train_by_video_80_20,0,True,146175,37041
20260627,61,0.15065167761511272,0.26870742771045886,inner_temporal_within_outer_train_by_video_80_20,0,True,146175,37041
20260627,62,0.1506021444996198,0.2682771968786047,inner_temporal_within_outer_train_by_video_80_20,0,True,146175,37041
20260627,63,0.15054530319240358,0.2692083116019472,inner_temporal_within_outer_train_by_video_80_20,0,True,146175,37041
20260627,64,0.15070943451590008,0.2688696567906186,inner_temporal_within_outer_train_by_video_80_20,0,True,146175,37041
20260627,65,0.1505859519044558,0.2686245578132137,inner_temporal_within_outer_train_by_video_80_20,0,True,146175,37041
20260627,66,0.15060792946153218,0.26928267565032965,inner_temporal_within_outer_train_by_video_80_20,0,True,146175,37041
20260627,67,0.15046719296111,0.26984111869570143,inner_temporal_within_outer_train_by_video_80_20,0,True,146175,37041
20260627,68,0.1504421126511362,0.26889623660596307,inner_temporal_within_outer_train_by_video_80_20,0,True,146175,37041
20260627,69,0.1504226956102583,0.2690375902657996,inner_temporal_within_outer_train_by_video_80_20,0,True,146175,37041
20260627,70,0.15040175451172721,0.269310918521798,inner_temporal_within_outer_train_by_video_80_20,0,True,146175,37041
20260627,71,0.15034304476446575,0.2694927852518196,inner_temporal_within_outer_train_by_video_80_20,0,True,146175,37041
20260627,72,0.1504172674483723,0.2692571769478057,inner_temporal_within_outer_train_by_video_80_20,0,True,146175,37041
20260627,73,0.15046185668971804,0.26986713198185286,inner_temporal_within_outer_train_by_video_80_20,0,True,146175,37041
20260627,74,0.15035308649142584,0.2691244220349941,inner_temporal_within_outer_train_by_video_80_20,0,True,146175,37041
20260627,75,0.15031636589103275,0.26968249841615327,inner_temporal_within_outer_train_by_video_80_20,0,True,146175,37041
20260627,76,0.150212947693136,0.2696222426400349,inner_temporal_within_outer_train_by_video_80_20,0,True,146175,37041
20260627,77,0.1502066809270117,0.26961095790171974,inner_temporal_within_outer_train_by_video_80_20,0,True,146175,37041
20260627,78,0.1502984000576867,0.2691833605903302,inner_temporal_within_outer_train_by_video_80_20,0,True,146175,37041
20260627,79,0.150376810795731,0.2696973580022155,inner_temporal_within_outer_train_by_video_80_20,0,True,146175,37041
20260627,80,0.15031554053227106,0.2695214986701877,inner_temporal_within_outer_train_by_video_80_20,0,True,146175,37041
20260628,1,0.2035350650548935,0.18646255203083723,inner_temporal_within_outer_train_by_video_80_20,0,True,146175,37041
20260628,2,0.16318444162607193,0.22735121709115763,inner_temporal_within_outer_train_by_video_80_20,0,True,146175,37041
20260628,3,0.15754853851265377,0.236247017350739,inner_temporal_within_outer_train_by_video_80_20,0,True,146175,37041
20260628,4,0.15621113611592186,0.2408616325558456,inner_temporal_within_outer_train_by_video_80_20,0,True,146175,37041
20260628,5,0.1555329751637247,0.24553414270265023,inner_temporal_within_outer_train_by_video_80_20,0,True,146175,37041
20260628,6,0.15488930543263754,0.2501880211472775,inner_temporal_within_outer_train_by_video_80_20,0,True,146175,37041
20260628,7,0.15459272927708095,0.25329595541209277,inner_temporal_within_outer_train_by_video_80_20,0,True,146175,37041
20260628,8,0.15418017738395268,0.25586754908539266,inner_temporal_within_outer_train_by_video_80_20,0,True,146175,37041
20260628,9,0.1538933308588134,0.25718144367680873,inner_temporal_within_outer_train_by_video_80_20,0,True,146175,37041
20260628,10,0.1536814131670528,0.2586845043536989,inner_temporal_within_outer_train_by_video_80_20,0,True,146175,37041
20260628,11,0.15350058757596546,0.25947658958450126,inner_temporal_within_outer_train_by_video_80_20,0,True,146175,37041
20260628,12,0.15342641290691164,0.2603472753206826,inner_temporal_within_outer_train_by_video_80_20,0,True,146175,37041
20260628,13,0.15318342712190416,0.2612494274691404,inner_temporal_within_outer_train_by_video_80_20,0,True,146175,37041
20260628,14,0.1530297597249349,0.26202958063289866,inner_temporal_within_outer_train_by_video_80_20,0,True,146175,37041
20260628,15,0.15293598175048828,0.2619533371178028,inner_temporal_within_outer_train_by_video_80_20,0,True,146175,37041
20260628,16,0.15278993215825823,0.26283850421415644,inner_temporal_within_outer_train_by_video_80_20,0,True,146175,37041
20260628,17,0.15267003824313483,0.26326938744186157,inner_temporal_within_outer_train_by_video_80_20,0,True,146175,37041
20260628,18,0.152527859641446,0.2639218652778346,inner_temporal_within_outer_train_by_video_80_20,0,True,146175,37041
20260628,19,0.15250145892302194,0.2644641635716914,inner_temporal_within_outer_train_by_video_80_20,0,True,146175,37041
20260628,20,0.1524344508846601,0.2640239734361187,inner_temporal_within_outer_train_by_video_80_20,0,True,146175,37041
20260628,21,0.15237016479174295,0.2641183222527078,inner_temporal_within_outer_train_by_video_80_20,0,True,146175,37041
20260628,22,0.15223651048209932,0.2649103766788718,inner_temporal_within_outer_train_by_video_80_20,0,True,146175,37041
20260628,23,0.15215826531251272,0.2644066701102742,inner_temporal_within_outer_train_by_video_80_20,0,True,146175,37041
20260628,24,0.1519059654739168,0.26476892971623217,inner_temporal_within_outer_train_by_video_80_20,0,True,146175,37041
20260628,25,0.1519743518696891,0.265084560105845,inner_temporal_within_outer_train_by_video_80_20,0,True,146175,37041
20260628,26,0.15195616086324057,0.2650477984418978,inner_temporal_within_outer_train_by_video_80_20,0,True,146175,37041
20260628,27,0.15191852301359177,0.2659770816847844,inner_temporal_within_outer_train_by_video_80_20,0,True,146175,37041
20260628,28,0.15178635799222523,0.2655365041642899,inner_temporal_within_outer_train_by_video_80_20,0,True,146175,37041
20260628,29,0.15178178581926557,0.26594241675166147,inner_temporal_within_outer_train_by_video_80_20,0,True,146175,37041
20260628,30,0.15176575465334785,0.2661571567731901,inner_temporal_within_outer_train_by_video_80_20,0,True,146175,37041
20260628,31,0.15174587733215755,0.26591367402619276,inner_temporal_within_outer_train_by_video_80_20,0,True,146175,37041
20260628,32,0.15174215783675513,0.266329732302121,inner_temporal_within_outer_train_by_video_80_20,0,True,146175,37041
20260628,33,0.15159484578503502,0.26627825081623313,inner_temporal_within_outer_train_by_video_80_20,0,True,146175,37041
20260628,34,0.15161608573463228,0.26686258168753385,inner_temporal_within_outer_train_by_video_80_20,0,True,146175,37041
20260628,35,0.15154243840111625,0.26658540105466866,inner_temporal_within_outer_train_by_video_80_20,0,True,146175,37041
20260628,36,0.15155795382128823,0.26695541359576386,inner_temporal_within_outer_train_by_video_80_20,0,True,146175,37041
20260628,37,0.15145235674248803,0.26671037712303836,inner_temporal_within_outer_train_by_video_80_20,0,True,146175,37041
20260628,38,0.15149698075320986,0.26680591296167966,inner_temporal_within_outer_train_by_video_80_20,0,True,146175,37041
20260628,39,0.15139741119411257,0.26693342464795006,inner_temporal_within_outer_train_by_video_80_20,0,True,146175,37041
20260628,40,0.151318050093121,0.2669119821066569,inner_temporal_within_outer_train_by_video_80_20,0,True,146175,37041
20260628,41,0.15140102803707123,0.2669360868691836,inner_temporal_within_outer_train_by_video_80_20,0,True,146175,37041
20260628,42,0.15122546917862362,0.26687243992708676,inner_temporal_within_outer_train_by_video_80_20,0,True,146175,37041
20260628,43,0.1512233250670963,0.26713296013162596,inner_temporal_within_outer_train_by_video_80_20,0,True,146175,37041
20260628,44,0.15124589867062038,0.26741332246086214,inner_temporal_within_outer_train_by_video_80_20,0,True,146175,37041
20260628,45,0.1512202024459839,0.2672246836316441,inner_temporal_within_outer_train_by_video_80_20,0,True,146175,37041
20260628,46,0.1511068203383022,0.26715840613162356,inner_temporal_within_outer_train_by_video_80_20,0,True,146175,37041
20260628,47,0.15114511715041268,0.2675534129513733,inner_temporal_within_outer_train_by_video_80_20,0,True,146175,37041
20260628,48,0.15114298876788881,0.2677025593153551,inner_temporal_within_outer_train_by_video_80_20,0,True,146175,37041
20260628,49,0.15105462157064015,0.26759789606779355,inner_temporal_within_outer_train_by_video_80_20,0,True,146175,37041
20260628,50,0.1509821820590231,0.26770951660641473,inner_temporal_within_outer_train_by_video_80_20,0,True,146175,37041
20260628,51,0.15097385396560034,0.26781796367211586,inner_temporal_within_outer_train_by_video_80_20,0,True,146175,37041
20260628,52,0.15090118017461565,0.26806003499992054,inner_temporal_within_outer_train_by_video_80_20,0,True,146175,37041
20260628,53,0.15097296403514016,0.26809126119039894,inner_temporal_within_outer_train_by_video_80_20,0,True,146175,37041
20260628,54,0.1508749880724483,0.26830446183559153,inner_temporal_within_outer_train_by_video_80_20,0,True,146175,37041
20260628,55,0.15082216842306984,0.2684527840550251,inner_temporal_within_outer_train_by_video_80_20,0,True,146175,37041
20260628,56,0.1507856630616718,0.2676883857158383,inner_temporal_within_outer_train_by_video_80_20,0,True,146175,37041
20260628,57,0.15082103262344995,0.2681451053330999,inner_temporal_within_outer_train_by_video_80_20,0,True,146175,37041
20260628,58,0.15085471587048638,0.26849088994987647,inner_temporal_within_outer_train_by_video_80_20,0,True,146175,37041
20260628,59,0.15077688213851717,0.2684195725500091,inner_temporal_within_outer_train_by_video_80_20,0,True,146175,37041
20260628,60,0.15077532993422615,0.26872962028301695,inner_temporal_within_outer_train_by_video_80_20,0,True,146175,37041
20260628,61,0.1506810552544064,0.26866640143074333,inner_temporal_within_outer_train_by_video_80_20,0,True,146175,37041
20260628,62,0.15069030059708488,0.2688249570127129,inner_temporal_within_outer_train_by_video_80_20,0,True,146175,37041
20260628,63,0.15057196219762167,0.26900078101284414,inner_temporal_within_outer_train_by_video_80_20,0,True,146175,37041
20260628,64,0.15056721534993914,0.2688175987282636,inner_temporal_within_outer_train_by_video_80_20,0,True,146175,37041
20260628,65,0.15068185908926857,0.26918860065641825,inner_temporal_within_outer_train_by_video_80_20,0,True,146175,37041
20260628,66,0.15063765313890246,0.2693565827284066,inner_temporal_within_outer_train_by_video_80_20,0,True,146175,37041
20260628,67,0.15054401755332947,0.2693838262438242,inner_temporal_within_outer_train_by_video_80_20,0,True,146175,37041
20260628,68,0.15058360662725237,0.26958780802321786,inner_temporal_within_outer_train_by_video_80_20,0,True,146175,37041
20260628,69,0.15061699516243404,0.26925385458428697,inner_temporal_within_outer_train_by_video_80_20,0,True,146175,37041
20260628,70,0.150544211268425,0.2697083796211075,inner_temporal_within_outer_train_by_video_80_20,0,True,146175,37041
20260628,71,0.15046152555280262,0.26939733387466747,inner_temporal_within_outer_train_by_video_80_20,0,True,146175,37041
20260628,72,0.15046129458480412,0.2695995464448184,inner_temporal_within_outer_train_by_video_80_20,0,True,146175,37041
20260628,73,0.1504513058397505,0.26956133711815133,inner_temporal_within_outer_train_by_video_80_20,0,True,146175,37041
20260628,74,0.15039902594354418,0.26962232715114687,inner_temporal_within_outer_train_by_video_80_20,0,True,146175,37041
20260628,75,0.15048358589410782,0.2700728753588067,inner_temporal_within_outer_train_by_video_80_20,0,True,146175,37041
20260628,76,0.15042710055907568,0.26952685247306263,inner_temporal_within_outer_train_by_video_80_20,0,True,146175,37041
20260628,77,0.15031458685795465,0.27024558959679595,inner_temporal_within_outer_train_by_video_80_20,0,True,146175,37041
20260628,78,0.15035567763778898,0.26974306572838186,inner_temporal_within_outer_train_by_video_80_20,0,True,146175,37041
20260628,79,0.15035666773716608,0.26984443208799747,inner_temporal_within_outer_train_by_video_80_20,0,True,146175,37041
20260628,80,0.15030312041441599,0.2702838329901652,inner_temporal_within_outer_train_by_video_80_20,0,True,146175,37041
20260629,1,0.21634729868835872,0.16794446274608243,inner_temporal_within_outer_train_by_video_80_20,0,True,146175,37041
20260629,2,0.16563293006685045,0.2379814678628327,inner_temporal_within_outer_train_by_video_80_20,0,True,146175,37041
20260629,3,0.15904583036899567,0.24074967958911941,inner_temporal_within_outer_train_by_video_80_20,0,True,146175,37041
20260629,4,0.15751930243439144,0.24182554765005643,inner_temporal_within_outer_train_by_video_80_20,0,True,146175,37041
20260629,5,0.15657426334089702,0.24578691562566907,inner_temporal_within_outer_train_by_video_80_20,0,True,146175,37041
20260629,6,0.15593968745734957,0.24959842541499302,inner_temporal_within_outer_train_by_video_80_20,0,True,146175,37041
20260629,7,0.1554117649793625,0.25236551221731923,inner_temporal_within_outer_train_by_video_80_20,0,True,146175,37041
20260629,8,0.15503435995843676,0.25399316930290067,inner_temporal_within_outer_train_by_video_80_20,0,True,146175,37041
20260629,9,0.15472176588243908,0.25565881627803605,inner_temporal_within_outer_train_by_video_80_20,0,True,146175,37041
20260629,10,0.15450622969203526,0.2567200332163462,inner_temporal_within_outer_train_by_video_80_20,0,True,146175,37041
20260629,11,0.1540779032640987,0.257757210980375,inner_temporal_within_outer_train_by_video_80_20,0,True,146175,37041
20260629,12,0.15389151043362087,0.2583130993382742,inner_temporal_within_outer_train_by_video_80_20,0,True,146175,37041
20260629,13,0.15380579978227615,0.2597264420715155,inner_temporal_within_outer_train_by_video_80_20,0,True,146175,37041
20260629,14,0.15355406039290959,0.26038733752917087,inner_temporal_within_outer_train_by_video_80_20,0,True,146175,37041
20260629,15,0.15343180547157922,0.26087195143562203,inner_temporal_within_outer_train_by_video_80_20,0,True,146175,37041
20260629,16,0.15323092622889412,0.2610963353795274,inner_temporal_within_outer_train_by_video_80_20,0,True,146175,37041
20260629,17,0.15323390811681747,0.2614866971038187,inner_temporal_within_outer_train_by_video_80_20,0,True,146175,37041
20260629,18,0.1530114006665018,0.26223575888742295,inner_temporal_within_outer_train_by_video_80_20,0,True,146175,37041
20260629,19,0.15291536019908059,0.26213833147257337,inner_temporal_within_outer_train_by_video_80_20,0,True,146175,37041
20260629,20,0.1528481418887774,0.26307626574333115,inner_temporal_within_outer_train_by_video_80_20,0,True,146175,37041
20260629,21,0.15273997435967127,0.263089476395651,inner_temporal_within_outer_train_by_video_80_20,0,True,146175,37041
20260629,22,0.15272581411732566,0.2641522735565214,inner_temporal_within_outer_train_by_video_80_20,0,True,146175,37041
20260629,23,0.15259037166833878,0.2637919188434884,inner_temporal_within_outer_train_by_video_80_20,0,True,146175,37041
20260629,24,0.15247050341632631,0.26445786764568335,inner_temporal_within_outer_train_by_video_80_20,0,True,146175,37041
20260629,25,0.15241106268432406,0.26409260582198935,inner_temporal_within_outer_train_by_video_80_20,0,True,146175,37041
20260629,26,0.1523514969481362,0.2642334259226359,inner_temporal_within_outer_train_by_video_80_20,0,True,146175,37041
20260629,27,0.1523471681608094,0.2642812810061309,inner_temporal_within_outer_train_by_video_80_20,0,True,146175,37041
20260629,28,0.15212297522359425,0.26495561145198565,inner_temporal_within_outer_train_by_video_80_20,0,True,146175,37041
20260629,29,0.15200009528133604,0.26481333859968914,inner_temporal_within_outer_train_by_video_80_20,0,True,146175,37041
20260629,30,0.15207854823933709,0.26485289360580566,inner_temporal_within_outer_train_by_video_80_20,0,True,146175,37041
20260629,31,0.15190393974383673,0.2654390168829288,inner_temporal_within_outer_train_by_video_80_20,0,True,146175,37041
20260629,32,0.15189597755670547,0.26513290576881277,inner_temporal_within_outer_train_by_video_80_20,0,True,146175,37041
20260629,33,0.1517657372686598,0.26559690481769505,inner_temporal_within_outer_train_by_video_80_20,0,True,146175,37041
20260629,34,0.15179008411036599,0.26612873831960626,inner_temporal_within_outer_train_by_video_80_20,0,True,146175,37041
20260629,35,0.15171930525037977,0.2659371304590243,inner_temporal_within_outer_train_by_video_80_20,0,True,146175,37041
20260629,36,0.15173864778545168,0.26580897509724044,inner_temporal_within_outer_train_by_video_80_20,0,True,146175,37041
20260629,37,0.15160880982875824,0.2663073771174204,inner_temporal_within_outer_train_by_video_80_20,0,True,146175,37041
20260629,38,0.15159854210085338,0.2662513817254589,inner_temporal_within_outer_train_by_video_80_20,0,True,146175,37041
20260629,39,0.1515029701921675,0.2666562529526051,inner_temporal_within_outer_train_by_video_80_20,0,True,146175,37041
20260629,40,0.15152516878313488,0.2670081452174196,inner_temporal_within_outer_train_by_video_80_20,0,True,146175,37041
20260629,41,0.1514318883419037,0.2662218336056294,inner_temporal_within_outer_train_by_video_80_20,0,True,146175,37041
20260629,42,0.1513537342349688,0.2674604960454968,inner_temporal_within_outer_train_by_video_80_20,0,True,146175,37041
20260629,43,0.1513660964038637,0.2673984830265148,inner_temporal_within_outer_train_by_video_80_20,0,True,146175,37041
20260629,44,0.15135822114017275,0.2670537379950255,inner_temporal_within_outer_train_by_video_80_20,0,True,146175,37041
20260629,45,0.1513562790221638,0.26734691779895353,inner_temporal_within_outer_train_by_video_80_20,0,True,146175,37041
20260629,46,0.15130076474613613,0.26752209809008654,inner_temporal_within_outer_train_by_video_80_20,0,True,146175,37041
20260629,47,0.15119983752568564,0.2678215527721053,inner_temporal_within_outer_train_by_video_80_20,0,True,146175,37041
20260629,48,0.15124120314915976,0.26801074587918083,inner_temporal_within_outer_train_by_video_80_20,0,True,146175,37041
20260629,49,0.15123222023248672,0.2675541747672226,inner_temporal_within_outer_train_by_video_80_20,0,True,146175,37041
20260629,50,0.15112172977791893,0.2681307151123969,inner_temporal_within_outer_train_by_video_80_20,0,True,146175,37041
20260629,51,0.15121686375803417,0.26821422684257756,inner_temporal_within_outer_train_by_video_80_20,0,True,146175,37041
20260629,52,0.15106374190913308,0.2678330851981761,inner_temporal_within_outer_train_by_video_80_20,0,True,146175,37041
20260629,53,0.15108351657787958,0.26857891220280683,inner_temporal_within_outer_train_by_video_80_20,0,True,146175,37041
20260629,54,0.1510378188557095,0.2680291438336231,inner_temporal_within_outer_train_by_video_80_20,0,True,146175,37041
20260629,55,0.15091558380259407,0.2687271619921669,inner_temporal_within_outer_train_by_video_80_20,0,True,146175,37041
20260629,56,0.150992289185524,0.26858960914437824,inner_temporal_within_outer_train_by_video_80_20,0,True,146175,37041
20260629,57,0.1509702346391148,0.26908778788207166,inner_temporal_within_outer_train_by_video_80_20,0,True,146175,37041
20260629,58,0.15090022484461466,0.2684117480829755,inner_temporal_within_outer_train_by_video_80_20,0,True,146175,37041
20260629,59,0.15086899366643694,0.26905218902098127,inner_temporal_within_outer_train_by_video_80_20,0,True,146175,37041
20260629,60,0.15084432727760738,0.2688246546610888,inner_temporal_within_outer_train_by_video_80_20,0,True,146175,37041
20260629,61,0.15085026290681627,0.26870117577468755,inner_temporal_within_outer_train_by_video_80_20,0,True,146175,37041
20260629,62,0.15088056441810396,0.26942597124909723,inner_temporal_within_outer_train_by_video_80_20,0,True,146175,37041
20260629,63,0.1507640704512596,0.26923775057439,inner_temporal_within_outer_train_by_video_80_20,0,True,146175,37041
20260629,64,0.15070639302333197,0.26930176243258386,inner_temporal_within_outer_train_by_video_80_20,0,True,146175,37041
20260629,65,0.15084519237279892,0.2685373299952365,inner_temporal_within_outer_train_by_video_80_20,0,True,146175,37041
20260629,66,0.15068017774158055,0.2697018503732917,inner_temporal_within_outer_train_by_video_80_20,0,True,146175,37041
20260629,67,0.1507115347517861,0.26908769075469974,inner_temporal_within_outer_train_by_video_80_20,0,True,146175,37041
20260629,68,0.15064498451020983,0.2694225013684487,inner_temporal_within_outer_train_by_video_80_20,0,True,146175,37041
20260629,69,0.15053249812788433,0.26962764866748373,inner_temporal_within_outer_train_by_video_80_20,0,True,146175,37041
20260629,70,0.15056968728701273,0.2696995184378864,inner_temporal_within_outer_train_by_video_80_20,0,True,146175,37041
20260629,71,0.15052978860007393,0.2695358092376264,inner_temporal_within_outer_train_by_video_80_20,0,True,146175,37041
20260629,72,0.15055421905385125,0.2691693198492801,inner_temporal_within_outer_train_by_video_80_20,0,True,146175,37041
20260629,73,0.15042047947645187,0.2699249513115258,inner_temporal_within_outer_train_by_video_80_20,0,True,146175,37041
20260629,74,0.15049787941906187,0.2696359928855859,inner_temporal_within_outer_train_by_video_80_20,0,True,146175,37041
20260629,75,0.1504606455564499,0.2699851694557311,inner_temporal_within_outer_train_by_video_80_20,0,True,146175,37041
20260629,76,0.15047233882877561,0.2699677969883264,inner_temporal_within_outer_train_by_video_80_20,0,True,146175,37041
20260629,77,0.150365443693267,0.27004249894820265,inner_temporal_within_outer_train_by_video_80_20,0,True,146175,37041
20260629,78,0.15037578261560863,0.2701931769296181,inner_temporal_within_outer_train_by_video_80_20,0,True,146175,37041
20260629,79,0.15041166295607886,0.26974193428498006,inner_temporal_within_outer_train_by_video_80_20,0,True,146175,37041
20260629,80,0.15029040724039078,0.27055820531236807,inner_temporal_within_outer_train_by_video_80_20,0,True,146175,37041
20260630,1,0.2034169907371203,0.20042182780157858,inner_temporal_within_outer_train_by_video_80_20,0,True,146175,37041
20260630,2,0.16382555249664518,0.2315830242243001,inner_temporal_within_outer_train_by_video_80_20,0,True,146175,37041
20260630,3,0.15890166411797205,0.24345955112000642,inner_temporal_within_outer_train_by_video_80_20,0,True,146175,37041
20260630,4,0.15713500645425585,0.24929935959681254,inner_temporal_within_outer_train_by_video_80_20,0,True,146175,37041
20260630,5,0.15605753577417797,0.2517862358659905,inner_temporal_within_outer_train_by_video_80_20,0,True,146175,37041
20260630,6,0.1554203232129415,0.25488730227157774,inner_temporal_within_outer_train_by_video_80_20,0,True,146175,37041
20260630,7,0.15482894082864126,0.2577589664524223,inner_temporal_within_outer_train_by_video_80_20,0,True,146175,37041
20260630,8,0.15450528429614174,0.2592927692599764,inner_temporal_within_outer_train_by_video_80_20,0,True,146175,37041
20260630,9,0.15423842519521713,0.2602430224264621,inner_temporal_within_outer_train_by_video_80_20,0,True,146175,37041
20260630,10,0.15380990339650047,0.2613239258616767,inner_temporal_within_outer_train_by_video_80_20,0,True,146175,37041
20260630,11,0.1535959608025021,0.26149537608664764,inner_temporal_within_outer_train_by_video_80_20,0,True,146175,37041
20260630,12,0.15343316396077475,0.2621570022374261,inner_temporal_within_outer_train_by_video_80_20,0,True,146175,37041
20260630,13,0.15323712842331993,0.26184079104047026,inner_temporal_within_outer_train_by_video_80_20,0,True,146175,37041
20260630,14,0.15296408285697302,0.26305688321517323,inner_temporal_within_outer_train_by_video_80_20,0,True,146175,37041
20260630,15,0.15285135557254156,0.2637173698178227,inner_temporal_within_outer_train_by_video_80_20,0,True,146175,37041
20260630,16,0.1526564715637101,0.2638588521822921,inner_temporal_within_outer_train_by_video_80_20,0,True,146175,37041
20260630,17,0.15259387509690392,0.264102545173137,inner_temporal_within_outer_train_by_video_80_20,0,True,146175,37041
20260630,18,0.1523902648025089,0.2642984880929101,inner_temporal_within_outer_train_by_video_80_20,0,True,146175,37041
20260630,19,0.15241163886255688,0.26422493910418754,inner_temporal_within_outer_train_by_video_80_20,0,True,146175,37041
20260630,20,0.15219786928759682,0.2644908503441273,inner_temporal_within_outer_train_by_video_80_20,0,True,146175,37041
20260630,21,0.1521566485365232,0.2644969087216982,inner_temporal_within_outer_train_by_video_80_20,0,True,146175,37041
20260630,22,0.1520538313521279,0.2647177938228147,inner_temporal_within_outer_train_by_video_80_20,0,True,146175,37041
20260630,23,0.151993195215861,0.26501551997100076,inner_temporal_within_outer_train_by_video_80_20,0,True,146175,37041
20260630,24,0.1518459071715673,0.2653872936240316,inner_temporal_within_outer_train_by_video_80_20,0,True,146175,37041
20260630,25,0.15184777230024338,0.26441281514834675,inner_temporal_within_outer_train_by_video_80_20,0,True,146175,37041
20260630,26,0.15174175881677204,0.26533770024214454,inner_temporal_within_outer_train_by_video_80_20,0,True,146175,37041
20260630,27,0.15173233300447464,0.2651357116196603,inner_temporal_within_outer_train_by_video_80_20,0,True,146175,37041
20260630,28,0.1517361882660124,0.26494290863240294,inner_temporal_within_outer_train_by_video_80_20,0,True,146175,37041
20260630,29,0.15160423268874487,0.26555390201614437,inner_temporal_within_outer_train_by_video_80_20,0,True,146175,37041
20260630,30,0.15158460040887198,0.26506761927825045,inner_temporal_within_outer_train_by_video_80_20,0,True,146175,37041
20260630,31,0.15154186139504114,0.26540346265409787,inner_temporal_within_outer_train_by_video_80_20,0,True,146175,37041
20260630,32,0.15152794288264382,0.26505491116202523,inner_temporal_within_outer_train_by_video_80_20,0,True,146175,37041
20260630,33,0.1513948283261723,0.2655800678589731,inner_temporal_within_outer_train_by_video_80_20,0,True,146175,37041
20260630,34,0.15148684879144034,0.2655380408029371,inner_temporal_within_outer_train_by_video_80_20,0,True,146175,37041
20260630,35,0.15132073644134733,0.2653744416289417,inner_temporal_within_outer_train_by_video_80_20,0,True,146175,37041
20260630,36,0.15131292988856634,0.2659034204672106,inner_temporal_within_outer_train_by_video_80_20,0,True,146175,37041
20260630,37,0.15138119128015307,0.26603092769848385,inner_temporal_within_outer_train_by_video_80_20,0,True,146175,37041
20260630,38,0.15125777572393417,0.2658508471844922,inner_temporal_within_outer_train_by_video_80_20,0,True,146175,37041
20260630,39,0.15128581722577414,0.2662543112269897,inner_temporal_within_outer_train_by_video_80_20,0,True,146175,37041
20260630,40,0.1513035785820749,0.26640554212255274,inner_temporal_within_outer_train_by_video_80_20,0,True,146175,37041
20260630,41,0.15121850123008093,0.2664606125718174,inner_temporal_within_outer_train_by_video_80_20,0,True,146175,37041
20260630,42,0.15120716475778156,0.266627875920855,inner_temporal_within_outer_train_by_video_80_20,0,True,146175,37041
20260630,43,0.15116738859150144,0.26659152971646893,inner_temporal_within_outer_train_by_video_80_20,0,True,146175,37041
20260630,44,0.15109665940205255,0.2669963156052311,inner_temporal_within_outer_train_by_video_80_20,0,True,146175,37041
20260630,45,0.15120017445749706,0.2664522757274678,inner_temporal_within_outer_train_by_video_80_20,0,True,146175,37041
20260630,46,0.15107767780621847,0.2666719779349346,inner_temporal_within_outer_train_by_video_80_20,0,True,146175,37041
20260630,47,0.15099634644058016,0.2671067272440054,inner_temporal_within_outer_train_by_video_80_20,0,True,146175,37041
20260630,48,0.15109528601169586,0.26731991652046,inner_temporal_within_outer_train_by_video_80_20,0,True,146175,37041
20260630,49,0.151023268699646,0.2666476811814737,inner_temporal_within_outer_train_by_video_80_20,0,True,146175,37041
20260630,50,0.15096220042970446,0.2670523466393493,inner_temporal_within_outer_train_by_video_80_20,0,True,146175,37041
20260630,51,0.15097282744116253,0.2670731821200054,inner_temporal_within_outer_train_by_video_80_20,0,True,146175,37041
20260630,52,0.15080649736854765,0.267323254269075,inner_temporal_within_outer_train_by_video_80_20,0,True,146175,37041
20260630,53,0.15084106392330593,0.26728849992855097,inner_temporal_within_outer_train_by_video_80_20,0,True,146175,37041
20260630,54,0.15084642502996656,0.26712085872675406,inner_temporal_within_outer_train_by_video_80_20,0,True,146175,37041
20260630,55,0.1508878850274616,0.26715448993163443,inner_temporal_within_outer_train_by_video_80_20,0,True,146175,37041
20260630,56,0.1507895232902633,0.2672213432179159,inner_temporal_within_outer_train_by_video_80_20,0,True,146175,37041
20260630,57,0.1508258730173111,0.267656542284722,inner_temporal_within_outer_train_by_video_80_20,0,True,146175,37041
20260630,58,0.1507830106549793,0.2674993807417455,inner_temporal_within_outer_train_by_video_80_20,0,True,146175,37041
20260630,59,0.15076970060666403,0.26786331210459735,inner_temporal_within_outer_train_by_video_80_20,0,True,146175,37041
20260630,60,0.15067585888836119,0.2676350367189844,inner_temporal_within_outer_train_by_video_80_20,0,True,146175,37041
20260630,61,0.15071368051899803,0.26790540250240735,inner_temporal_within_outer_train_by_video_80_20,0,True,146175,37041
20260630,62,0.15069705910152859,0.26785289002196305,inner_temporal_within_outer_train_by_video_80_20,0,True,146175,37041
20260630,63,0.15061601996421814,0.26781010020617163,inner_temporal_within_outer_train_by_video_80_20,0,True,146175,37041
20260630,64,0.15075816959142685,0.2678971641429308,inner_temporal_within_outer_train_by_video_80_20,0,True,146175,37041
20260630,65,0.15059613270892036,0.26854358929177924,inner_temporal_within_outer_train_by_video_80_20,0,True,146175,37041
20260630,66,0.15061719136105645,0.2682821027830177,inner_temporal_within_outer_train_by_video_80_20,0,True,146175,37041
20260630,67,0.15061414655711916,0.2688648622482883,inner_temporal_within_outer_train_by_video_80_20,0,True,146175,37041
20260630,68,0.1506073714958297,0.2688578625124372,inner_temporal_within_outer_train_by_video_80_20,0,True,146175,37041
20260630,69,0.15063012225760353,0.2682918095839921,inner_temporal_within_outer_train_by_video_80_20,0,True,146175,37041
20260630,70,0.15052219976981482,0.26876318562823953,inner_temporal_within_outer_train_by_video_80_20,0,True,146175,37041
20260630,71,0.15055159644948113,0.26915466506970026,inner_temporal_within_outer_train_by_video_80_20,0,True,146175,37041
20260630,72,0.15048428956005308,0.2683964746728934,inner_temporal_within_outer_train_by_video_80_20,0,True,146175,37041
20260630,73,0.15042251845200857,0.2689743014166503,inner_temporal_within_outer_train_by_video_80_20,0,True,146175,37041
20260630,74,0.15039215981960297,0.26915312356303306,inner_temporal_within_outer_train_by_video_80_20,0,True,146175,37041
20260630,75,0.1504909892876943,0.2689146652013657,inner_temporal_within_outer_train_by_video_80_20,0,True,146175,37041
20260630,76,0.1503417111105389,0.2691233996115704,inner_temporal_within_outer_train_by_video_80_20,0,True,146175,37041
20260630,77,0.15029125577873653,0.26917622798621016,inner_temporal_within_outer_train_by_video_80_20,0,True,146175,37041
20260630,78,0.15031453801525962,0.2689171070579501,inner_temporal_within_outer_train_by_video_80_20,0,True,146175,37041
20260630,79,0.15024650593598685,0.26937250571733945,inner_temporal_within_outer_train_by_video_80_20,0,True,146175,37041
20260630,80,0.15027032792568207,0.26904702894862825,inner_temporal_within_outer_train_by_video_80_20,0,True,146175,37041
20260631,1,0.19398413681321675,0.21008026184639136,inner_temporal_within_outer_train_by_video_80_20,0,True,146175,37041
20260631,2,0.16199415839380688,0.23389055336508743,inner_temporal_within_outer_train_by_video_80_20,0,True,146175,37041
20260631,3,0.15805469618903267,0.24174927091091972,inner_temporal_within_outer_train_by_video_80_20,0,True,146175,37041
20260631,4,0.15662584122684267,0.24723764808427987,inner_temporal_within_outer_train_by_video_80_20,0,True,146175,37041
20260631,5,0.15556804918580586,0.25105699649867935,inner_temporal_within_outer_train_by_video_80_20,0,True,146175,37041
20260631,6,0.1549555386106173,0.2545176644350583,inner_temporal_within_outer_train_by_video_80_20,0,True,146175,37041
20260631,7,0.15435704506105846,0.2567173850796342,inner_temporal_within_outer_train_by_video_80_20,0,True,146175,37041
20260631,8,0.15399203366703457,0.25870433894935757,inner_temporal_within_outer_train_by_video_80_20,0,True,146175,37041
20260631,9,0.1537426859140396,0.2591919340595453,inner_temporal_within_outer_train_by_video_80_20,0,True,146175,37041
20260631,10,0.15348751760191387,0.25948939090512063,inner_temporal_within_outer_train_by_video_80_20,0,True,146175,37041
20260631,11,0.15325319353077146,0.2603483574771701,inner_temporal_within_outer_train_by_video_80_20,0,True,146175,37041
20260631,12,0.1531014773580763,0.2609898553972642,inner_temporal_within_outer_train_by_video_80_20,0,True,146175,37041
20260631,13,0.152946338057518,0.2611320532447928,inner_temporal_within_outer_train_by_video_80_20,0,True,146175,37041
20260631,14,0.1527489788002438,0.2614475706097783,inner_temporal_within_outer_train_by_video_80_20,0,True,146175,37041
20260631,15,0.15259629405207104,0.26282645848245495,inner_temporal_within_outer_train_by_video_80_20,0,True,146175,37041
20260631,16,0.15250810732444128,0.2625966428543058,inner_temporal_within_outer_train_by_video_80_20,0,True,146175,37041
20260631,17,0.15231122738785213,0.26294785789622904,inner_temporal_within_outer_train_by_video_80_20,0,True,146175,37041
20260631,18,0.15228683087560865,0.2634928578178708,inner_temporal_within_outer_train_by_video_80_20,0,True,146175,37041
20260631,19,0.15220875458584893,0.2634293503407831,inner_temporal_within_outer_train_by_video_80_20,0,True,146175,37041
20260631,20,0.1521221242017216,0.26372975977498814,inner_temporal_within_outer_train_by_video_80_20,0,True,146175,37041
20260631,21,0.15200908978780112,0.264541882297108,inner_temporal_within_outer_train_by_video_80_20,0,True,146175,37041
20260631,22,0.15188196880949867,0.26448366669315215,inner_temporal_within_outer_train_by_video_80_20,0,True,146175,37041
20260631,23,0.15190929919481277,0.264910876549438,inner_temporal_within_outer_train_by_video_80_20,0,True,146175,37041
20260631,24,0.15176683250400755,0.2651326234087661,inner_temporal_within_outer_train_by_video_80_20,0,True,146175,37041
20260631,25,0.1517427240808805,0.26540882183744263,inner_temporal_within_outer_train_by_video_80_20,0,True,146175,37041
20260631,26,0.15171549138095644,0.2654309306716539,inner_temporal_within_outer_train_by_video_80_20,0,True,146175,37041
20260631,27,0.1516178473830223,0.26574361895776005,inner_temporal_within_outer_train_by_video_80_20,0,True,146175,37041
20260631,28,0.15160965340005028,0.2653667627985524,inner_temporal_within_outer_train_by_video_80_20,0,True,146175,37041
20260631,29,0.15163711458444595,0.2659162506815377,inner_temporal_within_outer_train_by_video_80_20,0,True,146175,37041
20260631,30,0.15146886060635248,0.26604600667433137,inner_temporal_within_outer_train_by_video_80_20,0,True,146175,37041
20260631,31,0.1514495097928577,0.26614358453912174,inner_temporal_within_outer_train_by_video_80_20,0,True,146175,37041
20260631,32,0.1514397313197454,0.2660680037712453,inner_temporal_within_outer_train_by_video_80_20,0,True,146175,37041
20260631,33,0.15132364051209557,0.26674441878356653,inner_temporal_within_outer_train_by_video_80_20,0,True,146175,37041
20260631,34,0.1513741057780054,0.2660199629802822,inner_temporal_within_outer_train_by_video_80_20,0,True,146175,37041
20260631,35,0.15119937145047718,0.26686540098561096,inner_temporal_within_outer_train_by_video_80_20,0,True,146175,37041
20260631,36,0.15131769991583294,0.26699394544976196,inner_temporal_within_outer_train_by_video_80_20,0,True,146175,37041
20260631,37,0.15127436899476582,0.2669532816788662,inner_temporal_within_outer_train_by_video_80_20,0,True,146175,37041
20260631,38,0.15116587612364027,0.26703549553849887,inner_temporal_within_outer_train_by_video_80_20,0,True,146175,37041
20260631,39,0.1512175194091267,0.2670524542235962,inner_temporal_within_outer_train_by_video_80_20,0,True,146175,37041
20260631,40,0.1511276356048054,0.266832237952405,inner_temporal_within_outer_train_by_video_80_20,0,True,146175,37041
20260631,41,0.1511883545253012,0.26761868572218217,inner_temporal_within_outer_train_by_video_80_20,0,True,146175,37041
20260631,42,0.15107744518253538,0.26687086381106273,inner_temporal_within_outer_train_by_video_80_20,0,True,146175,37041
20260631,43,0.15104290925794178,0.2672114247244344,inner_temporal_within_outer_train_by_video_80_20,0,True,146175,37041
20260631,44,0.15098590734932157,0.26735082883195893,inner_temporal_within_outer_train_by_video_80_20,0,True,146175,37041
20260631,45,0.15091122769647175,0.2674183371182371,inner_temporal_within_outer_train_by_video_80_20,0,True,146175,37041
20260631,46,0.15088961521784464,0.26772090396872733,inner_temporal_within_outer_train_by_video_80_20,0,True,146175,37041
20260631,47,0.1508253746562534,0.2674821093590289,inner_temporal_within_outer_train_by_video_80_20,0,True,146175,37041
20260631,48,0.15081749194198185,0.2682582679343838,inner_temporal_within_outer_train_by_video_80_20,0,True,146175,37041
20260631,49,0.1507238952649964,0.26771521883912075,inner_temporal_within_outer_train_by_video_80_20,0,True,146175,37041
20260631,50,0.15081293798155254,0.2682453436292786,inner_temporal_within_outer_train_by_video_80_20,0,True,146175,37041
20260631,51,0.15070985754330954,0.26780365559447133,inner_temporal_within_outer_train_by_video_80_20,0,True,146175,37041
20260631,52,0.15078407360447776,0.26808688325059615,inner_temporal_within_outer_train_by_video_80_20,0,True,146175,37041
20260631,53,0.15071951266792086,0.26873066440819116,inner_temporal_within_outer_train_by_video_80_20,0,True,146175,37041
20260631,54,0.15060652626885307,0.2682093660389581,inner_temporal_within_outer_train_by_video_80_20,0,True,146175,37041
20260631,55,0.1507474606235822,0.2687565695783034,inner_temporal_within_outer_train_by_video_80_20,0,True,146175,37041
20260631,56,0.15062210543288124,0.26898125734161327,inner_temporal_within_outer_train_by_video_80_20,0,True,146175,37041
20260631,57,0.15063153704007468,0.26821904219974785,inner_temporal_within_outer_train_by_video_80_20,0,True,146175,37041
20260631,58,0.15064831657542122,0.2686071250162022,inner_temporal_within_outer_train_by_video_80_20,0,True,146175,37041
20260631,59,0.15049638433588874,0.2682178544151301,inner_temporal_within_outer_train_by_video_80_20,0,True,146175,37041
20260631,60,0.15050823820961845,0.2691264476042739,inner_temporal_within_outer_train_by_video_80_20,0,True,146175,37041
20260631,61,0.1505283158686426,0.2687855061643755,inner_temporal_within_outer_train_by_video_80_20,0,True,146175,37041
20260631,62,0.1504760848151313,0.2685985076402058,inner_temporal_within_outer_train_by_video_80_20,0,True,146175,37041
20260631,63,0.15046557866864735,0.2688569485941398,inner_temporal_within_outer_train_by_video_80_20,0,True,146175,37041
20260631,64,0.15041659855180317,0.2689103520420323,inner_temporal_within_outer_train_by_video_80_20,0,True,146175,37041
20260631,65,0.15035992943578297,0.26915204619654975,inner_temporal_within_outer_train_by_video_80_20,0,True,146175,37041
20260631,66,0.1502066660258505,0.26896543163268416,inner_temporal_within_outer_train_by_video_80_20,0,True,146175,37041
20260631,67,0.15030818432569504,0.2689382147894282,inner_temporal_within_outer_train_by_video_80_20,0,True,146175,37041
20260631,68,0.1503344608677758,0.2689873003638838,inner_temporal_within_outer_train_by_video_80_20,0,True,146175,37041
20260631,69,0.15037008871634802,0.2690792022549488,inner_temporal_within_outer_train_by_video_80_20,0,True,146175,37041
20260631,70,0.15026614235507119,0.2689574198313492,inner_temporal_within_outer_train_by_video_80_20,0,True,146175,37041
20260631,71,0.1502034432358212,0.2696872479903672,inner_temporal_within_outer_train_by_video_80_20,0,True,146175,37041
20260631,72,0.15028451051976946,0.2688285867681041,inner_temporal_within_outer_train_by_video_80_20,0,True,146175,37041
20260631,73,0.15013314618004692,0.2693778353770735,inner_temporal_within_outer_train_by_video_80_20,0,True,146175,37041
20260631,74,0.1501000871260961,0.2688058262207887,inner_temporal_within_outer_train_by_video_80_20,0,True,146175,37041
20260631,75,0.15007270293103325,0.2692022223222033,inner_temporal_within_outer_train_by_video_80_20,0,True,146175,37041
20260631,76,0.15014682213465372,0.26912939601861474,inner_temporal_within_outer_train_by_video_80_20,0,True,146175,37041
20260631,77,0.1500772163271904,0.26917839576516983,inner_temporal_within_outer_train_by_video_80_20,0,True,146175,37041
20260631,78,0.15019421031077704,0.2688588788057432,inner_temporal_within_outer_train_by_video_80_20,0,True,146175,37041
20260631,79,0.15002812610732186,0.2697269020933153,inner_temporal_within_outer_train_by_video_80_20,0,True,146175,37041
20260631,80,0.1500552056564225,0.26889542737655703,inner_temporal_within_outer_train_by_video_80_20,0,True,146175,37041
20260632,1,0.19476662079493204,0.21740964692444592,inner_temporal_within_outer_train_by_video_80_20,0,True,146175,37041
20260632,2,0.16115667091475594,0.23477838892738465,inner_temporal_within_outer_train_by_video_80_20,0,True,146175,37041
20260632,3,0.15738133009937075,0.24388469076039115,inner_temporal_within_outer_train_by_video_80_20,0,True,146175,37041
20260632,4,0.1560586185918914,0.24824195866332094,inner_temporal_within_outer_train_by_video_80_20,0,True,146175,37041
20260632,5,0.15512948317660225,0.2505753028876527,inner_temporal_within_outer_train_by_video_80_20,0,True,146175,37041
20260632,6,0.15464120275444454,0.25452832055173014,inner_temporal_within_outer_train_by_video_80_20,0,True,146175,37041
20260632,7,0.15424810101588568,0.25579014552257207,inner_temporal_within_outer_train_by_video_80_20,0,True,146175,37041
20260632,8,0.1538934533794721,0.2580728170824369,inner_temporal_within_outer_train_by_video_80_20,0,True,146175,37041
20260632,9,0.15370269782013363,0.25909114842070585,inner_temporal_within_outer_train_by_video_80_20,0,True,146175,37041
20260632,10,0.15348066637913385,0.25951125812796777,inner_temporal_within_outer_train_by_video_80_20,0,True,146175,37041
20260632,11,0.15333410186900032,0.26078137102561005,inner_temporal_within_outer_train_by_video_80_20,0,True,146175,37041
20260632,12,0.15297791361808777,0.2608254075391028,inner_temporal_within_outer_train_by_video_80_20,0,True,146175,37041
20260632,13,0.15295456763770846,0.26110684966162523,inner_temporal_within_outer_train_by_video_80_20,0,True,146175,37041
20260632,14,0.15273919701576233,0.2614167833720261,inner_temporal_within_outer_train_by_video_80_20,0,True,146175,37041
20260632,15,0.15265959087345335,0.2623381321222501,inner_temporal_within_outer_train_by_video_80_20,0,True,146175,37041
20260632,16,0.15244370781713062,0.26189647595582266,inner_temporal_within_outer_train_by_video_80_20,0,True,146175,37041
20260632,17,0.1522264008720716,0.2632532022642641,inner_temporal_within_outer_train_by_video_80_20,0,True,146175,37041
20260632,18,0.15221182670858172,0.2635013651567819,inner_temporal_within_outer_train_by_video_80_20,0,True,146175,37041
20260632,19,0.15217086755567127,0.26372792243132115,inner_temporal_within_outer_train_by_video_80_20,0,True,146175,37041
20260632,20,0.15205565674437416,0.26374207539295946,inner_temporal_within_outer_train_by_video_80_20,0,True,146175,37041
20260632,21,0.1520729371243053,0.2640498266654249,inner_temporal_within_outer_train_by_video_80_20,0,True,146175,37041
20260632,22,0.15199479046795103,0.2638812307388921,inner_temporal_within_outer_train_by_video_80_20,0,True,146175,37041
20260632,23,0.15182102802726957,0.26479012783573797,inner_temporal_within_outer_train_by_video_80_20,0,True,146175,37041
20260632,24,0.1517771151330736,0.2647085882605447,inner_temporal_within_outer_train_by_video_80_20,0,True,146175,37041
20260632,25,0.1517376262280676,0.2644702257660355,inner_temporal_within_outer_train_by_video_80_20,0,True,146175,37041
20260632,26,0.15172297010819116,0.26507002200687807,inner_temporal_within_outer_train_by_video_80_20,0,True,146175,37041
20260632,27,0.1516767351163758,0.26511893831510097,inner_temporal_within_outer_train_by_video_80_20,0,True,146175,37041
20260632,28,0.15149460236231485,0.26535395460984695,inner_temporal_within_outer_train_by_video_80_20,0,True,146175,37041
20260632,29,0.15152156932486427,0.26498096228729523,inner_temporal_within_outer_train_by_video_80_20,0,True,146175,37041
20260632,30,0.1515312840541204,0.2657526171073169,inner_temporal_within_outer_train_by_video_80_20,0,True,146175,37041
20260632,31,0.15140555881791645,0.26532378736893714,inner_temporal_within_outer_train_by_video_80_20,0,True,146175,37041
20260632,32,0.151382800605562,0.26562459684987416,inner_temporal_within_outer_train_by_video_80_20,0,True,146175,37041
20260632,33,0.1514272764325142,0.26555616431103196,inner_temporal_within_outer_train_by_video_80_20,0,True,146175,37041
20260632,34,0.15136677440669802,0.2655862306522199,inner_temporal_within_outer_train_by_video_80_20,0,True,146175,37041
20260632,35,0.15136828107966316,0.2663439430362192,inner_temporal_within_outer_train_by_video_80_20,0,True,146175,37041
20260632,36,0.15123186674382952,0.26597528137135745,inner_temporal_within_outer_train_by_video_80_20,0,True,146175,37041
20260632,37,0.15119765450557074,0.26653519473680126,inner_temporal_within_outer_train_by_video_80_20,0,True,146175,37041
20260632,38,0.15127615878979364,0.26634245312615706,inner_temporal_within_outer_train_by_video_80_20,0,True,146175,37041
20260632,39,0.15117688311470878,0.2661522582239567,inner_temporal_within_outer_train_by_video_80_20,0,True,146175,37041
20260632,40,0.15113381379180485,0.266434174154245,inner_temporal_within_outer_train_by_video_80_20,0,True,146175,37041
20260632,41,0.1512595158484247,0.26692092669132084,inner_temporal_within_outer_train_by_video_80_20,0,True,146175,37041
20260632,42,0.15109185543325213,0.2665720319653297,inner_temporal_within_outer_train_by_video_80_20,0,True,146175,37041
20260632,43,0.15105981048610476,0.2668667133730514,inner_temporal_within_outer_train_by_video_80_20,0,True,146175,37041
20260632,44,0.15105053948031533,0.26690822245226675,inner_temporal_within_outer_train_by_video_80_20,0,True,146175,37041
20260632,45,0.15097117920716605,0.26699883274858555,inner_temporal_within_outer_train_by_video_80_20,0,True,146175,37041
20260632,46,0.15103645043240654,0.26745356599793835,inner_temporal_within_outer_train_by_video_80_20,0,True,146175,37041
20260632,47,0.15102377202775744,0.26729008853710956,inner_temporal_within_outer_train_by_video_80_20,0,True,146175,37041
20260632,48,0.15089495066139433,0.26727537847276117,inner_temporal_within_outer_train_by_video_80_20,0,True,146175,37041
20260632,49,0.1507782687743505,0.26718965857632837,inner_temporal_within_outer_train_by_video_80_20,0,True,146175,37041
20260632,50,0.1508730078736941,0.267484621869885,inner_temporal_within_outer_train_by_video_80_20,0,True,146175,37041
20260632,51,0.15084331731001535,0.26768117273403597,inner_temporal_within_outer_train_by_video_80_20,0,True,146175,37041
20260632,52,0.15086822460095087,0.2677990229003853,inner_temporal_within_outer_train_by_video_80_20,0,True,146175,37041
20260632,53,0.15078208926651213,0.2677116320038031,inner_temporal_within_outer_train_by_video_80_20,0,True,146175,37041
20260632,54,0.15083307441737917,0.2679024323139606,inner_temporal_within_outer_train_by_video_80_20,0,True,146175,37041
20260632,55,0.15069804175032508,0.2675020097126023,inner_temporal_within_outer_train_by_video_80_20,0,True,146175,37041
20260632,56,0.15077491270171273,0.26848475436524033,inner_temporal_within_outer_train_by_video_80_20,0,True,146175,37041
20260632,57,0.15066607213682598,0.2675872672118633,inner_temporal_within_outer_train_by_video_80_20,0,True,146175,37041
20260632,58,0.15067308810022143,0.26884406569016966,inner_temporal_within_outer_train_by_video_80_20,0,True,146175,37041
20260632,59,0.15060796754227745,0.26790332000783373,inner_temporal_within_outer_train_by_video_80_20,0,True,146175,37041
20260632,60,0.1506290626194742,0.26813244439757966,inner_temporal_within_outer_train_by_video_80_20,0,True,146175,37041
20260632,61,0.15063652810123232,0.2685202204441638,inner_temporal_within_outer_train_by_video_80_20,0,True,146175,37041
20260632,62,0.15060621168878344,0.2680868862932866,inner_temporal_within_outer_train_by_video_80_20,0,True,146175,37041
20260632,63,0.15066320697466531,0.26875983071278453,inner_temporal_within_outer_train_by_video_80_20,0,True,146175,37041
20260632,64,0.15055112871858808,0.2684350166315944,inner_temporal_within_outer_train_by_video_80_20,0,True,146175,37041
20260632,65,0.15048174063364664,0.26926980500244146,inner_temporal_within_outer_train_by_video_80_20,0,True,146175,37041
20260632,66,0.15038949499527612,0.26881352090615024,inner_temporal_within_outer_train_by_video_80_20,0,True,146175,37041
20260632,67,0.15040421071979734,0.26940961326250007,inner_temporal_within_outer_train_by_video_80_20,0,True,146175,37041
20260632,68,0.15042160948117575,0.26880544744775264,inner_temporal_within_outer_train_by_video_80_20,0,True,146175,37041
20260632,69,0.1504042868812879,0.2696307071190255,inner_temporal_within_outer_train_by_video_80_20,0,True,146175,37041
20260632,70,0.15049323356813854,0.26905229189031754,inner_temporal_within_outer_train_by_video_80_20,0,True,146175,37041
20260632,71,0.15030986070632935,0.26949799385225964,inner_temporal_within_outer_train_by_video_80_20,0,True,146175,37041
20260632,72,0.15033957279390758,0.2695421347074277,inner_temporal_within_outer_train_by_video_80_20,0,True,146175,37041
20260632,73,0.15038014037741554,0.2691943586751521,inner_temporal_within_outer_train_by_video_80_20,0,True,146175,37041
20260632,74,0.15028218593862322,0.2698291585702244,inner_temporal_within_outer_train_by_video_80_20,0,True,146175,37041
20260632,75,0.1501899403002527,0.26953955095076226,inner_temporal_within_outer_train_by_video_80_20,0,True,146175,37041
20260632,76,0.15032855586873162,0.2694288646446665,inner_temporal_within_outer_train_by_video_80_20,0,True,146175,37041
20260632,77,0.15024560772710377,0.269568003907285,inner_temporal_within_outer_train_by_video_80_20,0,True,146175,37041
20260632,78,0.15017945071061453,0.26957755736419003,inner_temporal_within_outer_train_by_video_80_20,0,True,146175,37041
20260632,79,0.15015247629748452,0.2698327712227962,inner_temporal_within_outer_train_by_video_80_20,0,True,146175,37041
20260632,80,0.1501958825521999,0.26976714626566334,inner_temporal_within_outer_train_by_video_80_20,0,True,146175,37041
20260633,1,0.2165197804570198,0.18070060243992292,inner_temporal_within_outer_train_by_video_80_20,0,True,146175,37041
20260633,2,0.16398153619633782,0.22977962147515255,inner_temporal_within_outer_train_by_video_80_20,0,True,146175,37041
20260633,3,0.15839332011010912,0.23818424611958675,inner_temporal_within_outer_train_by_video_80_20,0,True,146175,37041
20260633,4,0.1572682186961174,0.2432447672174577,inner_temporal_within_outer_train_by_video_80_20,0,True,146175,37041
20260633,5,0.1564038097858429,0.24492814510170988,inner_temporal_within_outer_train_by_video_80_20,0,True,146175,37041
20260633,6,0.1558052326242129,0.24864100497925845,inner_temporal_within_outer_train_by_video_80_20,0,True,146175,37041
20260633,7,0.15516480141215855,0.25098435316004913,inner_temporal_within_outer_train_by_video_80_20,0,True,146175,37041
20260633,8,0.15474359111653435,0.2528770303558076,inner_temporal_within_outer_train_by_video_80_20,0,True,146175,37041
20260633,9,0.1544516161084175,0.2551033158602362,inner_temporal_within_outer_train_by_video_80_20,0,True,146175,37041
20260633,10,0.154244059489833,0.25588563425281424,inner_temporal_within_outer_train_by_video_80_20,0,True,146175,37041
20260633,11,0.1540080284078916,0.25734170986392674,inner_temporal_within_outer_train_by_video_80_20,0,True,146175,37041
20260633,12,0.15381286872757804,0.25768405135556044,inner_temporal_within_outer_train_by_video_80_20,0,True,146175,37041
20260633,13,0.15355610930257374,0.2589478792492417,inner_temporal_within_outer_train_by_video_80_20,0,True,146175,37041
20260633,14,0.15354891121387482,0.2595771064859874,inner_temporal_within_outer_train_by_video_80_20,0,True,146175,37041
20260633,15,0.15325712909301123,0.2598085942288657,inner_temporal_within_outer_train_by_video_80_20,0,True,146175,37041
20260633,16,0.1532797474000189,0.2603846256623232,inner_temporal_within_outer_train_by_video_80_20,0,True,146175,37041
20260633,17,0.153038846121894,0.26107178685944915,inner_temporal_within_outer_train_by_video_80_20,0,True,146175,37041
20260633,18,0.15292933666043812,0.2617502034278161,inner_temporal_within_outer_train_by_video_80_20,0,True,146175,37041
20260633,19,0.15277359469069374,0.2625692277720728,inner_temporal_within_outer_train_by_video_80_20,0,True,146175,37041
20260633,20,0.1527940125928985,0.26257230543280624,inner_temporal_within_outer_train_by_video_80_20,0,True,146175,37041
20260633,21,0.1526843938562605,0.2629039377965004,inner_temporal_within_outer_train_by_video_80_20,0,True,146175,37041
20260633,22,0.15253699405325782,0.26342674881002665,inner_temporal_within_outer_train_by_video_80_20,0,True,146175,37041
20260633,23,0.1525726235575146,0.2634698938364854,inner_temporal_within_outer_train_by_video_80_20,0,True,146175,37041
20260633,24,0.15244118124246597,0.26272392271848555,inner_temporal_within_outer_train_by_video_80_20,0,True,146175,37041
20260633,25,0.15239158107174766,0.26399663483586855,inner_temporal_within_outer_train_by_video_80_20,0,True,146175,37041
20260633,26,0.15230470647414526,0.2637410380387871,inner_temporal_within_outer_train_by_video_80_20,0,True,146175,37041
20260633,27,0.1522383838891983,0.26370071464309075,inner_temporal_within_outer_train_by_video_80_20,0,True,146175,37041
20260633,28,0.15224834614329869,0.26483696291826325,inner_temporal_within_outer_train_by_video_80_20,0,True,146175,37041
20260633,29,0.1520602289173338,0.2642707379458652,inner_temporal_within_outer_train_by_video_80_20,0,True,146175,37041
20260633,30,0.15200007210175195,0.26443347745713763,inner_temporal_within_outer_train_by_video_80_20,0,True,146175,37041
20260633,31,0.1518691811296675,0.26474827024269665,inner_temporal_within_outer_train_by_video_80_20,0,True,146175,37041
20260633,32,0.15183864451116985,0.2647855419292572,inner_temporal_within_outer_train_by_video_80_20,0,True,146175,37041
20260633,33,0.15174863404697841,0.2647964441330951,inner_temporal_within_outer_train_by_video_80_20,0,True,146175,37041
20260633,34,0.15170879744821125,0.26550366358480776,inner_temporal_within_outer_train_by_video_80_20,0,True,146175,37041
20260633,35,0.15177016043000752,0.26550137327255996,inner_temporal_within_outer_train_by_video_80_20,0,True,146175,37041
20260633,36,0.15163966599437925,0.2656873086908641,inner_temporal_within_outer_train_by_video_80_20,0,True,146175,37041
20260633,37,0.15151809321509468,0.2663033555062094,inner_temporal_within_outer_train_by_video_80_20,0,True,146175,37041
20260633,38,0.15142796768082512,0.26600109815046,inner_temporal_within_outer_train_by_video_80_20,0,True,146175,37041
20260633,39,0.15148725940121543,0.2662579333808005,inner_temporal_within_outer_train_by_video_80_20,0,True,146175,37041
20260633,40,0.15142176548639932,0.26633219246652334,inner_temporal_within_outer_train_by_video_80_20,0,True,146175,37041
20260633,41,0.15137832197878096,0.26618373403771267,inner_temporal_within_outer_train_by_video_80_20,0,True,146175,37041
20260633,42,0.15140949272447163,0.26703759820630674,inner_temporal_within_outer_train_by_video_80_20,0,True,146175,37041
20260633,43,0.15124705019924375,0.26667232749724906,inner_temporal_within_outer_train_by_video_80_20,0,True,146175,37041
20260633,44,0.1512605133983824,0.2674546196580343,inner_temporal_within_outer_train_by_video_80_20,0,True,146175,37041
20260633,45,0.15131004403034845,0.26663136588157244,inner_temporal_within_outer_train_by_video_80_20,0,True,146175,37041
20260633,46,0.15118724273310769,0.2673642921083759,inner_temporal_within_outer_train_by_video_80_20,0,True,146175,37041
20260633,47,0.15113737930854163,0.2667687234595626,inner_temporal_within_outer_train_by_video_80_20,0,True,146175,37041
20260633,48,0.15108794305059645,0.26778504703822537,inner_temporal_within_outer_train_by_video_80_20,0,True,146175,37041
20260633,49,0.1510727604230245,0.267146285948358,inner_temporal_within_outer_train_by_video_80_20,0,True,146175,37041
20260633,50,0.1510854024026129,0.2673011688939565,inner_temporal_within_outer_train_by_video_80_20,0,True,146175,37041
20260633,51,0.15099699215756524,0.2675160626006762,inner_temporal_within_outer_train_by_video_80_20,0,True,146175,37041
20260633,52,0.15095255027214685,0.2674218462623061,inner_temporal_within_outer_train_by_video_80_20,0,True,146175,37041
20260633,53,0.1509369123313162,0.26766624805683215,inner_temporal_within_outer_train_by_video_80_20,0,True,146175,37041
20260633,54,0.15089104572931925,0.26717975448350706,inner_temporal_within_outer_train_by_video_80_20,0,True,146175,37041
20260633,55,0.1509540875752767,0.26764190535670834,inner_temporal_within_outer_train_by_video_80_20,0,True,146175,37041
20260633,56,0.15077070146799088,0.2676104708691872,inner_temporal_within_outer_train_by_video_80_20,0,True,146175,37041
20260633,57,0.15084843503104317,0.26727231051836076,inner_temporal_within_outer_train_by_video_80_20,0,True,146175,37041
20260633,58,0.15090938988659117,0.26767940341075425,inner_temporal_within_outer_train_by_video_80_20,0,True,146175,37041
20260633,59,0.15068269438213772,0.26774678277355707,inner_temporal_within_outer_train_by_video_80_20,0,True,146175,37041
20260633,60,0.15075784673293433,0.26752082081076195,inner_temporal_within_outer_train_by_video_80_20,0,True,146175,37041
20260634,1,0.21380866567293802,0.23863275428039188,inner_temporal_within_outer_train_by_video_80_20,0,True,146175,37041
20260634,2,0.16365217665831247,0.23477318083744633,inner_temporal_within_outer_train_by_video_80_20,0,True,146175,37041
20260634,3,0.1581682422094875,0.2445896279056667,inner_temporal_within_outer_train_by_video_80_20,0,True,146175,37041
20260634,4,0.15673444088962343,0.25055758010005524,inner_temporal_within_outer_train_by_video_80_20,0,True,146175,37041
20260634,5,0.15620513177580303,0.25209093017416206,inner_temporal_within_outer_train_by_video_80_20,0,True,146175,37041
20260634,6,0.15568160514036813,0.25417590728045736,inner_temporal_within_outer_train_by_video_80_20,0,True,146175,37041
20260634,7,0.1551867574453354,0.2567495020474265,inner_temporal_within_outer_train_by_video_80_20,0,True,146175,37041
20260634,8,0.1547557380464342,0.25828649663197406,inner_temporal_within_outer_train_by_video_80_20,0,True,146175,37041
20260634,9,0.15448375874095494,0.25857657641209475,inner_temporal_within_outer_train_by_video_80_20,0,True,146175,37041
20260634,10,0.15434522016180885,0.25969519342277136,inner_temporal_within_outer_train_by_video_80_20,0,True,146175,37041
20260634,11,0.1541222118669086,0.26042640052539695,inner_temporal_within_outer_train_by_video_80_20,0,True,146175,37041
20260634,12,0.153895636399587,0.2609300410452866,inner_temporal_within_outer_train_by_video_80_20,0,True,146175,37041
20260634,13,0.15373293475972283,0.260692137976291,inner_temporal_within_outer_train_by_video_80_20,0,True,146175,37041
20260634,14,0.15357203864388996,0.2616383875069652,inner_temporal_within_outer_train_by_video_80_20,0,True,146175,37041
20260634,15,0.15353307790226406,0.2618014226081007,inner_temporal_within_outer_train_by_video_80_20,0,True,146175,37041
20260634,16,0.15316146115461984,0.2623812450562824,inner_temporal_within_outer_train_by_video_80_20,0,True,146175,37041
20260634,17,0.15323186582989162,0.2618168753656287,inner_temporal_within_outer_train_by_video_80_20,0,True,146175,37041
20260634,18,0.15302945756249958,0.26267631842422307,inner_temporal_within_outer_train_by_video_80_20,0,True,146175,37041
20260634,19,0.15284545554055107,0.26273284061140484,inner_temporal_within_outer_train_by_video_80_20,0,True,146175,37041
20260634,20,0.1526639759540558,0.2630949577169361,inner_temporal_within_outer_train_by_video_80_20,0,True,146175,37041
20260634,21,0.15268885840972266,0.2636910377735293,inner_temporal_within_outer_train_by_video_80_20,0,True,146175,37041
20260634,22,0.1525563324491183,0.26363901517138094,inner_temporal_within_outer_train_by_video_80_20,0,True,146175,37041
20260634,23,0.15249923947784635,0.2634701427581152,inner_temporal_within_outer_train_by_video_80_20,0,True,146175,37041
20260634,24,0.15234293705887264,0.2639464283792201,inner_temporal_within_outer_train_by_video_80_20,0,True,146175,37041
20260634,25,0.15234187079800499,0.26444726872375934,inner_temporal_within_outer_train_by_video_80_20,0,True,146175,37041
20260634,26,0.15215453753868738,0.26443433408059036,inner_temporal_within_outer_train_by_video_80_20,0,True,146175,37041
20260634,27,0.15212835785415438,0.26449875649304877,inner_temporal_within_outer_train_by_video_80_20,0,True,146175,37041
20260634,28,0.1521466862824228,0.26516736146380193,inner_temporal_within_outer_train_by_video_80_20,0,True,146175,37041
20260634,29,0.1520309497912725,0.2650259823536872,inner_temporal_within_outer_train_by_video_80_20,0,True,146175,37041
20260634,30,0.15197753575113085,0.26552048635484926,inner_temporal_within_outer_train_by_video_80_20,0,True,146175,37041
20260634,31,0.15194249235921437,0.2652192568658693,inner_temporal_within_outer_train_by_video_80_20,0,True,146175,37041
20260634,32,0.1518329373664326,0.265815130217424,inner_temporal_within_outer_train_by_video_80_20,0,True,146175,37041
20260634,33,0.15191621830066046,0.2659498107264375,inner_temporal_within_outer_train_by_video_80_20,0,True,146175,37041
20260634,34,0.15174289958344567,0.2662616322622571,inner_temporal_within_outer_train_by_video_80_20,0,True,146175,37041
20260634,35,0.15165404395924675,0.26620297373659657,inner_temporal_within_outer_train_by_video_80_20,0,True,146175,37041
20260634,36,0.1516184682647387,0.26632852030771076,inner_temporal_within_outer_train_by_video_80_20,0,True,146175,37041
20260634,37,0.15163641422986984,0.2669812937083485,inner_temporal_within_outer_train_by_video_80_20,0,True,146175,37041
20260634,38,0.15155502988232505,0.26667362374690656,inner_temporal_within_outer_train_by_video_80_20,0,True,146175,37041
20260634,39,0.15161716524097654,0.2669496455072348,inner_temporal_within_outer_train_by_video_80_20,0,True,146175,37041
20260634,40,0.15148073352045482,0.26644528417255314,inner_temporal_within_outer_train_by_video_80_20,0,True,146175,37041
20260634,41,0.1515339414278666,0.2671189576501189,inner_temporal_within_outer_train_by_video_80_20,0,True,146175,37041
20260634,42,0.15143954671091503,0.267498941998465,inner_temporal_within_outer_train_by_video_80_20,0,True,146175,37041
20260634,43,0.15150473597976896,0.267469711243056,inner_temporal_within_outer_train_by_video_80_20,0,True,146175,37041
20260634,44,0.15131091243690914,0.2675394573939812,inner_temporal_within_outer_train_by_video_80_20,0,True,146175,37041
20260634,45,0.15129614952537748,0.2671696592362216,inner_temporal_within_outer_train_by_video_80_20,0,True,146175,37041
20260634,46,0.15135232359170914,0.2676064559426317,inner_temporal_within_outer_train_by_video_80_20,0,True,146175,37041
20260634,47,0.1512447636988428,0.2676054688551769,inner_temporal_within_outer_train_by_video_80_20,0,True,146175,37041
20260634,48,0.15123520957099068,0.2679021315104146,inner_temporal_within_outer_train_by_video_80_20,0,True,146175,37041
20260634,49,0.15119846330748665,0.2679054290356553,inner_temporal_within_outer_train_by_video_80_20,0,True,146175,37041
20260634,50,0.1512218506799804,0.2679145403482395,inner_temporal_within_outer_train_by_video_80_20,0,True,146175,37041
20260634,51,0.1510760693086518,0.26806804496205827,inner_temporal_within_outer_train_by_video_80_20,0,True,146175,37041
20260634,52,0.15108697530296114,0.26759733080747816,inner_temporal_within_outer_train_by_video_80_20,0,True,146175,37041
20260634,53,0.1511295802063412,0.2681976424583422,inner_temporal_within_outer_train_by_video_80_20,0,True,146175,37041
20260634,54,0.15109561797645357,0.2684440063209622,inner_temporal_within_outer_train_by_video_80_20,0,True,146175,37041
20260634,55,0.15098153634203804,0.26872425706200875,inner_temporal_within_outer_train_by_video_80_20,0,True,146175,37041
20260634,56,0.15107067757182652,0.2681320618703722,inner_temporal_within_outer_train_by_video_80_20,0,True,146175,37041
20260634,57,0.15092545416620043,0.26924993657317847,inner_temporal_within_outer_train_by_video_80_20,0,True,146175,37041
20260634,58,0.1509959159625901,0.2684788249638639,inner_temporal_within_outer_train_by_video_80_20,0,True,146175,37041
20260634,59,0.15088504387272728,0.2686579705246478,inner_temporal_within_outer_train_by_video_80_20,0,True,146175,37041
20260634,60,0.15093320939275953,0.26890117194051505,inner_temporal_within_outer_train_by_video_80_20,0,True,146175,37041
20260634,61,0.150841333799892,0.2688169161234279,inner_temporal_within_outer_train_by_video_80_20,0,True,146175,37041
20260634,62,0.15081975940201017,0.26895483987182245,inner_temporal_within_outer_train_by_video_80_20,0,True,146175,37041
20260634,63,0.150792110297415,0.2685344837832094,inner_temporal_within_outer_train_by_video_80_20,0,True,146175,37041
20260634,64,0.15081610282262167,0.26922407024996264,inner_temporal_within_outer_train_by_video_80_20,0,True,146175,37041
20260634,65,0.15082368751366934,0.26881960678280814,inner_temporal_within_outer_train_by_video_80_20,0,True,146175,37041
20260634,66,0.15080400142404768,0.26931558546201706,inner_temporal_within_outer_train_by_video_80_20,0,True,146175,37041
20260634,67,0.15072648723920187,0.2690176407554505,inner_temporal_within_outer_train_by_video_80_20,0,True,146175,37041
20260634,68,0.15071523520681593,0.26911505334690544,inner_temporal_within_outer_train_by_video_80_20,0,True,146175,37041
20260634,69,0.15073344111442566,0.2691691248320574,inner_temporal_within_outer_train_by_video_80_20,0,True,146175,37041
20260634,70,0.1506809542576472,0.2689485339448655,inner_temporal_within_outer_train_by_video_80_20,0,True,146175,37041
20260634,71,0.15067202349503836,0.2693501828956703,inner_temporal_within_outer_train_by_video_80_20,0,True,146175,37041
20260634,72,0.15064257631699243,0.26964302270340607,inner_temporal_within_outer_train_by_video_80_20,0,True,146175,37041
20260634,73,0.15053801321321064,0.26965248714851453,inner_temporal_within_outer_train_by_video_80_20,0,True,146175,37041
20260634,74,0.15056605057583916,0.26957611579848567,inner_temporal_within_outer_train_by_video_80_20,0,True,146175,37041
20260634,75,0.15063736091057459,0.26996080022937374,inner_temporal_within_outer_train_by_video_80_20,0,True,146175,37041
20260634,76,0.15051315393712786,0.2701153444694327,inner_temporal_within_outer_train_by_video_80_20,0,True,146175,37041
20260634,77,0.15045861485931608,0.2690987899692749,inner_temporal_within_outer_train_by_video_80_20,0,True,146175,37041
20260634,78,0.15050620585680008,0.2701522050412069,inner_temporal_within_outer_train_by_video_80_20,0,True,146175,37041
20260634,79,0.1503697997993893,0.27005482707188755,inner_temporal_within_outer_train_by_video_80_20,0,True,146175,37041
20260634,80,0.15044044372108248,0.2707306672979537,inner_temporal_within_outer_train_by_video_80_20,0,True,146175,37041
20260625,1,0.22464238438341352,0.1749480870351814,inner_temporal_within_outer_train_by_video_80_20,0,True,146183,37044
20260625,2,0.16512815571493572,0.24539627473452333,inner_temporal_within_outer_train_by_video_80_20,0,True,146183,37044
20260625,3,0.15877334359619352,0.24792318457748658,inner_temporal_within_outer_train_by_video_80_20,0,True,146183,37044
20260625,4,0.157397936615679,0.25260307644457913,inner_temporal_within_outer_train_by_video_80_20,0,True,146183,37044
20260625,5,0.15668052352137035,0.25591588791804054,inner_temporal_within_outer_train_by_video_80_20,0,True,146183,37044
20260625,6,0.1559629903899299,0.25919652041820856,inner_temporal_within_outer_train_by_video_80_20,0,True,146183,37044
20260625,7,0.15552365283171335,0.2608735135578203,inner_temporal_within_outer_train_by_video_80_20,0,True,146183,37044
20260625,8,0.15522600793176228,0.2624788407639867,inner_temporal_within_outer_train_by_video_80_20,0,True,146183,37044
20260625,9,0.15487533642186058,0.2643871907747919,inner_temporal_within_outer_train_by_video_80_20,0,True,146183,37044
20260625,10,0.15465310133165783,0.26604193075032384,inner_temporal_within_outer_train_by_video_80_20,0,True,146183,37044
20260625,11,0.15426857769489288,0.2664982486695903,inner_temporal_within_outer_train_by_video_80_20,0,True,146183,37044
20260625,12,0.15411025285720825,0.2674456998789089,inner_temporal_within_outer_train_by_video_80_20,0,True,146183,37044
20260625,13,0.15399095829990175,0.2678105055219697,inner_temporal_within_outer_train_by_video_80_20,0,True,146183,37044
20260625,14,0.15379665709204143,0.2688478068144386,inner_temporal_within_outer_train_by_video_80_20,0,True,146183,37044
20260625,15,0.15378215660651526,0.2688752335659116,inner_temporal_within_outer_train_by_video_80_20,0,True,146183,37044
20260625,16,0.15363271948364046,0.269640460948621,inner_temporal_within_outer_train_by_video_80_20,0,True,146183,37044
20260625,17,0.15348416566848755,0.269974611187578,inner_temporal_within_outer_train_by_video_80_20,0,True,146183,37044
20260625,18,0.15335537824365827,0.27044212588865824,inner_temporal_within_outer_train_by_video_80_20,0,True,146183,37044
20260625,19,0.15327413380146027,0.27057603439191374,inner_temporal_within_outer_train_by_video_80_20,0,True,146183,37044
20260625,20,0.1531817623310619,0.2710973162416269,inner_temporal_within_outer_train_by_video_80_20,0,True,146183,37044
20260625,21,0.1531083087126414,0.2710544158969599,inner_temporal_within_outer_train_by_video_80_20,0,True,146183,37044
20260625,22,0.15291936778359944,0.27169802912868823,inner_temporal_within_outer_train_by_video_80_20,0,True,146183,37044
20260625,23,0.1528895464208391,0.27170093895147984,inner_temporal_within_outer_train_by_video_80_20,0,True,146183,37044
20260625,24,0.15289746556017134,0.27192575293100846,inner_temporal_within_outer_train_by_video_80_20,0,True,146183,37044
20260625,25,0.15275163451830545,0.2726108626897926,inner_temporal_within_outer_train_by_video_80_20,0,True,146183,37044
20260625,26,0.1526822472612063,0.2732191315574776,inner_temporal_within_outer_train_by_video_80_20,0,True,146183,37044
20260625,27,0.15271148168378407,0.2732428833709725,inner_temporal_within_outer_train_by_video_80_20,0,True,146183,37044
20260625,28,0.15258884926637015,0.27306723069354016,inner_temporal_within_outer_train_by_video_80_20,0,True,146183,37044
20260625,29,0.15245566931035784,0.27352754468517254,inner_temporal_within_outer_train_by_video_80_20,0,True,146183,37044
20260625,30,0.15253552794456482,0.27358636075514964,inner_temporal_within_outer_train_by_video_80_20,0,True,146183,37044
20260625,31,0.1524783182475302,0.2738956745362662,inner_temporal_within_outer_train_by_video_80_20,0,True,146183,37044
20260625,32,0.15244538833697638,0.27398990235527404,inner_temporal_within_outer_train_by_video_80_20,0,True,146183,37044
20260625,33,0.15231126877996656,0.2737879242036785,inner_temporal_within_outer_train_by_video_80_20,0,True,146183,37044
20260625,34,0.15221691711081398,0.2741872802427558,inner_temporal_within_outer_train_by_video_80_20,0,True,146183,37044
20260625,35,0.15217249592145285,0.2740221321914507,inner_temporal_within_outer_train_by_video_80_20,0,True,146183,37044
20260625,36,0.15212750517659718,0.2746484975687872,inner_temporal_within_outer_train_by_video_80_20,0,True,146183,37044
20260625,37,0.15204253296057382,0.2747129919133766,inner_temporal_within_outer_train_by_video_80_20,0,True,146183,37044
20260625,38,0.15198553850253424,0.27497957314084676,inner_temporal_within_outer_train_by_video_80_20,0,True,146183,37044
20260625,39,0.15212127483553356,0.2750032519834383,inner_temporal_within_outer_train_by_video_80_20,0,True,146183,37044
20260625,40,0.15207149419519636,0.27450324009672844,inner_temporal_within_outer_train_by_video_80_20,0,True,146183,37044
20260625,41,0.1520545424686538,0.27527146917492207,inner_temporal_within_outer_train_by_video_80_20,0,True,146183,37044
20260625,42,0.15190767496824265,0.27575459250588835,inner_temporal_within_outer_train_by_video_80_20,0,True,146183,37044
20260625,43,0.15190605074167252,0.27443205544388444,inner_temporal_within_outer_train_by_video_80_20,0,True,146183,37044
20260625,44,0.15189303871658114,0.2757718787498911,inner_temporal_within_outer_train_by_video_80_20,0,True,146183,37044
20260625,45,0.1518252260155148,0.2749048419047848,inner_temporal_within_outer_train_by_video_80_20,0,True,146183,37044
20260625,46,0.1518090698454115,0.2753890123684669,inner_temporal_within_outer_train_by_video_80_20,0,True,146183,37044
20260625,47,0.151828124291367,0.2756345492944716,inner_temporal_within_outer_train_by_video_80_20,0,True,146183,37044
20260625,48,0.1517130724257893,0.2754532258168164,inner_temporal_within_outer_train_by_video_80_20,0,True,146183,37044
20260625,49,0.15178970330291325,0.27548941171373004,inner_temporal_within_outer_train_by_video_80_20,0,True,146183,37044
20260625,50,0.15168440507517922,0.27559216357280697,inner_temporal_within_outer_train_by_video_80_20,0,True,146183,37044
20260625,51,0.15158355318837696,0.2757336476229183,inner_temporal_within_outer_train_by_video_80_20,0,True,146183,37044
20260625,52,0.15155620955758625,0.2757731612301948,inner_temporal_within_outer_train_by_video_80_20,0,True,146183,37044
20260625,53,0.15147090040975147,0.27641548124962934,inner_temporal_within_outer_train_by_video_80_20,0,True,146183,37044
20260625,54,0.15156365351544487,0.2756040640301547,inner_temporal_within_outer_train_by_video_80_20,0,True,146183,37044
20260625,55,0.15152974592314827,0.27620656698134854,inner_temporal_within_outer_train_by_video_80_20,0,True,146183,37044
20260625,56,0.1515012284119924,0.2762669943668655,inner_temporal_within_outer_train_by_video_80_20,0,True,146183,37044
20260625,57,0.15150797201527488,0.27588627705612534,inner_temporal_within_outer_train_by_video_80_20,0,True,146183,37044
20260625,58,0.1514360863301489,0.27642756226869847,inner_temporal_within_outer_train_by_video_80_20,0,True,146183,37044
20260625,59,0.15133901354339388,0.27664522606684,inner_temporal_within_outer_train_by_video_80_20,0,True,146183,37044
20260625,60,0.15143637938631904,0.2761707349518177,inner_temporal_within_outer_train_by_video_80_20,0,True,146183,37044
20260625,61,0.1513875217901336,0.2766325227108817,inner_temporal_within_outer_train_by_video_80_20,0,True,146183,37044
20260625,62,0.15134271648195055,0.27668961111849055,inner_temporal_within_outer_train_by_video_80_20,0,True,146183,37044
20260625,63,0.15134512384732565,0.277133251931448,inner_temporal_within_outer_train_by_video_80_20,0,True,146183,37044
20260625,64,0.15131882909271452,0.276291197932926,inner_temporal_within_outer_train_by_video_80_20,0,True,146183,37044
20260625,65,0.15112995356321335,0.27731602666024135,inner_temporal_within_outer_train_by_video_80_20,0,True,146183,37044
20260625,66,0.15130657537115944,0.27701172098829074,inner_temporal_within_outer_train_by_video_80_20,0,True,146183,37044
20260625,67,0.15120840072631836,0.276601620896985,inner_temporal_within_outer_train_by_video_80_20,0,True,146183,37044
20260625,68,0.15113502161370385,0.27729029857530785,inner_temporal_within_outer_train_by_video_80_20,0,True,146183,37044
20260625,69,0.1512066332830323,0.2772221860543846,inner_temporal_within_outer_train_by_video_80_20,0,True,146183,37044
20260625,70,0.15126310951179928,0.2770047244294699,inner_temporal_within_outer_train_by_video_80_20,0,True,146183,37044
20260625,71,0.15103958464331096,0.27739392050477146,inner_temporal_within_outer_train_by_video_80_20,0,True,146183,37044
20260625,72,0.15112611982557508,0.2774364322774435,inner_temporal_within_outer_train_by_video_80_20,0,True,146183,37044
20260625,73,0.15112703210777706,0.2769233214744509,inner_temporal_within_outer_train_by_video_80_20,0,True,146183,37044
20260625,74,0.15108450833294126,0.2777766199936388,inner_temporal_within_outer_train_by_video_80_20,0,True,146183,37044
20260625,75,0.1511172362499767,0.27700062825043253,inner_temporal_within_outer_train_by_video_80_20,0,True,146183,37044
20260625,76,0.15100808772775862,0.27734195922769544,inner_temporal_within_outer_train_by_video_80_20,0,True,146183,37044
20260625,77,0.15100707527663973,0.2780080872534095,inner_temporal_within_outer_train_by_video_80_20,0,True,146183,37044
20260625,78,0.15092788885037103,0.2778397221163409,inner_temporal_within_outer_train_by_video_80_20,0,True,146183,37044
20260625,79,0.15085382925139534,0.2781527053650966,inner_temporal_within_outer_train_by_video_80_20,0,True,146183,37044
20260625,80,0.15089596228467095,0.27786622955652884,inner_temporal_within_outer_train_by_video_80_20,0,True,146183,37044
20260626,1,0.195131477382448,0.2039781698919302,inner_temporal_within_outer_train_by_video_80_20,0,True,146183,37044
20260626,2,0.16202929781542885,0.24985143621495248,inner_temporal_within_outer_train_by_video_80_20,0,True,146183,37044
20260626,3,0.15753393123547235,0.24987954469764015,inner_temporal_within_outer_train_by_video_80_20,0,True,146183,37044
20260626,4,0.15607110245360267,0.2522284464727288,inner_temporal_within_outer_train_by_video_80_20,0,True,146183,37044
20260626,5,0.15539193484518263,0.2557950002188274,inner_temporal_within_outer_train_by_video_80_20,0,True,146183,37044
20260626,6,0.15488678299718434,0.2577404872822674,inner_temporal_within_outer_train_by_video_80_20,0,True,146183,37044
20260626,7,0.15455478843715456,0.26064122066385514,inner_temporal_within_outer_train_by_video_80_20,0,True,146183,37044
20260626,8,0.15421053932772744,0.2617304504678349,inner_temporal_within_outer_train_by_video_80_20,0,True,146183,37044
20260626,9,0.15395633462402555,0.26409756591065275,inner_temporal_within_outer_train_by_video_80_20,0,True,146183,37044
20260626,10,0.15380950851572883,0.2650497586092011,inner_temporal_within_outer_train_by_video_80_20,0,True,146183,37044
20260626,11,0.15372747431198755,0.26567101156899825,inner_temporal_within_outer_train_by_video_80_20,0,True,146183,37044
20260626,12,0.15344379759497112,0.2665132942857287,inner_temporal_within_outer_train_by_video_80_20,0,True,146183,37044
20260626,13,0.1534075422419442,0.2679459093335136,inner_temporal_within_outer_train_by_video_80_20,0,True,146183,37044
20260626,14,0.1531401053071022,0.26863808141342754,inner_temporal_within_outer_train_by_video_80_20,0,True,146183,37044
20260626,15,0.15310113463136885,0.2693857814329781,inner_temporal_within_outer_train_by_video_80_20,0,True,146183,37044
20260626,16,0.1529213943415218,0.26996537733174697,inner_temporal_within_outer_train_by_video_80_20,0,True,146183,37044
20260626,17,0.15282647477255928,0.2702679047718067,inner_temporal_within_outer_train_by_video_80_20,0,True,146183,37044
20260626,18,0.15285266273551518,0.270454021694221,inner_temporal_within_outer_train_by_video_80_20,0,True,146183,37044
20260626,19,0.15267735802465016,0.2715907462411291,inner_temporal_within_outer_train_by_video_80_20,0,True,146183,37044
20260626,20,0.15260849479171965,0.27128558891795124,inner_temporal_within_outer_train_by_video_80_20,0,True,146183,37044
20260626,21,0.15250698808166716,0.272624074872318,inner_temporal_within_outer_train_by_video_80_20,0,True,146183,37044
20260626,22,0.15248430437511867,0.27180847455670676,inner_temporal_within_outer_train_by_video_80_20,0,True,146183,37044
20260626,23,0.15237715674771202,0.27238453274374164,inner_temporal_within_outer_train_by_video_80_20,0,True,146183,37044
20260626,24,0.15236064791679382,0.27380886152698597,inner_temporal_within_outer_train_by_video_80_20,0,True,146183,37044
20260626,25,0.15238043665885925,0.27339295266417046,inner_temporal_within_outer_train_by_video_80_20,0,True,146183,37044
20260626,26,0.15223729610443115,0.2732475282494252,inner_temporal_within_outer_train_by_video_80_20,0,True,146183,37044
20260626,27,0.15216748995913398,0.2733360161671287,inner_temporal_within_outer_train_by_video_80_20,0,True,146183,37044
20260626,28,0.15205505904224184,0.27409412248905796,inner_temporal_within_outer_train_by_video_80_20,0,True,146183,37044
20260626,29,0.1520431844724549,0.27404211733600103,inner_temporal_within_outer_train_by_video_80_20,0,True,146183,37044
20260626,30,0.15199290878242916,0.27463513008404083,inner_temporal_within_outer_train_by_video_80_20,0,True,146183,37044
20260626,31,0.1519764479663637,0.2749009785380999,inner_temporal_within_outer_train_by_video_80_20,0,True,146183,37044
20260626,32,0.15187034259239832,0.2746083185228252,inner_temporal_within_outer_train_by_video_80_20,0,True,146183,37044
20260626,33,0.15188144230180317,0.2750350947490441,inner_temporal_within_outer_train_by_video_80_20,0,True,146183,37044
20260626,34,0.1517340118686358,0.2750084079655049,inner_temporal_within_outer_train_by_video_80_20,0,True,146183,37044
20260626,35,0.15175242639250225,0.2755353127025325,inner_temporal_within_outer_train_by_video_80_20,0,True,146183,37044
20260626,36,0.15166087365812725,0.2756819163456992,inner_temporal_within_outer_train_by_video_80_20,0,True,146183,37044
20260626,37,0.1515365077389611,0.2755229522086503,inner_temporal_within_outer_train_by_video_80_20,0,True,146183,37044
20260626,38,0.1516411080956459,0.27563999693139574,inner_temporal_within_outer_train_by_video_80_20,0,True,146183,37044
20260626,39,0.15159744520982107,0.2761270045051914,inner_temporal_within_outer_train_by_video_80_20,0,True,146183,37044
20260626,40,0.1516200171576606,0.2760941206827042,inner_temporal_within_outer_train_by_video_80_20,0,True,146183,37044
20260626,41,0.15156234221325982,0.2761402565369938,inner_temporal_within_outer_train_by_video_80_20,0,True,146183,37044
20260626,42,0.15150931063625547,0.27642531168389856,inner_temporal_within_outer_train_by_video_80_20,0,True,146183,37044
20260626,43,0.15153701023923027,0.27664021626666196,inner_temporal_within_outer_train_by_video_80_20,0,True,146183,37044
20260626,44,0.1514027499490314,0.27649283880171194,inner_temporal_within_outer_train_by_video_80_20,0,True,146183,37044
20260626,45,0.1514746215608385,0.2764964912016757,inner_temporal_within_outer_train_by_video_80_20,0,True,146183,37044
20260626,46,0.15131178829405043,0.27718289562794135,inner_temporal_within_outer_train_by_video_80_20,0,True,146183,37044
20260626,47,0.1512607667181227,0.27695569131224185,inner_temporal_within_outer_train_by_video_80_20,0,True,146183,37044
20260626,48,0.1512975287106302,0.27732266022175683,inner_temporal_within_outer_train_by_video_80_20,0,True,146183,37044
20260626,49,0.15116226176420847,0.2771004425034144,inner_temporal_within_outer_train_by_video_80_20,0,True,146183,37044
20260626,50,0.1513646791378657,0.2773451182834637,inner_temporal_within_outer_train_by_video_80_20,0,True,146183,37044
20260626,51,0.1512163347668118,0.27699776461648784,inner_temporal_within_outer_train_by_video_80_20,0,True,146183,37044
20260626,52,0.15124652865860197,0.27736109922635377,inner_temporal_within_outer_train_by_video_80_20,0,True,146183,37044
20260626,53,0.15114325284957886,0.27785617434106075,inner_temporal_within_outer_train_by_video_80_20,0,True,146183,37044
20260626,54,0.15114486548635694,0.27755815352946306,inner_temporal_within_outer_train_by_video_80_20,0,True,146183,37044
20260626,55,0.15104016661643982,0.27770740788232157,inner_temporal_within_outer_train_by_video_80_20,0,True,146183,37044
20260626,56,0.15098858541912502,0.278324583791131,inner_temporal_within_outer_train_by_video_80_20,0,True,146183,37044
20260626,57,0.15104086614317364,0.27792957412652675,inner_temporal_within_outer_train_by_video_80_20,0,True,146183,37044
20260626,58,0.15101354320844015,0.27822031623621113,inner_temporal_within_outer_train_by_video_80_20,0,True,146183,37044
20260626,59,0.15093036741018295,0.277956740103748,inner_temporal_within_outer_train_by_video_80_20,0,True,146183,37044
20260626,60,0.15093261582983863,0.27859952641064833,inner_temporal_within_outer_train_by_video_80_20,0,True,146183,37044
20260626,61,0.15095952732695472,0.2777268513982109,inner_temporal_within_outer_train_by_video_80_20,0,True,146183,37044
20260626,62,0.1509585893816418,0.2791502240787163,inner_temporal_within_outer_train_by_video_80_20,0,True,146183,37044
20260626,63,0.1509082093834877,0.27796349439693163,inner_temporal_within_outer_train_by_video_80_20,0,True,146183,37044
20260626,64,0.15081430392132866,0.2789132541447208,inner_temporal_within_outer_train_by_video_80_20,0,True,146183,37044
20260626,65,0.15072836644119686,0.27857036254138623,inner_temporal_within_outer_train_by_video_80_20,0,True,146183,37044
20260626,66,0.150891759329372,0.2787016669709825,inner_temporal_within_outer_train_by_video_80_20,0,True,146183,37044
20260626,67,0.15075666622983086,0.278321855001563,inner_temporal_within_outer_train_by_video_80_20,0,True,146183,37044
20260626,68,0.1506522869070371,0.2792288898214016,inner_temporal_within_outer_train_by_video_80_20,0,True,146183,37044
20260626,69,0.15070506599214342,0.2786067892842131,inner_temporal_within_outer_train_by_video_80_20,0,True,146183,37044
20260626,70,0.15062939623991647,0.2784161357400673,inner_temporal_within_outer_train_by_video_80_20,0,True,146183,37044
20260626,71,0.15062691768010458,0.27918465628871436,inner_temporal_within_outer_train_by_video_80_20,0,True,146183,37044
20260626,72,0.15063377800914976,0.2790608416469774,inner_temporal_within_outer_train_by_video_80_20,0,True,146183,37044
20260626,73,0.1505857581893603,0.2791928807890069,inner_temporal_within_outer_train_by_video_80_20,0,True,146183,37044
20260626,74,0.1506430216961437,0.2793828260837709,inner_temporal_within_outer_train_by_video_80_20,0,True,146183,37044
20260626,75,0.15060644348462424,0.27892029612304886,inner_temporal_within_outer_train_by_video_80_20,0,True,146183,37044
20260626,76,0.1505611158079571,0.2787998315326746,inner_temporal_within_outer_train_by_video_80_20,0,True,146183,37044
20260626,77,0.15061481710937288,0.2790231674249402,inner_temporal_within_outer_train_by_video_80_20,0,True,146183,37044
20260626,78,0.15048728966050678,0.2789865841174213,inner_temporal_within_outer_train_by_video_80_20,0,True,146183,37044
20260626,79,0.15054590668943194,0.27879829940510104,inner_temporal_within_outer_train_by_video_80_20,0,True,146183,37044
20260626,80,0.15050209975904888,0.2788777201777223,inner_temporal_within_outer_train_by_video_80_20,0,True,146183,37044
20260627,1,0.2021034417880906,0.23307450696703041,inner_temporal_within_outer_train_by_video_80_20,0,True,146183,37044
20260627,2,0.16225866062773597,0.2516421363413599,inner_temporal_within_outer_train_by_video_80_20,0,True,146183,37044
20260627,3,0.1580258525080151,0.2508976444167508,inner_temporal_within_outer_train_by_video_80_20,0,True,146183,37044
20260627,4,0.15678594095839393,0.2544569986699252,inner_temporal_within_outer_train_by_video_80_20,0,True,146183,37044
20260627,5,0.15626648233996498,0.25649743122316637,inner_temporal_within_outer_train_by_video_80_20,0,True,146183,37044
20260627,6,0.1557618702451388,0.25795979458610974,inner_temporal_within_outer_train_by_video_80_20,0,True,146183,37044
20260627,7,0.15538739578591454,0.26030935755058887,inner_temporal_within_outer_train_by_video_80_20,0,True,146183,37044
20260627,8,0.1550387375884586,0.2625046950926802,inner_temporal_within_outer_train_by_video_80_20,0,True,146183,37044
20260627,9,0.1548518952396181,0.2637647983585099,inner_temporal_within_outer_train_by_video_80_20,0,True,146183,37044
20260627,10,0.15451832777924007,0.26439941510374804,inner_temporal_within_outer_train_by_video_80_20,0,True,146183,37044
20260627,11,0.15440246297253502,0.265508070560095,inner_temporal_within_outer_train_by_video_80_20,0,True,146183,37044
20260627,12,0.1541716232895851,0.2659085597552114,inner_temporal_within_outer_train_by_video_80_20,0,True,146183,37044
20260627,13,0.15395581473906836,0.26659533326082935,inner_temporal_within_outer_train_by_video_80_20,0,True,146183,37044
20260627,14,0.15387070841259426,0.2669148333132722,inner_temporal_within_outer_train_by_video_80_20,0,True,146183,37044
20260627,15,0.15360143863492542,0.26783596762619033,inner_temporal_within_outer_train_by_video_80_20,0,True,146183,37044
20260627,16,0.1534980187813441,0.2683267429036812,inner_temporal_within_outer_train_by_video_80_20,0,True,146183,37044
20260627,17,0.1535122593243917,0.26871921142614336,inner_temporal_within_outer_train_by_video_80_20,0,True,146183,37044
20260627,18,0.153259524040752,0.2703438939882093,inner_temporal_within_outer_train_by_video_80_20,0,True,146183,37044
20260627,19,0.15311651594109005,0.26926463582338855,inner_temporal_within_outer_train_by_video_80_20,0,True,146183,37044
20260627,20,0.15311637272437414,0.27015952996763176,inner_temporal_within_outer_train_by_video_80_20,0,True,146183,37044
20260627,21,0.15297996501127878,0.26997393027862204,inner_temporal_within_outer_train_by_video_80_20,0,True,146183,37044
20260627,22,0.15286169946193695,0.2710708993768897,inner_temporal_within_outer_train_by_video_80_20,0,True,146183,37044
20260627,23,0.1527649818195237,0.27147488254054153,inner_temporal_within_outer_train_by_video_80_20,0,True,146183,37044
20260627,24,0.15267192158434126,0.27188891761733974,inner_temporal_within_outer_train_by_video_80_20,0,True,146183,37044
20260627,25,0.15263771845234764,0.27162506583588647,inner_temporal_within_outer_train_by_video_80_20,0,True,146183,37044
20260627,26,0.15251953237586552,0.2725532827196358,inner_temporal_within_outer_train_by_video_80_20,0,True,146183,37044
20260627,27,0.1524750201238526,0.27207359001783676,inner_temporal_within_outer_train_by_video_80_20,0,True,146183,37044
20260627,28,0.15249389658371607,0.2724479613234884,inner_temporal_within_outer_train_by_video_80_20,0,True,146183,37044
20260627,29,0.15238817863994175,0.27298196927058715,inner_temporal_within_outer_train_by_video_80_20,0,True,146183,37044
20260627,30,0.152313318517473,0.27308534075617247,inner_temporal_within_outer_train_by_video_80_20,0,True,146183,37044
20260627,31,0.15227408789926106,0.2730762833528538,inner_temporal_within_outer_train_by_video_80_20,0,True,146183,37044
20260627,32,0.15224871122174793,0.2734278284038585,inner_temporal_within_outer_train_by_video_80_20,0,True,146183,37044
20260627,33,0.15225863456726074,0.2730116288367267,inner_temporal_within_outer_train_by_video_80_20,0,True,146183,37044
20260627,34,0.1521165511674351,0.27396792152573707,inner_temporal_within_outer_train_by_video_80_20,0,True,146183,37044
20260627,35,0.15206350634495416,0.2738678421186581,inner_temporal_within_outer_train_by_video_80_20,0,True,146183,37044
20260627,36,0.15203249371714062,0.27446412198063874,inner_temporal_within_outer_train_by_video_80_20,0,True,146183,37044
20260627,37,0.15188807414637673,0.27405102163319567,inner_temporal_within_outer_train_by_video_80_20,0,True,146183,37044
20260627,38,0.15190026577976015,0.27462953084964836,inner_temporal_within_outer_train_by_video_80_20,0,True,146183,37044
20260627,39,0.15184849666224587,0.2747200381617408,inner_temporal_within_outer_train_by_video_80_20,0,True,146183,37044
20260627,40,0.15188135455052057,0.27471545672199504,inner_temporal_within_outer_train_by_video_80_20,0,True,146183,37044
20260627,41,0.15192145026392406,0.27473467797647905,inner_temporal_within_outer_train_by_video_80_20,0,True,146183,37044
20260627,42,0.15179986589484745,0.2751752731557168,inner_temporal_within_outer_train_by_video_80_20,0,True,146183,37044
20260627,43,0.1517008269826571,0.27481432789354365,inner_temporal_within_outer_train_by_video_80_20,0,True,146183,37044
20260627,44,0.1516832543743981,0.2756513903275185,inner_temporal_within_outer_train_by_video_80_20,0,True,146183,37044
20260627,45,0.15159103025992712,0.275601382552984,inner_temporal_within_outer_train_by_video_80_20,0,True,146183,37044
20260627,46,0.151664852268166,0.2750802484155943,inner_temporal_within_outer_train_by_video_80_20,0,True,146183,37044
20260627,47,0.15149813724888694,0.2763698957205877,inner_temporal_within_outer_train_by_video_80_20,0,True,146183,37044
20260627,48,0.15159754206736883,0.2755300102017106,inner_temporal_within_outer_train_by_video_80_20,0,True,146183,37044
20260627,49,0.15161338448524475,0.27598670848267176,inner_temporal_within_outer_train_by_video_80_20,0,True,146183,37044
20260627,50,0.1514604166150093,0.27627715673152003,inner_temporal_within_outer_train_by_video_80_20,0,True,146183,37044
20260627,51,0.15141670323080486,0.27636190507168373,inner_temporal_within_outer_train_by_video_80_20,0,True,146183,37044
20260627,52,0.151395406987932,0.2762119300195546,inner_temporal_within_outer_train_by_video_80_20,0,True,146183,37044
20260627,53,0.15137536575396857,0.2763044007901237,inner_temporal_within_outer_train_by_video_80_20,0,True,146183,37044
20260627,54,0.15139751633008322,0.27656924990400605,inner_temporal_within_outer_train_by_video_80_20,0,True,146183,37044
20260627,55,0.15137211564514372,0.2764621646892389,inner_temporal_within_outer_train_by_video_80_20,0,True,146183,37044
20260627,56,0.15128646542628607,0.27715685398546963,inner_temporal_within_outer_train_by_video_80_20,0,True,146183,37044
20260627,57,0.15131384962134892,0.2769897991860262,inner_temporal_within_outer_train_by_video_80_20,0,True,146183,37044
20260627,58,0.1513056316309505,0.2767634043405621,inner_temporal_within_outer_train_by_video_80_20,0,True,146183,37044
20260627,59,0.15124529020653832,0.2767082611290001,inner_temporal_within_outer_train_by_video_80_20,0,True,146183,37044
20260627,60,0.15119260632329518,0.2769811818754992,inner_temporal_within_outer_train_by_video_80_20,0,True,146183,37044
20260627,61,0.15118361016114554,0.2774339058366288,inner_temporal_within_outer_train_by_video_80_20,0,True,146183,37044
20260627,62,0.15117633011606005,0.27715449378168355,inner_temporal_within_outer_train_by_video_80_20,0,True,146183,37044
20260627,63,0.15118604401747385,0.27655068075932404,inner_temporal_within_outer_train_by_video_80_20,0,True,146183,37044
20260627,64,0.15109695163038042,0.2774538401734164,inner_temporal_within_outer_train_by_video_80_20,0,True,146183,37044
20260627,65,0.15102414124541813,0.2768065124998964,inner_temporal_within_outer_train_by_video_80_20,0,True,146183,37044
20260627,66,0.151088025006983,0.27727447600971344,inner_temporal_within_outer_train_by_video_80_20,0,True,146183,37044
20260627,67,0.15094546228647232,0.27690223693185406,inner_temporal_within_outer_train_by_video_80_20,0,True,146183,37044
20260627,68,0.15102620008918974,0.2774862855753098,inner_temporal_within_outer_train_by_video_80_20,0,True,146183,37044
20260627,69,0.15104511794116762,0.27794943115282933,inner_temporal_within_outer_train_by_video_80_20,0,True,146183,37044
20260627,70,0.1509609818458557,0.2777460879963154,inner_temporal_within_outer_train_by_video_80_20,0,True,146183,37044
20260627,71,0.15098007437255648,0.27759600154283753,inner_temporal_within_outer_train_by_video_80_20,0,True,146183,37044
20260627,72,0.15097892036040625,0.27778920299218335,inner_temporal_within_outer_train_by_video_80_20,0,True,146183,37044
20260627,73,0.1508886930015352,0.2777395373778137,inner_temporal_within_outer_train_by_video_80_20,0,True,146183,37044
20260627,74,0.1508421003818512,0.27816858048900706,inner_temporal_within_outer_train_by_video_80_20,0,True,146183,37044
20260627,75,0.1508410225311915,0.27792952866516507,inner_temporal_within_outer_train_by_video_80_20,0,True,146183,37044
20260627,76,0.15082089602947235,0.2770417870859581,inner_temporal_within_outer_train_by_video_80_20,0,True,146183,37044
20260627,77,0.15074656738175285,0.27822518471678565,inner_temporal_within_outer_train_by_video_80_20,0,True,146183,37044
20260627,78,0.15072128507826063,0.27808679879061465,inner_temporal_within_outer_train_by_video_80_20,0,True,146183,37044
20260627,79,0.15088080614805222,0.2782366360141554,inner_temporal_within_outer_train_by_video_80_20,0,True,146183,37044
20260627,80,0.15073015209701326,0.27827595179918896,inner_temporal_within_outer_train_by_video_80_20,0,True,146183,37044
20260628,1,0.2033424965209431,0.19573731780230286,inner_temporal_within_outer_train_by_video_80_20,0,True,146183,37044
20260628,2,0.1634918881787194,0.2341568383111487,inner_temporal_within_outer_train_by_video_80_20,0,True,146183,37044
20260628,3,0.15776892006397247,0.24342260706678215,inner_temporal_within_outer_train_by_video_80_20,0,True,146183,37044
20260628,4,0.15663462546136644,0.24688375006719832,inner_temporal_within_outer_train_by_video_80_20,0,True,146183,37044
20260628,5,0.15595032191938824,0.2504581402350035,inner_temporal_within_outer_train_by_video_80_20,0,True,146183,37044
20260628,6,0.15540057669083276,0.2543707319758001,inner_temporal_within_outer_train_by_video_80_20,0,True,146183,37044
20260628,7,0.15487692256768545,0.2574433472060104,inner_temporal_within_outer_train_by_video_80_20,0,True,146183,37044
20260628,8,0.15458432916137907,0.2601324262879338,inner_temporal_within_outer_train_by_video_80_20,0,True,146183,37044
20260628,9,0.15432038406531015,0.26233105182857086,inner_temporal_within_outer_train_by_video_80_20,0,True,146183,37044
20260628,10,0.1541503311859237,0.2642533440758623,inner_temporal_within_outer_train_by_video_80_20,0,True,146183,37044
20260628,11,0.15387182351615694,0.26529913266660315,inner_temporal_within_outer_train_by_video_80_20,0,True,146183,37044
20260628,12,0.15373047441244125,0.26596161034431715,inner_temporal_within_outer_train_by_video_80_20,0,True,146183,37044
20260628,13,0.1537216015987926,0.2680464628947735,inner_temporal_within_outer_train_by_video_80_20,0,True,146183,37044
20260628,14,0.15352759427494472,0.268435947998667,inner_temporal_within_outer_train_by_video_80_20,0,True,146183,37044
20260628,15,0.15348504152562883,0.2686625303906656,inner_temporal_within_outer_train_by_video_80_20,0,True,146183,37044
20260628,16,0.15339176025655535,0.26991502903898673,inner_temporal_within_outer_train_by_video_80_20,0,True,146183,37044
20260628,17,0.1530469705661138,0.2705331719350185,inner_temporal_within_outer_train_by_video_80_20,0,True,146183,37044
20260628,18,0.15292265597316954,0.27089834237429583,inner_temporal_within_outer_train_by_video_80_20,0,True,146183,37044
20260628,19,0.15281719052129322,0.27117728313171724,inner_temporal_within_outer_train_by_video_80_20,0,True,146183,37044
20260628,20,0.1528326455089781,0.2717230687376045,inner_temporal_within_outer_train_by_video_80_20,0,True,146183,37044
20260628,21,0.15287231157223383,0.2724520904168076,inner_temporal_within_outer_train_by_video_80_20,0,True,146183,37044
20260628,22,0.15259918653302723,0.2724272850385983,inner_temporal_within_outer_train_by_video_80_20,0,True,146183,37044
20260628,23,0.1525610014796257,0.27289503358304085,inner_temporal_within_outer_train_by_video_80_20,0,True,146183,37044
20260628,24,0.15257552845610511,0.27344184812697475,inner_temporal_within_outer_train_by_video_80_20,0,True,146183,37044
20260628,25,0.15249790085686576,0.2735733036377675,inner_temporal_within_outer_train_by_video_80_20,0,True,146183,37044
20260628,26,0.15235677278704113,0.2739354975309997,inner_temporal_within_outer_train_by_video_80_20,0,True,146183,37044
20260628,27,0.15242170376910102,0.2739582947679424,inner_temporal_within_outer_train_by_video_80_20,0,True,146183,37044
20260628,28,0.15225224941968918,0.2745485418349676,inner_temporal_within_outer_train_by_video_80_20,0,True,146183,37044
20260628,29,0.15223748981952667,0.2745160281704648,inner_temporal_within_outer_train_by_video_80_20,0,True,146183,37044
20260628,30,0.15213333980904686,0.27428362113156823,inner_temporal_within_outer_train_by_video_80_20,0,True,146183,37044
20260628,31,0.1520741714371575,0.27498532970917633,inner_temporal_within_outer_train_by_video_80_20,0,True,146183,37044
20260628,32,0.15209783365329108,0.27519032734648746,inner_temporal_within_outer_train_by_video_80_20,0,True,146183,37044
20260628,33,0.15214377227756712,0.27515743137480875,inner_temporal_within_outer_train_by_video_80_20,0,True,146183,37044
20260628,34,0.15195796804295647,0.2755668843077928,inner_temporal_within_outer_train_by_video_80_20,0,True,146183,37044
20260628,35,0.15198694749010933,0.27552663527679955,inner_temporal_within_outer_train_by_video_80_20,0,True,146183,37044
20260628,36,0.15201725479629305,0.2758374161719909,inner_temporal_within_outer_train_by_video_80_20,0,True,146183,37044
20260628,37,0.15199039959245259,0.2756385385578054,inner_temporal_within_outer_train_by_video_80_20,0,True,146183,37044
20260628,38,0.15200196868843502,0.2757122164079178,inner_temporal_within_outer_train_by_video_80_20,0,True,146183,37044
20260628,39,0.15186332745684517,0.27686822408527734,inner_temporal_within_outer_train_by_video_80_20,0,True,146183,37044
20260628,40,0.15171577284733453,0.27640895046440234,inner_temporal_within_outer_train_by_video_80_20,0,True,146183,37044
20260628,41,0.1518083471390936,0.27652656084427063,inner_temporal_within_outer_train_by_video_80_20,0,True,146183,37044
20260628,42,0.15168867343001896,0.27646120946689656,inner_temporal_within_outer_train_by_video_80_20,0,True,146183,37044
20260628,43,0.15178851534922919,0.2768669641464649,inner_temporal_within_outer_train_by_video_80_20,0,True,146183,37044
20260628,44,0.15173388520876566,0.2767860408644891,inner_temporal_within_outer_train_by_video_80_20,0,True,146183,37044
20260628,45,0.1516870144340727,0.277220865211941,inner_temporal_within_outer_train_by_video_80_20,0,True,146183,37044
20260628,46,0.15163293563657337,0.27692805741977566,inner_temporal_within_outer_train_by_video_80_20,0,True,146183,37044
20260628,47,0.15162273579173619,0.2771870475503211,inner_temporal_within_outer_train_by_video_80_20,0,True,146183,37044
20260628,48,0.1515954840514395,0.27674663763336227,inner_temporal_within_outer_train_by_video_80_20,0,True,146183,37044
20260628,49,0.15150754733218086,0.277109882019744,inner_temporal_within_outer_train_by_video_80_20,0,True,146183,37044
20260628,50,0.15154015603992674,0.2770470198323271,inner_temporal_within_outer_train_by_video_80_20,0,True,146183,37044
20260628,51,0.1515210039085812,0.27705886379842315,inner_temporal_within_outer_train_by_video_80_20,0,True,146183,37044
20260628,52,0.15146959076325098,0.27652735712272364,inner_temporal_within_outer_train_by_video_80_20,0,True,146183,37044
20260628,53,0.15136341253916422,0.27691960577104896,inner_temporal_within_outer_train_by_video_80_20,0,True,146183,37044
20260628,54,0.15135892977317175,0.2768530916110389,inner_temporal_within_outer_train_by_video_80_20,0,True,146183,37044
20260628,55,0.15126341581344604,0.27715713840750533,inner_temporal_within_outer_train_by_video_80_20,0,True,146183,37044
20260628,56,0.1513741844230228,0.2767023425953342,inner_temporal_within_outer_train_by_video_80_20,0,True,146183,37044
20260628,57,0.1513457049926122,0.2770694631858257,inner_temporal_within_outer_train_by_video_80_20,0,True,146183,37044
20260629,1,0.2166326625479592,0.1639043434232143,inner_temporal_within_outer_train_by_video_80_20,0,True,146183,37044
20260629,2,0.1658265764514605,0.24702426980787304,inner_temporal_within_outer_train_by_video_80_20,0,True,146183,37044
20260629,3,0.15930517514546713,0.24846187874246944,inner_temporal_within_outer_train_by_video_80_20,0,True,146183,37044
20260629,4,0.15778520041041905,0.24960991039555516,inner_temporal_within_outer_train_by_video_80_20,0,True,146183,37044
20260629,5,0.15688401212294897,0.25374567901298023,inner_temporal_within_outer_train_by_video_80_20,0,True,146183,37044
20260629,6,0.1563181678454081,0.2561337180483608,inner_temporal_within_outer_train_by_video_80_20,0,True,146183,37044
20260629,7,0.15568521204921934,0.2587713994276557,inner_temporal_within_outer_train_by_video_80_20,0,True,146183,37044
20260629,8,0.15531493888960946,0.260942750860351,inner_temporal_within_outer_train_by_video_80_20,0,True,146183,37044
20260629,9,0.15503890729612774,0.2624432767910454,inner_temporal_within_outer_train_by_video_80_20,0,True,146183,37044
20260629,10,0.15468043585618338,0.263926417921041,inner_temporal_within_outer_train_by_video_80_20,0,True,146183,37044
20260629,11,0.1544464420941141,0.26486623414597693,inner_temporal_within_outer_train_by_video_80_20,0,True,146183,37044
20260629,12,0.15426037294997108,0.26638024661675197,inner_temporal_within_outer_train_by_video_80_20,0,True,146183,37044
20260629,13,0.15412028547790316,0.2666973848965268,inner_temporal_within_outer_train_by_video_80_20,0,True,146183,37044
20260629,14,0.1539712722102801,0.26748338911243696,inner_temporal_within_outer_train_by_video_80_20,0,True,146183,37044
20260629,15,0.15388113343053395,0.26855731918308334,inner_temporal_within_outer_train_by_video_80_20,0,True,146183,37044
20260629,16,0.1536277011036873,0.26763052908616725,inner_temporal_within_outer_train_by_video_80_20,0,True,146183,37044
20260629,17,0.15355768468644884,0.2691394406225073,inner_temporal_within_outer_train_by_video_80_20,0,True,146183,37044
20260629,18,0.1533982613020473,0.26907011692471455,inner_temporal_within_outer_train_by_video_80_20,0,True,146183,37044
20260629,19,0.15339885072575676,0.2703809726956329,inner_temporal_within_outer_train_by_video_80_20,0,True,146183,37044
20260629,20,0.15328644298844868,0.2703690481929635,inner_temporal_within_outer_train_by_video_80_20,0,True,146183,37044
20260629,21,0.15317459652821222,0.27028654625558746,inner_temporal_within_outer_train_by_video_80_20,0,True,146183,37044
20260629,22,0.1530229142970509,0.2713733419923245,inner_temporal_within_outer_train_by_video_80_20,0,True,146183,37044
20260629,23,0.1530481899778048,0.27040638281938245,inner_temporal_within_outer_train_by_video_80_20,0,True,146183,37044
20260629,24,0.15291742318206364,0.2708716740229313,inner_temporal_within_outer_train_by_video_80_20,0,True,146183,37044
20260629,25,0.15282664861943987,0.27161210141392894,inner_temporal_within_outer_train_by_video_80_20,0,True,146183,37044
20260629,26,0.15268795357810128,0.27208265339683174,inner_temporal_within_outer_train_by_video_80_20,0,True,146183,37044
20260629,27,0.1526965101559957,0.27213185360182546,inner_temporal_within_outer_train_by_video_80_20,0,True,146183,37044
20260629,28,0.1525633873211013,0.2719818244331995,inner_temporal_within_outer_train_by_video_80_20,0,True,146183,37044
20260629,29,0.1524562935034434,0.2734060553836837,inner_temporal_within_outer_train_by_video_80_20,0,True,146183,37044
20260629,30,0.15249349590804842,0.27263086038246187,inner_temporal_within_outer_train_by_video_80_20,0,True,146183,37044
20260629,31,0.15236678388383654,0.2735046901904559,inner_temporal_within_outer_train_by_video_80_20,0,True,146183,37044
20260629,32,0.15229491972261006,0.273139975358576,inner_temporal_within_outer_train_by_video_80_20,0,True,146183,37044
20260629,33,0.15225917432043287,0.273700235003043,inner_temporal_within_outer_train_by_video_80_20,0,True,146183,37044
20260629,34,0.15211238960425058,0.274098482421957,inner_temporal_within_outer_train_by_video_80_20,0,True,146183,37044
20260629,35,0.15217698944939506,0.27408432603152166,inner_temporal_within_outer_train_by_video_80_20,0,True,146183,37044
20260629,36,0.1520391876498858,0.2741358056698785,inner_temporal_within_outer_train_by_video_80_20,0,True,146183,37044
20260629,37,0.152086756295628,0.2747414408484545,inner_temporal_within_outer_train_by_video_80_20,0,True,146183,37044
20260629,38,0.15193155573474038,0.2740892115236768,inner_temporal_within_outer_train_by_video_80_20,0,True,146183,37044
20260629,39,0.15199661586019728,0.2751293719695327,inner_temporal_within_outer_train_by_video_80_20,0,True,146183,37044
20260629,40,0.15190233124627006,0.2746036395529581,inner_temporal_within_outer_train_by_video_80_20,0,True,146183,37044
20260629,41,0.15189051296975878,0.2757199081115958,inner_temporal_within_outer_train_by_video_80_20,0,True,146183,37044
20260629,42,0.15185428659121195,0.2746376716617555,inner_temporal_within_outer_train_by_video_80_20,0,True,146183,37044
20260629,43,0.1518007723821534,0.27557683383232656,inner_temporal_within_outer_train_by_video_80_20,0,True,146183,37044
20260629,44,0.15188708984189564,0.27559849606974784,inner_temporal_within_outer_train_by_video_80_20,0,True,146183,37044
20260629,45,0.15172592633300358,0.275320694537724,inner_temporal_within_outer_train_by_video_80_20,0,True,146183,37044
20260629,46,0.15171104255649778,0.27557792997940056,inner_temporal_within_outer_train_by_video_80_20,0,True,146183,37044
20260629,47,0.1517049049337705,0.2759930091361615,inner_temporal_within_outer_train_by_video_80_20,0,True,146183,37044
20260629,48,0.1516545539100965,0.2760842920178463,inner_temporal_within_outer_train_by_video_80_20,0,True,146183,37044
20260629,49,0.1516274097892973,0.2767488544502045,inner_temporal_within_outer_train_by_video_80_20,0,True,146183,37044
20260629,50,0.151528129975001,0.2759702064715701,inner_temporal_within_outer_train_by_video_80_20,0,True,146183,37044
20260629,51,0.15150201072295508,0.27686725431202225,inner_temporal_within_outer_train_by_video_80_20,0,True,146183,37044
20260629,52,0.15149110390080345,0.27610370257999245,inner_temporal_within_outer_train_by_video_80_20,0,True,146183,37044
20260629,53,0.15154284569952223,0.2763389904844509,inner_temporal_within_outer_train_by_video_80_20,0,True,146183,37044
20260629,54,0.15141957087649238,0.27653236928411135,inner_temporal_within_outer_train_by_video_80_20,0,True,146183,37044
20260629,55,0.1514295298192236,0.2769217014084589,inner_temporal_within_outer_train_by_video_80_20,0,True,146183,37044
20260629,56,0.15133236431413227,0.27692979383229227,inner_temporal_within_outer_train_by_video_80_20,0,True,146183,37044
20260629,57,0.1513694723447164,0.27660558989239525,inner_temporal_within_outer_train_by_video_80_20,0,True,146183,37044
20260629,58,0.15132110979821947,0.27730161028892086,inner_temporal_within_outer_train_by_video_80_20,0,True,146183,37044
20260629,59,0.15121020128329596,0.27679953263077806,inner_temporal_within_outer_train_by_video_80_20,0,True,146183,37044
20260629,60,0.15127375390794542,0.2775813954059744,inner_temporal_within_outer_train_by_video_80_20,0,True,146183,37044
20260629,61,0.15128081954187816,0.2765779919225168,inner_temporal_within_outer_train_by_video_80_20,0,True,146183,37044
20260629,62,0.15114763213528526,0.2771279668755293,inner_temporal_within_outer_train_by_video_80_20,0,True,146183,37044
20260629,63,0.15122727966970867,0.27736009362238195,inner_temporal_within_outer_train_by_video_80_20,0,True,146183,37044
20260629,64,0.15116664270559946,0.27740267981920336,inner_temporal_within_outer_train_by_video_80_20,0,True,146183,37044
20260629,65,0.15107566697729957,0.2778025334763455,inner_temporal_within_outer_train_by_video_80_20,0,True,146183,37044
20260629,66,0.15109849141703713,0.2777973786771075,inner_temporal_within_outer_train_by_video_80_20,0,True,146183,37044
20260629,67,0.15110459427038828,0.27744756912507756,inner_temporal_within_outer_train_by_video_80_20,0,True,146183,37044
20260629,68,0.15105040371418,0.2778807248912296,inner_temporal_within_outer_train_by_video_80_20,0,True,146183,37044
20260629,69,0.15113883962233862,0.2779113120437974,inner_temporal_within_outer_train_by_video_80_20,0,True,146183,37044
20260629,70,0.1509300015038914,0.277448782411539,inner_temporal_within_outer_train_by_video_80_20,0,True,146183,37044
20260629,71,0.15099701864851844,0.27771512071164717,inner_temporal_within_outer_train_by_video_80_20,0,True,146183,37044
20260629,72,0.15096037089824677,0.2784102407302334,inner_temporal_within_outer_train_by_video_80_20,0,True,146183,37044
20260629,73,0.15099644412597021,0.27736471377750377,inner_temporal_within_outer_train_by_video_80_20,0,True,146183,37044
20260629,74,0.15091626842816672,0.2783179723673042,inner_temporal_within_outer_train_by_video_80_20,0,True,146183,37044
20260629,75,0.15097807927264106,0.2779317864497369,inner_temporal_within_outer_train_by_video_80_20,0,True,146183,37044
20260629,76,0.1510240063071251,0.277935259289888,inner_temporal_within_outer_train_by_video_80_20,0,True,146183,37044
20260629,77,0.15072323216332328,0.2781923723702508,inner_temporal_within_outer_train_by_video_80_20,0,True,146183,37044
20260629,78,0.1509117732445399,0.2780587040030066,inner_temporal_within_outer_train_by_video_80_20,0,True,146183,37044
20260629,79,0.150803927746084,0.27822544138095917,inner_temporal_within_outer_train_by_video_80_20,0,True,146183,37044
20260629,80,0.1506848716073566,0.27808732296030947,inner_temporal_within_outer_train_by_video_80_20,0,True,146183,37044
20260630,1,0.2034260498152839,0.19995873728814467,inner_temporal_within_outer_train_by_video_80_20,0,True,146183,37044
20260630,2,0.16408326394028133,0.23945031225286148,inner_temporal_within_outer_train_by_video_80_20,0,True,146183,37044
20260630,3,0.15916651984055838,0.2502015851296086,inner_temporal_within_outer_train_by_video_80_20,0,True,146183,37044
20260630,4,0.15756847295496199,0.2558611254494333,inner_temporal_within_outer_train_by_video_80_20,0,True,146183,37044
20260630,5,0.15647074745761025,0.25944739728882527,inner_temporal_within_outer_train_by_video_80_20,0,True,146183,37044
20260630,6,0.15585385842455757,0.26063755818955475,inner_temporal_within_outer_train_by_video_80_20,0,True,146183,37044
20260630,7,0.1552967851360639,0.26242579202449723,inner_temporal_within_outer_train_by_video_80_20,0,True,146183,37044
20260630,8,0.15497560881906086,0.2649878232677477,inner_temporal_within_outer_train_by_video_80_20,0,True,146183,37044
20260630,9,0.15465769088930553,0.26604342622284555,inner_temporal_within_outer_train_by_video_80_20,0,True,146183,37044
20260630,10,0.15428167084852853,0.267026095236341,inner_temporal_within_outer_train_by_video_80_20,0,True,146183,37044
20260630,11,0.15414364718728596,0.2680078514488021,inner_temporal_within_outer_train_by_video_80_20,0,True,146183,37044
20260630,12,0.15383637944857279,0.26904171981067143,inner_temporal_within_outer_train_by_video_80_20,0,True,146183,37044
20260630,13,0.1535878289077017,0.26929877756025355,inner_temporal_within_outer_train_by_video_80_20,0,True,146183,37044
20260630,14,0.15348077565431595,0.2700325841121228,inner_temporal_within_outer_train_by_video_80_20,0,True,146183,37044
20260630,15,0.1533465584119161,0.27004692623681975,inner_temporal_within_outer_train_by_video_80_20,0,True,146183,37044
20260630,16,0.15318862679931852,0.270375829888597,inner_temporal_within_outer_train_by_video_80_20,0,True,146183,37044
20260630,17,0.15308045761452782,0.2708809425379989,inner_temporal_within_outer_train_by_video_80_20,0,True,146183,37044
20260630,18,0.15300100296735764,0.27138605556210993,inner_temporal_within_outer_train_by_video_80_20,0,True,146183,37044
20260630,19,0.1527644470334053,0.272261404235314,inner_temporal_within_outer_train_by_video_80_20,0,True,146183,37044
20260630,20,0.1527058415942722,0.271526749546185,inner_temporal_within_outer_train_by_video_80_20,0,True,146183,37044
20260630,21,0.15266306615538067,0.27240434711661154,inner_temporal_within_outer_train_by_video_80_20,0,True,146183,37044
20260630,22,0.15253452873892254,0.27185092944658384,inner_temporal_within_outer_train_by_video_80_20,0,True,146183,37044
20260630,23,0.15245547228389317,0.27305080974173046,inner_temporal_within_outer_train_by_video_80_20,0,True,146183,37044
20260630,24,0.15242566333876717,0.2726666586256102,inner_temporal_within_outer_train_by_video_80_20,0,True,146183,37044
20260630,25,0.1522857521971067,0.27365346669759383,inner_temporal_within_outer_train_by_video_80_20,0,True,146183,37044
20260630,26,0.15229269199901158,0.27346804826686727,inner_temporal_within_outer_train_by_video_80_20,0,True,146183,37044
20260630,27,0.15224629309442309,0.27323492077917116,inner_temporal_within_outer_train_by_video_80_20,0,True,146183,37044
20260630,28,0.15212993820508322,0.2737518219878965,inner_temporal_within_outer_train_by_video_80_20,0,True,146183,37044
20260630,29,0.15213252355655035,0.27383386521493763,inner_temporal_within_outer_train_by_video_80_20,0,True,146183,37044
20260630,30,0.152034322420756,0.27423809648534325,inner_temporal_within_outer_train_by_video_80_20,0,True,146183,37044
20260630,31,0.15206219918198055,0.2740241669251725,inner_temporal_within_outer_train_by_video_80_20,0,True,146183,37044
20260630,32,0.15192100571261513,0.274756174295282,inner_temporal_within_outer_train_by_video_80_20,0,True,146183,37044
20260630,33,0.15203795416487587,0.2744834441375646,inner_temporal_within_outer_train_by_video_80_20,0,True,146183,37044
20260630,34,0.15185884634653726,0.2742254687631183,inner_temporal_within_outer_train_by_video_80_20,0,True,146183,37044
20260630,35,0.15190847218036652,0.27429844886183175,inner_temporal_within_outer_train_by_video_80_20,0,True,146183,37044
20260630,36,0.15185022022989061,0.27393364279182353,inner_temporal_within_outer_train_by_video_80_20,0,True,146183,37044
20260630,37,0.15188372052378124,0.2749039808970849,inner_temporal_within_outer_train_by_video_80_20,0,True,146183,37044
20260630,38,0.1517808867825402,0.2752104918150762,inner_temporal_within_outer_train_by_video_80_20,0,True,146183,37044
20260630,39,0.15173739774359596,0.2744121952840742,inner_temporal_within_outer_train_by_video_80_20,0,True,146183,37044
20260630,40,0.15172622270054287,0.2749760014927993,inner_temporal_within_outer_train_by_video_80_20,0,True,146183,37044
20260630,41,0.15164627714289558,0.27509776638053995,inner_temporal_within_outer_train_by_video_80_20,0,True,146183,37044
20260630,42,0.1516690676410993,0.2747338004821638,inner_temporal_within_outer_train_by_video_80_20,0,True,146183,37044
20260630,43,0.15167409347163308,0.27592189028438924,inner_temporal_within_outer_train_by_video_80_20,0,True,146183,37044
20260630,44,0.15164577629831102,0.2749942879569399,inner_temporal_within_outer_train_by_video_80_20,0,True,146183,37044
20260630,45,0.1515754477845298,0.2750221074905931,inner_temporal_within_outer_train_by_video_80_20,0,True,146183,37044
20260630,46,0.1515584828125106,0.2763520474286369,inner_temporal_within_outer_train_by_video_80_20,0,True,146183,37044
20260630,47,0.1515909598933326,0.27578049993660636,inner_temporal_within_outer_train_by_video_80_20,0,True,146183,37044
20260630,48,0.15155902836057875,0.2760009013538708,inner_temporal_within_outer_train_by_video_80_20,0,True,146183,37044
20260630,49,0.15143243885702556,0.2757306304044901,inner_temporal_within_outer_train_by_video_80_20,0,True,146183,37044
20260630,50,0.15141785641511282,0.27585037697961534,inner_temporal_within_outer_train_by_video_80_20,0,True,146183,37044
20260630,51,0.15147416045268378,0.27593648764942136,inner_temporal_within_outer_train_by_video_80_20,0,True,146183,37044
20260630,52,0.15145148750808504,0.27677389786933104,inner_temporal_within_outer_train_by_video_80_20,0,True,146183,37044
20260630,53,0.151409442226092,0.2758671696551671,inner_temporal_within_outer_train_by_video_80_20,0,True,146183,37044
20260630,54,0.1513847882548968,0.27668601278752286,inner_temporal_within_outer_train_by_video_80_20,0,True,146183,37044
20260630,55,0.15142440133624607,0.2764507794866745,inner_temporal_within_outer_train_by_video_80_20,0,True,146183,37044
20260630,56,0.151329319510195,0.27627764610680217,inner_temporal_within_outer_train_by_video_80_20,0,True,146183,37044
20260630,57,0.15133533709579045,0.2766367582552097,inner_temporal_within_outer_train_by_video_80_20,0,True,146183,37044
20260630,58,0.15131211032470068,0.276994485049787,inner_temporal_within_outer_train_by_video_80_20,0,True,146183,37044
20260630,59,0.1512158148818546,0.2762938657342341,inner_temporal_within_outer_train_by_video_80_20,0,True,146183,37044
20260630,60,0.15127386566665438,0.2771483098485905,inner_temporal_within_outer_train_by_video_80_20,0,True,146183,37044
20260630,61,0.1510948787132899,0.2768558546388285,inner_temporal_within_outer_train_by_video_80_20,0,True,146183,37044
20260630,62,0.151138869424661,0.2771308965582082,inner_temporal_within_outer_train_by_video_80_20,0,True,146183,37044
20260630,63,0.1512168033255471,0.2770531361296508,inner_temporal_within_outer_train_by_video_80_20,0,True,146183,37044
20260630,64,0.15109941611687341,0.2773491521187434,inner_temporal_within_outer_train_by_video_80_20,0,True,146183,37044
20260630,65,0.15110788080427381,0.2771441426513539,inner_temporal_within_outer_train_by_video_80_20,0,True,146183,37044
20260630,66,0.1511287788550059,0.2769503174511097,inner_temporal_within_outer_train_by_video_80_20,0,True,146183,37044
20260630,67,0.15113075160317951,0.2774461108498234,inner_temporal_within_outer_train_by_video_80_20,0,True,146183,37044
20260630,68,0.1510235145688057,0.27731778264717477,inner_temporal_within_outer_train_by_video_80_20,0,True,146183,37044
20260630,69,0.15101480566793019,0.2770141857114058,inner_temporal_within_outer_train_by_video_80_20,0,True,146183,37044
20260630,70,0.15109205577108595,0.2776244115815234,inner_temporal_within_outer_train_by_video_80_20,0,True,146183,37044
20260630,71,0.1509421384996838,0.277311096201296,inner_temporal_within_outer_train_by_video_80_20,0,True,146183,37044
20260630,72,0.15107428861988914,0.2775619518848566,inner_temporal_within_outer_train_by_video_80_20,0,True,146183,37044
20260630,73,0.15094877696699566,0.2779217495348754,inner_temporal_within_outer_train_by_video_80_20,0,True,146183,37044
20260630,74,0.15104564196533626,0.2770573714407137,inner_temporal_within_outer_train_by_video_80_20,0,True,146183,37044
20260630,75,0.150869091351827,0.2777431856033972,inner_temporal_within_outer_train_by_video_80_20,0,True,146183,37044
20260630,76,0.15088036325242785,0.2779481492275143,inner_temporal_within_outer_train_by_video_80_20,0,True,146183,37044
20260630,77,0.15085423406627443,0.2774348659015565,inner_temporal_within_outer_train_by_video_80_20,0,True,146183,37044
20260630,78,0.15090689973698723,0.27820422979521536,inner_temporal_within_outer_train_by_video_80_20,0,True,146183,37044
20260630,79,0.15082467844088873,0.27769546870203243,inner_temporal_within_outer_train_by_video_80_20,0,True,146183,37044
20260630,80,0.1507227975461218,0.2782140816779496,inner_temporal_within_outer_train_by_video_80_20,0,True,146183,37044
20260631,1,0.1943750199344423,0.20627413080375934,inner_temporal_within_outer_train_by_video_80_20,0,True,146183,37044
20260631,2,0.16212868773274952,0.24149604479929476,inner_temporal_within_outer_train_by_video_80_20,0,True,146183,37044
20260631,3,0.1584900145729383,0.2497568541267625,inner_temporal_within_outer_train_by_video_80_20,0,True,146183,37044
20260631,4,0.15702837540043724,0.254392683624879,inner_temporal_within_outer_train_by_video_80_20,0,True,146183,37044
20260631,5,0.15604414211379158,0.25839640758218696,inner_temporal_within_outer_train_by_video_80_20,0,True,146183,37044
20260631,6,0.1553342400325669,0.2616758641107688,inner_temporal_within_outer_train_by_video_80_20,0,True,146183,37044
20260631,7,0.15492675950129828,0.2633622878015056,inner_temporal_within_outer_train_by_video_80_20,0,True,146183,37044
20260631,8,0.15459938761260775,0.2654062651770887,inner_temporal_within_outer_train_by_video_80_20,0,True,146183,37044
20260631,9,0.15421585076385075,0.26612246813660206,inner_temporal_within_outer_train_by_video_80_20,0,True,146183,37044
20260631,10,0.1538712274697092,0.26710908056386506,inner_temporal_within_outer_train_by_video_80_20,0,True,146183,37044
20260631,11,0.15372197909487617,0.2673168896467788,inner_temporal_within_outer_train_by_video_80_20,0,True,146183,37044
20260631,12,0.1535360390941302,0.2682791990141054,inner_temporal_within_outer_train_by_video_80_20,0,True,146183,37044
20260631,13,0.15337003105216557,0.26876378859693184,inner_temporal_within_outer_train_by_video_80_20,0,True,146183,37044
20260631,14,0.15329554014735752,0.2692278349027451,inner_temporal_within_outer_train_by_video_80_20,0,True,146183,37044
20260631,15,0.15311974700954226,0.270678262537629,inner_temporal_within_outer_train_by_video_80_20,0,True,146183,37044
20260631,16,0.15286005867852104,0.27043342406052884,inner_temporal_within_outer_train_by_video_80_20,0,True,146183,37044
20260631,17,0.15291943318314022,0.27123910023563896,inner_temporal_within_outer_train_by_video_80_20,0,True,146183,37044
20260631,18,0.15274582554896673,0.2715532012906017,inner_temporal_within_outer_train_by_video_80_20,0,True,146183,37044
20260631,19,0.1527073027359115,0.27124301329902745,inner_temporal_within_outer_train_by_video_80_20,0,True,146183,37044
20260631,20,0.15261786596642601,0.2727067792230116,inner_temporal_within_outer_train_by_video_80_20,0,True,146183,37044
20260631,21,0.15257086687617832,0.2728344781389902,inner_temporal_within_outer_train_by_video_80_20,0,True,146183,37044
20260631,22,0.15240671816799375,0.27294149760181946,inner_temporal_within_outer_train_by_video_80_20,0,True,146183,37044
20260631,23,0.15237214416265488,0.2728135727139641,inner_temporal_within_outer_train_by_video_80_20,0,True,146183,37044
20260631,24,0.15232909305228126,0.2737691430053587,inner_temporal_within_outer_train_by_video_80_20,0,True,146183,37044
20260631,25,0.15229717890421549,0.27384424248085415,inner_temporal_within_outer_train_by_video_80_20,0,True,146183,37044
20260631,26,0.15220764693286684,0.27398429000879454,inner_temporal_within_outer_train_by_video_80_20,0,True,146183,37044
20260631,27,0.15213529931174385,0.2738850984097052,inner_temporal_within_outer_train_by_video_80_20,0,True,146183,37044
20260631,28,0.1521458625793457,0.27423765100513287,inner_temporal_within_outer_train_by_video_80_20,0,True,146183,37044
20260631,29,0.15199692961242464,0.27478022736808644,inner_temporal_within_outer_train_by_video_80_20,0,True,146183,37044
20260631,30,0.1520872430668937,0.27484286854899476,inner_temporal_within_outer_train_by_video_80_20,0,True,146183,37044
20260631,31,0.1519709254304568,0.2741248984792739,inner_temporal_within_outer_train_by_video_80_20,0,True,146183,37044
20260631,32,0.15188405414422354,0.2754585281304193,inner_temporal_within_outer_train_by_video_80_20,0,True,146183,37044
20260631,33,0.1518736465109719,0.2744602885008246,inner_temporal_within_outer_train_by_video_80_20,0,True,146183,37044
20260631,34,0.15190073682202232,0.27496895224060974,inner_temporal_within_outer_train_by_video_80_20,0,True,146183,37044
20260631,35,0.15187436756160524,0.2749880537986231,inner_temporal_within_outer_train_by_video_80_20,0,True,146183,37044
20260631,36,0.15175925195217133,0.27515205495968603,inner_temporal_within_outer_train_by_video_80_20,0,True,146183,37044
20260631,37,0.15181544009182188,0.27557724237259756,inner_temporal_within_outer_train_by_video_80_20,0,True,146183,37044
20260631,38,0.1517527716027366,0.27462975421914027,inner_temporal_within_outer_train_by_video_80_20,0,True,146183,37044
20260631,39,0.15165776924954522,0.27501481987604287,inner_temporal_within_outer_train_by_video_80_20,0,True,146183,37044
20260631,40,0.15166529102457893,0.27574990325147386,inner_temporal_within_outer_train_by_video_80_20,0,True,146183,37044
20260631,41,0.15164196656809914,0.27487970571940434,inner_temporal_within_outer_train_by_video_80_20,0,True,146183,37044
20260631,42,0.15153581566280788,0.2757947217663965,inner_temporal_within_outer_train_by_video_80_20,0,True,146183,37044
20260631,43,0.15146532240841123,0.27553381715842185,inner_temporal_within_outer_train_by_video_80_20,0,True,146183,37044
20260631,44,0.15143055137660769,0.2771077218678819,inner_temporal_within_outer_train_by_video_80_20,0,True,146183,37044
20260631,45,0.15145601580540338,0.2754425192413387,inner_temporal_within_outer_train_by_video_80_20,0,True,146183,37044
20260631,46,0.15140404800573984,0.2760884179259077,inner_temporal_within_outer_train_by_video_80_20,0,True,146183,37044
20260631,47,0.1515015885233879,0.2764096515687909,inner_temporal_within_outer_train_by_video_80_20,0,True,146183,37044
20260631,48,0.15141273455487358,0.2759155557766486,inner_temporal_within_outer_train_by_video_80_20,0,True,146183,37044
20260631,49,0.1513958772023519,0.2766377167988393,inner_temporal_within_outer_train_by_video_80_20,0,True,146183,37044
20260631,50,0.15126947975820965,0.27598773053315373,inner_temporal_within_outer_train_by_video_80_20,0,True,146183,37044
20260631,51,0.15133330722649893,0.2765082628204478,inner_temporal_within_outer_train_by_video_80_20,0,True,146183,37044
20260631,52,0.1512171435687277,0.27647189102149566,inner_temporal_within_outer_train_by_video_80_20,0,True,146183,37044
20260631,53,0.15120511998732886,0.27653592961454365,inner_temporal_within_outer_train_by_video_80_20,0,True,146183,37044
20260631,54,0.1512491512629721,0.2767108112382884,inner_temporal_within_outer_train_by_video_80_20,0,True,146183,37044
20260631,55,0.1511814064449734,0.277205712739249,inner_temporal_within_outer_train_by_video_80_20,0,True,146183,37044
20260631,56,0.15101931244134903,0.2763474078213351,inner_temporal_within_outer_train_by_video_80_20,0,True,146183,37044
20260631,57,0.15099842018551296,0.27737454689747254,inner_temporal_within_outer_train_by_video_80_20,0,True,146183,37044
20260631,58,0.15107817037238014,0.2766581024080255,inner_temporal_within_outer_train_by_video_80_20,0,True,146183,37044
20260631,59,0.1511121317744255,0.2776102116798443,inner_temporal_within_outer_train_by_video_80_20,0,True,146183,37044
20260631,60,0.15102262712187237,0.2773599132811642,inner_temporal_within_outer_train_by_video_80_20,0,True,146183,37044
20260631,61,0.15101203984684414,0.277029836951147,inner_temporal_within_outer_train_by_video_80_20,0,True,146183,37044
20260631,62,0.15096954007943472,0.27717898534576946,inner_temporal_within_outer_train_by_video_80_20,0,True,146183,37044
20260631,63,0.15095448245604834,0.2770668725849307,inner_temporal_within_outer_train_by_video_80_20,0,True,146183,37044
20260631,64,0.15091762195030847,0.27746677621980853,inner_temporal_within_outer_train_by_video_80_20,0,True,146183,37044
20260631,65,0.15091871470212936,0.2778876334933428,inner_temporal_within_outer_train_by_video_80_20,0,True,146183,37044
20260631,66,0.1509021090136634,0.27766315857898083,inner_temporal_within_outer_train_by_video_80_20,0,True,146183,37044
20260631,67,0.15085382925139534,0.2775790147539192,inner_temporal_within_outer_train_by_video_80_20,0,True,146183,37044
20260631,68,0.15088120765156215,0.27783725681753685,inner_temporal_within_outer_train_by_video_80_20,0,True,146183,37044
20260631,69,0.15083527233865526,0.27750674211131104,inner_temporal_within_outer_train_by_video_80_20,0,True,146183,37044
20260631,70,0.1507706435190307,0.2780480919434607,inner_temporal_within_outer_train_by_video_80_20,0,True,146183,37044
20260631,71,0.15072757088475758,0.2778133978372898,inner_temporal_within_outer_train_by_video_80_20,0,True,146183,37044
20260631,72,0.15081832061211267,0.2785991087115227,inner_temporal_within_outer_train_by_video_80_20,0,True,146183,37044
20260631,73,0.15070989645189709,0.2781705046077727,inner_temporal_within_outer_train_by_video_80_20,0,True,146183,37044
20260631,74,0.15071873366832733,0.2778507708282169,inner_temporal_within_outer_train_by_video_80_20,0,True,146183,37044
20260631,75,0.1506253191166454,0.2779184735986476,inner_temporal_within_outer_train_by_video_80_20,0,True,146183,37044
20260631,76,0.15071896960337958,0.2784299118214034,inner_temporal_within_outer_train_by_video_80_20,0,True,146183,37044
20260631,77,0.15063724335696962,0.27815621799097073,inner_temporal_within_outer_train_by_video_80_20,0,True,146183,37044
20260631,78,0.1506157492597898,0.2783629944749703,inner_temporal_within_outer_train_by_video_80_20,0,True,146183,37044
20260631,79,0.15062470651335186,0.27801433716805546,inner_temporal_within_outer_train_by_video_80_20,0,True,146183,37044
20260631,80,0.15057439191473854,0.2776159749123849,inner_temporal_within_outer_train_by_video_80_20,0,True,146183,37044
20260632,1,0.19444815897279316,0.21398573757005965,inner_temporal_within_outer_train_by_video_80_20,0,True,146183,37044
20260632,2,0.16152807739045885,0.24244966386347153,inner_temporal_within_outer_train_by_video_80_20,0,True,146183,37044
20260632,3,0.15747212287452486,0.2525739639050484,inner_temporal_within_outer_train_by_video_80_20,0,True,146183,37044
20260632,4,0.15611866116523743,0.2555389129357713,inner_temporal_within_outer_train_by_video_80_20,0,True,146183,37044
20260632,5,0.15545863658189774,0.25874556436542984,inner_temporal_within_outer_train_by_video_80_20,0,True,146183,37044
20260632,6,0.15490607337819207,0.2605688076865073,inner_temporal_within_outer_train_by_video_80_20,0,True,146183,37044
20260632,7,0.154584977361891,0.26264848398764407,inner_temporal_within_outer_train_by_video_80_20,0,True,146183,37044
20260632,8,0.15425275680091646,0.2646374537063555,inner_temporal_within_outer_train_by_video_80_20,0,True,146183,37044
20260632,9,0.154014946685897,0.2648296379436074,inner_temporal_within_outer_train_by_video_80_20,0,True,146183,37044
20260632,10,0.15375799851285088,0.2656835292585442,inner_temporal_within_outer_train_by_video_80_20,0,True,146183,37044
20260632,11,0.15353361931112078,0.2667316476848109,inner_temporal_within_outer_train_by_video_80_20,0,True,146183,37044
20260632,12,0.15353147188822427,0.2663155826195503,inner_temporal_within_outer_train_by_video_80_20,0,True,146183,37044
20260632,13,0.15339390436808267,0.2678472848031728,inner_temporal_within_outer_train_by_video_80_20,0,True,146183,37044
20260632,14,0.15323785609669155,0.26819831129306004,inner_temporal_within_outer_train_by_video_80_20,0,True,146183,37044
20260632,15,0.15301390571726692,0.2683369836320969,inner_temporal_within_outer_train_by_video_80_20,0,True,146183,37044
20260632,16,0.15298821611536872,0.27013270026449077,inner_temporal_within_outer_train_by_video_80_20,0,True,146183,37044
20260632,17,0.15285474061965942,0.26978811248310675,inner_temporal_within_outer_train_by_video_80_20,0,True,146183,37044
20260632,18,0.1527118624912368,0.2694815117203972,inner_temporal_within_outer_train_by_video_80_20,0,True,146183,37044
20260632,19,0.15266001472870508,0.27109862774135784,inner_temporal_within_outer_train_by_video_80_20,0,True,146183,37044
20260632,20,0.15247205644845963,0.2710452865210826,inner_temporal_within_outer_train_by_video_80_20,0,True,146183,37044
20260632,21,0.15242428249782985,0.2715258090936355,inner_temporal_within_outer_train_by_video_80_20,0,True,146183,37044
20260632,22,0.1523555169502894,0.2716043929057886,inner_temporal_within_outer_train_by_video_80_20,0,True,146183,37044
20260632,23,0.1523039150569174,0.27197608922418665,inner_temporal_within_outer_train_by_video_80_20,0,True,146183,37044
20260632,24,0.15226688815487754,0.2726052869889951,inner_temporal_within_outer_train_by_video_80_20,0,True,146183,37044
20260632,25,0.15225525614288118,0.27279647519540295,inner_temporal_within_outer_train_by_video_80_20,0,True,146183,37044
20260632,26,0.1521567760242356,0.2724783891514885,inner_temporal_within_outer_train_by_video_80_20,0,True,146183,37044
20260632,27,0.15207201573583815,0.2736717522576198,inner_temporal_within_outer_train_by_video_80_20,0,True,146183,37044
20260632,28,0.1521222839752833,0.27320576108364425,inner_temporal_within_outer_train_by_video_80_20,0,True,146183,37044
20260632,29,0.15207432127661175,0.2744600199808488,inner_temporal_within_outer_train_by_video_80_20,0,True,146183,37044
20260632,30,0.15192509525352055,0.2742172158171039,inner_temporal_within_outer_train_by_video_80_20,0,True,146183,37044
20260632,31,0.15188060452540716,0.2737565127466788,inner_temporal_within_outer_train_by_video_80_20,0,True,146183,37044
20260632,32,0.15187865909602907,0.2740659545646184,inner_temporal_within_outer_train_by_video_80_20,0,True,146183,37044
20260632,33,0.15179501639472115,0.2745293996845837,inner_temporal_within_outer_train_by_video_80_20,0,True,146183,37044
20260632,34,0.15187980400191414,0.27467130062136474,inner_temporal_within_outer_train_by_video_80_20,0,True,146183,37044
20260632,35,0.15186538878414366,0.2742273079848889,inner_temporal_within_outer_train_by_video_80_20,0,True,146183,37044
20260632,36,0.15174677802456749,0.2750650228718025,inner_temporal_within_outer_train_by_video_80_20,0,True,146183,37044
20260632,37,0.15172867311371696,0.2748723900731496,inner_temporal_within_outer_train_by_video_80_20,0,True,146183,37044
20260632,38,0.15165283365382087,0.2748836973747682,inner_temporal_within_outer_train_by_video_80_20,0,True,146183,37044
20260632,39,0.15168125265174442,0.2753535419402793,inner_temporal_within_outer_train_by_video_80_20,0,True,146183,37044
20260632,40,0.1516292550497585,0.2751923662483475,inner_temporal_within_outer_train_by_video_80_20,0,True,146183,37044
20260632,41,0.15156549794806373,0.27505447224595975,inner_temporal_within_outer_train_by_video_80_20,0,True,146183,37044
20260632,42,0.151540607213974,0.2749656141132635,inner_temporal_within_outer_train_by_video_80_20,0,True,146183,37044
20260632,43,0.1515699103474617,0.2762840972853099,inner_temporal_within_outer_train_by_video_80_20,0,True,146183,37044
20260632,44,0.15157076136933434,0.2751467539272585,inner_temporal_within_outer_train_by_video_80_20,0,True,146183,37044
20260632,45,0.15154065522882673,0.2757254538215205,inner_temporal_within_outer_train_by_video_80_20,0,True,146183,37044
20260632,46,0.15144712146785524,0.2752551583542275,inner_temporal_within_outer_train_by_video_80_20,0,True,146183,37044
20260632,47,0.15144844353199005,0.27592872221226505,inner_temporal_within_outer_train_by_video_80_20,0,True,146183,37044
20260632,48,0.1513629605372747,0.27609237502960327,inner_temporal_within_outer_train_by_video_80_20,0,True,146183,37044
20260632,49,0.1514156303471989,0.27604922878096355,inner_temporal_within_outer_train_by_video_80_20,0,True,146183,37044
20260632,50,0.1512861674030622,0.27618732753900266,inner_temporal_within_outer_train_by_video_80_20,0,True,146183,37044
20260632,51,0.15134084804190528,0.27677467511741827,inner_temporal_within_outer_train_by_video_80_20,0,True,146183,37044
20260632,52,0.15131348040368822,0.275387182770772,inner_temporal_within_outer_train_by_video_80_20,0,True,146183,37044
20260632,53,0.1513249253233274,0.2770701741335929,inner_temporal_within_outer_train_by_video_80_20,0,True,146183,37044
20260632,54,0.1512806076142523,0.27699121824718426,inner_temporal_within_outer_train_by_video_80_20,0,True,146183,37044
20260632,55,0.1511999112036493,0.2763116803061586,inner_temporal_within_outer_train_by_video_80_20,0,True,146183,37044
20260632,56,0.15115252882242203,0.27730156360434355,inner_temporal_within_outer_train_by_video_80_20,0,True,146183,37044
20260632,57,0.15111201422082055,0.276268118273147,inner_temporal_within_outer_train_by_video_80_20,0,True,146183,37044
20260632,58,0.15107273393207127,0.27732826716483494,inner_temporal_within_outer_train_by_video_80_20,0,True,146183,37044
20260632,59,0.15122484332985348,0.2766796929754745,inner_temporal_within_outer_train_by_video_80_20,0,True,146183,37044
20260632,60,0.15110421346293557,0.27718427225099596,inner_temporal_within_outer_train_by_video_80_20,0,True,146183,37044
20260632,61,0.15103360596630308,0.27674839531966794,inner_temporal_within_outer_train_by_video_80_20,0,True,146183,37044
20260632,62,0.15104308641619152,0.2772053587360452,inner_temporal_within_outer_train_by_video_80_20,0,True,146183,37044
20260632,63,0.1510172130333053,0.27673185362286395,inner_temporal_within_outer_train_by_video_80_20,0,True,146183,37044
20260632,64,0.15100206517510945,0.2781328483778202,inner_temporal_within_outer_train_by_video_80_20,0,True,146183,37044
20260632,65,0.15098356786701414,0.2774747245763154,inner_temporal_within_outer_train_by_video_80_20,0,True,146183,37044
20260632,66,0.15097931855254704,0.27786454872032307,inner_temporal_within_outer_train_by_video_80_20,0,True,146183,37044
20260632,67,0.15096410860617956,0.2779073026186817,inner_temporal_within_outer_train_by_video_80_20,0,True,146183,37044
20260632,68,0.1510364512602488,0.277740464973104,inner_temporal_within_outer_train_by_video_80_20,0,True,146183,37044
20260632,69,0.15084406981865564,0.2775947858238278,inner_temporal_within_outer_train_by_video_80_20,0,True,146183,37044
20260632,70,0.1508741569187906,0.2782715933758099,inner_temporal_within_outer_train_by_video_80_20,0,True,146183,37044
20260632,71,0.1509224565492736,0.27817961857307727,inner_temporal_within_outer_train_by_video_80_20,0,True,146183,37044
20260632,72,0.15083875093195173,0.27771410869776253,inner_temporal_within_outer_train_by_video_80_20,0,True,146183,37044
20260632,73,0.15081051405933169,0.27832356627347726,inner_temporal_within_outer_train_by_video_80_20,0,True,146183,37044
20260632,74,0.15083589570389855,0.27784698959147747,inner_temporal_within_outer_train_by_video_80_20,0,True,146183,37044
20260632,75,0.15073331031534407,0.2783558632231742,inner_temporal_within_outer_train_by_video_80_20,0,True,146183,37044
20260632,76,0.15075542446639803,0.27848669904029544,inner_temporal_within_outer_train_by_video_80_20,0,True,146183,37044
20260632,77,0.15064745479159886,0.2785905096758989,inner_temporal_within_outer_train_by_video_80_20,0,True,146183,37044
20260632,78,0.15056305792596605,0.2784418400314559,inner_temporal_within_outer_train_by_video_80_20,0,True,146183,37044
20260632,79,0.1506967784629928,0.27908789865816747,inner_temporal_within_outer_train_by_video_80_20,0,True,146183,37044
20260632,80,0.15059560123417112,0.27862365844668757,inner_temporal_within_outer_train_by_video_80_20,0,True,146183,37044
20260633,1,0.21663525617784923,0.1753871335426723,inner_temporal_within_outer_train_by_video_80_20,0,True,146183,37044
20260633,2,0.16425367693106332,0.23860503211355466,inner_temporal_within_outer_train_by_video_80_20,0,True,146183,37044
20260633,3,0.1586958948108885,0.24574077763419017,inner_temporal_within_outer_train_by_video_80_20,0,True,146183,37044
20260633,4,0.1574882666269938,0.25073010074611174,inner_temporal_within_outer_train_by_video_80_20,0,True,146183,37044
20260633,5,0.15661016437742445,0.2523533384078468,inner_temporal_within_outer_train_by_video_80_20,0,True,146183,37044
20260633,6,0.1559001232186953,0.2544593434656852,inner_temporal_within_outer_train_by_video_80_20,0,True,146183,37044
20260633,7,0.15554810646507475,0.2562864568411743,inner_temporal_within_outer_train_by_video_80_20,0,True,146183,37044
20260633,8,0.1549956575036049,0.25902660965155044,inner_temporal_within_outer_train_by_video_80_20,0,True,146183,37044
20260633,9,0.1547707493106524,0.26090458187699406,inner_temporal_within_outer_train_by_video_80_20,0,True,146183,37044
20260633,10,0.15454149742921194,0.2623058655273801,inner_temporal_within_outer_train_by_video_80_20,0,True,146183,37044
20260633,11,0.15429073654943043,0.2631769317972664,inner_temporal_within_outer_train_by_video_80_20,0,True,146183,37044
20260633,12,0.15424064298470816,0.26439206325610537,inner_temporal_within_outer_train_by_video_80_20,0,True,146183,37044
20260633,13,0.15392829560571247,0.26564730699256045,inner_temporal_within_outer_train_by_video_80_20,0,True,146183,37044
20260633,14,0.15380042046308517,0.26599281841698735,inner_temporal_within_outer_train_by_video_80_20,0,True,146183,37044
20260633,15,0.15368163254525927,0.2667737872317073,inner_temporal_within_outer_train_by_video_80_20,0,True,146183,37044
20260633,16,0.15352223647965324,0.26749377464028135,inner_temporal_within_outer_train_by_video_80_20,0,True,146183,37044
20260633,17,0.15339648640818065,0.2674891362311229,inner_temporal_within_outer_train_by_video_80_20,0,True,146183,37044
20260633,18,0.1533405507604281,0.2684815401801646,inner_temporal_within_outer_train_by_video_80_20,0,True,146183,37044
20260633,19,0.15321398112508985,0.2685672312668806,inner_temporal_within_outer_train_by_video_80_20,0,True,146183,37044
20260633,20,0.1531259516874949,0.2690722285656421,inner_temporal_within_outer_train_by_video_80_20,0,True,146183,37044
20260633,21,0.15298988504542244,0.26933593833981223,inner_temporal_within_outer_train_by_video_80_20,0,True,146183,37044
20260633,22,0.15302198711368772,0.2701231801726852,inner_temporal_within_outer_train_by_video_80_20,0,True,146183,37044
20260633,23,0.1528926980164316,0.2704348026706614,inner_temporal_within_outer_train_by_video_80_20,0,True,146183,37044
20260633,24,0.152801513671875,0.27042280432630106,inner_temporal_within_outer_train_by_video_80_20,0,True,146183,37044
20260633,25,0.15275675223933327,0.27048778200018175,inner_temporal_within_outer_train_by_video_80_20,0,True,146183,37044
20260633,26,0.1526111306415664,0.2718592082204966,inner_temporal_within_outer_train_by_video_80_20,0,True,146183,37044
20260633,27,0.1525683883163664,0.2714990515940208,inner_temporal_within_outer_train_by_video_80_20,0,True,146183,37044
20260633,28,0.15257668329609764,0.27149882625828853,inner_temporal_within_outer_train_by_video_80_20,0,True,146183,37044
20260633,29,0.15248851892020968,0.2726362936505451,inner_temporal_within_outer_train_by_video_80_20,0,True,146183,37044
20260633,30,0.15241466131475237,0.27241739996224545,inner_temporal_within_outer_train_by_video_80_20,0,True,146183,37044
20260633,31,0.1523725895418061,0.27265067389830555,inner_temporal_within_outer_train_by_video_80_20,0,True,146183,37044
20260633,32,0.15233109063572353,0.273077049430893,inner_temporal_within_outer_train_by_video_80_20,0,True,146183,37044
20260633,33,0.1523302329911126,0.273633811608177,inner_temporal_within_outer_train_by_video_80_20,0,True,146183,37044
20260633,34,0.152203774286641,0.27348569074526063,inner_temporal_within_outer_train_by_video_80_20,0,True,146183,37044
20260633,35,0.15217105050881705,0.27412543183600857,inner_temporal_within_outer_train_by_video_80_20,0,True,146183,37044
20260633,36,0.15213131407896677,0.2741706824104085,inner_temporal_within_outer_train_by_video_80_20,0,True,146183,37044
20260633,37,0.152095136543115,0.27431557908560444,inner_temporal_within_outer_train_by_video_80_20,0,True,146183,37044
20260633,38,0.1519175014562077,0.2744872180660829,inner_temporal_within_outer_train_by_video_80_20,0,True,146183,37044
20260633,39,0.15198897653155857,0.273948103874645,inner_temporal_within_outer_train_by_video_80_20,0,True,146183,37044
20260633,40,0.15186487386624017,0.27439686562685794,inner_temporal_within_outer_train_by_video_80_20,0,True,146183,37044
20260633,41,0.15186993032693863,0.27496518656048313,inner_temporal_within_outer_train_by_video_80_20,0,True,146183,37044
20260633,42,0.15183206233713362,0.2743963444232418,inner_temporal_within_outer_train_by_video_80_20,0,True,146183,37044
20260633,43,0.1518515224258105,0.2754064013852769,inner_temporal_within_outer_train_by_video_80_20,0,True,146183,37044
20260633,44,0.15171695086691114,0.27529683183249876,inner_temporal_within_outer_train_by_video_80_20,0,True,146183,37044
20260633,45,0.15166669504510033,0.2752085446320115,inner_temporal_within_outer_train_by_video_80_20,0,True,146183,37044
20260633,46,0.15159670677449968,0.2754551443448112,inner_temporal_within_outer_train_by_video_80_20,0,True,146183,37044
20260633,47,0.15159990638494492,0.27514170296379764,inner_temporal_within_outer_train_by_video_80_20,0,True,146183,37044
20260633,48,0.15149253689580494,0.27566830253278723,inner_temporal_within_outer_train_by_video_80_20,0,True,146183,37044
20260633,49,0.15159191853470272,0.27526540816293904,inner_temporal_within_outer_train_by_video_80_20,0,True,146183,37044
20260633,50,0.1514601914419068,0.2757475259885241,inner_temporal_within_outer_train_by_video_80_20,0,True,146183,37044
20260633,51,0.15145062655210495,0.27589365615281936,inner_temporal_within_outer_train_by_video_80_20,0,True,146183,37044
20260633,52,0.1514752076731788,0.2758186095550084,inner_temporal_within_outer_train_by_video_80_20,0,True,146183,37044
20260633,53,0.1514788137541877,0.276017299181713,inner_temporal_within_outer_train_by_video_80_20,0,True,146183,37044
20260633,54,0.15138737774557537,0.27617836599848894,inner_temporal_within_outer_train_by_video_80_20,0,True,146183,37044
20260633,55,0.15135898854997423,0.2764969672595698,inner_temporal_within_outer_train_by_video_80_20,0,True,146183,37044
20260633,56,0.15131969584359062,0.27555123046059227,inner_temporal_within_outer_train_by_video_80_20,0,True,146183,37044
20260633,57,0.15129813303550085,0.2764462591781452,inner_temporal_within_outer_train_by_video_80_20,0,True,146183,37044
20260633,58,0.1511934432718489,0.2761604670684231,inner_temporal_within_outer_train_by_video_80_20,0,True,146183,37044
20260633,59,0.1512834115160836,0.2763911602371203,inner_temporal_within_outer_train_by_video_80_20,0,True,146183,37044
20260633,60,0.1512082318464915,0.27592760141015066,inner_temporal_within_outer_train_by_video_80_20,0,True,146183,37044
20260633,61,0.15118052810430527,0.2769574130009302,inner_temporal_within_outer_train_by_video_80_20,0,True,146183,37044
20260633,62,0.1511311853925387,0.2763011001184718,inner_temporal_within_outer_train_by_video_80_20,0,True,146183,37044
20260633,63,0.15108673522869745,0.2765109402339559,inner_temporal_within_outer_train_by_video_80_20,0,True,146183,37044
20260633,64,0.1511725833018621,0.27687798528165664,inner_temporal_within_outer_train_by_video_80_20,0,True,146183,37044
20260633,65,0.1511029890841908,0.2770421042411862,inner_temporal_within_outer_train_by_video_80_20,0,True,146183,37044
20260633,66,0.1510882948835691,0.2769821130038911,inner_temporal_within_outer_train_by_video_80_20,0,True,146183,37044
20260633,67,0.15102523648076588,0.27675534610344976,inner_temporal_within_outer_train_by_video_80_20,0,True,146183,37044
20260633,68,0.1510324643717872,0.2772040626063874,inner_temporal_within_outer_train_by_video_80_20,0,True,146183,37044
20260633,69,0.15093617141246796,0.27659363659384184,inner_temporal_within_outer_train_by_video_80_20,0,True,146183,37044
20260633,70,0.15094123284022012,0.27716193232458025,inner_temporal_within_outer_train_by_video_80_20,0,True,146183,37044
20260633,71,0.1509966105222702,0.276870002339255,inner_temporal_within_outer_train_by_video_80_20,0,True,146183,37044
20260633,72,0.1509008068177435,0.27770272506792315,inner_temporal_within_outer_train_by_video_80_20,0,True,146183,37044
20260633,73,0.15090971191724142,0.27673698606372205,inner_temporal_within_outer_train_by_video_80_20,0,True,146183,37044
20260633,74,0.15086376584238476,0.2772998160698019,inner_temporal_within_outer_train_by_video_80_20,0,True,146183,37044
20260633,75,0.1509147874183125,0.2774108780253775,inner_temporal_within_outer_train_by_video_80_20,0,True,146183,37044
20260633,76,0.15084410789940092,0.27706074739540765,inner_temporal_within_outer_train_by_video_80_20,0,True,146183,37044
20260633,77,0.1508270808392101,0.2778971110854562,inner_temporal_within_outer_train_by_video_80_20,0,True,146183,37044
20260633,78,0.15075290120310253,0.2775973468712563,inner_temporal_within_outer_train_by_video_80_20,0,True,146183,37044
20260633,79,0.15076367143127653,0.27746448382565486,inner_temporal_within_outer_train_by_video_80_20,0,True,146183,37044
20260633,80,0.1506682833035787,0.27793787214317356,inner_temporal_within_outer_train_by_video_80_20,0,True,146183,37044
20260634,1,0.21343936771154404,0.2346592358718081,inner_temporal_within_outer_train_by_video_80_20,0,True,146183,37044
20260634,2,0.16398601316743427,0.24242938553003968,inner_temporal_within_outer_train_by_video_80_20,0,True,146183,37044
20260634,3,0.15840105464061102,0.2531471908523032,inner_temporal_within_outer_train_by_video_80_20,0,True,146183,37044
20260634,4,0.157139267358515,0.2583986131865404,inner_temporal_within_outer_train_by_video_80_20,0,True,146183,37044
20260634,5,0.15645353827211592,0.26048564258290025,inner_temporal_within_outer_train_by_video_80_20,0,True,146183,37044
20260634,6,0.15585097091065514,0.26240085911757755,inner_temporal_within_outer_train_by_video_80_20,0,True,146183,37044
20260634,7,0.15554995006985134,0.2639165216628228,inner_temporal_within_outer_train_by_video_80_20,0,True,146183,37044
20260634,8,0.15514707151386473,0.26436492460129873,inner_temporal_within_outer_train_by_video_80_20,0,True,146183,37044
20260634,9,0.15498323573006523,0.2660275245772301,inner_temporal_within_outer_train_by_video_80_20,0,True,146183,37044
20260634,10,0.15470122628741795,0.26628687491970227,inner_temporal_within_outer_train_by_video_80_20,0,True,146183,37044
20260634,11,0.15453703535927665,0.2664984198459668,inner_temporal_within_outer_train_by_video_80_20,0,True,146183,37044
20260634,12,0.15424994296497768,0.2675981368278556,inner_temporal_within_outer_train_by_video_80_20,0,True,146183,37044
20260634,13,0.15421946181191337,0.26798785382976387,inner_temporal_within_outer_train_by_video_80_20,0,True,146183,37044
20260634,14,0.15401340689924028,0.2682982028407694,inner_temporal_within_outer_train_by_video_80_20,0,True,146183,37044
20260634,15,0.15393072283930248,0.26843698558850276,inner_temporal_within_outer_train_by_video_80_20,0,True,146183,37044
20260634,16,0.15364665041367212,0.26856637062893546,inner_temporal_within_outer_train_by_video_80_20,0,True,146183,37044
20260634,17,0.15364094078540802,0.26900772082668356,inner_temporal_within_outer_train_by_video_80_20,0,True,146183,37044
20260634,18,0.15343364659282896,0.269904016984181,inner_temporal_within_outer_train_by_video_80_20,0,True,146183,37044
20260634,19,0.15345736841360727,0.2698388517496046,inner_temporal_within_outer_train_by_video_80_20,0,True,146183,37044
20260634,20,0.1532399273580975,0.2701701438201794,inner_temporal_within_outer_train_by_video_80_20,0,True,146183,37044
20260634,21,0.15312228600184122,0.2710512508655568,inner_temporal_within_outer_train_by_video_80_20,0,True,146183,37044
20260634,22,0.15309794743855795,0.2704268101975313,inner_temporal_within_outer_train_by_video_80_20,0,True,146183,37044
20260634,23,0.1529047398103608,0.27156087118063893,inner_temporal_within_outer_train_by_video_80_20,0,True,146183,37044
20260634,24,0.1528460822171635,0.2712470803686745,inner_temporal_within_outer_train_by_video_80_20,0,True,146183,37044
20260634,25,0.1527176077167193,0.2718323282166124,inner_temporal_within_outer_train_by_video_80_20,0,True,146183,37044
20260634,26,0.15269665668408075,0.2726343237935269,inner_temporal_within_outer_train_by_video_80_20,0,True,146183,37044
20260634,27,0.1525476723909378,0.27208314793861066,inner_temporal_within_outer_train_by_video_80_20,0,True,146183,37044
20260634,28,0.1525630553563436,0.27311848303925657,inner_temporal_within_outer_train_by_video_80_20,0,True,146183,37044
20260634,29,0.1525602067510287,0.2732045134848637,inner_temporal_within_outer_train_by_video_80_20,0,True,146183,37044
20260634,30,0.15246455950869453,0.2728195434866159,inner_temporal_within_outer_train_by_video_80_20,0,True,146183,37044
20260634,31,0.15244215312931272,0.27376488213163497,inner_temporal_within_outer_train_by_video_80_20,0,True,146183,37044
20260634,32,0.15236389223072264,0.2739497093842456,inner_temporal_within_outer_train_by_video_80_20,0,True,146183,37044
20260634,33,0.15227226747406852,0.27346862668061156,inner_temporal_within_outer_train_by_video_80_20,0,True,146183,37044
20260634,34,0.1522217947575781,0.2741816202086975,inner_temporal_within_outer_train_by_video_80_20,0,True,146183,37044
20260634,35,0.15220100598202813,0.2743404296310261,inner_temporal_within_outer_train_by_video_80_20,0,True,146183,37044
20260634,36,0.1522103961971071,0.27443333825670185,inner_temporal_within_outer_train_by_video_80_20,0,True,146183,37044
20260634,37,0.1522187019387881,0.27490462832409607,inner_temporal_within_outer_train_by_video_80_20,0,True,146183,37044
20260634,38,0.15212282290061316,0.27485345184520743,inner_temporal_within_outer_train_by_video_80_20,0,True,146183,37044
20260634,39,0.15197144697109857,0.2745446852817499,inner_temporal_within_outer_train_by_video_80_20,0,True,146183,37044
20260634,40,0.15203513205051422,0.2755459664952584,inner_temporal_within_outer_train_by_video_80_20,0,True,146183,37044
20260634,41,0.15195362518231073,0.2752771890888649,inner_temporal_within_outer_train_by_video_80_20,0,True,146183,37044
20260634,42,0.1519587611158689,0.27605848013518663,inner_temporal_within_outer_train_by_video_80_20,0,True,146183,37044
20260634,43,0.15184186730119917,0.27578943419951446,inner_temporal_within_outer_train_by_video_80_20,0,True,146183,37044
20260634,44,0.15181722574763828,0.2763244167763765,inner_temporal_within_outer_train_by_video_80_20,0,True,146183,37044
20260634,45,0.15173431734244028,0.275485964570203,inner_temporal_within_outer_train_by_video_80_20,0,True,146183,37044
20260634,46,0.15179504536920124,0.27613518713127677,inner_temporal_within_outer_train_by_video_80_20,0,True,146183,37044
20260634,47,0.15178581492768395,0.2757492219387724,inner_temporal_within_outer_train_by_video_80_20,0,True,146183,37044
20260634,48,0.15170706229077446,0.2764214743416922,inner_temporal_within_outer_train_by_video_80_20,0,True,146183,37044
20260634,49,0.15168958322869408,0.275744331132929,inner_temporal_within_outer_train_by_video_80_20,0,True,146183,37044
20260634,50,0.15162838333182865,0.276917833619694,inner_temporal_within_outer_train_by_video_80_20,0,True,146183,37044
20260634,51,0.1516500504480468,0.2757728621761689,inner_temporal_within_outer_train_by_video_80_20,0,True,146183,37044
20260634,52,0.1516627569993337,0.2765934767809003,inner_temporal_within_outer_train_by_video_80_20,0,True,146183,37044
20260634,53,0.1516700569126341,0.2767609385821629,inner_temporal_within_outer_train_by_video_80_20,0,True,146183,37044
20260634,54,0.15151987473169962,0.2764947359891461,inner_temporal_within_outer_train_by_video_80_20,0,True,146183,37044
20260634,55,0.15147977736261156,0.2766239877564471,inner_temporal_within_outer_train_by_video_80_20,0,True,146183,37044
20260634,56,0.1513921552234226,0.2775700495608744,inner_temporal_within_outer_train_by_video_80_20,0,True,146183,37044
20260634,57,0.151468425989151,0.2763574006711421,inner_temporal_within_outer_train_by_video_80_20,0,True,146183,37044
20260634,58,0.15142918709251615,0.27710997777137303,inner_temporal_within_outer_train_by_video_80_20,0,True,146183,37044
20260634,59,0.151422757241461,0.27719295834049584,inner_temporal_within_outer_train_by_video_80_20,0,True,146183,37044
20260634,60,0.15152552227179208,0.2766975076784143,inner_temporal_within_outer_train_by_video_80_20,0,True,146183,37044
20260634,61,0.15135312659872902,0.2769160365017772,inner_temporal_within_outer_train_by_video_80_20,0,True,146183,37044
20260634,62,0.1513598221871588,0.27691777269414003,inner_temporal_within_outer_train_by_video_80_20,0,True,146183,37044
20260634,63,0.15121197783284718,0.27771951250834653,inner_temporal_within_outer_train_by_video_80_20,0,True,146183,37044
20260634,64,0.1512402966618538,0.2769488280238322,inner_temporal_within_outer_train_by_video_80_20,0,True,146183,37044
20260634,65,0.15136531657642788,0.27786051104486653,inner_temporal_within_outer_train_by_video_80_20,0,True,146183,37044
20260634,66,0.15118755482965046,0.27731948037784876,inner_temporal_within_outer_train_by_video_80_20,0,True,146183,37044
20260634,67,0.15129749394125408,0.2777150359496888,inner_temporal_within_outer_train_by_video_80_20,0,True,146183,37044
20260634,68,0.15120130942927468,0.27744182048494215,inner_temporal_within_outer_train_by_video_80_20,0,True,146183,37044
20260634,69,0.15120840900474125,0.2773635007124994,inner_temporal_within_outer_train_by_video_80_20,0,True,146183,37044
20260634,70,0.15116413599914974,0.2776965635082128,inner_temporal_within_outer_train_by_video_80_20,0,True,146183,37044
20260634,71,0.1511163885394732,0.27724081907012815,inner_temporal_within_outer_train_by_video_80_20,0,True,146183,37044
20260634,72,0.15116037759515974,0.2780141290347619,inner_temporal_within_outer_train_by_video_80_20,0,True,146183,37044
20260634,73,0.15113665991359287,0.2779748624916237,inner_temporal_within_outer_train_by_video_80_20,0,True,146183,37044
20260634,74,0.15109586053424412,0.27830180749932815,inner_temporal_within_outer_train_by_video_80_20,0,True,146183,37044
20260634,75,0.1511094429426723,0.2775020810676132,inner_temporal_within_outer_train_by_video_80_20,0,True,146183,37044
20260634,76,0.15106735875209173,0.27812643009064075,inner_temporal_within_outer_train_by_video_80_20,0,True,146183,37044
20260634,77,0.15106451428598827,0.2782821235335086,inner_temporal_within_outer_train_by_video_80_20,0,True,146183,37044
20260634,78,0.15099161035484737,0.27758708573360014,inner_temporal_within_outer_train_by_video_80_20,0,True,146183,37044
20260634,79,0.15090180850691265,0.2784482855392168,inner_temporal_within_outer_train_by_video_80_20,0,True,146183,37044
20260634,80,0.15089160866207546,0.2777304107435261,inner_temporal_within_outer_train_by_video_80_20,0,True,146183,37044
20260625,1,0.22437402606010437,0.1868305551471558,inner_temporal_within_outer_train_by_video_80_20,0,True,146189,37045
20260625,2,0.16397086282571158,0.24730619717280647,inner_temporal_within_outer_train_by_video_80_20,0,True,146189,37045
20260625,3,0.15777883099185097,0.24945874301531085,inner_temporal_within_outer_train_by_video_80_20,0,True,146189,37045
20260625,4,0.15646679202715555,0.2567619399501975,inner_temporal_within_outer_train_by_video_80_20,0,True,146189,37045
20260625,5,0.15566889279418522,0.26325703547768076,inner_temporal_within_outer_train_by_video_80_20,0,True,146189,37045
20260625,6,0.15495453857713276,0.2673381601551166,inner_temporal_within_outer_train_by_video_80_20,0,True,146189,37045
20260625,7,0.15453167342477375,0.26987285869959315,inner_temporal_within_outer_train_by_video_80_20,0,True,146189,37045
20260625,8,0.15422196023994023,0.272820825906435,inner_temporal_within_outer_train_by_video_80_20,0,True,146189,37045
20260625,9,0.15381085872650146,0.2738411392306787,inner_temporal_within_outer_train_by_video_80_20,0,True,146189,37045
20260625,10,0.15357500314712524,0.2752099123703771,inner_temporal_within_outer_train_by_video_80_20,0,True,146189,37045
20260625,11,0.15332860002915064,0.27617486907982036,inner_temporal_within_outer_train_by_video_80_20,0,True,146189,37045
20260625,12,0.15318158931202358,0.27612833209963633,inner_temporal_within_outer_train_by_video_80_20,0,True,146189,37045
20260625,13,0.15308676577276653,0.27726665737744116,inner_temporal_within_outer_train_by_video_80_20,0,True,146189,37045
20260625,14,0.1528084228436152,0.2773371725250636,inner_temporal_within_outer_train_by_video_80_20,0,True,146189,37045
20260625,15,0.15271837926573223,0.27737314753395664,inner_temporal_within_outer_train_by_video_80_20,0,True,146189,37045
20260625,16,0.15265856931606928,0.27902507360246376,inner_temporal_within_outer_train_by_video_80_20,0,True,146189,37045
20260625,17,0.1524612315826946,0.27833164089195495,inner_temporal_within_outer_train_by_video_80_20,0,True,146189,37045
20260625,18,0.1523602522081799,0.2795676186175053,inner_temporal_within_outer_train_by_video_80_20,0,True,146189,37045
20260625,19,0.15235226021872628,0.27910832976025124,inner_temporal_within_outer_train_by_video_80_20,0,True,146189,37045
20260625,20,0.15213902708556917,0.2795251294929577,inner_temporal_within_outer_train_by_video_80_20,0,True,146189,37045
20260625,21,0.1521914096342193,0.27973626267106055,inner_temporal_within_outer_train_by_video_80_20,0,True,146189,37045
20260625,22,0.15202108687824673,0.2793470485123865,inner_temporal_within_outer_train_by_video_80_20,0,True,146189,37045
20260625,23,0.15205486946635777,0.28102775971710275,inner_temporal_within_outer_train_by_video_80_20,0,True,146189,37045
20260625,24,0.15187746700313356,0.28040617680881746,inner_temporal_within_outer_train_by_video_80_20,0,True,146189,37045
20260625,25,0.15178781913386452,0.28005942779233434,inner_temporal_within_outer_train_by_video_80_20,0,True,146189,37045
20260625,26,0.15173324114746517,0.27975280653289214,inner_temporal_within_outer_train_by_video_80_20,0,True,146189,37045
20260625,27,0.15177519785033333,0.2802582359882747,inner_temporal_within_outer_train_by_video_80_20,0,True,146189,37045
20260625,28,0.15158829589684805,0.28021111630659795,inner_temporal_within_outer_train_by_video_80_20,0,True,146189,37045
20260625,29,0.15165414909521738,0.2805093457494427,inner_temporal_within_outer_train_by_video_80_20,0,True,146189,37045
20260625,30,0.15163019051154455,0.2807202723934165,inner_temporal_within_outer_train_by_video_80_20,0,True,146189,37045
20260625,31,0.15149873909023073,0.28094116816664166,inner_temporal_within_outer_train_by_video_80_20,0,True,146189,37045
20260625,32,0.15152904391288757,0.28034020205619936,inner_temporal_within_outer_train_by_video_80_20,0,True,146189,37045
20260625,33,0.15140478892458809,0.28088948713154455,inner_temporal_within_outer_train_by_video_80_20,0,True,146189,37045
20260625,34,0.1513159523407618,0.28024754178744987,inner_temporal_within_outer_train_by_video_80_20,0,True,146189,37045
20260625,35,0.1513736496369044,0.28097421273285456,inner_temporal_within_outer_train_by_video_80_20,0,True,146189,37045
20260626,1,0.19468435562319225,0.21074768623244672,inner_temporal_within_outer_train_by_video_80_20,0,True,146189,37045
20260626,2,0.1607282037536303,0.25295216599398856,inner_temporal_within_outer_train_by_video_80_20,0,True,146189,37045
20260626,3,0.15615605728493798,0.25500658371421314,inner_temporal_within_outer_train_by_video_80_20,0,True,146189,37045
20260626,4,0.1548642391959826,0.2604922269979105,inner_temporal_within_outer_train_by_video_80_20,0,True,146189,37045
20260626,5,0.15416995767090055,0.2649663012008461,inner_temporal_within_outer_train_by_video_80_20,0,True,146189,37045
20260626,6,0.1536636236641142,0.26786378671832534,inner_temporal_within_outer_train_by_video_80_20,0,True,146189,37045
20260626,7,0.15338796459966236,0.27104506102006287,inner_temporal_within_outer_train_by_video_80_20,0,True,146189,37045
20260626,8,0.15299158046642938,0.27247671971532283,inner_temporal_within_outer_train_by_video_80_20,0,True,146189,37045
20260626,9,0.15285689797666338,0.2736151896242389,inner_temporal_within_outer_train_by_video_80_20,0,True,146189,37045
20260626,10,0.1526222320066558,0.2740456739735494,inner_temporal_within_outer_train_by_video_80_20,0,True,146189,37045
20260626,11,0.1524803555674023,0.27567622961236,inner_temporal_within_outer_train_by_video_80_20,0,True,146189,37045
20260626,12,0.15249314738644493,0.2759973080999877,inner_temporal_within_outer_train_by_video_80_20,0,True,146189,37045
20260626,13,0.15241053534878624,0.2765879269508532,inner_temporal_within_outer_train_by_video_80_20,0,True,146189,37045
20260626,14,0.15224456124835545,0.2772639341015607,inner_temporal_within_outer_train_by_video_80_20,0,True,146189,37045
20260626,15,0.1520458675093121,0.27657623599545034,inner_temporal_within_outer_train_by_video_80_20,0,True,146189,37045
20260626,16,0.15210013919406468,0.27827289390535276,inner_temporal_within_outer_train_by_video_80_20,0,True,146189,37045
20260626,17,0.15201484908660254,0.278149404106359,inner_temporal_within_outer_train_by_video_80_20,0,True,146189,37045
20260626,18,0.1517942953440878,0.2784214000061182,inner_temporal_within_outer_train_by_video_80_20,0,True,146189,37045
20260626,19,0.15188783489995533,0.2782295707734864,inner_temporal_within_outer_train_by_video_80_20,0,True,146189,37045
20260626,20,0.15170717736085257,0.27906720836234195,inner_temporal_within_outer_train_by_video_80_20,0,True,146189,37045
20260626,21,0.1516550158460935,0.27919962631434486,inner_temporal_within_outer_train_by_video_80_20,0,True,146189,37045
20260626,22,0.15159920851389566,0.27900298565794457,inner_temporal_within_outer_train_by_video_80_20,0,True,146189,37045
20260626,23,0.15155604067775938,0.27970200134653833,inner_temporal_within_outer_train_by_video_80_20,0,True,146189,37045
20260626,24,0.1515626369251145,0.27975519007962196,inner_temporal_within_outer_train_by_video_80_20,0,True,146189,37045
20260626,25,0.15146361705329683,0.2792941641122802,inner_temporal_within_outer_train_by_video_80_20,0,True,146189,37045
20260626,26,0.15138920893271765,0.27947800995529465,inner_temporal_within_outer_train_by_video_80_20,0,True,146189,37045
20260626,27,0.1513244244787428,0.27994995649012483,inner_temporal_within_outer_train_by_video_80_20,0,True,146189,37045
20260626,28,0.15129091838995615,0.2804104874247905,inner_temporal_within_outer_train_by_video_80_20,0,True,146189,37045
20260626,29,0.15115934858719507,0.2793389354689673,inner_temporal_within_outer_train_by_video_80_20,0,True,146189,37045
20260626,30,0.15115786509381401,0.280736487104344,inner_temporal_within_outer_train_by_video_80_20,0,True,146189,37045
20260626,31,0.1510451626446512,0.28067490304811044,inner_temporal_within_outer_train_by_video_80_20,0,True,146189,37045
20260626,32,0.15106130805280474,0.28017985082968616,inner_temporal_within_outer_train_by_video_80_20,0,True,146189,37045
20260626,33,0.15098214563396242,0.280625568761524,inner_temporal_within_outer_train_by_video_80_20,0,True,146189,37045
20260626,34,0.15096623367733425,0.2804011526326888,inner_temporal_within_outer_train_by_video_80_20,0,True,146189,37045
20260626,35,0.15097432914707395,0.2806161424558523,inner_temporal_within_outer_train_by_video_80_20,0,True,146189,37045
20260626,36,0.15087733252180946,0.28045309574346805,inner_temporal_within_outer_train_by_video_80_20,0,True,146189,37045
20260626,37,0.15087914715210596,0.280386852345815,inner_temporal_within_outer_train_by_video_80_20,0,True,146189,37045
20260626,38,0.15085507018698585,0.28100795436281273,inner_temporal_within_outer_train_by_video_80_20,0,True,146189,37045
20260626,39,0.15075138128466076,0.2805161210749734,inner_temporal_within_outer_train_by_video_80_20,0,True,146189,37045
20260626,40,0.1506893974211481,0.2811784495538913,inner_temporal_within_outer_train_by_video_80_20,0,True,146189,37045
20260626,41,0.15077027595705456,0.2807343789743226,inner_temporal_within_outer_train_by_video_80_20,0,True,146189,37045
20260626,42,0.1506966311070654,0.28020470843683354,inner_temporal_within_outer_train_by_video_80_20,0,True,146189,37045
20260626,43,0.15061742315689722,0.2808044429977743,inner_temporal_within_outer_train_by_video_80_20,0,True,146189,37045
20260626,44,0.15063711421357262,0.28106533014534363,inner_temporal_within_outer_train_by_video_80_20,0,True,146189,37045
20260626,45,0.15051635023620394,0.28026430565017174,inner_temporal_within_outer_train_by_video_80_20,0,True,146189,37045
20260626,46,0.1506557290752729,0.2802977530178086,inner_temporal_within_outer_train_by_video_80_20,0,True,146189,37045
20260626,47,0.15051046841674381,0.28117527006378307,inner_temporal_within_outer_train_by_video_80_20,0,True,146189,37045
20260626,48,0.15038724491993585,0.2801728910571433,inner_temporal_within_outer_train_by_video_80_20,0,True,146189,37045
20260626,49,0.15041286332739723,0.2810105241610435,inner_temporal_within_outer_train_by_video_80_20,0,True,146189,37045
20260626,50,0.15026433931456673,0.2810786986190512,inner_temporal_within_outer_train_by_video_80_20,0,True,146189,37045
20260626,51,0.1503644800848431,0.28083030239989115,inner_temporal_within_outer_train_by_video_80_20,0,True,146189,37045
20260626,52,0.15033180680539873,0.28066170001465035,inner_temporal_within_outer_train_by_video_80_20,0,True,146189,37045
20260627,1,0.2010135112537278,0.23946094524360328,inner_temporal_within_outer_train_by_video_80_20,0,True,146189,37045
20260627,2,0.16147579418288338,0.2536149697751292,inner_temporal_within_outer_train_by_video_80_20,0,True,146189,37045
20260627,3,0.1570615197221438,0.25511160015027107,inner_temporal_within_outer_train_by_video_80_20,0,True,146189,37045
20260627,4,0.1559187811281946,0.26248769189765925,inner_temporal_within_outer_train_by_video_80_20,0,True,146189,37045
20260627,5,0.15525929050313103,0.26607291527373483,inner_temporal_within_outer_train_by_video_80_20,0,True,146189,37045
20260627,6,0.154673480325275,0.2685134810156238,inner_temporal_within_outer_train_by_video_80_20,0,True,146189,37045
20260627,7,0.15441847923729154,0.27128178150345256,inner_temporal_within_outer_train_by_video_80_20,0,True,146189,37045
20260627,8,0.15400632388061947,0.27265822962611275,inner_temporal_within_outer_train_by_video_80_20,0,True,146189,37045
20260627,9,0.15374472654528087,0.273826840584184,inner_temporal_within_outer_train_by_video_80_20,0,True,146189,37045
20260627,10,0.15351511620812947,0.27425830935802165,inner_temporal_within_outer_train_by_video_80_20,0,True,146189,37045
20260627,11,0.1532741453912523,0.2750082365886971,inner_temporal_within_outer_train_by_video_80_20,0,True,146189,37045
20260627,12,0.1531316190958023,0.27526542875189414,inner_temporal_within_outer_train_by_video_80_20,0,True,146189,37045
20260627,13,0.15288988252480826,0.2757508204436296,inner_temporal_within_outer_train_by_video_80_20,0,True,146189,37045
20260627,14,0.15285488466421762,0.27686704317354666,inner_temporal_within_outer_train_by_video_80_20,0,True,146189,37045
20260627,15,0.1526273414492607,0.2756137494242074,inner_temporal_within_outer_train_by_video_80_20,0,True,146189,37045
20260627,16,0.15260025527742174,0.27754999521072127,inner_temporal_within_outer_train_by_video_80_20,0,True,146189,37045
20260627,17,0.15247724950313568,0.27745119796660705,inner_temporal_within_outer_train_by_video_80_20,0,True,146189,37045
20260627,18,0.1523025275932418,0.2776468418834931,inner_temporal_within_outer_train_by_video_80_20,0,True,146189,37045
20260627,19,0.15220513360367882,0.27781393845246405,inner_temporal_within_outer_train_by_video_80_20,0,True,146189,37045
20260627,20,0.15210025674766964,0.2786475838017157,inner_temporal_within_outer_train_by_video_80_20,0,True,146189,37045
20260627,21,0.15203787551985848,0.2789648392631736,inner_temporal_within_outer_train_by_video_80_20,0,True,146189,37045
20260627,22,0.15182566228840086,0.27841037818017433,inner_temporal_within_outer_train_by_video_80_20,0,True,146189,37045
20260627,23,0.15184117356936136,0.27900882147429723,inner_temporal_within_outer_train_by_video_80_20,0,True,146189,37045
20260627,24,0.1518185536066691,0.2793801719078121,inner_temporal_within_outer_train_by_video_80_20,0,True,146189,37045
20260627,25,0.15167463736401665,0.27925354204335956,inner_temporal_within_outer_train_by_video_80_20,0,True,146189,37045
20260627,26,0.15156790531343883,0.27914804013866074,inner_temporal_within_outer_train_by_video_80_20,0,True,146189,37045
20260627,27,0.15162231110864216,0.2793199922869159,inner_temporal_within_outer_train_by_video_80_20,0,True,146189,37045
20260627,28,0.1514948225683636,0.2789424294676866,inner_temporal_within_outer_train_by_video_80_20,0,True,146189,37045
20260627,29,0.1514064520597458,0.27985725294034053,inner_temporal_within_outer_train_by_video_80_20,0,True,146189,37045
20260627,30,0.15142759184042612,0.279480164854721,inner_temporal_within_outer_train_by_video_80_20,0,True,146189,37045
20260627,31,0.15137235158019596,0.279489766060141,inner_temporal_within_outer_train_by_video_80_20,0,True,146189,37045
20260627,32,0.15128672868013382,0.2794808554483883,inner_temporal_within_outer_train_by_video_80_20,0,True,146189,37045
20260627,33,0.15113887108034557,0.27982560388065525,inner_temporal_within_outer_train_by_video_80_20,0,True,146189,37045
20260627,34,0.1511970352795389,0.27951588743463196,inner_temporal_within_outer_train_by_video_80_20,0,True,146189,37045
20260627,35,0.15113286508454216,0.2801293812687998,inner_temporal_within_outer_train_by_video_80_20,0,True,146189,37045
20260627,36,0.15105830629666647,0.28022471556270173,inner_temporal_within_outer_train_by_video_80_20,0,True,146189,37045
20260627,37,0.15097287131680381,0.2801913957000858,inner_temporal_within_outer_train_by_video_80_20,0,True,146189,37045
20260627,38,0.1509321845240063,0.28054658326899895,inner_temporal_within_outer_train_by_video_80_20,0,True,146189,37045
20260627,39,0.15096431391106713,0.28010678409980416,inner_temporal_within_outer_train_by_video_80_20,0,True,146189,37045
20260627,40,0.1509383660223749,0.2807082800334079,inner_temporal_within_outer_train_by_video_80_20,0,True,146189,37045
20260627,41,0.15084792921940485,0.28027536318919716,inner_temporal_within_outer_train_by_video_80_20,0,True,146189,37045
20260627,42,0.1508008191982905,0.2804599684061533,inner_temporal_within_outer_train_by_video_80_20,0,True,146189,37045
20260627,43,0.15085578130351174,0.28005260282342503,inner_temporal_within_outer_train_by_video_80_20,0,True,146189,37045
20260627,44,0.15070660246743095,0.2805996512499117,inner_temporal_within_outer_train_by_video_80_20,0,True,146189,37045
20260627,45,0.1507814700404803,0.2807875632649673,inner_temporal_within_outer_train_by_video_80_20,0,True,146189,37045
20260627,46,0.15076782637172276,0.280705175848238,inner_temporal_within_outer_train_by_video_80_20,0,True,146189,37045
20260627,47,0.15055094493760002,0.28067014111660893,inner_temporal_within_outer_train_by_video_80_20,0,True,146189,37045
20260627,48,0.15063489807976616,0.28041728444136177,inner_temporal_within_outer_train_by_video_80_20,0,True,146189,37045
20260627,49,0.15067044893900552,0.2811815697039001,inner_temporal_within_outer_train_by_video_80_20,0,True,146189,37045
20260627,50,0.150675800939401,0.27993308618396046,inner_temporal_within_outer_train_by_video_80_20,0,True,146189,37045
20260627,51,0.15050834003421995,0.28061344083305967,inner_temporal_within_outer_train_by_video_80_20,0,True,146189,37045
20260627,52,0.1504974224501186,0.2808407120793711,inner_temporal_within_outer_train_by_video_80_20,0,True,146189,37045
20260627,53,0.15052806172106,0.28078690012595564,inner_temporal_within_outer_train_by_video_80_20,0,True,146189,37045
20260627,54,0.15039492481284672,0.2805193550404342,inner_temporal_within_outer_train_by_video_80_20,0,True,146189,37045
20260627,55,0.15047343571980795,0.2808765350572902,inner_temporal_within_outer_train_by_video_80_20,0,True,146189,37045
20260627,56,0.15038678546746573,0.28023663042719427,inner_temporal_within_outer_train_by_video_80_20,0,True,146189,37045
20260627,57,0.15036339312791824,0.2807619003104955,inner_temporal_within_outer_train_by_video_80_20,0,True,146189,37045
20260627,58,0.15035747985045114,0.2812833162181379,inner_temporal_within_outer_train_by_video_80_20,0,True,146189,37045
20260627,59,0.1504104725188679,0.2802773357036195,inner_temporal_within_outer_train_by_video_80_20,0,True,146189,37045
20260627,60,0.15041007349888483,0.28085809127005995,inner_temporal_within_outer_train_by_video_80_20,0,True,146189,37045
20260627,61,0.15033193429311117,0.28059531885228406,inner_temporal_within_outer_train_by_video_80_20,0,True,146189,37045
20260627,62,0.15021923101610607,0.2817397539168394,inner_temporal_within_outer_train_by_video_80_20,0,True,146189,37045
20260627,63,0.15019789089759192,0.28026692039194234,inner_temporal_within_outer_train_by_video_80_20,0,True,146189,37045
20260627,64,0.15025505175193152,0.2808208774033912,inner_temporal_within_outer_train_by_video_80_20,0,True,146189,37045
20260627,65,0.15015001429451835,0.2812233137735347,inner_temporal_within_outer_train_by_video_80_20,0,True,146189,37045
20260627,66,0.15010621812608507,0.28030002945183524,inner_temporal_within_outer_train_by_video_80_20,0,True,146189,37045
20260627,67,0.15015961560938093,0.2811933623762946,inner_temporal_within_outer_train_by_video_80_20,0,True,146189,37045
20260627,68,0.1501957732770178,0.2805243565703892,inner_temporal_within_outer_train_by_video_80_20,0,True,146189,37045
20260627,69,0.15005354169342253,0.280562569731675,inner_temporal_within_outer_train_by_video_80_20,0,True,146189,37045
20260627,70,0.15006269762913385,0.28067308481156855,inner_temporal_within_outer_train_by_video_80_20,0,True,146189,37045
20260627,71,0.15005442914035585,0.28038060294059497,inner_temporal_within_outer_train_by_video_80_20,0,True,146189,37045
20260627,72,0.15006794780492783,0.2811938537107736,inner_temporal_within_outer_train_by_video_80_20,0,True,146189,37045
20260627,73,0.15004739744795692,0.280347628400976,inner_temporal_within_outer_train_by_video_80_20,0,True,146189,37045
20260627,74,0.1500408641166157,0.28063508578522667,inner_temporal_within_outer_train_by_video_80_20,0,True,146189,37045
20260628,1,0.2024350729253557,0.19514829196542235,inner_temporal_within_outer_train_by_video_80_20,0,True,146189,37045
20260628,2,0.16266580919424692,0.23572095194027756,inner_temporal_within_outer_train_by_video_80_20,0,True,146189,37045
20260628,3,0.15692037178410423,0.24674834174193302,inner_temporal_within_outer_train_by_video_80_20,0,True,146189,37045
20260628,4,0.15566022445758185,0.25490833299366156,inner_temporal_within_outer_train_by_video_80_20,0,True,146189,37045
20260628,5,0.15484088328149584,0.2600886991323905,inner_temporal_within_outer_train_by_video_80_20,0,True,146189,37045
20260628,6,0.1542755737900734,0.2652204559361342,inner_temporal_within_outer_train_by_video_80_20,0,True,146189,37045
20260628,7,0.15385633955399194,0.2685655066128895,inner_temporal_within_outer_train_by_video_80_20,0,True,146189,37045
20260628,8,0.15352562897735172,0.2706423943630965,inner_temporal_within_outer_train_by_video_80_20,0,True,146189,37045
20260628,9,0.15320272164212334,0.2726205202779753,inner_temporal_within_outer_train_by_video_80_20,0,True,146189,37045
20260628,10,0.15298942807647917,0.27492211249152854,inner_temporal_within_outer_train_by_video_80_20,0,True,146189,37045
20260628,11,0.15287257234255472,0.27481488446259555,inner_temporal_within_outer_train_by_video_80_20,0,True,146189,37045
20260628,12,0.15267285539044273,0.27610549508839355,inner_temporal_within_outer_train_by_video_80_20,0,True,146189,37045
20260628,13,0.152613817817635,0.2770672475481295,inner_temporal_within_outer_train_by_video_80_20,0,True,146189,37045
20260628,14,0.15250325865215725,0.2773409748823089,inner_temporal_within_outer_train_by_video_80_20,0,True,146189,37045
20260628,15,0.1523730547891723,0.27783366055296066,inner_temporal_within_outer_train_by_video_80_20,0,True,146189,37045
20260628,16,0.15230454173352984,0.27847625189839087,inner_temporal_within_outer_train_by_video_80_20,0,True,146189,37045
20260628,17,0.15211924331055748,0.27837253696666364,inner_temporal_within_outer_train_by_video_80_20,0,True,146189,37045
20260628,18,0.1520948592159483,0.27927172500678743,inner_temporal_within_outer_train_by_video_80_20,0,True,146189,37045
20260628,19,0.15200420137908724,0.2797781509938725,inner_temporal_within_outer_train_by_video_80_20,0,True,146189,37045
20260628,20,0.15198739535278744,0.2798978237053777,inner_temporal_within_outer_train_by_video_80_20,0,True,146189,37045
20260628,21,0.1517857594622506,0.27995849386449406,inner_temporal_within_outer_train_by_video_80_20,0,True,146189,37045
20260628,22,0.15172580464018715,0.2805180514937116,inner_temporal_within_outer_train_by_video_80_20,0,True,146189,37045
20260628,23,0.15175127651956347,0.2799699439678448,inner_temporal_within_outer_train_by_video_80_20,0,True,146189,37045
20260628,24,0.15179681529601416,0.28003922539697323,inner_temporal_within_outer_train_by_video_80_20,0,True,146189,37045
20260628,25,0.151664353079266,0.2805080239148083,inner_temporal_within_outer_train_by_video_80_20,0,True,146189,37045
20260628,26,0.1516039619843165,0.28099396894866,inner_temporal_within_outer_train_by_video_80_20,0,True,146189,37045
20260628,27,0.1515239675839742,0.2799179377296791,inner_temporal_within_outer_train_by_video_80_20,0,True,146189,37045
20260628,28,0.15149555852015814,0.2814110414365818,inner_temporal_within_outer_train_by_video_80_20,0,True,146189,37045
20260628,29,0.15149714797735214,0.2802945072916569,inner_temporal_within_outer_train_by_video_80_20,0,True,146189,37045
20260628,30,0.15147460334830815,0.28063300366909455,inner_temporal_within_outer_train_by_video_80_20,0,True,146189,37045
20260628,31,0.15140890495644677,0.28052861821621167,inner_temporal_within_outer_train_by_video_80_20,0,True,146189,37045
20260628,32,0.15127354363600412,0.2805918810906344,inner_temporal_within_outer_train_by_video_80_20,0,True,146189,37045
20260628,33,0.15126938621203104,0.2807270789103668,inner_temporal_within_outer_train_by_video_80_20,0,True,146189,37045
20260628,34,0.15121551603078842,0.28110755017648603,inner_temporal_within_outer_train_by_video_80_20,0,True,146189,37045
20260628,35,0.15121055394411087,0.28053656140079525,inner_temporal_within_outer_train_by_video_80_20,0,True,146189,37045
20260628,36,0.15113472276263767,0.28091273827045393,inner_temporal_within_outer_train_by_video_80_20,0,True,146189,37045
20260628,37,0.15113728410667843,0.28082710541864997,inner_temporal_within_outer_train_by_video_80_20,0,True,146189,37045
20260628,38,0.1510598576731152,0.2807234446281914,inner_temporal_within_outer_train_by_video_80_20,0,True,146189,37045
20260628,39,0.15112490869230694,0.2812224865851888,inner_temporal_within_outer_train_by_video_80_20,0,True,146189,37045
20260628,40,0.1510357219311926,0.2809786457457414,inner_temporal_within_outer_train_by_video_80_20,0,True,146189,37045
20260629,1,0.21555904216236538,0.1788168048945441,inner_temporal_within_outer_train_by_video_80_20,0,True,146189,37045
20260629,2,0.1650413324435552,0.2489587519335033,inner_temporal_within_outer_train_by_video_80_20,0,True,146189,37045
20260629,3,0.15838906582858828,0.2504631287478464,inner_temporal_within_outer_train_by_video_80_20,0,True,146189,37045
20260629,4,0.15689404474364388,0.2539458568791167,inner_temporal_within_outer_train_by_video_80_20,0,True,146189,37045
20260629,5,0.15596661385562685,0.25964303335702943,inner_temporal_within_outer_train_by_video_80_20,0,True,146189,37045
20260629,6,0.155284626616372,0.26470559605718863,inner_temporal_within_outer_train_by_video_80_20,0,True,146189,37045
20260629,7,0.15482432478004032,0.2668175705349143,inner_temporal_within_outer_train_by_video_80_20,0,True,146189,37045
20260629,8,0.15432056122355992,0.2698495321741185,inner_temporal_within_outer_train_by_video_80_20,0,True,146189,37045
20260629,9,0.15394585827986398,0.27078909050183314,inner_temporal_within_outer_train_by_video_80_20,0,True,146189,37045
20260629,10,0.15379582676622602,0.27299810961232984,inner_temporal_within_outer_train_by_video_80_20,0,True,146189,37045
20260629,11,0.153447268737687,0.27388617161856227,inner_temporal_within_outer_train_by_video_80_20,0,True,146189,37045
20260629,12,0.15328367137246662,0.27523705997480363,inner_temporal_within_outer_train_by_video_80_20,0,True,146189,37045
20260629,13,0.15310614721642601,0.2749674907253128,inner_temporal_within_outer_train_by_video_80_20,0,True,146189,37045
20260629,14,0.15299232635233137,0.2762513999454326,inner_temporal_within_outer_train_by_video_80_20,0,True,146189,37045
20260629,15,0.15281244698497984,0.276301512459466,inner_temporal_within_outer_train_by_video_80_20,0,True,146189,37045
20260629,16,0.15267036855220795,0.27682856848473814,inner_temporal_within_outer_train_by_video_80_20,0,True,146189,37045
20260629,17,0.15257704589102003,0.2771488121800991,inner_temporal_within_outer_train_by_video_80_20,0,True,146189,37045
20260629,18,0.15252583059999678,0.27783213770078813,inner_temporal_within_outer_train_by_video_80_20,0,True,146189,37045
20260629,19,0.1523469876911905,0.2772963166064007,inner_temporal_within_outer_train_by_video_80_20,0,True,146189,37045
20260629,20,0.15232556644413206,0.27878261503307866,inner_temporal_within_outer_train_by_video_80_20,0,True,146189,37045
20260629,21,0.15220576028029123,0.2778312974733903,inner_temporal_within_outer_train_by_video_80_20,0,True,146189,37045
20260629,22,0.15209519780344433,0.2782166549145669,inner_temporal_within_outer_train_by_video_80_20,0,True,146189,37045
20260629,23,0.15209590891997019,0.2788289066054358,inner_temporal_within_outer_train_by_video_80_20,0,True,146189,37045
20260629,24,0.15192824767695534,0.27869258051369034,inner_temporal_within_outer_train_by_video_80_20,0,True,146189,37045
20260629,25,0.15187501658995947,0.2794206962222176,inner_temporal_within_outer_train_by_video_80_20,0,True,146189,37045
20260629,26,0.1518542692065239,0.27964318200716975,inner_temporal_within_outer_train_by_video_80_20,0,True,146189,37045
20260629,27,0.15170047928889593,0.2789485983811941,inner_temporal_within_outer_train_by_video_80_20,0,True,146189,37045
20260629,28,0.1516721190677749,0.2793680529075406,inner_temporal_within_outer_train_by_video_80_20,0,True,146189,37045
20260629,29,0.15154879540205002,0.28007660168661963,inner_temporal_within_outer_train_by_video_80_20,0,True,146189,37045
20260629,30,0.15166626539495257,0.27949384401572414,inner_temporal_within_outer_train_by_video_80_20,0,True,146189,37045
20260629,31,0.15153511116902033,0.280036048344546,inner_temporal_within_outer_train_by_video_80_20,0,True,146189,37045
20260629,32,0.15152196834484735,0.28007854892285705,inner_temporal_within_outer_train_by_video_80_20,0,True,146189,37045
20260629,33,0.15138513843218485,0.28004889559944196,inner_temporal_within_outer_train_by_video_80_20,0,True,146189,37045
20260629,34,0.15135931389199364,0.28008223379195324,inner_temporal_within_outer_train_by_video_80_20,0,True,146189,37045
20260629,35,0.1513277209467358,0.2801513745331452,inner_temporal_within_outer_train_by_video_80_20,0,True,146189,37045
20260629,36,0.15127095414532554,0.28035949741332516,inner_temporal_within_outer_train_by_video_80_20,0,True,146189,37045
20260629,37,0.15121913784080082,0.2802795823281709,inner_temporal_within_outer_train_by_video_80_20,0,True,146189,37045
20260629,38,0.1513342989815606,0.2806536977071702,inner_temporal_within_outer_train_by_video_80_20,0,True,146189,37045
20260629,39,0.15126459962791866,0.2797390770238882,inner_temporal_within_outer_train_by_video_80_20,0,True,146189,37045
20260629,40,0.151066145963139,0.28070556975258754,inner_temporal_within_outer_train_by_video_80_20,0,True,146189,37045
20260629,41,0.1509737107488844,0.28014691461312496,inner_temporal_within_outer_train_by_video_80_20,0,True,146189,37045
20260629,42,0.15092419501807955,0.2808804706034294,inner_temporal_within_outer_train_by_video_80_20,0,True,146189,37045
20260629,43,0.1509495973587036,0.2801505142013629,inner_temporal_within_outer_train_by_video_80_20,0,True,146189,37045
20260629,44,0.15089675784111023,0.2808479033486748,inner_temporal_within_outer_train_by_video_80_20,0,True,146189,37045
20260629,45,0.15102424720923105,0.2804690731993643,inner_temporal_within_outer_train_by_video_80_20,0,True,146189,37045
20260629,46,0.15093461175759634,0.28037962924880855,inner_temporal_within_outer_train_by_video_80_20,0,True,146189,37045
20260629,47,0.150770736237367,0.28053497248253667,inner_temporal_within_outer_train_by_video_80_20,0,True,146189,37045
20260629,48,0.15081208695967993,0.28153508857716286,inner_temporal_within_outer_train_by_video_80_20,0,True,146189,37045
20260629,49,0.15078875505261952,0.27969567458562744,inner_temporal_within_outer_train_by_video_80_20,0,True,146189,37045
20260629,50,0.15088588496049246,0.2810979690383057,inner_temporal_within_outer_train_by_video_80_20,0,True,146189,37045
20260629,51,0.15064118140273625,0.2811471744198784,inner_temporal_within_outer_train_by_video_80_20,0,True,146189,37045
20260629,52,0.15077469911840227,0.2807318890435056,inner_temporal_within_outer_train_by_video_80_20,0,True,146189,37045
20260629,53,0.15073580625984404,0.2810674009175376,inner_temporal_within_outer_train_by_video_80_20,0,True,146189,37045
20260629,54,0.15072473883628845,0.28160910608088546,inner_temporal_within_outer_train_by_video_80_20,0,True,146189,37045
20260629,55,0.15068557196193272,0.28152225398442837,inner_temporal_within_outer_train_by_video_80_20,0,True,146189,37045
20260629,56,0.15062550372547573,0.28066910541856616,inner_temporal_within_outer_train_by_video_80_20,0,True,146189,37045
20260629,57,0.15066451496548122,0.28131603600545996,inner_temporal_within_outer_train_by_video_80_20,0,True,146189,37045
20260629,58,0.15051000979211596,0.28111395427833774,inner_temporal_within_outer_train_by_video_80_20,0,True,146189,37045
20260629,59,0.15048650155464807,0.28095208300274266,inner_temporal_within_outer_train_by_video_80_20,0,True,146189,37045
20260629,60,0.15050437466965783,0.28119818431788723,inner_temporal_within_outer_train_by_video_80_20,0,True,146189,37045
20260629,61,0.15045484320984948,0.2809720782376778,inner_temporal_within_outer_train_by_video_80_20,0,True,146189,37045
20260629,62,0.15041828983359867,0.2808361303748533,inner_temporal_within_outer_train_by_video_80_20,0,True,146189,37045
20260629,63,0.15032009283701578,0.28100430044722885,inner_temporal_within_outer_train_by_video_80_20,0,True,146189,37045
20260629,64,0.15033863070938322,0.28159524948531034,inner_temporal_within_outer_train_by_video_80_20,0,True,146189,37045
20260629,65,0.15031246675385368,0.2808149914325903,inner_temporal_within_outer_train_by_video_80_20,0,True,146189,37045
20260629,66,0.15030702120727962,0.2815581247960909,inner_temporal_within_outer_train_by_video_80_20,0,True,146189,37045
20260630,1,0.20272846519947052,0.2030933194701046,inner_temporal_within_outer_train_by_video_80_20,0,True,146189,37045
20260630,2,0.1637174892756674,0.23681336335322806,inner_temporal_within_outer_train_by_video_80_20,0,True,146189,37045
20260630,3,0.15840932809644276,0.2517451799315329,inner_temporal_within_outer_train_by_video_80_20,0,True,146189,37045
20260630,4,0.15663494749201667,0.2610937500012813,inner_temporal_within_outer_train_by_video_80_20,0,True,146189,37045
20260630,5,0.1556532018714481,0.2655809719854676,inner_temporal_within_outer_train_by_video_80_20,0,True,146189,37045
20260630,6,0.15481197006172603,0.2697703065314824,inner_temporal_within_outer_train_by_video_80_20,0,True,146189,37045
20260630,7,0.15428721325265038,0.2727332642594123,inner_temporal_within_outer_train_by_video_80_20,0,True,146189,37045
20260630,8,0.15386907756328583,0.2747360077992705,inner_temporal_within_outer_train_by_video_80_20,0,True,146189,37045
20260630,9,0.15354086293114555,0.2757199083017523,inner_temporal_within_outer_train_by_video_80_20,0,True,146189,37045
20260630,10,0.15339275697867075,0.27701405512905886,inner_temporal_within_outer_train_by_video_80_20,0,True,146189,37045
20260630,11,0.15321075585153368,0.27743763962559526,inner_temporal_within_outer_train_by_video_80_20,0,True,146189,37045
20260630,12,0.1529618932141198,0.27799301459426035,inner_temporal_within_outer_train_by_video_80_20,0,True,146189,37045
20260630,13,0.1527422492702802,0.2779849324949174,inner_temporal_within_outer_train_by_video_80_20,0,True,146189,37045
20260630,14,0.15257075263394249,0.27875385689632126,inner_temporal_within_outer_train_by_video_80_20,0,True,146189,37045
20260630,15,0.15235059625572628,0.2784201688754344,inner_temporal_within_outer_train_by_video_80_20,0,True,146189,37045
20260630,16,0.15222296946578556,0.2790195294254099,inner_temporal_within_outer_train_by_video_80_20,0,True,146189,37045
20260630,17,0.15212891333633,0.27984586729154387,inner_temporal_within_outer_train_by_video_80_20,0,True,146189,37045
20260630,18,0.1519980745183097,0.27964749504264313,inner_temporal_within_outer_train_by_video_80_20,0,True,146189,37045
20260630,19,0.15184672425190607,0.2797914369509736,inner_temporal_within_outer_train_by_video_80_20,0,True,146189,37045
20260630,20,0.15183290508058336,0.27945777896794777,inner_temporal_within_outer_train_by_video_80_20,0,True,146189,37045
20260630,21,0.15174556523561478,0.27955461363896267,inner_temporal_within_outer_train_by_video_80_20,0,True,146189,37045
20260630,22,0.151580816341771,0.27916837627733415,inner_temporal_within_outer_train_by_video_80_20,0,True,146189,37045
20260630,23,0.15167705549134147,0.2795759168052085,inner_temporal_within_outer_train_by_video_80_20,0,True,146189,37045
20260630,24,0.15152496016687816,0.2796296086807133,inner_temporal_within_outer_train_by_video_80_20,0,True,146189,37045
20260630,25,0.15147692296240065,0.27958971311060254,inner_temporal_within_outer_train_by_video_80_20,0,True,146189,37045
20260630,26,0.1514352551764912,0.27950170751221504,inner_temporal_within_outer_train_by_video_80_20,0,True,146189,37045
20260630,27,0.1513742001520263,0.2799427607212745,inner_temporal_within_outer_train_by_video_80_20,0,True,146189,37045
20260630,28,0.15142651895682016,0.2792634657449117,inner_temporal_within_outer_train_by_video_80_20,0,True,146189,37045
20260630,29,0.1512203100654814,0.27906729120181917,inner_temporal_within_outer_train_by_video_80_20,0,True,146189,37045
20260630,30,0.15121028820673624,0.28019714718393673,inner_temporal_within_outer_train_by_video_80_20,0,True,146189,37045
20260630,31,0.15114307072427538,0.27879461416417073,inner_temporal_within_outer_train_by_video_80_20,0,True,146189,37045
20260630,32,0.15117044912444222,0.2798243237794955,inner_temporal_within_outer_train_by_video_80_20,0,True,146189,37045
20260630,33,0.15105394936270183,0.27912899709926725,inner_temporal_within_outer_train_by_video_80_20,0,True,146189,37045
20260630,34,0.15106990022791755,0.2800883855476494,inner_temporal_within_outer_train_by_video_80_20,0,True,146189,37045
20260630,35,0.1510183819466167,0.27993786142934374,inner_temporal_within_outer_train_by_video_80_20,0,True,146189,37045
20260630,36,0.1509766379992167,0.27935770570390606,inner_temporal_within_outer_train_by_video_80_20,0,True,146189,37045
20260630,37,0.1509202445546786,0.2806764557929905,inner_temporal_within_outer_train_by_video_80_20,0,True,146189,37045
20260630,38,0.15094110204113853,0.2795959131618177,inner_temporal_within_outer_train_by_video_80_20,0,True,146189,37045
20260630,39,0.15090872016217974,0.28004275232498227,inner_temporal_within_outer_train_by_video_80_20,0,True,146189,37045
20260630,40,0.15089400774902767,0.2794650902936309,inner_temporal_within_outer_train_by_video_80_20,0,True,146189,37045
20260630,41,0.15079421632819706,0.2802182324896233,inner_temporal_within_outer_train_by_video_80_20,0,True,146189,37045
20260630,42,0.15077335139115652,0.28017850396381594,inner_temporal_within_outer_train_by_video_80_20,0,True,146189,37045
20260630,43,0.15078945292366874,0.28026810702433846,inner_temporal_within_outer_train_by_video_80_20,0,True,146189,37045
20260630,44,0.15072194900777605,0.28059158527235517,inner_temporal_within_outer_train_by_video_80_20,0,True,146189,37045
20260630,45,0.150625579059124,0.28008976775985117,inner_temporal_within_outer_train_by_video_80_20,0,True,146189,37045
20260630,46,0.15066606882545683,0.2800938207992948,inner_temporal_within_outer_train_by_video_80_20,0,True,146189,37045
20260630,47,0.15077718678447935,0.28057726211388123,inner_temporal_within_outer_train_by_video_80_20,0,True,146189,37045
20260630,48,0.15063951743973625,0.27995681506262793,inner_temporal_within_outer_train_by_video_80_20,0,True,146189,37045
20260630,49,0.1505716625187132,0.28019273737028944,inner_temporal_within_outer_train_by_video_80_20,0,True,146189,37045
20260631,1,0.19363246775335735,0.2159079135001904,inner_temporal_within_outer_train_by_video_80_20,0,True,146189,37045
20260631,2,0.16120954520172542,0.241761503884096,inner_temporal_within_outer_train_by_video_80_20,0,True,146189,37045
20260631,3,0.15775646600458357,0.2533175236639638,inner_temporal_within_outer_train_by_video_80_20,0,True,146189,37045
20260631,4,0.1561136899722947,0.2601821159809192,inner_temporal_within_outer_train_by_video_80_20,0,True,146189,37045
20260631,5,0.15517584400044548,0.26628426921756587,inner_temporal_within_outer_train_by_video_80_20,0,True,146189,37045
20260631,6,0.15439286910825306,0.2705671714963056,inner_temporal_within_outer_train_by_video_80_20,0,True,146189,37045
20260631,7,0.15377448830339643,0.2733988455525579,inner_temporal_within_outer_train_by_video_80_20,0,True,146189,37045
20260631,8,0.1534244649940067,0.2740947283490839,inner_temporal_within_outer_train_by_video_80_20,0,True,146189,37045
20260631,9,0.15310237722264397,0.2744998611069147,inner_temporal_within_outer_train_by_video_80_20,0,True,146189,37045
20260631,10,0.15294908318254682,0.2763627470654246,inner_temporal_within_outer_train_by_video_80_20,0,True,146189,37045
20260631,11,0.15271181613206863,0.2756751862754975,inner_temporal_within_outer_train_by_video_80_20,0,True,146189,37045
20260631,12,0.1525348292456733,0.2763254572509319,inner_temporal_within_outer_train_by_video_80_20,0,True,146189,37045
20260631,13,0.1523071767555343,0.27683696676690744,inner_temporal_within_outer_train_by_video_80_20,0,True,146189,37045
20260631,14,0.15216634256972206,0.2769805728892685,inner_temporal_within_outer_train_by_video_80_20,0,True,146189,37045
20260631,15,0.1521524414420128,0.27755365045142927,inner_temporal_within_outer_train_by_video_80_20,0,True,146189,37045
20260631,16,0.15201824489567015,0.2775495729886491,inner_temporal_within_outer_train_by_video_80_20,0,True,146189,37045
20260631,17,0.15196323229206932,0.27887454102534126,inner_temporal_within_outer_train_by_video_80_20,0,True,146189,37045
20260631,18,0.15178933325741026,0.2783832253505275,inner_temporal_within_outer_train_by_video_80_20,0,True,146189,37045
20260631,19,0.15164988487958908,0.2786514770186872,inner_temporal_within_outer_train_by_video_80_20,0,True,146189,37045
20260631,20,0.1516046714451578,0.27886857413446614,inner_temporal_within_outer_train_by_video_80_20,0,True,146189,37045
20260631,21,0.15157422175010046,0.2785041364431944,inner_temporal_within_outer_train_by_video_80_20,0,True,146189,37045
20260631,22,0.15150268210305107,0.2800475918363817,inner_temporal_within_outer_train_by_video_80_20,0,True,146189,37045
20260631,23,0.15145420200294918,0.2786402572255873,inner_temporal_within_outer_train_by_video_80_20,0,True,146189,37045
20260631,24,0.15133403986692429,0.27962915926452764,inner_temporal_within_outer_train_by_video_80_20,0,True,146189,37045
20260631,25,0.15131911718183094,0.27968472714504367,inner_temporal_within_outer_train_by_video_80_20,0,True,146189,37045
20260631,26,0.15140649014049107,0.279230701919437,inner_temporal_within_outer_train_by_video_80_20,0,True,146189,37045
20260631,27,0.15122101455926895,0.279063312944751,inner_temporal_within_outer_train_by_video_80_20,0,True,146189,37045
20260631,28,0.15120053622457716,0.2795602482051694,inner_temporal_within_outer_train_by_video_80_20,0,True,146189,37045
20260631,29,0.1512139125002755,0.27930231568262887,inner_temporal_within_outer_train_by_video_80_20,0,True,146189,37045
20260631,30,0.1510957164896859,0.27946099741835145,inner_temporal_within_outer_train_by_video_80_20,0,True,146189,37045
20260631,31,0.15099685308006075,0.27935623987348857,inner_temporal_within_outer_train_by_video_80_20,0,True,146189,37045
20260631,32,0.15104938960737652,0.2795811071140477,inner_temporal_within_outer_train_by_video_80_20,0,True,146189,37045
20260631,33,0.1509871424900161,0.27970101756359905,inner_temporal_within_outer_train_by_video_80_20,0,True,146189,37045
20260631,34,0.1509832888841629,0.27909652527064993,inner_temporal_within_outer_train_by_video_80_20,0,True,146189,37045
20260632,1,0.19446523984273276,0.22472510546718277,inner_temporal_within_outer_train_by_video_80_20,0,True,146189,37045
20260632,2,0.16044446577628454,0.24345453623243613,inner_temporal_within_outer_train_by_video_80_20,0,True,146189,37045
20260632,3,0.15664487497674096,0.25594494853232097,inner_temporal_within_outer_train_by_video_80_20,0,True,146189,37045
20260632,4,0.15526636772685581,0.2613100418598888,inner_temporal_within_outer_train_by_video_80_20,0,True,146189,37045
20260632,5,0.1545718949702051,0.26441306589990493,inner_temporal_within_outer_train_by_video_80_20,0,True,146189,37045
20260632,6,0.15393602848052979,0.26892921540440257,inner_temporal_within_outer_train_by_video_80_20,0,True,146189,37045
20260632,7,0.15349188364214367,0.2709532486849001,inner_temporal_within_outer_train_by_video_80_20,0,True,146189,37045
20260632,8,0.15331205560101402,0.2721465614705149,inner_temporal_within_outer_train_by_video_80_20,0,True,146189,37045
20260632,9,0.15301104717784458,0.2743233482292584,inner_temporal_within_outer_train_by_video_80_20,0,True,146189,37045
20260632,10,0.15279510534471935,0.27527540354127883,inner_temporal_within_outer_train_by_video_80_20,0,True,146189,37045
20260632,11,0.15262901782989502,0.27644048544440214,inner_temporal_within_outer_train_by_video_80_20,0,True,146189,37045
20260632,12,0.1525306436750624,0.2763238993538979,inner_temporal_within_outer_train_by_video_80_20,0,True,146189,37045
20260632,13,0.15226128117905724,0.27702762764525357,inner_temporal_within_outer_train_by_video_80_20,0,True,146189,37045
20260632,14,0.1522842836048868,0.27699298065478534,inner_temporal_within_outer_train_by_video_80_20,0,True,146189,37045
20260632,15,0.15208118243349922,0.2777648764762443,inner_temporal_within_outer_train_by_video_80_20,0,True,146189,37045
20260632,16,0.152028518418471,0.2780743576475885,inner_temporal_within_outer_train_by_video_80_20,0,True,146189,37045
20260632,17,0.151813681754801,0.2773638201249403,inner_temporal_within_outer_train_by_video_80_20,0,True,146189,37045
20260632,18,0.1518328214685122,0.27883925009140453,inner_temporal_within_outer_train_by_video_80_20,0,True,146189,37045
20260632,19,0.1518352429072062,0.2781221681490757,inner_temporal_within_outer_train_by_video_80_20,0,True,146189,37045
20260632,20,0.1516006663441658,0.2784708497658029,inner_temporal_within_outer_train_by_video_80_20,0,True,146189,37045
20260632,21,0.15161937723557153,0.27908006674311514,inner_temporal_within_outer_train_by_video_80_20,0,True,146189,37045
20260632,22,0.15150749186674753,0.27845733837069325,inner_temporal_within_outer_train_by_video_80_20,0,True,146189,37045
20260632,23,0.15147861589988074,0.27780662808433776,inner_temporal_within_outer_train_by_video_80_20,0,True,146189,37045
20260632,24,0.15148201667600208,0.27885299568695343,inner_temporal_within_outer_train_by_video_80_20,0,True,146189,37045
20260632,25,0.15136407564083734,0.2790445469749681,inner_temporal_within_outer_train_by_video_80_20,0,True,146189,37045
20260632,26,0.15134983426994747,0.2787198379027648,inner_temporal_within_outer_train_by_video_80_20,0,True,146189,37045
20260632,27,0.15120660844776365,0.27921902986492303,inner_temporal_within_outer_train_by_video_80_20,0,True,146189,37045
20260632,28,0.15113613340589735,0.27813321295952,inner_temporal_within_outer_train_by_video_80_20,0,True,146189,37045
20260632,29,0.15121840602821773,0.27866472248991864,inner_temporal_within_outer_train_by_video_80_20,0,True,146189,37045
20260632,30,0.15113085259993872,0.2787325953789043,inner_temporal_within_outer_train_by_video_80_20,0,True,146189,37045
20260632,31,0.15113266888591978,0.27914197644440936,inner_temporal_within_outer_train_by_video_80_20,0,True,146189,37045
20260632,32,0.15112410485744476,0.2782205252399545,inner_temporal_within_outer_train_by_video_80_20,0,True,146189,37045
20260632,33,0.15096911208497155,0.27960516598667484,inner_temporal_within_outer_train_by_video_80_20,0,True,146189,37045
20260632,34,0.1510047424170706,0.27858992834732615,inner_temporal_within_outer_train_by_video_80_20,0,True,146189,37045
20260632,35,0.15098466806941563,0.2788788352083575,inner_temporal_within_outer_train_by_video_80_20,0,True,146189,37045
20260632,36,0.15100282844569948,0.2792285993340078,inner_temporal_within_outer_train_by_video_80_20,0,True,146189,37045
20260632,37,0.1508050469888581,0.2794827599127491,inner_temporal_within_outer_train_by_video_80_20,0,True,146189,37045
20260632,38,0.15087544586923388,0.2799296381137955,inner_temporal_within_outer_train_by_video_80_20,0,True,146189,37045
20260632,39,0.15088694211509493,0.2796477994816101,inner_temporal_within_outer_train_by_video_80_20,0,True,146189,37045
20260632,40,0.15072605262200037,0.27965731168111885,inner_temporal_within_outer_train_by_video_80_20,0,True,146189,37045
20260632,41,0.150701137052642,0.27985234879778975,inner_temporal_within_outer_train_by_video_80_20,0,True,146189,37045
20260632,42,0.15072061949306065,0.2798431737612327,inner_temporal_within_outer_train_by_video_80_20,0,True,146189,37045
20260632,43,0.15063515967792934,0.27989976029873653,inner_temporal_within_outer_train_by_video_80_20,0,True,146189,37045
20260632,44,0.15068234503269196,0.2800499010866591,inner_temporal_within_outer_train_by_video_80_20,0,True,146189,37045
20260632,45,0.15061119198799133,0.2794752306130693,inner_temporal_within_outer_train_by_video_80_20,0,True,146189,37045
20260632,46,0.15062855763567817,0.280411109634496,inner_temporal_within_outer_train_by_video_80_20,0,True,146189,37045
20260632,47,0.1505725524491734,0.28047902672304775,inner_temporal_within_outer_train_by_video_80_20,0,True,146189,37045
20260632,48,0.15057826952801812,0.2809234141607312,inner_temporal_within_outer_train_by_video_80_20,0,True,146189,37045
20260632,49,0.1505005740457111,0.2799918241790333,inner_temporal_within_outer_train_by_video_80_20,0,True,146189,37045
20260632,50,0.15054900447527567,0.2803836684352613,inner_temporal_within_outer_train_by_video_80_20,0,True,146189,37045
20260632,51,0.15050122555759218,0.28091363459310575,inner_temporal_within_outer_train_by_video_80_20,0,True,146189,37045
20260632,52,0.15052090502447552,0.2803165745496847,inner_temporal_within_outer_train_by_video_80_20,0,True,146189,37045
20260632,53,0.150463681254122,0.2810056456504759,inner_temporal_within_outer_train_by_video_80_20,0,True,146189,37045
20260632,54,0.15042312774393293,0.28073398187059573,inner_temporal_within_outer_train_by_video_80_20,0,True,146189,37045
20260632,55,0.15038037134541404,0.28144188399828585,inner_temporal_within_outer_train_by_video_80_20,0,True,146189,37045
20260632,56,0.15039788683255514,0.28089270285085144,inner_temporal_within_outer_train_by_video_80_20,0,True,146189,37045
20260632,57,0.15031784193383324,0.28059478814509237,inner_temporal_within_outer_train_by_video_80_20,0,True,146189,37045
20260632,58,0.15041357527176538,0.28117363595849837,inner_temporal_within_outer_train_by_video_80_20,0,True,146189,37045
20260632,59,0.15034340073664984,0.2804333797309754,inner_temporal_within_outer_train_by_video_80_20,0,True,146189,37045
20260632,60,0.15022950453890693,0.281139382907526,inner_temporal_within_outer_train_by_video_80_20,0,True,146189,37045
20260632,61,0.15017704665660858,0.28052718925126785,inner_temporal_within_outer_train_by_video_80_20,0,True,146189,37045
20260632,62,0.15015447388092676,0.2807034182763312,inner_temporal_within_outer_train_by_video_80_20,0,True,146189,37045
20260632,63,0.15018356922600004,0.2809564089363373,inner_temporal_within_outer_train_by_video_80_20,0,True,146189,37045
20260632,64,0.1500653624534607,0.2804816738694357,inner_temporal_within_outer_train_by_video_80_20,0,True,146189,37045
20260632,65,0.15011339220735762,0.28085338145441374,inner_temporal_within_outer_train_by_video_80_20,0,True,146189,37045
20260632,66,0.15000300274954903,0.2810089604316025,inner_temporal_within_outer_train_by_video_80_20,0,True,146189,37045
20260632,67,0.15007913360993066,0.2808509718868024,inner_temporal_within_outer_train_by_video_80_20,0,True,146189,37045
20260633,1,0.21628454244799084,0.18429599056791782,inner_temporal_within_outer_train_by_video_80_20,0,True,146189,37045
20260633,2,0.1634286791086197,0.23868159542824022,inner_temporal_within_outer_train_by_video_80_20,0,True,146189,37045
20260633,3,0.15784243825409147,0.2477404687335819,inner_temporal_within_outer_train_by_video_80_20,0,True,146189,37045
20260633,4,0.15649810019466612,0.25501973502556674,inner_temporal_within_outer_train_by_video_80_20,0,True,146189,37045
20260633,5,0.15564618011315665,0.2585678189207551,inner_temporal_within_outer_train_by_video_80_20,0,True,146189,37045
20260633,6,0.1549692394004928,0.26314843844511704,inner_temporal_within_outer_train_by_video_80_20,0,True,146189,37045
20260633,7,0.15445484386550057,0.26586567783572285,inner_temporal_within_outer_train_by_video_80_20,0,True,146189,37045
20260633,8,0.1541041988465521,0.26866960626238745,inner_temporal_within_outer_train_by_video_80_20,0,True,146189,37045
20260633,9,0.15374765131208631,0.270322450865725,inner_temporal_within_outer_train_by_video_80_20,0,True,146189,37045
20260633,10,0.15357044173611534,0.27167473113281393,inner_temporal_within_outer_train_by_video_80_20,0,True,146189,37045
20260633,11,0.15340535673830244,0.2728591681611501,inner_temporal_within_outer_train_by_video_80_20,0,True,146189,37045
20260633,12,0.15317702458964455,0.2744621567637288,inner_temporal_within_outer_train_by_video_80_20,0,True,146189,37045
20260633,13,0.15294117149379519,0.27496754077525193,inner_temporal_within_outer_train_by_video_80_20,0,True,146189,37045
20260633,14,0.15286199169026482,0.2754924975139138,inner_temporal_within_outer_train_by_video_80_20,0,True,146189,37045
20260633,15,0.1526888973183102,0.2767816829932034,inner_temporal_within_outer_train_by_video_80_20,0,True,146189,37045
20260633,16,0.15251814739571679,0.2767331795907438,inner_temporal_within_outer_train_by_video_80_20,0,True,146189,37045
20260633,17,0.15249136173062855,0.2768452095648783,inner_temporal_within_outer_train_by_video_80_20,0,True,146189,37045
20260633,18,0.15250051518281302,0.27683616126864363,inner_temporal_within_outer_train_by_video_80_20,0,True,146189,37045
20260633,19,0.15224867479668724,0.27763294115693227,inner_temporal_within_outer_train_by_video_80_20,0,True,146189,37045
20260633,20,0.15221942712863287,0.27721810794733,inner_temporal_within_outer_train_by_video_80_20,0,True,146189,37045
20260633,21,0.15214362823300892,0.27775518437548513,inner_temporal_within_outer_train_by_video_80_20,0,True,146189,37045
20260633,22,0.15213547067509758,0.2780620478761807,inner_temporal_within_outer_train_by_video_80_20,0,True,146189,37045
20260633,23,0.15202713012695312,0.2786897689421263,inner_temporal_within_outer_train_by_video_80_20,0,True,146189,37045
20260633,24,0.15196251455280516,0.2780665692253867,inner_temporal_within_outer_train_by_video_80_20,0,True,146189,37045
20260633,25,0.15176767276393044,0.2777072218657001,inner_temporal_within_outer_train_by_video_80_20,0,True,146189,37045
20260633,26,0.1518019942773713,0.2784090529594604,inner_temporal_within_outer_train_by_video_80_20,0,True,146189,37045
20260633,27,0.15175417645110023,0.27845624290677684,inner_temporal_within_outer_train_by_video_80_20,0,True,146189,37045
20260633,28,0.15161909494135115,0.27857911299301424,inner_temporal_within_outer_train_by_video_80_20,0,True,146189,37045
20260633,29,0.15170681228240332,0.2785176223760917,inner_temporal_within_outer_train_by_video_80_20,0,True,146189,37045
20260633,30,0.1515602245926857,0.2792268730039865,inner_temporal_within_outer_train_by_video_80_20,0,True,146189,37045
20260633,31,0.15145106779204476,0.2793649789488346,inner_temporal_within_outer_train_by_video_80_20,0,True,146189,37045
20260633,32,0.15150917900933158,0.27895645444572925,inner_temporal_within_outer_train_by_video_80_20,0,True,146189,37045
20260633,33,0.15124372061755922,0.27878906828133754,inner_temporal_within_outer_train_by_video_80_20,0,True,146189,37045
20260633,34,0.15135282360845143,0.27980924884505326,inner_temporal_within_outer_train_by_video_80_20,0,True,146189,37045
20260633,35,0.1512825017174085,0.2794634886369045,inner_temporal_within_outer_train_by_video_80_20,0,True,146189,37045
20260633,36,0.15131722639004389,0.2795153256850303,inner_temporal_within_outer_train_by_video_80_20,0,True,146189,37045
20260633,37,0.1511918008327484,0.2798447032836794,inner_temporal_within_outer_train_by_video_80_20,0,True,146189,37045
20260633,38,0.15132040778795877,0.2799413608819447,inner_temporal_within_outer_train_by_video_80_20,0,True,146189,37045
20260633,39,0.15115377141369712,0.2799765867128515,inner_temporal_within_outer_train_by_video_80_20,0,True,146189,37045
20260633,40,0.1511091167728106,0.2801312143937698,inner_temporal_within_outer_train_by_video_80_20,0,True,146189,37045
20260633,41,0.15091611527734333,0.2804398592718343,inner_temporal_within_outer_train_by_video_80_20,0,True,146189,37045
20260633,42,0.15113267468081582,0.2802336852429694,inner_temporal_within_outer_train_by_video_80_20,0,True,146189,37045
20260633,43,0.15103726585706076,0.28044205775246966,inner_temporal_within_outer_train_by_video_80_20,0,True,146189,37045
20260633,44,0.15089672969447243,0.2798762304750453,inner_temporal_within_outer_train_by_video_80_20,0,True,146189,37045
20260633,45,0.15080088045861986,0.280424164740204,inner_temporal_within_outer_train_by_video_80_20,0,True,146189,37045
20260633,46,0.15086126824220022,0.28044271706182194,inner_temporal_within_outer_train_by_video_80_20,0,True,146189,37045
20260633,47,0.15084891186820137,0.28022042684957676,inner_temporal_within_outer_train_by_video_80_20,0,True,146189,37045
20260633,48,0.15074815932247373,0.28022391296883714,inner_temporal_within_outer_train_by_video_80_20,0,True,146189,37045
20260633,49,0.15078531205654144,0.28048847054735615,inner_temporal_within_outer_train_by_video_80_20,0,True,146189,37045
20260633,50,0.15065064364009434,0.2803194452954876,inner_temporal_within_outer_train_by_video_80_20,0,True,146189,37045
20260633,51,0.15067133555809656,0.280549725843981,inner_temporal_within_outer_train_by_video_80_20,0,True,146189,37045
20260633,52,0.15058237397008473,0.2805897191756835,inner_temporal_within_outer_train_by_video_80_20,0,True,146189,37045
20260633,53,0.15052602026197645,0.2802622243963754,inner_temporal_within_outer_train_by_video_80_20,0,True,146189,37045
20260633,54,0.1506344055136045,0.2808067149709541,inner_temporal_within_outer_train_by_video_80_20,0,True,146189,37045
20260633,55,0.15048438724544314,0.28030920236081613,inner_temporal_within_outer_train_by_video_80_20,0,True,146189,37045
20260633,56,0.1505199687348472,0.28008987320833323,inner_temporal_within_outer_train_by_video_80_20,0,True,146189,37045
20260633,57,0.1504448445306884,0.2804987466848956,inner_temporal_within_outer_train_by_video_80_20,0,True,146189,37045
20260633,58,0.15048444105519188,0.28099964802786576,inner_temporal_within_outer_train_by_video_80_20,0,True,146189,37045
20260633,59,0.15048082835144466,0.2800746927792059,inner_temporal_within_outer_train_by_video_80_20,0,True,146189,37045
20260633,60,0.15033277538087633,0.2805891208717403,inner_temporal_within_outer_train_by_video_80_20,0,True,146189,37045
20260633,61,0.15032626522911918,0.28000279009297735,inner_temporal_within_outer_train_by_video_80_20,0,True,146189,37045
20260633,62,0.15032720979717043,0.2803287809081858,inner_temporal_within_outer_train_by_video_80_20,0,True,146189,37045
20260633,63,0.15020373629199135,0.27989292739865534,inner_temporal_within_outer_train_by_video_80_20,0,True,146189,37045
20260633,64,0.15021393613682854,0.28066594504722453,inner_temporal_within_outer_train_by_video_80_20,0,True,146189,37045
20260633,65,0.1501407797137896,0.2804229042594525,inner_temporal_within_outer_train_by_video_80_20,0,True,146189,37045
20260633,66,0.15022425767448214,0.2805912886979469,inner_temporal_within_outer_train_by_video_80_20,0,True,146189,37045
20260633,67,0.1501705108417405,0.2796710102128936,inner_temporal_within_outer_train_by_video_80_20,0,True,146189,37045
20260633,68,0.150129743748241,0.2797522689168495,inner_temporal_within_outer_train_by_video_80_20,0,True,146189,37045
20260633,69,0.15001751482486725,0.2796889582645087,inner_temporal_within_outer_train_by_video_80_20,0,True,146189,37045
20260633,70,0.1501378756430414,0.2799475107917257,inner_temporal_within_outer_train_by_video_80_20,0,True,146189,37045
20260634,1,0.21333164556158912,0.25221763271314934,inner_temporal_within_outer_train_by_video_80_20,0,True,146189,37045
20260634,2,0.1631176471710205,0.24522615281234134,inner_temporal_within_outer_train_by_video_80_20,0,True,146189,37045
20260634,3,0.15741097430388132,0.2566842888096777,inner_temporal_within_outer_train_by_video_80_20,0,True,146189,37045
20260634,4,0.15612589567899704,0.2648710261226988,inner_temporal_within_outer_train_by_video_80_20,0,True,146189,37045
20260634,5,0.15546910216410956,0.2666914447731906,inner_temporal_within_outer_train_by_video_80_20,0,True,146189,37045
20260634,6,0.1548931615220176,0.26997788133185097,inner_temporal_within_outer_train_by_video_80_20,0,True,146189,37045
20260634,7,0.15446574406491387,0.2726918232664714,inner_temporal_within_outer_train_by_video_80_20,0,True,146189,37045
20260634,8,0.15419696188635296,0.27346288810493785,inner_temporal_within_outer_train_by_video_80_20,0,True,146189,37045
20260634,9,0.15392369031906128,0.2751610957980741,inner_temporal_within_outer_train_by_video_80_20,0,True,146189,37045
20260634,10,0.15371798392799166,0.2762927010585577,inner_temporal_within_outer_train_by_video_80_20,0,True,146189,37045
20260634,11,0.15354432000054252,0.2768978478997684,inner_temporal_within_outer_train_by_video_80_20,0,True,146189,37045
20260634,12,0.15330224484205246,0.27675597548375347,inner_temporal_within_outer_train_by_video_80_20,0,True,146189,37045
20260634,13,0.1532197809881634,0.27797209834528513,inner_temporal_within_outer_train_by_video_80_20,0,True,146189,37045
20260634,14,0.15301379478640026,0.27807930675118653,inner_temporal_within_outer_train_by_video_80_20,0,True,146189,37045
20260634,15,0.15287765115499496,0.2779746142325836,inner_temporal_within_outer_train_by_video_80_20,0,True,146189,37045
20260634,16,0.15278228289551204,0.2783616614176351,inner_temporal_within_outer_train_by_video_80_20,0,True,146189,37045
20260634,17,0.15259083029296663,0.27892319551471545,inner_temporal_within_outer_train_by_video_80_20,0,True,146189,37045
20260634,18,0.15252091570032966,0.27810783074439366,inner_temporal_within_outer_train_by_video_80_20,0,True,146189,37045
20260634,19,0.152417514887121,0.27817089465126893,inner_temporal_within_outer_train_by_video_80_20,0,True,146189,37045
20260634,20,0.15234910034471089,0.27845892742410067,inner_temporal_within_outer_train_by_video_80_20,0,True,146189,37045
20260634,21,0.15221446255842844,0.2784492467871775,inner_temporal_within_outer_train_by_video_80_20,0,True,146189,37045
20260634,22,0.1521180992325147,0.27854488684962075,inner_temporal_within_outer_train_by_video_80_20,0,True,146189,37045
20260634,23,0.15214159670803282,0.279127053408787,inner_temporal_within_outer_train_by_video_80_20,0,True,146189,37045
20260634,24,0.15210457891225815,0.280006676122666,inner_temporal_within_outer_train_by_video_80_20,0,True,146189,37045
20260634,25,0.15193250278631845,0.27844087807537543,inner_temporal_within_outer_train_by_video_80_20,0,True,146189,37045
20260634,26,0.15180289993683496,0.2797514758546892,inner_temporal_within_outer_train_by_video_80_20,0,True,146189,37045
20260634,27,0.15176353438032997,0.2795538701180408,inner_temporal_within_outer_train_by_video_80_20,0,True,146189,37045
20260634,28,0.15177923606501686,0.27918778702918634,inner_temporal_within_outer_train_by_video_80_20,0,True,146189,37045
20260634,29,0.15161946250332725,0.27957250082324336,inner_temporal_within_outer_train_by_video_80_20,0,True,146189,37045
20260634,30,0.15154795596996942,0.27956531788047484,inner_temporal_within_outer_train_by_video_80_20,0,True,146189,37045
20260634,31,0.15152116864919662,0.27940477025617555,inner_temporal_within_outer_train_by_video_80_20,0,True,146189,37045
20260634,32,0.1515686164299647,0.27914027448528905,inner_temporal_within_outer_train_by_video_80_20,0,True,146189,37045
20260634,33,0.15156377189689213,0.2793937423492648,inner_temporal_within_outer_train_by_video_80_20,0,True,146189,37045
20260634,34,0.15138195786211225,0.2802012202831553,inner_temporal_within_outer_train_by_video_80_20,0,True,146189,37045
20260634,35,0.15138658301697838,0.27946536953926837,inner_temporal_within_outer_train_by_video_80_20,0,True,146189,37045
20260634,36,0.15136153664853838,0.27935852944871176,inner_temporal_within_outer_train_by_video_80_20,0,True,146189,37045
20260634,37,0.15130058427651724,0.2801863025785605,inner_temporal_within_outer_train_by_video_80_20,0,True,146189,37045
20260634,38,0.15122589634524453,0.2792940994154466,inner_temporal_within_outer_train_by_video_80_20,0,True,146189,37045
20260634,39,0.1511489094959365,0.28082622627738246,inner_temporal_within_outer_train_by_video_80_20,0,True,146189,37045
20260634,40,0.15112817370229298,0.2798816051725164,inner_temporal_within_outer_train_by_video_80_20,0,True,146189,37045
20260634,41,0.15121487942006853,0.2798475739729199,inner_temporal_within_outer_train_by_video_80_20,0,True,146189,37045
20260634,42,0.15110974262158075,0.2793226995646856,inner_temporal_within_outer_train_by_video_80_20,0,True,146189,37045
20260634,43,0.15118787851598528,0.28080397464140294,inner_temporal_within_outer_train_by_video_80_20,0,True,146189,37045
20260634,44,0.15100122574302885,0.2802465073323609,inner_temporal_within_outer_train_by_video_80_20,0,True,146189,37045
20260634,45,0.1510380001531707,0.28061529263285423,inner_temporal_within_outer_train_by_video_80_20,0,True,146189,37045
20260634,46,0.15091865261395773,0.28025781806436423,inner_temporal_within_outer_train_by_video_80_20,0,True,146189,37045
20260634,47,0.15090532104174295,0.28013276668715564,inner_temporal_within_outer_train_by_video_80_20,0,True,146189,37045
20260634,48,0.15084733068943024,0.281085552845507,inner_temporal_within_outer_train_by_video_80_20,0,True,146189,37045
20260634,49,0.15091996639966965,0.2800224307402795,inner_temporal_within_outer_train_by_video_80_20,0,True,146189,37045
20260634,50,0.15075532429748112,0.28084257906614274,inner_temporal_within_outer_train_by_video_80_20,0,True,146189,37045
20260634,51,0.15080022480752733,0.2809019910134045,inner_temporal_within_outer_train_by_video_80_20,0,True,146189,37045
20260634,52,0.1508400539557139,0.2813118921737819,inner_temporal_within_outer_train_by_video_80_20,0,True,146189,37045
20260634,53,0.15082532829708523,0.2803157354415975,inner_temporal_within_outer_train_by_video_80_20,0,True,146189,37045
20260634,54,0.15077751378218332,0.2819052997433284,inner_temporal_within_outer_train_by_video_80_20,0,True,146189,37045
20260634,55,0.15075308995114434,0.2806991666726485,inner_temporal_within_outer_train_by_video_80_20,0,True,146189,37045
20260634,56,0.15078416466712952,0.2815474627776343,inner_temporal_within_outer_train_by_video_80_20,0,True,146189,37045
20260634,57,0.1506705027487543,0.28071194131853183,inner_temporal_within_outer_train_by_video_80_20,0,True,146189,37045
20260634,58,0.1505972941716512,0.2811855144527504,inner_temporal_within_outer_train_by_video_80_20,0,True,146189,37045
20260634,59,0.15057904107703102,0.28112675849151797,inner_temporal_within_outer_train_by_video_80_20,0,True,146189,37045
20260634,60,0.15068596021996605,0.2808920961378465,inner_temporal_within_outer_train_by_video_80_20,0,True,146189,37045
20260634,61,0.15062477191289267,0.28156523226061014,inner_temporal_within_outer_train_by_video_80_20,0,True,146189,37045
20260634,62,0.15054135686821407,0.2805342887621777,inner_temporal_within_outer_train_by_video_80_20,0,True,146189,37045
20260634,63,0.15049441986613804,0.2813195851113751,inner_temporal_within_outer_train_by_video_80_20,0,True,146189,37045
20260634,64,0.1505005657672882,0.2812703506054557,inner_temporal_within_outer_train_by_video_80_20,0,True,146189,37045
20260634,65,0.15039259609248903,0.2813528172013754,inner_temporal_within_outer_train_by_video_80_20,0,True,146189,37045
20260634,66,0.15047067403793335,0.28111711301428455,inner_temporal_within_outer_train_by_video_80_20,0,True,146189,37045
20260625,1,0.22538206974665323,0.18073337697589553,inner_temporal_within_outer_train_by_video_80_20,0,True,146163,37037
20260625,2,0.16540542244911194,0.23347381707537573,inner_temporal_within_outer_train_by_video_80_20,0,True,146163,37037
20260625,3,0.15916169931491217,0.23617785546302317,inner_temporal_within_outer_train_by_video_80_20,0,True,146163,37037
20260625,4,0.15774095058441162,0.2419462444098772,inner_temporal_within_outer_train_by_video_80_20,0,True,146163,37037
20260625,5,0.15687859886222416,0.24662649553094496,inner_temporal_within_outer_train_by_video_80_20,0,True,146163,37037
20260625,6,0.15625312427679697,0.25014675354786453,inner_temporal_within_outer_train_by_video_80_20,0,True,146163,37037
20260625,7,0.15575379464361402,0.25280720075183044,inner_temporal_within_outer_train_by_video_80_20,0,True,146163,37037
20260625,8,0.15540374318758646,0.2554283167293776,inner_temporal_within_outer_train_by_video_80_20,0,True,146163,37037
20260625,9,0.1550247073173523,0.2569292398017739,inner_temporal_within_outer_train_by_video_80_20,0,True,146163,37037
20260625,10,0.15474949528773627,0.2577166822628906,inner_temporal_within_outer_train_by_video_80_20,0,True,146163,37037
20260625,11,0.154507824116283,0.2583613670949034,inner_temporal_within_outer_train_by_video_80_20,0,True,146163,37037
20260625,12,0.15455672062105602,0.25961957010672937,inner_temporal_within_outer_train_by_video_80_20,0,True,146163,37037
20260625,13,0.1543280863099628,0.25869302667950905,inner_temporal_within_outer_train_by_video_80_20,0,True,146163,37037
20260625,14,0.15416054013702604,0.2605089205494392,inner_temporal_within_outer_train_by_video_80_20,0,True,146163,37037
20260625,15,0.15397461420959896,0.26030151212595154,inner_temporal_within_outer_train_by_video_80_20,0,True,146163,37037
20260625,16,0.1538750868704584,0.26042700761014265,inner_temporal_within_outer_train_by_video_80_20,0,True,146163,37037
20260625,17,0.15376823561059105,0.26126214425246874,inner_temporal_within_outer_train_by_video_80_20,0,True,146163,37037
20260625,18,0.15363064987791908,0.2619451831926022,inner_temporal_within_outer_train_by_video_80_20,0,True,146163,37037
20260625,19,0.15356648796134525,0.2611960005640407,inner_temporal_within_outer_train_by_video_80_20,0,True,146163,37037
20260625,20,0.15343867904610103,0.26212316013803494,inner_temporal_within_outer_train_by_video_80_20,0,True,146163,37037
20260625,21,0.1533906211455663,0.26258415298914445,inner_temporal_within_outer_train_by_video_80_20,0,True,146163,37037
20260625,22,0.15323596116569307,0.26204982023457557,inner_temporal_within_outer_train_by_video_80_20,0,True,146163,37037
20260625,23,0.15318522933456633,0.2632391653150947,inner_temporal_within_outer_train_by_video_80_20,0,True,146163,37037
20260625,24,0.15314522799518374,0.2631587454437413,inner_temporal_within_outer_train_by_video_80_20,0,True,146163,37037
20260625,25,0.15310391121440464,0.2635586104202966,inner_temporal_within_outer_train_by_video_80_20,0,True,146163,37037
20260625,26,0.15300255517164865,0.26373126895289967,inner_temporal_within_outer_train_by_video_80_20,0,True,146163,37037
20260625,27,0.15302473058303198,0.2639301324172218,inner_temporal_within_outer_train_by_video_80_20,0,True,146163,37037
20260625,28,0.15294533802403343,0.2633324850768273,inner_temporal_within_outer_train_by_video_80_20,0,True,146163,37037
20260625,29,0.1529465408788787,0.2641595400526978,inner_temporal_within_outer_train_by_video_80_20,0,True,146163,37037
20260625,30,0.15280503117375904,0.26395521620581036,inner_temporal_within_outer_train_by_video_80_20,0,True,146163,37037
20260625,31,0.15276863922675452,0.264191352210266,inner_temporal_within_outer_train_by_video_80_20,0,True,146163,37037
20260625,32,0.15272224280569288,0.2647742064251027,inner_temporal_within_outer_train_by_video_80_20,0,True,146163,37037
20260625,33,0.15271740241183174,0.26434485161716237,inner_temporal_within_outer_train_by_video_80_20,0,True,146163,37037
20260625,34,0.15276239812374115,0.2652118310869778,inner_temporal_within_outer_train_by_video_80_20,0,True,146163,37037
20260625,35,0.15263976405064264,0.2645040406704064,inner_temporal_within_outer_train_by_video_80_20,0,True,146163,37037
20260625,36,0.1526231442888578,0.26492994256513713,inner_temporal_within_outer_train_by_video_80_20,0,True,146163,37037
20260625,37,0.15251809689733717,0.26502982103833583,inner_temporal_within_outer_train_by_video_80_20,0,True,146163,37037
20260625,38,0.1525237974193361,0.26520613751967703,inner_temporal_within_outer_train_by_video_80_20,0,True,146163,37037
20260625,39,0.1523922301001019,0.2659941192523475,inner_temporal_within_outer_train_by_video_80_20,0,True,146163,37037
20260625,40,0.152430454062091,0.2653774458616996,inner_temporal_within_outer_train_by_video_80_20,0,True,146163,37037
20260625,41,0.1523476226462258,0.26622990831531157,inner_temporal_within_outer_train_by_video_80_20,0,True,146163,37037
20260625,42,0.1521754099263085,0.2655012540694601,inner_temporal_within_outer_train_by_video_80_20,0,True,146163,37037
20260625,43,0.15225625369283888,0.26612953216346846,inner_temporal_within_outer_train_by_video_80_20,0,True,146163,37037
20260625,44,0.15224195934004253,0.26695819916156516,inner_temporal_within_outer_train_by_video_80_20,0,True,146163,37037
20260625,45,0.1522489305999544,0.26603030363815344,inner_temporal_within_outer_train_by_video_80_20,0,True,146163,37037
20260625,46,0.15217008855607775,0.2668035189038735,inner_temporal_within_outer_train_by_video_80_20,0,True,146163,37037
20260625,47,0.15216947181357277,0.26642151103429634,inner_temporal_within_outer_train_by_video_80_20,0,True,146163,37037
20260625,48,0.1521535681353675,0.2667214009657572,inner_temporal_within_outer_train_by_video_80_20,0,True,146163,37037
20260625,49,0.1520834035343594,0.2669320903430138,inner_temporal_within_outer_train_by_video_80_20,0,True,146163,37037
20260625,50,0.15202626089255014,0.26666664926167916,inner_temporal_within_outer_train_by_video_80_20,0,True,146163,37037
20260625,51,0.15201515621609157,0.2667587085877175,inner_temporal_within_outer_train_by_video_80_20,0,True,146163,37037
20260625,52,0.15193725294537014,0.2667022597818766,inner_temporal_within_outer_train_by_video_80_20,0,True,146163,37037
20260625,53,0.15191150456666946,0.2676335954719809,inner_temporal_within_outer_train_by_video_80_20,0,True,146163,37037
20260625,54,0.15181248552269405,0.2673562425071228,inner_temporal_within_outer_train_by_video_80_20,0,True,146163,37037
20260625,55,0.1518665643201934,0.2674917905393476,inner_temporal_within_outer_train_by_video_80_20,0,True,146163,37037
20260625,56,0.15181117587619358,0.26710067164116913,inner_temporal_within_outer_train_by_video_80_20,0,True,146163,37037
20260625,57,0.15182595286104414,0.2673106626666409,inner_temporal_within_outer_train_by_video_80_20,0,True,146163,37037
20260625,58,0.15180090400907728,0.26755782926025423,inner_temporal_within_outer_train_by_video_80_20,0,True,146163,37037
20260625,59,0.1518033949865235,0.26745995122815036,inner_temporal_within_outer_train_by_video_80_20,0,True,146163,37037
20260625,60,0.15168307059341007,0.2673595251807339,inner_temporal_within_outer_train_by_video_80_20,0,True,146163,37037
20260625,61,0.15160282535685432,0.26777727437630555,inner_temporal_within_outer_train_by_video_80_20,0,True,146163,37037
20260625,62,0.1517438011036979,0.2670953524252363,inner_temporal_within_outer_train_by_video_80_20,0,True,146163,37037
20260625,63,0.15165534615516663,0.2678848359537895,inner_temporal_within_outer_train_by_video_80_20,0,True,146163,37037
20260625,64,0.1516504254606035,0.2674710107979573,inner_temporal_within_outer_train_by_video_80_20,0,True,146163,37037
20260625,65,0.1516397057308091,0.26849274297629977,inner_temporal_within_outer_train_by_video_80_20,0,True,146163,37037
20260625,66,0.15153504411379495,0.2675743623402211,inner_temporal_within_outer_train_by_video_80_20,0,True,146163,37037
20260625,67,0.15150815579626295,0.2680068977864235,inner_temporal_within_outer_train_by_video_80_20,0,True,146163,37037
20260625,68,0.15161481748024622,0.26845072136118714,inner_temporal_within_outer_train_by_video_80_20,0,True,146163,37037
20260625,69,0.151599350074927,0.26827212535698247,inner_temporal_within_outer_train_by_video_80_20,0,True,146163,37037
20260625,70,0.15143048928843605,0.2681703389113511,inner_temporal_within_outer_train_by_video_80_20,0,True,146163,37037
20260625,71,0.15149487306674322,0.2687759866595124,inner_temporal_within_outer_train_by_video_80_20,0,True,146163,37037
20260625,72,0.15137987832228342,0.2675629772670046,inner_temporal_within_outer_train_by_video_80_20,0,True,146163,37037
20260625,73,0.15134322146574655,0.2685318992958244,inner_temporal_within_outer_train_by_video_80_20,0,True,146163,37037
20260625,74,0.15142672508955002,0.26874623927812613,inner_temporal_within_outer_train_by_video_80_20,0,True,146163,37037
20260625,75,0.15124395489692688,0.2686668528289572,inner_temporal_within_outer_train_by_video_80_20,0,True,146163,37037
20260625,76,0.1512633255786366,0.2690923782385397,inner_temporal_within_outer_train_by_video_80_20,0,True,146163,37037
20260625,77,0.15125748183992174,0.2683291691110469,inner_temporal_within_outer_train_by_video_80_20,0,True,146163,37037
20260625,78,0.15123999036020702,0.2695664980414702,inner_temporal_within_outer_train_by_video_80_20,0,True,146163,37037
20260625,79,0.15138095203373167,0.2688858191965689,inner_temporal_within_outer_train_by_video_80_20,0,True,146163,37037
20260625,80,0.15124479764037663,0.2689817672209023,inner_temporal_within_outer_train_by_video_80_20,0,True,146163,37037
20260626,1,0.19532032310962677,0.20133421637519,inner_temporal_within_outer_train_by_video_80_20,0,True,146163,37037
20260626,2,0.1620986345741484,0.2373713503090738,inner_temporal_within_outer_train_by_video_80_20,0,True,146163,37037
20260626,3,0.15743803977966309,0.23878860459241044,inner_temporal_within_outer_train_by_video_80_20,0,True,146163,37037
20260626,4,0.15629661248789894,0.2438159912037372,inner_temporal_within_outer_train_by_video_80_20,0,True,146163,37037
20260626,5,0.1554078525967068,0.24685185477400182,inner_temporal_within_outer_train_by_video_80_20,0,True,146163,37037
20260626,6,0.15497001674440172,0.25018389601003954,inner_temporal_within_outer_train_by_video_80_20,0,True,146163,37037
20260626,7,0.15454782297213873,0.25346037453468834,inner_temporal_within_outer_train_by_video_80_20,0,True,146163,37037
20260626,8,0.15432147433360419,0.2551466879809307,inner_temporal_within_outer_train_by_video_80_20,0,True,146163,37037
20260626,9,0.15418982174661425,0.2561697640436077,inner_temporal_within_outer_train_by_video_80_20,0,True,146163,37037
20260626,10,0.1540559157729149,0.2570892329989298,inner_temporal_within_outer_train_by_video_80_20,0,True,146163,37037
20260626,11,0.15382391462723413,0.2577134360348728,inner_temporal_within_outer_train_by_video_80_20,0,True,146163,37037
20260626,12,0.15370766239033806,0.2587277088418274,inner_temporal_within_outer_train_by_video_80_20,0,True,146163,37037
20260626,13,0.15355420443746778,0.259103284724085,inner_temporal_within_outer_train_by_video_80_20,0,True,146163,37037
20260626,14,0.15342918203936684,0.2603524283450741,inner_temporal_within_outer_train_by_video_80_20,0,True,146163,37037
20260626,15,0.15334288527568182,0.2604907854179962,inner_temporal_within_outer_train_by_video_80_20,0,True,146163,37037
20260626,16,0.15320486906501982,0.2607926323639195,inner_temporal_within_outer_train_by_video_80_20,0,True,146163,37037
20260626,17,0.15309877859221566,0.2618257750790207,inner_temporal_within_outer_train_by_video_80_20,0,True,146163,37037
20260626,18,0.15308404631084865,0.260989580271513,inner_temporal_within_outer_train_by_video_80_20,0,True,146163,37037
20260626,19,0.1530190043979221,0.2626634451988219,inner_temporal_within_outer_train_by_video_80_20,0,True,146163,37037
20260626,20,0.15296576254897648,0.2612535151091529,inner_temporal_within_outer_train_by_video_80_20,0,True,146163,37037
20260626,21,0.15284893165032068,0.2627770136733591,inner_temporal_within_outer_train_by_video_80_20,0,True,146163,37037
20260626,22,0.1526922525631057,0.262122809688199,inner_temporal_within_outer_train_by_video_80_20,0,True,146163,37037
20260626,23,0.1526578383313285,0.2629904296092506,inner_temporal_within_outer_train_by_video_80_20,0,True,146163,37037
20260626,24,0.1526222104827563,0.26327584531070025,inner_temporal_within_outer_train_by_video_80_20,0,True,146163,37037
20260626,25,0.15268088380495706,0.2638338920843202,inner_temporal_within_outer_train_by_video_80_20,0,True,146163,37037
20260626,26,0.15258791628811094,0.26338571472568495,inner_temporal_within_outer_train_by_video_80_20,0,True,146163,37037
20260626,27,0.15259736445215014,0.2637692074265411,inner_temporal_within_outer_train_by_video_80_20,0,True,146163,37037
20260626,28,0.1524488553404808,0.2648652595633359,inner_temporal_within_outer_train_by_video_80_20,0,True,146163,37037
20260626,29,0.15245669417911106,0.26432006878670317,inner_temporal_within_outer_train_by_video_80_20,0,True,146163,37037
20260626,30,0.1522746110955874,0.26468869338344886,inner_temporal_within_outer_train_by_video_80_20,0,True,146163,37037
20260626,31,0.15230854269531038,0.26418334207811023,inner_temporal_within_outer_train_by_video_80_20,0,True,146163,37037
20260626,32,0.1522385428349177,0.26501593207744184,inner_temporal_within_outer_train_by_video_80_20,0,True,146163,37037
20260626,33,0.15215308964252472,0.26536656959561017,inner_temporal_within_outer_train_by_video_80_20,0,True,146163,37037
20260626,34,0.15227469470765856,0.2651469396789745,inner_temporal_within_outer_train_by_video_80_20,0,True,146163,37037
20260626,35,0.15206864558988148,0.26568356159646445,inner_temporal_within_outer_train_by_video_80_20,0,True,146163,37037
20260626,36,0.15206483834319645,0.26599307439077113,inner_temporal_within_outer_train_by_video_80_20,0,True,146163,37037
20260626,37,0.15213079667753643,0.2655686760912105,inner_temporal_within_outer_train_by_video_80_20,0,True,146163,37037
20260626,38,0.15209809525145424,0.2650975004022515,inner_temporal_within_outer_train_by_video_80_20,0,True,146163,37037
20260626,39,0.15197543137603337,0.26602744923327204,inner_temporal_within_outer_train_by_video_80_20,0,True,146163,37037
20260626,40,0.15191934920019573,0.26618376447891334,inner_temporal_within_outer_train_by_video_80_20,0,True,146163,37037
20260626,41,0.15199846691555446,0.2671595004011278,inner_temporal_within_outer_train_by_video_80_20,0,True,146163,37037
20260626,42,0.15185134526756075,0.2662376018971605,inner_temporal_within_outer_train_by_video_80_20,0,True,146163,37037
20260626,43,0.15191691203249824,0.2670143015850074,inner_temporal_within_outer_train_by_video_80_20,0,True,146163,37037
20260626,44,0.15179515878359476,0.26663637767130394,inner_temporal_within_outer_train_by_video_80_20,0,True,146163,37037
20260626,45,0.1517637794216474,0.2671026894888719,inner_temporal_within_outer_train_by_video_80_20,0,True,146163,37037
20260626,46,0.15169394430187014,0.2669551176877428,inner_temporal_within_outer_train_by_video_80_20,0,True,146163,37037
20260626,47,0.1517680080400573,0.266704047226875,inner_temporal_within_outer_train_by_video_80_20,0,True,146163,37037
20260626,48,0.15171039518382815,0.26703476358987394,inner_temporal_within_outer_train_by_video_80_20,0,True,146163,37037
20260626,49,0.15166387955347696,0.2675983723785412,inner_temporal_within_outer_train_by_video_80_20,0,True,146163,37037
20260626,50,0.15159563057952458,0.2674410208881357,inner_temporal_within_outer_train_by_video_80_20,0,True,146163,37037
20260626,51,0.15158763196733263,0.26742545335136203,inner_temporal_within_outer_train_by_video_80_20,0,True,146163,37037
20260626,52,0.1515634780128797,0.2677563835643743,inner_temporal_within_outer_train_by_video_80_20,0,True,146163,37037
20260626,53,0.15152468118402693,0.2673657756406862,inner_temporal_within_outer_train_by_video_80_20,0,True,146163,37037
20260626,54,0.15130016290479237,0.2680317257150779,inner_temporal_within_outer_train_by_video_80_20,0,True,146163,37037
20260626,55,0.15144876887400946,0.26734787547147393,inner_temporal_within_outer_train_by_video_80_20,0,True,146163,37037
20260626,56,0.15143902351458868,0.26798191840241226,inner_temporal_within_outer_train_by_video_80_20,0,True,146163,37037
20260626,57,0.15147619446118674,0.2682104540595219,inner_temporal_within_outer_train_by_video_80_20,0,True,146163,37037
20260626,58,0.15146669662661022,0.26752832735647675,inner_temporal_within_outer_train_by_video_80_20,0,True,146163,37037
20260626,59,0.15131260620223153,0.2685642820099742,inner_temporal_within_outer_train_by_video_80_20,0,True,146163,37037
20260626,60,0.15126107881466547,0.26749486393128824,inner_temporal_within_outer_train_by_video_80_20,0,True,146163,37037
20260626,61,0.15129895259936652,0.2679380854786467,inner_temporal_within_outer_train_by_video_80_20,0,True,146163,37037
20260626,62,0.1512053749627537,0.2689749222954661,inner_temporal_within_outer_train_by_video_80_20,0,True,146163,37037
20260626,63,0.1512949698501163,0.267902023405459,inner_temporal_within_outer_train_by_video_80_20,0,True,146163,37037
20260626,64,0.15120371182759604,0.2686372250276417,inner_temporal_within_outer_train_by_video_80_20,0,True,146163,37037
20260626,65,0.15117544680833817,0.26858617871162194,inner_temporal_within_outer_train_by_video_80_20,0,True,146163,37037
20260626,66,0.15107883430189556,0.2681568047445765,inner_temporal_within_outer_train_by_video_80_20,0,True,146163,37037
20260626,67,0.15115685512622198,0.2685723978138918,inner_temporal_within_outer_train_by_video_80_20,0,True,146163,37037
20260626,68,0.1511012622051769,0.26846282118871334,inner_temporal_within_outer_train_by_video_80_20,0,True,146163,37037
20260626,69,0.15106161187092462,0.2684326614209374,inner_temporal_within_outer_train_by_video_80_20,0,True,146163,37037
20260626,70,0.15097285475995806,0.2688023264080344,inner_temporal_within_outer_train_by_video_80_20,0,True,146163,37037
20260626,71,0.15101906988355848,0.2689653075264555,inner_temporal_within_outer_train_by_video_80_20,0,True,146163,37037
20260626,72,0.15100529044866562,0.26838744487374533,inner_temporal_within_outer_train_by_video_80_20,0,True,146163,37037
20260626,73,0.15093341718117395,0.26930607780750193,inner_temporal_within_outer_train_by_video_80_20,0,True,146163,37037
20260626,74,0.15091265241305032,0.26894541060218485,inner_temporal_within_outer_train_by_video_80_20,0,True,146163,37037
20260626,75,0.15085156593057844,0.2690166256833446,inner_temporal_within_outer_train_by_video_80_20,0,True,146163,37037
20260626,76,0.15085874829027388,0.2692488520250043,inner_temporal_within_outer_train_by_video_80_20,0,True,146163,37037
20260626,77,0.15094207806719673,0.2694608550911086,inner_temporal_within_outer_train_by_video_80_20,0,True,146163,37037
20260626,78,0.15078393121560416,0.2695764778181449,inner_temporal_within_outer_train_by_video_80_20,0,True,146163,37037
20260626,79,0.1508247380455335,0.2694890398321376,inner_temporal_within_outer_train_by_video_80_20,0,True,146163,37037
20260626,80,0.15064307633373472,0.26990876670056074,inner_temporal_within_outer_train_by_video_80_20,0,True,146163,37037
20260627,1,0.20170367177989748,0.22923065951084723,inner_temporal_within_outer_train_by_video_80_20,0,True,146163,37037
20260627,2,0.16293831335173714,0.24052125563362972,inner_temporal_within_outer_train_by_video_80_20,0,True,146163,37037
20260627,3,0.15833664519919288,0.24054493999743307,inner_temporal_within_outer_train_by_video_80_20,0,True,146163,37037
20260627,4,0.15724867085615793,0.24538947650894835,inner_temporal_within_outer_train_by_video_80_20,0,True,146163,37037
20260627,5,0.15646889640225303,0.24952175771674673,inner_temporal_within_outer_train_by_video_80_20,0,True,146163,37037
20260627,6,0.15607791228426826,0.2514690897215424,inner_temporal_within_outer_train_by_video_80_20,0,True,146163,37037
20260627,7,0.15571297539605033,0.2535969425499177,inner_temporal_within_outer_train_by_video_80_20,0,True,146163,37037
20260627,8,0.15525809013181263,0.2552244706148732,inner_temporal_within_outer_train_by_video_80_20,0,True,146163,37037
20260627,9,0.1550969746377733,0.25560425300173073,inner_temporal_within_outer_train_by_video_80_20,0,True,146163,37037
20260627,10,0.1547816586163309,0.2568899923070185,inner_temporal_within_outer_train_by_video_80_20,0,True,146163,37037
20260627,11,0.15468337304062313,0.25763973601966794,inner_temporal_within_outer_train_by_video_80_20,0,True,146163,37037
20260627,12,0.15438255253765318,0.2580434996165325,inner_temporal_within_outer_train_by_video_80_20,0,True,146163,37037
20260627,13,0.15423750132322311,0.25849252265445416,inner_temporal_within_outer_train_by_video_80_20,0,True,146163,37037
20260627,14,0.15410220705800587,0.2581797227418178,inner_temporal_within_outer_train_by_video_80_20,0,True,146163,37037
20260627,15,0.15401186048984528,0.2592351078314092,inner_temporal_within_outer_train_by_video_80_20,0,True,146163,37037
20260627,16,0.1537626584370931,0.25958752339725694,inner_temporal_within_outer_train_by_video_80_20,0,True,146163,37037
20260627,17,0.15377365466621187,0.26018774752094376,inner_temporal_within_outer_train_by_video_80_20,0,True,146163,37037
20260627,18,0.15359951307376227,0.2596438195481342,inner_temporal_within_outer_train_by_video_80_20,0,True,146163,37037
20260627,19,0.15353776762882868,0.2606567881433358,inner_temporal_within_outer_train_by_video_80_20,0,True,146163,37037
20260627,20,0.15339786062637964,0.2609591273524449,inner_temporal_within_outer_train_by_video_80_20,0,True,146163,37037
20260627,21,0.15331225345532098,0.26093815151530464,inner_temporal_within_outer_train_by_video_80_20,0,True,146163,37037
20260627,22,0.15326892584562302,0.26132782299914115,inner_temporal_within_outer_train_by_video_80_20,0,True,146163,37037
20260627,23,0.1531394835975435,0.26204336652246246,inner_temporal_within_outer_train_by_video_80_20,0,True,146163,37037
20260627,24,0.15304023689693874,0.2620416080486417,inner_temporal_within_outer_train_by_video_80_20,0,True,146163,37037
20260627,25,0.15295565293894875,0.26249778430837506,inner_temporal_within_outer_train_by_video_80_20,0,True,146163,37037
20260627,26,0.15288700577285555,0.26212480406295113,inner_temporal_within_outer_train_by_video_80_20,0,True,146163,37037
20260627,27,0.15285273806916344,0.26256565292504386,inner_temporal_within_outer_train_by_video_80_20,0,True,146163,37037
20260627,28,0.15275456756353378,0.2635781339083896,inner_temporal_within_outer_train_by_video_80_20,0,True,146163,37037
20260627,29,0.1526757851243019,0.26321175606989583,inner_temporal_within_outer_train_by_video_80_20,0,True,146163,37037
20260627,30,0.15270420660575232,0.2633169217666365,inner_temporal_within_outer_train_by_video_80_20,0,True,146163,37037
20260627,31,0.1526640405257543,0.26392103541268663,inner_temporal_within_outer_train_by_video_80_20,0,True,146163,37037
20260627,32,0.15254810121324328,0.26438809721268,inner_temporal_within_outer_train_by_video_80_20,0,True,146163,37037
20260627,33,0.15253055757946438,0.2643007417114798,inner_temporal_within_outer_train_by_video_80_20,0,True,146163,37037
20260627,34,0.15243909839126799,0.26466331638718954,inner_temporal_within_outer_train_by_video_80_20,0,True,146163,37037
20260627,35,0.15237377832333246,0.2642687649793777,inner_temporal_within_outer_train_by_video_80_20,0,True,146163,37037
20260627,36,0.15239031695657307,0.2648827420691196,inner_temporal_within_outer_train_by_video_80_20,0,True,146163,37037
20260627,37,0.15232200672229132,0.2651988211097707,inner_temporal_within_outer_train_by_video_80_20,0,True,146163,37037
20260627,38,0.15215230898724663,0.2647564947413101,inner_temporal_within_outer_train_by_video_80_20,0,True,146163,37037
20260627,39,0.15229258024030262,0.26501279963147995,inner_temporal_within_outer_train_by_video_80_20,0,True,146163,37037
20260627,40,0.1521595468123754,0.26529261068776816,inner_temporal_within_outer_train_by_video_80_20,0,True,146163,37037
20260627,41,0.1521366321378284,0.2653850376296148,inner_temporal_within_outer_train_by_video_80_20,0,True,146163,37037
20260627,42,0.15207550591892666,0.26510044518276094,inner_temporal_within_outer_train_by_video_80_20,0,True,146163,37037
20260627,43,0.15208734075228372,0.26549146312872246,inner_temporal_within_outer_train_by_video_80_20,0,True,146163,37037
20260627,44,0.15210894660817253,0.2653797434990296,inner_temporal_within_outer_train_by_video_80_20,0,True,146163,37037
20260627,45,0.15213839213053384,0.266397771244977,inner_temporal_within_outer_train_by_video_80_20,0,True,146163,37037
20260627,46,0.15198361459705564,0.2658512358941996,inner_temporal_within_outer_train_by_video_80_20,0,True,146163,37037
20260627,47,0.15203088687525856,0.2655883400310975,inner_temporal_within_outer_train_by_video_80_20,0,True,146163,37037
20260627,48,0.15194766140646404,0.26657997725701266,inner_temporal_within_outer_train_by_video_80_20,0,True,146163,37037
20260627,49,0.15187907218933105,0.2664529731712384,inner_temporal_within_outer_train_by_video_80_20,0,True,146163,37037
20260627,50,0.15189998348553976,0.2661751830498135,inner_temporal_within_outer_train_by_video_80_20,0,True,146163,37037
20260627,51,0.1517140476240052,0.26642907457340526,inner_temporal_within_outer_train_by_video_80_20,0,True,146163,37037
20260627,52,0.15179570598734748,0.2667468633263644,inner_temporal_within_outer_train_by_video_80_20,0,True,146163,37037
20260627,53,0.15171571407053205,0.2658641633498517,inner_temporal_within_outer_train_by_video_80_20,0,True,146163,37037
20260627,54,0.15174919946326149,0.2668953288413478,inner_temporal_within_outer_train_by_video_80_20,0,True,146163,37037
20260627,55,0.15175489998526043,0.26625379379113107,inner_temporal_within_outer_train_by_video_80_20,0,True,146163,37037
20260627,56,0.151552837755945,0.2671132029200526,inner_temporal_within_outer_train_by_video_80_20,0,True,146163,37037
20260627,57,0.15162290301587847,0.2671212258274682,inner_temporal_within_outer_train_by_video_80_20,0,True,146163,37037
20260627,58,0.15159808761543697,0.2668133683083473,inner_temporal_within_outer_train_by_video_80_20,0,True,146163,37037
20260627,59,0.15151777201228672,0.266496130937018,inner_temporal_within_outer_train_by_video_80_20,0,True,146163,37037
20260627,60,0.15150788012478086,0.2674192506292598,inner_temporal_within_outer_train_by_video_80_20,0,True,146163,37037
20260627,61,0.15148383875687918,0.2676029984754129,inner_temporal_within_outer_train_by_video_80_20,0,True,146163,37037
20260627,62,0.15148217893309063,0.2673685693260888,inner_temporal_within_outer_train_by_video_80_20,0,True,146163,37037
20260627,63,0.1515344207485517,0.26730865283969196,inner_temporal_within_outer_train_by_video_80_20,0,True,146163,37037
20260627,64,0.1514323130249977,0.2679356270530563,inner_temporal_within_outer_train_by_video_80_20,0,True,146163,37037
20260627,65,0.15137490299012926,0.2671442979091687,inner_temporal_within_outer_train_by_video_80_20,0,True,146163,37037
20260627,66,0.15137076874574026,0.26763298234698885,inner_temporal_within_outer_train_by_video_80_20,0,True,146163,37037
20260627,67,0.15130230122142369,0.26823384194433547,inner_temporal_within_outer_train_by_video_80_20,0,True,146163,37037
20260627,68,0.15131525529755485,0.26714402094769063,inner_temporal_within_outer_train_by_video_80_20,0,True,146163,37037
20260627,69,0.15137383259005016,0.2680614162045981,inner_temporal_within_outer_train_by_video_80_20,0,True,146163,37037
20260627,70,0.15129074702660242,0.26796170001951986,inner_temporal_within_outer_train_by_video_80_20,0,True,146163,37037
20260627,71,0.15123575180768967,0.2677373147493484,inner_temporal_within_outer_train_by_video_80_20,0,True,146163,37037
20260627,72,0.1513170955909623,0.2683429561387769,inner_temporal_within_outer_train_by_video_80_20,0,True,146163,37037
20260627,73,0.15125079618559945,0.2683026876506039,inner_temporal_within_outer_train_by_video_80_20,0,True,146163,37037
20260627,74,0.15121266659763125,0.26778868948726153,inner_temporal_within_outer_train_by_video_80_20,0,True,146163,37037
20260627,75,0.1512240626745754,0.26869331177963274,inner_temporal_within_outer_train_by_video_80_20,0,True,146163,37037
20260627,76,0.15122147070036995,0.2682693856998239,inner_temporal_within_outer_train_by_video_80_20,0,True,146163,37037
20260627,77,0.15116346296336916,0.26858658587997974,inner_temporal_within_outer_train_by_video_80_20,0,True,146163,37037
20260627,78,0.15114015258020824,0.268655546986791,inner_temporal_within_outer_train_by_video_80_20,0,True,146163,37037
20260627,79,0.15103525668382645,0.2685621978072162,inner_temporal_within_outer_train_by_video_80_20,0,True,146163,37037
20260627,80,0.15112047228548262,0.2688660843626559,inner_temporal_within_outer_train_by_video_80_20,0,True,146163,37037
20260628,1,0.20312090549204084,0.19282166128692652,inner_temporal_within_outer_train_by_video_80_20,0,True,146163,37037
20260628,2,0.16382933242453468,0.22364661655719856,inner_temporal_within_outer_train_by_video_80_20,0,True,146163,37037
20260628,3,0.15809667772716945,0.2318280720732867,inner_temporal_within_outer_train_by_video_80_20,0,True,146163,37037
20260628,4,0.1568684462043974,0.23933568978253963,inner_temporal_within_outer_train_by_video_80_20,0,True,146163,37037
20260628,5,0.15612675001223883,0.24369931557590807,inner_temporal_within_outer_train_by_video_80_20,0,True,146163,37037
20260628,6,0.15548494292630088,0.2475128476178334,inner_temporal_within_outer_train_by_video_80_20,0,True,146163,37037
20260628,7,0.15499789433346856,0.25102344937683724,inner_temporal_within_outer_train_by_video_80_20,0,True,146163,37037
20260628,8,0.15483393520116806,0.2542425849479297,inner_temporal_within_outer_train_by_video_80_20,0,True,146163,37037
20260628,9,0.15446604043245316,0.25546567916330076,inner_temporal_within_outer_train_by_video_80_20,0,True,146163,37037
20260628,10,0.15432201988167232,0.2567257400090973,inner_temporal_within_outer_train_by_video_80_20,0,True,146163,37037
20260628,11,0.15406657838159138,0.25802702591516485,inner_temporal_within_outer_train_by_video_80_20,0,True,146163,37037
20260628,12,0.15401074455844033,0.2582648371099759,inner_temporal_within_outer_train_by_video_80_20,0,True,146163,37037
20260628,13,0.15377574414014816,0.2593929167668315,inner_temporal_within_outer_train_by_video_80_20,0,True,146163,37037
20260628,14,0.15367311901516384,0.2597829522547627,inner_temporal_within_outer_train_by_video_80_20,0,True,146163,37037
20260628,15,0.1535966843366623,0.2598970689755025,inner_temporal_within_outer_train_by_video_80_20,0,True,146163,37037
20260628,16,0.15351728184355629,0.261098741222268,inner_temporal_within_outer_train_by_video_80_20,0,True,146163,37037
20260628,17,0.15342491451236936,0.2609546862512887,inner_temporal_within_outer_train_by_video_80_20,0,True,146163,37037
20260628,18,0.15329058219989142,0.26171607470159336,inner_temporal_within_outer_train_by_video_80_20,0,True,146163,37037
20260628,19,0.15327646914455625,0.26209722569116833,inner_temporal_within_outer_train_by_video_80_20,0,True,146163,37037
20260628,20,0.15321967171298134,0.2623522012866047,inner_temporal_within_outer_train_by_video_80_20,0,True,146163,37037
20260628,21,0.15311536524030897,0.2626935928906287,inner_temporal_within_outer_train_by_video_80_20,0,True,146163,37037
20260628,22,0.15300354030397204,0.2626775082646523,inner_temporal_within_outer_train_by_video_80_20,0,True,146163,37037
20260628,23,0.15295102447271347,0.2635542435430708,inner_temporal_within_outer_train_by_video_80_20,0,True,146163,37037
20260628,24,0.15293642547395495,0.26348479612870124,inner_temporal_within_outer_train_by_video_80_20,0,True,146163,37037
20260628,25,0.15280101034376356,0.2633266125509787,inner_temporal_within_outer_train_by_video_80_20,0,True,146163,37037
20260628,26,0.15284521794981426,0.26313283612737887,inner_temporal_within_outer_train_by_video_80_20,0,True,146163,37037
20260628,27,0.1527528241276741,0.2643601284717078,inner_temporal_within_outer_train_by_video_80_20,0,True,146163,37037
20260628,28,0.15272417002254063,0.26390435158144776,inner_temporal_within_outer_train_by_video_80_20,0,True,146163,37037
20260628,29,0.15264125085539287,0.26407919191643725,inner_temporal_within_outer_train_by_video_80_20,0,True,146163,37037
20260628,30,0.15261293368207085,0.26413678139890107,inner_temporal_within_outer_train_by_video_80_20,0,True,146163,37037
20260628,31,0.15257032132811016,0.264268818696045,inner_temporal_within_outer_train_by_video_80_20,0,True,146163,37037
20260628,32,0.15254157781600952,0.26468766859463666,inner_temporal_within_outer_train_by_video_80_20,0,True,146163,37037
20260628,33,0.15244122429026497,0.2644594282666718,inner_temporal_within_outer_train_by_video_80_20,0,True,146163,37037
20260628,34,0.15239943977859285,0.2649960022824805,inner_temporal_within_outer_train_by_video_80_20,0,True,146163,37037
20260628,35,0.1524323680334621,0.2654013774687322,inner_temporal_within_outer_train_by_video_80_20,0,True,146163,37037
20260628,36,0.15245073454247582,0.2659521330628076,inner_temporal_within_outer_train_by_video_80_20,0,True,146163,37037
20260628,37,0.1523687019944191,0.26535462552257494,inner_temporal_within_outer_train_by_video_80_20,0,True,146163,37037
20260628,38,0.1523306800259484,0.2657165871388742,inner_temporal_within_outer_train_by_video_80_20,0,True,146163,37037
20260628,39,0.15225742674536175,0.2656781984823282,inner_temporal_within_outer_train_by_video_80_20,0,True,146163,37037
20260628,40,0.1522880055838161,0.26597729780083285,inner_temporal_within_outer_train_by_video_80_20,0,True,146163,37037
20260628,41,0.15223942200342813,0.2664562638960951,inner_temporal_within_outer_train_by_video_80_20,0,True,146163,37037
20260628,42,0.1522235663400756,0.26576530468728,inner_temporal_within_outer_train_by_video_80_20,0,True,146163,37037
20260628,43,0.15216541124714744,0.2664453979882808,inner_temporal_within_outer_train_by_video_80_20,0,True,146163,37037
20260628,44,0.15210152169068655,0.266112546989153,inner_temporal_within_outer_train_by_video_80_20,0,True,146163,37037
20260628,45,0.15208043406407037,0.2664621877583909,inner_temporal_within_outer_train_by_video_80_20,0,True,146163,37037
20260628,46,0.1520817114247216,0.2664232158792289,inner_temporal_within_outer_train_by_video_80_20,0,True,146163,37037
20260628,47,0.15197776092423332,0.26616005232537154,inner_temporal_within_outer_train_by_video_80_20,0,True,146163,37037
20260628,48,0.15206096900833976,0.26674214795799267,inner_temporal_within_outer_train_by_video_80_20,0,True,146163,37037
20260628,49,0.15194956627157,0.2667871308126379,inner_temporal_within_outer_train_by_video_80_20,0,True,146163,37037
20260628,50,0.15186752378940582,0.26659560102359925,inner_temporal_within_outer_train_by_video_80_20,0,True,146163,37037
20260628,51,0.15186126944091585,0.26670229562265957,inner_temporal_within_outer_train_by_video_80_20,0,True,146163,37037
20260628,52,0.15193644083208507,0.2670516986287036,inner_temporal_within_outer_train_by_video_80_20,0,True,146163,37037
20260628,53,0.15182344201538298,0.26724532394837563,inner_temporal_within_outer_train_by_video_80_20,0,True,146163,37037
20260628,54,0.15178470065196356,0.2678653181327202,inner_temporal_within_outer_train_by_video_80_20,0,True,146163,37037
20260628,55,0.1517503352628814,0.2671248134658719,inner_temporal_within_outer_train_by_video_80_20,0,True,146163,37037
20260628,56,0.15175117635064655,0.2671740195624977,inner_temporal_within_outer_train_by_video_80_20,0,True,146163,37037
20260628,57,0.15170493142472374,0.2675428435014362,inner_temporal_within_outer_train_by_video_80_20,0,True,146163,37037
20260628,58,0.15166057563490337,0.2678404521124776,inner_temporal_within_outer_train_by_video_80_20,0,True,146163,37037
20260628,59,0.15174152702093124,0.26800578163124067,inner_temporal_within_outer_train_by_video_80_20,0,True,146163,37037
20260628,60,0.15169299145539603,0.26744638211438326,inner_temporal_within_outer_train_by_video_80_20,0,True,146163,37037
20260628,61,0.15155935535828272,0.26798478590105285,inner_temporal_within_outer_train_by_video_80_20,0,True,146163,37037
20260628,62,0.15154141104883617,0.26843215957269023,inner_temporal_within_outer_train_by_video_80_20,0,True,146163,37037
20260628,63,0.1515149606598748,0.26781625672295095,inner_temporal_within_outer_train_by_video_80_20,0,True,146163,37037
20260628,64,0.15152302218808067,0.26869010521763353,inner_temporal_within_outer_train_by_video_80_20,0,True,146163,37037
20260628,65,0.15154732267061868,0.26805369043689714,inner_temporal_within_outer_train_by_video_80_20,0,True,146163,37037
20260628,66,0.15161384724908405,0.268239952966283,inner_temporal_within_outer_train_by_video_80_20,0,True,146163,37037
20260628,67,0.1515777019990815,0.2684281985272867,inner_temporal_within_outer_train_by_video_80_20,0,True,146163,37037
20260628,68,0.15143402996990415,0.2685463087192861,inner_temporal_within_outer_train_by_video_80_20,0,True,146163,37037
20260628,69,0.15140038232008615,0.26851272841176155,inner_temporal_within_outer_train_by_video_80_20,0,True,146163,37037
20260628,70,0.1513094132145246,0.26877833347961844,inner_temporal_within_outer_train_by_video_80_20,0,True,146163,37037
20260628,71,0.15141765359375212,0.2684657340747537,inner_temporal_within_outer_train_by_video_80_20,0,True,146163,37037
20260628,72,0.15138796634144253,0.26875260559058545,inner_temporal_within_outer_train_by_video_80_20,0,True,146163,37037
20260628,73,0.15134611477454504,0.26840743527309685,inner_temporal_within_outer_train_by_video_80_20,0,True,146163,37037
20260628,74,0.15122162219550875,0.2692638405702959,inner_temporal_within_outer_train_by_video_80_20,0,True,146163,37037
20260628,75,0.15125054121017456,0.26878676390739914,inner_temporal_within_outer_train_by_video_80_20,0,True,146163,37037
20260628,76,0.15128070447180006,0.2692155864681546,inner_temporal_within_outer_train_by_video_80_20,0,True,146163,37037
20260628,77,0.1512363139126036,0.2691791873648865,inner_temporal_within_outer_train_by_video_80_20,0,True,146163,37037
20260628,78,0.15114946911732355,0.2690441499015612,inner_temporal_within_outer_train_by_video_80_20,0,True,146163,37037
20260628,79,0.1512476330002149,0.26949786639637,inner_temporal_within_outer_train_by_video_80_20,0,True,146163,37037
20260628,80,0.15119750052690506,0.26929157415545774,inner_temporal_within_outer_train_by_video_80_20,0,True,146163,37037
20260629,1,0.21668384389744866,0.16790701792596968,inner_temporal_within_outer_train_by_video_80_20,0,True,146163,37037
20260629,2,0.16578913893964556,0.2361995043302485,inner_temporal_within_outer_train_by_video_80_20,0,True,146163,37037
20260629,3,0.15939219378762776,0.23715056977026122,inner_temporal_within_outer_train_by_video_80_20,0,True,146163,37037
20260629,4,0.15795179456472397,0.24086543881539613,inner_temporal_within_outer_train_by_video_80_20,0,True,146163,37037
20260629,5,0.15722929520739448,0.24575999459687095,inner_temporal_within_outer_train_by_video_80_20,0,True,146163,37037
20260629,6,0.15655273778571022,0.24834387767273547,inner_temporal_within_outer_train_by_video_80_20,0,True,146163,37037
20260629,7,0.15595671120617124,0.2509377300893123,inner_temporal_within_outer_train_by_video_80_20,0,True,146163,37037
20260629,8,0.15551230559746423,0.25311184639658335,inner_temporal_within_outer_train_by_video_80_20,0,True,146163,37037
20260629,9,0.1552259632282787,0.25502832429746475,inner_temporal_within_outer_train_by_video_80_20,0,True,146163,37037
20260629,10,0.1548968462480439,0.25588885911015524,inner_temporal_within_outer_train_by_video_80_20,0,True,146163,37037
20260629,11,0.1546411845419142,0.25777471765578674,inner_temporal_within_outer_train_by_video_80_20,0,True,146163,37037
20260629,12,0.15454699016279644,0.25806535891646953,inner_temporal_within_outer_train_by_video_80_20,0,True,146163,37037
20260629,13,0.1543728063503901,0.25816625231323914,inner_temporal_within_outer_train_by_video_80_20,0,True,146163,37037
20260629,14,0.15420264419582155,0.2588141288556074,inner_temporal_within_outer_train_by_video_80_20,0,True,146163,37037
20260629,15,0.15408690439330208,0.258771098661728,inner_temporal_within_outer_train_by_video_80_20,0,True,146163,37037
20260629,16,0.1539771689309014,0.25969326836736595,inner_temporal_within_outer_train_by_video_80_20,0,True,146163,37037
20260629,17,0.1538036349746916,0.26012403655462646,inner_temporal_within_outer_train_by_video_80_20,0,True,146163,37037
20260629,18,0.1536366558737225,0.26017034385253335,inner_temporal_within_outer_train_by_video_80_20,0,True,146163,37037
20260629,19,0.15364199628432593,0.2607087413924084,inner_temporal_within_outer_train_by_video_80_20,0,True,146163,37037
20260629,20,0.15358486109309727,0.26100823879776136,inner_temporal_within_outer_train_by_video_80_20,0,True,146163,37037
20260629,21,0.15352398736609352,0.26179011228978843,inner_temporal_within_outer_train_by_video_80_20,0,True,146163,37037
20260629,22,0.15334169318278631,0.26143128784929615,inner_temporal_within_outer_train_by_video_80_20,0,True,146163,37037
20260629,23,0.1532745286822319,0.2624168566043365,inner_temporal_within_outer_train_by_video_80_20,0,True,146163,37037
20260629,24,0.1532019865181711,0.26169124733400856,inner_temporal_within_outer_train_by_video_80_20,0,True,146163,37037
20260629,25,0.15309840109613207,0.26313666343716274,inner_temporal_within_outer_train_by_video_80_20,0,True,146163,37037
20260629,26,0.15307189772526422,0.26263228567281155,inner_temporal_within_outer_train_by_video_80_20,0,True,146163,37037
20260629,27,0.15306804246372646,0.26328214424810426,inner_temporal_within_outer_train_by_video_80_20,0,True,146163,37037
20260629,28,0.15288987093501621,0.26282560352606743,inner_temporal_within_outer_train_by_video_80_20,0,True,146163,37037
20260629,29,0.15287972158855861,0.2637802166973819,inner_temporal_within_outer_train_by_video_80_20,0,True,146163,37037
20260629,30,0.1528088284863366,0.2638387123652363,inner_temporal_within_outer_train_by_video_80_20,0,True,146163,37037
20260629,31,0.15278752562072542,0.26359950107903246,inner_temporal_within_outer_train_by_video_80_20,0,True,146163,37037
20260629,32,0.1526492734750112,0.26491423256102714,inner_temporal_within_outer_train_by_video_80_20,0,True,146163,37037
20260629,33,0.15256913834147984,0.26453852772276665,inner_temporal_within_outer_train_by_video_80_20,0,True,146163,37037
20260629,34,0.1525257569220331,0.2647708859452271,inner_temporal_within_outer_train_by_video_80_20,0,True,146163,37037
20260629,35,0.15239008019367853,0.2647394932574517,inner_temporal_within_outer_train_by_video_80_20,0,True,146163,37037
20260629,36,0.15244616154167387,0.26540531358513286,inner_temporal_within_outer_train_by_video_80_20,0,True,146163,37037
20260629,37,0.15235166168875164,0.2654182579169946,inner_temporal_within_outer_train_by_video_80_20,0,True,146163,37037
20260629,38,0.1522623904877239,0.2653391967456396,inner_temporal_within_outer_train_by_video_80_20,0,True,146163,37037
20260629,39,0.15235259383916855,0.26555008755230214,inner_temporal_within_outer_train_by_video_80_20,0,True,146163,37037
20260629,40,0.15240324950880474,0.2655511423604946,inner_temporal_within_outer_train_by_video_80_20,0,True,146163,37037
20260629,41,0.15227406223615012,0.265926825411473,inner_temporal_within_outer_train_by_video_80_20,0,True,146163,37037
20260629,42,0.152290484143628,0.26641549540801135,inner_temporal_within_outer_train_by_video_80_20,0,True,146163,37037
20260629,43,0.15210814525683722,0.26549352859856395,inner_temporal_within_outer_train_by_video_80_20,0,True,146163,37037
20260629,44,0.15216175549560124,0.2665861856057748,inner_temporal_within_outer_train_by_video_80_20,0,True,146163,37037
20260629,45,0.1520584432615174,0.26648741408303234,inner_temporal_within_outer_train_by_video_80_20,0,True,146163,37037
20260629,46,0.1520662928620974,0.26637071564321657,inner_temporal_within_outer_train_by_video_80_20,0,True,146163,37037
20260629,47,0.15201382752921846,0.26629929678629993,inner_temporal_within_outer_train_by_video_80_20,0,True,146163,37037
20260629,48,0.15200989113913643,0.2668007275524159,inner_temporal_within_outer_train_by_video_80_20,0,True,146163,37037
20260629,49,0.15193384223514134,0.2662046010930709,inner_temporal_within_outer_train_by_video_80_20,0,True,146163,37037
20260629,50,0.1519453525543213,0.26655605617830797,inner_temporal_within_outer_train_by_video_80_20,0,True,146163,37037
20260629,51,0.15177810026539695,0.2672872851177952,inner_temporal_within_outer_train_by_video_80_20,0,True,146163,37037
20260629,52,0.15181318173805872,0.2668180280557882,inner_temporal_within_outer_train_by_video_80_20,0,True,146163,37037
20260629,53,0.1517905650867356,0.26715725921961947,inner_temporal_within_outer_train_by_video_80_20,0,True,146163,37037
20260629,54,0.15173500941859352,0.2666307585354575,inner_temporal_within_outer_train_by_video_80_20,0,True,146163,37037
20260629,55,0.15177037318547568,0.2673096684405925,inner_temporal_within_outer_train_by_video_80_20,0,True,146163,37037
20260629,56,0.1516348554028405,0.26756483811331827,inner_temporal_within_outer_train_by_video_80_20,0,True,146163,37037
20260629,57,0.1516918655898836,0.26703953207806613,inner_temporal_within_outer_train_by_video_80_20,0,True,146163,37037
20260629,58,0.1516901229818662,0.26708684364350643,inner_temporal_within_outer_train_by_video_80_20,0,True,146163,37037
20260629,59,0.15155716902679867,0.2675584188447596,inner_temporal_within_outer_train_by_video_80_20,0,True,146163,37037
20260629,60,0.15160446034537423,0.2668893384056041,inner_temporal_within_outer_train_by_video_80_20,0,True,146163,37037
20260629,61,0.15150611599286398,0.26776557739953744,inner_temporal_within_outer_train_by_video_80_20,0,True,146163,37037
20260629,62,0.15147778474622303,0.26763027972088343,inner_temporal_within_outer_train_by_video_80_20,0,True,146163,37037
20260629,63,0.1514221744404899,0.26747942887721354,inner_temporal_within_outer_train_by_video_80_20,0,True,146163,37037
20260629,64,0.1514516000946363,0.26748977779525085,inner_temporal_within_outer_train_by_video_80_20,0,True,146163,37037
20260629,65,0.1514437778128518,0.26709337531922794,inner_temporal_within_outer_train_by_video_80_20,0,True,146163,37037
20260629,66,0.15140941573513877,0.2679895045568665,inner_temporal_within_outer_train_by_video_80_20,0,True,146163,37037
20260629,67,0.1513518136408594,0.26781464125195487,inner_temporal_within_outer_train_by_video_80_20,0,True,146163,37037
20260629,68,0.1514290678832266,0.26760686294919867,inner_temporal_within_outer_train_by_video_80_20,0,True,146163,37037
20260629,69,0.1512883653243383,0.26790744169698655,inner_temporal_within_outer_train_by_video_80_20,0,True,146163,37037
20260629,70,0.15136644575330946,0.26758950292773753,inner_temporal_within_outer_train_by_video_80_20,0,True,146163,37037
20260629,71,0.1512757514913877,0.26788793454781706,inner_temporal_within_outer_train_by_video_80_20,0,True,146163,37037
20260629,72,0.15133998625808293,0.2680490183037349,inner_temporal_within_outer_train_by_video_80_20,0,True,146163,37037
20260629,73,0.15120938999785316,0.2683573463905694,inner_temporal_within_outer_train_by_video_80_20,0,True,146163,37037
20260629,74,0.1512092360191875,0.2681618359337423,inner_temporal_within_outer_train_by_video_80_20,0,True,146163,37037
20260629,75,0.15121411283810934,0.2681347379161376,inner_temporal_within_outer_train_by_video_80_20,0,True,146163,37037
20260629,76,0.15112872587309945,0.2684353284674546,inner_temporal_within_outer_train_by_video_80_20,0,True,146163,37037
20260629,77,0.151084260808097,0.26818437500616304,inner_temporal_within_outer_train_by_video_80_20,0,True,146163,37037
20260629,78,0.15111721058686575,0.2680533567276143,inner_temporal_within_outer_train_by_video_80_20,0,True,146163,37037
20260629,79,0.15112089034583834,0.26834209520971164,inner_temporal_within_outer_train_by_video_80_20,0,True,146163,37037
20260629,80,0.1510052275326517,0.2685088367323975,inner_temporal_within_outer_train_by_video_80_20,0,True,146163,37037
20260630,1,0.20336177696784338,0.20132306093696864,inner_temporal_within_outer_train_by_video_80_20,0,True,146163,37037
20260630,2,0.1645344156357977,0.22919270855594676,inner_temporal_within_outer_train_by_video_80_20,0,True,146163,37037
20260630,3,0.1594965366853608,0.23851948947255525,inner_temporal_within_outer_train_by_video_80_20,0,True,146163,37037
20260630,4,0.15783624764945772,0.2459385666245646,inner_temporal_within_outer_train_by_video_80_20,0,True,146163,37037
20260630,5,0.1567768007516861,0.2495149305241947,inner_temporal_within_outer_train_by_video_80_20,0,True,146163,37037
20260630,6,0.15607568869988123,0.25242891771207554,inner_temporal_within_outer_train_by_video_80_20,0,True,146163,37037
20260630,7,0.15549637211693657,0.25562559414619185,inner_temporal_within_outer_train_by_video_80_20,0,True,146163,37037
20260630,8,0.15508682860268486,0.25755944438452266,inner_temporal_within_outer_train_by_video_80_20,0,True,146163,37037
20260630,9,0.15479868402083716,0.2576570884015287,inner_temporal_within_outer_train_by_video_80_20,0,True,146163,37037
20260630,10,0.15456838574674395,0.25896601417978937,inner_temporal_within_outer_train_by_video_80_20,0,True,146163,37037
20260630,11,0.1542347197731336,0.25941498630768317,inner_temporal_within_outer_train_by_video_80_20,0,True,146163,37037
20260630,12,0.1539816955725352,0.2597886468423405,inner_temporal_within_outer_train_by_video_80_20,0,True,146163,37037
20260630,13,0.15382008916801876,0.26016787230207217,inner_temporal_within_outer_train_by_video_80_20,0,True,146163,37037
20260630,14,0.1537370259563128,0.2605995973816043,inner_temporal_within_outer_train_by_video_80_20,0,True,146163,37037
20260630,15,0.1535223126411438,0.26080839698649805,inner_temporal_within_outer_train_by_video_80_20,0,True,146163,37037
20260630,16,0.15340254455804825,0.261400618299955,inner_temporal_within_outer_train_by_video_80_20,0,True,146163,37037
20260630,17,0.1533521306183603,0.26144207224781396,inner_temporal_within_outer_train_by_video_80_20,0,True,146163,37037
20260630,18,0.15321562108066347,0.261855381841327,inner_temporal_within_outer_train_by_video_80_20,0,True,146163,37037
20260630,19,0.15302948074208367,0.2619143064970097,inner_temporal_within_outer_train_by_video_80_20,0,True,146163,37037
20260630,20,0.1531127260790931,0.26239740154675134,inner_temporal_within_outer_train_by_video_80_20,0,True,146163,37037
20260630,21,0.1530369081430965,0.26212346718203944,inner_temporal_within_outer_train_by_video_80_20,0,True,146163,37037
20260630,22,0.15284599198235405,0.26225130685231235,inner_temporal_within_outer_train_by_video_80_20,0,True,146163,37037
20260630,23,0.15276972535583708,0.2625468911701773,inner_temporal_within_outer_train_by_video_80_20,0,True,146163,37037
20260630,24,0.15271534274021784,0.26309108466432896,inner_temporal_within_outer_train_by_video_80_20,0,True,146163,37037
20260630,25,0.15267217655976614,0.26221996760714383,inner_temporal_within_outer_train_by_video_80_20,0,True,146163,37037
20260630,26,0.1525828888018926,0.2633156107541479,inner_temporal_within_outer_train_by_video_80_20,0,True,146163,37037
20260630,27,0.15263160152567756,0.2634692879763622,inner_temporal_within_outer_train_by_video_80_20,0,True,146163,37037
20260630,28,0.15249761028422248,0.2633498703214162,inner_temporal_within_outer_train_by_video_80_20,0,True,146163,37037
20260630,29,0.15253164122502008,0.264001042492318,inner_temporal_within_outer_train_by_video_80_20,0,True,146163,37037
20260630,30,0.15244095689720577,0.2641975558046855,inner_temporal_within_outer_train_by_video_80_20,0,True,146163,37037
20260630,31,0.15235298871994019,0.2643994762244766,inner_temporal_within_outer_train_by_video_80_20,0,True,146163,37037
20260630,32,0.15231747759713066,0.2641460767448053,inner_temporal_within_outer_train_by_video_80_20,0,True,146163,37037
20260630,33,0.15229684362808862,0.2644098445477905,inner_temporal_within_outer_train_by_video_80_20,0,True,146163,37037
20260630,34,0.15219998939169777,0.2645215255727442,inner_temporal_within_outer_train_by_video_80_20,0,True,146163,37037
20260630,35,0.1522409419218699,0.26486995314835693,inner_temporal_within_outer_train_by_video_80_20,0,True,146163,37037
20260630,36,0.1520982070101632,0.2652094430636679,inner_temporal_within_outer_train_by_video_80_20,0,True,146163,37037
20260630,37,0.15229282859298918,0.26506528095281257,inner_temporal_within_outer_train_by_video_80_20,0,True,146163,37037
20260630,38,0.15210606157779694,0.2646898719867517,inner_temporal_within_outer_train_by_video_80_20,0,True,146163,37037
20260630,39,0.15212536603212357,0.26523911856646365,inner_temporal_within_outer_train_by_video_80_20,0,True,146163,37037
20260630,40,0.15204992724789512,0.2652981313051241,inner_temporal_within_outer_train_by_video_80_20,0,True,146163,37037
20260630,41,0.15201512310240003,0.265309350156421,inner_temporal_within_outer_train_by_video_80_20,0,True,146163,37037
20260630,42,0.15204085244072807,0.2653986337384029,inner_temporal_within_outer_train_by_video_80_20,0,True,146163,37037
20260630,43,0.1520179675685035,0.26512086543674956,inner_temporal_within_outer_train_by_video_80_20,0,True,146163,37037
20260630,44,0.15207106206152174,0.26622046121199255,inner_temporal_within_outer_train_by_video_80_20,0,True,146163,37037
20260630,45,0.15187737180127037,0.2661622207567224,inner_temporal_within_outer_train_by_video_80_20,0,True,146163,37037
20260630,46,0.15187354799773958,0.2654725973494009,inner_temporal_within_outer_train_by_video_80_20,0,True,146163,37037
20260630,47,0.15189345760477913,0.2659109935775053,inner_temporal_within_outer_train_by_video_80_20,0,True,146163,37037
20260630,48,0.15178613033559588,0.2660588127119515,inner_temporal_within_outer_train_by_video_80_20,0,True,146163,37037
20260630,49,0.15178051425351036,0.26598128138266286,inner_temporal_within_outer_train_by_video_80_20,0,True,146163,37037
20260630,50,0.15180711282624137,0.26603594869895963,inner_temporal_within_outer_train_by_video_80_20,0,True,146163,37037
20260630,51,0.15174908522102568,0.26664291229910486,inner_temporal_within_outer_train_by_video_80_20,0,True,146163,37037
20260630,52,0.1515994386540519,0.26616204441186353,inner_temporal_within_outer_train_by_video_80_20,0,True,146163,37037
20260630,53,0.15162719206677544,0.266307789635595,inner_temporal_within_outer_train_by_video_80_20,0,True,146163,37037
20260630,54,0.15166149453984368,0.26719377587431686,inner_temporal_within_outer_train_by_video_80_20,0,True,146163,37037
20260630,55,0.1516497400071886,0.26601869336845907,inner_temporal_within_outer_train_by_video_80_20,0,True,146163,37037
20260630,56,0.15165263993872535,0.26741841669147426,inner_temporal_within_outer_train_by_video_80_20,0,True,146163,37037
20260630,57,0.15159793694814047,0.26639779732723995,inner_temporal_within_outer_train_by_video_80_20,0,True,146163,37037
20260630,58,0.15154056251049042,0.26700182147473334,inner_temporal_within_outer_train_by_video_80_20,0,True,146163,37037
20260630,59,0.15158389591508442,0.26675126893092366,inner_temporal_within_outer_train_by_video_80_20,0,True,146163,37037
20260630,60,0.15149689300192726,0.26715774540610293,inner_temporal_within_outer_train_by_video_80_20,0,True,146163,37037
20260630,61,0.15156995008389154,0.26689877656861705,inner_temporal_within_outer_train_by_video_80_20,0,True,146163,37037
20260630,62,0.15151227762301764,0.2669624047825443,inner_temporal_within_outer_train_by_video_80_20,0,True,146163,37037
20260630,63,0.1515065472986963,0.2675925873990348,inner_temporal_within_outer_train_by_video_80_20,0,True,146163,37037
20260630,64,0.1514099289973577,0.26787302945097713,inner_temporal_within_outer_train_by_video_80_20,0,True,146163,37037
20260630,65,0.15145904322465262,0.26764002196075076,inner_temporal_within_outer_train_by_video_80_20,0,True,146163,37037
20260630,66,0.15138745059569678,0.26736934332604534,inner_temporal_within_outer_train_by_video_80_20,0,True,146163,37037
20260630,67,0.15141820990377003,0.26779205952067253,inner_temporal_within_outer_train_by_video_80_20,0,True,146163,37037
20260630,68,0.1512693390250206,0.26840109236529835,inner_temporal_within_outer_train_by_video_80_20,0,True,146163,37037
20260630,69,0.15135328471660614,0.26708836677275155,inner_temporal_within_outer_train_by_video_80_20,0,True,146163,37037
20260630,70,0.15123966419034535,0.26873355985266767,inner_temporal_within_outer_train_by_video_80_20,0,True,146163,37037
20260630,71,0.15130619373586443,0.2682665460274785,inner_temporal_within_outer_train_by_video_80_20,0,True,146163,37037
20260630,72,0.15130451735523012,0.26840353783686727,inner_temporal_within_outer_train_by_video_80_20,0,True,146163,37037
20260630,73,0.1512136467629009,0.2682341584516942,inner_temporal_within_outer_train_by_video_80_20,0,True,146163,37037
20260630,74,0.1511908753050698,0.267860571081749,inner_temporal_within_outer_train_by_video_80_20,0,True,146163,37037
20260630,75,0.15115034580230713,0.2686923724462702,inner_temporal_within_outer_train_by_video_80_20,0,True,146163,37037
20260630,76,0.15117084234952927,0.2679812100833228,inner_temporal_within_outer_train_by_video_80_20,0,True,146163,37037
20260630,77,0.1512165500058068,0.26867163057989846,inner_temporal_within_outer_train_by_video_80_20,0,True,146163,37037
20260630,78,0.1510511835416158,0.26806142242642317,inner_temporal_within_outer_train_by_video_80_20,0,True,146163,37037
20260630,79,0.15114707499742508,0.26937754744989917,inner_temporal_within_outer_train_by_video_80_20,0,True,146163,37037
20260630,80,0.15108811441395018,0.26857156384539493,inner_temporal_within_outer_train_by_video_80_20,0,True,146163,37037
20260631,1,0.19345552722613016,0.21087124030747978,inner_temporal_within_outer_train_by_video_80_20,0,True,146163,37037
20260631,2,0.16219858990775216,0.23168606862352661,inner_temporal_within_outer_train_by_video_80_20,0,True,146163,37037
20260631,3,0.15871800978978476,0.23938429108708048,inner_temporal_within_outer_train_by_video_80_20,0,True,146163,37037
20260631,4,0.15716605633497238,0.24389562978369772,inner_temporal_within_outer_train_by_video_80_20,0,True,146163,37037
20260631,5,0.15625951190789542,0.248338016084797,inner_temporal_within_outer_train_by_video_80_20,0,True,146163,37037
20260631,6,0.15560040954086515,0.25285199856988594,inner_temporal_within_outer_train_by_video_80_20,0,True,146163,37037
20260631,7,0.15511423846085867,0.2555043329242951,inner_temporal_within_outer_train_by_video_80_20,0,True,146163,37037
20260631,8,0.15464170691039827,0.25644315019280417,inner_temporal_within_outer_train_by_video_80_20,0,True,146163,37037
20260631,9,0.15443221231301626,0.25741654123217134,inner_temporal_within_outer_train_by_video_80_20,0,True,146163,37037
20260631,10,0.15419071002138984,0.25819322263329536,inner_temporal_within_outer_train_by_video_80_20,0,True,146163,37037
20260631,11,0.15408356156614092,0.2574761446562522,inner_temporal_within_outer_train_by_video_80_20,0,True,146163,37037
20260631,12,0.15374693522850671,0.25979866329649826,inner_temporal_within_outer_train_by_video_80_20,0,True,146163,37037
20260631,13,0.1536498119433721,0.25973387023844013,inner_temporal_within_outer_train_by_video_80_20,0,True,146163,37037
20260631,14,0.15344102846251595,0.25967148839088944,inner_temporal_within_outer_train_by_video_80_20,0,True,146163,37037
20260631,15,0.1533509824011061,0.2600129433635396,inner_temporal_within_outer_train_by_video_80_20,0,True,146163,37037
20260631,16,0.15323907302485573,0.2612884037198909,inner_temporal_within_outer_train_by_video_80_20,0,True,146163,37037
20260631,17,0.15312551458676657,0.2619769963386394,inner_temporal_within_outer_train_by_video_80_20,0,True,146163,37037
20260631,18,0.15303621109988955,0.26198272901008335,inner_temporal_within_outer_train_by_video_80_20,0,True,146163,37037
20260631,19,0.15306560695171356,0.2621784468765809,inner_temporal_within_outer_train_by_video_80_20,0,True,146163,37037
20260631,20,0.1529244308670362,0.26181259602742457,inner_temporal_within_outer_train_by_video_80_20,0,True,146163,37037
20260631,21,0.1527948636147711,0.26218357532341996,inner_temporal_within_outer_train_by_video_80_20,0,True,146163,37037
20260631,22,0.15277502354648378,0.26270431936649596,inner_temporal_within_outer_train_by_video_80_20,0,True,146163,37037
20260631,23,0.15267711132764816,0.26330739364785144,inner_temporal_within_outer_train_by_video_80_20,0,True,146163,37037
20260631,24,0.15256669206751716,0.26319679905993476,inner_temporal_within_outer_train_by_video_80_20,0,True,146163,37037
20260631,25,0.15253676391310161,0.26335383123087586,inner_temporal_within_outer_train_by_video_80_20,0,True,146163,37037
20260631,26,0.15259607136249542,0.26396565476590017,inner_temporal_within_outer_train_by_video_80_20,0,True,146163,37037
20260631,27,0.15249568803442848,0.2640936839938321,inner_temporal_within_outer_train_by_video_80_20,0,True,146163,37037
20260631,28,0.1523318878478474,0.263476077934258,inner_temporal_within_outer_train_by_video_80_20,0,True,146163,37037
20260631,29,0.15237375017669466,0.26424225272207763,inner_temporal_within_outer_train_by_video_80_20,0,True,146163,37037
20260631,30,0.1523236632347107,0.26487173119563495,inner_temporal_within_outer_train_by_video_80_20,0,True,146163,37037
20260631,31,0.1523346727093061,0.26452022771435857,inner_temporal_within_outer_train_by_video_80_20,0,True,146163,37037
20260631,32,0.15214472181267208,0.26499347649059185,inner_temporal_within_outer_train_by_video_80_20,0,True,146163,37037
20260631,33,0.15220722390545738,0.26524225851003236,inner_temporal_within_outer_train_by_video_80_20,0,True,146163,37037
20260631,34,0.15221558345688713,0.2647923346587717,inner_temporal_within_outer_train_by_video_80_20,0,True,146163,37037
20260631,35,0.15209920869933236,0.26546969911843676,inner_temporal_within_outer_train_by_video_80_20,0,True,146163,37037
20260631,36,0.15195578998989528,0.2658119336814975,inner_temporal_within_outer_train_by_video_80_20,0,True,146163,37037
20260631,37,0.15207316726446152,0.26559057368070194,inner_temporal_within_outer_train_by_video_80_20,0,True,146163,37037
20260631,38,0.15194829305013022,0.26611673433814936,inner_temporal_within_outer_train_by_video_80_20,0,True,146163,37037
20260631,39,0.15200576765669715,0.2657522137528419,inner_temporal_within_outer_train_by_video_80_20,0,True,146163,37037
20260631,40,0.15191437966293758,0.26637166573477766,inner_temporal_within_outer_train_by_video_80_20,0,True,146163,37037
20260631,41,0.15189789401160347,0.26535770655995494,inner_temporal_within_outer_train_by_video_80_20,0,True,146163,37037
20260631,42,0.151883022652732,0.2663255651669259,inner_temporal_within_outer_train_by_video_80_20,0,True,146163,37037
20260631,43,0.15180141892698076,0.2660652595558084,inner_temporal_within_outer_train_by_video_80_20,0,True,146163,37037
20260631,44,0.15183044721682867,0.2664103863947062,inner_temporal_within_outer_train_by_video_80_20,0,True,146163,37037
20260631,45,0.15168974796930948,0.26572584431571633,inner_temporal_within_outer_train_by_video_80_20,0,True,146163,37037
20260631,46,0.15172682371404436,0.26642415982922363,inner_temporal_within_outer_train_by_video_80_20,0,True,146163,37037
20260631,47,0.15167676077948677,0.2668269476155143,inner_temporal_within_outer_train_by_video_80_20,0,True,146163,37037
20260631,48,0.1515798278980785,0.26608498379974144,inner_temporal_within_outer_train_by_video_80_20,0,True,146163,37037
20260631,49,0.15162394526931974,0.2663309766232013,inner_temporal_within_outer_train_by_video_80_20,0,True,146163,37037
20260631,50,0.15155469874540964,0.2667357995937081,inner_temporal_within_outer_train_by_video_80_20,0,True,146163,37037
20260631,51,0.1514989419115914,0.266648866074799,inner_temporal_within_outer_train_by_video_80_20,0,True,146163,37037
20260631,52,0.1515207232700454,0.2668807783083245,inner_temporal_within_outer_train_by_video_80_20,0,True,146163,37037
20260631,53,0.15151701122522354,0.26678629258020237,inner_temporal_within_outer_train_by_video_80_20,0,True,146163,37037
20260631,54,0.1514281150367525,0.26695588560530187,inner_temporal_within_outer_train_by_video_80_20,0,True,146163,37037
20260631,55,0.15137047982878155,0.2674597534599036,inner_temporal_within_outer_train_by_video_80_20,0,True,146163,37037
20260631,56,0.1513746827840805,0.26660264855444044,inner_temporal_within_outer_train_by_video_80_20,0,True,146163,37037
20260631,57,0.1513056755065918,0.2671305120766295,inner_temporal_within_outer_train_by_video_80_20,0,True,146163,37037
20260631,58,0.1513812235660023,0.2669220785695278,inner_temporal_within_outer_train_by_video_80_20,0,True,146163,37037
20260631,59,0.15141426689094967,0.2675569710549161,inner_temporal_within_outer_train_by_video_80_20,0,True,146163,37037
20260631,60,0.1514128471414248,0.2670003197254566,inner_temporal_within_outer_train_by_video_80_20,0,True,146163,37037
20260631,61,0.15121098773347008,0.2673817581143947,inner_temporal_within_outer_train_by_video_80_20,0,True,146163,37037
20260631,62,0.1513187868727578,0.2677447267030107,inner_temporal_within_outer_train_by_video_80_20,0,True,146163,37037
20260631,63,0.1511218249797821,0.2673518672272957,inner_temporal_within_outer_train_by_video_80_20,0,True,146163,37037
20260631,64,0.1511441386408276,0.26733556796794755,inner_temporal_within_outer_train_by_video_80_20,0,True,146163,37037
20260631,65,0.15115966068373787,0.267835628654847,inner_temporal_within_outer_train_by_video_80_20,0,True,146163,37037
20260631,66,0.15111104978455436,0.26841387237729963,inner_temporal_within_outer_train_by_video_80_20,0,True,146163,37037
20260631,67,0.15115794870588514,0.2674058585115459,inner_temporal_within_outer_train_by_video_80_20,0,True,146163,37037
20260631,68,0.1510773872335752,0.2682009144811204,inner_temporal_within_outer_train_by_video_80_20,0,True,146163,37037
20260631,69,0.15110370765129724,0.2682832998897937,inner_temporal_within_outer_train_by_video_80_20,0,True,146163,37037
20260631,70,0.15110781954394448,0.2676721244055625,inner_temporal_within_outer_train_by_video_80_20,0,True,146163,37037
20260631,71,0.1510205955968963,0.26788218700506,inner_temporal_within_outer_train_by_video_80_20,0,True,146163,37037
20260631,72,0.15104675624105665,0.2680770491307946,inner_temporal_within_outer_train_by_video_80_20,0,True,146163,37037
20260631,73,0.15090908772415584,0.2679926370125215,inner_temporal_within_outer_train_by_video_80_20,0,True,146163,37037
20260631,74,0.1510961668358909,0.268030685739573,inner_temporal_within_outer_train_by_video_80_20,0,True,146163,37037
20260631,75,0.15095153368181652,0.268561887525485,inner_temporal_within_outer_train_by_video_80_20,0,True,146163,37037
20260631,76,0.1508565048376719,0.2681601485601993,inner_temporal_within_outer_train_by_video_80_20,0,True,146163,37037
20260631,77,0.15092787808842129,0.26820314259838723,inner_temporal_within_outer_train_by_video_80_20,0,True,146163,37037
20260631,78,0.1509158511956533,0.26915467532493603,inner_temporal_within_outer_train_by_video_80_20,0,True,146163,37037
20260631,79,0.15092271483606762,0.26806255259832956,inner_temporal_within_outer_train_by_video_80_20,0,True,146163,37037
20260631,80,0.15081945889525944,0.26838481914386497,inner_temporal_within_outer_train_by_video_80_20,0,True,146163,37037
20260632,1,0.19468576792213652,0.21141468568751742,inner_temporal_within_outer_train_by_video_80_20,0,True,146163,37037
20260632,2,0.1621896657678816,0.23035553978217624,inner_temporal_within_outer_train_by_video_80_20,0,True,146163,37037
20260632,3,0.15803643647167417,0.2407816475531831,inner_temporal_within_outer_train_by_video_80_20,0,True,146163,37037
20260632,4,0.15663164357344309,0.24470620006297902,inner_temporal_within_outer_train_by_video_80_20,0,True,146163,37037
20260632,5,0.1558893629246288,0.2484243146717363,inner_temporal_within_outer_train_by_video_80_20,0,True,146163,37037
20260632,6,0.15526922626627815,0.25213298692146685,inner_temporal_within_outer_train_by_video_80_20,0,True,146163,37037
20260632,7,0.1549170207646158,0.2545905200856869,inner_temporal_within_outer_train_by_video_80_20,0,True,146163,37037
20260632,8,0.1545390859246254,0.25604813067939447,inner_temporal_within_outer_train_by_video_80_20,0,True,146163,37037
20260632,9,0.15431464463472366,0.25745931687444146,inner_temporal_within_outer_train_by_video_80_20,0,True,146163,37037
20260632,10,0.15404877149396473,0.2580562166699522,inner_temporal_within_outer_train_by_video_80_20,0,True,146163,37037
20260632,11,0.1538762425382932,0.258846732885327,inner_temporal_within_outer_train_by_video_80_20,0,True,146163,37037
20260632,12,0.15376199699110454,0.25901977564975087,inner_temporal_within_outer_train_by_video_80_20,0,True,146163,37037
20260632,13,0.15364357746309704,0.2593526272363791,inner_temporal_within_outer_train_by_video_80_20,0,True,146163,37037
20260632,14,0.15338815997044244,0.260346930343584,inner_temporal_within_outer_train_by_video_80_20,0,True,146163,37037
20260632,15,0.15328854653570387,0.2599801642069922,inner_temporal_within_outer_train_by_video_80_20,0,True,146163,37037
20260632,16,0.15328779899411732,0.2607300183655623,inner_temporal_within_outer_train_by_video_80_20,0,True,146163,37037
20260632,17,0.1531738837560018,0.2605773310371669,inner_temporal_within_outer_train_by_video_80_20,0,True,146163,37037
20260632,18,0.15310718367497125,0.26095723987400654,inner_temporal_within_outer_train_by_video_80_20,0,True,146163,37037
20260632,19,0.1530989342265659,0.26195185046308156,inner_temporal_within_outer_train_by_video_80_20,0,True,146163,37037
20260632,20,0.15289907571342257,0.2613642043692132,inner_temporal_within_outer_train_by_video_80_20,0,True,146163,37037
20260632,21,0.15291444212198257,0.2628484901888665,inner_temporal_within_outer_train_by_video_80_20,0,True,146163,37037
20260632,22,0.15279537273777855,0.2629518644188068,inner_temporal_within_outer_train_by_video_80_20,0,True,146163,37037
20260632,23,0.15275570998589197,0.262675651756118,inner_temporal_within_outer_train_by_video_80_20,0,True,146163,37037
20260632,24,0.1526811495423317,0.26285691430433966,inner_temporal_within_outer_train_by_video_80_20,0,True,146163,37037
20260632,25,0.15265687472290462,0.2628032051226122,inner_temporal_within_outer_train_by_video_80_20,0,True,146163,37037
20260632,26,0.15252198941177791,0.262887413285723,inner_temporal_within_outer_train_by_video_80_20,0,True,146163,37037
20260632,27,0.15258239540788862,0.26326864669041505,inner_temporal_within_outer_train_by_video_80_20,0,True,146163,37037
20260632,28,0.15249340650108126,0.26378072189964824,inner_temporal_within_outer_train_by_video_80_20,0,True,146163,37037
20260632,29,0.15248497989442614,0.26368490963598723,inner_temporal_within_outer_train_by_video_80_20,0,True,146163,37037
20260632,30,0.1523164063692093,0.2638726527041337,inner_temporal_within_outer_train_by_video_80_20,0,True,146163,37037
20260632,31,0.15231275806824365,0.26458565435321796,inner_temporal_within_outer_train_by_video_80_20,0,True,146163,37037
20260632,32,0.1523621686630779,0.2643310133370729,inner_temporal_within_outer_train_by_video_80_20,0,True,146163,37037
20260632,33,0.15230542504125172,0.2649840908069382,inner_temporal_within_outer_train_by_video_80_20,0,True,146163,37037
20260632,34,0.15231247908539242,0.26368502618334444,inner_temporal_within_outer_train_by_video_80_20,0,True,146163,37037
20260632,35,0.15209171921014786,0.265216200589643,inner_temporal_within_outer_train_by_video_80_20,0,True,146163,37037
20260632,36,0.15211427874035305,0.2650661570190307,inner_temporal_within_outer_train_by_video_80_20,0,True,146163,37037
20260632,37,0.15209446350733438,0.2650394675182245,inner_temporal_within_outer_train_by_video_80_20,0,True,146163,37037
20260632,38,0.15211357921361923,0.26594636009619904,inner_temporal_within_outer_train_by_video_80_20,0,True,146163,37037
20260632,39,0.15206576138734818,0.2647871393625201,inner_temporal_within_outer_train_by_video_80_20,0,True,146163,37037
20260632,40,0.15200679997603098,0.2647217555343119,inner_temporal_within_outer_train_by_video_80_20,0,True,146163,37037
20260632,41,0.1520639169547293,0.2662703066955147,inner_temporal_within_outer_train_by_video_80_20,0,True,146163,37037
20260632,42,0.15203542676236895,0.2648605129745617,inner_temporal_within_outer_train_by_video_80_20,0,True,146163,37037
20260632,43,0.15200413597954643,0.2661177126667191,inner_temporal_within_outer_train_by_video_80_20,0,True,146163,37037
20260632,44,0.15187830726305643,0.2659038089224939,inner_temporal_within_outer_train_by_video_80_20,0,True,146163,37037
20260632,45,0.15192430218060812,0.2665081022331023,inner_temporal_within_outer_train_by_video_80_20,0,True,146163,37037
20260632,46,0.15178757160902023,0.266943280929916,inner_temporal_within_outer_train_by_video_80_20,0,True,146163,37037
20260632,47,0.15185789350006315,0.265810140082832,inner_temporal_within_outer_train_by_video_80_20,0,True,146163,37037
20260632,48,0.15176042252116734,0.2665708947618225,inner_temporal_within_outer_train_by_video_80_20,0,True,146163,37037
20260632,49,0.1517851452032725,0.26692610684664103,inner_temporal_within_outer_train_by_video_80_20,0,True,146163,37037
20260632,50,0.15169829544093874,0.26718103762306133,inner_temporal_within_outer_train_by_video_80_20,0,True,146163,37037
20260632,51,0.15172435177697075,0.266829236102463,inner_temporal_within_outer_train_by_video_80_20,0,True,146163,37037
20260632,52,0.15165814426210192,0.26709679991176616,inner_temporal_within_outer_train_by_video_80_20,0,True,146163,37037
20260632,53,0.15166369411680433,0.2671170841728816,inner_temporal_within_outer_train_by_video_80_20,0,True,146163,37037
20260632,54,0.15167862508032057,0.26776730701137497,inner_temporal_within_outer_train_by_video_80_20,0,True,146163,37037
20260632,55,0.15160352240006128,0.26702702044466414,inner_temporal_within_outer_train_by_video_80_20,0,True,146163,37037
20260632,56,0.1515764304333263,0.26787781312438885,inner_temporal_within_outer_train_by_video_80_20,0,True,146163,37037
20260632,57,0.15160481797324288,0.26712093025376393,inner_temporal_within_outer_train_by_video_80_20,0,True,146163,37037
20260632,58,0.15157258758942285,0.2678432423070342,inner_temporal_within_outer_train_by_video_80_20,0,True,146163,37037
20260632,59,0.15163360039393106,0.2674373557825064,inner_temporal_within_outer_train_by_video_80_20,0,True,146163,37037
20260632,60,0.15158753593762717,0.26769032625724076,inner_temporal_within_outer_train_by_video_80_20,0,True,146163,37037
20260632,61,0.15141080816586813,0.26799986361709993,inner_temporal_within_outer_train_by_video_80_20,0,True,146163,37037
20260632,62,0.15137533264027703,0.2676859648041862,inner_temporal_within_outer_train_by_video_80_20,0,True,146163,37037
20260632,63,0.15147052539719474,0.26831445428234635,inner_temporal_within_outer_train_by_video_80_20,0,True,146163,37037
20260632,64,0.15132515960269505,0.2681904149807414,inner_temporal_within_outer_train_by_video_80_20,0,True,146163,37037
20260632,65,0.15128794229692882,0.2685648753691413,inner_temporal_within_outer_train_by_video_80_20,0,True,146163,37037
20260632,66,0.15115465968847275,0.2681629116837959,inner_temporal_within_outer_train_by_video_80_20,0,True,146163,37037
20260632,67,0.15121745980448192,0.26817004982668824,inner_temporal_within_outer_train_by_video_80_20,0,True,146163,37037
20260632,68,0.15136836386389202,0.2689420901244562,inner_temporal_within_outer_train_by_video_80_20,0,True,146163,37037
20260632,69,0.15127852227952746,0.2682891149220787,inner_temporal_within_outer_train_by_video_80_20,0,True,146163,37037
20260632,70,0.15128867576519647,0.26881450956078323,inner_temporal_within_outer_train_by_video_80_20,0,True,146163,37037
20260632,71,0.15113192465570238,0.2690345489215291,inner_temporal_within_outer_train_by_video_80_20,0,True,146163,37037
20260632,72,0.1511035660902659,0.26810156556346365,inner_temporal_within_outer_train_by_video_80_20,0,True,146163,37037
20260632,73,0.15119248959753248,0.26898535767513887,inner_temporal_within_outer_train_by_video_80_20,0,True,146163,37037
20260632,74,0.15114896330568525,0.2687796053508554,inner_temporal_within_outer_train_by_video_80_20,0,True,146163,37037
20260632,75,0.1510381723443667,0.2694067443518837,inner_temporal_within_outer_train_by_video_80_20,0,True,146163,37037
20260632,76,0.15112318015760845,0.26829101193552507,inner_temporal_within_outer_train_by_video_80_20,0,True,146163,37037
20260632,77,0.15106312019957435,0.26956292507882224,inner_temporal_within_outer_train_by_video_80_20,0,True,146163,37037
20260632,78,0.15101923379633161,0.2691151921855436,inner_temporal_within_outer_train_by_video_80_20,0,True,146163,37037
20260632,79,0.15096650024255118,0.2690908169762045,inner_temporal_within_outer_train_by_video_80_20,0,True,146163,37037
20260632,80,0.1510418877005577,0.2687655893098385,inner_temporal_within_outer_train_by_video_80_20,0,True,146163,37037
20260633,1,0.21632782949341667,0.17582853433511242,inner_temporal_within_outer_train_by_video_80_20,0,True,146163,37037
20260633,2,0.16462259574068916,0.22699987080796286,inner_temporal_within_outer_train_by_video_80_20,0,True,146163,37037
20260633,3,0.15904259267780516,0.23515549289273147,inner_temporal_within_outer_train_by_video_80_20,0,True,146163,37037
20260633,4,0.15769405745797688,0.24040996659043093,inner_temporal_within_outer_train_by_video_80_20,0,True,146163,37037
20260633,5,0.15683341854148442,0.2438437783337878,inner_temporal_within_outer_train_by_video_80_20,0,True,146163,37037
20260633,6,0.15614729622999826,0.24707685012170177,inner_temporal_within_outer_train_by_video_80_20,0,True,146163,37037
20260633,7,0.15567796842919457,0.24929215258219659,inner_temporal_within_outer_train_by_video_80_20,0,True,146163,37037
20260633,8,0.15526912526951897,0.25207410687754206,inner_temporal_within_outer_train_by_video_80_20,0,True,146163,37037
20260633,9,0.15494706316126716,0.25269303672659094,inner_temporal_within_outer_train_by_video_80_20,0,True,146163,37037
20260633,10,0.15482108377748066,0.2552270477722649,inner_temporal_within_outer_train_by_video_80_20,0,True,146163,37037
20260633,11,0.15461034079392752,0.2551061352800904,inner_temporal_within_outer_train_by_video_80_20,0,True,146163,37037
20260633,12,0.15434513241052628,0.2568091883946815,inner_temporal_within_outer_train_by_video_80_20,0,True,146163,37037
20260633,13,0.15416018747621113,0.2569814610177212,inner_temporal_within_outer_train_by_video_80_20,0,True,146163,37037
20260633,14,0.154033615357346,0.2573961694767317,inner_temporal_within_outer_train_by_video_80_20,0,True,146163,37037
20260633,15,0.15395736859904396,0.25759215031705646,inner_temporal_within_outer_train_by_video_80_20,0,True,146163,37037
20260633,16,0.15371799220641455,0.2583016856086849,inner_temporal_within_outer_train_by_video_80_20,0,True,146163,37037
20260633,17,0.1537063361869918,0.25845085079891994,inner_temporal_within_outer_train_by_video_80_20,0,True,146163,37037
20260633,18,0.15360998031165865,0.25876543489556747,inner_temporal_within_outer_train_by_video_80_20,0,True,146163,37037
20260633,19,0.1534768905904558,0.2592701650482858,inner_temporal_within_outer_train_by_video_80_20,0,True,146163,37037
20260633,20,0.1534221147497495,0.25963780921818985,inner_temporal_within_outer_train_by_video_80_20,0,True,146163,37037
20260633,21,0.15325487073924807,0.2601193029169904,inner_temporal_within_outer_train_by_video_80_20,0,True,146163,37037
20260633,22,0.1533032680551211,0.26073995791315113,inner_temporal_within_outer_train_by_video_80_20,0,True,146163,37037
20260633,23,0.15318199081553352,0.2604929227214496,inner_temporal_within_outer_train_by_video_80_20,0,True,146163,37037
20260633,24,0.15308443208535513,0.2606607230314863,inner_temporal_within_outer_train_by_video_80_20,0,True,146163,37037
20260633,25,0.15302494002713096,0.2609900622299385,inner_temporal_within_outer_train_by_video_80_20,0,True,146163,37037
20260633,26,0.15298736426565382,0.2612616814559324,inner_temporal_within_outer_train_by_video_80_20,0,True,146163,37037
20260633,27,0.15287519660260943,0.26143189497338937,inner_temporal_within_outer_train_by_video_80_20,0,True,146163,37037
20260633,28,0.15291982971959645,0.26190939682038983,inner_temporal_within_outer_train_by_video_80_20,0,True,146163,37037
20260633,29,0.1527929041120741,0.26199739616751083,inner_temporal_within_outer_train_by_video_80_20,0,True,146163,37037
20260633,30,0.15276508612765205,0.26271567714928595,inner_temporal_within_outer_train_by_video_80_20,0,True,146163,37037
20260633,31,0.1527533241444164,0.26265041678360634,inner_temporal_within_outer_train_by_video_80_20,0,True,146163,37037
20260633,32,0.15262994252973133,0.2634639754371325,inner_temporal_within_outer_train_by_video_80_20,0,True,146163,37037
20260633,33,0.15252252999279234,0.2634304935071021,inner_temporal_within_outer_train_by_video_80_20,0,True,146163,37037
20260633,34,0.1525270955430137,0.26391218250508364,inner_temporal_within_outer_train_by_video_80_20,0,True,146163,37037
20260633,35,0.15231501228279537,0.2638115552302842,inner_temporal_within_outer_train_by_video_80_20,0,True,146163,37037
20260633,36,0.1524692037039333,0.26452257820879144,inner_temporal_within_outer_train_by_video_80_20,0,True,146163,37037
20260633,37,0.1524378110965093,0.26445095904427735,inner_temporal_within_outer_train_by_video_80_20,0,True,146163,37037
20260633,38,0.1523729744884703,0.2645786717726345,inner_temporal_within_outer_train_by_video_80_20,0,True,146163,37037
20260633,39,0.1522550880908966,0.2651454924861236,inner_temporal_within_outer_train_by_video_80_20,0,True,146163,37037
20260633,40,0.1522478469543987,0.2648195220916785,inner_temporal_within_outer_train_by_video_80_20,0,True,146163,37037
20260633,41,0.152224686410692,0.26485016182865595,inner_temporal_within_outer_train_by_video_80_20,0,True,146163,37037
20260633,42,0.15214195599158606,0.2652417426062934,inner_temporal_within_outer_train_by_video_80_20,0,True,146163,37037
20260633,43,0.1521424783600701,0.265545125327925,inner_temporal_within_outer_train_by_video_80_20,0,True,146163,37037
20260633,44,0.1521005498038398,0.26468004534811573,inner_temporal_within_outer_train_by_video_80_20,0,True,146163,37037
20260633,45,0.152063373890188,0.26578366494620215,inner_temporal_within_outer_train_by_video_80_20,0,True,146163,37037
20260633,46,0.15198243409395218,0.2656568847018509,inner_temporal_within_outer_train_by_video_80_20,0,True,146163,37037
20260633,47,0.15195906990104252,0.2654709342858244,inner_temporal_within_outer_train_by_video_80_20,0,True,146163,37037
20260633,48,0.1519734255141682,0.2655776862644531,inner_temporal_within_outer_train_by_video_80_20,0,True,146163,37037
20260633,49,0.15206173724598354,0.26569429267598876,inner_temporal_within_outer_train_by_video_80_20,0,True,146163,37037
20260633,50,0.15177314480145773,0.2665152745398809,inner_temporal_within_outer_train_by_video_80_20,0,True,146163,37037
20260633,51,0.1517964940932062,0.26552082359607554,inner_temporal_within_outer_train_by_video_80_20,0,True,146163,37037
20260633,52,0.15179742707146537,0.26607482030068047,inner_temporal_within_outer_train_by_video_80_20,0,True,146163,37037
20260633,53,0.15172271844413546,0.26596036468656237,inner_temporal_within_outer_train_by_video_80_20,0,True,146163,37037
20260633,54,0.15166338781515756,0.2657655949594092,inner_temporal_within_outer_train_by_video_80_20,0,True,146163,37037
20260633,55,0.1517387554049492,0.26605455797364497,inner_temporal_within_outer_train_by_video_80_20,0,True,146163,37037
20260633,56,0.15174121078517702,0.26632947468168466,inner_temporal_within_outer_train_by_video_80_20,0,True,146163,37037
20260633,57,0.1516753774550226,0.26557841171590646,inner_temporal_within_outer_train_by_video_80_20,0,True,146163,37037
20260633,58,0.15168770733806822,0.2662589605412286,inner_temporal_within_outer_train_by_video_80_20,0,True,146163,37037
20260633,59,0.15163727518584993,0.2660991264039878,inner_temporal_within_outer_train_by_video_80_20,0,True,146163,37037
20260633,60,0.15155339489380518,0.2657202539429501,inner_temporal_within_outer_train_by_video_80_20,0,True,146163,37037
20260633,61,0.1514897131257587,0.2660353949130353,inner_temporal_within_outer_train_by_video_80_20,0,True,146163,37037
20260633,62,0.15146745493014654,0.2665725496173202,inner_temporal_within_outer_train_by_video_80_20,0,True,146163,37037
20260633,63,0.15141864038176006,0.26600367724613666,inner_temporal_within_outer_train_by_video_80_20,0,True,146163,37037
20260633,64,0.15146364437209237,0.26649573699373735,inner_temporal_within_outer_train_by_video_80_20,0,True,146163,37037
20260633,65,0.1513798882563909,0.2664713096832929,inner_temporal_within_outer_train_by_video_80_20,0,True,146163,37037
20260633,66,0.15134194410509533,0.26636531553199194,inner_temporal_within_outer_train_by_video_80_20,0,True,146163,37037
20260633,67,0.15140316635370255,0.2664537939878031,inner_temporal_within_outer_train_by_video_80_20,0,True,146163,37037
20260633,68,0.15138111097945106,0.2660949493354998,inner_temporal_within_outer_train_by_video_80_20,0,True,146163,37037
20260633,69,0.15133540332317352,0.2666372350317292,inner_temporal_within_outer_train_by_video_80_20,0,True,146163,37037
20260633,70,0.15123756478230158,0.26664563774194344,inner_temporal_within_outer_train_by_video_80_20,0,True,146163,37037
20260633,71,0.15128573113017613,0.26644308774835157,inner_temporal_within_outer_train_by_video_80_20,0,True,146163,37037
20260633,72,0.15130046755075455,0.26694674956978937,inner_temporal_within_outer_train_by_video_80_20,0,True,146163,37037
20260633,73,0.15121319972806507,0.2668528506084162,inner_temporal_within_outer_train_by_video_80_20,0,True,146163,37037
20260633,74,0.1510255444380972,0.2669683919658464,inner_temporal_within_outer_train_by_video_80_20,0,True,146163,37037
20260633,75,0.15122929546568128,0.26710579382516364,inner_temporal_within_outer_train_by_video_80_20,0,True,146163,37037
20260633,76,0.1511297548810641,0.2669675074337542,inner_temporal_within_outer_train_by_video_80_20,0,True,146163,37037
20260633,77,0.1511454764339659,0.2671214164907045,inner_temporal_within_outer_train_by_video_80_20,0,True,146163,37037
20260633,78,0.15114911314513949,0.2674166594189341,inner_temporal_within_outer_train_by_video_80_20,0,True,146163,37037
20260633,79,0.15096717327833176,0.26715386610058106,inner_temporal_within_outer_train_by_video_80_20,0,True,146163,37037
20260633,80,0.1510916981432173,0.267758764079253,inner_temporal_within_outer_train_by_video_80_20,0,True,146163,37037
20260634,1,0.21468157155646217,0.23079470569913887,inner_temporal_within_outer_train_by_video_80_20,0,True,146163,37037
20260634,2,0.16438042041328219,0.2302453971367036,inner_temporal_within_outer_train_by_video_80_20,0,True,146163,37037
20260634,3,0.15872414906819662,0.24125144982069707,inner_temporal_within_outer_train_by_video_80_20,0,True,146163,37037
20260634,4,0.1574268721871906,0.24686571447761385,inner_temporal_within_outer_train_by_video_80_20,0,True,146163,37037
20260634,5,0.15673022303316328,0.2503393458819132,inner_temporal_within_outer_train_by_video_80_20,0,True,146163,37037
20260634,6,0.1561996125512653,0.25277144602318413,inner_temporal_within_outer_train_by_video_80_20,0,True,146163,37037
20260634,7,0.1558091657029258,0.25541902341446854,inner_temporal_within_outer_train_by_video_80_20,0,True,146163,37037
20260634,8,0.15528890821668836,0.255558552674989,inner_temporal_within_outer_train_by_video_80_20,0,True,146163,37037
20260634,9,0.15520894693003762,0.25646593546906954,inner_temporal_within_outer_train_by_video_80_20,0,True,146163,37037
20260634,10,0.1549956219063865,0.2580917737048289,inner_temporal_within_outer_train_by_video_80_20,0,True,146163,37037
20260634,11,0.1548594410220782,0.25802851383996483,inner_temporal_within_outer_train_by_video_80_20,0,True,146163,37037
20260634,12,0.15461211485995185,0.25873830672453724,inner_temporal_within_outer_train_by_video_80_20,0,True,146163,37037
20260634,13,0.15444628728760612,0.25884695640115934,inner_temporal_within_outer_train_by_video_80_20,0,True,146163,37037
20260634,14,0.15416602128081852,0.2596049671515278,inner_temporal_within_outer_train_by_video_80_20,0,True,146163,37037
20260634,15,0.1541482615802023,0.26033511072108473,inner_temporal_within_outer_train_by_video_80_20,0,True,146163,37037
20260634,16,0.15404317528009415,0.25967364225447825,inner_temporal_within_outer_train_by_video_80_20,0,True,146163,37037
20260634,17,0.1538952746325069,0.26051163828402574,inner_temporal_within_outer_train_by_video_80_20,0,True,146163,37037
20260634,18,0.15379831194877625,0.26018517856297724,inner_temporal_within_outer_train_by_video_80_20,0,True,146163,37037
20260634,19,0.1537005909615093,0.26120853052191395,inner_temporal_within_outer_train_by_video_80_20,0,True,146163,37037
20260634,20,0.15359926140970653,0.2609397568800809,inner_temporal_within_outer_train_by_video_80_20,0,True,146163,37037
20260634,21,0.153522204193804,0.2618898694493782,inner_temporal_within_outer_train_by_video_80_20,0,True,146163,37037
20260634,22,0.1534125672446357,0.2625973658951622,inner_temporal_within_outer_train_by_video_80_20,0,True,146163,37037
20260634,23,0.1532767183250851,0.26226692445560246,inner_temporal_within_outer_train_by_video_80_20,0,True,146163,37037
20260634,24,0.1532455724146631,0.2622611213665542,inner_temporal_within_outer_train_by_video_80_20,0,True,146163,37037
20260634,25,0.1532247480418947,0.26345446990005045,inner_temporal_within_outer_train_by_video_80_20,0,True,146163,37037
20260634,26,0.15312858174244562,0.2628540314844684,inner_temporal_within_outer_train_by_video_80_20,0,True,146163,37037
20260634,27,0.1529428172442648,0.2635441706249291,inner_temporal_within_outer_train_by_video_80_20,0,True,146163,37037
20260634,28,0.15296416564120185,0.2629112605801055,inner_temporal_within_outer_train_by_video_80_20,0,True,146163,37037
20260634,29,0.15287706090344322,0.2640429026170291,inner_temporal_within_outer_train_by_video_80_20,0,True,146163,37037
20260634,30,0.1527981162071228,0.26328880757445955,inner_temporal_within_outer_train_by_video_80_20,0,True,146163,37037
20260634,31,0.15275470332966912,0.26396516739253123,inner_temporal_within_outer_train_by_video_80_20,0,True,146163,37037
20260634,32,0.15272869831985897,0.2641003698514831,inner_temporal_within_outer_train_by_video_80_20,0,True,146163,37037
20260634,33,0.1526933734615644,0.26436596372206644,inner_temporal_within_outer_train_by_video_80_20,0,True,146163,37037
20260634,34,0.15263938903808594,0.2647563563580277,inner_temporal_within_outer_train_by_video_80_20,0,True,146163,37037
20260634,35,0.1525397151708603,0.2650598086695459,inner_temporal_within_outer_train_by_video_80_20,0,True,146163,37037
20260634,36,0.15258359743489158,0.26489784081591794,inner_temporal_within_outer_train_by_video_80_20,0,True,146163,37037
20260634,37,0.15255366679694918,0.264782571046543,inner_temporal_within_outer_train_by_video_80_20,0,True,146163,37037
20260634,38,0.1524440629614724,0.26537465716708175,inner_temporal_within_outer_train_by_video_80_20,0,True,146163,37037
20260634,39,0.15237942255205578,0.2652084368970851,inner_temporal_within_outer_train_by_video_80_20,0,True,146163,37037
20260634,40,0.1523516145017412,0.2659664680894026,inner_temporal_within_outer_train_by_video_80_20,0,True,146163,37037
20260634,41,0.15232003645764458,0.2657417720398131,inner_temporal_within_outer_train_by_video_80_20,0,True,146163,37037
20260634,42,0.1522983411947886,0.26563201237703615,inner_temporal_within_outer_train_by_video_80_20,0,True,146163,37037
20260634,43,0.1523237865832117,0.2660487999702535,inner_temporal_within_outer_train_by_video_80_20,0,True,146163,37037
20260634,44,0.15233657426304287,0.26604353693481986,inner_temporal_within_outer_train_by_video_80_20,0,True,146163,37037
20260634,45,0.15225093646181953,0.26640575763341157,inner_temporal_within_outer_train_by_video_80_20,0,True,146163,37037
20260634,46,0.15220843835009468,0.2664947782401933,inner_temporal_within_outer_train_by_video_80_20,0,True,146163,37037
20260634,47,0.15220489766862658,0.26578224208177764,inner_temporal_within_outer_train_by_video_80_20,0,True,146163,37037
20260634,48,0.15219972199863857,0.26705054368477044,inner_temporal_within_outer_train_by_video_80_20,0,True,146163,37037
20260634,49,0.15200849208566877,0.2666742953626807,inner_temporal_within_outer_train_by_video_80_20,0,True,146163,37037
20260634,50,0.15206575393676758,0.2678467681225425,inner_temporal_within_outer_train_by_video_80_20,0,True,146163,37037
20260634,51,0.1519689228799608,0.26716280213063737,inner_temporal_within_outer_train_by_video_80_20,0,True,146163,37037
20260634,52,0.15213103675180012,0.2670076935254384,inner_temporal_within_outer_train_by_video_80_20,0,True,146163,37037
20260634,53,0.1519679468539026,0.2673817147697282,inner_temporal_within_outer_train_by_video_80_20,0,True,146163,37037
20260634,54,0.15205474197864532,0.26727340702460683,inner_temporal_within_outer_train_by_video_80_20,0,True,146163,37037
20260634,55,0.15203013353877598,0.2668952558932893,inner_temporal_within_outer_train_by_video_80_20,0,True,146163,37037
20260634,56,0.15181935164663526,0.2681322524535294,inner_temporal_within_outer_train_by_video_80_20,0,True,146163,37037
20260634,57,0.15194353378481334,0.26743202911173936,inner_temporal_within_outer_train_by_video_80_20,0,True,146163,37037
20260634,58,0.1518636933631367,0.26769233011763455,inner_temporal_within_outer_train_by_video_80_20,0,True,146163,37037
20260634,59,0.1517995132340325,0.26751430685936695,inner_temporal_within_outer_train_by_video_80_20,0,True,146163,37037
20260634,60,0.15182262162367502,0.2680486463477025,inner_temporal_within_outer_train_by_video_80_20,0,True,146163,37037
20260634,61,0.15172836681207022,0.2680675296203445,inner_temporal_within_outer_train_by_video_80_20,0,True,146163,37037
20260634,62,0.1517382338643074,0.26815754467433733,inner_temporal_within_outer_train_by_video_80_20,0,True,146163,37037
20260634,63,0.1517079696059227,0.2678300347732877,inner_temporal_within_outer_train_by_video_80_20,0,True,146163,37037
20260634,64,0.1517208367586136,0.2682688466997563,inner_temporal_within_outer_train_by_video_80_20,0,True,146163,37037
20260634,65,0.15173788368701935,0.26821914600428054,inner_temporal_within_outer_train_by_video_80_20,0,True,146163,37037
20260634,66,0.15166762305630577,0.2681993449946991,inner_temporal_within_outer_train_by_video_80_20,0,True,146163,37037
20260634,67,0.15160024745596778,0.2677277325601708,inner_temporal_within_outer_train_by_video_80_20,0,True,146163,37037
20260634,68,0.15156176934639612,0.2686528925066651,inner_temporal_within_outer_train_by_video_80_20,0,True,146163,37037
20260634,69,0.15158619897233117,0.2681076365766393,inner_temporal_within_outer_train_by_video_80_20,0,True,146163,37037
20260634,70,0.15154923581414753,0.26864811774769404,inner_temporal_within_outer_train_by_video_80_20,0,True,146163,37037
20260634,71,0.1515436280104849,0.2680986110703188,inner_temporal_within_outer_train_by_video_80_20,0,True,146163,37037
20260634,72,0.1515028385652436,0.2686535527988094,inner_temporal_within_outer_train_by_video_80_20,0,True,146163,37037
20260634,73,0.15150443133380678,0.26857501593530764,inner_temporal_within_outer_train_by_video_80_20,0,True,146163,37037
20260634,74,0.15138785706626046,0.26832111741375775,inner_temporal_within_outer_train_by_video_80_20,0,True,146163,37037
20260634,75,0.15148813525835672,0.26891825738136843,inner_temporal_within_outer_train_by_video_80_20,0,True,146163,37037
20260634,76,0.15144595421022838,0.2686205103791097,inner_temporal_within_outer_train_by_video_80_20,0,True,146163,37037
20260634,77,0.15137383424573475,0.268603623575883,inner_temporal_within_outer_train_by_video_80_20,0,True,146163,37037
20260634,78,0.15137622091505262,0.26913807256915745,inner_temporal_within_outer_train_by_video_80_20,0,True,146163,37037
20260634,79,0.15124808169073528,0.2685950849383648,inner_temporal_within_outer_train_by_video_80_20,0,True,146163,37037
20260634,80,0.15120235996113884,0.26910761737622735,inner_temporal_within_outer_train_by_video_80_20,0,True,146163,37037
20260625,1,0.22391308844089508,0.19051864286793393,inner_temporal_within_outer_train_by_video_80_20,0,True,146178,37041
20260625,2,0.16319515390528572,0.2419048607821104,inner_temporal_within_outer_train_by_video_80_20,0,True,146178,37041
20260625,3,0.15701752404371896,0.24234821051104768,inner_temporal_within_outer_train_by_video_80_20,0,True,146178,37041
20260625,4,0.1556229069828987,0.24597598582457483,inner_temporal_within_outer_train_by_video_80_20,0,True,146178,37041
20260625,5,0.15484563675191668,0.24977277755165309,inner_temporal_within_outer_train_by_video_80_20,0,True,146178,37041
20260625,6,0.15422826839817894,0.251875749533446,inner_temporal_within_outer_train_by_video_80_20,0,True,146178,37041
20260625,7,0.1537676172124015,0.25420568231309776,inner_temporal_within_outer_train_by_video_80_20,0,True,146178,37041
20260625,8,0.1534184134668774,0.25554875153585216,inner_temporal_within_outer_train_by_video_80_20,0,True,146178,37041
20260625,9,0.15316207127438652,0.2574040291616919,inner_temporal_within_outer_train_by_video_80_20,0,True,146178,37041
20260625,10,0.1529204679860009,0.25765366112281063,inner_temporal_within_outer_train_by_video_80_20,0,True,146178,37041
20260625,11,0.15271649840805265,0.2583747457954061,inner_temporal_within_outer_train_by_video_80_20,0,True,146178,37041
20260625,12,0.1524428054690361,0.25974159568395555,inner_temporal_within_outer_train_by_video_80_20,0,True,146178,37041
20260625,13,0.15238386972082985,0.259329604579554,inner_temporal_within_outer_train_by_video_80_20,0,True,146178,37041
20260625,14,0.1521947888864411,0.25979572333461465,inner_temporal_within_outer_train_by_video_80_20,0,True,146178,37041
20260625,15,0.15204672598176533,0.25990039968594514,inner_temporal_within_outer_train_by_video_80_20,0,True,146178,37041
20260625,16,0.15200498948494592,0.2602330398548067,inner_temporal_within_outer_train_by_video_80_20,0,True,146178,37041
20260625,17,0.151790181795756,0.2606954395317844,inner_temporal_within_outer_train_by_video_80_20,0,True,146178,37041
20260625,18,0.15184348656071556,0.26069198328450777,inner_temporal_within_outer_train_by_video_80_20,0,True,146178,37041
20260625,19,0.15166647897826302,0.26146134260130693,inner_temporal_within_outer_train_by_video_80_20,0,True,146178,37041
20260625,20,0.15164072894387776,0.26122145178352546,inner_temporal_within_outer_train_by_video_80_20,0,True,146178,37041
20260625,21,0.1514550025264422,0.26151023347000485,inner_temporal_within_outer_train_by_video_80_20,0,True,146178,37041
20260625,22,0.15150131533543268,0.26196203016510666,inner_temporal_within_outer_train_by_video_80_20,0,True,146178,37041
20260625,23,0.15135212822092903,0.26272504099003613,inner_temporal_within_outer_train_by_video_80_20,0,True,146178,37041
20260625,24,0.15138833141989178,0.26223924850237645,inner_temporal_within_outer_train_by_video_80_20,0,True,146178,37041
20260625,25,0.1512607162197431,0.2622733686594206,inner_temporal_within_outer_train_by_video_80_20,0,True,146178,37041
20260625,26,0.15125946617788738,0.26264147886262357,inner_temporal_within_outer_train_by_video_80_20,0,True,146178,37041
20260625,27,0.15111764934327868,0.26242914207513734,inner_temporal_within_outer_train_by_video_80_20,0,True,146178,37041
20260625,28,0.15118245697683758,0.2632021811212399,inner_temporal_within_outer_train_by_video_80_20,0,True,146178,37041
20260625,29,0.1510867112212711,0.2631062029226898,inner_temporal_within_outer_train_by_video_80_20,0,True,146178,37041
20260625,30,0.151099455025461,0.26241483395639903,inner_temporal_within_outer_train_by_video_80_20,0,True,146178,37041
20260625,31,0.15098337829113007,0.26314358265305127,inner_temporal_within_outer_train_by_video_80_20,0,True,146178,37041
20260625,32,0.15082008060481814,0.26330757386243353,inner_temporal_within_outer_train_by_video_80_20,0,True,146178,37041
20260625,33,0.1509486801094479,0.26327124160690013,inner_temporal_within_outer_train_by_video_80_20,0,True,146178,37041
20260625,34,0.15089899881018531,0.263182358741539,inner_temporal_within_outer_train_by_video_80_20,0,True,146178,37041
20260625,35,0.1508110695415073,0.263484071638681,inner_temporal_within_outer_train_by_video_80_20,0,True,146178,37041
20260625,36,0.15079074601332346,0.2635420050620528,inner_temporal_within_outer_train_by_video_80_20,0,True,146178,37041
20260625,37,0.15062933911879858,0.26393397168385396,inner_temporal_within_outer_train_by_video_80_20,0,True,146178,37041
20260625,38,0.15075093921687868,0.2632906381686154,inner_temporal_within_outer_train_by_video_80_20,0,True,146178,37041
20260625,39,0.15074307637082207,0.2638569908030543,inner_temporal_within_outer_train_by_video_80_20,0,True,146178,37041
20260625,40,0.15061480634742314,0.2633786378725044,inner_temporal_within_outer_train_by_video_80_20,0,True,146178,37041
20260625,41,0.15067794753445518,0.26352513492051455,inner_temporal_within_outer_train_by_video_80_20,0,True,146178,37041
20260625,42,0.15060698903269237,0.2642541292019555,inner_temporal_within_outer_train_by_video_80_20,0,True,146178,37041
20260625,43,0.15056564658880234,0.26450985977303293,inner_temporal_within_outer_train_by_video_80_20,0,True,146178,37041
20260625,44,0.15045301367839178,0.2646762202660101,inner_temporal_within_outer_train_by_video_80_20,0,True,146178,37041
20260625,45,0.1504763662815094,0.26429202269109675,inner_temporal_within_outer_train_by_video_80_20,0,True,146178,37041
20260625,46,0.15040922661622366,0.264621349744825,inner_temporal_within_outer_train_by_video_80_20,0,True,146178,37041
20260625,47,0.15044943574402067,0.26477800515813166,inner_temporal_within_outer_train_by_video_80_20,0,True,146178,37041
20260625,48,0.15038864562908807,0.26443329545790345,inner_temporal_within_outer_train_by_video_80_20,0,True,146178,37041
20260625,49,0.1504075825214386,0.26466494537982743,inner_temporal_within_outer_train_by_video_80_20,0,True,146178,37041
20260625,50,0.1502202989326583,0.26468660005055566,inner_temporal_within_outer_train_by_video_80_20,0,True,146178,37041
20260625,51,0.15031705300013223,0.2644270140280215,inner_temporal_within_outer_train_by_video_80_20,0,True,146178,37041
20260625,52,0.15037395391199324,0.26520360644225016,inner_temporal_within_outer_train_by_video_80_20,0,True,146178,37041
20260625,53,0.15024292137887743,0.26502550778868417,inner_temporal_within_outer_train_by_video_80_20,0,True,146178,37041
20260625,54,0.1501714214682579,0.26528060682603694,inner_temporal_within_outer_train_by_video_80_20,0,True,146178,37041
20260625,55,0.15027796145942476,0.2651461778687379,inner_temporal_within_outer_train_by_video_80_20,0,True,146178,37041
20260625,56,0.15016629795233408,0.26530745485652574,inner_temporal_within_outer_train_by_video_80_20,0,True,146178,37041
20260625,57,0.1501001939177513,0.26471889507426233,inner_temporal_within_outer_train_by_video_80_20,0,True,146178,37041
20260625,58,0.15012471046712664,0.2655032568749798,inner_temporal_within_outer_train_by_video_80_20,0,True,146178,37041
20260625,59,0.15009363823466831,0.265368051454447,inner_temporal_within_outer_train_by_video_80_20,0,True,146178,37041
20260625,60,0.1500532536043061,0.26556590323982154,inner_temporal_within_outer_train_by_video_80_20,0,True,146178,37041
20260625,61,0.15002265903684828,0.26497036840772314,inner_temporal_within_outer_train_by_video_80_20,0,True,146178,37041
20260625,62,0.15002993908193377,0.2654772003077195,inner_temporal_within_outer_train_by_video_80_20,0,True,146178,37041
20260625,63,0.1500281873676512,0.26543780647200665,inner_temporal_within_outer_train_by_video_80_20,0,True,146178,37041
20260625,64,0.14992477496465048,0.2652931360330152,inner_temporal_within_outer_train_by_video_80_20,0,True,146178,37041
20260625,65,0.1499770465824339,0.26514603747768845,inner_temporal_within_outer_train_by_video_80_20,0,True,146178,37041
20260625,66,0.14992920557657877,0.26510540670532623,inner_temporal_within_outer_train_by_video_80_20,0,True,146178,37041
20260625,67,0.14985744820700753,0.2656029571613406,inner_temporal_within_outer_train_by_video_80_20,0,True,146178,37041
20260625,68,0.1499304117427932,0.26545087124614924,inner_temporal_within_outer_train_by_video_80_20,0,True,146178,37041
20260625,69,0.1498814978533321,0.2655174817473741,inner_temporal_within_outer_train_by_video_80_20,0,True,146178,37041
20260625,70,0.14983655429548687,0.26551699382943,inner_temporal_within_outer_train_by_video_80_20,0,True,146178,37041
20260625,71,0.14971184068255955,0.2654121679542787,inner_temporal_within_outer_train_by_video_80_20,0,True,146178,37041
20260625,72,0.14978988054725859,0.26578173467807886,inner_temporal_within_outer_train_by_video_80_20,0,True,146178,37041
20260625,73,0.14964584509531656,0.2655970537022928,inner_temporal_within_outer_train_by_video_80_20,0,True,146178,37041
20260625,74,0.14973886724975374,0.2653556949863005,inner_temporal_within_outer_train_by_video_80_20,0,True,146178,37041
20260625,75,0.14977257119284737,0.2661108049479949,inner_temporal_within_outer_train_by_video_80_20,0,True,146178,37041
20260625,76,0.14966082986858156,0.2663181991457843,inner_temporal_within_outer_train_by_video_80_20,0,True,146178,37041
20260625,77,0.14963848309384453,0.2656089834670534,inner_temporal_within_outer_train_by_video_80_20,0,True,146178,37041
20260625,78,0.14958109789424473,0.2664862126199458,inner_temporal_within_outer_train_by_video_80_20,0,True,146178,37041
20260625,79,0.14955008940564263,0.2660063250810793,inner_temporal_within_outer_train_by_video_80_20,0,True,146178,37041
20260625,80,0.14944950739542642,0.26582495688826896,inner_temporal_within_outer_train_by_video_80_20,0,True,146178,37041
20260626,1,0.1939025107357237,0.20405047071437782,inner_temporal_within_outer_train_by_video_80_20,0,True,146178,37041
20260626,2,0.16007406098975074,0.24529344167317163,inner_temporal_within_outer_train_by_video_80_20,0,True,146178,37041
20260626,3,0.15523150149318907,0.24474073011181582,inner_temporal_within_outer_train_by_video_80_20,0,True,146178,37041
20260626,4,0.15414691468079886,0.24746301016788236,inner_temporal_within_outer_train_by_video_80_20,0,True,146178,37041
20260626,5,0.15341662698321873,0.2504904956257067,inner_temporal_within_outer_train_by_video_80_20,0,True,146178,37041
20260626,6,0.1530486825439665,0.25203252681253463,inner_temporal_within_outer_train_by_video_80_20,0,True,146178,37041
20260626,7,0.1526145198278957,0.25487520171567546,inner_temporal_within_outer_train_by_video_80_20,0,True,146178,37041
20260626,8,0.15247705744372475,0.2554786495700323,inner_temporal_within_outer_train_by_video_80_20,0,True,146178,37041
20260626,9,0.15224927332666185,0.2565277438454968,inner_temporal_within_outer_train_by_video_80_20,0,True,146178,37041
20260626,10,0.15210286610656315,0.2578083404319828,inner_temporal_within_outer_train_by_video_80_20,0,True,146178,37041
20260626,11,0.15207852092054155,0.25844013047349984,inner_temporal_within_outer_train_by_video_80_20,0,True,146178,37041
20260626,12,0.1518154674106174,0.2585528290926198,inner_temporal_within_outer_train_by_video_80_20,0,True,146178,37041
20260626,13,0.15164072314898172,0.2594201344028648,inner_temporal_within_outer_train_by_video_80_20,0,True,146178,37041
20260626,14,0.15155991249614292,0.2593759556924708,inner_temporal_within_outer_train_by_video_80_20,0,True,146178,37041
20260626,15,0.15161393086115518,0.2596882631266541,inner_temporal_within_outer_train_by_video_80_20,0,True,146178,37041
20260626,16,0.1514752498931355,0.2604712817276804,inner_temporal_within_outer_train_by_video_80_20,0,True,146178,37041
20260626,17,0.15143712278869417,0.2606017920152427,inner_temporal_within_outer_train_by_video_80_20,0,True,146178,37041
20260626,18,0.15129838469955656,0.26108508316975665,inner_temporal_within_outer_train_by_video_80_20,0,True,146178,37041
20260626,19,0.15136494818660948,0.26197816624619935,inner_temporal_within_outer_train_by_video_80_20,0,True,146178,37041
20260626,20,0.1512559453646342,0.26130490057106703,inner_temporal_within_outer_train_by_video_80_20,0,True,146178,37041
20260626,21,0.1511884422765838,0.26107983988103567,inner_temporal_within_outer_train_by_video_80_20,0,True,146178,37041
20260626,22,0.15106733391682306,0.2621834112157988,inner_temporal_within_outer_train_by_video_80_20,0,True,146178,37041
20260626,23,0.15101645390192667,0.2611973476604702,inner_temporal_within_outer_train_by_video_80_20,0,True,146178,37041
20260626,24,0.15097645752959782,0.2627556068680368,inner_temporal_within_outer_train_by_video_80_20,0,True,146178,37041
20260626,25,0.15097442517677942,0.26241394981109073,inner_temporal_within_outer_train_by_video_80_20,0,True,146178,37041
20260626,26,0.1508540999558237,0.26289256399130023,inner_temporal_within_outer_train_by_video_80_20,0,True,146178,37041
20260626,27,0.15077389693922466,0.2632104341596574,inner_temporal_within_outer_train_by_video_80_20,0,True,146178,37041
20260626,28,0.15072677781184515,0.2630778933866147,inner_temporal_within_outer_train_by_video_80_20,0,True,146178,37041
20260626,29,0.15078931798537573,0.2633480608297043,inner_temporal_within_outer_train_by_video_80_20,0,True,146178,37041
20260626,30,0.1507488207684623,0.2635159683814094,inner_temporal_within_outer_train_by_video_80_20,0,True,146178,37041
20260626,31,0.1506616249680519,0.26352496633538214,inner_temporal_within_outer_train_by_video_80_20,0,True,146178,37041
20260626,32,0.15054545468754238,0.2638158870852367,inner_temporal_within_outer_train_by_video_80_20,0,True,146178,37041
20260626,33,0.15060993283987045,0.26417389090859184,inner_temporal_within_outer_train_by_video_80_20,0,True,146178,37041
20260626,34,0.15051908625496757,0.26473859159697966,inner_temporal_within_outer_train_by_video_80_20,0,True,146178,37041
20260626,35,0.15042506903409958,0.2637047828006947,inner_temporal_within_outer_train_by_video_80_20,0,True,146178,37041
20260626,36,0.150414716038439,0.26455810898982146,inner_temporal_within_outer_train_by_video_80_20,0,True,146178,37041
20260626,37,0.15037908073928621,0.26448782660326436,inner_temporal_within_outer_train_by_video_80_20,0,True,146178,37041
20260626,38,0.1503400496310658,0.26413046484060265,inner_temporal_within_outer_train_by_video_80_20,0,True,146178,37041
20260626,39,0.15026643623908362,0.26474226252843314,inner_temporal_within_outer_train_by_video_80_20,0,True,146178,37041
20260626,40,0.1503331313530604,0.26505037287352584,inner_temporal_within_outer_train_by_video_80_20,0,True,146178,37041
20260626,41,0.1502681564953592,0.26468453132684755,inner_temporal_within_outer_train_by_video_80_20,0,True,146178,37041
20260626,42,0.1502959140472942,0.26511745976523016,inner_temporal_within_outer_train_by_video_80_20,0,True,146178,37041
20260626,43,0.15017853346135882,0.26512600789900653,inner_temporal_within_outer_train_by_video_80_20,0,True,146178,37041
20260626,44,0.15023008899556267,0.26516122037263634,inner_temporal_within_outer_train_by_video_80_20,0,True,146178,37041
20260626,45,0.15019553816980785,0.2655529175157575,inner_temporal_within_outer_train_by_video_80_20,0,True,146178,37041
20260626,46,0.15016290214326647,0.2652131197287485,inner_temporal_within_outer_train_by_video_80_20,0,True,146178,37041
20260626,47,0.15012861788272858,0.26582556049234873,inner_temporal_within_outer_train_by_video_80_20,0,True,146178,37041
20260626,48,0.14999065962102678,0.26572533819521776,inner_temporal_within_outer_train_by_video_80_20,0,True,146178,37041
20260626,49,0.1499893359012074,0.26606558405392533,inner_temporal_within_outer_train_by_video_80_20,0,True,146178,37041
20260626,50,0.14986969613366657,0.2657799421675615,inner_temporal_within_outer_train_by_video_80_20,0,True,146178,37041
20260626,51,0.14997454981009165,0.26618037117429416,inner_temporal_within_outer_train_by_video_80_20,0,True,146178,37041
20260626,52,0.1499093191491233,0.26620352710853096,inner_temporal_within_outer_train_by_video_80_20,0,True,146178,37041
20260626,53,0.14996363553735945,0.26630137085888717,inner_temporal_within_outer_train_by_video_80_20,0,True,146178,37041
20260626,54,0.14974650078349644,0.26612007113089076,inner_temporal_within_outer_train_by_video_80_20,0,True,146178,37041
20260626,55,0.1496951538655493,0.26630721280229164,inner_temporal_within_outer_train_by_video_80_20,0,True,146178,37041
20260626,56,0.1498110592365265,0.2666148369289144,inner_temporal_within_outer_train_by_video_80_20,0,True,146178,37041
20260626,57,0.14968397385544246,0.2665269459703783,inner_temporal_within_outer_train_by_video_80_20,0,True,146178,37041
20260626,58,0.14975986298587587,0.26661794270429007,inner_temporal_within_outer_train_by_video_80_20,0,True,146178,37041
20260626,59,0.149504777457979,0.2664691611026084,inner_temporal_within_outer_train_by_video_80_20,0,True,146178,37041
20260626,60,0.14965159942706427,0.26634390873298247,inner_temporal_within_outer_train_by_video_80_20,0,True,146178,37041
20260626,61,0.1496071053875817,0.267595901950643,inner_temporal_within_outer_train_by_video_80_20,0,True,146178,37041
20260626,62,0.14967911193768182,0.26707269113033194,inner_temporal_within_outer_train_by_video_80_20,0,True,146178,37041
20260626,63,0.14957727409071392,0.2667741995928709,inner_temporal_within_outer_train_by_video_80_20,0,True,146178,37041
20260626,64,0.1494308536251386,0.2668185956163498,inner_temporal_within_outer_train_by_video_80_20,0,True,146178,37041
20260626,65,0.1494602287809054,0.26652447972126025,inner_temporal_within_outer_train_by_video_80_20,0,True,146178,37041
20260626,66,0.14942153046528497,0.2674600489989261,inner_temporal_within_outer_train_by_video_80_20,0,True,146178,37041
20260626,67,0.14950622452629936,0.267067480157591,inner_temporal_within_outer_train_by_video_80_20,0,True,146178,37041
20260626,68,0.14951115101575851,0.2674690658979283,inner_temporal_within_outer_train_by_video_80_20,0,True,146178,37041
20260626,69,0.1493605532579952,0.267229390945561,inner_temporal_within_outer_train_by_video_80_20,0,True,146178,37041
20260626,70,0.14940211342440712,0.2672409471905905,inner_temporal_within_outer_train_by_video_80_20,0,True,146178,37041
20260626,71,0.1493332005209393,0.2674056868975433,inner_temporal_within_outer_train_by_video_80_20,0,True,146178,37041
20260626,72,0.14937152879105675,0.26828920313116567,inner_temporal_within_outer_train_by_video_80_20,0,True,146178,37041
20260626,73,0.14929739965332878,0.26735521681147834,inner_temporal_within_outer_train_by_video_80_20,0,True,146178,37041
20260626,74,0.1493620268172688,0.267201864267314,inner_temporal_within_outer_train_by_video_80_20,0,True,146178,37041
20260626,75,0.14936575293540955,0.26797222058060877,inner_temporal_within_outer_train_by_video_80_20,0,True,146178,37041
20260626,76,0.14918537851836947,0.2676593440406442,inner_temporal_within_outer_train_by_video_80_20,0,True,146178,37041
20260626,77,0.14926563534471723,0.26708971273426735,inner_temporal_within_outer_train_by_video_80_20,0,True,146178,37041
20260626,78,0.14919161051511765,0.2680550530433741,inner_temporal_within_outer_train_by_video_80_20,0,True,146178,37041
20260626,79,0.1492114464441935,0.26794110539380767,inner_temporal_within_outer_train_by_video_80_20,0,True,146178,37041
20260626,80,0.1489932139714559,0.2684920868818315,inner_temporal_within_outer_train_by_video_80_20,0,True,146178,37041
20260627,1,0.20068862703111437,0.2346961481188786,inner_temporal_within_outer_train_by_video_80_20,0,True,146178,37041
20260627,2,0.16062298168738684,0.24852116764122778,inner_temporal_within_outer_train_by_video_80_20,0,True,146178,37041
20260627,3,0.15607316626442802,0.24591152919157847,inner_temporal_within_outer_train_by_video_80_20,0,True,146178,37041
20260627,4,0.15503998183541828,0.24895531548858155,inner_temporal_within_outer_train_by_video_80_20,0,True,146178,37041
20260627,5,0.15440112600723901,0.2530951065686726,inner_temporal_within_outer_train_by_video_80_20,0,True,146178,37041
20260627,6,0.15397663745615217,0.25458136034503287,inner_temporal_within_outer_train_by_video_80_20,0,True,146178,37041
20260627,7,0.15372826159000397,0.2556278241831546,inner_temporal_within_outer_train_by_video_80_20,0,True,146178,37041
20260627,8,0.1532285577721066,0.25748485540663224,inner_temporal_within_outer_train_by_video_80_20,0,True,146178,37041
20260627,9,0.15304152253601286,0.257370127186208,inner_temporal_within_outer_train_by_video_80_20,0,True,146178,37041
20260627,10,0.15281953910986582,0.2580307813819601,inner_temporal_within_outer_train_by_video_80_20,0,True,146178,37041
20260627,11,0.1526099873913659,0.2587746928187724,inner_temporal_within_outer_train_by_video_80_20,0,True,146178,37041
20260627,12,0.15252004481024212,0.25897289200136453,inner_temporal_within_outer_train_by_video_80_20,0,True,146178,37041
20260627,13,0.1523377291030354,0.2591592947885681,inner_temporal_within_outer_train_by_video_80_20,0,True,146178,37041
20260627,14,0.1522508743736479,0.25945498444342785,inner_temporal_within_outer_train_by_video_80_20,0,True,146178,37041
20260627,15,0.1520602512690756,0.25964224037139483,inner_temporal_within_outer_train_by_video_80_20,0,True,146178,37041
20260627,16,0.1519758113556438,0.2598396862436955,inner_temporal_within_outer_train_by_video_80_20,0,True,146178,37041
20260627,17,0.15185790674553978,0.26007718794125706,inner_temporal_within_outer_train_by_video_80_20,0,True,146178,37041
20260627,18,0.15179066442781025,0.2605592976187546,inner_temporal_within_outer_train_by_video_80_20,0,True,146178,37041
20260627,19,0.15170257207420138,0.2608586584322783,inner_temporal_within_outer_train_by_video_80_20,0,True,146178,37041
20260627,20,0.15145217378934225,0.2605804354976187,inner_temporal_within_outer_train_by_video_80_20,0,True,146178,37041
20260627,21,0.15152022656467226,0.26078091692946587,inner_temporal_within_outer_train_by_video_80_20,0,True,146178,37041
20260627,22,0.1513147975007693,0.26104448374903205,inner_temporal_within_outer_train_by_video_80_20,0,True,146178,37041
20260627,23,0.15124479764037663,0.2614337834119466,inner_temporal_within_outer_train_by_video_80_20,0,True,146178,37041
20260627,24,0.15115621934334436,0.2618966727187365,inner_temporal_within_outer_train_by_video_80_20,0,True,146178,37041
20260627,25,0.15124016834629905,0.2614912661842504,inner_temporal_within_outer_train_by_video_80_20,0,True,146178,37041
20260627,26,0.15100374072790146,0.26147052544873267,inner_temporal_within_outer_train_by_video_80_20,0,True,146178,37041
20260627,27,0.15109509809149635,0.2619369872511738,inner_temporal_within_outer_train_by_video_80_20,0,True,146178,37041
20260627,28,0.15099864039156172,0.2624419675861831,inner_temporal_within_outer_train_by_video_80_20,0,True,146178,37041
20260627,29,0.1509796447224087,0.2613450798393914,inner_temporal_within_outer_train_by_video_80_20,0,True,146178,37041
20260627,30,0.15096475183963776,0.2629064614783053,inner_temporal_within_outer_train_by_video_80_20,0,True,146178,37041
20260627,31,0.15084106143977907,0.2624100436526076,inner_temporal_within_outer_train_by_video_80_20,0,True,146178,37041
20260627,32,0.1508191923300425,0.26286881561793785,inner_temporal_within_outer_train_by_video_80_20,0,True,146178,37041
20260627,33,0.15077466600471073,0.2626482478293378,inner_temporal_within_outer_train_by_video_80_20,0,True,146178,37041
20260627,34,0.1506748745838801,0.2629284920748065,inner_temporal_within_outer_train_by_video_80_20,0,True,146178,37041
20260627,35,0.15074208875497183,0.2630813428134361,inner_temporal_within_outer_train_by_video_80_20,0,True,146178,37041
20260627,36,0.1506678925620185,0.2632243345348382,inner_temporal_within_outer_train_by_video_80_20,0,True,146178,37041
20260627,37,0.15059267729520798,0.2633277330161497,inner_temporal_within_outer_train_by_video_80_20,0,True,146178,37041
20260627,38,0.1504970242579778,0.2633224306748033,inner_temporal_within_outer_train_by_video_80_20,0,True,146178,37041
20260627,39,0.1505630397134357,0.2635837115405313,inner_temporal_within_outer_train_by_video_80_20,0,True,146178,37041
20260627,40,0.1505202559961213,0.2637508672980348,inner_temporal_within_outer_train_by_video_80_20,0,True,146178,37041
20260627,41,0.15040691445271173,0.2637656434010904,inner_temporal_within_outer_train_by_video_80_20,0,True,146178,37041
20260627,42,0.150327045056555,0.2645581594011941,inner_temporal_within_outer_train_by_video_80_20,0,True,146178,37041
20260627,43,0.15035689953300688,0.26379188770515993,inner_temporal_within_outer_train_by_video_80_20,0,True,146178,37041
20260627,44,0.15027296708689797,0.2643932029310633,inner_temporal_within_outer_train_by_video_80_20,0,True,146178,37041
20260627,45,0.15035280088583627,0.2639599029770364,inner_temporal_within_outer_train_by_video_80_20,0,True,146178,37041
20260627,46,0.15021084166235393,0.2645080547938119,inner_temporal_within_outer_train_by_video_80_20,0,True,146178,37041
20260627,47,0.15025160047743055,0.2645907284796441,inner_temporal_within_outer_train_by_video_80_20,0,True,146178,37041
20260627,48,0.15019945551951727,0.26448959706860764,inner_temporal_within_outer_train_by_video_80_20,0,True,146178,37041
20260627,49,0.15015743672847748,0.26458380401236453,inner_temporal_within_outer_train_by_video_80_20,0,True,146178,37041
20260627,50,0.15017921974261603,0.26504017288558307,inner_temporal_within_outer_train_by_video_80_20,0,True,146178,37041
20260627,51,0.15006293853123984,0.26477581474693695,inner_temporal_within_outer_train_by_video_80_20,0,True,146178,37041
20260627,52,0.15012633552153906,0.2646819251494527,inner_temporal_within_outer_train_by_video_80_20,0,True,146178,37041
20260627,53,0.1500255920820766,0.26492143910623134,inner_temporal_within_outer_train_by_video_80_20,0,True,146178,37041
20260627,54,0.15009250905778673,0.2646594016287514,inner_temporal_within_outer_train_by_video_80_20,0,True,146178,37041
20260627,55,0.14997826516628265,0.26487063188495136,inner_temporal_within_outer_train_by_video_80_20,0,True,146178,37041
20260627,56,0.14986724737617704,0.2650597108774936,inner_temporal_within_outer_train_by_video_80_20,0,True,146178,37041
20260627,57,0.14988303763998878,0.2654512435911822,inner_temporal_within_outer_train_by_video_80_20,0,True,146178,37041
20260627,58,0.14985897805955675,0.2648536163651618,inner_temporal_within_outer_train_by_video_80_20,0,True,146178,37041
20260627,59,0.1498153888516956,0.26566433302398634,inner_temporal_within_outer_train_by_video_80_20,0,True,146178,37041
20260627,60,0.14983361462752023,0.26532150409181726,inner_temporal_within_outer_train_by_video_80_20,0,True,146178,37041
20260627,61,0.1498104358712832,0.2655432464689716,inner_temporal_within_outer_train_by_video_80_20,0,True,146178,37041
20260627,62,0.14987844063176048,0.2661564148680463,inner_temporal_within_outer_train_by_video_80_20,0,True,146178,37041
20260627,63,0.14978471481137806,0.26554283599299605,inner_temporal_within_outer_train_by_video_80_20,0,True,146178,37041
20260627,64,0.14985938287443584,0.2655954488850007,inner_temporal_within_outer_train_by_video_80_20,0,True,146178,37041
20260627,65,0.1497736813293563,0.2661224421328109,inner_temporal_within_outer_train_by_video_80_20,0,True,146178,37041
20260627,66,0.1497553280658192,0.26571793127848653,inner_temporal_within_outer_train_by_video_80_20,0,True,146178,37041
20260627,67,0.14970331721835667,0.2653175927677255,inner_temporal_within_outer_train_by_video_80_20,0,True,146178,37041
20260627,68,0.1496470719575882,0.26569110473233204,inner_temporal_within_outer_train_by_video_80_20,0,True,146178,37041
20260627,69,0.14956045978599125,0.2657438052993333,inner_temporal_within_outer_train_by_video_80_20,0,True,146178,37041
20260627,70,0.14958806501494515,0.26604700316295077,inner_temporal_within_outer_train_by_video_80_20,0,True,146178,37041
20260627,71,0.1496676728129387,0.2662272955988387,inner_temporal_within_outer_train_by_video_80_20,0,True,146178,37041
20260627,72,0.14953970660765967,0.2660596846893166,inner_temporal_within_outer_train_by_video_80_20,0,True,146178,37041
20260627,73,0.14952077633804745,0.2656619914869117,inner_temporal_within_outer_train_by_video_80_20,0,True,146178,37041
20260627,74,0.1495481895075904,0.2666512473710779,inner_temporal_within_outer_train_by_video_80_20,0,True,146178,37041
20260627,75,0.14952973276376724,0.2667620954981086,inner_temporal_within_outer_train_by_video_80_20,0,True,146178,37041
20260627,76,0.1494573743806945,0.2660453132662468,inner_temporal_within_outer_train_by_video_80_20,0,True,146178,37041
20260627,77,0.14942870206303066,0.2666715210284674,inner_temporal_within_outer_train_by_video_80_20,0,True,146178,37041
20260627,78,0.1493824529978964,0.2659174639162348,inner_temporal_within_outer_train_by_video_80_20,0,True,146178,37041
20260627,79,0.14934599730703566,0.2662261253932645,inner_temporal_within_outer_train_by_video_80_20,0,True,146178,37041
20260627,80,0.14937162399291992,0.2663088666942669,inner_temporal_within_outer_train_by_video_80_20,0,True,146178,37041
20260628,1,0.20188482022947735,0.19884348269808516,inner_temporal_within_outer_train_by_video_80_20,0,True,146178,37041
20260628,2,0.16184729751613405,0.2321005754243559,inner_temporal_within_outer_train_by_video_80_20,0,True,146178,37041
20260628,3,0.15607606454028022,0.2386717440036286,inner_temporal_within_outer_train_by_video_80_20,0,True,146178,37041
20260628,4,0.15476463735103607,0.24327598415597354,inner_temporal_within_outer_train_by_video_80_20,0,True,146178,37041
20260628,5,0.15411328110429975,0.24727214261154723,inner_temporal_within_outer_train_by_video_80_20,0,True,146178,37041
20260628,6,0.15351550777753195,0.2503256409587166,inner_temporal_within_outer_train_by_video_80_20,0,True,146178,37041
20260628,7,0.1530621126294136,0.2532952812917754,inner_temporal_within_outer_train_by_video_80_20,0,True,146178,37041
20260628,8,0.15286251157522202,0.2552648726364658,inner_temporal_within_outer_train_by_video_80_20,0,True,146178,37041
20260628,9,0.15257102416621315,0.25644039925065737,inner_temporal_within_outer_train_by_video_80_20,0,True,146178,37041
20260628,10,0.15235457734929192,0.25823680453094366,inner_temporal_within_outer_train_by_video_80_20,0,True,146178,37041
20260628,11,0.1521958675649431,0.2586136132753162,inner_temporal_within_outer_train_by_video_80_20,0,True,146178,37041
20260628,12,0.15200009445349374,0.2595500244184769,inner_temporal_within_outer_train_by_video_80_20,0,True,146178,37041
20260628,13,0.15192139314280617,0.26024597812204225,inner_temporal_within_outer_train_by_video_80_20,0,True,146178,37041
20260628,14,0.1517233451207479,0.26042381568862305,inner_temporal_within_outer_train_by_video_80_20,0,True,146178,37041
20260628,15,0.1516944095492363,0.26106847019385104,inner_temporal_within_outer_train_by_video_80_20,0,True,146178,37041
20260628,16,0.1515306681394577,0.2608587575685608,inner_temporal_within_outer_train_by_video_80_20,0,True,146178,37041
20260628,17,0.15154934260580274,0.2608582789453128,inner_temporal_within_outer_train_by_video_80_20,0,True,146178,37041
20260628,18,0.15148289253314337,0.2621177571305564,inner_temporal_within_outer_train_by_video_80_20,0,True,146178,37041
20260628,19,0.15137523495488697,0.26160463858060895,inner_temporal_within_outer_train_by_video_80_20,0,True,146178,37041
20260628,20,0.1511672329571512,0.26260534658546714,inner_temporal_within_outer_train_by_video_80_20,0,True,146178,37041
20260628,21,0.15116460373004278,0.26229818326302107,inner_temporal_within_outer_train_by_video_80_20,0,True,146178,37041
20260628,22,0.15129298137293923,0.262487576290868,inner_temporal_within_outer_train_by_video_80_20,0,True,146178,37041
20260628,23,0.15102576712767282,0.2627874850534626,inner_temporal_within_outer_train_by_video_80_20,0,True,146178,37041
20260628,24,0.15119255085786185,0.2625715840762967,inner_temporal_within_outer_train_by_video_80_20,0,True,146178,37041
20260628,25,0.15096543563736808,0.26266426241344176,inner_temporal_within_outer_train_by_video_80_20,0,True,146178,37041
20260628,26,0.1510634852780236,0.26259861122892864,inner_temporal_within_outer_train_by_video_80_20,0,True,146178,37041
20260628,27,0.15089142322540283,0.2627323164800342,inner_temporal_within_outer_train_by_video_80_20,0,True,146178,37041
20260628,28,0.15091131213638517,0.2634385306588936,inner_temporal_within_outer_train_by_video_80_20,0,True,146178,37041
20260628,29,0.15080377873447207,0.2632353383579462,inner_temporal_within_outer_train_by_video_80_20,0,True,146178,37041
20260628,30,0.15074930008914736,0.26309275549751504,inner_temporal_within_outer_train_by_video_80_20,0,True,146178,37041
20260628,31,0.15084269063340294,0.2634905862493202,inner_temporal_within_outer_train_by_video_80_20,0,True,146178,37041
20260628,32,0.15074327919218275,0.26350489946801997,inner_temporal_within_outer_train_by_video_80_20,0,True,146178,37041
20260628,33,0.15070575144555834,0.2637290545492459,inner_temporal_within_outer_train_by_video_80_20,0,True,146178,37041
20260628,34,0.15073896944522858,0.26307312020555307,inner_temporal_within_outer_train_by_video_80_20,0,True,146178,37041
20260628,35,0.1506539997127321,0.26413421705200946,inner_temporal_within_outer_train_by_video_80_20,0,True,146178,37041
20260628,36,0.15069253908263314,0.26360298162620976,inner_temporal_within_outer_train_by_video_80_20,0,True,146178,37041
20260628,37,0.15056504723098543,0.2636091758781339,inner_temporal_within_outer_train_by_video_80_20,0,True,146178,37041
20260628,38,0.15058720939689213,0.26423695368681865,inner_temporal_within_outer_train_by_video_80_20,0,True,146178,37041
20260628,39,0.15046275820997027,0.2644387772955731,inner_temporal_within_outer_train_by_video_80_20,0,True,146178,37041
20260628,40,0.15051980564991632,0.264571741091718,inner_temporal_within_outer_train_by_video_80_20,0,True,146178,37041
20260628,41,0.15048614144325256,0.2646410388178978,inner_temporal_within_outer_train_by_video_80_20,0,True,146178,37041
20260628,42,0.15050328522920609,0.26450838450366354,inner_temporal_within_outer_train_by_video_80_20,0,True,146178,37041
20260628,43,0.15041854398118126,0.2646042650225989,inner_temporal_within_outer_train_by_video_80_20,0,True,146178,37041
20260628,44,0.15035507082939148,0.26500852274374576,inner_temporal_within_outer_train_by_video_80_20,0,True,146178,37041
20260628,45,0.15037709226210913,0.26481422598317206,inner_temporal_within_outer_train_by_video_80_20,0,True,146178,37041
20260628,46,0.15030109137296677,0.26496271955468403,inner_temporal_within_outer_train_by_video_80_20,0,True,146178,37041
20260628,47,0.15027114335033628,0.26543002634023866,inner_temporal_within_outer_train_by_video_80_20,0,True,146178,37041
20260628,48,0.15033998671505186,0.2655445686362106,inner_temporal_within_outer_train_by_video_80_20,0,True,146178,37041
20260628,49,0.1502073829372724,0.2653609083035932,inner_temporal_within_outer_train_by_video_80_20,0,True,146178,37041
20260628,50,0.15024744967619577,0.2653249734897449,inner_temporal_within_outer_train_by_video_80_20,0,True,146178,37041
20260628,51,0.15016102376911375,0.26565762427659323,inner_temporal_within_outer_train_by_video_80_20,0,True,146178,37041
20260628,52,0.15013135804070366,0.2652762657191595,inner_temporal_within_outer_train_by_video_80_20,0,True,146178,37041
20260628,53,0.15010316752725178,0.2654965666414531,inner_temporal_within_outer_train_by_video_80_20,0,True,146178,37041
20260628,54,0.15009541809558868,0.266060685265376,inner_temporal_within_outer_train_by_video_80_20,0,True,146178,37041
20260628,55,0.15013531098763147,0.265431915249568,inner_temporal_within_outer_train_by_video_80_20,0,True,146178,37041
20260628,56,0.15017832981215584,0.2657325903905265,inner_temporal_within_outer_train_by_video_80_20,0,True,146178,37041
20260628,57,0.15006964736514622,0.2652593435629489,inner_temporal_within_outer_train_by_video_80_20,0,True,146178,37041
20260628,58,0.15007424768474367,0.2658642357717307,inner_temporal_within_outer_train_by_video_80_20,0,True,146178,37041
20260628,59,0.15007290575239393,0.2662738050354132,inner_temporal_within_outer_train_by_video_80_20,0,True,146178,37041
20260628,60,0.14995326929622227,0.26597866191501945,inner_temporal_within_outer_train_by_video_80_20,0,True,146178,37041
20260628,61,0.14995328254169887,0.26649285650058563,inner_temporal_within_outer_train_by_video_80_20,0,True,146178,37041
20260628,62,0.1499536492758327,0.26594098046366327,inner_temporal_within_outer_train_by_video_80_20,0,True,146178,37041
20260628,63,0.14981582843595082,0.2660670863033467,inner_temporal_within_outer_train_by_video_80_20,0,True,146178,37041
20260628,64,0.1499348200029797,0.26635201846136464,inner_temporal_within_outer_train_by_video_80_20,0,True,146178,37041
20260628,65,0.14983667184909186,0.2660812824837845,inner_temporal_within_outer_train_by_video_80_20,0,True,146178,37041
20260628,66,0.1498208666841189,0.26581741317224233,inner_temporal_within_outer_train_by_video_80_20,0,True,146178,37041
20260628,67,0.1498166165418095,0.26650557024330257,inner_temporal_within_outer_train_by_video_80_20,0,True,146178,37041
20260628,68,0.14975374854273266,0.2660968002802243,inner_temporal_within_outer_train_by_video_80_20,0,True,146178,37041
20260628,69,0.14979059911436504,0.26689558926218543,inner_temporal_within_outer_train_by_video_80_20,0,True,146178,37041
20260628,70,0.14966600057151583,0.2665917227055059,inner_temporal_within_outer_train_by_video_80_20,0,True,146178,37041
20260628,71,0.14973853694068062,0.2666457438256774,inner_temporal_within_outer_train_by_video_80_20,0,True,146178,37041
20260628,72,0.14967220028241476,0.2664957462507936,inner_temporal_within_outer_train_by_video_80_20,0,True,146178,37041
20260628,73,0.14972539825571907,0.2666384614895022,inner_temporal_within_outer_train_by_video_80_20,0,True,146178,37041
20260628,74,0.14962798605362573,0.26680646535579733,inner_temporal_within_outer_train_by_video_80_20,0,True,146178,37041
20260628,75,0.14960265987449223,0.2669311751357284,inner_temporal_within_outer_train_by_video_80_20,0,True,146178,37041
20260628,76,0.14964444438616434,0.2667979057544437,inner_temporal_within_outer_train_by_video_80_20,0,True,146178,37041
20260628,77,0.14961551709307563,0.2669763544585759,inner_temporal_within_outer_train_by_video_80_20,0,True,146178,37041
20260628,78,0.14944705615441004,0.26704531706568224,inner_temporal_within_outer_train_by_video_80_20,0,True,146178,37041
20260628,79,0.14953850954771042,0.26712645531366636,inner_temporal_within_outer_train_by_video_80_20,0,True,146178,37041
20260628,80,0.14949679291910595,0.267009504533181,inner_temporal_within_outer_train_by_video_80_20,0,True,146178,37041
20260629,1,0.2153442775209745,0.17887563277361707,inner_temporal_within_outer_train_by_video_80_20,0,True,146178,37041
20260629,2,0.16409273280037773,0.2455062260502051,inner_temporal_within_outer_train_by_video_80_20,0,True,146178,37041
20260629,3,0.15748651739623812,0.24339307511862066,inner_temporal_within_outer_train_by_video_80_20,0,True,146178,37041
20260629,4,0.15614158494604957,0.24457039479915554,inner_temporal_within_outer_train_by_video_80_20,0,True,146178,37041
20260629,5,0.15527127352025774,0.2476462401702891,inner_temporal_within_outer_train_by_video_80_20,0,True,146178,37041
20260629,6,0.15450422796938154,0.2508206102008112,inner_temporal_within_outer_train_by_video_80_20,0,True,146178,37041
20260629,7,0.15396244244443047,0.253265306910533,inner_temporal_within_outer_train_by_video_80_20,0,True,146178,37041
20260629,8,0.1536751596464051,0.2548772034890173,inner_temporal_within_outer_train_by_video_80_20,0,True,146178,37041
20260629,9,0.15336811128589842,0.25625149930918834,inner_temporal_within_outer_train_by_video_80_20,0,True,146178,37041
20260629,10,0.15303008009990057,0.2573545642854749,inner_temporal_within_outer_train_by_video_80_20,0,True,146178,37041
20260629,11,0.15280851225058237,0.2586226793192081,inner_temporal_within_outer_train_by_video_80_20,0,True,146178,37041
20260629,12,0.152625463075108,0.2590069471176948,inner_temporal_within_outer_train_by_video_80_20,0,True,146178,37041
20260629,13,0.15247752848598692,0.2596197112584069,inner_temporal_within_outer_train_by_video_80_20,0,True,146178,37041
20260629,14,0.15229615320762,0.2602176110670726,inner_temporal_within_outer_train_by_video_80_20,0,True,146178,37041
20260629,15,0.15223322643174064,0.2605163089144833,inner_temporal_within_outer_train_by_video_80_20,0,True,146178,37041
20260629,16,0.15206068423059252,0.26065315686084367,inner_temporal_within_outer_train_by_video_80_20,0,True,146178,37041
20260629,17,0.15195558551285002,0.2606664616639843,inner_temporal_within_outer_train_by_video_80_20,0,True,146178,37041
20260629,18,0.15194974094629288,0.2604995902576489,inner_temporal_within_outer_train_by_video_80_20,0,True,146178,37041
20260629,19,0.15184864401817322,0.2610859317744913,inner_temporal_within_outer_train_by_video_80_20,0,True,146178,37041
20260629,20,0.1517824331919352,0.26064565166147075,inner_temporal_within_outer_train_by_video_80_20,0,True,146178,37041
20260629,21,0.1515908936659495,0.2610044068447277,inner_temporal_within_outer_train_by_video_80_20,0,True,146178,37041
20260629,22,0.15168545146783194,0.26122999319803053,inner_temporal_within_outer_train_by_video_80_20,0,True,146178,37041
20260629,23,0.1514558560318417,0.2611992135883851,inner_temporal_within_outer_train_by_video_80_20,0,True,146178,37041
20260629,24,0.15146877699428135,0.2618061414542153,inner_temporal_within_outer_train_by_video_80_20,0,True,146178,37041
20260629,25,0.15140950762563282,0.2625026364268295,inner_temporal_within_outer_train_by_video_80_20,0,True,146178,37041
20260629,26,0.15130660434563956,0.2617786725266878,inner_temporal_within_outer_train_by_video_80_20,0,True,146178,37041
20260629,27,0.1512349454893006,0.2620996230026059,inner_temporal_within_outer_train_by_video_80_20,0,True,146178,37041
20260629,28,0.1512519973847601,0.2630134370164111,inner_temporal_within_outer_train_by_video_80_20,0,True,146178,37041
20260629,29,0.1511539245645205,0.26228484221963094,inner_temporal_within_outer_train_by_video_80_20,0,True,146178,37041
20260629,30,0.1510903322034412,0.2626641324634204,inner_temporal_within_outer_train_by_video_80_20,0,True,146178,37041
20260629,31,0.1509676542547014,0.2632682874306587,inner_temporal_within_outer_train_by_video_80_20,0,True,146178,37041
20260629,32,0.15090062138107088,0.26284097376840265,inner_temporal_within_outer_train_by_video_80_20,0,True,146178,37041
20260629,33,0.15096241566869947,0.2626006545528332,inner_temporal_within_outer_train_by_video_80_20,0,True,146178,37041
20260629,34,0.1509088956647449,0.26296176742054334,inner_temporal_within_outer_train_by_video_80_20,0,True,146178,37041
20260629,35,0.15081635200315052,0.26324220257288555,inner_temporal_within_outer_train_by_video_80_20,0,True,146178,37041
20260629,36,0.15072281493080986,0.2636067239328198,inner_temporal_within_outer_train_by_video_80_20,0,True,146178,37041
20260629,37,0.15074195050530964,0.26288567447957994,inner_temporal_within_outer_train_by_video_80_20,0,True,146178,37041
20260629,38,0.15070248146851858,0.26380978743478234,inner_temporal_within_outer_train_by_video_80_20,0,True,146178,37041
20260629,39,0.15048663235372967,0.2637002375072637,inner_temporal_within_outer_train_by_video_80_20,0,True,146178,37041
20260629,40,0.15064969824420082,0.2630360935216765,inner_temporal_within_outer_train_by_video_80_20,0,True,146178,37041
20260629,41,0.15051833374632728,0.26364844979354135,inner_temporal_within_outer_train_by_video_80_20,0,True,146178,37041
20260629,42,0.15050791700681052,0.2636256100078642,inner_temporal_within_outer_train_by_video_80_20,0,True,146178,37041
20260629,43,0.1506025551093949,0.2640539713778111,inner_temporal_within_outer_train_by_video_80_20,0,True,146178,37041
20260629,44,0.15055382003386816,0.26388178801201034,inner_temporal_within_outer_train_by_video_80_20,0,True,146178,37041
20260629,45,0.15049482468101713,0.264134832494589,inner_temporal_within_outer_train_by_video_80_20,0,True,146178,37041
20260629,46,0.15039942248000038,0.264392609912442,inner_temporal_within_outer_train_by_video_80_20,0,True,146178,37041
20260629,47,0.15030771493911743,0.26432200294458,inner_temporal_within_outer_train_by_video_80_20,0,True,146178,37041
20260629,48,0.15035799725188148,0.2643593101921444,inner_temporal_within_outer_train_by_video_80_20,0,True,146178,37041
20260629,49,0.15036405871311823,0.2645231070529682,inner_temporal_within_outer_train_by_video_80_20,0,True,146178,37041
20260629,50,0.15030998157130349,0.2645719265324351,inner_temporal_within_outer_train_by_video_80_20,0,True,146178,37041
20260629,51,0.15019305298725763,0.2644400069680833,inner_temporal_within_outer_train_by_video_80_20,0,True,146178,37041
20260629,52,0.1502512271205584,0.26447760880588594,inner_temporal_within_outer_train_by_video_80_20,0,True,146178,37041
20260629,53,0.15017653587791654,0.26508260141340223,inner_temporal_within_outer_train_by_video_80_20,0,True,146178,37041
20260629,54,0.15007166067759195,0.2645078073182147,inner_temporal_within_outer_train_by_video_80_20,0,True,146178,37041
20260629,55,0.1501783314678404,0.2643308416871782,inner_temporal_within_outer_train_by_video_80_20,0,True,146178,37041
20260629,56,0.1501000929209921,0.2649535801127274,inner_temporal_within_outer_train_by_video_80_20,0,True,146178,37041
20260629,57,0.15014301240444183,0.2650580066145093,inner_temporal_within_outer_train_by_video_80_20,0,True,146178,37041
20260629,58,0.1500299440489875,0.2652008078143684,inner_temporal_within_outer_train_by_video_80_20,0,True,146178,37041
20260629,59,0.15013036794132656,0.26516918815509166,inner_temporal_within_outer_train_by_video_80_20,0,True,146178,37041
20260629,60,0.14994492630163828,0.26491691040955706,inner_temporal_within_outer_train_by_video_80_20,0,True,146178,37041
20260629,61,0.149996065431171,0.26524468965480114,inner_temporal_within_outer_train_by_video_80_20,0,True,146178,37041
20260629,62,0.14988586803277335,0.26534317747572433,inner_temporal_within_outer_train_by_video_80_20,0,True,146178,37041
20260629,63,0.14987974365552267,0.26498611562140784,inner_temporal_within_outer_train_by_video_80_20,0,True,146178,37041
20260629,64,0.1498115128941006,0.26528047564568796,inner_temporal_within_outer_train_by_video_80_20,0,True,146178,37041
20260629,65,0.14991649405823815,0.2656092481297019,inner_temporal_within_outer_train_by_video_80_20,0,True,146178,37041
20260629,66,0.14986461897691092,0.2654922119145895,inner_temporal_within_outer_train_by_video_80_20,0,True,146178,37041
20260629,67,0.1498200860288408,0.26556700693292,inner_temporal_within_outer_train_by_video_80_20,0,True,146178,37041
20260629,68,0.1496882794631852,0.26546873279444305,inner_temporal_within_outer_train_by_video_80_20,0,True,146178,37041
20260629,69,0.14967407203382915,0.2665333719516948,inner_temporal_within_outer_train_by_video_80_20,0,True,146178,37041
20260629,70,0.14973602278365028,0.26577330049267,inner_temporal_within_outer_train_by_video_80_20,0,True,146178,37041
20260629,71,0.14960852762063345,0.26612189585289653,inner_temporal_within_outer_train_by_video_80_20,0,True,146178,37041
20260629,72,0.14965324021048015,0.266122865038083,inner_temporal_within_outer_train_by_video_80_20,0,True,146178,37041
20260629,73,0.14971879124641418,0.2662652368631516,inner_temporal_within_outer_train_by_video_80_20,0,True,146178,37041
20260629,74,0.14963001840644413,0.26570309204756026,inner_temporal_within_outer_train_by_video_80_20,0,True,146178,37041
20260629,75,0.1495890145500501,0.2662519180188934,inner_temporal_within_outer_train_by_video_80_20,0,True,146178,37041
20260629,76,0.1496076931556066,0.2664991696708305,inner_temporal_within_outer_train_by_video_80_20,0,True,146178,37041
20260629,77,0.1494830341802703,0.2656634057268798,inner_temporal_within_outer_train_by_video_80_20,0,True,146178,37041
20260629,78,0.1495668672853046,0.26626588285855224,inner_temporal_within_outer_train_by_video_80_20,0,True,146178,37041
20260629,79,0.14943550609880024,0.2667760974637655,inner_temporal_within_outer_train_by_video_80_20,0,True,146178,37041
20260629,80,0.14948787954118517,0.26694015055759446,inner_temporal_within_outer_train_by_video_80_20,0,True,146178,37041
20260630,1,0.2022786612311999,0.2096658035604435,inner_temporal_within_outer_train_by_video_80_20,0,True,146178,37041
20260630,2,0.1624861243698332,0.23623243387625467,inner_temporal_within_outer_train_by_video_80_20,0,True,146178,37041
20260630,3,0.15750526719623142,0.24441464736947144,inner_temporal_within_outer_train_by_video_80_20,0,True,146178,37041
20260630,4,0.15571674125062096,0.24926779359077902,inner_temporal_within_outer_train_by_video_80_20,0,True,146178,37041
20260630,5,0.15482710633012983,0.2529112796514275,inner_temporal_within_outer_train_by_video_80_20,0,True,146178,37041
20260630,6,0.15410091231266657,0.2554587502435859,inner_temporal_within_outer_train_by_video_80_20,0,True,146178,37041
20260630,7,0.153592887851927,0.25759856518105684,inner_temporal_within_outer_train_by_video_80_20,0,True,146178,37041
20260630,8,0.1532861366868019,0.25848226842648914,inner_temporal_within_outer_train_by_video_80_20,0,True,146178,37041
20260630,9,0.15287615441613728,0.25948364699803517,inner_temporal_within_outer_train_by_video_80_20,0,True,146178,37041
20260630,10,0.15253370172447628,0.26080745070752437,inner_temporal_within_outer_train_by_video_80_20,0,True,146178,37041
20260630,11,0.15238503366708755,0.26101450049596175,inner_temporal_within_outer_train_by_video_80_20,0,True,146178,37041
20260630,12,0.15212498605251312,0.26052094239567236,inner_temporal_within_outer_train_by_video_80_20,0,True,146178,37041
20260630,13,0.1520422606004609,0.26105171455874193,inner_temporal_within_outer_train_by_video_80_20,0,True,146178,37041
20260630,14,0.15184798588355383,0.2606258356555679,inner_temporal_within_outer_train_by_video_80_20,0,True,146178,37041
20260630,15,0.1517362909184562,0.26082790553282026,inner_temporal_within_outer_train_by_video_80_20,0,True,146178,37041
20260630,16,0.1516295787360933,0.2617270137643406,inner_temporal_within_outer_train_by_video_80_20,0,True,146178,37041
20260630,17,0.15143414503998226,0.26143020374408393,inner_temporal_within_outer_train_by_video_80_20,0,True,146178,37041
20260630,18,0.15138621711068684,0.2619105521907977,inner_temporal_within_outer_train_by_video_80_20,0,True,146178,37041
20260630,19,0.15134983840915892,0.2613615433705805,inner_temporal_within_outer_train_by_video_80_20,0,True,146178,37041
20260630,20,0.151247082485093,0.2615624503812916,inner_temporal_within_outer_train_by_video_80_20,0,True,146178,37041
20260630,21,0.15118550095293257,0.26282318587474635,inner_temporal_within_outer_train_by_video_80_20,0,True,146178,37041
20260630,22,0.15103388163778517,0.26137497674617416,inner_temporal_within_outer_train_by_video_80_20,0,True,146178,37041
20260630,23,0.1509607599841224,0.26211949954852587,inner_temporal_within_outer_train_by_video_80_20,0,True,146178,37041
20260630,24,0.150927291976081,0.2627922686429053,inner_temporal_within_outer_train_by_video_80_20,0,True,146178,37041
20260630,25,0.15086619555950165,0.26232938723085997,inner_temporal_within_outer_train_by_video_80_20,0,True,146178,37041
20260630,26,0.15086314661635292,0.2616985297059665,inner_temporal_within_outer_train_by_video_80_20,0,True,146178,37041
20260630,27,0.15077585064702564,0.2629915265619604,inner_temporal_within_outer_train_by_video_80_20,0,True,146178,37041
20260630,28,0.1507684604989158,0.2627038256506205,inner_temporal_within_outer_train_by_video_80_20,0,True,146178,37041
20260630,29,0.15065985338555443,0.26290861726347736,inner_temporal_within_outer_train_by_video_80_20,0,True,146178,37041
20260630,30,0.15061913430690765,0.26331008727272043,inner_temporal_within_outer_train_by_video_80_20,0,True,146178,37041
20260630,31,0.1506098285317421,0.2633651571675646,inner_temporal_within_outer_train_by_video_80_20,0,True,146178,37041
20260630,32,0.1505585875776079,0.26319198398717963,inner_temporal_within_outer_train_by_video_80_20,0,True,146178,37041
20260630,33,0.1505003927482499,0.2633889215125821,inner_temporal_within_outer_train_by_video_80_20,0,True,146178,37041
20260630,34,0.15056884702708986,0.2635612573652955,inner_temporal_within_outer_train_by_video_80_20,0,True,146178,37041
20260630,35,0.15046742641263539,0.2637778813693708,inner_temporal_within_outer_train_by_video_80_20,0,True,146178,37041
20260630,36,0.15048111644056109,0.2638431219905023,inner_temporal_within_outer_train_by_video_80_20,0,True,146178,37041
20260630,37,0.1503322861260838,0.26445324738172654,inner_temporal_within_outer_train_by_video_80_20,0,True,146178,37041
20260630,38,0.15037411699692407,0.26418024826324943,inner_temporal_within_outer_train_by_video_80_20,0,True,146178,37041
20260630,39,0.15040291349093118,0.26433384677541427,inner_temporal_within_outer_train_by_video_80_20,0,True,146178,37041
20260630,40,0.15021302468246883,0.264404333664977,inner_temporal_within_outer_train_by_video_80_20,0,True,146178,37041
20260630,41,0.1504053846001625,0.265218501928453,inner_temporal_within_outer_train_by_video_80_20,0,True,146178,37041
20260630,42,0.1503281088338958,0.26442047137851915,inner_temporal_within_outer_train_by_video_80_20,0,True,146178,37041
20260630,43,0.15032769739627838,0.26499975990430674,inner_temporal_within_outer_train_by_video_80_20,0,True,146178,37041
20260630,44,0.150236576795578,0.2648748884669103,inner_temporal_within_outer_train_by_video_80_20,0,True,146178,37041
20260630,45,0.15023523486322826,0.2648256363012337,inner_temporal_within_outer_train_by_video_80_20,0,True,146178,37041
20260630,46,0.1500752717256546,0.26492026345266817,inner_temporal_within_outer_train_by_video_80_20,0,True,146178,37041
20260630,47,0.15013380183113945,0.264747392716664,inner_temporal_within_outer_train_by_video_80_20,0,True,146178,37041
20260630,48,0.15015478183825812,0.2653974601204904,inner_temporal_within_outer_train_by_video_80_20,0,True,146178,37041
20260630,49,0.15012470963928434,0.2656480731510874,inner_temporal_within_outer_train_by_video_80_20,0,True,146178,37041
20260630,50,0.15011558598942226,0.26479099111000703,inner_temporal_within_outer_train_by_video_80_20,0,True,146178,37041
20260630,51,0.1500487219956186,0.26535302839509284,inner_temporal_within_outer_train_by_video_80_20,0,True,146178,37041
20260630,52,0.15012614015075895,0.2657780552115346,inner_temporal_within_outer_train_by_video_80_20,0,True,146178,37041
20260630,53,0.15001135071118674,0.2654267371255684,inner_temporal_within_outer_train_by_video_80_20,0,True,146178,37041
20260630,54,0.15003979785574806,0.26554188890018354,inner_temporal_within_outer_train_by_video_80_20,0,True,146178,37041
20260630,55,0.14997916089163887,0.2655728818956087,inner_temporal_within_outer_train_by_video_80_20,0,True,146178,37041
20260630,56,0.1499381379948722,0.26569507280273247,inner_temporal_within_outer_train_by_video_80_20,0,True,146178,37041
20260630,57,0.14995524121655357,0.26577744982677326,inner_temporal_within_outer_train_by_video_80_20,0,True,146178,37041
20260630,58,0.14986769523885515,0.2660857641080625,inner_temporal_within_outer_train_by_video_80_20,0,True,146178,37041
20260630,59,0.1499479677942064,0.2654243178898365,inner_temporal_within_outer_train_by_video_80_20,0,True,146178,37041
20260630,60,0.14988974067899916,0.2660131360464297,inner_temporal_within_outer_train_by_video_80_20,0,True,146178,37041
20260630,61,0.14987803747256598,0.2661149261850638,inner_temporal_within_outer_train_by_video_80_20,0,True,146178,37041
20260630,62,0.14983664453029633,0.2658486303773483,inner_temporal_within_outer_train_by_video_80_20,0,True,146178,37041
20260630,63,0.14982258611255223,0.26597886900802137,inner_temporal_within_outer_train_by_video_80_20,0,True,146178,37041
20260630,64,0.14971084064907497,0.26607901980756976,inner_temporal_within_outer_train_by_video_80_20,0,True,146178,37041
20260630,65,0.14975439508756003,0.26604950400198635,inner_temporal_within_outer_train_by_video_80_20,0,True,146178,37041
20260630,66,0.1496840160753992,0.2664702713052765,inner_temporal_within_outer_train_by_video_80_20,0,True,146178,37041
20260630,67,0.149642380575339,0.2661453265032906,inner_temporal_within_outer_train_by_video_80_20,0,True,146178,37041
20260630,68,0.149780982070499,0.2662620669605622,inner_temporal_within_outer_train_by_video_80_20,0,True,146178,37041
20260630,69,0.14973230991098616,0.26617157854860224,inner_temporal_within_outer_train_by_video_80_20,0,True,146178,37041
20260630,70,0.14962738504012427,0.2664585074487256,inner_temporal_within_outer_train_by_video_80_20,0,True,146178,37041
20260630,71,0.1497041102912691,0.26606960272336544,inner_temporal_within_outer_train_by_video_80_20,0,True,146178,37041
20260630,72,0.14950854579607645,0.2668716397075621,inner_temporal_within_outer_train_by_video_80_20,0,True,146178,37041
20260630,73,0.14957591146230698,0.266583676544123,inner_temporal_within_outer_train_by_video_80_20,0,True,146178,37041
20260630,74,0.14952743550141653,0.2666214570129609,inner_temporal_within_outer_train_by_video_80_20,0,True,146178,37041
20260630,75,0.14962458693318897,0.26648889043225144,inner_temporal_within_outer_train_by_video_80_20,0,True,146178,37041
20260630,76,0.1493974526723226,0.2664867964823064,inner_temporal_within_outer_train_by_video_80_20,0,True,146178,37041
20260630,77,0.14951621244351068,0.26610951802274063,inner_temporal_within_outer_train_by_video_80_20,0,True,146178,37041
20260630,78,0.14940393302175733,0.2671308733494519,inner_temporal_within_outer_train_by_video_80_20,0,True,146178,37041
20260630,79,0.1493807915184233,0.2667626989300336,inner_temporal_within_outer_train_by_video_80_20,0,True,146178,37041
20260630,80,0.14937909692525864,0.266755529927573,inner_temporal_within_outer_train_by_video_80_20,0,True,146178,37041
20260631,1,0.1926744058728218,0.2155979163778981,inner_temporal_within_outer_train_by_video_80_20,0,True,146178,37041
20260631,2,0.1605913961927096,0.23827350378400478,inner_temporal_within_outer_train_by_video_80_20,0,True,146178,37041
20260631,3,0.15670907745758691,0.24419091553022335,inner_temporal_within_outer_train_by_video_80_20,0,True,146178,37041
20260631,4,0.1552128800087505,0.24862844325708955,inner_temporal_within_outer_train_by_video_80_20,0,True,146178,37041
20260631,5,0.15423579265673956,0.25089143521481677,inner_temporal_within_outer_train_by_video_80_20,0,True,146178,37041
20260631,6,0.1535629572139846,0.2553480691428893,inner_temporal_within_outer_train_by_video_80_20,0,True,146178,37041
20260631,7,0.1531226494246059,0.25695575988009334,inner_temporal_within_outer_train_by_video_80_20,0,True,146178,37041
20260631,8,0.15275710490014818,0.25751756473940945,inner_temporal_within_outer_train_by_video_80_20,0,True,146178,37041
20260631,9,0.15249618805117077,0.25871349162531715,inner_temporal_within_outer_train_by_video_80_20,0,True,146178,37041
20260631,10,0.15226351469755173,0.25865460288692765,inner_temporal_within_outer_train_by_video_80_20,0,True,146178,37041
20260631,11,0.15192729896969265,0.25913769231957007,inner_temporal_within_outer_train_by_video_80_20,0,True,146178,37041
20260631,12,0.15191269334819582,0.25950094325336065,inner_temporal_within_outer_train_by_video_80_20,0,True,146178,37041
20260631,13,0.15172634604904386,0.2590754983026404,inner_temporal_within_outer_train_by_video_80_20,0,True,146178,37041
20260631,14,0.15168535543812645,0.2600949400763588,inner_temporal_within_outer_train_by_video_80_20,0,True,146178,37041
20260631,15,0.15137416207128102,0.26039516675757973,inner_temporal_within_outer_train_by_video_80_20,0,True,146178,37041
20260631,16,0.15140404055515924,0.26046910198919365,inner_temporal_within_outer_train_by_video_80_20,0,True,146178,37041
20260631,17,0.15134215023782518,0.26079020353926724,inner_temporal_within_outer_train_by_video_80_20,0,True,146178,37041
20260631,18,0.15118903501166236,0.26138821813947266,inner_temporal_within_outer_train_by_video_80_20,0,True,146178,37041
20260631,19,0.15128666990333134,0.26194528235905096,inner_temporal_within_outer_train_by_video_80_20,0,True,146178,37041
20260631,20,0.15107859091626274,0.2617912467649159,inner_temporal_within_outer_train_by_video_80_20,0,True,146178,37041
20260631,21,0.15099093235201305,0.2622265635946862,inner_temporal_within_outer_train_by_video_80_20,0,True,146178,37041
20260631,22,0.1509169638156891,0.2623134074099011,inner_temporal_within_outer_train_by_video_80_20,0,True,146178,37041
20260631,23,0.15097958015071022,0.2622523362868365,inner_temporal_within_outer_train_by_video_80_20,0,True,146178,37041
20260631,24,0.1508840893705686,0.26272547391047996,inner_temporal_within_outer_train_by_video_80_20,0,True,146178,37041
20260631,25,0.15082027514775595,0.2625361429017379,inner_temporal_within_outer_train_by_video_80_20,0,True,146178,37041
20260631,26,0.15075196822484335,0.2629659555154167,inner_temporal_within_outer_train_by_video_80_20,0,True,146178,37041
20260631,27,0.15069985306925243,0.26292223026706685,inner_temporal_within_outer_train_by_video_80_20,0,True,146178,37041
20260631,28,0.15058638403813043,0.26332940467084487,inner_temporal_within_outer_train_by_video_80_20,0,True,146178,37041
20260631,29,0.1505947212378184,0.2628988894871685,inner_temporal_within_outer_train_by_video_80_20,0,True,146178,37041
20260631,30,0.1505967469678985,0.26350744851286895,inner_temporal_within_outer_train_by_video_80_20,0,True,146178,37041
20260631,31,0.1505886341134707,0.26306382002218937,inner_temporal_within_outer_train_by_video_80_20,0,True,146178,37041
20260631,32,0.15044294546047846,0.26353722272498237,inner_temporal_within_outer_train_by_video_80_20,0,True,146178,37041
20260631,33,0.1504880107111401,0.26391581390280716,inner_temporal_within_outer_train_by_video_80_20,0,True,146178,37041
20260631,34,0.15042261282602945,0.26337175993247447,inner_temporal_within_outer_train_by_video_80_20,0,True,146178,37041
20260631,35,0.15040484981404412,0.2634342863058434,inner_temporal_within_outer_train_by_video_80_20,0,True,146178,37041
20260631,36,0.15033927890989515,0.26414038270785184,inner_temporal_within_outer_train_by_video_80_20,0,True,146178,37041
20260631,37,0.15034424430794185,0.26391037478517104,inner_temporal_within_outer_train_by_video_80_20,0,True,146178,37041
20260631,38,0.15033887575070062,0.2636601878745293,inner_temporal_within_outer_train_by_video_80_20,0,True,146178,37041
20260631,39,0.15029625097910562,0.26465642559174013,inner_temporal_within_outer_train_by_video_80_20,0,True,146178,37041
20260631,40,0.15022916429572636,0.26380736500654756,inner_temporal_within_outer_train_by_video_80_20,0,True,146178,37041
20260631,41,0.15020043402910233,0.26436475209983107,inner_temporal_within_outer_train_by_video_80_20,0,True,146178,37041
20260631,42,0.15012278159459433,0.26418205952673873,inner_temporal_within_outer_train_by_video_80_20,0,True,146178,37041
20260631,43,0.15009471029043198,0.2638488017459586,inner_temporal_within_outer_train_by_video_80_20,0,True,146178,37041
20260631,44,0.15007162673605812,0.26474469359211616,inner_temporal_within_outer_train_by_video_80_20,0,True,146178,37041
20260631,45,0.15003042171398798,0.2640613583560608,inner_temporal_within_outer_train_by_video_80_20,0,True,146178,37041
20260631,46,0.1499723427825504,0.26454722420069643,inner_temporal_within_outer_train_by_video_80_20,0,True,146178,37041
20260631,47,0.15004793057839075,0.26473259399004634,inner_temporal_within_outer_train_by_video_80_20,0,True,146178,37041
20260631,48,0.14996474401818383,0.26379839838079605,inner_temporal_within_outer_train_by_video_80_20,0,True,146178,37041
20260631,49,0.14991319510671827,0.2646746831601644,inner_temporal_within_outer_train_by_video_80_20,0,True,146178,37041
20260631,50,0.14992330306106144,0.2643738897207471,inner_temporal_within_outer_train_by_video_80_20,0,True,146178,37041
20260631,51,0.14982447193728554,0.26478569112124645,inner_temporal_within_outer_train_by_video_80_20,0,True,146178,37041
20260631,52,0.1498172034819921,0.2646992608622754,inner_temporal_within_outer_train_by_video_80_20,0,True,146178,37041
20260631,53,0.14983161869976255,0.2644922873202625,inner_temporal_within_outer_train_by_video_80_20,0,True,146178,37041
20260631,54,0.14972199665175545,0.264532721406977,inner_temporal_within_outer_train_by_video_80_20,0,True,146178,37041
20260631,55,0.1497126536236869,0.26457124046963965,inner_temporal_within_outer_train_by_video_80_20,0,True,146178,37041
20260631,56,0.14973380499415928,0.2649297894839073,inner_temporal_within_outer_train_by_video_80_20,0,True,146178,37041
20260631,57,0.1496853745645947,0.2650378057607757,inner_temporal_within_outer_train_by_video_80_20,0,True,146178,37041
20260631,58,0.14970811953147253,0.26493396936814007,inner_temporal_within_outer_train_by_video_80_20,0,True,146178,37041
20260631,59,0.14965582307842043,0.2648835100190673,inner_temporal_within_outer_train_by_video_80_20,0,True,146178,37041
20260631,60,0.14967485765616098,0.2650896256782058,inner_temporal_within_outer_train_by_video_80_20,0,True,146178,37041
20260631,61,0.14957164227962494,0.26511856097379044,inner_temporal_within_outer_train_by_video_80_20,0,True,146178,37041
20260631,62,0.14954147901799944,0.26535745339379024,inner_temporal_within_outer_train_by_video_80_20,0,True,146178,37041
20260631,63,0.1495632529258728,0.26451016305714753,inner_temporal_within_outer_train_by_video_80_20,0,True,146178,37041
20260631,64,0.14963602357440525,0.2652040724951139,inner_temporal_within_outer_train_by_video_80_20,0,True,146178,37041
20260631,65,0.14952158431212106,0.2654571043506134,inner_temporal_within_outer_train_by_video_80_20,0,True,146178,37041
20260631,66,0.1494054744640986,0.26515468046790924,inner_temporal_within_outer_train_by_video_80_20,0,True,146178,37041
20260631,67,0.14947030113803017,0.2647115457418154,inner_temporal_within_outer_train_by_video_80_20,0,True,146178,37041
20260631,68,0.14949537565310797,0.2657659767638705,inner_temporal_within_outer_train_by_video_80_20,0,True,146178,37041
20260631,69,0.1495346873998642,0.2657174921431026,inner_temporal_within_outer_train_by_video_80_20,0,True,146178,37041
20260631,70,0.14943846232361263,0.26511891734486437,inner_temporal_within_outer_train_by_video_80_20,0,True,146178,37041
20260631,71,0.1493117329147127,0.2654335329074595,inner_temporal_within_outer_train_by_video_80_20,0,True,146178,37041
20260631,72,0.14934934427340826,0.26530829843819353,inner_temporal_within_outer_train_by_video_80_20,0,True,146178,37041
20260631,73,0.14924173884921604,0.26567745206527055,inner_temporal_within_outer_train_by_video_80_20,0,True,146178,37041
20260631,74,0.14922512653801176,0.26563588248425035,inner_temporal_within_outer_train_by_video_80_20,0,True,146178,37041
20260631,75,0.1493207249376509,0.26528545409739607,inner_temporal_within_outer_train_by_video_80_20,0,True,146178,37041
20260631,76,0.14929728209972382,0.2657113425718492,inner_temporal_within_outer_train_by_video_80_20,0,True,146178,37041
20260631,77,0.1492154813475079,0.2657355209252628,inner_temporal_within_outer_train_by_video_80_20,0,True,146178,37041
20260631,78,0.14912895361582437,0.26594040638037086,inner_temporal_within_outer_train_by_video_80_20,0,True,146178,37041
20260631,79,0.14909576210710737,0.2654564850403029,inner_temporal_within_outer_train_by_video_80_20,0,True,146178,37041
20260631,80,0.1491617171300782,0.2652306609655058,inner_temporal_within_outer_train_by_video_80_20,0,True,146178,37041
20260632,1,0.19436436229281956,0.22047486861795276,inner_temporal_within_outer_train_by_video_80_20,0,True,146178,37041
20260632,2,0.15996300594674218,0.23837574958184546,inner_temporal_within_outer_train_by_video_80_20,0,True,146178,37041
20260632,3,0.15603189335929024,0.24552392721733857,inner_temporal_within_outer_train_by_video_80_20,0,True,146178,37041
20260632,4,0.15457990600003135,0.24833603169855956,inner_temporal_within_outer_train_by_video_80_20,0,True,146178,37041
20260632,5,0.1538762797911962,0.25173463385829487,inner_temporal_within_outer_train_by_video_80_20,0,True,146178,37041
20260632,6,0.15330793294641706,0.25433140328542797,inner_temporal_within_outer_train_by_video_80_20,0,True,146178,37041
20260632,7,0.15279252413246366,0.25666967676392427,inner_temporal_within_outer_train_by_video_80_20,0,True,146178,37041
20260632,8,0.15251070426570046,0.2579029378287421,inner_temporal_within_outer_train_by_video_80_20,0,True,146178,37041
20260632,9,0.15239939673079383,0.2582844535372331,inner_temporal_within_outer_train_by_video_80_20,0,True,146178,37041
20260632,10,0.15210236857334772,0.2591595108549232,inner_temporal_within_outer_train_by_video_80_20,0,True,146178,37041
20260632,11,0.15198143654399449,0.25926412769100116,inner_temporal_within_outer_train_by_video_80_20,0,True,146178,37041
20260632,12,0.15184828059540856,0.2598579412300731,inner_temporal_within_outer_train_by_video_80_20,0,True,146178,37041
20260632,13,0.15174922181500328,0.2595332479798263,inner_temporal_within_outer_train_by_video_80_20,0,True,146178,37041
20260632,14,0.15153400186035368,0.26011742539775673,inner_temporal_within_outer_train_by_video_80_20,0,True,146178,37041
20260632,15,0.15148442652490404,0.2599556025021263,inner_temporal_within_outer_train_by_video_80_20,0,True,146178,37041
20260632,16,0.15140919966830146,0.26043408350874203,inner_temporal_within_outer_train_by_video_80_20,0,True,146178,37041
20260632,17,0.15122949249214596,0.260791877215299,inner_temporal_within_outer_train_by_video_80_20,0,True,146178,37041
20260632,18,0.15116683642069498,0.2609042526680765,inner_temporal_within_outer_train_by_video_80_20,0,True,146178,37041
20260632,19,0.15110675493876138,0.26149139842658,inner_temporal_within_outer_train_by_video_80_20,0,True,146178,37041
20260632,20,0.1509797034992112,0.2615044011624052,inner_temporal_within_outer_train_by_video_80_20,0,True,146178,37041
20260632,21,0.15102150373988682,0.26191348474804693,inner_temporal_within_outer_train_by_video_80_20,0,True,146178,37041
20260632,22,0.150959935453203,0.26241970788662244,inner_temporal_within_outer_train_by_video_80_20,0,True,146178,37041
20260632,23,0.15084207306305566,0.2619606872460657,inner_temporal_within_outer_train_by_video_80_20,0,True,146178,37041
20260632,24,0.15073410090472963,0.26256479183657816,inner_temporal_within_outer_train_by_video_80_20,0,True,146178,37041
20260632,25,0.15085922347174752,0.26264950405685794,inner_temporal_within_outer_train_by_video_80_20,0,True,146178,37041
20260632,26,0.15074146456188625,0.26228294262079554,inner_temporal_within_outer_train_by_video_80_20,0,True,146178,37041
20260632,27,0.15080299311214024,0.26269529651686846,inner_temporal_within_outer_train_by_video_80_20,0,True,146178,37041
20260632,28,0.15060592856672075,0.26291404821988223,inner_temporal_within_outer_train_by_video_80_20,0,True,146178,37041
20260632,29,0.15056782133049434,0.26299916683785096,inner_temporal_within_outer_train_by_video_80_20,0,True,146178,37041
20260632,30,0.15065940469503403,0.26304988407605845,inner_temporal_within_outer_train_by_video_80_20,0,True,146178,37041
20260632,31,0.15047122455305523,0.2628124515836926,inner_temporal_within_outer_train_by_video_80_20,0,True,146178,37041
20260632,32,0.1504960200852818,0.263840150646286,inner_temporal_within_outer_train_by_video_80_20,0,True,146178,37041
20260632,33,0.15059805661439896,0.2629462033649566,inner_temporal_within_outer_train_by_video_80_20,0,True,146178,37041
20260632,34,0.1504500483473142,0.2638243295949194,inner_temporal_within_outer_train_by_video_80_20,0,True,146178,37041
20260632,35,0.15036266297101974,0.2636259660373545,inner_temporal_within_outer_train_by_video_80_20,0,True,146178,37041
20260632,36,0.15046029869053099,0.2639349357678036,inner_temporal_within_outer_train_by_video_80_20,0,True,146178,37041
20260632,37,0.1503971591591835,0.26354243075105144,inner_temporal_within_outer_train_by_video_80_20,0,True,146178,37041
20260632,38,0.15030856761667463,0.2640439826267722,inner_temporal_within_outer_train_by_video_80_20,0,True,146178,37041
20260632,39,0.1502790790465143,0.26420618650076594,inner_temporal_within_outer_train_by_video_80_20,0,True,146178,37041
20260632,40,0.15036358601517147,0.26448770878086736,inner_temporal_within_outer_train_by_video_80_20,0,True,146178,37041
20260632,41,0.15024853332175148,0.2639930932609112,inner_temporal_within_outer_train_by_video_80_20,0,True,146178,37041
20260632,42,0.15028196407688987,0.2645849659684571,inner_temporal_within_outer_train_by_video_80_20,0,True,146178,37041
20260632,43,0.15028743777010176,0.264803895214748,inner_temporal_within_outer_train_by_video_80_20,0,True,146178,37041
20260632,44,0.1500895561443435,0.26507427425969554,inner_temporal_within_outer_train_by_video_80_20,0,True,146178,37041
20260632,45,0.15014533864127266,0.26497858886174047,inner_temporal_within_outer_train_by_video_80_20,0,True,146178,37041
20260632,46,0.15010030484861797,0.2648491595158136,inner_temporal_within_outer_train_by_video_80_20,0,True,146178,37041
20260632,47,0.1501178534494506,0.26548121545458747,inner_temporal_within_outer_train_by_video_80_20,0,True,146178,37041
20260632,48,0.15008069409264457,0.26556972930607486,inner_temporal_within_outer_train_by_video_80_20,0,True,146178,37041
20260632,49,0.1500116768810484,0.26515057326305835,inner_temporal_within_outer_train_by_video_80_20,0,True,146178,37041
20260632,50,0.1500457285179032,0.2658787860521532,inner_temporal_within_outer_train_by_video_80_20,0,True,146178,37041
20260632,51,0.1500485638777415,0.2659733405473409,inner_temporal_within_outer_train_by_video_80_20,0,True,146178,37041
20260632,52,0.1499769248896175,0.2657550634955374,inner_temporal_within_outer_train_by_video_80_20,0,True,146178,37041
20260632,53,0.14998755935165617,0.2660440944963028,inner_temporal_within_outer_train_by_video_80_20,0,True,146178,37041
20260632,54,0.14991961005661222,0.2662711185457073,inner_temporal_within_outer_train_by_video_80_20,0,True,146178,37041
20260632,55,0.14990799046225017,0.26588745789383555,inner_temporal_within_outer_train_by_video_80_20,0,True,146178,37041
20260632,56,0.14989418867561552,0.2662843782047313,inner_temporal_within_outer_train_by_video_80_20,0,True,146178,37041
20260632,57,0.1498423781659868,0.2659852239707881,inner_temporal_within_outer_train_by_video_80_20,0,True,146178,37041
20260632,58,0.14986799160639444,0.26636619070053,inner_temporal_within_outer_train_by_video_80_20,0,True,146178,37041
20260632,59,0.14995768583483166,0.26584826035758513,inner_temporal_within_outer_train_by_video_80_20,0,True,146178,37041
20260632,60,0.1498414170410898,0.266819642462465,inner_temporal_within_outer_train_by_video_80_20,0,True,146178,37041
20260632,61,0.14979066534174812,0.26602418052681814,inner_temporal_within_outer_train_by_video_80_20,0,True,146178,37041
20260632,62,0.1497905742790964,0.2666144742162507,inner_temporal_within_outer_train_by_video_80_20,0,True,146178,37041
20260632,63,0.1496894078122245,0.2663933927509727,inner_temporal_within_outer_train_by_video_80_20,0,True,146178,37041
20260632,64,0.14960233039326137,0.26697968887705714,inner_temporal_within_outer_train_by_video_80_20,0,True,146178,37041
20260632,65,0.14971848411692512,0.26639184940938865,inner_temporal_within_outer_train_by_video_80_20,0,True,146178,37041
20260632,66,0.1496525232990583,0.2671080875546117,inner_temporal_within_outer_train_by_video_80_20,0,True,146178,37041
20260632,67,0.1496453517013126,0.26682610301081455,inner_temporal_within_outer_train_by_video_80_20,0,True,146178,37041
20260632,68,0.14961890545156267,0.26699418977134326,inner_temporal_within_outer_train_by_video_80_20,0,True,146178,37041
20260632,69,0.14958341088559893,0.26679658541310436,inner_temporal_within_outer_train_by_video_80_20,0,True,146178,37041
20260632,70,0.14953328337934282,0.26704614917279734,inner_temporal_within_outer_train_by_video_80_20,0,True,146178,37041
20260632,71,0.14955649938848284,0.2667597752639092,inner_temporal_within_outer_train_by_video_80_20,0,True,146178,37041
20260632,72,0.14951885243256888,0.26752239218222235,inner_temporal_within_outer_train_by_video_80_20,0,True,146178,37041
20260632,73,0.14947832458549076,0.26788332151922944,inner_temporal_within_outer_train_by_video_80_20,0,True,146178,37041
20260632,74,0.14946623808807796,0.26708508070557874,inner_temporal_within_outer_train_by_video_80_20,0,True,146178,37041
20260632,75,0.14939799325333702,0.26741179011381483,inner_temporal_within_outer_train_by_video_80_20,0,True,146178,37041
20260632,76,0.14945993406905067,0.2675985335513908,inner_temporal_within_outer_train_by_video_80_20,0,True,146178,37041
20260632,77,0.14945323599709404,0.2679731595550219,inner_temporal_within_outer_train_by_video_80_20,0,True,146178,37041
20260632,78,0.14938165744145712,0.2673264755347632,inner_temporal_within_outer_train_by_video_80_20,0,True,146178,37041
20260632,79,0.14924665292104086,0.2681689907971505,inner_temporal_within_outer_train_by_video_80_20,0,True,146178,37041
20260632,80,0.14941487295760048,0.267637276163966,inner_temporal_within_outer_train_by_video_80_20,0,True,146178,37041
20260633,1,0.21557443506187862,0.17670272075524662,inner_temporal_within_outer_train_by_video_80_20,0,True,146178,37041
20260633,2,0.16270239816771614,0.23408065016525034,inner_temporal_within_outer_train_by_video_80_20,0,True,146178,37041
20260633,3,0.15706601159440148,0.2416963268634528,inner_temporal_within_outer_train_by_video_80_20,0,True,146178,37041
20260633,4,0.15574687719345093,0.245510633457385,inner_temporal_within_outer_train_by_video_80_20,0,True,146178,37041
20260633,5,0.15490738468037712,0.24784817706446644,inner_temporal_within_outer_train_by_video_80_20,0,True,146178,37041
20260633,6,0.1541989470521609,0.24962527917409033,inner_temporal_within_outer_train_by_video_80_20,0,True,146178,37041
20260633,7,0.1538099158141348,0.2520671608980079,inner_temporal_within_outer_train_by_video_80_20,0,True,146178,37041
20260633,8,0.15342958271503448,0.25367689024571544,inner_temporal_within_outer_train_by_video_80_20,0,True,146178,37041
20260633,9,0.15305412063995996,0.25442148041933027,inner_temporal_within_outer_train_by_video_80_20,0,True,146178,37041
20260633,10,0.15288907289505005,0.2558031731901471,inner_temporal_within_outer_train_by_video_80_20,0,True,146178,37041
20260633,11,0.15258748746580547,0.2564565043047798,inner_temporal_within_outer_train_by_video_80_20,0,True,146178,37041
20260633,12,0.15242723044421938,0.2570240058754127,inner_temporal_within_outer_train_by_video_80_20,0,True,146178,37041
20260633,13,0.15227240406804615,0.257685338098521,inner_temporal_within_outer_train_by_video_80_20,0,True,146178,37041
20260633,14,0.15215848137935004,0.25834380605680696,inner_temporal_within_outer_train_by_video_80_20,0,True,146178,37041
20260633,15,0.15199819786681068,0.25811745860334945,inner_temporal_within_outer_train_by_video_80_20,0,True,146178,37041
20260633,16,0.15188735889063942,0.25869705709063506,inner_temporal_within_outer_train_by_video_80_20,0,True,146178,37041
20260633,17,0.15189259747664133,0.2591987414625173,inner_temporal_within_outer_train_by_video_80_20,0,True,146178,37041
20260633,18,0.15171460227833855,0.2590246825067223,inner_temporal_within_outer_train_by_video_80_20,0,True,146178,37041
20260633,19,0.1516539322005378,0.25996557641894014,inner_temporal_within_outer_train_by_video_80_20,0,True,146178,37041
20260633,20,0.1514628397093879,0.25958105713230883,inner_temporal_within_outer_train_by_video_80_20,0,True,146178,37041
20260633,21,0.15148110604948467,0.26004887502392393,inner_temporal_within_outer_train_by_video_80_20,0,True,146178,37041
20260633,22,0.15139806353383595,0.2602539308293473,inner_temporal_within_outer_train_by_video_80_20,0,True,146178,37041
20260633,23,0.15143283042642805,0.26044953635417073,inner_temporal_within_outer_train_by_video_80_20,0,True,146178,37041
20260633,24,0.15135203136338127,0.26060734217283077,inner_temporal_within_outer_train_by_video_80_20,0,True,146178,37041
20260633,25,0.15121395720375908,0.26127574242289364,inner_temporal_within_outer_train_by_video_80_20,0,True,146178,37041
20260633,26,0.1511926766898897,0.2606239381746825,inner_temporal_within_outer_train_by_video_80_20,0,True,146178,37041
20260633,27,0.15111360202232996,0.2614450902350697,inner_temporal_within_outer_train_by_video_80_20,0,True,146178,37041
20260633,28,0.1510908446378178,0.2614077152285381,inner_temporal_within_outer_train_by_video_80_20,0,True,146178,37041
20260633,29,0.15103668802314335,0.2616221274009368,inner_temporal_within_outer_train_by_video_80_20,0,True,146178,37041
20260633,30,0.1510047581460741,0.2619405605110865,inner_temporal_within_outer_train_by_video_80_20,0,True,146178,37041
20260633,31,0.15092295159896216,0.26188437940523995,inner_temporal_within_outer_train_by_video_80_20,0,True,146178,37041
20260633,32,0.15083180533515084,0.2620453029836662,inner_temporal_within_outer_train_by_video_80_20,0,True,146178,37041
20260633,33,0.15086862362093395,0.26206748193139884,inner_temporal_within_outer_train_by_video_80_20,0,True,146178,37041
20260633,34,0.15076601256926855,0.2625508632113797,inner_temporal_within_outer_train_by_video_80_20,0,True,146178,37041
20260633,35,0.15078222999970117,0.2627698442817893,inner_temporal_within_outer_train_by_video_80_20,0,True,146178,37041
20260633,36,0.1507178329759174,0.26284372219645913,inner_temporal_within_outer_train_by_video_80_20,0,True,146178,37041
20260633,37,0.150621112022135,0.2631349630996068,inner_temporal_within_outer_train_by_video_80_20,0,True,146178,37041
20260633,38,0.15057913131184048,0.2628642255084592,inner_temporal_within_outer_train_by_video_80_20,0,True,146178,37041
20260633,39,0.15053334335486093,0.2635112172549197,inner_temporal_within_outer_train_by_video_80_20,0,True,146178,37041
20260633,40,0.15054612110058466,0.2638537880020918,inner_temporal_within_outer_train_by_video_80_20,0,True,146178,37041
20260633,41,0.15046656048960155,0.2638048762418983,inner_temporal_within_outer_train_by_video_80_20,0,True,146178,37041
20260633,42,0.15043409251504475,0.26419713760117003,inner_temporal_within_outer_train_by_video_80_20,0,True,146178,37041
20260633,43,0.15045453111330667,0.2645267776100118,inner_temporal_within_outer_train_by_video_80_20,0,True,146178,37041
20260633,44,0.15035408238569895,0.2643121483568118,inner_temporal_within_outer_train_by_video_80_20,0,True,146178,37041
20260633,45,0.1503375338183509,0.2643995297901821,inner_temporal_within_outer_train_by_video_80_20,0,True,146178,37041
20260633,46,0.150384321808815,0.26517629437155094,inner_temporal_within_outer_train_by_video_80_20,0,True,146178,37041
20260633,47,0.1503091206153234,0.26417578514016504,inner_temporal_within_outer_train_by_video_80_20,0,True,146178,37041
20260633,48,0.15020349704556996,0.26493396157787213,inner_temporal_within_outer_train_by_video_80_20,0,True,146178,37041
20260633,49,0.15016293774048486,0.2649411036892925,inner_temporal_within_outer_train_by_video_80_20,0,True,146178,37041
20260633,50,0.15016849670145246,0.2650242494621665,inner_temporal_within_outer_train_by_video_80_20,0,True,146178,37041
20260633,51,0.15010175274478066,0.2647294241612232,inner_temporal_within_outer_train_by_video_80_20,0,True,146178,37041
20260633,52,0.15001677804523045,0.2647636101040638,inner_temporal_within_outer_train_by_video_80_20,0,True,146178,37041
20260633,53,0.15007449603743023,0.2653916622028562,inner_temporal_within_outer_train_by_video_80_20,0,True,146178,37041
20260633,54,0.14995483391814762,0.264769511950501,inner_temporal_within_outer_train_by_video_80_20,0,True,146178,37041
20260633,55,0.14994463158978355,0.2652388344107835,inner_temporal_within_outer_train_by_video_80_20,0,True,146178,37041
20260633,56,0.14989021834399965,0.2654666657016657,inner_temporal_within_outer_train_by_video_80_20,0,True,146178,37041
20260633,57,0.14998924069934422,0.26534960401455865,inner_temporal_within_outer_train_by_video_80_20,0,True,146178,37041
20260633,58,0.14985701358980602,0.26532255287912965,inner_temporal_within_outer_train_by_video_80_20,0,True,146178,37041
20260633,59,0.14982883797751534,0.2652021533084857,inner_temporal_within_outer_train_by_video_80_20,0,True,146178,37041
20260633,60,0.1498593282368448,0.2656864583827482,inner_temporal_within_outer_train_by_video_80_20,0,True,146178,37041
20260633,61,0.1497127397192849,0.2653468391984525,inner_temporal_within_outer_train_by_video_80_20,0,True,146178,37041
20260633,62,0.14971310231420729,0.26601923905190134,inner_temporal_within_outer_train_by_video_80_20,0,True,146178,37041
20260633,63,0.14967250575621924,0.2654506190149305,inner_temporal_within_outer_train_by_video_80_20,0,True,146178,37041
20260633,64,0.14971333493789038,0.265254313031108,inner_temporal_within_outer_train_by_video_80_20,0,True,146178,37041
20260633,65,0.14968557241890165,0.26623123324644343,inner_temporal_within_outer_train_by_video_80_20,0,True,146178,37041
20260633,66,0.14967002388503817,0.26568224554574954,inner_temporal_within_outer_train_by_video_80_20,0,True,146178,37041
20260633,67,0.1496661181251208,0.2655268740150288,inner_temporal_within_outer_train_by_video_80_20,0,True,146178,37041
20260633,68,0.1495396296183268,0.26573547208825693,inner_temporal_within_outer_train_by_video_80_20,0,True,146178,37041
20260633,69,0.14957307858599556,0.2660609841408348,inner_temporal_within_outer_train_by_video_80_20,0,True,146178,37041
20260633,70,0.1494988269276089,0.26600517384944755,inner_temporal_within_outer_train_by_video_80_20,0,True,146178,37041
20260633,71,0.14949845688210595,0.2662823680276435,inner_temporal_within_outer_train_by_video_80_20,0,True,146178,37041
20260633,72,0.14944691956043243,0.2665167687442738,inner_temporal_within_outer_train_by_video_80_20,0,True,146178,37041
20260633,73,0.14947658197747338,0.26600039731664527,inner_temporal_within_outer_train_by_video_80_20,0,True,146178,37041
20260633,74,0.14949452131986618,0.26583031107117133,inner_temporal_within_outer_train_by_video_80_20,0,True,146178,37041
20260633,75,0.1493811955054601,0.2663797460014996,inner_temporal_within_outer_train_by_video_80_20,0,True,146178,37041
20260633,76,0.14944418519735336,0.26614696565419516,inner_temporal_within_outer_train_by_video_80_20,0,True,146178,37041
20260633,77,0.14942430373695162,0.26639206706724655,inner_temporal_within_outer_train_by_video_80_20,0,True,146178,37041
20260633,78,0.14931263443496492,0.26650258449543485,inner_temporal_within_outer_train_by_video_80_20,0,True,146178,37041
20260633,79,0.14929553949170643,0.26662397092549894,inner_temporal_within_outer_train_by_video_80_20,0,True,146178,37041
20260633,80,0.14926423049635357,0.2660719857033913,inner_temporal_within_outer_train_by_video_80_20,0,True,146178,37041
20260634,1,0.212832719915443,0.23827507665373746,inner_temporal_within_outer_train_by_video_80_20,0,True,146178,37041
20260634,2,0.16250047004885143,0.2388615276633544,inner_temporal_within_outer_train_by_video_80_20,0,True,146178,37041
20260634,3,0.15657395703925026,0.24655254337207252,inner_temporal_within_outer_train_by_video_80_20,0,True,146178,37041
20260634,4,0.15535086724493238,0.2515783046591184,inner_temporal_within_outer_train_by_video_80_20,0,True,146178,37041
20260634,5,0.15461333013243145,0.25349945470842794,inner_temporal_within_outer_train_by_video_80_20,0,True,146178,37041
20260634,6,0.15417366723219553,0.25657587673194737,inner_temporal_within_outer_train_by_video_80_20,0,True,146178,37041
20260634,7,0.15381300118234423,0.25796888509837,inner_temporal_within_outer_train_by_video_80_20,0,True,146178,37041
20260634,8,0.15336929758389792,0.2586762268436603,inner_temporal_within_outer_train_by_video_80_20,0,True,146178,37041
20260634,9,0.15318984869453642,0.2589852986974798,inner_temporal_within_outer_train_by_video_80_20,0,True,146178,37041
20260634,10,0.15296082446972528,0.2594077515687023,inner_temporal_within_outer_train_by_video_80_20,0,True,146178,37041
20260634,11,0.15279078897502688,0.2595515564831579,inner_temporal_within_outer_train_by_video_80_20,0,True,146178,37041
20260634,12,0.15265845672951806,0.26009323384186167,inner_temporal_within_outer_train_by_video_80_20,0,True,146178,37041
20260634,13,0.15245306077930662,0.259703101621855,inner_temporal_within_outer_train_by_video_80_20,0,True,146178,37041
20260634,14,0.1522736301024755,0.2597401027610049,inner_temporal_within_outer_train_by_video_80_20,0,True,146178,37041
20260634,15,0.15219566971063614,0.2606843884252691,inner_temporal_within_outer_train_by_video_80_20,0,True,146178,37041
20260634,16,0.15201245248317719,0.2600569289793821,inner_temporal_within_outer_train_by_video_80_20,0,True,146178,37041
20260634,17,0.1519249884618653,0.2606744534049885,inner_temporal_within_outer_train_by_video_80_20,0,True,146178,37041
20260634,18,0.15187813507186043,0.2609822839128323,inner_temporal_within_outer_train_by_video_80_20,0,True,146178,37041
20260634,19,0.1518053130971061,0.26108716948410904,inner_temporal_within_outer_train_by_video_80_20,0,True,146178,37041
20260634,20,0.1516958566175567,0.26171968987073824,inner_temporal_within_outer_train_by_video_80_20,0,True,146178,37041
20260634,21,0.1515343023671044,0.26125612122653447,inner_temporal_within_outer_train_by_video_80_20,0,True,146178,37041
20260634,22,0.15162378715144265,0.26175625316379025,inner_temporal_within_outer_train_by_video_80_20,0,True,146178,37041
20260634,23,0.15148541414075428,0.26252603210475595,inner_temporal_within_outer_train_by_video_80_20,0,True,146178,37041
20260634,24,0.15137959602806303,0.26210156456417644,inner_temporal_within_outer_train_by_video_80_20,0,True,146178,37041
20260634,25,0.151252923740281,0.26262440020684474,inner_temporal_within_outer_train_by_video_80_20,0,True,146178,37041
20260634,26,0.15132787244187462,0.262298796682892,inner_temporal_within_outer_train_by_video_80_20,0,True,146178,37041
20260634,27,0.15126403503947788,0.26287606200167507,inner_temporal_within_outer_train_by_video_80_20,0,True,146178,37041
20260634,28,0.15121607234080633,0.2619589627813853,inner_temporal_within_outer_train_by_video_80_20,0,True,146178,37041
20260634,29,0.15106824702686733,0.26330138538985076,inner_temporal_within_outer_train_by_video_80_20,0,True,146178,37041
20260634,30,0.15115531616740757,0.26235228285173,inner_temporal_within_outer_train_by_video_80_20,0,True,146178,37041
20260634,31,0.15109654267628989,0.2628271950085401,inner_temporal_within_outer_train_by_video_80_20,0,True,146178,37041
20260634,32,0.15101456890503565,0.26307301735851535,inner_temporal_within_outer_train_by_video_80_20,0,True,146178,37041
20260634,33,0.15090810507535934,0.2627647957412368,inner_temporal_within_outer_train_by_video_80_20,0,True,146178,37041
20260634,34,0.15082018988000023,0.26339057623654005,inner_temporal_within_outer_train_by_video_80_20,0,True,146178,37041
20260634,35,0.150685615837574,0.26335677770156224,inner_temporal_within_outer_train_by_video_80_20,0,True,146178,37041
20260634,36,0.1508196492989858,0.26328207125162667,inner_temporal_within_outer_train_by_video_80_20,0,True,146178,37041
20260634,37,0.15062088436550564,0.2630500095732915,inner_temporal_within_outer_train_by_video_80_20,0,True,146178,37041
20260634,38,0.15066254801220363,0.26401306526353363,inner_temporal_within_outer_train_by_video_80_20,0,True,146178,37041
20260634,39,0.15064837038516998,0.2635317618814324,inner_temporal_within_outer_train_by_video_80_20,0,True,146178,37041
20260634,40,0.15070692780945036,0.26420415224699617,inner_temporal_within_outer_train_by_video_80_20,0,True,146178,37041
20260634,41,0.1505159479048517,0.264174207093001,inner_temporal_within_outer_train_by_video_80_20,0,True,146178,37041
20260634,42,0.1506261709663603,0.26399117731224087,inner_temporal_within_outer_train_by_video_80_20,0,True,146178,37041
20260634,43,0.15053084823820326,0.26463761093748134,inner_temporal_within_outer_train_by_video_80_20,0,True,146178,37041
20260634,44,0.1505511353413264,0.2636461693383953,inner_temporal_within_outer_train_by_video_80_20,0,True,146178,37041
20260634,45,0.1506301470928722,0.26428453169190724,inner_temporal_within_outer_train_by_video_80_20,0,True,146178,37041
20260634,46,0.1504582737882932,0.2642091772665767,inner_temporal_within_outer_train_by_video_80_20,0,True,146178,37041
20260634,47,0.1505376531018151,0.2641334871774227,inner_temporal_within_outer_train_by_video_80_20,0,True,146178,37041
20260634,48,0.1504089335600535,0.2647519241269639,inner_temporal_within_outer_train_by_video_80_20,0,True,146178,37041
20260634,49,0.15042536540163887,0.2644944312903496,inner_temporal_within_outer_train_by_video_80_20,0,True,146178,37041
20260634,50,0.1503135926193661,0.26511885756962633,inner_temporal_within_outer_train_by_video_80_20,0,True,146178,37041
20260634,51,0.1502607903546757,0.2649037876135124,inner_temporal_within_outer_train_by_video_80_20,0,True,146178,37041
20260634,52,0.15032192154063118,0.26421785816833876,inner_temporal_within_outer_train_by_video_80_20,0,True,146178,37041
20260634,53,0.15023437473509046,0.26530958533278043,inner_temporal_within_outer_train_by_video_80_20,0,True,146178,37041
20260634,54,0.1501848954293463,0.2650230765037879,inner_temporal_within_outer_train_by_video_80_20,0,True,146178,37041
20260634,55,0.1501415106985304,0.2644731713091731,inner_temporal_within_outer_train_by_video_80_20,0,True,146178,37041
20260634,56,0.1501885304848353,0.26523123343134697,inner_temporal_within_outer_train_by_video_80_20,0,True,146178,37041
20260634,57,0.15013897170623144,0.26504516160976993,inner_temporal_within_outer_train_by_video_80_20,0,True,146178,37041
20260634,58,0.15010373128785026,0.26545788826948985,inner_temporal_within_outer_train_by_video_80_20,0,True,146178,37041
20260634,59,0.15019316309028202,0.26531871332402823,inner_temporal_within_outer_train_by_video_80_20,0,True,146178,37041
20260634,60,0.15009132193194497,0.2649173983291627,inner_temporal_within_outer_train_by_video_80_20,0,True,146178,37041
20260634,61,0.1500485928522216,0.2648494920174449,inner_temporal_within_outer_train_by_video_80_20,0,True,146178,37041
20260634,62,0.150020199517409,0.26546709260838214,inner_temporal_within_outer_train_by_video_80_20,0,True,146178,37041
20260634,63,0.15001579291290706,0.26521056537887033,inner_temporal_within_outer_train_by_video_80_20,0,True,146178,37041
20260634,64,0.14999151974916458,0.2654798689129039,inner_temporal_within_outer_train_by_video_80_20,0,True,146178,37041
20260634,65,0.14994897031121784,0.2656900358536303,inner_temporal_within_outer_train_by_video_80_20,0,True,146178,37041
20260634,66,0.1500035954846276,0.2655482016245465,inner_temporal_within_outer_train_by_video_80_20,0,True,146178,37041
20260634,67,0.14996985346078873,0.2658361357266582,inner_temporal_within_outer_train_by_video_80_20,0,True,146178,37041
20260634,68,0.14991364710860783,0.2658461424107897,inner_temporal_within_outer_train_by_video_80_20,0,True,146178,37041
20260634,69,0.14989104204707676,0.2659633384863401,inner_temporal_within_outer_train_by_video_80_20,0,True,146178,37041
20260634,70,0.14991305520137152,0.2664185146625525,inner_temporal_within_outer_train_by_video_80_20,0,True,146178,37041
20260634,71,0.14976920187473297,0.2662674572272707,inner_temporal_within_outer_train_by_video_80_20,0,True,146178,37041
20260634,72,0.1498849160141415,0.26594338318073146,inner_temporal_within_outer_train_by_video_80_20,0,True,146178,37041
20260634,73,0.14973919673098457,0.26621484929148137,inner_temporal_within_outer_train_by_video_80_20,0,True,146178,37041
20260634,74,0.14976159400410122,0.26622844064270423,inner_temporal_within_outer_train_by_video_80_20,0,True,146178,37041
20260634,75,0.1497617388765017,0.2659493949737485,inner_temporal_within_outer_train_by_video_80_20,0,True,146178,37041
20260634,76,0.14973134216335085,0.26625077655893364,inner_temporal_within_outer_train_by_video_80_20,0,True,146178,37041
20260634,77,0.1496174873577224,0.2657835179614092,inner_temporal_within_outer_train_by_video_80_20,0,True,146178,37041
20260634,78,0.14971550554037094,0.2666852268966802,inner_temporal_within_outer_train_by_video_80_20,0,True,146178,37041
20260634,79,0.1496047137512101,0.26634473200417325,inner_temporal_within_outer_train_by_video_80_20,0,True,146178,37041
20260634,80,0.14958868506881925,0.2662826486254079,inner_temporal_within_outer_train_by_video_80_20,0,True,146178,37041
