target_name,target_type,architecture,control_type,seed,epoch,train_loss,inner_val_selection_metric,inner_val_delta_vs_frozen_ar,selection_metric_name,alpha,gate_mean,gate_p95,label_policy
future_arousal_max_delta_rows_4_10_train_q90,binary,current_row_mlp_residual,real_residual,20260625,1,0.15783153381198645,0.22203671836670996,-6.417456945287392e-05,inner_val_pr_auc_delta_vs_frozen_ar,0.002149124164134264,0.021934300661087036,0.052300259470939636,true_train_and_true_inner_val_selection
future_arousal_max_delta_rows_4_10_train_q90,binary,current_row_mlp_residual,real_residual,20260625,2,0.1579047553241253,0.2219848130069626,-0.00011607992920023569,inner_val_pr_auc_delta_vs_frozen_ar,0.002170626074075699,0.03226947411894798,0.10053049772977829,true_train_and_true_inner_val_selection
future_arousal_max_delta_rows_4_10_train_q90,binary,current_row_mlp_residual,real_residual,20260625,3,0.15762052219361067,0.2219454513687873,-0.0001554415673755416,inner_val_pr_auc_delta_vs_frozen_ar,0.002214765176177025,0.07109660655260086,0.31473299860954285,true_train_and_true_inner_val_selection
future_arousal_max_delta_rows_4_10_train_q90,binary,current_row_mlp_residual,real_residual,20260625,4,0.15765255317091942,0.2219423175680772,-0.00015857536808563943,inner_val_pr_auc_delta_vs_frozen_ar,0.0022636444773525,0.13820886611938477,0.6971272826194763,true_train_and_true_inner_val_selection
future_arousal_max_delta_rows_4_10_train_q90,binary,current_row_mlp_residual,real_residual,20260625,5,0.15781251713633537,0.2221127342049817,1.1841268818868489e-05,inner_val_pr_auc_delta_vs_frozen_ar,0.002305195201188326,0.16887158155441284,0.8229535818099976,true_train_and_true_inner_val_selection
future_arousal_max_delta_rows_4_10_train_q90,binary,current_row_mlp_residual,real_residual,20260625,6,0.1574423173442483,0.22229454225407455,0.0001936493179117149,inner_val_pr_auc_delta_vs_frozen_ar,0.0023277231957763433,0.1351068913936615,0.6955382227897644,true_train_and_true_inner_val_selection
future_arousal_max_delta_rows_4_10_train_q90,binary,current_row_mlp_residual,real_residual,20260625,7,0.15746436920017004,0.22260301452869163,0.0005021215925287981,inner_val_pr_auc_delta_vs_frozen_ar,0.00236514862626791,0.12667521834373474,0.6620914340019226,true_train_and_true_inner_val_selection
future_arousal_max_delta_rows_4_10_train_q90,binary,current_row_mlp_residual,real_residual,20260625,8,0.1572447819635272,0.22314519108192818,0.0010442981457653433,inner_val_pr_auc_delta_vs_frozen_ar,0.0024036483373492956,0.11662305146455765,0.6188511252403259,true_train_and_true_inner_val_selection
future_arousal_max_delta_rows_4_10_train_q90,binary,current_row_mlp_residual,real_residual,20260625,9,0.15732425265014172,0.22395994616364504,0.0018590532274821991,inner_val_pr_auc_delta_vs_frozen_ar,0.0024442030116915703,0.1170593798160553,0.6243656277656555,true_train_and_true_inner_val_selection
future_arousal_max_delta_rows_4_10_train_q90,binary,current_row_mlp_residual,real_residual,20260625,10,0.157296153716743,0.22486930245768663,0.002768409521523796,inner_val_pr_auc_delta_vs_frozen_ar,0.0024855700321495533,0.11678443104028702,0.6259163618087769,true_train_and_true_inner_val_selection
future_arousal_max_delta_rows_4_10_train_q90,binary,current_row_mlp_residual,real_residual,20260625,11,0.15695214550942183,0.22624721525282585,0.004146322316663009,inner_val_pr_auc_delta_vs_frozen_ar,0.002528185024857521,0.11499079316854477,0.6221505403518677,true_train_and_true_inner_val_selection
future_arousal_max_delta_rows_4_10_train_q90,binary,current_row_mlp_residual,real_residual,20260625,12,0.15676147118210793,0.22752536219076616,0.005424469254603326,inner_val_pr_auc_delta_vs_frozen_ar,0.00256949826143682,0.11154579371213913,0.6093446016311646,true_train_and_true_inner_val_selection
future_arousal_max_delta_rows_4_10_train_q90,binary,current_row_mlp_residual,real_residual,20260625,13,0.15676261764019728,0.22845097537776926,0.006350082441606425,inner_val_pr_auc_delta_vs_frozen_ar,0.002607915550470352,0.10573101788759232,0.5822022557258606,true_train_and_true_inner_val_selection
future_arousal_max_delta_rows_4_10_train_q90,binary,current_row_mlp_residual,real_residual,20260625,14,0.15646581444889307,0.22913033536833233,0.0070294424321694915,inner_val_pr_auc_delta_vs_frozen_ar,0.002643679967150092,0.09908344596624374,0.5458038449287415,true_train_and_true_inner_val_selection
future_arousal_max_delta_rows_4_10_train_q90,binary,current_row_mlp_residual,real_residual,20260625,15,0.15611827094107866,0.2291855501992159,0.0070846572630530735,inner_val_pr_auc_delta_vs_frozen_ar,0.0026750473771244287,0.09116075932979584,0.5001816749572754,true_train_and_true_inner_val_selection
future_arousal_max_delta_rows_4_10_train_q90,binary,current_row_mlp_residual,real_residual,20260625,16,0.1558977384120226,0.2292986933626425,0.007197800426479661,inner_val_pr_auc_delta_vs_frozen_ar,0.0027018238324671984,0.08958502858877182,0.4899331033229828,true_train_and_true_inner_val_selection
future_arousal_max_delta_rows_4_10_train_q90,binary,current_row_mlp_residual,real_residual,20260625,17,0.1561067644506693,0.22930661984142253,0.007205726905259696,inner_val_pr_auc_delta_vs_frozen_ar,0.00272359955124557,0.0857664942741394,0.46506544947624207,true_train_and_true_inner_val_selection
future_arousal_max_delta_rows_4_10_train_q90,binary,current_row_mlp_residual,real_residual,20260625,18,0.1559949368238449,0.2290376032428342,0.0069367103066713676,inner_val_pr_auc_delta_vs_frozen_ar,0.002744827186688781,0.0849987342953682,0.4633558690547943,true_train_and_true_inner_val_selection
future_arousal_max_delta_rows_4_10_train_q90,binary,current_row_mlp_residual,real_residual,20260625,19,0.15560332033783197,0.2287087344878917,0.00660784155172886,inner_val_pr_auc_delta_vs_frozen_ar,0.0027635556180030107,0.08384262025356293,0.45989087224006653,true_train_and_true_inner_val_selection
future_arousal_max_delta_rows_4_10_train_q90,binary,current_row_mlp_residual,real_residual,20260625,20,0.15534359030425549,0.2286134201807786,0.006512527244615762,inner_val_pr_auc_delta_vs_frozen_ar,0.0027813673950731754,0.08466120809316635,0.4661273658275604,true_train_and_true_inner_val_selection
future_arousal_max_delta_rows_4_10_train_q90,binary,current_row_mlp_residual,real_residual,20260625,21,0.15558845177292824,0.22839863601120275,0.006297743075039913,inner_val_pr_auc_delta_vs_frozen_ar,0.002797381952404976,0.08371689915657043,0.46273693442344666,true_train_and_true_inner_val_selection
future_arousal_max_delta_rows_4_10_train_q90,binary,current_row_mlp_residual,real_residual,20260625,22,0.1555056944489479,0.22775238694048616,0.005651494004323326,inner_val_pr_auc_delta_vs_frozen_ar,0.0028131152503192425,0.0840906873345375,0.4686373174190521,true_train_and_true_inner_val_selection
future_arousal_max_delta_rows_4_10_train_q90,binary,current_row_mlp_residual,real_residual,20260625,23,0.15538217686116695,0.2274351156607446,0.005334222724581755,inner_val_pr_auc_delta_vs_frozen_ar,0.0028285228181630373,0.08440016210079193,0.4715263545513153,true_train_and_true_inner_val_selection
future_arousal_max_delta_rows_4_10_train_q90,binary,current_row_mlp_residual,real_residual,20260625,24,0.15540766064077616,0.22666057513764531,0.004559682201482479,inner_val_pr_auc_delta_vs_frozen_ar,0.0028442288748919964,0.08498792350292206,0.4755649268627167,true_train_and_true_inner_val_selection
future_arousal_max_delta_rows_4_10_train_q90,binary,current_row_mlp_residual,real_residual,20260625,25,0.15506745968014002,0.2263264158469313,0.00422552291076847,inner_val_pr_auc_delta_vs_frozen_ar,0.002858995459973812,0.08597541600465775,0.4812055826187134,true_train_and_true_inner_val_selection
future_arousal_max_delta_rows_4_10_train_q90,binary,current_row_mlp_residual,shuffled_pca_residual,20260625,1,0.15774927474558353,0.22202595993413338,-7.493300202945918e-05,inner_val_pr_auc_delta_vs_frozen_ar,0.0021453762892633677,0.02381923794746399,0.06026868522167206,true_train_and_true_inner_val_selection
future_arousal_max_delta_rows_4_10_train_q90,binary,current_row_mlp_residual,shuffled_pca_residual,20260625,2,0.15796230919659138,0.22197935041936523,-0.00012154251679760697,inner_val_pr_auc_delta_vs_frozen_ar,0.002157642040401697,0.035823822021484375,0.1163119450211525,true_train_and_true_inner_val_selection
future_arousal_max_delta_rows_4_10_train_q90,binary,current_row_mlp_residual,shuffled_pca_residual,20260625,3,0.1576479934155941,0.22195349594568609,-0.00014739699047675026,inner_val_pr_auc_delta_vs_frozen_ar,0.0021983101032674313,0.07413706183433533,0.31228476762771606,true_train_and_true_inner_val_selection
future_arousal_max_delta_rows_4_10_train_q90,binary,current_row_mlp_residual,shuffled_pca_residual,20260625,4,0.15780094545334578,0.22192571834169617,-0.0001751745944666705,inner_val_pr_auc_delta_vs_frozen_ar,0.0022465521469712257,0.14341656863689423,0.6660116910934448,true_train_and_true_inner_val_selection
future_arousal_max_delta_rows_4_10_train_q90,binary,current_row_mlp_residual,shuffled_pca_residual,20260625,5,0.15777126513421535,0.22191179776326886,-0.00018909517289397715,inner_val_pr_auc_delta_vs_frozen_ar,0.002288062358275056,0.20908592641353607,0.8807502388954163,true_train_and_true_inner_val_selection
future_arousal_max_delta_rows_4_10_train_q90,binary,current_row_mlp_residual,shuffled_pca_residual,20260625,6,0.15768963657319546,0.22203835442322817,-6.253851293466783e-05,inner_val_pr_auc_delta_vs_frozen_ar,0.002278405474498868,0.23795874416828156,0.931817889213562,true_train_and_true_inner_val_selection
future_arousal_max_delta_rows_4_10_train_q90,binary,current_row_mlp_residual,shuffled_pca_residual,20260625,7,0.15765585098415613,0.222134635523371,3.3742587208174246e-05,inner_val_pr_auc_delta_vs_frozen_ar,0.0022810883820056915,0.26529332995414734,0.9638509154319763,true_train_and_true_inner_val_selection
future_arousal_max_delta_rows_4_10_train_q90,binary,current_row_mlp_residual,shuffled_pca_residual,20260625,8,0.15753335319459438,0.2221181028171925,1.720988102965615e-05,inner_val_pr_auc_delta_vs_frozen_ar,0.0022866185754537582,0.2905288636684418,0.9814261198043823,true_train_and_true_inner_val_selection
future_arousal_max_delta_rows_4_10_train_q90,binary,current_row_mlp_residual,shuffled_pca_residual,20260625,9,0.15792426280677319,0.22207719620575456,-2.3696730408279132e-05,inner_val_pr_auc_delta_vs_frozen_ar,0.002293451689183712,0.31168031692504883,0.9903529286384583,true_train_and_true_inner_val_selection
future_arousal_max_delta_rows_4_10_train_q90,binary,current_row_mlp_residual,shuffled_pca_residual,20260625,10,0.15764472354203463,0.22204673036382475,-5.4162572338090076e-05,inner_val_pr_auc_delta_vs_frozen_ar,0.002306191483512521,0.33013638854026794,0.9949726462364197,true_train_and_true_inner_val_selection
future_arousal_max_delta_rows_4_10_train_q90,binary,current_row_mlp_residual,shuffled_pca_residual,20260625,11,0.15762449335306883,0.22198810281497214,-0.00011279012119069787,inner_val_pr_auc_delta_vs_frozen_ar,0.002321665408089757,0.3451826572418213,0.9972723722457886,true_train_and_true_inner_val_selection
future_arousal_max_delta_rows_4_10_train_q90,binary,current_row_mlp_residual,shuffled_pca_residual,20260625,12,0.15751236584037542,0.22195221959858308,-0.00014867333757975776,inner_val_pr_auc_delta_vs_frozen_ar,0.0023417293559759855,0.35818013548851013,0.9984927177429199,true_train_and_true_inner_val_selection
future_arousal_max_delta_rows_4_10_train_q90,binary,current_row_mlp_residual,shuffled_pca_residual,20260625,13,0.15773331187665462,0.22189172986728845,-0.00020916306887439062,inner_val_pr_auc_delta_vs_frozen_ar,0.0023655681870877743,0.369100958108902,0.9991270303726196,true_train_and_true_inner_val_selection
future_arousal_max_delta_rows_4_10_train_q90,binary,current_row_mlp_residual,shuffled_pca_residual,20260625,14,0.15770861878991127,0.22183281341132716,-0.0002680795248356793,inner_val_pr_auc_delta_vs_frozen_ar,0.0023925055284053087,0.3786451518535614,0.999488353729248,true_train_and_true_inner_val_selection
future_arousal_max_delta_rows_4_10_train_q90,binary,current_row_mlp_residual,shuffled_pca_residual,20260625,15,0.1577148213982582,0.22175130137920795,-0.0003495915569548813,inner_val_pr_auc_delta_vs_frozen_ar,0.0024206871166825294,0.38698315620422363,0.9996883869171143,true_train_and_true_inner_val_selection
future_arousal_max_delta_rows_4_10_train_q90,binary,current_row_mlp_residual,random_pca_residual,20260625,1,0.1575991017743945,0.2219932863920246,-0.00010760654413824455,inner_val_pr_auc_delta_vs_frozen_ar,0.0021458372939378023,0.0241435207426548,0.06243404000997543,true_train_and_true_inner_val_selection
future_arousal_max_delta_rows_4_10_train_q90,binary,current_row_mlp_residual,random_pca_residual,20260625,2,0.1577308513224125,0.2219633632413926,-0.00013752969477023869,inner_val_pr_auc_delta_vs_frozen_ar,0.0021574771963059902,0.035872217267751694,0.11748910695314407,true_train_and_true_inner_val_selection
future_arousal_max_delta_rows_4_10_train_q90,binary,current_row_mlp_residual,random_pca_residual,20260625,3,0.15761023666709661,0.22194909893646775,-0.0001517939996950879,inner_val_pr_auc_delta_vs_frozen_ar,0.002197346417233348,0.07330361008644104,0.3064902424812317,true_train_and_true_inner_val_selection
future_arousal_max_delta_rows_4_10_train_q90,binary,current_row_mlp_residual,random_pca_residual,20260625,4,0.15795626025646925,0.22192381841645714,-0.00017707451970569443,inner_val_pr_auc_delta_vs_frozen_ar,0.002244889736175537,0.14172786474227905,0.6575319170951843,true_train_and_true_inner_val_selection
future_arousal_max_delta_rows_4_10_train_q90,binary,current_row_mlp_residual,random_pca_residual,20260625,5,0.15772285964339972,0.22191793148182576,-0.00018296145433707722,inner_val_pr_auc_delta_vs_frozen_ar,0.002289491007104516,0.20972591638565063,0.8803228735923767,true_train_and_true_inner_val_selection
future_arousal_max_delta_rows_4_10_train_q90,binary,current_row_mlp_residual,random_pca_residual,20260625,6,0.1577447559684515,0.22194105762207417,-0.0001598353140886688,inner_val_pr_auc_delta_vs_frozen_ar,0.0022788243368268013,0.23994086682796478,0.9352493286132812,true_train_and_true_inner_val_selection
future_arousal_max_delta_rows_4_10_train_q90,binary,current_row_mlp_residual,random_pca_residual,20260625,7,0.1577170668169856,0.22212230060303673,2.1407666873890507e-05,inner_val_pr_auc_delta_vs_frozen_ar,0.002279162872582674,0.2657124698162079,0.9644989371299744,true_train_and_true_inner_val_selection
future_arousal_max_delta_rows_4_10_train_q90,binary,current_row_mlp_residual,random_pca_residual,20260625,8,0.15756126586347818,0.22211476131436547,1.3868378202636089e-05,inner_val_pr_auc_delta_vs_frozen_ar,0.0022849661763757467,0.28887057304382324,0.9810956120491028,true_train_and_true_inner_val_selection
future_arousal_max_delta_rows_4_10_train_q90,binary,current_row_mlp_residual,random_pca_residual,20260625,9,0.15760053135454655,0.2221128541797716,1.1961243608776817e-05,inner_val_pr_auc_delta_vs_frozen_ar,0.0022905133664608,0.30903032422065735,0.9898880124092102,true_train_and_true_inner_val_selection
future_arousal_max_delta_rows_4_10_train_q90,binary,current_row_mlp_residual,random_pca_residual,20260625,10,0.15786421112716198,0.222087694577028,-1.3198359134825033e-05,inner_val_pr_auc_delta_vs_frozen_ar,0.002298139501363039,0.3255062699317932,0.9943754076957703,true_train_and_true_inner_val_selection
future_arousal_max_delta_rows_4_10_train_q90,binary,current_row_mlp_residual,random_pca_residual,20260625,11,0.1577010666951537,0.2220847805049843,-1.6112431178522124e-05,inner_val_pr_auc_delta_vs_frozen_ar,0.0023094729986041784,0.33977729082107544,0.9968046545982361,true_train_and_true_inner_val_selection
future_arousal_max_delta_rows_4_10_train_q90,binary,current_row_mlp_residual,random_pca_residual,20260625,12,0.15771968942135572,0.22205726269076775,-4.363024539508209e-05,inner_val_pr_auc_delta_vs_frozen_ar,0.002320318017154932,0.35198208689689636,0.9981217980384827,true_train_and_true_inner_val_selection
future_arousal_max_delta_rows_4_10_train_q90,binary,current_row_mlp_residual,random_pca_residual,20260625,13,0.15778724569827318,0.22204696940211413,-5.3923534048705424e-05,inner_val_pr_auc_delta_vs_frozen_ar,0.002335531869903207,0.3625546991825104,0.9988609552383423,true_train_and_true_inner_val_selection
future_arousal_max_delta_rows_4_10_train_q90,binary,current_row_mlp_residual,random_pca_residual,20260625,14,0.15765923634171486,0.22203613173954562,-6.476119661721902e-05,inner_val_pr_auc_delta_vs_frozen_ar,0.0023527939338237047,0.37185847759246826,0.9992998242378235,true_train_and_true_inner_val_selection
future_arousal_max_delta_rows_4_10_train_q90,binary,current_row_mlp_residual,random_pca_residual,20260625,15,0.15776255913078785,0.22198203133132122,-0.00011886160484161912,inner_val_pr_auc_delta_vs_frozen_ar,0.002372750546783209,0.3800816535949707,0.9995626211166382,true_train_and_true_inner_val_selection
future_arousal_max_delta_rows_4_10_train_q90,binary,current_row_mlp_residual,label_permutation_residual,20260625,1,0.1841656807810068,0.09887504548387602,-1.5700889421127462e-05,inner_val_pr_auc_delta_vs_frozen_ar,0.0021470484789460897,0.021735966205596924,0.05140744894742966,permuted_train_and_permuted_inner_val_selection
future_arousal_max_delta_rows_4_10_train_q90,binary,current_row_mlp_residual,label_permutation_residual,20260625,2,0.18443907424807549,0.0988777066900529,-1.3039683244245315e-05,inner_val_pr_auc_delta_vs_frozen_ar,0.0021587335504591465,0.03121294267475605,0.09553439915180206,permuted_train_and_permuted_inner_val_selection
future_arousal_max_delta_rows_4_10_train_q90,binary,current_row_mlp_residual,label_permutation_residual,20260625,3,0.18401291593909264,0.09887714727154447,-1.3599101752678755e-05,inner_val_pr_auc_delta_vs_frozen_ar,0.002199461916461587,0.06580095738172531,0.2738942503929138,permuted_train_and_permuted_inner_val_selection
future_arousal_max_delta_rows_4_10_train_q90,binary,current_row_mlp_residual,label_permutation_residual,20260625,4,0.18432985618710518,0.09887054434481105,-2.020202848609931e-05,inner_val_pr_auc_delta_vs_frozen_ar,0.0022483335342258215,0.13226109743118286,0.6526319980621338,permuted_train_and_permuted_inner_val_selection
future_arousal_max_delta_rows_4_10_train_q90,binary,current_row_mlp_residual,label_permutation_residual,20260625,5,0.18433192558586597,0.09887344508494077,-1.7301288356377786e-05,inner_val_pr_auc_delta_vs_frozen_ar,0.0022869266103953123,0.19821494817733765,0.8848841786384583,permuted_train_and_permuted_inner_val_selection
future_arousal_max_delta_rows_4_10_train_q90,binary,current_row_mlp_residual,label_permutation_residual,20260625,6,0.18430248089134693,0.0988755446352122,-1.5201738084946737e-05,inner_val_pr_auc_delta_vs_frozen_ar,0.0022743556182831526,0.23679758608341217,0.947222113609314,permuted_train_and_permuted_inner_val_selection
future_arousal_max_delta_rows_4_10_train_q90,binary,current_row_mlp_residual,label_permutation_residual,20260625,7,0.1842324687168002,0.09887553654485876,-1.5209828438389472e-05,inner_val_pr_auc_delta_vs_frozen_ar,0.002282525645568967,0.2658989131450653,0.9744767546653748,permuted_train_and_permuted_inner_val_selection
future_arousal_max_delta_rows_4_10_train_q90,binary,current_row_mlp_residual,label_permutation_residual,20260625,8,0.1842318456619978,0.09887269794615153,-1.8048427145617163e-05,inner_val_pr_auc_delta_vs_frozen_ar,0.0022865848150104284,0.28565090894699097,0.9857214093208313,permuted_train_and_permuted_inner_val_selection
future_arousal_max_delta_rows_4_10_train_q90,binary,current_row_mlp_residual,train_only_video_mean_residual,20260625,1,0.1578979231417179,0.22206122617889246,-3.966675727037905e-05,inner_val_pr_auc_delta_vs_frozen_ar,0.0021526028867810965,0.026166127994656563,0.07430658489465714,true_train_and_true_inner_val_selection
future_arousal_max_delta_rows_4_10_train_q90,binary,current_row_mlp_residual,train_only_video_mean_residual,20260625,2,0.1577092194929719,0.22197763511206656,-0.00012325782409627895,inner_val_pr_auc_delta_vs_frozen_ar,0.0021844743750989437,0.05471251904964447,0.24236290156841278,true_train_and_true_inner_val_selection
future_arousal_max_delta_rows_4_10_train_q90,binary,current_row_mlp_residual,train_only_video_mean_residual,20260625,3,0.1576662864536047,0.22193385484296613,-0.0001670380931967086,inner_val_pr_auc_delta_vs_frozen_ar,0.002230611862614751,0.12514153122901917,0.6944665908813477,true_train_and_true_inner_val_selection
future_arousal_max_delta_rows_4_10_train_q90,binary,current_row_mlp_residual,train_only_video_mean_residual,20260625,4,0.15772936213761568,0.22208167985331834,-1.9213082844499185e-05,inner_val_pr_auc_delta_vs_frozen_ar,0.0022775460965931416,0.18952573835849762,0.9009116291999817,true_train_and_true_inner_val_selection
future_arousal_max_delta_rows_4_10_train_q90,binary,current_row_mlp_residual,train_only_video_mean_residual,20260625,5,0.15740534104406834,0.22231024532263696,0.00020935238647412646,inner_val_pr_auc_delta_vs_frozen_ar,0.0023058673832565546,0.1707199215888977,0.8530596494674683,true_train_and_true_inner_val_selection
future_arousal_max_delta_rows_4_10_train_q90,binary,current_row_mlp_residual,train_only_video_mean_residual,20260625,6,0.15766868833452463,0.2225281968228697,0.0004273038867068646,inner_val_pr_auc_delta_vs_frozen_ar,0.002337830141186714,0.15967123210430145,0.8364453911781311,true_train_and_true_inner_val_selection
future_arousal_max_delta_rows_4_10_train_q90,binary,current_row_mlp_residual,train_only_video_mean_residual,20260625,7,0.1576568130403757,0.2229868146173427,0.0008859216811798742,inner_val_pr_auc_delta_vs_frozen_ar,0.0023761133197695017,0.15130870044231415,0.8258691430091858,true_train_and_true_inner_val_selection
future_arousal_max_delta_rows_4_10_train_q90,binary,current_row_mlp_residual,train_only_video_mean_residual,20260625,8,0.1573854275047779,0.22320485469647278,0.0011039617603099405,inner_val_pr_auc_delta_vs_frozen_ar,0.0024163287598639727,0.14766442775726318,0.8288333415985107,true_train_and_true_inner_val_selection
future_arousal_max_delta_rows_4_10_train_q90,binary,current_row_mlp_residual,train_only_video_mean_residual,20260625,9,0.15724470000714064,0.22361855039888634,0.001517657462723504,inner_val_pr_auc_delta_vs_frozen_ar,0.002458701143041253,0.14870160818099976,0.8394879102706909,true_train_and_true_inner_val_selection
future_arousal_max_delta_rows_4_10_train_q90,binary,current_row_mlp_residual,train_only_video_mean_residual,20260625,10,0.1571164419874549,0.22412883791086996,0.0020279449747071243,inner_val_pr_auc_delta_vs_frozen_ar,0.002500727539882064,0.14719244837760925,0.8427721261978149,true_train_and_true_inner_val_selection
future_arousal_max_delta_rows_4_10_train_q90,binary,current_row_mlp_residual,train_only_video_mean_residual,20260625,11,0.1568543892353773,0.22397628912910872,0.0018753961929458829,inner_val_pr_auc_delta_vs_frozen_ar,0.002539487788453698,0.14079606533050537,0.8304032683372498,true_train_and_true_inner_val_selection
future_arousal_max_delta_rows_4_10_train_q90,binary,current_row_mlp_residual,train_only_video_mean_residual,20260625,12,0.15663182642310858,0.2234584126740013,0.0013575197378384585,inner_val_pr_auc_delta_vs_frozen_ar,0.0025747092440724373,0.13584855198860168,0.8190421462059021,true_train_and_true_inner_val_selection
future_arousal_max_delta_rows_4_10_train_q90,binary,current_row_mlp_residual,train_only_video_mean_residual,20260625,13,0.15639862418174744,0.2228811019120291,0.0007802089758662534,inner_val_pr_auc_delta_vs_frozen_ar,0.00260435463860631,0.13719992339611053,0.8216072916984558,true_train_and_true_inner_val_selection
future_arousal_max_delta_rows_4_10_train_q90,binary,current_row_mlp_residual,train_only_video_mean_residual,20260625,14,0.15633645188063383,0.22249488077524163,0.000393987839078791,inner_val_pr_auc_delta_vs_frozen_ar,0.002628911519423127,0.13518212735652924,0.8160390257835388,true_train_and_true_inner_val_selection
future_arousal_max_delta_rows_4_10_train_q90,binary,current_row_mlp_residual,train_only_video_mean_residual,20260625,15,0.15629906300455332,0.2215729269259599,-0.0005279660102029404,inner_val_pr_auc_delta_vs_frozen_ar,0.0026544732972979546,0.13715581595897675,0.827269434928894,true_train_and_true_inner_val_selection
future_arousal_max_delta_rows_4_10_train_q90,binary,current_row_mlp_residual,train_only_video_mean_residual,20260625,16,0.15593392215669155,0.22133458698169797,-0.0007663059544648632,inner_val_pr_auc_delta_vs_frozen_ar,0.0026750112883746624,0.13806037604808807,0.8397716879844666,true_train_and_true_inner_val_selection
future_arousal_max_delta_rows_4_10_train_q90,binary,current_row_mlp_residual,train_only_video_mean_residual,20260625,17,0.15577437821775675,0.22114356099526067,-0.0009573319409021674,inner_val_pr_auc_delta_vs_frozen_ar,0.002695506438612938,0.14039716124534607,0.853934109210968,true_train_and_true_inner_val_selection
future_arousal_max_delta_rows_4_10_train_q90,binary,current_row_mlp_residual,train_only_video_mean_residual,20260625,18,0.15574500989168882,0.22047583542187454,-0.0016250575142882917,inner_val_pr_auc_delta_vs_frozen_ar,0.002715748269110918,0.14273150265216827,0.8646326065063477,true_train_and_true_inner_val_selection
future_arousal_max_delta_rows_4_10_train_q90,binary,current_row_mlp_residual,diagnostics_only_residual,20260625,1,0.15770032536238432,0.2221020339680581,1.1410318952742582e-06,inner_val_pr_auc_delta_vs_frozen_ar,0.002150691580027342,0.01993328146636486,0.048439379781484604,true_train_and_true_inner_val_selection
future_arousal_max_delta_rows_4_10_train_q90,binary,current_row_mlp_residual,diagnostics_only_residual,20260625,2,0.15769404359161854,0.22213104016596577,3.0147229802934827e-05,inner_val_pr_auc_delta_vs_frozen_ar,0.0021844166330993176,0.04159897193312645,0.1889873743057251,true_train_and_true_inner_val_selection
future_arousal_max_delta_rows_4_10_train_q90,binary,current_row_mlp_residual,diagnostics_only_residual,20260625,3,0.15791405458003283,0.2221362116321494,3.531869598655257e-05,inner_val_pr_auc_delta_vs_frozen_ar,0.0022318633273243904,0.10500245541334152,0.5813233256340027,true_train_and_true_inner_val_selection
future_arousal_max_delta_rows_4_10_train_q90,binary,current_row_mlp_residual,diagnostics_only_residual,20260625,4,0.15768869128078222,0.22216796351906476,6.707058290192358e-05,inner_val_pr_auc_delta_vs_frozen_ar,0.0022787502966821194,0.17151309549808502,0.8782423138618469,true_train_and_true_inner_val_selection
future_arousal_max_delta_rows_4_10_train_q90,binary,current_row_mlp_residual,diagnostics_only_residual,20260625,5,0.1577849155291915,0.22216329943310853,6.240649694569389e-05,inner_val_pr_auc_delta_vs_frozen_ar,0.002280940767377615,0.19049261510372162,0.9253280162811279,true_train_and_true_inner_val_selection
future_arousal_max_delta_rows_4_10_train_q90,binary,current_row_mlp_residual,diagnostics_only_residual,20260625,6,0.15767604671418667,0.22217271816595954,7.182522979670702e-05,inner_val_pr_auc_delta_vs_frozen_ar,0.0022831030655652285,0.20089195668697357,0.944019615650177,true_train_and_true_inner_val_selection
future_arousal_max_delta_rows_4_10_train_q90,binary,current_row_mlp_residual,diagnostics_only_residual,20260625,7,0.157357526011765,0.2222293624588323,0.00012846952266945544,inner_val_pr_auc_delta_vs_frozen_ar,0.0022975148167461157,0.2113732248544693,0.9600502252578735,true_train_and_true_inner_val_selection
future_arousal_max_delta_rows_4_10_train_q90,binary,current_row_mlp_residual,diagnostics_only_residual,20260625,8,0.1575337778776884,0.22227135112000482,0.00017045818384198164,inner_val_pr_auc_delta_vs_frozen_ar,0.0023112681228667498,0.21971552073955536,0.9702487587928772,true_train_and_true_inner_val_selection
future_arousal_max_delta_rows_4_10_train_q90,binary,current_row_mlp_residual,diagnostics_only_residual,20260625,9,0.1575872516259551,0.22231560501035397,0.00021471207419113125,inner_val_pr_auc_delta_vs_frozen_ar,0.002328396774828434,0.22716327011585236,0.9775124788284302,true_train_and_true_inner_val_selection
future_arousal_max_delta_rows_4_10_train_q90,binary,current_row_mlp_residual,diagnostics_only_residual,20260625,10,0.15751793421804905,0.22237336797596013,0.0002724750397972986,inner_val_pr_auc_delta_vs_frozen_ar,0.0023485764395445585,0.234445258975029,0.9834334850311279,true_train_and_true_inner_val_selection
future_arousal_max_delta_rows_4_10_train_q90,binary,current_row_mlp_residual,diagnostics_only_residual,20260625,11,0.15745090041309595,0.22228113558009688,0.0001802426439340421,inner_val_pr_auc_delta_vs_frozen_ar,0.002365635707974434,0.23919172585010529,0.9864930510520935,true_train_and_true_inner_val_selection
future_arousal_max_delta_rows_4_10_train_q90,binary,current_row_mlp_residual,diagnostics_only_residual,20260625,12,0.1575364414602518,0.22227682514705485,0.00017593221089201583,inner_val_pr_auc_delta_vs_frozen_ar,0.0023810951970517635,0.24393481016159058,0.9891042709350586,true_train_and_true_inner_val_selection
future_arousal_max_delta_rows_4_10_train_q90,binary,current_row_mlp_residual,diagnostics_only_residual,20260625,13,0.15746943559497595,0.2221927344801117,9.184154394886734e-05,inner_val_pr_auc_delta_vs_frozen_ar,0.0023952352348715067,0.24798399209976196,0.9909771084785461,true_train_and_true_inner_val_selection
future_arousal_max_delta_rows_4_10_train_q90,binary,current_row_mlp_residual,diagnostics_only_residual,20260625,14,0.15733324084430933,0.2220686376810344,-3.2255255128427196e-05,inner_val_pr_auc_delta_vs_frozen_ar,0.0024049358908087015,0.25166797637939453,0.9924535751342773,true_train_and_true_inner_val_selection
future_arousal_max_delta_rows_4_10_train_q90,binary,current_row_mlp_residual,diagnostics_only_residual,20260625,15,0.15762773156166077,0.22221851328077669,0.00011762034461385018,inner_val_pr_auc_delta_vs_frozen_ar,0.0024091035593301058,0.2539528012275696,0.9931448698043823,true_train_and_true_inner_val_selection
future_arousal_max_delta_rows_4_10_train_q90,binary,current_row_mlp_residual,diagnostics_only_residual,20260625,16,0.15761460550129414,0.22228964135793916,0.00018874842177632467,inner_val_pr_auc_delta_vs_frozen_ar,0.002415749244391918,0.2572617828845978,0.9942007660865784,true_train_and_true_inner_val_selection
future_arousal_max_delta_rows_4_10_train_q90,binary,current_row_mlp_residual,diagnostics_only_residual,20260625,17,0.1574317365884781,0.2223730143720242,0.00027212143586136106,inner_val_pr_auc_delta_vs_frozen_ar,0.0024225793313235044,0.261001318693161,0.9952423572540283,true_train_and_true_inner_val_selection
future_arousal_max_delta_rows_4_10_train_q90,binary,current_row_mlp_residual,diagnostics_only_residual,20260625,18,0.15747442934662104,0.2224424873017279,0.00034159436556505107,inner_val_pr_auc_delta_vs_frozen_ar,0.0024293935857713223,0.2648746371269226,0.9961411356925964,true_train_and_true_inner_val_selection
future_arousal_max_delta_rows_4_10_train_q90,binary,current_row_mlp_residual,diagnostics_only_residual,20260625,19,0.1573282005265355,0.22239319833295454,0.0002923053967917033,inner_val_pr_auc_delta_vs_frozen_ar,0.0024388146121054888,0.2682406008243561,0.9967835545539856,true_train_and_true_inner_val_selection
future_arousal_max_delta_rows_4_10_train_q90,binary,current_row_mlp_residual,diagnostics_only_residual,20260625,20,0.15756005514413118,0.2224228829202709,0.00032198998410806756,inner_val_pr_auc_delta_vs_frozen_ar,0.002447535051032901,0.2718750238418579,0.9973894953727722,true_train_and_true_inner_val_selection
future_arousal_max_delta_rows_4_10_train_q90,binary,current_row_mlp_residual,diagnostics_only_residual,20260625,21,0.1572623224928975,0.2224420055512641,0.00034111261510125224,inner_val_pr_auc_delta_vs_frozen_ar,0.002456537215039134,0.27550768852233887,0.9978903532028198,true_train_and_true_inner_val_selection
future_arousal_max_delta_rows_4_10_train_q90,binary,current_row_mlp_residual,diagnostics_only_residual,20260625,22,0.1574383769184351,0.22250249036944886,0.0004015974332860217,inner_val_pr_auc_delta_vs_frozen_ar,0.0024650488048791885,0.278923898935318,0.9982845783233643,true_train_and_true_inner_val_selection
future_arousal_max_delta_rows_4_10_train_q90,binary,current_row_mlp_residual,diagnostics_only_residual,20260625,23,0.15728377178311348,0.2225309211461235,0.00043002820996065894,inner_val_pr_auc_delta_vs_frozen_ar,0.0024745792616158724,0.28244760632514954,0.9986159801483154,true_train_and_true_inner_val_selection
future_arousal_max_delta_rows_4_10_train_q90,binary,current_row_mlp_residual,diagnostics_only_residual,20260625,24,0.15741319302469492,0.22266251144020105,0.0005616185040382138,inner_val_pr_auc_delta_vs_frozen_ar,0.002482798183336854,0.2856341004371643,0.9988529682159424,true_train_and_true_inner_val_selection
future_arousal_max_delta_rows_4_10_train_q90,binary,current_row_mlp_residual,diagnostics_only_residual,20260625,25,0.15730156935751438,0.22270901475319826,0.0006081218170354286,inner_val_pr_auc_delta_vs_frozen_ar,0.0024903176818042994,0.2890666425228119,0.9990656971931458,true_train_and_true_inner_val_selection
future_arousal_max_delta_rows_4_10_train_q90,binary,current_row_mlp_residual,diagnostics_only_residual,20260625,26,0.1572306975722313,0.22272064858848137,0.0006197556523185321,inner_val_pr_auc_delta_vs_frozen_ar,0.0025003619957715273,0.29247021675109863,0.9992519617080688,true_train_and_true_inner_val_selection
future_arousal_max_delta_rows_4_10_train_q90,binary,current_row_mlp_residual,diagnostics_only_residual,20260625,27,0.15733258612453938,0.22285314007244297,0.0007522471362801375,inner_val_pr_auc_delta_vs_frozen_ar,0.0025085618253797293,0.2957552373409271,0.9993883371353149,true_train_and_true_inner_val_selection
future_arousal_max_delta_rows_4_10_train_q90,binary,current_row_mlp_residual,diagnostics_only_residual,20260625,28,0.1574230780825019,0.22290135456891488,0.0008004616327520475,inner_val_pr_auc_delta_vs_frozen_ar,0.0025174475740641356,0.2994271218776703,0.9995165467262268,true_train_and_true_inner_val_selection
future_arousal_max_delta_rows_4_10_train_q90,binary,current_row_mlp_residual,diagnostics_only_residual,20260625,29,0.15739037562161684,0.22289445190336696,0.0007935589672041221,inner_val_pr_auc_delta_vs_frozen_ar,0.0025268036406487226,0.3030349910259247,0.9996187686920166,true_train_and_true_inner_val_selection
future_arousal_max_delta_rows_4_10_train_q90,binary,current_row_mlp_residual,diagnostics_only_residual,20260625,30,0.15727116167545319,0.22299142892986484,0.0008905359937020074,inner_val_pr_auc_delta_vs_frozen_ar,0.0025349438656121492,0.30601468682289124,0.9996810555458069,true_train_and_true_inner_val_selection
future_arousal_max_delta_rows_4_10_train_q90,binary,current_row_mlp_residual,diagnostics_only_residual,20260625,31,0.15727786906063557,0.22302738524195403,0.0009264923057911989,inner_val_pr_auc_delta_vs_frozen_ar,0.0025445118080824614,0.30954933166503906,0.9997463226318359,true_train_and_true_inner_val_selection
future_arousal_max_delta_rows_4_10_train_q90,binary,current_row_mlp_residual,diagnostics_only_residual,20260625,32,0.15748844295740128,0.2231031391198003,0.0010022461836374508,inner_val_pr_auc_delta_vs_frozen_ar,0.0025529679842293262,0.31266236305236816,0.9997928142547607,true_train_and_true_inner_val_selection
future_arousal_max_delta_rows_4_10_train_q90,binary,current_row_mlp_residual,diagnostics_only_residual,20260625,33,0.15747860074043274,0.22319615789029199,0.0010952649541291493,inner_val_pr_auc_delta_vs_frozen_ar,0.0025625284761190414,0.3159955143928528,0.9998314380645752,true_train_and_true_inner_val_selection
future_arousal_max_delta_rows_4_10_train_q90,binary,current_row_mlp_residual,diagnostics_only_residual,20260625,34,0.15707710199058056,0.22324738300516914,0.0011464900690063007,inner_val_pr_auc_delta_vs_frozen_ar,0.002570529468357563,0.31917864084243774,0.9998618960380554,true_train_and_true_inner_val_selection
future_arousal_max_delta_rows_4_10_train_q90,binary,current_row_mlp_residual,diagnostics_only_residual,20260625,35,0.15715323109179735,0.22332396140279973,0.0012230684666368896,inner_val_pr_auc_delta_vs_frozen_ar,0.0025789791252464056,0.3222765326499939,0.9998862147331238,true_train_and_true_inner_val_selection
future_arousal_max_delta_rows_4_10_train_q90,binary,current_row_mlp_residual,diagnostics_only_residual,20260625,36,0.15727637335658073,0.2233909854500988,0.0012900925139359698,inner_val_pr_auc_delta_vs_frozen_ar,0.0025868131779134274,0.32529112696647644,0.9999068379402161,true_train_and_true_inner_val_selection
future_arousal_max_delta_rows_4_10_train_q90,binary,current_row_mlp_residual,diagnostics_only_residual,20260625,37,0.15765633806586266,0.22346063458685222,0.001359741650689389,inner_val_pr_auc_delta_vs_frozen_ar,0.0025966621469706297,0.3283941447734833,0.9999239444732666,true_train_and_true_inner_val_selection
future_arousal_max_delta_rows_4_10_train_q90,binary,current_row_mlp_residual,diagnostics_only_residual,20260625,38,0.15716411266475916,0.223410604143772,0.001309711207609171,inner_val_pr_auc_delta_vs_frozen_ar,0.0026070233434438705,0.331551194190979,0.9999382495880127,true_train_and_true_inner_val_selection
future_arousal_max_delta_rows_4_10_train_q90,binary,current_row_mlp_residual,diagnostics_only_residual,20260625,39,0.15708372462540865,0.22355537121646177,0.001454478280298932,inner_val_pr_auc_delta_vs_frozen_ar,0.0026144064031541348,0.3344539701938629,0.9999489188194275,true_train_and_true_inner_val_selection
future_arousal_max_delta_rows_4_10_train_q90,binary,current_row_mlp_residual,diagnostics_only_residual,20260625,40,0.15741922054439783,0.2235737919962924,0.0014728990601295677,inner_val_pr_auc_delta_vs_frozen_ar,0.002624131040647626,0.3373081386089325,0.9999576807022095,true_train_and_true_inner_val_selection
future_arousal_max_delta_rows_4_10_train_q90,binary,current_row_mlp_residual,real_residual,20260626,1,0.15613832511007786,0.2282099201390087,-3.97920865101431e-05,inner_val_pr_auc_delta_vs_frozen_ar,0.002170970430597663,0.02352094277739525,0.055488746613264084,true_train_and_true_inner_val_selection
future_arousal_max_delta_rows_4_10_train_q90,binary,current_row_mlp_residual,real_residual,20260626,2,0.15631634648889303,0.22819843669119955,-5.127553431930054e-05,inner_val_pr_auc_delta_vs_frozen_ar,0.0022028288803994656,0.030986342579126358,0.09316372126340866,true_train_and_true_inner_val_selection
future_arousal_max_delta_rows_4_10_train_q90,binary,current_row_mlp_residual,real_residual,20260626,3,0.15615868847817183,0.22813607590876483,-0.0001136363167540122,inner_val_pr_auc_delta_vs_frozen_ar,0.0022463102359324694,0.061361994594335556,0.2515975832939148,true_train_and_true_inner_val_selection
future_arousal_max_delta_rows_4_10_train_q90,binary,current_row_mlp_residual,real_residual,20260626,4,0.15610909275710583,0.22816846859850184,-8.12436270170025e-05,inner_val_pr_auc_delta_vs_frozen_ar,0.002295014914125204,0.12577302753925323,0.6173151135444641,true_train_and_true_inner_val_selection
future_arousal_max_delta_rows_4_10_train_q90,binary,current_row_mlp_residual,real_residual,20260626,5,0.15626502223312855,0.2283014644334325,5.1752207913646764e-05,inner_val_pr_auc_delta_vs_frozen_ar,0.0023423023521900177,0.18966461718082428,0.861821711063385,true_train_and_true_inner_val_selection
future_arousal_max_delta_rows_4_10_train_q90,binary,current_row_mlp_residual,real_residual,20260626,6,0.15600286610424519,0.2285027551966785,0.00025304297115966157,inner_val_pr_auc_delta_vs_frozen_ar,0.002360220532864332,0.19536709785461426,0.8757690191268921,true_train_and_true_inner_val_selection
future_arousal_max_delta_rows_4_10_train_q90,binary,current_row_mlp_residual,real_residual,20260626,7,0.1559118526056409,0.2287782318460772,0.0005285196205583598,inner_val_pr_auc_delta_vs_frozen_ar,0.0023936377838253975,0.19567033648490906,0.8814115524291992,true_train_and_true_inner_val_selection
future_arousal_max_delta_rows_4_10_train_q90,binary,current_row_mlp_residual,real_residual,20260626,8,0.15590536128729582,0.2291195829381983,0.0008698707126794658,inner_val_pr_auc_delta_vs_frozen_ar,0.002435333328321576,0.20225444436073303,0.8991457223892212,true_train_and_true_inner_val_selection
future_arousal_max_delta_rows_4_10_train_q90,binary,current_row_mlp_residual,real_residual,20260626,9,0.15579291060566902,0.22946423564392138,0.00121452341840253,inner_val_pr_auc_delta_vs_frozen_ar,0.0024749457370489836,0.21719512343406677,0.9264277815818787,true_train_and_true_inner_val_selection
future_arousal_max_delta_rows_4_10_train_q90,binary,current_row_mlp_residual,real_residual,20260626,10,0.1560455122962594,0.23009154334624668,0.0018418311207278326,inner_val_pr_auc_delta_vs_frozen_ar,0.0025156366173177958,0.23629385232925415,0.952606737613678,true_train_and_true_inner_val_selection
future_arousal_max_delta_rows_4_10_train_q90,binary,current_row_mlp_residual,real_residual,20260626,11,0.1555850924924016,0.2309061062941896,0.002656394068670742,inner_val_pr_auc_delta_vs_frozen_ar,0.002555661369115114,0.25913989543914795,0.9723218679428101,true_train_and_true_inner_val_selection
future_arousal_max_delta_rows_4_10_train_q90,binary,current_row_mlp_residual,real_residual,20260626,12,0.15530543960630894,0.2318256771677509,0.003575964942232057,inner_val_pr_auc_delta_vs_frozen_ar,0.0025952246505767107,0.27849718928337097,0.9839186668395996,true_train_and_true_inner_val_selection
future_arousal_max_delta_rows_4_10_train_q90,binary,current_row_mlp_residual,real_residual,20260626,13,0.15510208159685135,0.2328181545025094,0.0045684422769905475,inner_val_pr_auc_delta_vs_frozen_ar,0.002635589335113764,0.29120591282844543,0.9890126585960388,true_train_and_true_inner_val_selection
future_arousal_max_delta_rows_4_10_train_q90,binary,current_row_mlp_residual,real_residual,20260626,14,0.15508224163204432,0.23402895439496246,0.005779242169443616,inner_val_pr_auc_delta_vs_frozen_ar,0.002677281852811575,0.30548688769340515,0.9930545091629028,true_train_and_true_inner_val_selection
future_arousal_max_delta_rows_4_10_train_q90,binary,current_row_mlp_residual,real_residual,20260626,15,0.15493750292807817,0.23490157659598196,0.006651864370463112,inner_val_pr_auc_delta_vs_frozen_ar,0.0027175715658813715,0.31712397933006287,0.995604932308197,true_train_and_true_inner_val_selection
future_arousal_max_delta_rows_4_10_train_q90,binary,current_row_mlp_residual,real_residual,20260626,16,0.15446326788514853,0.2357174761663861,0.007467763940867261,inner_val_pr_auc_delta_vs_frozen_ar,0.0027578065637499094,0.3292582631111145,0.9973407983779907,true_train_and_true_inner_val_selection
future_arousal_max_delta_rows_4_10_train_q90,binary,current_row_mlp_residual,real_residual,20260626,17,0.1544870799407363,0.2362625482030603,0.00801283597754146,inner_val_pr_auc_delta_vs_frozen_ar,0.002796817570924759,0.3373275697231293,0.9981734156608582,true_train_and_true_inner_val_selection
future_arousal_max_delta_rows_4_10_train_q90,binary,current_row_mlp_residual,real_residual,20260626,18,0.1542049990966916,0.23643077124567788,0.008181059020159032,inner_val_pr_auc_delta_vs_frozen_ar,0.0028335123788565397,0.34246179461479187,0.9986128211021423,true_train_and_true_inner_val_selection
future_arousal_max_delta_rows_4_10_train_q90,binary,current_row_mlp_residual,real_residual,20260626,19,0.15381896309554577,0.23645704790682925,0.008207335681310407,inner_val_pr_auc_delta_vs_frozen_ar,0.002867999253794551,0.34589576721191406,0.9988889694213867,true_train_and_true_inner_val_selection
future_arousal_max_delta_rows_4_10_train_q90,binary,current_row_mlp_residual,real_residual,20260626,20,0.15354784112423658,0.23622971448152646,0.007980002256007618,inner_val_pr_auc_delta_vs_frozen_ar,0.002900250256061554,0.3482246696949005,0.9990447759628296,true_train_and_true_inner_val_selection
future_arousal_max_delta_rows_4_10_train_q90,binary,current_row_mlp_residual,real_residual,20260626,21,0.15341710299253464,0.2358900930955931,0.007640380870074265,inner_val_pr_auc_delta_vs_frozen_ar,0.002931930823251605,0.3502544164657593,0.9991611242294312,true_train_and_true_inner_val_selection
future_arousal_max_delta_rows_4_10_train_q90,binary,current_row_mlp_residual,real_residual,20260626,22,0.15309389773756266,0.23577810703194396,0.007528394806425115,inner_val_pr_auc_delta_vs_frozen_ar,0.0029610481578856707,0.35063573718070984,0.9992122054100037,true_train_and_true_inner_val_selection
future_arousal_max_delta_rows_4_10_train_q90,binary,current_row_mlp_residual,real_residual,20260626,23,0.15312368422746658,0.23493868469367318,0.006688972468154336,inner_val_pr_auc_delta_vs_frozen_ar,0.0029877040069550276,0.34988951683044434,0.9992122054100037,true_train_and_true_inner_val_selection
future_arousal_max_delta_rows_4_10_train_q90,binary,current_row_mlp_residual,real_residual,20260626,24,0.1528176749125123,0.2343431280370231,0.006093415811504244,inner_val_pr_auc_delta_vs_frozen_ar,0.0030142860487103462,0.35084810853004456,0.9992745518684387,true_train_and_true_inner_val_selection
future_arousal_max_delta_rows_4_10_train_q90,binary,current_row_mlp_residual,real_residual,20260626,25,0.15230243932455778,0.23346310876590545,0.005213396540386606,inner_val_pr_auc_delta_vs_frozen_ar,0.003038005670532584,0.3499549627304077,0.9992470145225525,true_train_and_true_inner_val_selection
future_arousal_max_delta_rows_4_10_train_q90,binary,current_row_mlp_residual,real_residual,20260626,26,0.15244576707482338,0.23294064098145492,0.004690928755936075,inner_val_pr_auc_delta_vs_frozen_ar,0.0030604349449276924,0.34962034225463867,0.9992535710334778,true_train_and_true_inner_val_selection
future_arousal_max_delta_rows_4_10_train_q90,binary,current_row_mlp_residual,real_residual,20260626,27,0.15227705147117376,0.23196183668425596,0.003712124458737115,inner_val_pr_auc_delta_vs_frozen_ar,0.003081792965531349,0.3499336540699005,0.9992818832397461,true_train_and_true_inner_val_selection
future_arousal_max_delta_rows_4_10_train_q90,binary,current_row_mlp_residual,shuffled_pca_residual,20260626,1,0.1561087630689144,0.22817343714506977,-7.62750804490786e-05,inner_val_pr_auc_delta_vs_frozen_ar,0.00217107473872602,0.02179115079343319,0.04749017208814621,true_train_and_true_inner_val_selection
future_arousal_max_delta_rows_4_10_train_q90,binary,current_row_mlp_residual,shuffled_pca_residual,20260626,2,0.15632283687591553,0.22818301101740526,-6.670120811358426e-05,inner_val_pr_auc_delta_vs_frozen_ar,0.0021999652963131666,0.02465072087943554,0.061922091990709305,true_train_and_true_inner_val_selection
future_arousal_max_delta_rows_4_10_train_q90,binary,current_row_mlp_residual,shuffled_pca_residual,20260626,3,0.15612282324582338,0.2281843697224959,-6.534250302295264e-05,inner_val_pr_auc_delta_vs_frozen_ar,0.002238799585029483,0.03894863277673721,0.13242219388484955,true_train_and_true_inner_val_selection
future_arousal_max_delta_rows_4_10_train_q90,binary,current_row_mlp_residual,shuffled_pca_residual,20260626,4,0.1562308929860592,0.22814861318676968,-0.00010109903874916393,inner_val_pr_auc_delta_vs_frozen_ar,0.0022846704814583063,0.08331598341464996,0.36443421244621277,true_train_and_true_inner_val_selection
future_arousal_max_delta_rows_4_10_train_q90,binary,current_row_mlp_residual,shuffled_pca_residual,20260626,5,0.15629926603287458,0.22817943187050413,-7.028035501471797e-05,inner_val_pr_auc_delta_vs_frozen_ar,0.002335027791559696,0.15583109855651855,0.7203716039657593,true_train_and_true_inner_val_selection
future_arousal_max_delta_rows_4_10_train_q90,binary,current_row_mlp_residual,shuffled_pca_residual,20260626,6,0.15651984699070454,0.22828587483255228,3.616260703342977e-05,inner_val_pr_auc_delta_vs_frozen_ar,0.0023733556736260653,0.22165466845035553,0.9083598852157593,true_train_and_true_inner_val_selection
future_arousal_max_delta_rows_4_10_train_q90,binary,current_row_mlp_residual,shuffled_pca_residual,20260626,7,0.15615180507302284,0.22823853791141463,-1.1174314104217542e-05,inner_val_pr_auc_delta_vs_frozen_ar,0.0023593627847731113,0.25835007429122925,0.9585108160972595,true_train_and_true_inner_val_selection
future_arousal_max_delta_rows_4_10_train_q90,binary,current_row_mlp_residual,shuffled_pca_residual,20260626,8,0.15603215899318457,0.22815497231492007,-9.47399105987734e-05,inner_val_pr_auc_delta_vs_frozen_ar,0.002365308813750744,0.2902013659477234,0.9819183349609375,true_train_and_true_inner_val_selection
future_arousal_max_delta_rows_4_10_train_q90,binary,current_row_mlp_residual,shuffled_pca_residual,20260626,9,0.15598957147449255,0.22806093957739332,-0.00018877264812552919,inner_val_pr_auc_delta_vs_frozen_ar,0.002373257651925087,0.31499987840652466,0.9914847612380981,true_train_and_true_inner_val_selection
future_arousal_max_delta_rows_4_10_train_q90,binary,current_row_mlp_residual,shuffled_pca_residual,20260626,10,0.15602481365203857,0.22797746305881098,-0.0002722491667078719,inner_val_pr_auc_delta_vs_frozen_ar,0.0023864952381700277,0.3351759612560272,0.9959062337875366,true_train_and_true_inner_val_selection
future_arousal_max_delta_rows_4_10_train_q90,binary,current_row_mlp_residual,shuffled_pca_residual,20260626,11,0.15615447144955397,0.22790180008251756,-0.00034791214300128326,inner_val_pr_auc_delta_vs_frozen_ar,0.0024026348255574703,0.3512127697467804,0.9978962540626526,true_train_and_true_inner_val_selection
future_arousal_max_delta_rows_4_10_train_q90,binary,current_row_mlp_residual,shuffled_pca_residual,20260626,12,0.15602932777255774,0.22781224453121596,-0.0004374676943028899,inner_val_pr_auc_delta_vs_frozen_ar,0.0024227655958384275,0.3643610179424286,0.9988332986831665,true_train_and_true_inner_val_selection
future_arousal_max_delta_rows_4_10_train_q90,binary,current_row_mlp_residual,shuffled_pca_residual,20260626,13,0.15597500652074814,0.22767116894059947,-0.0005785432849193806,inner_val_pr_auc_delta_vs_frozen_ar,0.0024479725398123264,0.3752935826778412,0.9993466138839722,true_train_and_true_inner_val_selection
future_arousal_max_delta_rows_4_10_train_q90,binary,current_row_mlp_residual,shuffled_pca_residual,20260626,14,0.1559819458052516,0.22757017030644117,-0.0006795419190776808,inner_val_pr_auc_delta_vs_frozen_ar,0.0024752900935709476,0.3848707973957062,0.9996263384819031,true_train_and_true_inner_val_selection
future_arousal_max_delta_rows_4_10_train_q90,binary,current_row_mlp_residual,random_pca_residual,20260626,1,0.1563116768375039,0.22818909746330016,-6.061476221869144e-05,inner_val_pr_auc_delta_vs_frozen_ar,0.002170914551243186,0.0219119843095541,0.04906916245818138,true_train_and_true_inner_val_selection
future_arousal_max_delta_rows_4_10_train_q90,binary,current_row_mlp_residual,random_pca_residual,20260626,2,0.15626869723200798,0.22821384460622735,-3.586761929150195e-05,inner_val_pr_auc_delta_vs_frozen_ar,0.0021997762378305197,0.02450406178832054,0.06150972470641136,true_train_and_true_inner_val_selection
future_arousal_max_delta_rows_4_10_train_q90,binary,current_row_mlp_residual,random_pca_residual,20260626,3,0.15609878953546286,0.228208199977567,-4.151224795184705e-05,inner_val_pr_auc_delta_vs_frozen_ar,0.0022384340409189463,0.039517149329185486,0.13446100056171417,true_train_and_true_inner_val_selection
future_arousal_max_delta_rows_4_10_train_q90,binary,current_row_mlp_residual,random_pca_residual,20260626,4,0.15607086848467588,0.2281695350638247,-8.01771616941449e-05,inner_val_pr_auc_delta_vs_frozen_ar,0.0022853242699056864,0.08427538722753525,0.36776354908943176,true_train_and_true_inner_val_selection
future_arousal_max_delta_rows_4_10_train_q90,binary,current_row_mlp_residual,random_pca_residual,20260626,5,0.15621135104447603,0.22823030731920638,-1.940490631247016e-05,inner_val_pr_auc_delta_vs_frozen_ar,0.002336673205718398,0.15752054750919342,0.7252712249755859,true_train_and_true_inner_val_selection
future_arousal_max_delta_rows_4_10_train_q90,binary,current_row_mlp_residual,random_pca_residual,20260626,6,0.15619321633130312,0.22830342270103782,5.37104755189699e-05,inner_val_pr_auc_delta_vs_frozen_ar,0.0023750774562358856,0.22446277737617493,0.9104876518249512,true_train_and_true_inner_val_selection
future_arousal_max_delta_rows_4_10_train_q90,binary,current_row_mlp_residual,random_pca_residual,20260626,7,0.155884126201272,0.228247404439431,-2.3077860878406575e-06,inner_val_pr_auc_delta_vs_frozen_ar,0.002358588157221675,0.2593926191329956,0.9587929844856262,true_train_and_true_inner_val_selection
future_arousal_max_delta_rows_4_10_train_q90,binary,current_row_mlp_residual,random_pca_residual,20260626,8,0.156091146171093,0.22818541372373158,-6.429850178726881e-05,inner_val_pr_auc_delta_vs_frozen_ar,0.002365182852372527,0.2897850275039673,0.981500506401062,true_train_and_true_inner_val_selection
future_arousal_max_delta_rows_4_10_train_q90,binary,current_row_mlp_residual,random_pca_residual,20260626,9,0.1560360686853528,0.2281255942057708,-0.00012411801974804293,inner_val_pr_auc_delta_vs_frozen_ar,0.002374103991314769,0.3135747015476227,0.991194486618042,true_train_and_true_inner_val_selection
future_arousal_max_delta_rows_4_10_train_q90,binary,current_row_mlp_residual,random_pca_residual,20260626,10,0.15603624377399683,0.22805736397455645,-0.0001923482509623986,inner_val_pr_auc_delta_vs_frozen_ar,0.00238454295322299,0.3328339457511902,0.9956049919128418,true_train_and_true_inner_val_selection
future_arousal_max_delta_rows_4_10_train_q90,binary,current_row_mlp_residual,random_pca_residual,20260626,11,0.1562034422531724,0.22798440666377068,-0.0002653055617481692,inner_val_pr_auc_delta_vs_frozen_ar,0.002401895821094513,0.3485875129699707,0.9977011680603027,true_train_and_true_inner_val_selection
future_arousal_max_delta_rows_4_10_train_q90,binary,current_row_mlp_residual,random_pca_residual,20260626,12,0.15587232448160648,0.22792488500824673,-0.0003248272172721167,inner_val_pr_auc_delta_vs_frozen_ar,0.0024217613972723484,0.36154651641845703,0.9987618923187256,true_train_and_true_inner_val_selection
future_arousal_max_delta_rows_4_10_train_q90,binary,current_row_mlp_residual,random_pca_residual,20260626,13,0.15606331452727318,0.22783494469958665,-0.000414767525932197,inner_val_pr_auc_delta_vs_frozen_ar,0.002446961821988225,0.3727615177631378,0.9993045926094055,true_train_and_true_inner_val_selection
future_arousal_max_delta_rows_4_10_train_q90,binary,current_row_mlp_residual,random_pca_residual,20260626,14,0.15624228212982416,0.22769788438732363,-0.0005518278381952124,inner_val_pr_auc_delta_vs_frozen_ar,0.00247566238977015,0.38239768147468567,0.9995923042297363,true_train_and_true_inner_val_selection
future_arousal_max_delta_rows_4_10_train_q90,binary,current_row_mlp_residual,label_permutation_residual,20260626,1,0.19202935509383678,0.09832706176217786,2.2925175229518424e-05,inner_val_pr_auc_delta_vs_frozen_ar,0.0021721983794122934,0.023603077977895737,0.05600404739379883,permuted_train_and_permuted_inner_val_selection
future_arousal_max_delta_rows_4_10_train_q90,binary,current_row_mlp_residual,label_permutation_residual,20260626,2,0.19179058447480202,0.09832757606704112,2.343948009278507e-05,inner_val_pr_auc_delta_vs_frozen_ar,0.002204256597906351,0.032687194645404816,0.10193027555942535,permuted_train_and_permuted_inner_val_selection
future_arousal_max_delta_rows_4_10_train_q90,binary,current_row_mlp_residual,label_permutation_residual,20260626,3,0.1917426297441125,0.09832094164499491,1.680505804657617e-05,inner_val_pr_auc_delta_vs_frozen_ar,0.0022481235209852457,0.06809525191783905,0.28836536407470703,permuted_train_and_permuted_inner_val_selection
future_arousal_max_delta_rows_4_10_train_q90,binary,current_row_mlp_residual,label_permutation_residual,20260626,4,0.19163978192955256,0.09832136218331126,1.7225596362926976e-05,inner_val_pr_auc_delta_vs_frozen_ar,0.0022982198279350996,0.13629783689975739,0.6672145128250122,permuted_train_and_permuted_inner_val_selection
future_arousal_max_delta_rows_4_10_train_q90,binary,current_row_mlp_residual,label_permutation_residual,20260626,5,0.1917973170056939,0.09834138673118754,3.725014423920647e-05,inner_val_pr_auc_delta_vs_frozen_ar,0.002344878390431404,0.20542995631694794,0.8979105949401855,permuted_train_and_permuted_inner_val_selection
future_arousal_max_delta_rows_4_10_train_q90,binary,current_row_mlp_residual,label_permutation_residual,20260626,6,0.19147613178938627,0.09835076664498003,4.66300580316964e-05,inner_val_pr_auc_delta_vs_frozen_ar,0.0023371169809252024,0.24522513151168823,0.9576433897018433,permuted_train_and_permuted_inner_val_selection
future_arousal_max_delta_rows_4_10_train_q90,binary,current_row_mlp_residual,label_permutation_residual,20260626,7,0.19177415780723095,0.09835578679945076,5.1650212502418746e-05,inner_val_pr_auc_delta_vs_frozen_ar,0.002341298386454582,0.2729518413543701,0.9803186058998108,permuted_train_and_permuted_inner_val_selection
future_arousal_max_delta_rows_4_10_train_q90,binary,current_row_mlp_residual,label_permutation_residual,20260626,8,0.1918134931474924,0.09835421298273891,5.007639579057699e-05,inner_val_pr_auc_delta_vs_frozen_ar,0.0023490863386541605,0.2923573851585388,0.9892811179161072,permuted_train_and_permuted_inner_val_selection
future_arousal_max_delta_rows_4_10_train_q90,binary,current_row_mlp_residual,label_permutation_residual,20260626,9,0.19197565130889416,0.09835482788705285,5.069130010451617e-05,inner_val_pr_auc_delta_vs_frozen_ar,0.0023570426274091005,0.30669817328453064,0.993547260761261,permuted_train_and_permuted_inner_val_selection
future_arousal_max_delta_rows_4_10_train_q90,binary,current_row_mlp_residual,label_permutation_residual,20260626,10,0.1920834882184863,0.09835474825640081,5.061166945247164e-05,inner_val_pr_auc_delta_vs_frozen_ar,0.00236930581741035,0.3189297616481781,0.9958929419517517,permuted_train_and_permuted_inner_val_selection
future_arousal_max_delta_rows_4_10_train_q90,binary,current_row_mlp_residual,label_permutation_residual,20260626,11,0.1919250302016735,0.0983557144960163,5.1577909067956895e-05,inner_val_pr_auc_delta_vs_frozen_ar,0.0023804791271686554,0.3285924196243286,0.9972018599510193,permuted_train_and_permuted_inner_val_selection
future_arousal_max_delta_rows_4_10_train_q90,binary,current_row_mlp_residual,label_permutation_residual,20260626,12,0.19193129427731037,0.0983561677312888,5.2031144340464186e-05,inner_val_pr_auc_delta_vs_frozen_ar,0.0023952284827828407,0.3370223045349121,0.9980289340019226,permuted_train_and_permuted_inner_val_selection
future_arousal_max_delta_rows_4_10_train_q90,binary,current_row_mlp_residual,label_permutation_residual,20260626,13,0.1919169006869197,0.09835774634635043,5.3609759402092894e-05,inner_val_pr_auc_delta_vs_frozen_ar,0.002410484943538904,0.344272643327713,0.9985586404800415,permuted_train_and_permuted_inner_val_selection
future_arousal_max_delta_rows_4_10_train_q90,binary,current_row_mlp_residual,label_permutation_residual,20260626,14,0.19176189880818129,0.09836559257107466,6.145598412632403e-05,inner_val_pr_auc_delta_vs_frozen_ar,0.0024283130187541246,0.3508046865463257,0.9989335536956787,permuted_train_and_permuted_inner_val_selection
future_arousal_max_delta_rows_4_10_train_q90,binary,current_row_mlp_residual,label_permutation_residual,20260626,15,0.1914237728342414,0.09837649600953424,7.235942258590478e-05,inner_val_pr_auc_delta_vs_frozen_ar,0.0024496796540915966,0.35698288679122925,0.9992040395736694,permuted_train_and_permuted_inner_val_selection
future_arousal_max_delta_rows_4_10_train_q90,binary,current_row_mlp_residual,label_permutation_residual,20260626,16,0.19174879230558872,0.0983877380641578,8.360147720946898e-05,inner_val_pr_auc_delta_vs_frozen_ar,0.002472684718668461,0.3625953495502472,0.9993880391120911,permuted_train_and_permuted_inner_val_selection
future_arousal_max_delta_rows_4_10_train_q90,binary,current_row_mlp_residual,label_permutation_residual,20260626,17,0.19155227579176426,0.09839002541991447,8.588883296613281e-05,inner_val_pr_auc_delta_vs_frozen_ar,0.002494579181075096,0.36756834387779236,0.999521017074585,permuted_train_and_permuted_inner_val_selection
future_arousal_max_delta_rows_4_10_train_q90,binary,current_row_mlp_residual,label_permutation_residual,20260626,18,0.1918207062408328,0.09840444393948142,0.00010030735253307999,inner_val_pr_auc_delta_vs_frozen_ar,0.0025213672779500484,0.3725285828113556,0.9996250867843628,permuted_train_and_permuted_inner_val_selection
future_arousal_max_delta_rows_4_10_train_q90,binary,current_row_mlp_residual,label_permutation_residual,20260626,19,0.19166594929993153,0.09841225693416664,0.000108120347218299,inner_val_pr_auc_delta_vs_frozen_ar,0.0025506510864943266,0.37727001309394836,0.9997097849845886,permuted_train_and_permuted_inner_val_selection
future_arousal_max_delta_rows_4_10_train_q90,binary,current_row_mlp_residual,label_permutation_residual,20260626,20,0.19166243448853493,0.09841814998550262,0.00011401339855428294,inner_val_pr_auc_delta_vs_frozen_ar,0.002579472493380308,0.3818887770175934,0.9997788071632385,permuted_train_and_permuted_inner_val_selection
future_arousal_max_delta_rows_4_10_train_q90,binary,current_row_mlp_residual,label_permutation_residual,20260626,21,0.19162004813551903,0.09842462396917771,0.0001204873822293756,inner_val_pr_auc_delta_vs_frozen_ar,0.002611506264656782,0.3866916298866272,0.9998325705528259,permuted_train_and_permuted_inner_val_selection
future_arousal_max_delta_rows_4_10_train_q90,binary,current_row_mlp_residual,label_permutation_residual,20260626,22,0.19153386540710926,0.09845257961684595,0.00014844302989761027,inner_val_pr_auc_delta_vs_frozen_ar,0.002644987776875496,0.3911952078342438,0.9998731017112732,permuted_train_and_permuted_inner_val_selection
future_arousal_max_delta_rows_4_10_train_q90,binary,current_row_mlp_residual,label_permutation_residual,20260626,23,0.19142194092273712,0.09848331336545324,0.00017917677850490255,inner_val_pr_auc_delta_vs_frozen_ar,0.0026794869918376207,0.39582037925720215,0.999904990196228,permuted_train_and_permuted_inner_val_selection
future_arousal_max_delta_rows_4_10_train_q90,binary,current_row_mlp_residual,label_permutation_residual,20260626,24,0.19125386234372854,0.09850116144033305,0.0001970248533847141,inner_val_pr_auc_delta_vs_frozen_ar,0.0027134509291499853,0.4002624452114105,0.9999300837516785,permuted_train_and_permuted_inner_val_selection
future_arousal_max_delta_rows_4_10_train_q90,binary,current_row_mlp_residual,label_permutation_residual,20260626,25,0.19128120504319668,0.09851736447639331,0.0002132278894449724,inner_val_pr_auc_delta_vs_frozen_ar,0.0027491513174027205,0.404552698135376,0.9999474883079529,permuted_train_and_permuted_inner_val_selection
future_arousal_max_delta_rows_4_10_train_q90,binary,current_row_mlp_residual,label_permutation_residual,20260626,26,0.19128940533846617,0.09854188115074355,0.0002377445637952169,inner_val_pr_auc_delta_vs_frozen_ar,0.0027844945434480906,0.4087075889110565,0.9999617338180542,permuted_train_and_permuted_inner_val_selection
future_arousal_max_delta_rows_4_10_train_q90,binary,current_row_mlp_residual,label_permutation_residual,20260626,27,0.19149766769260168,0.09855189975864846,0.0002477631717001244,inner_val_pr_auc_delta_vs_frozen_ar,0.0028168780263513327,0.41249942779541016,0.9999706745147705,permuted_train_and_permuted_inner_val_selection
future_arousal_max_delta_rows_4_10_train_q90,binary,current_row_mlp_residual,label_permutation_residual,20260626,28,0.19153209123760462,0.09857571962268297,0.0002715830357346294,inner_val_pr_auc_delta_vs_frozen_ar,0.002850705524906516,0.4162278473377228,0.9999775290489197,permuted_train_and_permuted_inner_val_selection
future_arousal_max_delta_rows_4_10_train_q90,binary,current_row_mlp_residual,label_permutation_residual,20260626,29,0.19118070602416992,0.09858588720049029,0.00028175061354195063,inner_val_pr_auc_delta_vs_frozen_ar,0.002884036162868142,0.41975095868110657,0.9999828338623047,permuted_train_and_permuted_inner_val_selection
future_arousal_max_delta_rows_4_10_train_q90,binary,current_row_mlp_residual,label_permutation_residual,20260626,30,0.1911557847633958,0.09862442732237299,0.0003202907354246526,inner_val_pr_auc_delta_vs_frozen_ar,0.0029168433975428343,0.42323827743530273,0.9999866485595703,permuted_train_and_permuted_inner_val_selection
future_arousal_max_delta_rows_4_10_train_q90,binary,current_row_mlp_residual,label_permutation_residual,20260626,31,0.19112072885036469,0.09864491260737152,0.000340776020423178,inner_val_pr_auc_delta_vs_frozen_ar,0.0029480489902198315,0.42594894766807556,0.99998939037323,permuted_train_and_permuted_inner_val_selection
future_arousal_max_delta_rows_4_10_train_q90,binary,current_row_mlp_residual,label_permutation_residual,20260626,32,0.19122008234262466,0.09864121602328495,0.00033707943633660975,inner_val_pr_auc_delta_vs_frozen_ar,0.00298043480142951,0.42904046177864075,0.9999915361404419,permuted_train_and_permuted_inner_val_selection
future_arousal_max_delta_rows_4_10_train_q90,binary,current_row_mlp_residual,label_permutation_residual,20260626,33,0.1911747483536601,0.09865365127145975,0.000349514684511415,inner_val_pr_auc_delta_vs_frozen_ar,0.0030106185004115105,0.43127506971359253,0.9999929666519165,permuted_train_and_permuted_inner_val_selection
future_arousal_max_delta_rows_4_10_train_q90,binary,current_row_mlp_residual,label_permutation_residual,20260626,34,0.19077473133802414,0.09866031009847605,0.0003561735115277104,inner_val_pr_auc_delta_vs_frozen_ar,0.0030400631949305534,0.4334876537322998,0.9999940395355225,permuted_train_and_permuted_inner_val_selection
future_arousal_max_delta_rows_4_10_train_q90,binary,current_row_mlp_residual,label_permutation_residual,20260626,35,0.19104297552257776,0.0986986974872533,0.0003945609003049577,inner_val_pr_auc_delta_vs_frozen_ar,0.0030685903038829565,0.4354872405529022,0.9999949336051941,permuted_train_and_permuted_inner_val_selection
future_arousal_max_delta_rows_4_10_train_q90,binary,current_row_mlp_residual,label_permutation_residual,20260626,36,0.19080925919115543,0.09868282250524524,0.00037868591829690046,inner_val_pr_auc_delta_vs_frozen_ar,0.0030964051838964224,0.4370614290237427,0.9999954700469971,permuted_train_and_permuted_inner_val_selection
future_arousal_max_delta_rows_4_10_train_q90,binary,current_row_mlp_residual,label_permutation_residual,20260626,37,0.19122116919606924,0.09874823353851253,0.0004440969515641935,inner_val_pr_auc_delta_vs_frozen_ar,0.0031228018924593925,0.43876203894615173,0.9999961256980896,permuted_train_and_permuted_inner_val_selection
future_arousal_max_delta_rows_4_10_train_q90,binary,current_row_mlp_residual,label_permutation_residual,20260626,38,0.19074086006730795,0.09876746156074159,0.00046332497379325543,inner_val_pr_auc_delta_vs_frozen_ar,0.003149021416902542,0.43999022245407104,0.9999963641166687,permuted_train_and_permuted_inner_val_selection
future_arousal_max_delta_rows_4_10_train_q90,binary,current_row_mlp_residual,label_permutation_residual,20260626,39,0.1909353043884039,0.09873752112724372,0.00043338454029538676,inner_val_pr_auc_delta_vs_frozen_ar,0.0031722714193165302,0.44063299894332886,0.9999964833259583,permuted_train_and_permuted_inner_val_selection
future_arousal_max_delta_rows_4_10_train_q90,binary,current_row_mlp_residual,label_permutation_residual,20260626,40,0.19089150242507458,0.09876466654474228,0.00046052995779394257,inner_val_pr_auc_delta_vs_frozen_ar,0.003197111887857318,0.441802054643631,0.9999966621398926,permuted_train_and_permuted_inner_val_selection
future_arousal_max_delta_rows_4_10_train_q90,binary,current_row_mlp_residual,train_only_video_mean_residual,20260626,1,0.15641126781702042,0.22814490171158058,-0.0001048105139382638,inner_val_pr_auc_delta_vs_frozen_ar,0.002171357860788703,0.02507941983640194,0.05738620087504387,true_train_and_true_inner_val_selection
future_arousal_max_delta_rows_4_10_train_q90,binary,current_row_mlp_residual,train_only_video_mean_residual,20260626,2,0.15614181198179722,0.22812081254835176,-0.00012889967716708806,inner_val_pr_auc_delta_vs_frozen_ar,0.0022060731425881386,0.040578216314315796,0.1246706172823906,true_train_and_true_inner_val_selection
future_arousal_max_delta_rows_4_10_train_q90,binary,current_row_mlp_residual,train_only_video_mean_residual,20260626,3,0.1562781436368823,0.22811034870550687,-0.00013936352001198138,inner_val_pr_auc_delta_vs_frozen_ar,0.00224982644431293,0.09083013981580734,0.399385005235672,true_train_and_true_inner_val_selection
future_arousal_max_delta_rows_4_10_train_q90,binary,current_row_mlp_residual,train_only_video_mean_residual,20260626,4,0.15613186452537775,0.2282008205226511,-4.8891702867759346e-05,inner_val_pr_auc_delta_vs_frozen_ar,0.00229944521561265,0.17692363262176514,0.8302270770072937,true_train_and_true_inner_val_selection
future_arousal_max_delta_rows_4_10_train_q90,binary,current_row_mlp_residual,train_only_video_mean_residual,20260626,5,0.15616474207490683,0.22839528811276794,0.00014557588724908865,inner_val_pr_auc_delta_vs_frozen_ar,0.002340060891583562,0.23271243274211884,0.9431803822517395,true_train_and_true_inner_val_selection
future_arousal_max_delta_rows_4_10_train_q90,binary,current_row_mlp_residual,train_only_video_mean_residual,20260626,6,0.15624507516622543,0.22859046068654582,0.00034074846102696843,inner_val_pr_auc_delta_vs_frozen_ar,0.002355823526158929,0.23615284264087677,0.9418118000030518,true_train_and_true_inner_val_selection
future_arousal_max_delta_rows_4_10_train_q90,binary,current_row_mlp_residual,train_only_video_mean_residual,20260626,7,0.15599077753722668,0.2287817317312948,0.0005320195057759436,inner_val_pr_auc_delta_vs_frozen_ar,0.0023900452069938183,0.24900266528129578,0.9519736170768738,true_train_and_true_inner_val_selection
future_arousal_max_delta_rows_4_10_train_q90,binary,current_row_mlp_residual,train_only_video_mean_residual,20260626,8,0.15605708677321672,0.22906591559002204,0.000816203364503193,inner_val_pr_auc_delta_vs_frozen_ar,0.0024278152268379927,0.259310245513916,0.9563661217689514,true_train_and_true_inner_val_selection
future_arousal_max_delta_rows_4_10_train_q90,binary,current_row_mlp_residual,train_only_video_mean_residual,20260626,9,0.15585044492036104,0.22932095225755472,0.001071240032035875,inner_val_pr_auc_delta_vs_frozen_ar,0.0024698686320334673,0.27329176664352417,0.9677451252937317,true_train_and_true_inner_val_selection
future_arousal_max_delta_rows_4_10_train_q90,binary,current_row_mlp_residual,train_only_video_mean_residual,20260626,10,0.15572723932564259,0.2297638988032811,0.0015141865777622554,inner_val_pr_auc_delta_vs_frozen_ar,0.002512665931135416,0.28962865471839905,0.9787564873695374,true_train_and_true_inner_val_selection
future_arousal_max_delta_rows_4_10_train_q90,binary,current_row_mlp_residual,train_only_video_mean_residual,20260626,11,0.15550339687615633,0.23023546566244601,0.001985753436927168,inner_val_pr_auc_delta_vs_frozen_ar,0.002556771505624056,0.3096046447753906,0.9875925183296204,true_train_and_true_inner_val_selection
future_arousal_max_delta_rows_4_10_train_q90,binary,current_row_mlp_residual,train_only_video_mean_residual,20260626,12,0.15527837630361319,0.23047900238317143,0.0022292901576525803,inner_val_pr_auc_delta_vs_frozen_ar,0.0026010344736278057,0.3285863995552063,0.9930205345153809,true_train_and_true_inner_val_selection
future_arousal_max_delta_rows_4_10_train_q90,binary,current_row_mlp_residual,train_only_video_mean_residual,20260626,13,0.15484025701880455,0.23023980928481966,0.0019900970593008105,inner_val_pr_auc_delta_vs_frozen_ar,0.002644706517457962,0.3431473970413208,0.9961231350898743,true_train_and_true_inner_val_selection
future_arousal_max_delta_rows_4_10_train_q90,binary,current_row_mlp_residual,train_only_video_mean_residual,20260626,14,0.1548558548092842,0.22964953549757489,0.0013998232720560388,inner_val_pr_auc_delta_vs_frozen_ar,0.002687562722712755,0.35624605417251587,0.9978697896003723,true_train_and_true_inner_val_selection
future_arousal_max_delta_rows_4_10_train_q90,binary,current_row_mlp_residual,train_only_video_mean_residual,20260626,15,0.1542312689125538,0.2291321909655126,0.0008824787399937528,inner_val_pr_auc_delta_vs_frozen_ar,0.0027278591878712177,0.3638163208961487,0.9986611008644104,true_train_and_true_inner_val_selection
future_arousal_max_delta_rows_4_10_train_q90,binary,current_row_mlp_residual,train_only_video_mean_residual,20260626,16,0.15394375286996365,0.22807713981572103,-0.00017257240979781652,inner_val_pr_auc_delta_vs_frozen_ar,0.002765829209238291,0.36949363350868225,0.9991052150726318,true_train_and_true_inner_val_selection
future_arousal_max_delta_rows_4_10_train_q90,binary,current_row_mlp_residual,train_only_video_mean_residual,20260626,17,0.15353622939437628,0.22713606881066187,-0.0011136434148569796,inner_val_pr_auc_delta_vs_frozen_ar,0.002800787566229701,0.372612863779068,0.9992808103561401,true_train_and_true_inner_val_selection
future_arousal_max_delta_rows_4_10_train_q90,binary,current_row_mlp_residual,train_only_video_mean_residual,20260626,18,0.15319522190839052,0.22610965911330091,-0.0021400531122179323,inner_val_pr_auc_delta_vs_frozen_ar,0.002833525650203228,0.37817275524139404,0.9994755983352661,true_train_and_true_inner_val_selection
future_arousal_max_delta_rows_4_10_train_q90,binary,current_row_mlp_residual,train_only_video_mean_residual,20260626,19,0.15304815955460072,0.22522310031794332,-0.003026611907575527,inner_val_pr_auc_delta_vs_frozen_ar,0.002864791313186288,0.3830304741859436,0.9995919466018677,true_train_and_true_inner_val_selection
future_arousal_max_delta_rows_4_10_train_q90,binary,current_row_mlp_residual,train_only_video_mean_residual,20260626,20,0.1528171831741929,0.22419751776363556,-0.004052194461883291,inner_val_pr_auc_delta_vs_frozen_ar,0.0028940432239323854,0.3869369626045227,0.9996564984321594,true_train_and_true_inner_val_selection
future_arousal_max_delta_rows_4_10_train_q90,binary,current_row_mlp_residual,diagnostics_only_residual,20260626,1,0.1562713272869587,0.22819130594564313,-5.840627987571678e-05,inner_val_pr_auc_delta_vs_frozen_ar,0.0021776894573122263,0.025938592851161957,0.07449912279844284,true_train_and_true_inner_val_selection
future_arousal_max_delta_rows_4_10_train_q90,binary,current_row_mlp_residual,diagnostics_only_residual,20260626,2,0.15614020731300116,0.228248589058369,-1.1231671498412865e-06,inner_val_pr_auc_delta_vs_frozen_ar,0.0022208045702427626,0.060354601591825485,0.29185450077056885,true_train_and_true_inner_val_selection
future_arousal_max_delta_rows_4_10_train_q90,binary,current_row_mlp_residual,diagnostics_only_residual,20260626,3,0.15616351272910833,0.22827741355922568,2.7701333706831033e-05,inner_val_pr_auc_delta_vs_frozen_ar,0.0022702713031321764,0.1336754709482193,0.7152072191238403,true_train_and_true_inner_val_selection
future_arousal_max_delta_rows_4_10_train_q90,binary,current_row_mlp_residual,diagnostics_only_residual,20260626,4,0.15593523066490889,0.22815737737789524,-9.233484762360966e-05,inner_val_pr_auc_delta_vs_frozen_ar,0.0023182372096925974,0.19490955770015717,0.9246346354484558,true_train_and_true_inner_val_selection
future_arousal_max_delta_rows_4_10_train_q90,binary,current_row_mlp_residual,diagnostics_only_residual,20260626,5,0.15610697772353888,0.22814778385961515,-0.00010192836590369736,inner_val_pr_auc_delta_vs_frozen_ar,0.0023185391910374165,0.21398524940013885,0.9573039412498474,true_train_and_true_inner_val_selection
future_arousal_max_delta_rows_4_10_train_q90,binary,current_row_mlp_residual,diagnostics_only_residual,20260626,6,0.15616708435118198,0.22814807625259834,-0.00010163597292051074,inner_val_pr_auc_delta_vs_frozen_ar,0.002327933441847563,0.22738374769687653,0.973061203956604,true_train_and_true_inner_val_selection
future_arousal_max_delta_rows_4_10_train_q90,binary,current_row_mlp_residual,diagnostics_only_residual,20260626,7,0.15610030386596918,0.22812907629965923,-0.00012063592585961902,inner_val_pr_auc_delta_vs_frozen_ar,0.002339645754545927,0.23798513412475586,0.982265055179596,true_train_and_true_inner_val_selection
future_arousal_max_delta_rows_4_10_train_q90,binary,current_row_mlp_residual,diagnostics_only_residual,20260626,8,0.1560198785737157,0.2281078159405665,-0.00014189628495234197,inner_val_pr_auc_delta_vs_frozen_ar,0.0023544456344097853,0.24783460795879364,0.9885135293006897,true_train_and_true_inner_val_selection
future_arousal_max_delta_rows_4_10_train_q90,binary,current_row_mlp_residual,diagnostics_only_residual,20260626,9,0.1561385029926896,0.2280395237778508,-0.00021018844766804157,inner_val_pr_auc_delta_vs_frozen_ar,0.002370198955759406,0.25518494844436646,0.9919999837875366,true_train_and_true_inner_val_selection
future_arousal_max_delta_rows_4_10_train_q90,binary,current_row_mlp_residual,diagnostics_only_residual,20260626,10,0.15617433656007051,0.227801046524869,-0.00044866570064985845,inner_val_pr_auc_delta_vs_frozen_ar,0.0023871036246418953,0.2619548738002777,0.9944729208946228,true_train_and_true_inner_val_selection
future_arousal_max_delta_rows_4_10_train_q90,binary,current_row_mlp_residual,diagnostics_only_residual,20260626,11,0.15584133472293615,0.22773900299543207,-0.000510709230086781,inner_val_pr_auc_delta_vs_frozen_ar,0.0023982215207070112,0.2681550085544586,0.9961788654327393,true_train_and_true_inner_val_selection
future_arousal_max_delta_rows_4_10_train_q90,binary,current_row_mlp_residual,real_residual,20260627,1,0.15612667333334684,0.2280306188325008,-0.00011569613067036189,inner_val_pr_auc_delta_vs_frozen_ar,0.002138011157512665,0.02218414656817913,0.051890358328819275,true_train_and_true_inner_val_selection
future_arousal_max_delta_rows_4_10_train_q90,binary,current_row_mlp_residual,real_residual,20260627,2,0.1558605683967471,0.22800824945330975,-0.00013806550986142363,inner_val_pr_auc_delta_vs_frozen_ar,0.0021348390728235245,0.026567252352833748,0.0745990201830864,true_train_and_true_inner_val_selection
future_arousal_max_delta_rows_4_10_train_q90,binary,current_row_mlp_residual,real_residual,20260627,3,0.1559971161186695,0.2279777504028342,-0.0001685645603369812,inner_val_pr_auc_delta_vs_frozen_ar,0.0021679848432540894,0.04475611075758934,0.16765302419662476,true_train_and_true_inner_val_selection
future_arousal_max_delta_rows_4_10_train_q90,binary,current_row_mlp_residual,real_residual,20260627,4,0.15594888664782047,0.2280184079337391,-0.00012790702943207832,inner_val_pr_auc_delta_vs_frozen_ar,0.0022134333848953247,0.09742564707994461,0.4868352711200714,true_train_and_true_inner_val_selection
future_arousal_max_delta_rows_4_10_train_q90,binary,current_row_mlp_residual,real_residual,20260627,5,0.15592199470847845,0.2282359741785853,8.965921541412292e-05,inner_val_pr_auc_delta_vs_frozen_ar,0.002260216511785984,0.16077667474746704,0.7957920432090759,true_train_and_true_inner_val_selection
future_arousal_max_delta_rows_4_10_train_q90,binary,current_row_mlp_residual,real_residual,20260627,6,0.15612766332924366,0.22847835364852837,0.0003320386853571944,inner_val_pr_auc_delta_vs_frozen_ar,0.0022895161528140306,0.16516540944576263,0.8012728691101074,true_train_and_true_inner_val_selection
future_arousal_max_delta_rows_4_10_train_q90,binary,current_row_mlp_residual,real_residual,20260627,7,0.15617298427969217,0.2287352975089932,0.0005889825458220421,inner_val_pr_auc_delta_vs_frozen_ar,0.0023214477114379406,0.14216558635234833,0.7215514183044434,true_train_and_true_inner_val_selection
future_arousal_max_delta_rows_4_10_train_q90,binary,current_row_mlp_residual,real_residual,20260627,8,0.15564680378884077,0.22899083481252092,0.0008445198493497452,inner_val_pr_auc_delta_vs_frozen_ar,0.0023596410173922777,0.1320171058177948,0.6804071068763733,true_train_and_true_inner_val_selection
future_arousal_max_delta_rows_4_10_train_q90,binary,current_row_mlp_residual,real_residual,20260627,9,0.15547977481037378,0.22939387174461315,0.0012475567814419775,inner_val_pr_auc_delta_vs_frozen_ar,0.002398586366325617,0.12337657809257507,0.6409785747528076,true_train_and_true_inner_val_selection
future_arousal_max_delta_rows_4_10_train_q90,binary,current_row_mlp_residual,real_residual,20260627,10,0.15553705114871264,0.2298956822753311,0.0017493673121599385,inner_val_pr_auc_delta_vs_frozen_ar,0.0024368211161345243,0.11932291835546494,0.6247363686561584,true_train_and_true_inner_val_selection
future_arousal_max_delta_rows_4_10_train_q90,binary,current_row_mlp_residual,real_residual,20260627,11,0.15554680302739143,0.23060845099338745,0.0024621360302162776,inner_val_pr_auc_delta_vs_frozen_ar,0.0024754421319812536,0.11823847144842148,0.6215156316757202,true_train_and_true_inner_val_selection
future_arousal_max_delta_rows_4_10_train_q90,binary,current_row_mlp_residual,real_residual,20260627,12,0.1551758460700512,0.2314618449213612,0.003315529958190039,inner_val_pr_auc_delta_vs_frozen_ar,0.0025156002957373857,0.1166059598326683,0.6182900667190552,true_train_and_true_inner_val_selection
future_arousal_max_delta_rows_4_10_train_q90,binary,current_row_mlp_residual,real_residual,20260627,13,0.1551267234608531,0.23227342967588865,0.004127114712717483,inner_val_pr_auc_delta_vs_frozen_ar,0.0025561952497810125,0.1147187203168869,0.6158867478370667,true_train_and_true_inner_val_selection
future_arousal_max_delta_rows_4_10_train_q90,binary,current_row_mlp_residual,real_residual,20260627,14,0.1549558900296688,0.2325594552496709,0.004413140286499723,inner_val_pr_auc_delta_vs_frozen_ar,0.0025938730686903,0.10732956975698471,0.5835138559341431,true_train_and_true_inner_val_selection
future_arousal_max_delta_rows_4_10_train_q90,binary,current_row_mlp_residual,real_residual,20260627,15,0.15488391928374767,0.23251994217936944,0.0043736272161982725,inner_val_pr_auc_delta_vs_frozen_ar,0.0026286200154572725,0.09861975163221359,0.5338677167892456,true_train_and_true_inner_val_selection
future_arousal_max_delta_rows_4_10_train_q90,binary,current_row_mlp_residual,real_residual,20260627,16,0.15433653537184,0.23228274002518384,0.004136425062012672,inner_val_pr_auc_delta_vs_frozen_ar,0.002657037228345871,0.0947001725435257,0.5125163197517395,true_train_and_true_inner_val_selection
future_arousal_max_delta_rows_4_10_train_q90,binary,current_row_mlp_residual,real_residual,20260627,17,0.15419518761336803,0.23207672232842125,0.003930407365250077,inner_val_pr_auc_delta_vs_frozen_ar,0.0026822315994650126,0.0879129022359848,0.47584113478660583,true_train_and_true_inner_val_selection
future_arousal_max_delta_rows_4_10_train_q90,binary,current_row_mlp_residual,real_residual,20260627,18,0.15424113348126411,0.2315454709256765,0.0033991559625053402,inner_val_pr_auc_delta_vs_frozen_ar,0.002704966813325882,0.08773486316204071,0.47375181317329407,true_train_and_true_inner_val_selection
future_arousal_max_delta_rows_4_10_train_q90,binary,current_row_mlp_residual,real_residual,20260627,19,0.15403726417571306,0.23105531965901627,0.0029090046958450966,inner_val_pr_auc_delta_vs_frozen_ar,0.0027245820965617895,0.08502591401338577,0.4583759307861328,true_train_and_true_inner_val_selection
future_arousal_max_delta_rows_4_10_train_q90,binary,current_row_mlp_residual,real_residual,20260627,20,0.15415804833173752,0.23049593732354645,0.002349622360375281,inner_val_pr_auc_delta_vs_frozen_ar,0.0027442211285233498,0.0837542712688446,0.4525251090526581,true_train_and_true_inner_val_selection
future_arousal_max_delta_rows_4_10_train_q90,binary,current_row_mlp_residual,real_residual,20260627,21,0.15412057004868984,0.22995132007137695,0.001805005108205776,inner_val_pr_auc_delta_vs_frozen_ar,0.002760675037279725,0.08132757991552353,0.43749868869781494,true_train_and_true_inner_val_selection
future_arousal_max_delta_rows_4_10_train_q90,binary,current_row_mlp_residual,real_residual,20260627,22,0.15403177961707115,0.2294620775382863,0.0013157625751151203,inner_val_pr_auc_delta_vs_frozen_ar,0.0027766581624746323,0.08054231852293015,0.4366738498210907,true_train_and_true_inner_val_selection
future_arousal_max_delta_rows_4_10_train_q90,binary,current_row_mlp_residual,shuffled_pca_residual,20260627,1,0.1561665954068303,0.2280423620078999,-0.00010395295527126924,inner_val_pr_auc_delta_vs_frozen_ar,0.002137422328814864,0.020978856831789017,0.04357430711388588,true_train_and_true_inner_val_selection
future_arousal_max_delta_rows_4_10_train_q90,binary,current_row_mlp_residual,shuffled_pca_residual,20260627,2,0.15597113594412804,0.22804606009663356,-0.00010025486653761351,inner_val_pr_auc_delta_vs_frozen_ar,0.0021198263857513666,0.02186659164726734,0.048040926456451416,true_train_and_true_inner_val_selection
future_arousal_max_delta_rows_4_10_train_q90,binary,current_row_mlp_residual,shuffled_pca_residual,20260627,3,0.15620666928589344,0.2280145014228707,-0.00013181354030047943,inner_val_pr_auc_delta_vs_frozen_ar,0.0021279221400618553,0.029013512656092644,0.08184786140918732,true_train_and_true_inner_val_selection
future_arousal_max_delta_rows_4_10_train_q90,binary,current_row_mlp_residual,shuffled_pca_residual,20260627,4,0.15615309868007898,0.2279713351217424,-0.00017497984142877954,inner_val_pr_auc_delta_vs_frozen_ar,0.0021643810905516148,0.05454014986753464,0.20415499806404114,true_train_and_true_inner_val_selection
future_arousal_max_delta_rows_4_10_train_q90,binary,current_row_mlp_residual,shuffled_pca_residual,20260627,5,0.15613042004406452,0.22799653855806,-0.0001497764051111572,inner_val_pr_auc_delta_vs_frozen_ar,0.0022112741135060787,0.11382734775543213,0.51758873462677,true_train_and_true_inner_val_selection
future_arousal_max_delta_rows_4_10_train_q90,binary,current_row_mlp_residual,shuffled_pca_residual,20260627,6,0.15599601808935404,0.22803717171367696,-0.00010914324949420906,inner_val_pr_auc_delta_vs_frozen_ar,0.002257884945720434,0.18552285432815552,0.8168752193450928,true_train_and_true_inner_val_selection
future_arousal_max_delta_rows_4_10_train_q90,binary,current_row_mlp_residual,shuffled_pca_residual,20260627,7,0.1560573587194085,0.22802793618834286,-0.00011837877482831494,inner_val_pr_auc_delta_vs_frozen_ar,0.0022565375547856092,0.2152472287416458,0.8908749222755432,true_train_and_true_inner_val_selection
future_arousal_max_delta_rows_4_10_train_q90,binary,current_row_mlp_residual,shuffled_pca_residual,20260627,8,0.1558465901762247,0.2280207037284641,-0.00012561123470705704,inner_val_pr_auc_delta_vs_frozen_ar,0.0022522886283695698,0.23469682037830353,0.9258922338485718,true_train_and_true_inner_val_selection
future_arousal_max_delta_rows_4_10_train_q90,binary,current_row_mlp_residual,random_pca_residual,20260627,1,0.155894891358912,0.22807104816098128,-7.526680218988835e-05,inner_val_pr_auc_delta_vs_frozen_ar,0.0021375042852014303,0.020992958918213844,0.043968457728624344,true_train_and_true_inner_val_selection
future_arousal_max_delta_rows_4_10_train_q90,binary,current_row_mlp_residual,random_pca_residual,20260627,2,0.15603935439139605,0.2280828497303208,-6.346523285036265e-05,inner_val_pr_auc_delta_vs_frozen_ar,0.002119931625202298,0.02192489616572857,0.04845520108938217,true_train_and_true_inner_val_selection
future_arousal_max_delta_rows_4_10_train_q90,binary,current_row_mlp_residual,random_pca_residual,20260627,3,0.15619686618447304,0.22803046707490326,-0.00011584788826790593,inner_val_pr_auc_delta_vs_frozen_ar,0.0021282462403178215,0.029289672151207924,0.08401714265346527,true_train_and_true_inner_val_selection
future_arousal_max_delta_rows_4_10_train_q90,binary,current_row_mlp_residual,random_pca_residual,20260627,4,0.15603606402873993,0.22797326988096953,-0.00017304508220164494,inner_val_pr_auc_delta_vs_frozen_ar,0.0021642553620040417,0.05399952083826065,0.2032357156276703,true_train_and_true_inner_val_selection
future_arousal_max_delta_rows_4_10_train_q90,binary,current_row_mlp_residual,random_pca_residual,20260627,5,0.15595331136137247,0.22798071517840718,-0.00016559978476399229,inner_val_pr_auc_delta_vs_frozen_ar,0.0022103821393102407,0.11170142143964767,0.5094524025917053,true_train_and_true_inner_val_selection
future_arousal_max_delta_rows_4_10_train_q90,binary,current_row_mlp_residual,random_pca_residual,20260627,6,0.15608794800937176,0.22800859157261555,-0.00013772339055562188,inner_val_pr_auc_delta_vs_frozen_ar,0.0022563401143997908,0.18179430067539215,0.8049710392951965,true_train_and_true_inner_val_selection
future_arousal_max_delta_rows_4_10_train_q90,binary,current_row_mlp_residual,random_pca_residual,20260627,7,0.15584692172706127,0.22801387912401633,-0.00013243583915484303,inner_val_pr_auc_delta_vs_frozen_ar,0.00225293287076056,0.20878078043460846,0.8753741383552551,true_train_and_true_inner_val_selection
future_arousal_max_delta_rows_4_10_train_q90,binary,current_row_mlp_residual,random_pca_residual,20260627,8,0.15610034484416246,0.22798838672276794,-0.00015792824040322673,inner_val_pr_auc_delta_vs_frozen_ar,0.0022500120103359222,0.23081417381763458,0.9178315997123718,true_train_and_true_inner_val_selection
future_arousal_max_delta_rows_4_10_train_q90,binary,current_row_mlp_residual,label_permutation_residual,20260627,1,0.19321358669549227,0.10232865774439791,2.192959552810292e-06,inner_val_pr_auc_delta_vs_frozen_ar,0.0021371792536228895,0.021462220698595047,0.048137638717889786,permuted_train_and_permuted_inner_val_selection
future_arousal_max_delta_rows_4_10_train_q90,binary,current_row_mlp_residual,label_permutation_residual,20260627,2,0.1933169225230813,0.10232771661915391,1.2518343088102624e-06,inner_val_pr_auc_delta_vs_frozen_ar,0.0021180694457143545,0.02166721783578396,0.04913954436779022,permuted_train_and_permuted_inner_val_selection
future_arousal_max_delta_rows_4_10_train_q90,binary,current_row_mlp_residual,label_permutation_residual,20260627,3,0.19309576880186796,0.1023284574392185,1.9926543734088975e-06,inner_val_pr_auc_delta_vs_frozen_ar,0.0021159565076231956,0.023144733160734177,0.05737445130944252,permuted_train_and_permuted_inner_val_selection
future_arousal_max_delta_rows_4_10_train_q90,binary,current_row_mlp_residual,label_permutation_residual,20260627,4,0.1933511672541499,0.1023308576285842,4.392843739098318e-06,inner_val_pr_auc_delta_vs_frozen_ar,0.002137957839295268,0.03281572833657265,0.10633882135152817,permuted_train_and_permuted_inner_val_selection
future_arousal_max_delta_rows_4_10_train_q90,binary,current_row_mlp_residual,label_permutation_residual,20260627,5,0.1929731396958232,0.10234534264517164,1.887786032654659e-05,inner_val_pr_auc_delta_vs_frozen_ar,0.002179902046918869,0.06971272826194763,0.30839356780052185,permuted_train_and_permuted_inner_val_selection
future_arousal_max_delta_rows_4_10_train_q90,binary,current_row_mlp_residual,label_permutation_residual,20260627,6,0.19302877131849527,0.10233979162021904,1.3326835373944634e-05,inner_val_pr_auc_delta_vs_frozen_ar,0.0022282740101218224,0.13477477431297302,0.6937297582626343,permuted_train_and_permuted_inner_val_selection
future_arousal_max_delta_rows_4_10_train_q90,binary,current_row_mlp_residual,label_permutation_residual,20260627,7,0.19297125563025475,0.10233594536624824,9.48058140314012e-06,inner_val_pr_auc_delta_vs_frozen_ar,0.0022604898549616337,0.19557783007621765,0.895259439945221,permuted_train_and_permuted_inner_val_selection
future_arousal_max_delta_rows_4_10_train_q90,binary,current_row_mlp_residual,label_permutation_residual,20260627,8,0.19271857850253582,0.10233738148833332,1.091670348822571e-05,inner_val_pr_auc_delta_vs_frozen_ar,0.002251352183520794,0.23229777812957764,0.9529684782028198,permuted_train_and_permuted_inner_val_selection
future_arousal_max_delta_rows_4_10_train_q90,binary,current_row_mlp_residual,label_permutation_residual,20260627,9,0.19295579101890326,0.10233816420146022,1.1699416615121305e-05,inner_val_pr_auc_delta_vs_frozen_ar,0.0022599687799811363,0.25921040773391724,0.9764223694801331,permuted_train_and_permuted_inner_val_selection
future_arousal_max_delta_rows_4_10_train_q90,binary,current_row_mlp_residual,label_permutation_residual,20260627,10,0.19277292769402266,0.10234161135703074,1.514657218563975e-05,inner_val_pr_auc_delta_vs_frozen_ar,0.002270996104925871,0.2795831859111786,0.9870964288711548,permuted_train_and_permuted_inner_val_selection
future_arousal_max_delta_rows_4_10_train_q90,binary,current_row_mlp_residual,label_permutation_residual,20260627,11,0.19292667135596275,0.10233911466370774,1.2649878862638908e-05,inner_val_pr_auc_delta_vs_frozen_ar,0.002282442059367895,0.29457128047943115,0.9919710755348206,permuted_train_and_permuted_inner_val_selection
future_arousal_max_delta_rows_4_10_train_q90,binary,current_row_mlp_residual,label_permutation_residual,20260627,12,0.1925764810293913,0.1023327530647154,6.288279870300673e-06,inner_val_pr_auc_delta_vs_frozen_ar,0.002298465697094798,0.3082085847854614,0.9950544834136963,permuted_train_and_permuted_inner_val_selection
future_arousal_max_delta_rows_4_10_train_q90,binary,current_row_mlp_residual,label_permutation_residual,20260627,13,0.19288446754217148,0.10233256842876362,6.103643918523027e-06,inner_val_pr_auc_delta_vs_frozen_ar,0.0023139920085668564,0.3194737434387207,0.9967470169067383,permuted_train_and_permuted_inner_val_selection
future_arousal_max_delta_rows_4_10_train_q90,binary,current_row_mlp_residual,train_only_video_mean_residual,20260627,1,0.15594868920743465,0.22802215185585306,-0.0001241631073181093,inner_val_pr_auc_delta_vs_frozen_ar,0.002139648888260126,0.023274948820471764,0.05286535620689392,true_train_and_true_inner_val_selection
future_arousal_max_delta_rows_4_10_train_q90,binary,current_row_mlp_residual,train_only_video_mean_residual,20260627,2,0.15600797347724438,0.22796965278811546,-0.00017666217505571402,inner_val_pr_auc_delta_vs_frozen_ar,0.002146478509530425,0.030976250767707825,0.08710700273513794,true_train_and_true_inner_val_selection
future_arousal_max_delta_rows_4_10_train_q90,binary,current_row_mlp_residual,train_only_video_mean_residual,20260627,3,0.15588736347854137,0.22794123951539227,-0.0002050754477788963,inner_val_pr_auc_delta_vs_frozen_ar,0.0021794450003653765,0.05914461612701416,0.23838555812835693,true_train_and_true_inner_val_selection
future_arousal_max_delta_rows_4_10_train_q90,binary,current_row_mlp_residual,train_only_video_mean_residual,20260627,4,0.15602470096200705,0.2279939397274789,-0.0001523752356922814,inner_val_pr_auc_delta_vs_frozen_ar,0.0022255938965827227,0.1293986439704895,0.6972508430480957,true_train_and_true_inner_val_selection
future_arousal_max_delta_rows_4_10_train_q90,binary,current_row_mlp_residual,train_only_video_mean_residual,20260627,5,0.15602349396795034,0.22817706412456082,3.074916138964823e-05,inner_val_pr_auc_delta_vs_frozen_ar,0.0022696233354508877,0.18857459723949432,0.8965964317321777,true_train_and_true_inner_val_selection
future_arousal_max_delta_rows_4_10_train_q90,binary,current_row_mlp_residual,train_only_video_mean_residual,20260627,6,0.15591061487793922,0.22824508120771558,9.876624454441263e-05,inner_val_pr_auc_delta_vs_frozen_ar,0.002290490549057722,0.17669016122817993,0.8521661758422852,true_train_and_true_inner_val_selection
future_arousal_max_delta_rows_4_10_train_q90,binary,current_row_mlp_residual,train_only_video_mean_residual,20260627,7,0.1558685526251793,0.22844020616132132,0.0002938911981501535,inner_val_pr_auc_delta_vs_frozen_ar,0.0023206667974591255,0.17558297514915466,0.8516288995742798,true_train_and_true_inner_val_selection
future_arousal_max_delta_rows_4_10_train_q90,binary,current_row_mlp_residual,train_only_video_mean_residual,20260627,8,0.1557589191943407,0.22864208996315594,0.000495774999984766,inner_val_pr_auc_delta_vs_frozen_ar,0.0023559171240776777,0.16918805241584778,0.8498966097831726,true_train_and_true_inner_val_selection
future_arousal_max_delta_rows_4_10_train_q90,binary,current_row_mlp_residual,train_only_video_mean_residual,20260627,9,0.15570393484085798,0.22894322582925788,0.0007969108660867141,inner_val_pr_auc_delta_vs_frozen_ar,0.0023951337207108736,0.16731229424476624,0.857307493686676,true_train_and_true_inner_val_selection
future_arousal_max_delta_rows_4_10_train_q90,binary,current_row_mlp_residual,train_only_video_mean_residual,20260627,10,0.15538910403847694,0.22948998148046573,0.0013436665172945617,inner_val_pr_auc_delta_vs_frozen_ar,0.002433863701298833,0.17030522227287292,0.8687416911125183,true_train_and_true_inner_val_selection
future_arousal_max_delta_rows_4_10_train_q90,binary,current_row_mlp_residual,train_only_video_mean_residual,20260627,11,0.15565140824764967,0.2295533486020115,0.001407033638840316,inner_val_pr_auc_delta_vs_frozen_ar,0.002471671439707279,0.16672562062740326,0.8662326335906982,true_train_and_true_inner_val_selection
future_arousal_max_delta_rows_4_10_train_q90,binary,current_row_mlp_residual,train_only_video_mean_residual,20260627,12,0.15528253093361855,0.22976651858250602,0.001620203619334848,inner_val_pr_auc_delta_vs_frozen_ar,0.0025112563744187355,0.16820722818374634,0.8814388513565063,true_train_and_true_inner_val_selection
future_arousal_max_delta_rows_4_10_train_q90,binary,current_row_mlp_residual,train_only_video_mean_residual,20260627,13,0.15516551956534386,0.22945948149360035,0.0013131665304291773,inner_val_pr_auc_delta_vs_frozen_ar,0.002549942350015044,0.16287580132484436,0.8751646876335144,true_train_and_true_inner_val_selection
future_arousal_max_delta_rows_4_10_train_q90,binary,current_row_mlp_residual,train_only_video_mean_residual,20260627,14,0.1547993216663599,0.22884354104636564,0.0006972260831944743,inner_val_pr_auc_delta_vs_frozen_ar,0.002585294656455517,0.16034775972366333,0.8777990341186523,true_train_and_true_inner_val_selection
future_arousal_max_delta_rows_4_10_train_q90,binary,current_row_mlp_residual,train_only_video_mean_residual,20260627,15,0.15465333126485348,0.227844380630465,-0.00030193433270617187,inner_val_pr_auc_delta_vs_frozen_ar,0.002618058118969202,0.1553308069705963,0.8739888072013855,true_train_and_true_inner_val_selection
future_arousal_max_delta_rows_4_10_train_q90,binary,current_row_mlp_residual,train_only_video_mean_residual,20260627,16,0.15460997074842453,0.22671026383279494,-0.0014360511303762313,inner_val_pr_auc_delta_vs_frozen_ar,0.0026473680045455694,0.15339356660842896,0.8751267790794373,true_train_and_true_inner_val_selection
future_arousal_max_delta_rows_4_10_train_q90,binary,current_row_mlp_residual,train_only_video_mean_residual,20260627,17,0.15440599247813225,0.2261932736323045,-0.0019530413308666839,inner_val_pr_auc_delta_vs_frozen_ar,0.0026746022049337626,0.15364128351211548,0.8808532953262329,true_train_and_true_inner_val_selection
future_arousal_max_delta_rows_4_10_train_q90,binary,current_row_mlp_residual,train_only_video_mean_residual,20260627,18,0.15403686556965113,0.22529643631188034,-0.002849878651290827,inner_val_pr_auc_delta_vs_frozen_ar,0.0027001365087926388,0.15478341281414032,0.8930879235267639,true_train_and_true_inner_val_selection
future_arousal_max_delta_rows_4_10_train_q90,binary,current_row_mlp_residual,train_only_video_mean_residual,20260627,19,0.15390823408961296,0.22418429493051525,-0.003962020032655916,inner_val_pr_auc_delta_vs_frozen_ar,0.0027236808091402054,0.15455874800682068,0.8972543478012085,true_train_and_true_inner_val_selection
future_arousal_max_delta_rows_4_10_train_q90,binary,current_row_mlp_residual,train_only_video_mean_residual,20260627,20,0.15386728662997484,0.22365898979877355,-0.004487325164397621,inner_val_pr_auc_delta_vs_frozen_ar,0.0027451710775494576,0.15562252700328827,0.90156489610672,true_train_and_true_inner_val_selection
future_arousal_max_delta_rows_4_10_train_q90,binary,current_row_mlp_residual,diagnostics_only_residual,20260627,1,0.15582014340907335,0.2281635092933551,1.7194330183933904e-05,inner_val_pr_auc_delta_vs_frozen_ar,0.002141042146831751,0.020333509892225266,0.03449702635407448,true_train_and_true_inner_val_selection
future_arousal_max_delta_rows_4_10_train_q90,binary,current_row_mlp_residual,diagnostics_only_residual,20260627,2,0.1560559468343854,0.22818880359030402,4.248862713285284e-05,inner_val_pr_auc_delta_vs_frozen_ar,0.002152729080989957,0.031175125390291214,0.11154492199420929,true_train_and_true_inner_val_selection
future_arousal_max_delta_rows_4_10_train_q90,binary,current_row_mlp_residual,diagnostics_only_residual,20260627,3,0.156247123144567,0.2281956901637289,4.937520055772748e-05,inner_val_pr_auc_delta_vs_frozen_ar,0.0021976439747959375,0.0797525942325592,0.4190700054168701,true_train_and_true_inner_val_selection
future_arousal_max_delta_rows_4_10_train_q90,binary,current_row_mlp_residual,diagnostics_only_residual,20260627,4,0.15620360616594553,0.22817432866644555,2.8013703274376578e-05,inner_val_pr_auc_delta_vs_frozen_ar,0.002246790798380971,0.15459607541561127,0.8109647631645203,true_train_and_true_inner_val_selection
future_arousal_max_delta_rows_4_10_train_q90,binary,current_row_mlp_residual,diagnostics_only_residual,20260627,5,0.1559948492795229,0.22803367874473063,-0.00011263621844054272,inner_val_pr_auc_delta_vs_frozen_ar,0.0022694107610732317,0.19237422943115234,0.9226306080818176,true_train_and_true_inner_val_selection
future_arousal_max_delta_rows_4_10_train_q90,binary,current_row_mlp_residual,diagnostics_only_residual,20260627,6,0.15586181171238422,0.22795456769594036,-0.00019174726723081292,inner_val_pr_auc_delta_vs_frozen_ar,0.002266263123601675,0.20592784881591797,0.9478533864021301,true_train_and_true_inner_val_selection
future_arousal_max_delta_rows_4_10_train_q90,binary,current_row_mlp_residual,diagnostics_only_residual,20260627,7,0.15572144649922848,0.2279227283197057,-0.0002235866434654732,inner_val_pr_auc_delta_vs_frozen_ar,0.0022808860521763563,0.21923111379146576,0.9665615558624268,true_train_and_true_inner_val_selection
future_arousal_max_delta_rows_4_10_train_q90,binary,current_row_mlp_residual,diagnostics_only_residual,20260627,8,0.1558155156672001,0.22791037726263702,-0.00023593770053415009,inner_val_pr_auc_delta_vs_frozen_ar,0.0022945418022572994,0.2287282943725586,0.976512610912323,true_train_and_true_inner_val_selection
future_arousal_max_delta_rows_4_10_train_q90,binary,current_row_mlp_residual,diagnostics_only_residual,20260627,9,0.1554354503750801,0.22783046815745756,-0.00031584680571361545,inner_val_pr_auc_delta_vs_frozen_ar,0.0023135137744247913,0.23846150934696198,0.9844679832458496,true_train_and_true_inner_val_selection
future_arousal_max_delta_rows_4_10_train_q90,binary,current_row_mlp_residual,diagnostics_only_residual,20260627,10,0.15580652933567762,0.22767166256313853,-0.000474652400032638,inner_val_pr_auc_delta_vs_frozen_ar,0.0023285087663680315,0.24622611701488495,0.9891833066940308,true_train_and_true_inner_val_selection
future_arousal_max_delta_rows_4_10_train_q90,binary,current_row_mlp_residual,diagnostics_only_residual,20260627,11,0.15559948794543743,0.2275562607251846,-0.0005900542379865814,inner_val_pr_auc_delta_vs_frozen_ar,0.002344967797398567,0.25268667936325073,0.9922695159912109,true_train_and_true_inner_val_selection
future_arousal_max_delta_rows_4_10_train_q90,binary,delta_feature_mlp_residual,real_residual,20260625,1,0.15768925100564957,0.22207720340038617,-2.3689535776666437e-05,inner_val_pr_auc_delta_vs_frozen_ar,0.002145925769582391,0.019188348203897476,0.04055217653512955,true_train_and_true_inner_val_selection
future_arousal_max_delta_rows_4_10_train_q90,binary,delta_feature_mlp_residual,real_residual,20260625,2,0.15771871991455555,0.22211111730511404,1.0224368951206042e-05,inner_val_pr_auc_delta_vs_frozen_ar,0.002166374819353223,0.030528347939252853,0.1103205606341362,true_train_and_true_inner_val_selection
future_arousal_max_delta_rows_4_10_train_q90,binary,delta_feature_mlp_residual,real_residual,20260625,3,0.15787657722830772,0.22219463827088565,9.374533472281121e-05,inner_val_pr_auc_delta_vs_frozen_ar,0.002211393555626273,0.10234443843364716,0.6441611647605896,true_train_and_true_inner_val_selection
future_arousal_max_delta_rows_4_10_train_q90,binary,delta_feature_mlp_residual,real_residual,20260625,4,0.1574555914849043,0.222691105310436,0.0005902123742731746,inner_val_pr_auc_delta_vs_frozen_ar,0.0022592684254050255,0.1631527543067932,0.9377241134643555,true_train_and_true_inner_val_selection
future_arousal_max_delta_rows_4_10_train_q90,binary,delta_feature_mlp_residual,real_residual,20260625,5,0.15755922067910433,0.223800349376156,0.0016994564399931689,inner_val_pr_auc_delta_vs_frozen_ar,0.0023001739755272865,0.15338249504566193,0.9190295934677124,true_train_and_true_inner_val_selection
future_arousal_max_delta_rows_4_10_train_q90,binary,delta_feature_mlp_residual,real_residual,20260625,6,0.15705151576548815,0.22591289883997373,0.0038120059038108944,inner_val_pr_auc_delta_vs_frozen_ar,0.0023465147241950035,0.12790632247924805,0.83824223279953,true_train_and_true_inner_val_selection
future_arousal_max_delta_rows_4_10_train_q90,binary,delta_feature_mlp_residual,real_residual,20260625,7,0.15658411104232073,0.22950492044446297,0.007404027508300132,inner_val_pr_auc_delta_vs_frozen_ar,0.0023943420965224504,0.11218941956758499,0.7585969567298889,true_train_and_true_inner_val_selection
future_arousal_max_delta_rows_4_10_train_q90,binary,delta_feature_mlp_residual,real_residual,20260625,8,0.1562161697074771,0.23425311348906566,0.012152220552902826,inner_val_pr_auc_delta_vs_frozen_ar,0.002441935706883669,0.11020731925964355,0.7534307241439819,true_train_and_true_inner_val_selection
future_arousal_max_delta_rows_4_10_train_q90,binary,delta_feature_mlp_residual,real_residual,20260625,9,0.15524014085531235,0.23851949613955997,0.016418603203397136,inner_val_pr_auc_delta_vs_frozen_ar,0.002487048041075468,0.10557360202074051,0.735012412071228,true_train_and_true_inner_val_selection
future_arousal_max_delta_rows_4_10_train_q90,binary,delta_feature_mlp_residual,real_residual,20260625,10,0.15494493395090103,0.24160701249009298,0.01950611955393014,inner_val_pr_auc_delta_vs_frozen_ar,0.002522871596738696,0.09718377888202667,0.6790748238563538,true_train_and_true_inner_val_selection
future_arousal_max_delta_rows_4_10_train_q90,binary,delta_feature_mlp_residual,real_residual,20260625,11,0.15430990885943174,0.24301772278370898,0.020916829847546142,inner_val_pr_auc_delta_vs_frozen_ar,0.0025501889176666737,0.09448825567960739,0.6618675589561462,true_train_and_true_inner_val_selection
future_arousal_max_delta_rows_4_10_train_q90,binary,delta_feature_mlp_residual,real_residual,20260625,12,0.15404681116342545,0.2425434377348058,0.020442544798642964,inner_val_pr_auc_delta_vs_frozen_ar,0.0025701967533677816,0.09591837972402573,0.6732089519500732,true_train_and_true_inner_val_selection
future_arousal_max_delta_rows_4_10_train_q90,binary,delta_feature_mlp_residual,real_residual,20260625,13,0.15395971294492483,0.24197694169759407,0.01987604876143123,inner_val_pr_auc_delta_vs_frozen_ar,0.0025869933888316154,0.0970078706741333,0.6782212853431702,true_train_and_true_inner_val_selection
future_arousal_max_delta_rows_4_10_train_q90,binary,delta_feature_mlp_residual,real_residual,20260625,14,0.15366698522120714,0.24106156625452346,0.018960673318360627,inner_val_pr_auc_delta_vs_frozen_ar,0.002599777188152075,0.10034503787755966,0.698856770992279,true_train_and_true_inner_val_selection
future_arousal_max_delta_rows_4_10_train_q90,binary,delta_feature_mlp_residual,real_residual,20260625,15,0.15347283985465765,0.24022726188502044,0.018126368948857607,inner_val_pr_auc_delta_vs_frozen_ar,0.002612304873764515,0.1029951274394989,0.7127249240875244,true_train_and_true_inner_val_selection
future_arousal_max_delta_rows_4_10_train_q90,binary,delta_feature_mlp_residual,real_residual,20260625,16,0.15347370132803917,0.2395490925653817,0.01744819962921887,inner_val_pr_auc_delta_vs_frozen_ar,0.0026253503747284412,0.10459156334400177,0.7259684205055237,true_train_and_true_inner_val_selection
future_arousal_max_delta_rows_4_10_train_q90,binary,delta_feature_mlp_residual,real_residual,20260625,17,0.15316302981227636,0.23865646148661224,0.0165555685504494,inner_val_pr_auc_delta_vs_frozen_ar,0.0026384645607322454,0.10745545476675034,0.7405452132225037,true_train_and_true_inner_val_selection
future_arousal_max_delta_rows_4_10_train_q90,binary,delta_feature_mlp_residual,real_residual,20260625,18,0.15325096528977156,0.23830086590654376,0.01619997297038092,inner_val_pr_auc_delta_vs_frozen_ar,0.0026522630359977484,0.11015831679105759,0.756399929523468,true_train_and_true_inner_val_selection
future_arousal_max_delta_rows_4_10_train_q90,binary,delta_feature_mlp_residual,real_residual,20260625,19,0.15292946714907885,0.2379432758555876,0.015842382919424775,inner_val_pr_auc_delta_vs_frozen_ar,0.0026646393816918135,0.11242301762104034,0.7679438591003418,true_train_and_true_inner_val_selection
future_arousal_max_delta_rows_4_10_train_q90,binary,delta_feature_mlp_residual,shuffled_pca_residual,20260625,1,0.15787928085774183,0.22205650862595552,-4.4384310207312705e-05,inner_val_pr_auc_delta_vs_frozen_ar,0.002144397934898734,0.02089281566441059,0.047177430242300034,true_train_and_true_inner_val_selection
future_arousal_max_delta_rows_4_10_train_q90,binary,delta_feature_mlp_residual,shuffled_pca_residual,20260625,2,0.15761903300881386,0.2220913430850153,-9.549851147538924e-06,inner_val_pr_auc_delta_vs_frozen_ar,0.00215587648563087,0.030953723937273026,0.10541849583387375,true_train_and_true_inner_val_selection
future_arousal_max_delta_rows_4_10_train_q90,binary,delta_feature_mlp_residual,shuffled_pca_residual,20260625,3,0.1579470755532384,0.2220970905430243,-3.802393138546689e-06,inner_val_pr_auc_delta_vs_frozen_ar,0.0021987741347402334,0.0938420370221138,0.5223187804222107,true_train_and_true_inner_val_selection
future_arousal_max_delta_rows_4_10_train_q90,binary,delta_feature_mlp_residual,shuffled_pca_residual,20260625,4,0.15778770577162504,0.22219471791754714,9.382498138429951e-05,inner_val_pr_auc_delta_vs_frozen_ar,0.002247487660497427,0.17825151979923248,0.9346412420272827,true_train_and_true_inner_val_selection
future_arousal_max_delta_rows_4_10_train_q90,binary,delta_feature_mlp_residual,shuffled_pca_residual,20260625,5,0.15769137907773256,0.2222244923604905,0.00012359942432765836,inner_val_pr_auc_delta_vs_frozen_ar,0.0022732389625161886,0.21428407728672028,0.9809292554855347,true_train_and_true_inner_val_selection
future_arousal_max_delta_rows_4_10_train_q90,binary,delta_feature_mlp_residual,shuffled_pca_residual,20260625,6,0.15758574940264225,0.22234159878420975,0.0002407058480469182,inner_val_pr_auc_delta_vs_frozen_ar,0.002303534187376499,0.2231520414352417,0.9856665730476379,true_train_and_true_inner_val_selection
future_arousal_max_delta_rows_4_10_train_q90,binary,delta_feature_mlp_residual,shuffled_pca_residual,20260625,7,0.1575478706508875,0.22246164674880653,0.00036075381264369377,inner_val_pr_auc_delta_vs_frozen_ar,0.002343677682802081,0.22055934369564056,0.9836122989654541,true_train_and_true_inner_val_selection
future_arousal_max_delta_rows_4_10_train_q90,binary,delta_feature_mlp_residual,shuffled_pca_residual,20260625,8,0.15726164542138577,0.22240977283954116,0.0003088799033783285,inner_val_pr_auc_delta_vs_frozen_ar,0.0023836735635995865,0.21196171641349792,0.9775505661964417,true_train_and_true_inner_val_selection
future_arousal_max_delta_rows_4_10_train_q90,binary,delta_feature_mlp_residual,shuffled_pca_residual,20260625,9,0.1570446966215968,0.22202467785382124,-7.621508234159635e-05,inner_val_pr_auc_delta_vs_frozen_ar,0.002422593766823411,0.2043655514717102,0.9713789820671082,true_train_and_true_inner_val_selection
future_arousal_max_delta_rows_4_10_train_q90,binary,delta_feature_mlp_residual,shuffled_pca_residual,20260625,10,0.1570893507450819,0.2213315051844564,-0.0007693877517064296,inner_val_pr_auc_delta_vs_frozen_ar,0.002457232214510441,0.19501273334026337,0.9601451754570007,true_train_and_true_inner_val_selection
future_arousal_max_delta_rows_4_10_train_q90,binary,delta_feature_mlp_residual,shuffled_pca_residual,20260625,11,0.15688419062644243,0.22083484671325052,-0.0012660462229123204,inner_val_pr_auc_delta_vs_frozen_ar,0.0024875516537576914,0.19263233244419098,0.9561616778373718,true_train_and_true_inner_val_selection
future_arousal_max_delta_rows_4_10_train_q90,binary,delta_feature_mlp_residual,shuffled_pca_residual,20260625,12,0.1568293534219265,0.22014318228193647,-0.001957710654226369,inner_val_pr_auc_delta_vs_frozen_ar,0.002516028471291065,0.19217216968536377,0.9567784667015076,true_train_and_true_inner_val_selection
future_arousal_max_delta_rows_4_10_train_q90,binary,delta_feature_mlp_residual,shuffled_pca_residual,20260625,13,0.1566223930567503,0.21970243500165462,-0.0023984579345082135,inner_val_pr_auc_delta_vs_frozen_ar,0.0025403585750609636,0.19143804907798767,0.9571607708930969,true_train_and_true_inner_val_selection
future_arousal_max_delta_rows_4_10_train_q90,binary,delta_feature_mlp_residual,shuffled_pca_residual,20260625,14,0.15647108387202024,0.21958712662358562,-0.0025137663125772147,inner_val_pr_auc_delta_vs_frozen_ar,0.0025605596601963043,0.19018833339214325,0.9569676518440247,true_train_and_true_inner_val_selection
future_arousal_max_delta_rows_4_10_train_q90,binary,delta_feature_mlp_residual,shuffled_pca_residual,20260625,15,0.15638000704348087,0.21926109223305645,-0.002839800703106382,inner_val_pr_auc_delta_vs_frozen_ar,0.002581298351287842,0.19750946760177612,0.9671677947044373,true_train_and_true_inner_val_selection
future_arousal_max_delta_rows_4_10_train_q90,binary,delta_feature_mlp_residual,random_pca_residual,20260625,1,0.1579039040952921,0.2220831514839924,-1.7741452170427774e-05,inner_val_pr_auc_delta_vs_frozen_ar,0.0021482263691723347,0.020717129111289978,0.0455065481364727,true_train_and_true_inner_val_selection
future_arousal_max_delta_rows_4_10_train_q90,binary,delta_feature_mlp_residual,random_pca_residual,20260625,2,0.15766100492328405,0.22211106719971524,1.0174263552403806e-05,inner_val_pr_auc_delta_vs_frozen_ar,0.0021709869615733624,0.03260940685868263,0.11209031194448471,true_train_and_true_inner_val_selection
future_arousal_max_delta_rows_4_10_train_q90,binary,delta_feature_mlp_residual,random_pca_residual,20260625,3,0.15780884306877851,0.22213894840718296,3.805547102012086e-05,inner_val_pr_auc_delta_vs_frozen_ar,0.0022143812384456396,0.09976035356521606,0.5752707123756409,true_train_and_true_inner_val_selection
future_arousal_max_delta_rows_4_10_train_q90,binary,delta_feature_mlp_residual,random_pca_residual,20260625,4,0.1578146768733859,0.22222817967800546,0.00012728674184261934,inner_val_pr_auc_delta_vs_frozen_ar,0.0022590032313019037,0.17896249890327454,0.9402315616607666,true_train_and_true_inner_val_selection
future_arousal_max_delta_rows_4_10_train_q90,binary,delta_feature_mlp_residual,random_pca_residual,20260625,5,0.1574900969862938,0.2223344096943173,0.00023351675815447281,inner_val_pr_auc_delta_vs_frozen_ar,0.0022822997998446226,0.21351249516010284,0.9816909432411194,true_train_and_true_inner_val_selection
future_arousal_max_delta_rows_4_10_train_q90,binary,delta_feature_mlp_residual,random_pca_residual,20260625,6,0.15745087899267673,0.2224427854438343,0.0003418925076714707,inner_val_pr_auc_delta_vs_frozen_ar,0.0023106855805963278,0.22135277092456818,0.985532283782959,true_train_and_true_inner_val_selection
future_arousal_max_delta_rows_4_10_train_q90,binary,delta_feature_mlp_residual,random_pca_residual,20260625,7,0.15762529522180557,0.2225075668348377,0.00040667389867485304,inner_val_pr_auc_delta_vs_frozen_ar,0.0023497685324400663,0.21903538703918457,0.9831497669219971,true_train_and_true_inner_val_selection
future_arousal_max_delta_rows_4_10_train_q90,binary,delta_feature_mlp_residual,random_pca_residual,20260625,8,0.15741056203842163,0.22249651316104063,0.00039562022487779624,inner_val_pr_auc_delta_vs_frozen_ar,0.0023906524293124676,0.2102028727531433,0.9758288860321045,true_train_and_true_inner_val_selection
future_arousal_max_delta_rows_4_10_train_q90,binary,delta_feature_mlp_residual,random_pca_residual,20260625,9,0.15716873854398727,0.22210504224284217,4.149306679329667e-06,inner_val_pr_auc_delta_vs_frozen_ar,0.0024316366761922836,0.20173151791095734,0.9672848582267761,true_train_and_true_inner_val_selection
future_arousal_max_delta_rows_4_10_train_q90,binary,delta_feature_mlp_residual,random_pca_residual,20260625,10,0.15720243845134974,0.22119125094047398,-0.0009096419956888535,inner_val_pr_auc_delta_vs_frozen_ar,0.0024681228678673506,0.1942986249923706,0.9574733376502991,true_train_and_true_inner_val_selection
future_arousal_max_delta_rows_4_10_train_q90,binary,delta_feature_mlp_residual,random_pca_residual,20260625,11,0.15697445068508387,0.22063347369143727,-0.0014674192447255707,inner_val_pr_auc_delta_vs_frozen_ar,0.0024990153033286333,0.18605580925941467,0.9443542957305908,true_train_and_true_inner_val_selection
future_arousal_max_delta_rows_4_10_train_q90,binary,delta_feature_mlp_residual,random_pca_residual,20260625,12,0.15647167898714542,0.22002025606289444,-0.002080636873268399,inner_val_pr_auc_delta_vs_frozen_ar,0.0025261242408305407,0.17988504469394684,0.9352083802223206,true_train_and_true_inner_val_selection
future_arousal_max_delta_rows_4_10_train_q90,binary,delta_feature_mlp_residual,random_pca_residual,20260625,13,0.1564227007329464,0.21950891969948857,-0.002591973236674261,inner_val_pr_auc_delta_vs_frozen_ar,0.0025509034749120474,0.18332049250602722,0.9431852102279663,true_train_and_true_inner_val_selection
future_arousal_max_delta_rows_4_10_train_q90,binary,delta_feature_mlp_residual,random_pca_residual,20260625,14,0.1562104169279337,0.2192602164474835,-0.0028406764886793334,inner_val_pr_auc_delta_vs_frozen_ar,0.0025729991029947996,0.18198256194591522,0.9421547055244446,true_train_and_true_inner_val_selection
future_arousal_max_delta_rows_4_10_train_q90,binary,delta_feature_mlp_residual,random_pca_residual,20260625,15,0.15608398150652647,0.21892401680164975,-0.0031768761345130903,inner_val_pr_auc_delta_vs_frozen_ar,0.002593880519270897,0.18486753106117249,0.947935163974762,true_train_and_true_inner_val_selection
future_arousal_max_delta_rows_4_10_train_q90,binary,delta_feature_mlp_residual,label_permutation_residual,20260625,1,0.18427971005439758,0.09955718360656049,-1.0373325056628468e-05,inner_val_pr_auc_delta_vs_frozen_ar,0.0021464447490870953,0.01965096779167652,0.04159707576036453,permuted_train_and_permuted_inner_val_selection
future_arousal_max_delta_rows_4_10_train_q90,binary,delta_feature_mlp_residual,label_permutation_residual,20260625,2,0.18444888293743134,0.09955903515499522,-8.521776621903121e-06,inner_val_pr_auc_delta_vs_frozen_ar,0.0021546301431953907,0.025226488709449768,0.07304597645998001,permuted_train_and_permuted_inner_val_selection
future_arousal_max_delta_rows_4_10_train_q90,binary,delta_feature_mlp_residual,label_permutation_residual,20260625,3,0.18452399130910635,0.09955954274196899,-8.014189648131165e-06,inner_val_pr_auc_delta_vs_frozen_ar,0.0021926548797637224,0.06927449256181717,0.368897020816803,permuted_train_and_permuted_inner_val_selection
future_arousal_max_delta_rows_4_10_train_q90,binary,delta_feature_mlp_residual,label_permutation_residual,20260625,4,0.1844445215538144,0.09956165169047751,-5.9052411396087745e-06,inner_val_pr_auc_delta_vs_frozen_ar,0.002240079687908292,0.1540975123643875,0.908841073513031,permuted_train_and_permuted_inner_val_selection
future_arousal_max_delta_rows_4_10_train_q90,binary,delta_feature_mlp_residual,label_permutation_residual,20260625,5,0.18423028476536274,0.09955542921901711,-1.2127712600007445e-05,inner_val_pr_auc_delta_vs_frozen_ar,0.002260759240016341,0.20699597895145416,0.9871593117713928,permuted_train_and_permuted_inner_val_selection
future_arousal_max_delta_rows_4_10_train_q90,binary,delta_feature_mlp_residual,label_permutation_residual,20260625,6,0.1844962490722537,0.09956383473411456,-3.722197502553648e-06,inner_val_pr_auc_delta_vs_frozen_ar,0.0022744920570403337,0.2308475226163864,0.9947186708450317,permuted_train_and_permuted_inner_val_selection
future_arousal_max_delta_rows_4_10_train_q90,binary,delta_feature_mlp_residual,label_permutation_residual,20260625,7,0.18445673864334822,0.09958199975097815,1.444281936102687e-05,inner_val_pr_auc_delta_vs_frozen_ar,0.0022948060650378466,0.2443893700838089,0.996889054775238,permuted_train_and_permuted_inner_val_selection
future_arousal_max_delta_rows_4_10_train_q90,binary,delta_feature_mlp_residual,label_permutation_residual,20260625,8,0.1843476351350546,0.0995719146955116,4.357763894485833e-06,inner_val_pr_auc_delta_vs_frozen_ar,0.0023159408010542393,0.25282108783721924,0.9977436661720276,permuted_train_and_permuted_inner_val_selection
future_arousal_max_delta_rows_4_10_train_q90,binary,delta_feature_mlp_residual,label_permutation_residual,20260625,9,0.18432696629315615,0.09957468425852908,7.1273269119653815e-06,inner_val_pr_auc_delta_vs_frozen_ar,0.0023459766525775194,0.2591095566749573,0.9982885122299194,permuted_train_and_permuted_inner_val_selection
future_arousal_max_delta_rows_4_10_train_q90,binary,delta_feature_mlp_residual,label_permutation_residual,20260625,10,0.18414002284407616,0.09957741913471968,9.862203102561917e-06,inner_val_pr_auc_delta_vs_frozen_ar,0.00237799109891057,0.2635433077812195,0.9985212087631226,permuted_train_and_permuted_inner_val_selection
future_arousal_max_delta_rows_4_10_train_q90,binary,delta_feature_mlp_residual,label_permutation_residual,20260625,11,0.18394004181027412,0.09959167671566739,2.4119784050272153e-05,inner_val_pr_auc_delta_vs_frozen_ar,0.0024124367628246546,0.26880180835723877,0.998869001865387,permuted_train_and_permuted_inner_val_selection
future_arousal_max_delta_rows_4_10_train_q90,binary,delta_feature_mlp_residual,label_permutation_residual,20260625,12,0.18410728313028812,0.0996077867449495,4.022981333237641e-05,inner_val_pr_auc_delta_vs_frozen_ar,0.0024482659064233303,0.272121399641037,0.9990690350532532,permuted_train_and_permuted_inner_val_selection
future_arousal_max_delta_rows_4_10_train_q90,binary,delta_feature_mlp_residual,label_permutation_residual,20260625,13,0.18376621417701244,0.09962055852133996,5.300158972283697e-05,inner_val_pr_auc_delta_vs_frozen_ar,0.002484687138348818,0.27555787563323975,0.9992332458496094,permuted_train_and_permuted_inner_val_selection
future_arousal_max_delta_rows_4_10_train_q90,binary,delta_feature_mlp_residual,label_permutation_residual,20260625,14,0.1840099971741438,0.09965240053886876,8.484360725163897e-05,inner_val_pr_auc_delta_vs_frozen_ar,0.002520211273804307,0.2802894413471222,0.9994098544120789,permuted_train_and_permuted_inner_val_selection
future_arousal_max_delta_rows_4_10_train_q90,binary,delta_feature_mlp_residual,label_permutation_residual,20260625,15,0.18374683894217014,0.09968511651672046,0.00011755958510334397,inner_val_pr_auc_delta_vs_frozen_ar,0.002555204788222909,0.2851073741912842,0.9995697140693665,permuted_train_and_permuted_inner_val_selection
future_arousal_max_delta_rows_4_10_train_q90,binary,delta_feature_mlp_residual,label_permutation_residual,20260625,16,0.18355256132781506,0.0996980261051219,0.00013046917350478804,inner_val_pr_auc_delta_vs_frozen_ar,0.002586717251688242,0.2870965301990509,0.9996341466903687,permuted_train_and_permuted_inner_val_selection
future_arousal_max_delta_rows_4_10_train_q90,binary,delta_feature_mlp_residual,label_permutation_residual,20260625,17,0.18385736178606749,0.09968111814770499,0.00011356121608786796,inner_val_pr_auc_delta_vs_frozen_ar,0.002618964295834303,0.29072433710098267,0.9997163414955139,permuted_train_and_permuted_inner_val_selection
future_arousal_max_delta_rows_4_10_train_q90,binary,delta_feature_mlp_residual,label_permutation_residual,20260625,18,0.183320383541286,0.09971595987957652,0.00014840294795939735,inner_val_pr_auc_delta_vs_frozen_ar,0.0026492506731301546,0.2944909930229187,0.9997912049293518,permuted_train_and_permuted_inner_val_selection
future_arousal_max_delta_rows_4_10_train_q90,binary,delta_feature_mlp_residual,label_permutation_residual,20260625,19,0.18326415494084358,0.09961885165819293,5.1294726575806804e-05,inner_val_pr_auc_delta_vs_frozen_ar,0.0026791542768478394,0.29817283153533936,0.9998416900634766,permuted_train_and_permuted_inner_val_selection
future_arousal_max_delta_rows_4_10_train_q90,binary,delta_feature_mlp_residual,label_permutation_residual,20260625,20,0.1833481267094612,0.09958095849837165,1.3401566754528416e-05,inner_val_pr_auc_delta_vs_frozen_ar,0.002707825042307377,0.3007468581199646,0.9998741149902344,permuted_train_and_permuted_inner_val_selection
future_arousal_max_delta_rows_4_10_train_q90,binary,delta_feature_mlp_residual,label_permutation_residual,20260625,21,0.1832292815670371,0.09957539016548572,7.833233868603795e-06,inner_val_pr_auc_delta_vs_frozen_ar,0.0027358343359082937,0.3028320372104645,0.9998962879180908,permuted_train_and_permuted_inner_val_selection
future_arousal_max_delta_rows_4_10_train_q90,binary,delta_feature_mlp_residual,label_permutation_residual,20260625,22,0.18286608438938856,0.0995606348955224,-6.922036094716977e-06,inner_val_pr_auc_delta_vs_frozen_ar,0.0027636191807687283,0.3040454685688019,0.9999074935913086,permuted_train_and_permuted_inner_val_selection
future_arousal_max_delta_rows_4_10_train_q90,binary,delta_feature_mlp_residual,label_permutation_residual,20260625,23,0.18273262679576874,0.09951669587481449,-5.086105680263131e-05,inner_val_pr_auc_delta_vs_frozen_ar,0.002789266174659133,0.3061998188495636,0.9999220371246338,permuted_train_and_permuted_inner_val_selection
future_arousal_max_delta_rows_4_10_train_q90,binary,delta_feature_mlp_residual,label_permutation_residual,20260625,24,0.18293841183185577,0.09946350850122193,-0.00010404843039518719,inner_val_pr_auc_delta_vs_frozen_ar,0.0028151811566203833,0.307701051235199,0.9999316334724426,permuted_train_and_permuted_inner_val_selection
future_arousal_max_delta_rows_4_10_train_q90,binary,delta_feature_mlp_residual,label_permutation_residual,20260625,25,0.1824688706547022,0.09944109183487289,-0.0001264650967442299,inner_val_pr_auc_delta_vs_frozen_ar,0.0028410020750015974,0.3090221881866455,0.9999384880065918,permuted_train_and_permuted_inner_val_selection
future_arousal_max_delta_rows_4_10_train_q90,binary,delta_feature_mlp_residual,label_permutation_residual,20260625,26,0.182449946179986,0.09941529905376519,-0.0001522578778519329,inner_val_pr_auc_delta_vs_frozen_ar,0.0028641854878515005,0.30934035778045654,0.9999406933784485,permuted_train_and_permuted_inner_val_selection
future_arousal_max_delta_rows_4_10_train_q90,binary,delta_feature_mlp_residual,train_only_video_mean_residual,20260625,1,0.15763576235622168,0.2221046309725532,3.738036390366073e-06,inner_val_pr_auc_delta_vs_frozen_ar,0.0021725238766521215,0.018599143251776695,0.029317151755094528,true_train_and_true_inner_val_selection
future_arousal_max_delta_rows_4_10_train_q90,binary,delta_feature_mlp_residual,train_only_video_mean_residual,20260625,2,0.1577334050089121,0.22211803496043442,1.7142024271582512e-05,inner_val_pr_auc_delta_vs_frozen_ar,0.002204946707934141,0.02527206391096115,0.06948259472846985,true_train_and_true_inner_val_selection
future_arousal_max_delta_rows_4_10_train_q90,binary,delta_feature_mlp_residual,train_only_video_mean_residual,20260625,3,0.15799828432500362,0.22221358645295247,0.0001126935167896359,inner_val_pr_auc_delta_vs_frozen_ar,0.002236161846667528,0.08324304223060608,0.48094305396080017,true_train_and_true_inner_val_selection
future_arousal_max_delta_rows_4_10_train_q90,binary,delta_feature_mlp_residual,train_only_video_mean_residual,20260625,4,0.15770082641392946,0.22245934149839197,0.00035844856222913557,inner_val_pr_auc_delta_vs_frozen_ar,0.002275872277095914,0.16650791466236115,0.9327124357223511,true_train_and_true_inner_val_selection
future_arousal_max_delta_rows_4_10_train_q90,binary,delta_feature_mlp_residual,train_only_video_mean_residual,20260625,5,0.15752946957945824,0.22279835238308066,0.0006974594469178197,inner_val_pr_auc_delta_vs_frozen_ar,0.002316567348316312,0.20238281786441803,0.9840697050094604,true_train_and_true_inner_val_selection
future_arousal_max_delta_rows_4_10_train_q90,binary,delta_feature_mlp_residual,train_only_video_mean_residual,20260625,6,0.15715045761317015,0.22292692277851298,0.00082602984235014,inner_val_pr_auc_delta_vs_frozen_ar,0.002356066834181547,0.2137387990951538,0.9900491237640381,true_train_and_true_inner_val_selection
future_arousal_max_delta_rows_4_10_train_q90,binary,delta_feature_mlp_residual,train_only_video_mean_residual,20260625,7,0.15711577609181404,0.2225388817131008,0.0004379887769379587,inner_val_pr_auc_delta_vs_frozen_ar,0.00239722547121346,0.214925616979599,0.989867627620697,true_train_and_true_inner_val_selection
future_arousal_max_delta_rows_4_10_train_q90,binary,delta_feature_mlp_residual,train_only_video_mean_residual,20260625,8,0.15710102301090956,0.22241948361882835,0.00031859068266551493,inner_val_pr_auc_delta_vs_frozen_ar,0.0024323230609297752,0.20638859272003174,0.9839451313018799,true_train_and_true_inner_val_selection
future_arousal_max_delta_rows_4_10_train_q90,binary,delta_feature_mlp_residual,train_only_video_mean_residual,20260625,9,0.1567811481654644,0.22231547436981305,0.0002145814336502183,inner_val_pr_auc_delta_vs_frozen_ar,0.0024630504194647074,0.197725310921669,0.9747157096862793,true_train_and_true_inner_val_selection
future_arousal_max_delta_rows_4_10_train_q90,binary,delta_feature_mlp_residual,train_only_video_mean_residual,20260625,10,0.15660333260893822,0.22243737654921658,0.0003364836130537452,inner_val_pr_auc_delta_vs_frozen_ar,0.0024888813495635986,0.19146524369716644,0.9654829502105713,true_train_and_true_inner_val_selection
future_arousal_max_delta_rows_4_10_train_q90,binary,delta_feature_mlp_residual,train_only_video_mean_residual,20260625,11,0.1564782839268446,0.22226917392882609,0.00016828099266325003,inner_val_pr_auc_delta_vs_frozen_ar,0.0025166855193674564,0.18904447555541992,0.9590399861335754,true_train_and_true_inner_val_selection
future_arousal_max_delta_rows_4_10_train_q90,binary,delta_feature_mlp_residual,train_only_video_mean_residual,20260625,12,0.15608611702919006,0.22239608624944388,0.00029519331328103915,inner_val_pr_auc_delta_vs_frozen_ar,0.0025405599735677242,0.18869999051094055,0.9577794671058655,true_train_and_true_inner_val_selection
future_arousal_max_delta_rows_4_10_train_q90,binary,delta_feature_mlp_residual,train_only_video_mean_residual,20260625,13,0.1560822855681181,0.22291240514052613,0.0008115122043632905,inner_val_pr_auc_delta_vs_frozen_ar,0.00256089074537158,0.19043567776679993,0.9622319340705872,true_train_and_true_inner_val_selection
future_arousal_max_delta_rows_4_10_train_q90,binary,delta_feature_mlp_residual,train_only_video_mean_residual,20260625,14,0.15568970795720816,0.22287589407966185,0.0007750011434990156,inner_val_pr_auc_delta_vs_frozen_ar,0.002584776608273387,0.19319729506969452,0.9654664397239685,true_train_and_true_inner_val_selection
future_arousal_max_delta_rows_4_10_train_q90,binary,delta_feature_mlp_residual,diagnostics_only_residual,20260625,1,0.1575967464596033,0.2220945333740166,-6.359562146229791e-06,inner_val_pr_auc_delta_vs_frozen_ar,0.0021544867195189,0.02399611845612526,0.06341883540153503,true_train_and_true_inner_val_selection
future_arousal_max_delta_rows_4_10_train_q90,binary,delta_feature_mlp_residual,diagnostics_only_residual,20260625,2,0.15785403549671173,0.22210849196793844,7.599031775606946e-06,inner_val_pr_auc_delta_vs_frozen_ar,0.002190363360568881,0.0681341215968132,0.34425175189971924,true_train_and_true_inner_val_selection
future_arousal_max_delta_rows_4_10_train_q90,binary,delta_feature_mlp_residual,diagnostics_only_residual,20260625,3,0.1576097495853901,0.22221228068008236,0.00011138774391952766,inner_val_pr_auc_delta_vs_frozen_ar,0.002237228211015463,0.15498489141464233,0.8789787888526917,true_train_and_true_inner_val_selection
future_arousal_max_delta_rows_4_10_train_q90,binary,delta_feature_mlp_residual,diagnostics_only_residual,20260625,4,0.15757133904844522,0.22229383695630744,0.00019294402014460865,inner_val_pr_auc_delta_vs_frozen_ar,0.0022637618239969015,0.21166495978832245,0.9829673171043396,true_train_and_true_inner_val_selection
future_arousal_max_delta_rows_4_10_train_q90,binary,delta_feature_mlp_residual,diagnostics_only_residual,20260625,5,0.1574241779744625,0.22241548863412408,0.0003145956979612452,inner_val_pr_auc_delta_vs_frozen_ar,0.002286625560373068,0.2359193116426468,0.9934965968132019,true_train_and_true_inner_val_selection
future_arousal_max_delta_rows_4_10_train_q90,binary,delta_feature_mlp_residual,diagnostics_only_residual,20260625,6,0.15767665207386017,0.22262638928831094,0.0005254963521481026,inner_val_pr_auc_delta_vs_frozen_ar,0.0023175061214715242,0.24669481813907623,0.9959023594856262,true_train_and_true_inner_val_selection
future_arousal_max_delta_rows_4_10_train_q90,binary,delta_feature_mlp_residual,diagnostics_only_residual,20260625,7,0.15752687864005566,0.22288001743389713,0.0007791244977342904,inner_val_pr_auc_delta_vs_frozen_ar,0.002348254667595029,0.25116488337516785,0.9964892864227295,true_train_and_true_inner_val_selection
future_arousal_max_delta_rows_4_10_train_q90,binary,delta_feature_mlp_residual,diagnostics_only_residual,20260625,8,0.157613230869174,0.22297956911378988,0.0008786761776270469,inner_val_pr_auc_delta_vs_frozen_ar,0.0023791498970240355,0.2512385845184326,0.9965243339538574,true_train_and_true_inner_val_selection
future_arousal_max_delta_rows_4_10_train_q90,binary,delta_feature_mlp_residual,diagnostics_only_residual,20260625,9,0.15746058151125908,0.2230921217222807,0.000991228786117876,inner_val_pr_auc_delta_vs_frozen_ar,0.0024061808362603188,0.24962648749351501,0.9960518479347229,true_train_and_true_inner_val_selection
future_arousal_max_delta_rows_4_10_train_q90,binary,delta_feature_mlp_residual,diagnostics_only_residual,20260625,10,0.1573354797437787,0.2231017966456587,0.0010009037094958761,inner_val_pr_auc_delta_vs_frozen_ar,0.0024295016191899776,0.24468179047107697,0.9947682023048401,true_train_and_true_inner_val_selection
future_arousal_max_delta_rows_4_10_train_q90,binary,delta_feature_mlp_residual,diagnostics_only_residual,20260625,11,0.15725494641810656,0.223177551953122,0.0010766590169591639,inner_val_pr_auc_delta_vs_frozen_ar,0.002450594212859869,0.23546051979064941,0.9921578168869019,true_train_and_true_inner_val_selection
future_arousal_max_delta_rows_4_10_train_q90,binary,delta_feature_mlp_residual,diagnostics_only_residual,20260625,12,0.15728823095560074,0.22329108292479483,0.00119018998863199,inner_val_pr_auc_delta_vs_frozen_ar,0.002468446735292673,0.229398712515831,0.9896555542945862,true_train_and_true_inner_val_selection
future_arousal_max_delta_rows_4_10_train_q90,binary,delta_feature_mlp_residual,diagnostics_only_residual,20260625,13,0.15706552751362324,0.2233972748706392,0.0012963819344763705,inner_val_pr_auc_delta_vs_frozen_ar,0.0024861323181539774,0.22401604056358337,0.9870225787162781,true_train_and_true_inner_val_selection
future_arousal_max_delta_rows_4_10_train_q90,binary,delta_feature_mlp_residual,diagnostics_only_residual,20260625,14,0.15709959715604782,0.2235302828518713,0.0014293899157084566,inner_val_pr_auc_delta_vs_frozen_ar,0.0025036418810486794,0.22148653864860535,0.9853705763816833,true_train_and_true_inner_val_selection
future_arousal_max_delta_rows_4_10_train_q90,binary,delta_feature_mlp_residual,diagnostics_only_residual,20260625,15,0.1570483073592186,0.22368054944246363,0.0015796565063007917,inner_val_pr_auc_delta_vs_frozen_ar,0.0025187076535075903,0.21746951341629028,0.983265221118927,true_train_and_true_inner_val_selection
future_arousal_max_delta_rows_4_10_train_q90,binary,delta_feature_mlp_residual,diagnostics_only_residual,20260625,16,0.15694147814065218,0.22376787312888363,0.0016669801927207961,inner_val_pr_auc_delta_vs_frozen_ar,0.002533579245209694,0.21714569628238678,0.9830899834632874,true_train_and_true_inner_val_selection
future_arousal_max_delta_rows_4_10_train_q90,binary,delta_feature_mlp_residual,diagnostics_only_residual,20260625,17,0.1570111531764269,0.22394295454082808,0.0018420616046652405,inner_val_pr_auc_delta_vs_frozen_ar,0.0025477756280452013,0.21875764429569244,0.9841002821922302,true_train_and_true_inner_val_selection
future_arousal_max_delta_rows_4_10_train_q90,binary,delta_feature_mlp_residual,diagnostics_only_residual,20260625,18,0.15692933928221464,0.22416900389171407,0.0020681109555512334,inner_val_pr_auc_delta_vs_frozen_ar,0.002562763402238488,0.2164008617401123,0.9829160571098328,true_train_and_true_inner_val_selection
future_arousal_max_delta_rows_4_10_train_q90,binary,delta_feature_mlp_residual,diagnostics_only_residual,20260625,19,0.15710762236267328,0.2243596711499585,0.0022587782137956647,inner_val_pr_auc_delta_vs_frozen_ar,0.0025763658341020346,0.2161756455898285,0.9830276370048523,true_train_and_true_inner_val_selection
future_arousal_max_delta_rows_4_10_train_q90,binary,delta_feature_mlp_residual,diagnostics_only_residual,20260625,20,0.15727555379271507,0.22452335886021105,0.0024224659240482116,inner_val_pr_auc_delta_vs_frozen_ar,0.0025878807064145803,0.2158477008342743,0.9827960133552551,true_train_and_true_inner_val_selection
future_arousal_max_delta_rows_4_10_train_q90,binary,delta_feature_mlp_residual,diagnostics_only_residual,20260625,21,0.15676222648471594,0.22473967812242582,0.002638785186262982,inner_val_pr_auc_delta_vs_frozen_ar,0.002601597225293517,0.21879708766937256,0.9847169518470764,true_train_and_true_inner_val_selection
future_arousal_max_delta_rows_4_10_train_q90,binary,delta_feature_mlp_residual,diagnostics_only_residual,20260625,22,0.1569282142445445,0.22499011390023854,0.002889220964075706,inner_val_pr_auc_delta_vs_frozen_ar,0.0026126690208911896,0.2191430628299713,0.9851003885269165,true_train_and_true_inner_val_selection
future_arousal_max_delta_rows_4_10_train_q90,binary,delta_feature_mlp_residual,diagnostics_only_residual,20260625,23,0.15692828223109245,0.22527883419420572,0.0031779412580428823,inner_val_pr_auc_delta_vs_frozen_ar,0.002625688910484314,0.21848206222057343,0.9850391745567322,true_train_and_true_inner_val_selection
future_arousal_max_delta_rows_4_10_train_q90,binary,delta_feature_mlp_residual,diagnostics_only_residual,20260625,24,0.15686271339654922,0.22545677182222754,0.0033558788860647004,inner_val_pr_auc_delta_vs_frozen_ar,0.002639191225171089,0.2209165096282959,0.9864521622657776,true_train_and_true_inner_val_selection
future_arousal_max_delta_rows_4_10_train_q90,binary,delta_feature_mlp_residual,diagnostics_only_residual,20260625,25,0.156736989505589,0.22565786459762752,0.0035569716614646807,inner_val_pr_auc_delta_vs_frozen_ar,0.0026507978327572346,0.2227795124053955,0.9875462055206299,true_train_and_true_inner_val_selection
future_arousal_max_delta_rows_4_10_train_q90,binary,delta_feature_mlp_residual,diagnostics_only_residual,20260625,26,0.15701045654714108,0.22584301795753797,0.0037421250213751367,inner_val_pr_auc_delta_vs_frozen_ar,0.0026631769724190235,0.22245322167873383,0.987823486328125,true_train_and_true_inner_val_selection
future_arousal_max_delta_rows_4_10_train_q90,binary,delta_feature_mlp_residual,diagnostics_only_residual,20260625,27,0.15686662308871746,0.2261045637767197,0.004003670840556861,inner_val_pr_auc_delta_vs_frozen_ar,0.0026772539131343365,0.22364473342895508,0.9886053800582886,true_train_and_true_inner_val_selection
future_arousal_max_delta_rows_4_10_train_q90,binary,delta_feature_mlp_residual,diagnostics_only_residual,20260625,28,0.15681873727589846,0.2262612567794118,0.004160363843248971,inner_val_pr_auc_delta_vs_frozen_ar,0.002688006032258272,0.22369392216205597,0.988815426826477,true_train_and_true_inner_val_selection
future_arousal_max_delta_rows_4_10_train_q90,binary,delta_feature_mlp_residual,diagnostics_only_residual,20260625,29,0.15709259826689959,0.22643913157446394,0.004338238638301101,inner_val_pr_auc_delta_vs_frozen_ar,0.002702521625906229,0.22617655992507935,0.9899452328681946,true_train_and_true_inner_val_selection
future_arousal_max_delta_rows_4_10_train_q90,binary,delta_feature_mlp_residual,diagnostics_only_residual,20260625,30,0.15658453106880188,0.2266360862621444,0.004535193325981568,inner_val_pr_auc_delta_vs_frozen_ar,0.002714842325076461,0.2278025895357132,0.9906913042068481,true_train_and_true_inner_val_selection
future_arousal_max_delta_rows_4_10_train_q90,binary,delta_feature_mlp_residual,diagnostics_only_residual,20260625,31,0.1565133761614561,0.22679120697663926,0.004690314040476429,inner_val_pr_auc_delta_vs_frozen_ar,0.0027258177287876606,0.22831562161445618,0.9911565184593201,true_train_and_true_inner_val_selection
future_arousal_max_delta_rows_4_10_train_q90,binary,delta_feature_mlp_residual,diagnostics_only_residual,20260625,32,0.15663985162973404,0.22712514630628133,0.005024253370118498,inner_val_pr_auc_delta_vs_frozen_ar,0.002739605261012912,0.23078377544879913,0.9920227527618408,true_train_and_true_inner_val_selection
future_arousal_max_delta_rows_4_10_train_q90,binary,delta_feature_mlp_residual,diagnostics_only_residual,20260625,33,0.15679018292576075,0.22733087476456887,0.005229981828406033,inner_val_pr_auc_delta_vs_frozen_ar,0.002751247026026249,0.2310364693403244,0.992275595664978,true_train_and_true_inner_val_selection
future_arousal_max_delta_rows_4_10_train_q90,binary,delta_feature_mlp_residual,diagnostics_only_residual,20260625,34,0.1567115606740117,0.2274647326540879,0.005363839717925062,inner_val_pr_auc_delta_vs_frozen_ar,0.0027653146535158157,0.23256970942020416,0.9927407503128052,true_train_and_true_inner_val_selection
future_arousal_max_delta_rows_4_10_train_q90,binary,delta_feature_mlp_residual,diagnostics_only_residual,20260625,35,0.15668485686182976,0.22781221522807135,0.005711322291908516,inner_val_pr_auc_delta_vs_frozen_ar,0.002777598099783063,0.23332098126411438,0.9929922223091125,true_train_and_true_inner_val_selection
future_arousal_max_delta_rows_4_10_train_q90,binary,delta_feature_mlp_residual,diagnostics_only_residual,20260625,36,0.15660396683961153,0.22793563622795132,0.005834743291788486,inner_val_pr_auc_delta_vs_frozen_ar,0.0027926794718950987,0.23454630374908447,0.9934424757957458,true_train_and_true_inner_val_selection
future_arousal_max_delta_rows_4_10_train_q90,binary,delta_feature_mlp_residual,diagnostics_only_residual,20260625,37,0.1563264885917306,0.22813111904876807,0.00603022611260523,inner_val_pr_auc_delta_vs_frozen_ar,0.0028042129706591368,0.23491711914539337,0.9935081005096436,true_train_and_true_inner_val_selection
future_arousal_max_delta_rows_4_10_train_q90,binary,delta_feature_mlp_residual,diagnostics_only_residual,20260625,38,0.15653656981885433,0.22833006449199428,0.006229171555831442,inner_val_pr_auc_delta_vs_frozen_ar,0.002817493863403797,0.23577474057674408,0.9937538504600525,true_train_and_true_inner_val_selection
future_arousal_max_delta_rows_4_10_train_q90,binary,delta_feature_mlp_residual,diagnostics_only_residual,20260625,39,0.15635864157229662,0.22846360984248593,0.00636271690632309,inner_val_pr_auc_delta_vs_frozen_ar,0.002832003403455019,0.23797520995140076,0.9943146109580994,true_train_and_true_inner_val_selection
future_arousal_max_delta_rows_4_10_train_q90,binary,delta_feature_mlp_residual,diagnostics_only_residual,20260625,40,0.15635167714208364,0.22866916296016274,0.0065682700239999,inner_val_pr_auc_delta_vs_frozen_ar,0.0028436146676540375,0.23810522258281708,0.9943587779998779,true_train_and_true_inner_val_selection
future_arousal_max_delta_rows_4_10_train_q90,binary,delta_feature_mlp_residual,real_residual,20260626,1,0.15621038619428873,0.22813173896685282,-0.00011797325866602648,inner_val_pr_auc_delta_vs_frozen_ar,0.002177124610170722,0.023546801880002022,0.06403020024299622,true_train_and_true_inner_val_selection
future_arousal_max_delta_rows_4_10_train_q90,binary,delta_feature_mlp_residual,real_residual,20260626,2,0.15624174568802118,0.22823912122198298,-1.059100353587028e-05,inner_val_pr_auc_delta_vs_frozen_ar,0.0022165088448673487,0.04849483445286751,0.2185365855693817,true_train_and_true_inner_val_selection
future_arousal_max_delta_rows_4_10_train_q90,binary,delta_feature_mlp_residual,real_residual,20260626,3,0.1561023322865367,0.22848312603631138,0.0002334138107925321,inner_val_pr_auc_delta_vs_frozen_ar,0.00226481631398201,0.11802326142787933,0.7806845307350159,true_train_and_true_inner_val_selection
future_arousal_max_delta_rows_4_10_train_q90,binary,delta_feature_mlp_residual,real_residual,20260626,4,0.1558903083205223,0.22906698589699154,0.0008172736714726903,inner_val_pr_auc_delta_vs_frozen_ar,0.0023118082899600267,0.16751810908317566,0.960427463054657,true_train_and_true_inner_val_selection
future_arousal_max_delta_rows_4_10_train_q90,binary,delta_feature_mlp_residual,real_residual,20260626,5,0.15583125781267881,0.2301989650819853,0.0019492528564664657,inner_val_pr_auc_delta_vs_frozen_ar,0.00235841516405344,0.179850235581398,0.9728303551673889,true_train_and_true_inner_val_selection
future_arousal_max_delta_rows_4_10_train_q90,binary,delta_feature_mlp_residual,real_residual,20260626,6,0.15513671562075615,0.23261399590936727,0.004364283683848419,inner_val_pr_auc_delta_vs_frozen_ar,0.0024061279837042093,0.16870053112506866,0.9601272344589233,true_train_and_true_inner_val_selection
future_arousal_max_delta_rows_4_10_train_q90,binary,delta_feature_mlp_residual,real_residual,20260626,7,0.15473313070833683,0.23634779324971916,0.008098081024200315,inner_val_pr_auc_delta_vs_frozen_ar,0.002453562105074525,0.14440087974071503,0.9140629768371582,true_train_and_true_inner_val_selection
future_arousal_max_delta_rows_4_10_train_q90,binary,delta_feature_mlp_residual,real_residual,20260626,8,0.1543291211128235,0.24002986495144957,0.01178015272593072,inner_val_pr_auc_delta_vs_frozen_ar,0.002499127294868231,0.12821391224861145,0.8621039390563965,true_train_and_true_inner_val_selection
future_arousal_max_delta_rows_4_10_train_q90,binary,delta_feature_mlp_residual,real_residual,20260626,9,0.1536126798018813,0.24388851143520976,0.015638799209690912,inner_val_pr_auc_delta_vs_frozen_ar,0.0025400188751518726,0.11263943463563919,0.7846628427505493,true_train_and_true_inner_val_selection
future_arousal_max_delta_rows_4_10_train_q90,binary,delta_feature_mlp_residual,real_residual,20260626,10,0.15317946299910545,0.24574890498402813,0.01749919275850928,inner_val_pr_auc_delta_vs_frozen_ar,0.0025711460039019585,0.10116305202245712,0.7082290649414062,true_train_and_true_inner_val_selection
future_arousal_max_delta_rows_4_10_train_q90,binary,delta_feature_mlp_residual,real_residual,20260626,11,0.1525907088071108,0.2462912412034451,0.01804152897792624,inner_val_pr_auc_delta_vs_frozen_ar,0.0025939850602298975,0.10057277232408524,0.7051326632499695,true_train_and_true_inner_val_selection
future_arousal_max_delta_rows_4_10_train_q90,binary,delta_feature_mlp_residual,real_residual,20260626,12,0.1524871727451682,0.24601982132425013,0.01777010909873128,inner_val_pr_auc_delta_vs_frozen_ar,0.002613111399114132,0.10338867455720901,0.7224785089492798,true_train_and_true_inner_val_selection
future_arousal_max_delta_rows_4_10_train_q90,binary,delta_feature_mlp_residual,real_residual,20260626,13,0.15235134027898312,0.2454771824451001,0.017227470219581265,inner_val_pr_auc_delta_vs_frozen_ar,0.0026295033749192953,0.10624121874570847,0.7407246232032776,true_train_and_true_inner_val_selection
future_arousal_max_delta_rows_4_10_train_q90,binary,delta_feature_mlp_residual,real_residual,20260626,14,0.15216158237308264,0.24457738682063593,0.01632767459511708,inner_val_pr_auc_delta_vs_frozen_ar,0.0026434469036757946,0.1083475723862648,0.7451931834220886,true_train_and_true_inner_val_selection
future_arousal_max_delta_rows_4_10_train_q90,binary,delta_feature_mlp_residual,real_residual,20260626,15,0.1520688831806183,0.24398215331204948,0.01573244108653063,inner_val_pr_auc_delta_vs_frozen_ar,0.002656333614140749,0.11188222467899323,0.7687758207321167,true_train_and_true_inner_val_selection
future_arousal_max_delta_rows_4_10_train_q90,binary,delta_feature_mlp_residual,real_residual,20260626,16,0.15173706226050854,0.24341238742369242,0.015162675198173575,inner_val_pr_auc_delta_vs_frozen_ar,0.0026697039138525724,0.1157413199543953,0.7893566489219666,true_train_and_true_inner_val_selection
future_arousal_max_delta_rows_4_10_train_q90,binary,delta_feature_mlp_residual,real_residual,20260626,17,0.15152752492576838,0.24291172372730047,0.014662011501781619,inner_val_pr_auc_delta_vs_frozen_ar,0.002682366641238332,0.11616019904613495,0.7906109690666199,true_train_and_true_inner_val_selection
future_arousal_max_delta_rows_4_10_train_q90,binary,delta_feature_mlp_residual,real_residual,20260626,18,0.15153799671679735,0.24235826314138217,0.014108550915863327,inner_val_pr_auc_delta_vs_frozen_ar,0.002696337178349495,0.11798722296953201,0.7981511950492859,true_train_and_true_inner_val_selection
future_arousal_max_delta_rows_4_10_train_q90,binary,delta_feature_mlp_residual,real_residual,20260626,19,0.15145049523562193,0.2417583969399142,0.013508684714395341,inner_val_pr_auc_delta_vs_frozen_ar,0.002709244145080447,0.1201372742652893,0.8082489371299744,true_train_and_true_inner_val_selection
future_arousal_max_delta_rows_4_10_train_q90,binary,delta_feature_mlp_residual,shuffled_pca_residual,20260626,1,0.1561733651906252,0.22819973949832362,-4.997272719522994e-05,inner_val_pr_auc_delta_vs_frozen_ar,0.0021777350921183825,0.023273788392543793,0.05827031657099724,true_train_and_true_inner_val_selection
future_arousal_max_delta_rows_4_10_train_q90,binary,delta_feature_mlp_residual,shuffled_pca_residual,20260626,2,0.15624858252704144,0.22828411091460615,3.4398689087306034e-05,inner_val_pr_auc_delta_vs_frozen_ar,0.00221588765271008,0.04994674772024155,0.21625959873199463,true_train_and_true_inner_val_selection
future_arousal_max_delta_rows_4_10_train_q90,binary,delta_feature_mlp_residual,shuffled_pca_residual,20260626,3,0.15592631790786982,0.2283987011435169,0.00014898891799805525,inner_val_pr_auc_delta_vs_frozen_ar,0.002259794855490327,0.12924273312091827,0.7717952132225037,true_train_and_true_inner_val_selection
future_arousal_max_delta_rows_4_10_train_q90,binary,delta_feature_mlp_residual,shuffled_pca_residual,20260626,4,0.15601871255785227,0.22848496985294064,0.00023525762742179768,inner_val_pr_auc_delta_vs_frozen_ar,0.002301664324477315,0.19847501814365387,0.9729097485542297,true_train_and_true_inner_val_selection
future_arousal_max_delta_rows_4_10_train_q90,binary,delta_feature_mlp_residual,shuffled_pca_residual,20260626,5,0.156120041385293,0.2286571349155183,0.00040742268999946485,inner_val_pr_auc_delta_vs_frozen_ar,0.002328986767679453,0.22740665078163147,0.9909216165542603,true_train_and_true_inner_val_selection
future_arousal_max_delta_rows_4_10_train_q90,binary,delta_feature_mlp_residual,shuffled_pca_residual,20260626,6,0.15589249413460493,0.22895974976000943,0.0007100375344905874,inner_val_pr_auc_delta_vs_frozen_ar,0.0023668946232646704,0.23554053902626038,0.9935749173164368,true_train_and_true_inner_val_selection
future_arousal_max_delta_rows_4_10_train_q90,binary,delta_feature_mlp_residual,shuffled_pca_residual,20260626,7,0.15549609251320362,0.22912366022429953,0.0008739479987806831,inner_val_pr_auc_delta_vs_frozen_ar,0.002406366402283311,0.23300985991954803,0.9928243160247803,true_train_and_true_inner_val_selection
future_arousal_max_delta_rows_4_10_train_q90,binary,delta_feature_mlp_residual,shuffled_pca_residual,20260626,8,0.15562545601278543,0.22914931811493688,0.000899605889418037,inner_val_pr_auc_delta_vs_frozen_ar,0.0024452987127006054,0.22467339038848877,0.9899139404296875,true_train_and_true_inner_val_selection
future_arousal_max_delta_rows_4_10_train_q90,binary,delta_feature_mlp_residual,shuffled_pca_residual,20260626,9,0.15539621002972126,0.2288259095848677,0.0005761973593488567,inner_val_pr_auc_delta_vs_frozen_ar,0.0024807038716971874,0.21813146770000458,0.9872198104858398,true_train_and_true_inner_val_selection
future_arousal_max_delta_rows_4_10_train_q90,binary,delta_feature_mlp_residual,shuffled_pca_residual,20260626,10,0.15538357477635145,0.22843674138700787,0.00018702916148902182,inner_val_pr_auc_delta_vs_frozen_ar,0.002512944396585226,0.2134351283311844,0.9851347804069519,true_train_and_true_inner_val_selection
future_arousal_max_delta_rows_4_10_train_q90,binary,delta_feature_mlp_residual,shuffled_pca_residual,20260626,11,0.15507820714265108,0.22827969498029171,2.998275477286705e-05,inner_val_pr_auc_delta_vs_frozen_ar,0.0025391525123268366,0.20793192088603973,0.981908917427063,true_train_and_true_inner_val_selection
future_arousal_max_delta_rows_4_10_train_q90,binary,delta_feature_mlp_residual,shuffled_pca_residual,20260626,12,0.15497993770986795,0.2281603842688541,-8.932795666474758e-05,inner_val_pr_auc_delta_vs_frozen_ar,0.0025623079854995012,0.20876319706439972,0.9828069806098938,true_train_and_true_inner_val_selection
future_arousal_max_delta_rows_4_10_train_q90,binary,delta_feature_mlp_residual,shuffled_pca_residual,20260626,13,0.15474660135805607,0.22806485988390157,-0.00018485234161727537,inner_val_pr_auc_delta_vs_frozen_ar,0.0025877351872622967,0.20965589582920074,0.983860194683075,true_train_and_true_inner_val_selection
future_arousal_max_delta_rows_4_10_train_q90,binary,delta_feature_mlp_residual,shuffled_pca_residual,20260626,14,0.15472508035600185,0.22801298844696372,-0.00023672377855513127,inner_val_pr_auc_delta_vs_frozen_ar,0.002609865041449666,0.21114490926265717,0.9852994084358215,true_train_and_true_inner_val_selection
future_arousal_max_delta_rows_4_10_train_q90,binary,delta_feature_mlp_residual,shuffled_pca_residual,20260626,15,0.15464644972234964,0.227958236728591,-0.00029147549692784547,inner_val_pr_auc_delta_vs_frozen_ar,0.002634107368066907,0.21290580928325653,0.9871081113815308,true_train_and_true_inner_val_selection
future_arousal_max_delta_rows_4_10_train_q90,binary,delta_feature_mlp_residual,shuffled_pca_residual,20260626,16,0.15438315272331238,0.22783951610433725,-0.0004101961211815941,inner_val_pr_auc_delta_vs_frozen_ar,0.0026593580842018127,0.2163216769695282,0.9891038537025452,true_train_and_true_inner_val_selection
future_arousal_max_delta_rows_4_10_train_q90,binary,delta_feature_mlp_residual,random_pca_residual,20260626,1,0.1563611589372158,0.22815016891179765,-9.95433137211954e-05,inner_val_pr_auc_delta_vs_frozen_ar,0.002178167225793004,0.02280598320066929,0.05487116426229477,true_train_and_true_inner_val_selection
future_arousal_max_delta_rows_4_10_train_q90,binary,delta_feature_mlp_residual,random_pca_residual,20260626,2,0.1561138415709138,0.22822205054817987,-2.7661677338974844e-05,inner_val_pr_auc_delta_vs_frozen_ar,0.002214674372226,0.04326123744249344,0.1700608879327774,true_train_and_true_inner_val_selection
future_arousal_max_delta_rows_4_10_train_q90,binary,delta_feature_mlp_residual,random_pca_residual,20260626,3,0.15601816680282354,0.2283543636915485,0.0001046514660296427,inner_val_pr_auc_delta_vs_frozen_ar,0.0022585473489016294,0.11218210309743881,0.6829633712768555,true_train_and_true_inner_val_selection
future_arousal_max_delta_rows_4_10_train_q90,binary,delta_feature_mlp_residual,random_pca_residual,20260626,4,0.15616388712078333,0.22845928189900866,0.00020956967348981226,inner_val_pr_auc_delta_vs_frozen_ar,0.0023003891110420227,0.18480108678340912,0.9611791968345642,true_train_and_true_inner_val_selection
future_arousal_max_delta_rows_4_10_train_q90,binary,delta_feature_mlp_residual,random_pca_residual,20260626,5,0.15600816905498505,0.22854158948964898,0.0002918772641301304,inner_val_pr_auc_delta_vs_frozen_ar,0.0023305590730160475,0.22120556235313416,0.9904449582099915,true_train_and_true_inner_val_selection
future_arousal_max_delta_rows_4_10_train_q90,binary,delta_feature_mlp_residual,random_pca_residual,20260626,6,0.15596191119402647,0.22868136924100146,0.00043165701548261715,inner_val_pr_auc_delta_vs_frozen_ar,0.0023689609952270985,0.2332279086112976,0.9937814474105835,true_train_and_true_inner_val_selection
future_arousal_max_delta_rows_4_10_train_q90,binary,delta_feature_mlp_residual,random_pca_residual,20260626,7,0.1558233443647623,0.22877389843692386,0.0005241862114050144,inner_val_pr_auc_delta_vs_frozen_ar,0.002410284709185362,0.23253367841243744,0.9932240843772888,true_train_and_true_inner_val_selection
future_arousal_max_delta_rows_4_10_train_q90,binary,delta_feature_mlp_residual,random_pca_residual,20260626,8,0.155496122315526,0.22867591160991413,0.0004261993843952816,inner_val_pr_auc_delta_vs_frozen_ar,0.0024525404442101717,0.22778046131134033,0.9919968843460083,true_train_and_true_inner_val_selection
future_arousal_max_delta_rows_4_10_train_q90,binary,delta_feature_mlp_residual,random_pca_residual,20260626,9,0.15537379682064056,0.228331868203008,8.21559774891456e-05,inner_val_pr_auc_delta_vs_frozen_ar,0.002489665988832712,0.22109808027744293,0.9892343878746033,true_train_and_true_inner_val_selection
future_arousal_max_delta_rows_4_10_train_q90,binary,delta_feature_mlp_residual,random_pca_residual,20260626,10,0.1553746834397316,0.2280073356552878,-0.00024237657023104542,inner_val_pr_auc_delta_vs_frozen_ar,0.0025225519202649593,0.21553413569927216,0.9870513081550598,true_train_and_true_inner_val_selection
future_arousal_max_delta_rows_4_10_train_q90,binary,delta_feature_mlp_residual,random_pca_residual,20260626,11,0.155412957072258,0.22759427176185254,-0.0006554404636663069,inner_val_pr_auc_delta_vs_frozen_ar,0.0025484783109277487,0.21167047321796417,0.9850425124168396,true_train_and_true_inner_val_selection
future_arousal_max_delta_rows_4_10_train_q90,binary,delta_feature_mlp_residual,random_pca_residual,20260626,12,0.1548981610685587,0.22740381564734846,-0.0008458965781703853,inner_val_pr_auc_delta_vs_frozen_ar,0.0025747655890882015,0.21061469614505768,0.9849210381507874,true_train_and_true_inner_val_selection
future_arousal_max_delta_rows_4_10_train_q90,binary,delta_feature_mlp_residual,random_pca_residual,20260626,13,0.15491812117397785,0.22703853619379868,-0.0012111760317201625,inner_val_pr_auc_delta_vs_frozen_ar,0.002598875667899847,0.21240569651126862,0.9859148263931274,true_train_and_true_inner_val_selection
future_arousal_max_delta_rows_4_10_train_q90,binary,delta_feature_mlp_residual,random_pca_residual,20260626,14,0.1549631580710411,0.22694520961736506,-0.0013045026081537903,inner_val_pr_auc_delta_vs_frozen_ar,0.0026184343732893467,0.21400335431098938,0.9874489307403564,true_train_and_true_inner_val_selection
future_arousal_max_delta_rows_4_10_train_q90,binary,delta_feature_mlp_residual,random_pca_residual,20260626,15,0.15454988833516836,0.22681592534857525,-0.0014337868769435935,inner_val_pr_auc_delta_vs_frozen_ar,0.0026417304761707783,0.21454991400241852,0.9880377054214478,true_train_and_true_inner_val_selection
future_arousal_max_delta_rows_4_10_train_q90,binary,delta_feature_mlp_residual,label_permutation_residual,20260626,1,0.1939376424998045,0.10001386775909243,2.918225652728812e-05,inner_val_pr_auc_delta_vs_frozen_ar,0.002171965315937996,0.021857181563973427,0.05640094354748726,permuted_train_and_permuted_inner_val_selection
future_arousal_max_delta_rows_4_10_train_q90,binary,delta_feature_mlp_residual,label_permutation_residual,20260626,2,0.1940382905304432,0.10001294895990592,2.8263457340776954e-05,inner_val_pr_auc_delta_vs_frozen_ar,0.0022069623228162527,0.03565431758761406,0.13668417930603027,permuted_train_and_permuted_inner_val_selection
future_arousal_max_delta_rows_4_10_train_q90,binary,delta_feature_mlp_residual,label_permutation_residual,20260626,3,0.19430579897016287,0.10002721423088975,4.2528728324608966e-05,inner_val_pr_auc_delta_vs_frozen_ar,0.0022537403274327517,0.10745633393526077,0.6773305535316467,permuted_train_and_permuted_inner_val_selection
future_arousal_max_delta_rows_4_10_train_q90,binary,delta_feature_mlp_residual,label_permutation_residual,20260626,4,0.194374717772007,0.10002871985436054,4.403435179539672e-05,inner_val_pr_auc_delta_vs_frozen_ar,0.002297924365848303,0.1841185986995697,0.9712838530540466,permuted_train_and_permuted_inner_val_selection
future_arousal_max_delta_rows_4_10_train_q90,binary,delta_feature_mlp_residual,label_permutation_residual,20260626,5,0.19440988823771477,0.1000363852623303,5.169975976515584e-05,inner_val_pr_auc_delta_vs_frozen_ar,0.0022978491615504026,0.22605571150779724,0.9953612089157104,permuted_train_and_permuted_inner_val_selection
future_arousal_max_delta_rows_4_10_train_q90,binary,delta_feature_mlp_residual,label_permutation_residual,20260626,6,0.19396184664219618,0.10004400953192039,5.932402935523995e-05,inner_val_pr_auc_delta_vs_frozen_ar,0.002318957122042775,0.2465500682592392,0.998254656791687,permuted_train_and_permuted_inner_val_selection
future_arousal_max_delta_rows_4_10_train_q90,binary,delta_feature_mlp_residual,label_permutation_residual,20260626,7,0.1939390618354082,0.1000470777334901,6.239223092495416e-05,inner_val_pr_auc_delta_vs_frozen_ar,0.0023425982799381018,0.25876080989837646,0.9990764260292053,permuted_train_and_permuted_inner_val_selection
future_arousal_max_delta_rows_4_10_train_q90,binary,delta_feature_mlp_residual,label_permutation_residual,20260626,8,0.1938836220651865,0.10006001060994982,7.532510738467169e-05,inner_val_pr_auc_delta_vs_frozen_ar,0.002372038783505559,0.2660437226295471,0.9993805885314941,permuted_train_and_permuted_inner_val_selection
future_arousal_max_delta_rows_4_10_train_q90,binary,delta_feature_mlp_residual,label_permutation_residual,20260626,9,0.19392190780490637,0.10006264149536194,7.795599279679377e-05,inner_val_pr_auc_delta_vs_frozen_ar,0.00240173633210361,0.2690446674823761,0.9994913935661316,permuted_train_and_permuted_inner_val_selection
future_arousal_max_delta_rows_4_10_train_q90,binary,delta_feature_mlp_residual,label_permutation_residual,20260626,10,0.19402015767991543,0.10004850944899903,6.382394643388023e-05,inner_val_pr_auc_delta_vs_frozen_ar,0.0024339426308870316,0.27080148458480835,0.9995646476745605,permuted_train_and_permuted_inner_val_selection
future_arousal_max_delta_rows_4_10_train_q90,binary,delta_feature_mlp_residual,label_permutation_residual,20260626,11,0.19384509231895208,0.1000510160700111,6.633056744595467e-05,inner_val_pr_auc_delta_vs_frozen_ar,0.002467586426064372,0.27244701981544495,0.999639093875885,permuted_train_and_permuted_inner_val_selection
future_arousal_max_delta_rows_4_10_train_q90,binary,delta_feature_mlp_residual,label_permutation_residual,20260626,12,0.19378048367798328,0.10003617973095619,5.149422839104134e-05,inner_val_pr_auc_delta_vs_frozen_ar,0.0025029294192790985,0.2735864222049713,0.9996750950813293,permuted_train_and_permuted_inner_val_selection
future_arousal_max_delta_rows_4_10_train_q90,binary,delta_feature_mlp_residual,label_permutation_residual,20260626,13,0.19403284136205912,0.10001908088215367,3.43953795885199e-05,inner_val_pr_auc_delta_vs_frozen_ar,0.002536591375246644,0.27239835262298584,0.9996871948242188,permuted_train_and_permuted_inner_val_selection
future_arousal_max_delta_rows_4_10_train_q90,binary,delta_feature_mlp_residual,label_permutation_residual,20260626,14,0.1936803860589862,0.09998398633027082,-6.991722943244794e-07,inner_val_pr_auc_delta_vs_frozen_ar,0.0025693834759294987,0.27264875173568726,0.9997286200523376,permuted_train_and_permuted_inner_val_selection
future_arousal_max_delta_rows_4_10_train_q90,binary,delta_feature_mlp_residual,label_permutation_residual,20260626,15,0.19327770732343197,0.09999233413175623,7.648629191087108e-06,inner_val_pr_auc_delta_vs_frozen_ar,0.002602094318717718,0.27435845136642456,0.9997757077217102,permuted_train_and_permuted_inner_val_selection
future_arousal_max_delta_rows_4_10_train_q90,binary,delta_feature_mlp_residual,label_permutation_residual,20260626,16,0.19340984150767326,0.09996133679365388,-2.334870891126939e-05,inner_val_pr_auc_delta_vs_frozen_ar,0.002629890339449048,0.27401167154312134,0.9997847080230713,permuted_train_and_permuted_inner_val_selection
future_arousal_max_delta_rows_4_10_train_q90,binary,delta_feature_mlp_residual,label_permutation_residual,20260626,17,0.19307242333889008,0.0999451301782261,-3.955532433905229e-05,inner_val_pr_auc_delta_vs_frozen_ar,0.0026585529558360577,0.27501508593559265,0.9998091459274292,permuted_train_and_permuted_inner_val_selection
future_arousal_max_delta_rows_4_10_train_q90,binary,delta_feature_mlp_residual,train_only_video_mean_residual,20260626,1,0.15640355367213488,0.22808039492449028,-0.00016931730102856535,inner_val_pr_auc_delta_vs_frozen_ar,0.002171274973079562,0.01931321620941162,0.03434427082538605,true_train_and_true_inner_val_selection
future_arousal_max_delta_rows_4_10_train_q90,binary,delta_feature_mlp_residual,train_only_video_mean_residual,20260626,2,0.15618994645774364,0.22820161704119485,-4.809518432399851e-05,inner_val_pr_auc_delta_vs_frozen_ar,0.002209523692727089,0.036958225071430206,0.13953173160552979,true_train_and_true_inner_val_selection
future_arousal_max_delta_rows_4_10_train_q90,binary,delta_feature_mlp_residual,train_only_video_mean_residual,20260626,3,0.15626771748065948,0.22836516596754955,0.00011545374203070224,inner_val_pr_auc_delta_vs_frozen_ar,0.002254350343719125,0.11734691262245178,0.7176894545555115,true_train_and_true_inner_val_selection
future_arousal_max_delta_rows_4_10_train_q90,binary,delta_feature_mlp_residual,train_only_video_mean_residual,20260626,4,0.15589086059480906,0.22844756239593475,0.00019785017041590303,inner_val_pr_auc_delta_vs_frozen_ar,0.0023018689826130867,0.19613783061504364,0.9777119755744934,true_train_and_true_inner_val_selection
future_arousal_max_delta_rows_4_10_train_q90,binary,delta_feature_mlp_residual,train_only_video_mean_residual,20260626,5,0.1560288816690445,0.22863859038652037,0.00038887816100152683,inner_val_pr_auc_delta_vs_frozen_ar,0.002337103243917227,0.22748327255249023,0.9946616888046265,true_train_and_true_inner_val_selection
future_arousal_max_delta_rows_4_10_train_q90,binary,delta_feature_mlp_residual,train_only_video_mean_residual,20260626,6,0.15576575882732868,0.22886374191628378,0.0006140296907649334,inner_val_pr_auc_delta_vs_frozen_ar,0.0023807669058442116,0.23877999186515808,0.9966882467269897,true_train_and_true_inner_val_selection
future_arousal_max_delta_rows_4_10_train_q90,binary,delta_feature_mlp_residual,train_only_video_mean_residual,20260626,7,0.15557331033051014,0.22865778012993188,0.00040806790441302865,inner_val_pr_auc_delta_vs_frozen_ar,0.0024244431406259537,0.2435346245765686,0.9974234700202942,true_train_and_true_inner_val_selection
future_arousal_max_delta_rows_4_10_train_q90,binary,delta_feature_mlp_residual,train_only_video_mean_residual,20260626,8,0.15519252140074968,0.22779451842621276,-0.00045519379930608617,inner_val_pr_auc_delta_vs_frozen_ar,0.0024649358820170164,0.24099189043045044,0.9967930316925049,true_train_and_true_inner_val_selection
future_arousal_max_delta_rows_4_10_train_q90,binary,delta_feature_mlp_residual,train_only_video_mean_residual,20260626,9,0.15504065621644258,0.22771625840458543,-0.0005334538209334216,inner_val_pr_auc_delta_vs_frozen_ar,0.002500533126294613,0.233627587556839,0.9953715801239014,true_train_and_true_inner_val_selection
future_arousal_max_delta_rows_4_10_train_q90,binary,delta_feature_mlp_residual,train_only_video_mean_residual,20260626,10,0.1548761734738946,0.22734811092095988,-0.0009016013045589633,inner_val_pr_auc_delta_vs_frozen_ar,0.0025340619031339884,0.2268596589565277,0.9940384030342102,true_train_and_true_inner_val_selection
future_arousal_max_delta_rows_4_10_train_q90,binary,delta_feature_mlp_residual,train_only_video_mean_residual,20260626,11,0.15475750528275967,0.22699034802800136,-0.0012593641975174874,inner_val_pr_auc_delta_vs_frozen_ar,0.0025649121962487698,0.2239789217710495,0.993625819683075,true_train_and_true_inner_val_selection
future_arousal_max_delta_rows_4_10_train_q90,binary,delta_feature_mlp_residual,train_only_video_mean_residual,20260626,12,0.15437753405421972,0.22728360668721917,-0.0009661055382996775,inner_val_pr_auc_delta_vs_frozen_ar,0.002595366910099983,0.22468166053295135,0.9943235516548157,true_train_and_true_inner_val_selection
future_arousal_max_delta_rows_4_10_train_q90,binary,delta_feature_mlp_residual,train_only_video_mean_residual,20260626,13,0.1541453879326582,0.22719287917419648,-0.00105683305132237,inner_val_pr_auc_delta_vs_frozen_ar,0.002623077016323805,0.22625908255577087,0.995215117931366,true_train_and_true_inner_val_selection
future_arousal_max_delta_rows_4_10_train_q90,binary,delta_feature_mlp_residual,train_only_video_mean_residual,20260626,14,0.1540295835584402,0.22640215901821673,-0.0018475532073021217,inner_val_pr_auc_delta_vs_frozen_ar,0.002650943584740162,0.23224620521068573,0.996601939201355,true_train_and_true_inner_val_selection
future_arousal_max_delta_rows_4_10_train_q90,binary,delta_feature_mlp_residual,diagnostics_only_residual,20260626,1,0.15630064252763987,0.22817662206927325,-7.309015624559767e-05,inner_val_pr_auc_delta_vs_frozen_ar,0.0021800664253532887,0.02234373241662979,0.0477476604282856,true_train_and_true_inner_val_selection
future_arousal_max_delta_rows_4_10_train_q90,binary,delta_feature_mlp_residual,diagnostics_only_residual,20260626,2,0.15614855661988258,0.2281774335237831,-7.227870173573403e-05,inner_val_pr_auc_delta_vs_frozen_ar,0.0022132014855742455,0.02976604551076889,0.08401155471801758,true_train_and_true_inner_val_selection
future_arousal_max_delta_rows_4_10_train_q90,binary,delta_feature_mlp_residual,diagnostics_only_residual,20260626,3,0.1563426461070776,0.2281558807060569,-9.383151946193435e-05,inner_val_pr_auc_delta_vs_frozen_ar,0.0022478969767689705,0.05860364809632301,0.2692270576953888,true_train_and_true_inner_val_selection
future_arousal_max_delta_rows_4_10_train_q90,binary,delta_feature_mlp_residual,diagnostics_only_residual,20260626,4,0.15608212538063526,0.22817817485557118,-7.153736994766624e-05,inner_val_pr_auc_delta_vs_frozen_ar,0.00228156172670424,0.11433923244476318,0.7260603308677673,true_train_and_true_inner_val_selection
future_arousal_max_delta_rows_4_10_train_q90,binary,delta_feature_mlp_residual,diagnostics_only_residual,20260626,5,0.15622037090361118,0.22824138840998384,-8.323815535005163e-06,inner_val_pr_auc_delta_vs_frozen_ar,0.002291722223162651,0.1654544621706009,0.9337126016616821,true_train_and_true_inner_val_selection
future_arousal_max_delta_rows_4_10_train_q90,binary,delta_feature_mlp_residual,diagnostics_only_residual,20260626,6,0.1562385205179453,0.22828704686404988,3.733463853103358e-05,inner_val_pr_auc_delta_vs_frozen_ar,0.002302589826285839,0.2076861560344696,0.9809849858283997,true_train_and_true_inner_val_selection
future_arousal_max_delta_rows_4_10_train_q90,binary,delta_feature_mlp_residual,diagnostics_only_residual,20260626,7,0.1559306988492608,0.22827546603623602,2.5753810717177306e-05,inner_val_pr_auc_delta_vs_frozen_ar,0.002312046242877841,0.23982861638069153,0.9930676817893982,true_train_and_true_inner_val_selection
future_arousal_max_delta_rows_4_10_train_q90,binary,delta_feature_mlp_residual,diagnostics_only_residual,20260626,8,0.15615466330200434,0.2282694020935107,1.968986799186223e-05,inner_val_pr_auc_delta_vs_frozen_ar,0.002328289207071066,0.2604142427444458,0.9965397715568542,true_train_and_true_inner_val_selection
future_arousal_max_delta_rows_4_10_train_q90,binary,delta_feature_mlp_residual,diagnostics_only_residual,20260626,9,0.15612087678164244,0.22824458567282102,-5.126552697826137e-06,inner_val_pr_auc_delta_vs_frozen_ar,0.0023463747929781675,0.2753783166408539,0.9979652762413025,true_train_and_true_inner_val_selection
future_arousal_max_delta_rows_4_10_train_q90,binary,delta_feature_mlp_residual,diagnostics_only_residual,20260626,10,0.15613539144396782,0.22823590430608356,-1.3807919435282479e-05,inner_val_pr_auc_delta_vs_frozen_ar,0.0023648941423743963,0.2860367000102997,0.9986799955368042,true_train_and_true_inner_val_selection
future_arousal_max_delta_rows_4_10_train_q90,binary,delta_feature_mlp_residual,diagnostics_only_residual,20260626,11,0.15597320720553398,0.2282065683599837,-4.314386553513905e-05,inner_val_pr_auc_delta_vs_frozen_ar,0.0023865196853876114,0.2936287820339203,0.9990689754486084,true_train_and_true_inner_val_selection
future_arousal_max_delta_rows_4_10_train_q90,binary,delta_feature_mlp_residual,diagnostics_only_residual,20260626,12,0.15622086822986603,0.2281730430628745,-7.666916264434387e-05,inner_val_pr_auc_delta_vs_frozen_ar,0.0024105380289256573,0.3005982041358948,0.9993555545806885,true_train_and_true_inner_val_selection
future_arousal_max_delta_rows_4_10_train_q90,binary,delta_feature_mlp_residual,diagnostics_only_residual,20260626,13,0.15611507464200258,0.22809434903356307,-0.0001553631919557763,inner_val_pr_auc_delta_vs_frozen_ar,0.0024367442820221186,0.3087505102157593,0.9995509386062622,true_train_and_true_inner_val_selection
future_arousal_max_delta_rows_4_10_train_q90,binary,delta_feature_mlp_residual,diagnostics_only_residual,20260626,14,0.15607337560504675,0.22803026329473558,-0.000219448930783267,inner_val_pr_auc_delta_vs_frozen_ar,0.002462583826854825,0.31600093841552734,0.999695897102356,true_train_and_true_inner_val_selection
future_arousal_max_delta_rows_4_10_train_q90,binary,delta_feature_mlp_residual,real_residual,20260627,1,0.1556680565699935,0.22814100501096599,-5.309952205184709e-06,inner_val_pr_auc_delta_vs_frozen_ar,0.0021380651742219925,0.022338300943374634,0.047924309968948364,true_train_and_true_inner_val_selection
future_arousal_max_delta_rows_4_10_train_q90,binary,delta_feature_mlp_residual,real_residual,20260627,2,0.15606032125651836,0.2281695684805455,2.3253517374338672e-05,inner_val_pr_auc_delta_vs_frozen_ar,0.002138877520337701,0.023127583786845207,0.05310866981744766,true_train_and_true_inner_val_selection
future_arousal_max_delta_rows_4_10_train_q90,binary,delta_feature_mlp_residual,real_residual,20260627,3,0.15566043090075254,0.22813868470674942,-7.630256421753412e-06,inner_val_pr_auc_delta_vs_frozen_ar,0.0021721632219851017,0.03314677253365517,0.10492099076509476,true_train_and_true_inner_val_selection
future_arousal_max_delta_rows_4_10_train_q90,binary,delta_feature_mlp_residual,real_residual,20260627,4,0.15603074990212917,0.22805571357689047,-9.060138628069758e-05,inner_val_pr_auc_delta_vs_frozen_ar,0.002213205210864544,0.06702076643705368,0.350877970457077,true_train_and_true_inner_val_selection
future_arousal_max_delta_rows_4_10_train_q90,binary,delta_feature_mlp_residual,real_residual,20260627,5,0.1559442961588502,0.22814441192594215,-1.9030372290229636e-06,inner_val_pr_auc_delta_vs_frozen_ar,0.0022509244736284018,0.11101514846086502,0.7470317482948303,true_train_and_true_inner_val_selection
future_arousal_max_delta_rows_4_10_train_q90,binary,delta_feature_mlp_residual,real_residual,20260627,6,0.15583808813244104,0.22833376538165026,0.00018745041847909039,inner_val_pr_auc_delta_vs_frozen_ar,0.002281616209074855,0.13683640956878662,0.873858630657196,true_train_and_true_inner_val_selection
future_arousal_max_delta_rows_4_10_train_q90,binary,delta_feature_mlp_residual,real_residual,20260627,7,0.15574572794139385,0.2285360800889781,0.00038976512580693456,inner_val_pr_auc_delta_vs_frozen_ar,0.0023239287547767162,0.1415756493806839,0.892981231212616,true_train_and_true_inner_val_selection
future_arousal_max_delta_rows_4_10_train_q90,binary,delta_feature_mlp_residual,real_residual,20260627,8,0.1555482940748334,0.22885673542782808,0.0007104204646569134,inner_val_pr_auc_delta_vs_frozen_ar,0.002369783353060484,0.14160846173763275,0.8982592225074768,true_train_and_true_inner_val_selection
future_arousal_max_delta_rows_4_10_train_q90,binary,delta_feature_mlp_residual,real_residual,20260627,9,0.1555770542472601,0.22924615293042125,0.001099837967250078,inner_val_pr_auc_delta_vs_frozen_ar,0.0024152034893631935,0.14342786371707916,0.907658576965332,true_train_and_true_inner_val_selection
future_arousal_max_delta_rows_4_10_train_q90,binary,delta_feature_mlp_residual,real_residual,20260627,10,0.15483977366238832,0.22972139865387117,0.001575083690700002,inner_val_pr_auc_delta_vs_frozen_ar,0.00245878379791975,0.1446305513381958,0.9104992747306824,true_train_and_true_inner_val_selection
future_arousal_max_delta_rows_4_10_train_q90,binary,delta_feature_mlp_residual,real_residual,20260627,11,0.1548262368887663,0.22999215575054002,0.001845840787368852,inner_val_pr_auc_delta_vs_frozen_ar,0.0024998600129038095,0.14039479196071625,0.8966132998466492,true_train_and_true_inner_val_selection
future_arousal_max_delta_rows_4_10_train_q90,binary,delta_feature_mlp_residual,real_residual,20260627,12,0.15423381980508566,0.23056891535112195,0.0024226003879507796,inner_val_pr_auc_delta_vs_frozen_ar,0.002537757158279419,0.140372171998024,0.8949318528175354,true_train_and_true_inner_val_selection
future_arousal_max_delta_rows_4_10_train_q90,binary,delta_feature_mlp_residual,real_residual,20260627,13,0.15395954437553883,0.23073888247058583,0.002592567507414656,inner_val_pr_auc_delta_vs_frozen_ar,0.0025723548606038094,0.1387193500995636,0.8877957463264465,true_train_and_true_inner_val_selection
future_arousal_max_delta_rows_4_10_train_q90,binary,delta_feature_mlp_residual,real_residual,20260627,14,0.1534431353211403,0.2311694172281067,0.0030231022649355177,inner_val_pr_auc_delta_vs_frozen_ar,0.002603505738079548,0.14025580883026123,0.8949439525604248,true_train_and_true_inner_val_selection
future_arousal_max_delta_rows_4_10_train_q90,binary,delta_feature_mlp_residual,real_residual,20260627,15,0.1534618940204382,0.23126999127123204,0.0031236763080608743,inner_val_pr_auc_delta_vs_frozen_ar,0.0026347485836595297,0.13968819379806519,0.8944054245948792,true_train_and_true_inner_val_selection
future_arousal_max_delta_rows_4_10_train_q90,binary,delta_feature_mlp_residual,real_residual,20260627,16,0.152913480065763,0.23149415052150762,0.003347835558336454,inner_val_pr_auc_delta_vs_frozen_ar,0.002663126215338707,0.1381625384092331,0.8923049569129944,true_train_and_true_inner_val_selection
future_arousal_max_delta_rows_4_10_train_q90,binary,delta_feature_mlp_residual,real_residual,20260627,17,0.15275260712951422,0.23182239862952259,0.003676083666351415,inner_val_pr_auc_delta_vs_frozen_ar,0.0026901077944785357,0.13906221091747284,0.8991293907165527,true_train_and_true_inner_val_selection
future_arousal_max_delta_rows_4_10_train_q90,binary,delta_feature_mlp_residual,real_residual,20260627,18,0.15232443809509277,0.23120392451190527,0.0030576095487341026,inner_val_pr_auc_delta_vs_frozen_ar,0.0027167254593223333,0.14144748449325562,0.9081470966339111,true_train_and_true_inner_val_selection
future_arousal_max_delta_rows_4_10_train_q90,binary,delta_feature_mlp_residual,real_residual,20260627,19,0.15200122632086277,0.23115275410298736,0.003006439139816186,inner_val_pr_auc_delta_vs_frozen_ar,0.0027411789633333683,0.14124161005020142,0.9072474241256714,true_train_and_true_inner_val_selection
future_arousal_max_delta_rows_4_10_train_q90,binary,delta_feature_mlp_residual,real_residual,20260627,20,0.1518723927438259,0.23053844905766338,0.00239213409449221,inner_val_pr_auc_delta_vs_frozen_ar,0.0027639628387987614,0.14173975586891174,0.9096763730049133,true_train_and_true_inner_val_selection
future_arousal_max_delta_rows_4_10_train_q90,binary,delta_feature_mlp_residual,real_residual,20260627,21,0.15157314389944077,0.23011122890245542,0.0019649139392842463,inner_val_pr_auc_delta_vs_frozen_ar,0.0027848221361637115,0.14195160567760468,0.9134594798088074,true_train_and_true_inner_val_selection
future_arousal_max_delta_rows_4_10_train_q90,binary,delta_feature_mlp_residual,real_residual,20260627,22,0.15139633603394032,0.22936309789662265,0.0012167829334514824,inner_val_pr_auc_delta_vs_frozen_ar,0.002805560128763318,0.1426883041858673,0.9142258167266846,true_train_and_true_inner_val_selection
future_arousal_max_delta_rows_4_10_train_q90,binary,delta_feature_mlp_residual,real_residual,20260627,23,0.1509327869862318,0.22825263244388821,0.00010631748071704417,inner_val_pr_auc_delta_vs_frozen_ar,0.0028246480505913496,0.143842414021492,0.9163978099822998,true_train_and_true_inner_val_selection
future_arousal_max_delta_rows_4_10_train_q90,binary,delta_feature_mlp_residual,real_residual,20260627,24,0.15120859444141388,0.22734785900811277,-0.000798455955058397,inner_val_pr_auc_delta_vs_frozen_ar,0.0028429918456822634,0.14435391128063202,0.9185256361961365,true_train_and_true_inner_val_selection
future_arousal_max_delta_rows_4_10_train_q90,binary,delta_feature_mlp_residual,real_residual,20260627,25,0.15080207027494907,0.22691008398352575,-0.0012362309796454252,inner_val_pr_auc_delta_vs_frozen_ar,0.002859722124412656,0.14518092572689056,0.920693576335907,true_train_and_true_inner_val_selection
future_arousal_max_delta_rows_4_10_train_q90,binary,delta_feature_mlp_residual,shuffled_pca_residual,20260627,1,0.15589817706495523,0.2281415032493227,-4.8117138484737865e-06,inner_val_pr_auc_delta_vs_frozen_ar,0.0021416952367872,0.021338453516364098,0.04472340643405914,true_train_and_true_inner_val_selection
future_arousal_max_delta_rows_4_10_train_q90,binary,delta_feature_mlp_residual,shuffled_pca_residual,20260627,2,0.15593537595123053,0.22815933435167135,1.3019388500179474e-05,inner_val_pr_auc_delta_vs_frozen_ar,0.0021549337543547153,0.023336410522460938,0.05524667352437973,true_train_and_true_inner_val_selection
future_arousal_max_delta_rows_4_10_train_q90,binary,delta_feature_mlp_residual,shuffled_pca_residual,20260627,3,0.1558590643107891,0.22819935735392344,5.304239075226702e-05,inner_val_pr_auc_delta_vs_frozen_ar,0.0021868415642529726,0.04156788811087608,0.15521329641342163,true_train_and_true_inner_val_selection
future_arousal_max_delta_rows_4_10_train_q90,binary,delta_feature_mlp_residual,shuffled_pca_residual,20260627,4,0.15614034608006477,0.22823982905571777,9.351409254659826e-05,inner_val_pr_auc_delta_vs_frozen_ar,0.002223013434559107,0.10675591975450516,0.6337166428565979,true_train_and_true_inner_val_selection
future_arousal_max_delta_rows_4_10_train_q90,binary,delta_feature_mlp_residual,shuffled_pca_residual,20260627,5,0.1560968030244112,0.22837138452413167,0.00022506956096049469,inner_val_pr_auc_delta_vs_frozen_ar,0.002259897068142891,0.17735444009304047,0.9437810778617859,true_train_and_true_inner_val_selection
future_arousal_max_delta_rows_4_10_train_q90,binary,delta_feature_mlp_residual,shuffled_pca_residual,20260627,6,0.15585197415202856,0.22839726396878665,0.0002509490056154806,inner_val_pr_auc_delta_vs_frozen_ar,0.002286067698150873,0.21313653886318207,0.9835851192474365,true_train_and_true_inner_val_selection
future_arousal_max_delta_rows_4_10_train_q90,binary,delta_feature_mlp_residual,shuffled_pca_residual,20260627,7,0.1556833302602172,0.22848120277992498,0.0003348878167538094,inner_val_pr_auc_delta_vs_frozen_ar,0.0023227492347359657,0.22789119184017181,0.9902759194374084,true_train_and_true_inner_val_selection
future_arousal_max_delta_rows_4_10_train_q90,binary,delta_feature_mlp_residual,shuffled_pca_residual,20260627,8,0.15559163130819798,0.22844029273677458,0.0002939777736034044,inner_val_pr_auc_delta_vs_frozen_ar,0.002362242667004466,0.22949115931987762,0.9904389977455139,true_train_and_true_inner_val_selection
future_arousal_max_delta_rows_4_10_train_q90,binary,delta_feature_mlp_residual,shuffled_pca_residual,20260627,9,0.15529665164649487,0.2281298839241957,-1.6431038975472934e-05,inner_val_pr_auc_delta_vs_frozen_ar,0.0024022634606808424,0.2274034023284912,0.9892748594284058,true_train_and_true_inner_val_selection
future_arousal_max_delta_rows_4_10_train_q90,binary,delta_feature_mlp_residual,shuffled_pca_residual,20260627,10,0.1549592325463891,0.22759527162733037,-0.0005510433358408007,inner_val_pr_auc_delta_vs_frozen_ar,0.002438086550682783,0.21872177720069885,0.9851061701774597,true_train_and_true_inner_val_selection
future_arousal_max_delta_rows_4_10_train_q90,binary,delta_feature_mlp_residual,shuffled_pca_residual,20260627,11,0.15526422206312418,0.22719080051658364,-0.0009555144465875354,inner_val_pr_auc_delta_vs_frozen_ar,0.002466178499162197,0.2101534903049469,0.979621410369873,true_train_and_true_inner_val_selection
future_arousal_max_delta_rows_4_10_train_q90,binary,delta_feature_mlp_residual,shuffled_pca_residual,20260627,12,0.15496045537292957,0.22674979761205272,-0.0013965173511184537,inner_val_pr_auc_delta_vs_frozen_ar,0.002495542401447892,0.2074446827173233,0.9780755639076233,true_train_and_true_inner_val_selection
future_arousal_max_delta_rows_4_10_train_q90,binary,delta_feature_mlp_residual,shuffled_pca_residual,20260627,13,0.154728876426816,0.22640111585360828,-0.0017451991095628894,inner_val_pr_auc_delta_vs_frozen_ar,0.002520812675356865,0.20550955832004547,0.9759265780448914,true_train_and_true_inner_val_selection
future_arousal_max_delta_rows_4_10_train_q90,binary,delta_feature_mlp_residual,shuffled_pca_residual,20260627,14,0.15483711194247007,0.22601775581293332,-0.002128559150237852,inner_val_pr_auc_delta_vs_frozen_ar,0.0025447094812989235,0.20581747591495514,0.9760894179344177,true_train_and_true_inner_val_selection
future_arousal_max_delta_rows_4_10_train_q90,binary,delta_feature_mlp_residual,shuffled_pca_residual,20260627,15,0.15469843987375498,0.22582791137944794,-0.002318403583723233,inner_val_pr_auc_delta_vs_frozen_ar,0.002566338749602437,0.2058216631412506,0.9766845703125,true_train_and_true_inner_val_selection
future_arousal_max_delta_rows_4_10_train_q90,binary,delta_feature_mlp_residual,random_pca_residual,20260627,1,0.15620207134634256,0.22813484053579583,-1.1474427375340879e-05,inner_val_pr_auc_delta_vs_frozen_ar,0.0021390747278928757,0.02102591283619404,0.043356020003557205,true_train_and_true_inner_val_selection
future_arousal_max_delta_rows_4_10_train_q90,binary,delta_feature_mlp_residual,random_pca_residual,20260627,2,0.1559451213106513,0.228163009855853,1.6694892681828888e-05,inner_val_pr_auc_delta_vs_frozen_ar,0.0021553183905780315,0.022207463160157204,0.05023355036973953,true_train_and_true_inner_val_selection
future_arousal_max_delta_rows_4_10_train_q90,binary,delta_feature_mlp_residual,random_pca_residual,20260627,3,0.15596078801900148,0.2281931495679419,4.6834604770729094e-05,inner_val_pr_auc_delta_vs_frozen_ar,0.002182046649977565,0.032636962831020355,0.10752055794000626,true_train_and_true_inner_val_selection
future_arousal_max_delta_rows_4_10_train_q90,binary,delta_feature_mlp_residual,random_pca_residual,20260627,4,0.15573446173220873,0.22823287960920285,8.656464603168379e-05,inner_val_pr_auc_delta_vs_frozen_ar,0.0022191740572452545,0.0860062837600708,0.4784253239631653,true_train_and_true_inner_val_selection
future_arousal_max_delta_rows_4_10_train_q90,binary,delta_feature_mlp_residual,random_pca_residual,20260627,5,0.15585014875978231,0.22839172310489844,0.0002454081417272713,inner_val_pr_auc_delta_vs_frozen_ar,0.0022600062657147646,0.16314515471458435,0.9070672988891602,true_train_and_true_inner_val_selection
future_arousal_max_delta_rows_4_10_train_q90,binary,delta_feature_mlp_residual,random_pca_residual,20260627,6,0.15594275295734406,0.22841320571774848,0.00026689075457730915,inner_val_pr_auc_delta_vs_frozen_ar,0.0022933832369744778,0.2047884315252304,0.9745005369186401,true_train_and_true_inner_val_selection
future_arousal_max_delta_rows_4_10_train_q90,binary,delta_feature_mlp_residual,random_pca_residual,20260627,7,0.15545644238591194,0.22865592075287938,0.0005096057897082118,inner_val_pr_auc_delta_vs_frozen_ar,0.0023275925777852535,0.21976906061172485,0.9843786954879761,true_train_and_true_inner_val_selection
future_arousal_max_delta_rows_4_10_train_q90,binary,delta_feature_mlp_residual,random_pca_residual,20260627,8,0.15551141649484634,0.22875931012463468,0.0006129951614635143,inner_val_pr_auc_delta_vs_frozen_ar,0.00236526015214622,0.22263436019420624,0.9848721027374268,true_train_and_true_inner_val_selection
future_arousal_max_delta_rows_4_10_train_q90,binary,delta_feature_mlp_residual,random_pca_residual,20260627,9,0.15550566092133522,0.22865223083832084,0.0005059158751496706,inner_val_pr_auc_delta_vs_frozen_ar,0.0024027787148952484,0.21704162657260895,0.9807448983192444,true_train_and_true_inner_val_selection
future_arousal_max_delta_rows_4_10_train_q90,binary,delta_feature_mlp_residual,random_pca_residual,20260627,10,0.15546155534684658,0.2282601602638952,0.00011384530072403032,inner_val_pr_auc_delta_vs_frozen_ar,0.0024397980887442827,0.21236447989940643,0.9763151407241821,true_train_and_true_inner_val_selection
future_arousal_max_delta_rows_4_10_train_q90,binary,delta_feature_mlp_residual,random_pca_residual,20260627,11,0.15520275477319956,0.2282019514352947,5.563647212353251e-05,inner_val_pr_auc_delta_vs_frozen_ar,0.0024712549056857824,0.20230449736118317,0.9658453464508057,true_train_and_true_inner_val_selection
future_arousal_max_delta_rows_4_10_train_q90,binary,delta_feature_mlp_residual,random_pca_residual,20260627,12,0.15516933519393206,0.22820780443025115,6.14894670799837e-05,inner_val_pr_auc_delta_vs_frozen_ar,0.002498506335541606,0.1940663605928421,0.9553240537643433,true_train_and_true_inner_val_selection
future_arousal_max_delta_rows_4_10_train_q90,binary,delta_feature_mlp_residual,random_pca_residual,20260627,13,0.15477863233536482,0.22793898612174326,-0.0002073288414279062,inner_val_pr_auc_delta_vs_frozen_ar,0.0025243095587939024,0.19516108930110931,0.9560778737068176,true_train_and_true_inner_val_selection
future_arousal_max_delta_rows_4_10_train_q90,binary,delta_feature_mlp_residual,random_pca_residual,20260627,14,0.15498753730207682,0.2279551425926752,-0.00019117237049598446,inner_val_pr_auc_delta_vs_frozen_ar,0.002546837320551276,0.19213639199733734,0.9529598951339722,true_train_and_true_inner_val_selection
future_arousal_max_delta_rows_4_10_train_q90,binary,delta_feature_mlp_residual,random_pca_residual,20260627,15,0.1546379141509533,0.22790388843577797,-0.00024242652739320247,inner_val_pr_auc_delta_vs_frozen_ar,0.0025693397037684917,0.1930045187473297,0.9551635384559631,true_train_and_true_inner_val_selection
future_arousal_max_delta_rows_4_10_train_q90,binary,delta_feature_mlp_residual,random_pca_residual,20260627,16,0.15445727854967117,0.22796037865811364,-0.00018593630505753245,inner_val_pr_auc_delta_vs_frozen_ar,0.002591165713965893,0.19341149926185608,0.9566999673843384,true_train_and_true_inner_val_selection
future_arousal_max_delta_rows_4_10_train_q90,binary,delta_feature_mlp_residual,label_permutation_residual,20260627,1,0.19334179535508156,0.09876586873365467,1.6104881143258476e-05,inner_val_pr_auc_delta_vs_frozen_ar,0.0021378090605139732,0.02259037457406521,0.04927279055118561,permuted_train_and_permuted_inner_val_selection
future_arousal_max_delta_rows_4_10_train_q90,binary,delta_feature_mlp_residual,label_permutation_residual,20260627,2,0.19321466144174337,0.09876959478367353,1.9830931162118093e-05,inner_val_pr_auc_delta_vs_frozen_ar,0.00212719663977623,0.028125453740358353,0.07598257064819336,permuted_train_and_permuted_inner_val_selection
future_arousal_max_delta_rows_4_10_train_q90,binary,delta_feature_mlp_residual,label_permutation_residual,20260627,3,0.19316658284515142,0.09876360532655426,1.384147404284719e-05,inner_val_pr_auc_delta_vs_frozen_ar,0.002159001072868705,0.06901548057794571,0.341993123292923,permuted_train_and_permuted_inner_val_selection
future_arousal_max_delta_rows_4_10_train_q90,binary,delta_feature_mlp_residual,label_permutation_residual,20260627,4,0.19314492121338844,0.09876755953490891,1.7795682397500623e-05,inner_val_pr_auc_delta_vs_frozen_ar,0.002201799536123872,0.14771190285682678,0.9071934819221497,permuted_train_and_permuted_inner_val_selection
future_arousal_max_delta_rows_4_10_train_q90,binary,delta_feature_mlp_residual,label_permutation_residual,20260627,5,0.19327082484960556,0.09874947489763525,-2.889548761653149e-07,inner_val_pr_auc_delta_vs_frozen_ar,0.002215918153524399,0.20568950474262238,0.9908773899078369,permuted_train_and_permuted_inner_val_selection
future_arousal_max_delta_rows_4_10_train_q90,binary,delta_feature_mlp_residual,label_permutation_residual,20260627,6,0.19307703990489244,0.09875190580783767,2.1419553262597146e-06,inner_val_pr_auc_delta_vs_frozen_ar,0.0022319594863802195,0.24196237325668335,0.998223602771759,permuted_train_and_permuted_inner_val_selection
future_arousal_max_delta_rows_4_10_train_q90,binary,delta_feature_mlp_residual,label_permutation_residual,20260627,7,0.19353077095001936,0.09875611462488085,6.3507723694344875e-06,inner_val_pr_auc_delta_vs_frozen_ar,0.002248723292723298,0.2657983899116516,0.999403715133667,permuted_train_and_permuted_inner_val_selection
future_arousal_max_delta_rows_4_10_train_q90,binary,delta_feature_mlp_residual,label_permutation_residual,20260627,8,0.1926923617720604,0.09875475499131496,4.9911388035478454e-06,inner_val_pr_auc_delta_vs_frozen_ar,0.0022721372079104185,0.2826772630214691,0.9997425675392151,permuted_train_and_permuted_inner_val_selection
future_arousal_max_delta_rows_4_10_train_q90,binary,delta_feature_mlp_residual,label_permutation_residual,20260627,9,0.19319887831807137,0.09876072142148158,1.095756897016853e-05,inner_val_pr_auc_delta_vs_frozen_ar,0.0022990060970187187,0.2947455048561096,0.9998716115951538,permuted_train_and_permuted_inner_val_selection
future_arousal_max_delta_rows_4_10_train_q90,binary,delta_feature_mlp_residual,label_permutation_residual,20260627,10,0.1927712019532919,0.09875709122694357,7.327374432153366e-06,inner_val_pr_auc_delta_vs_frozen_ar,0.0023304312489926815,0.30311959981918335,0.9999284744262695,permuted_train_and_permuted_inner_val_selection
future_arousal_max_delta_rows_4_10_train_q90,binary,delta_feature_mlp_residual,train_only_video_mean_residual,20260627,1,0.15625779516994953,0.22814841356571208,2.098602540911987e-06,inner_val_pr_auc_delta_vs_frozen_ar,0.0021649969276040792,0.01926504075527191,0.028614642098546028,true_train_and_true_inner_val_selection
future_arousal_max_delta_rows_4_10_train_q90,binary,delta_feature_mlp_residual,train_only_video_mean_residual,20260627,2,0.15601016860455275,0.22816224724504305,1.5932281871883225e-05,inner_val_pr_auc_delta_vs_frozen_ar,0.0021838215179741383,0.020209504291415215,0.036158859729766846,true_train_and_true_inner_val_selection
future_arousal_max_delta_rows_4_10_train_q90,binary,delta_feature_mlp_residual,train_only_video_mean_residual,20260627,3,0.15591626893728971,0.22812055128485073,-2.5763678320439576e-05,inner_val_pr_auc_delta_vs_frozen_ar,0.0022115432657301426,0.02938036620616913,0.08248282223939896,true_train_and_true_inner_val_selection
future_arousal_max_delta_rows_4_10_train_q90,binary,delta_feature_mlp_residual,train_only_video_mean_residual,20260627,4,0.15595614537596703,0.2281064094993272,-3.990546384396998e-05,inner_val_pr_auc_delta_vs_frozen_ar,0.0022446035873144865,0.05090915784239769,0.2159547507762909,true_train_and_true_inner_val_selection
future_arousal_max_delta_rows_4_10_train_q90,binary,delta_feature_mlp_residual,train_only_video_mean_residual,20260627,5,0.1561050033196807,0.22818183662136937,3.552165819820097e-05,inner_val_pr_auc_delta_vs_frozen_ar,0.002267502248287201,0.10233291238546371,0.6307803392410278,true_train_and_true_inner_val_selection
future_arousal_max_delta_rows_4_10_train_q90,binary,delta_feature_mlp_residual,train_only_video_mean_residual,20260627,6,0.1559885162860155,0.22850633527880318,0.0003600203156320092,inner_val_pr_auc_delta_vs_frozen_ar,0.0023063283879309893,0.14248265326023102,0.8538708686828613,true_train_and_true_inner_val_selection
future_arousal_max_delta_rows_4_10_train_q90,binary,delta_feature_mlp_residual,train_only_video_mean_residual,20260627,7,0.15571688674390316,0.22881233957869107,0.0006660246155199001,inner_val_pr_auc_delta_vs_frozen_ar,0.002344129141420126,0.14306460320949554,0.8304440379142761,true_train_and_true_inner_val_selection
future_arousal_max_delta_rows_4_10_train_q90,binary,delta_feature_mlp_residual,train_only_video_mean_residual,20260627,8,0.15571108739823103,0.228874580055111,0.0007282650919398226,inner_val_pr_auc_delta_vs_frozen_ar,0.002382867503911257,0.1343475878238678,0.7776066064834595,true_train_and_true_inner_val_selection
future_arousal_max_delta_rows_4_10_train_q90,binary,delta_feature_mlp_residual,train_only_video_mean_residual,20260627,9,0.15559469629079103,0.22746661548287747,-0.0006796994802936995,inner_val_pr_auc_delta_vs_frozen_ar,0.002418007468804717,0.13083256781101227,0.7512470483779907,true_train_and_true_inner_val_selection
future_arousal_max_delta_rows_4_10_train_q90,binary,delta_feature_mlp_residual,train_only_video_mean_residual,20260627,10,0.15550312865525484,0.22686790385737393,-0.0012784111057972392,inner_val_pr_auc_delta_vs_frozen_ar,0.002447011647745967,0.12549757957458496,0.7173384428024292,true_train_and_true_inner_val_selection
future_arousal_max_delta_rows_4_10_train_q90,binary,delta_feature_mlp_residual,train_only_video_mean_residual,20260627,11,0.15553698036819696,0.22612750101373277,-0.002018813949438397,inner_val_pr_auc_delta_vs_frozen_ar,0.002474401146173477,0.12137238681316376,0.6927341818809509,true_train_and_true_inner_val_selection
future_arousal_max_delta_rows_4_10_train_q90,binary,delta_feature_mlp_residual,train_only_video_mean_residual,20260627,12,0.15505827497690916,0.22617567027006089,-0.001970644693110285,inner_val_pr_auc_delta_vs_frozen_ar,0.002500450937077403,0.11831727623939514,0.6707949042320251,true_train_and_true_inner_val_selection
future_arousal_max_delta_rows_4_10_train_q90,binary,delta_feature_mlp_residual,train_only_video_mean_residual,20260627,13,0.1547815790399909,0.22563266216550387,-0.0025136527976672984,inner_val_pr_auc_delta_vs_frozen_ar,0.002525918884202838,0.11842813342809677,0.6610677242279053,true_train_and_true_inner_val_selection
future_arousal_max_delta_rows_4_10_train_q90,binary,delta_feature_mlp_residual,train_only_video_mean_residual,20260627,14,0.15476551931351423,0.225054173029743,-0.003092141933428161,inner_val_pr_auc_delta_vs_frozen_ar,0.002548776101320982,0.11510191112756729,0.6475251913070679,true_train_and_true_inner_val_selection
future_arousal_max_delta_rows_4_10_train_q90,binary,delta_feature_mlp_residual,train_only_video_mean_residual,20260627,15,0.1544842729344964,0.22521039819776,-0.0029359167654111618,inner_val_pr_auc_delta_vs_frozen_ar,0.0025689867325127125,0.11517782509326935,0.6466004252433777,true_train_and_true_inner_val_selection
future_arousal_max_delta_rows_4_10_train_q90,binary,delta_feature_mlp_residual,train_only_video_mean_residual,20260627,16,0.1544180130586028,0.22536676480514578,-0.00277955015802539,inner_val_pr_auc_delta_vs_frozen_ar,0.0025863272603601217,0.11208079010248184,0.6288090348243713,true_train_and_true_inner_val_selection
future_arousal_max_delta_rows_4_10_train_q90,binary,delta_feature_mlp_residual,diagnostics_only_residual,20260627,1,0.1561439223587513,0.228105655670229,-4.065929294216897e-05,inner_val_pr_auc_delta_vs_frozen_ar,0.0021470417268574238,0.020882047712802887,0.035909254103899,true_train_and_true_inner_val_selection
future_arousal_max_delta_rows_4_10_train_q90,binary,delta_feature_mlp_residual,diagnostics_only_residual,20260627,2,0.15592869650572538,0.22814309015984188,-3.224803329288095e-06,inner_val_pr_auc_delta_vs_frozen_ar,0.002170418156310916,0.025583727285265923,0.05912910774350166,true_train_and_true_inner_val_selection
future_arousal_max_delta_rows_4_10_train_q90,binary,delta_feature_mlp_residual,diagnostics_only_residual,20260627,3,0.15606523770838976,0.228157914533095,1.1599569923831377e-05,inner_val_pr_auc_delta_vs_frozen_ar,0.0021990726236253977,0.03891851007938385,0.12678995728492737,true_train_and_true_inner_val_selection
future_arousal_max_delta_rows_4_10_train_q90,binary,delta_feature_mlp_residual,diagnostics_only_residual,20260627,4,0.15588386077433825,0.22808392799927307,-6.238696389809784e-05,inner_val_pr_auc_delta_vs_frozen_ar,0.0022302018478512764,0.0810776948928833,0.4465619921684265,true_train_and_true_inner_val_selection
future_arousal_max_delta_rows_4_10_train_q90,binary,delta_feature_mlp_residual,diagnostics_only_residual,20260627,5,0.15591847337782383,0.22819033701241032,4.402204923914521e-05,inner_val_pr_auc_delta_vs_frozen_ar,0.002247158670797944,0.13437850773334503,0.840939462184906,true_train_and_true_inner_val_selection
future_arousal_max_delta_rows_4_10_train_q90,binary,delta_feature_mlp_residual,diagnostics_only_residual,20260627,6,0.1559985000640154,0.22817893111711401,3.2616153942843784e-05,inner_val_pr_auc_delta_vs_frozen_ar,0.0022530651185661554,0.18485426902770996,0.9680282473564148,true_train_and_true_inner_val_selection
future_arousal_max_delta_rows_4_10_train_q90,binary,delta_feature_mlp_residual,diagnostics_only_residual,20260627,7,0.15590965375304222,0.2281197671600284,-2.6547803142762394e-05,inner_val_pr_auc_delta_vs_frozen_ar,0.0022701923735439777,0.22719119489192963,0.9925942420959473,true_train_and_true_inner_val_selection
future_arousal_max_delta_rows_4_10_train_q90,binary,delta_feature_mlp_residual,diagnostics_only_residual,20260627,8,0.15606481488794088,0.22803156335328723,-0.00011475160988394517,inner_val_pr_auc_delta_vs_frozen_ar,0.0022917098831385374,0.26243528723716736,0.9979600310325623,true_train_and_true_inner_val_selection
future_arousal_max_delta_rows_4_10_train_q90,binary,delta_feature_mlp_residual,diagnostics_only_residual,20260627,9,0.15600081719458103,0.22797140316281958,-0.00017491180035159037,inner_val_pr_auc_delta_vs_frozen_ar,0.0023195226676762104,0.2905552387237549,0.9993295669555664,true_train_and_true_inner_val_selection
future_arousal_max_delta_rows_4_10_train_q90,binary,delta_feature_mlp_residual,diagnostics_only_residual,20260627,10,0.155871057882905,0.22792768136440844,-0.0002186335987627297,inner_val_pr_auc_delta_vs_frozen_ar,0.0023521611001342535,0.3137390613555908,0.9997304081916809,true_train_and_true_inner_val_selection
future_arousal_max_delta_rows_4_10_train_q90,binary,delta_feature_mlp_residual,diagnostics_only_residual,20260627,11,0.15605379454791546,0.22771801134023115,-0.0004283036229400239,inner_val_pr_auc_delta_vs_frozen_ar,0.0023862295784056187,0.3322063982486725,0.9998810887336731,true_train_and_true_inner_val_selection
future_arousal_max_delta_rows_4_10_train_q90,binary,delta_feature_mlp_residual,diagnostics_only_residual,20260627,12,0.15577279590070248,0.227645506767029,-0.0005008081961421773,inner_val_pr_auc_delta_vs_frozen_ar,0.0024172812700271606,0.34696921706199646,0.9999393820762634,true_train_and_true_inner_val_selection
future_arousal_max_delta_rows_4_10_train_q90,binary,delta_feature_mlp_residual,diagnostics_only_residual,20260627,13,0.1559345033019781,0.22752814437405908,-0.0006181705891120937,inner_val_pr_auc_delta_vs_frozen_ar,0.0024517057463526726,0.3589034974575043,0.9999657273292542,true_train_and_true_inner_val_selection
future_arousal_max_delta_rows_4_10_train_q90,binary,short_temporal_conv_residual,real_residual,20260625,1,0.15784474927932024,0.22211052086303218,9.627926869343328e-06,inner_val_pr_auc_delta_vs_frozen_ar,0.002155215246602893,0.01971861533820629,0.047394778579473495,true_train_and_true_inner_val_selection
future_arousal_max_delta_rows_4_10_train_q90,binary,short_temporal_conv_residual,real_residual,20260625,2,0.1577891232445836,0.2221338597328762,3.296679671335734e-05,inner_val_pr_auc_delta_vs_frozen_ar,0.002195472363382578,0.04843001812696457,0.22103527188301086,true_train_and_true_inner_val_selection
future_arousal_max_delta_rows_4_10_train_q90,binary,short_temporal_conv_residual,real_residual,20260625,3,0.15749928448349237,0.2224950361478112,0.0003941432116483512,inner_val_pr_auc_delta_vs_frozen_ar,0.00224447064101696,0.09821783006191254,0.6576045751571655,true_train_and_true_inner_val_selection
future_arousal_max_delta_rows_4_10_train_q90,binary,short_temporal_conv_residual,real_residual,20260625,4,0.1572647886350751,0.22355075986543504,0.0014498669292722088,inner_val_pr_auc_delta_vs_frozen_ar,0.002294098259881139,0.11650806665420532,0.7949541807174683,true_train_and_true_inner_val_selection
future_arousal_max_delta_rows_4_10_train_q90,binary,short_temporal_conv_residual,real_residual,20260625,5,0.157184649258852,0.2248244800536624,0.002723587117499565,inner_val_pr_auc_delta_vs_frozen_ar,0.0023371977731585503,0.098329097032547,0.6912521123886108,true_train_and_true_inner_val_selection
future_arousal_max_delta_rows_4_10_train_q90,binary,short_temporal_conv_residual,real_residual,20260625,6,0.1567574543878436,0.2261386692503819,0.00403777631421906,inner_val_pr_auc_delta_vs_frozen_ar,0.002375147072598338,0.0920427143573761,0.6382696628570557,true_train_and_true_inner_val_selection
future_arousal_max_delta_rows_4_10_train_q90,binary,short_temporal_conv_residual,real_residual,20260625,7,0.1563459550961852,0.22812366578857463,0.00602277285241179,inner_val_pr_auc_delta_vs_frozen_ar,0.0024163287598639727,0.09844260662794113,0.698939859867096,true_train_and_true_inner_val_selection
future_arousal_max_delta_rows_4_10_train_q90,binary,short_temporal_conv_residual,real_residual,20260625,8,0.1558524277061224,0.2304873782980188,0.008386485361855961,inner_val_pr_auc_delta_vs_frozen_ar,0.0024601530749350786,0.10028429329395294,0.7220927476882935,true_train_and_true_inner_val_selection
future_arousal_max_delta_rows_4_10_train_q90,binary,short_temporal_conv_residual,real_residual,20260625,9,0.15555687993764877,0.23313400075902466,0.01103310782286182,inner_val_pr_auc_delta_vs_frozen_ar,0.00250283838249743,0.10277322679758072,0.7446495890617371,true_train_and_true_inner_val_selection
future_arousal_max_delta_rows_4_10_train_q90,binary,short_temporal_conv_residual,real_residual,20260625,10,0.15459877159446478,0.23531216040582542,0.013211267469662585,inner_val_pr_auc_delta_vs_frozen_ar,0.0025433339178562164,0.10686830431222916,0.7803471684455872,true_train_and_true_inner_val_selection
future_arousal_max_delta_rows_4_10_train_q90,binary,short_temporal_conv_residual,real_residual,20260625,11,0.15407916903495789,0.2366256601824654,0.014524767246302556,inner_val_pr_auc_delta_vs_frozen_ar,0.002579971682280302,0.1091122031211853,0.7954035997390747,true_train_and_true_inner_val_selection
future_arousal_max_delta_rows_4_10_train_q90,binary,short_temporal_conv_residual,real_residual,20260625,12,0.15397217776626348,0.2370946093587231,0.014993716422560255,inner_val_pr_auc_delta_vs_frozen_ar,0.0026102066040039062,0.11138197779655457,0.8086923360824585,true_train_and_true_inner_val_selection
future_arousal_max_delta_rows_4_10_train_q90,binary,short_temporal_conv_residual,real_residual,20260625,13,0.15347749833017588,0.2368851348403329,0.014784241904170076,inner_val_pr_auc_delta_vs_frozen_ar,0.0026338088791817427,0.11395794153213501,0.820253312587738,true_train_and_true_inner_val_selection
future_arousal_max_delta_rows_4_10_train_q90,binary,short_temporal_conv_residual,real_residual,20260625,14,0.1531434003263712,0.23663699271054195,0.014536099774379113,inner_val_pr_auc_delta_vs_frozen_ar,0.0026535564102232456,0.11626444011926651,0.8322925567626953,true_train_and_true_inner_val_selection
future_arousal_max_delta_rows_4_10_train_q90,binary,short_temporal_conv_residual,real_residual,20260625,15,0.15299292281270027,0.2363395415095648,0.014238648573401957,inner_val_pr_auc_delta_vs_frozen_ar,0.0026697739958763123,0.11945458501577377,0.8506126999855042,true_train_and_true_inner_val_selection
future_arousal_max_delta_rows_4_10_train_q90,binary,short_temporal_conv_residual,real_residual,20260625,16,0.15269646421074867,0.2354017475533611,0.013300854617198266,inner_val_pr_auc_delta_vs_frozen_ar,0.0026865769177675247,0.12142422050237656,0.8613245487213135,true_train_and_true_inner_val_selection
future_arousal_max_delta_rows_4_10_train_q90,binary,short_temporal_conv_residual,real_residual,20260625,17,0.15243919659405947,0.23544205076349523,0.01334115782733239,inner_val_pr_auc_delta_vs_frozen_ar,0.002703927457332611,0.12503500282764435,0.8772995471954346,true_train_and_true_inner_val_selection
future_arousal_max_delta_rows_4_10_train_q90,binary,short_temporal_conv_residual,real_residual,20260625,18,0.15225551277399063,0.2350633843167715,0.012962491380608676,inner_val_pr_auc_delta_vs_frozen_ar,0.0027209201361984015,0.12623119354248047,0.8858652114868164,true_train_and_true_inner_val_selection
future_arousal_max_delta_rows_4_10_train_q90,binary,short_temporal_conv_residual,real_residual,20260625,19,0.15168238896876574,0.2342511329377022,0.012150240001539359,inner_val_pr_auc_delta_vs_frozen_ar,0.0027381235267966986,0.1271793097257614,0.8918663859367371,true_train_and_true_inner_val_selection
future_arousal_max_delta_rows_4_10_train_q90,binary,short_temporal_conv_residual,real_residual,20260625,20,0.15182453393936157,0.233747171269987,0.011646278333824173,inner_val_pr_auc_delta_vs_frozen_ar,0.0027568982914090157,0.12958095967769623,0.9009599089622498,true_train_and_true_inner_val_selection
future_arousal_max_delta_rows_4_10_train_q90,binary,short_temporal_conv_residual,shuffled_pca_residual,20260625,1,0.15797153115272522,0.22208575101315547,-1.514192300736128e-05,inner_val_pr_auc_delta_vs_frozen_ar,0.0021513181272894144,0.021731222048401833,0.052392277866601944,true_train_and_true_inner_val_selection
future_arousal_max_delta_rows_4_10_train_q90,binary,short_temporal_conv_residual,shuffled_pca_residual,20260625,2,0.15774898417294025,0.2220836917732093,-1.720116295353402e-05,inner_val_pr_auc_delta_vs_frozen_ar,0.0021886504255235195,0.041294023394584656,0.17086730897426605,true_train_and_true_inner_val_selection
future_arousal_max_delta_rows_4_10_train_q90,binary,short_temporal_conv_residual,shuffled_pca_residual,20260625,3,0.15769513323903084,0.2220699938432614,-3.089909290143744e-05,inner_val_pr_auc_delta_vs_frozen_ar,0.0022370286751538515,0.10144764184951782,0.542119562625885,true_train_and_true_inner_val_selection
future_arousal_max_delta_rows_4_10_train_q90,binary,short_temporal_conv_residual,shuffled_pca_residual,20260625,4,0.15751317329704762,0.22211476419798662,1.387126182378351e-05,inner_val_pr_auc_delta_vs_frozen_ar,0.0022869021631777287,0.16756942868232727,0.8578736782073975,true_train_and_true_inner_val_selection
future_arousal_max_delta_rows_4_10_train_q90,binary,short_temporal_conv_residual,shuffled_pca_residual,20260625,5,0.15757873188704252,0.2221437855119583,4.289257579545569e-05,inner_val_pr_auc_delta_vs_frozen_ar,0.0023254211992025375,0.19269385933876038,0.9245994091033936,true_train_and_true_inner_val_selection
future_arousal_max_delta_rows_4_10_train_q90,binary,short_temporal_conv_residual,shuffled_pca_residual,20260625,6,0.15765643864870071,0.22213401966168828,3.3126725525439715e-05,inner_val_pr_auc_delta_vs_frozen_ar,0.0023443272802978754,0.18164955079555511,0.8986061811447144,true_train_and_true_inner_val_selection
future_arousal_max_delta_rows_4_10_train_q90,binary,short_temporal_conv_residual,shuffled_pca_residual,20260625,7,0.15742651652544737,0.22212602165031253,2.5128714149696973e-05,inner_val_pr_auc_delta_vs_frozen_ar,0.002373435767367482,0.16809594631195068,0.858579158782959,true_train_and_true_inner_val_selection
future_arousal_max_delta_rows_4_10_train_q90,binary,short_temporal_conv_residual,shuffled_pca_residual,20260625,8,0.1575286714360118,0.2221149938653088,1.4100929145971497e-05,inner_val_pr_auc_delta_vs_frozen_ar,0.002409370383247733,0.16239260137081146,0.8380663394927979,true_train_and_true_inner_val_selection
future_arousal_max_delta_rows_4_10_train_q90,binary,short_temporal_conv_residual,shuffled_pca_residual,20260625,9,0.15709498338401318,0.22218841805176529,8.752511560244924e-05,inner_val_pr_auc_delta_vs_frozen_ar,0.0024481655564159155,0.16235533356666565,0.8369920253753662,true_train_and_true_inner_val_selection
future_arousal_max_delta_rows_4_10_train_q90,binary,short_temporal_conv_residual,shuffled_pca_residual,20260625,10,0.15734601579606533,0.2221093183245616,8.425388398763944e-06,inner_val_pr_auc_delta_vs_frozen_ar,0.002486887387931347,0.16459712386131287,0.8428951501846313,true_train_and_true_inner_val_selection
future_arousal_max_delta_rows_4_10_train_q90,binary,short_temporal_conv_residual,shuffled_pca_residual,20260625,11,0.15732739493250847,0.2220490912668308,-5.180166933202446e-05,inner_val_pr_auc_delta_vs_frozen_ar,0.002526753582060337,0.17137053608894348,0.8646888136863708,true_train_and_true_inner_val_selection
future_arousal_max_delta_rows_4_10_train_q90,binary,short_temporal_conv_residual,shuffled_pca_residual,20260625,12,0.15685078874230385,0.22178026057987713,-0.0003206323562857105,inner_val_pr_auc_delta_vs_frozen_ar,0.0025661257095634937,0.17842867970466614,0.8834924697875977,true_train_and_true_inner_val_selection
future_arousal_max_delta_rows_4_10_train_q90,binary,short_temporal_conv_residual,shuffled_pca_residual,20260625,13,0.156859184615314,0.22132799439958006,-0.0007728985365827723,inner_val_pr_auc_delta_vs_frozen_ar,0.0026061413809657097,0.17964835464954376,0.8868700861930847,true_train_and_true_inner_val_selection
future_arousal_max_delta_rows_4_10_train_q90,binary,short_temporal_conv_residual,shuffled_pca_residual,20260625,14,0.15666532050818205,0.22090996562879148,-0.0011909273073713589,inner_val_pr_auc_delta_vs_frozen_ar,0.002643769606947899,0.17742584645748138,0.8810079097747803,true_train_and_true_inner_val_selection
future_arousal_max_delta_rows_4_10_train_q90,binary,short_temporal_conv_residual,shuffled_pca_residual,20260625,15,0.15640965569764376,0.22020554340200865,-0.0018953495341541837,inner_val_pr_auc_delta_vs_frozen_ar,0.002681130776181817,0.18279196321964264,0.8958122134208679,true_train_and_true_inner_val_selection
future_arousal_max_delta_rows_4_10_train_q90,binary,short_temporal_conv_residual,shuffled_pca_residual,20260625,16,0.15628387685865164,0.21945751941060632,-0.0026433735255565194,inner_val_pr_auc_delta_vs_frozen_ar,0.00271715153940022,0.17973177134990692,0.8884950280189514,true_train_and_true_inner_val_selection
future_arousal_max_delta_rows_4_10_train_q90,binary,short_temporal_conv_residual,shuffled_pca_residual,20260625,17,0.1560267796739936,0.21841966150634465,-0.003681231429818188,inner_val_pr_auc_delta_vs_frozen_ar,0.0027527431957423687,0.17908768355846405,0.887397050857544,true_train_and_true_inner_val_selection
future_arousal_max_delta_rows_4_10_train_q90,binary,short_temporal_conv_residual,random_pca_residual,20260625,1,0.15771272964775562,0.22209686413400967,-4.0288021531664775e-06,inner_val_pr_auc_delta_vs_frozen_ar,0.0021512978710234165,0.021749142557382584,0.05311202630400658,true_train_and_true_inner_val_selection
future_arousal_max_delta_rows_4_10_train_q90,binary,short_temporal_conv_residual,random_pca_residual,20260625,2,0.15789128374308348,0.2220885118099597,-1.2381126203137027e-05,inner_val_pr_auc_delta_vs_frozen_ar,0.002188910497352481,0.04150880500674248,0.17193831503391266,true_train_and_true_inner_val_selection
future_arousal_max_delta_rows_4_10_train_q90,binary,short_temporal_conv_residual,random_pca_residual,20260625,3,0.1577124372124672,0.22207837309196787,-2.2519844194962557e-05,inner_val_pr_auc_delta_vs_frozen_ar,0.0022371166851371527,0.10164010524749756,0.5413842797279358,true_train_and_true_inner_val_selection
future_arousal_max_delta_rows_4_10_train_q90,binary,short_temporal_conv_residual,random_pca_residual,20260625,4,0.15762816090136766,0.22212817150701103,2.727857084819374e-05,inner_val_pr_auc_delta_vs_frozen_ar,0.002286683302372694,0.1672607660293579,0.8519402146339417,true_train_and_true_inner_val_selection
future_arousal_max_delta_rows_4_10_train_q90,binary,short_temporal_conv_residual,random_pca_residual,20260625,5,0.1576040107756853,0.22218719678150822,8.630384534538682e-05,inner_val_pr_auc_delta_vs_frozen_ar,0.0023244847543537617,0.1904861479997635,0.9176106452941895,true_train_and_true_inner_val_selection
future_arousal_max_delta_rows_4_10_train_q90,binary,short_temporal_conv_residual,random_pca_residual,20260625,6,0.15762597601860762,0.2222549957701504,0.00015410283398756275,inner_val_pr_auc_delta_vs_frozen_ar,0.002346869558095932,0.17918793857097626,0.8894155621528625,true_train_and_true_inner_val_selection
future_arousal_max_delta_rows_4_10_train_q90,binary,short_temporal_conv_residual,random_pca_residual,20260625,7,0.15745922457426786,0.22227233801106397,0.00017144507490113314,inner_val_pr_auc_delta_vs_frozen_ar,0.002377220429480076,0.16240042448043823,0.8380439877510071,true_train_and_true_inner_val_selection
future_arousal_max_delta_rows_4_10_train_q90,binary,short_temporal_conv_residual,random_pca_residual,20260625,8,0.15721001382917166,0.22232921483207813,0.00022832189591528995,inner_val_pr_auc_delta_vs_frozen_ar,0.0024164067581295967,0.1575518697500229,0.820904552936554,true_train_and_true_inner_val_selection
future_arousal_max_delta_rows_4_10_train_q90,binary,short_temporal_conv_residual,random_pca_residual,20260625,9,0.1573212668299675,0.22238348865027563,0.00028259571411279327,inner_val_pr_auc_delta_vs_frozen_ar,0.002455101814121008,0.157511904835701,0.8196975588798523,true_train_and_true_inner_val_selection
future_arousal_max_delta_rows_4_10_train_q90,binary,short_temporal_conv_residual,random_pca_residual,20260625,10,0.15715222619473934,0.2224434042624589,0.0003425113262960633,inner_val_pr_auc_delta_vs_frozen_ar,0.0024939109571278095,0.1618911772966385,0.8354068398475647,true_train_and_true_inner_val_selection
future_arousal_max_delta_rows_4_10_train_q90,binary,short_temporal_conv_residual,random_pca_residual,20260625,11,0.15698477812111378,0.2223711516862734,0.00027025875011055245,inner_val_pr_auc_delta_vs_frozen_ar,0.0025339333806186914,0.17125385999679565,0.8649075031280518,true_train_and_true_inner_val_selection
future_arousal_max_delta_rows_4_10_train_q90,binary,short_temporal_conv_residual,random_pca_residual,20260625,12,0.15672787092626095,0.2223304778613009,0.0002295849251380544,inner_val_pr_auc_delta_vs_frozen_ar,0.0025734202936291695,0.1739187091588974,0.8727361559867859,true_train_and_true_inner_val_selection
future_arousal_max_delta_rows_4_10_train_q90,binary,short_temporal_conv_residual,random_pca_residual,20260625,13,0.15684656240046024,0.22200544765942565,-9.544527673718828e-05,inner_val_pr_auc_delta_vs_frozen_ar,0.002612898824736476,0.17745529115200043,0.8807771801948547,true_train_and_true_inner_val_selection
future_arousal_max_delta_rows_4_10_train_q90,binary,short_temporal_conv_residual,random_pca_residual,20260625,14,0.15651398710906506,0.22164305978615736,-0.0004578331500054711,inner_val_pr_auc_delta_vs_frozen_ar,0.0026514746714383364,0.17742356657981873,0.8808797001838684,true_train_and_true_inner_val_selection
future_arousal_max_delta_rows_4_10_train_q90,binary,short_temporal_conv_residual,random_pca_residual,20260625,15,0.15632210671901703,0.22124760840931756,-0.0008532845268452716,inner_val_pr_auc_delta_vs_frozen_ar,0.0026895347982645035,0.17852142453193665,0.8827332258224487,true_train_and_true_inner_val_selection
future_arousal_max_delta_rows_4_10_train_q90,binary,short_temporal_conv_residual,random_pca_residual,20260625,16,0.15584774874150753,0.22072051884920896,-0.0013803740869538783,inner_val_pr_auc_delta_vs_frozen_ar,0.0027264610398560762,0.17955517768859863,0.8843443393707275,true_train_and_true_inner_val_selection
future_arousal_max_delta_rows_4_10_train_q90,binary,short_temporal_conv_residual,random_pca_residual,20260625,17,0.1560172913596034,0.2201289227362216,-0.0019719701999412476,inner_val_pr_auc_delta_vs_frozen_ar,0.0027607379015535116,0.17726680636405945,0.8789048790931702,true_train_and_true_inner_val_selection
future_arousal_max_delta_rows_4_10_train_q90,binary,short_temporal_conv_residual,random_pca_residual,20260625,18,0.15570709388703108,0.21915665521798927,-0.0029442377181735646,inner_val_pr_auc_delta_vs_frozen_ar,0.0027939709834754467,0.17996320128440857,0.8859334588050842,true_train_and_true_inner_val_selection
future_arousal_max_delta_rows_4_10_train_q90,binary,short_temporal_conv_residual,label_permutation_residual,20260625,1,0.18407243117690086,0.09816752964112638,-1.0632854293313176e-05,inner_val_pr_auc_delta_vs_frozen_ar,0.002141442382708192,0.01938767172396183,0.04313458874821663,permuted_train_and_permuted_inner_val_selection
future_arousal_max_delta_rows_4_10_train_q90,binary,short_temporal_conv_residual,label_permutation_residual,20260625,2,0.18442956171929836,0.09816742704120199,-1.0735454217702944e-05,inner_val_pr_auc_delta_vs_frozen_ar,0.002159339841455221,0.027359697967767715,0.10352682322263718,permuted_train_and_permuted_inner_val_selection
future_arousal_max_delta_rows_4_10_train_q90,binary,short_temporal_conv_residual,label_permutation_residual,20260625,3,0.18407155014574528,0.09816044825671302,-1.771423870666755e-05,inner_val_pr_auc_delta_vs_frozen_ar,0.0022050077095627785,0.071357361972332,0.4153258502483368,permuted_train_and_permuted_inner_val_selection
future_arousal_max_delta_rows_4_10_train_q90,binary,short_temporal_conv_residual,label_permutation_residual,20260625,4,0.18430773075670004,0.09814846171291924,-2.9700782500446943e-05,inner_val_pr_auc_delta_vs_frozen_ar,0.0022530360147356987,0.12553700804710388,0.7503826022148132,permuted_train_and_permuted_inner_val_selection
future_arousal_max_delta_rows_4_10_train_q90,binary,short_temporal_conv_residual,label_permutation_residual,20260625,5,0.18466857448220253,0.09816844252876297,-9.71996665671826e-06,inner_val_pr_auc_delta_vs_frozen_ar,0.0022797593846917152,0.13853824138641357,0.7926295399665833,permuted_train_and_permuted_inner_val_selection
future_arousal_max_delta_rows_4_10_train_q90,binary,short_temporal_conv_residual,label_permutation_residual,20260625,6,0.18476405832916498,0.09817933103304527,1.1685376255787805e-06,inner_val_pr_auc_delta_vs_frozen_ar,0.0022938037291169167,0.12531234323978424,0.7149397730827332,permuted_train_and_permuted_inner_val_selection
future_arousal_max_delta_rows_4_10_train_q90,binary,short_temporal_conv_residual,label_permutation_residual,20260625,7,0.1840929863974452,0.09816676985112047,-1.1392644299224042e-05,inner_val_pr_auc_delta_vs_frozen_ar,0.0023167773615568876,0.12049081921577454,0.6832221746444702,permuted_train_and_permuted_inner_val_selection
future_arousal_max_delta_rows_4_10_train_q90,binary,short_temporal_conv_residual,label_permutation_residual,20260625,8,0.18414867669343948,0.09818810345547678,9.940960057089332e-06,inner_val_pr_auc_delta_vs_frozen_ar,0.002336790319532156,0.116797536611557,0.6625033617019653,permuted_train_and_permuted_inner_val_selection
future_arousal_max_delta_rows_4_10_train_q90,binary,short_temporal_conv_residual,label_permutation_residual,20260625,9,0.1845864299684763,0.09817728339910992,-8.790963097748961e-07,inner_val_pr_auc_delta_vs_frozen_ar,0.002363089704886079,0.11408746242523193,0.6517444849014282,permuted_train_and_permuted_inner_val_selection
future_arousal_max_delta_rows_4_10_train_q90,binary,short_temporal_conv_residual,label_permutation_residual,20260625,10,0.18432721309363842,0.09818512078925504,6.958293835346296e-06,inner_val_pr_auc_delta_vs_frozen_ar,0.00239537819288671,0.11841403692960739,0.6817798018455505,permuted_train_and_permuted_inner_val_selection
future_arousal_max_delta_rows_4_10_train_q90,binary,short_temporal_conv_residual,label_permutation_residual,20260625,11,0.18447305914014578,0.09819344828144898,1.5285786029287096e-05,inner_val_pr_auc_delta_vs_frozen_ar,0.002427264116704464,0.11748677492141724,0.6854918599128723,permuted_train_and_permuted_inner_val_selection
future_arousal_max_delta_rows_4_10_train_q90,binary,short_temporal_conv_residual,label_permutation_residual,20260625,12,0.18400250002741814,0.09819264850717531,1.4486011755618367e-05,inner_val_pr_auc_delta_vs_frozen_ar,0.002461836440488696,0.11931359767913818,0.7046705484390259,permuted_train_and_permuted_inner_val_selection
future_arousal_max_delta_rows_4_10_train_q90,binary,short_temporal_conv_residual,label_permutation_residual,20260625,13,0.18403004109859467,0.09822826666927877,5.0104173859075174e-05,inner_val_pr_auc_delta_vs_frozen_ar,0.002494053216651082,0.11862409114837646,0.7099217176437378,permuted_train_and_permuted_inner_val_selection
future_arousal_max_delta_rows_4_10_train_q90,binary,short_temporal_conv_residual,label_permutation_residual,20260625,14,0.18380286917090416,0.0982233929330878,4.523043766810342e-05,inner_val_pr_auc_delta_vs_frozen_ar,0.002526663476601243,0.11940648406744003,0.7215326428413391,permuted_train_and_permuted_inner_val_selection
future_arousal_max_delta_rows_4_10_train_q90,binary,short_temporal_conv_residual,label_permutation_residual,20260625,15,0.18370203115046024,0.09821966846998888,4.150597456918648e-05,inner_val_pr_auc_delta_vs_frozen_ar,0.0025566210970282555,0.11802803725004196,0.7216147780418396,permuted_train_and_permuted_inner_val_selection
future_arousal_max_delta_rows_4_10_train_q90,binary,short_temporal_conv_residual,label_permutation_residual,20260625,16,0.18383445404469967,0.09819839594403745,2.023344861776244e-05,inner_val_pr_auc_delta_vs_frozen_ar,0.0025828834623098373,0.1182379201054573,0.7314426302909851,permuted_train_and_permuted_inner_val_selection
future_arousal_max_delta_rows_4_10_train_q90,binary,short_temporal_conv_residual,label_permutation_residual,20260625,17,0.1835118532180786,0.0981733890326505,-4.773462769197545e-06,inner_val_pr_auc_delta_vs_frozen_ar,0.0026077209040522575,0.12267885357141495,0.7534098625183105,permuted_train_and_permuted_inner_val_selection
future_arousal_max_delta_rows_4_10_train_q90,binary,short_temporal_conv_residual,label_permutation_residual,20260625,18,0.18354508187621832,0.09816143185495405,-1.673064046564532e-05,inner_val_pr_auc_delta_vs_frozen_ar,0.0026320565957576036,0.12349608540534973,0.7603939771652222,permuted_train_and_permuted_inner_val_selection
future_arousal_max_delta_rows_4_10_train_q90,binary,short_temporal_conv_residual,label_permutation_residual,20260625,19,0.18343283236026764,0.0981612641775963,-1.6898317823393905e-05,inner_val_pr_auc_delta_vs_frozen_ar,0.002655763179063797,0.12476202100515366,0.771202802658081,permuted_train_and_permuted_inner_val_selection
future_arousal_max_delta_rows_4_10_train_q90,binary,short_temporal_conv_residual,label_permutation_residual,20260625,20,0.18327242974191904,0.09814800350431087,-3.0158991108822364e-05,inner_val_pr_auc_delta_vs_frozen_ar,0.0026789007242769003,0.1286822408437729,0.7942681312561035,permuted_train_and_permuted_inner_val_selection
future_arousal_max_delta_rows_4_10_train_q90,binary,short_temporal_conv_residual,label_permutation_residual,20260625,21,0.18325946666300297,0.09812796002565721,-5.020246976247811e-05,inner_val_pr_auc_delta_vs_frozen_ar,0.0027007050812244415,0.13010446727275848,0.8018667697906494,permuted_train_and_permuted_inner_val_selection
future_arousal_max_delta_rows_4_10_train_q90,binary,short_temporal_conv_residual,train_only_video_mean_residual,20260625,1,0.15782464481890202,0.22210158372669705,6.907905342190546e-07,inner_val_pr_auc_delta_vs_frozen_ar,0.00215304852463305,0.023012295365333557,0.051835112273693085,true_train_and_true_inner_val_selection
future_arousal_max_delta_rows_4_10_train_q90,binary,short_temporal_conv_residual,train_only_video_mean_residual,20260625,2,0.1576385460793972,0.2221163444876648,1.5451551501954874e-05,inner_val_pr_auc_delta_vs_frozen_ar,0.002191282110288739,0.12345246970653534,0.8160452842712402,true_train_and_true_inner_val_selection
future_arousal_max_delta_rows_4_10_train_q90,binary,short_temporal_conv_residual,train_only_video_mean_residual,20260625,3,0.15733697451651096,0.2221968232293337,9.593029317087054e-05,inner_val_pr_auc_delta_vs_frozen_ar,0.002239603316411376,0.2210681289434433,0.9970393776893616,true_train_and_true_inner_val_selection
future_arousal_max_delta_rows_4_10_train_q90,binary,short_temporal_conv_residual,train_only_video_mean_residual,20260625,4,0.15765743795782328,0.22248875213789565,0.0003878592017328153,inner_val_pr_auc_delta_vs_frozen_ar,0.00228438270278275,0.2571046054363251,0.9993532299995422,true_train_and_true_inner_val_selection
future_arousal_max_delta_rows_4_10_train_q90,binary,short_temporal_conv_residual,train_only_video_mean_residual,20260625,5,0.15727349277585745,0.22295078399108909,0.0008498910549262495,inner_val_pr_auc_delta_vs_frozen_ar,0.0023190982174128294,0.26505494117736816,0.9996743202209473,true_train_and_true_inner_val_selection
future_arousal_max_delta_rows_4_10_train_q90,binary,short_temporal_conv_residual,train_only_video_mean_residual,20260625,6,0.1570608476176858,0.2237411571761195,0.001640264239956668,inner_val_pr_auc_delta_vs_frozen_ar,0.002362344413995743,0.2681492269039154,0.9998003244400024,true_train_and_true_inner_val_selection
future_arousal_max_delta_rows_4_10_train_q90,binary,short_temporal_conv_residual,train_only_video_mean_residual,20260625,7,0.15671133063733578,0.22443322982751665,0.0023323368913538145,inner_val_pr_auc_delta_vs_frozen_ar,0.0024066222831606865,0.2761744260787964,0.9998833537101746,true_train_and_true_inner_val_selection
future_arousal_max_delta_rows_4_10_train_q90,binary,short_temporal_conv_residual,train_only_video_mean_residual,20260625,8,0.15622103866189718,0.22446165387820952,0.00236076094204668,inner_val_pr_auc_delta_vs_frozen_ar,0.002451926004141569,0.2801656723022461,0.9999362230300903,true_train_and_true_inner_val_selection
future_arousal_max_delta_rows_4_10_train_q90,binary,short_temporal_conv_residual,train_only_video_mean_residual,20260625,9,0.15591838210821152,0.22400059758953128,0.0018997046533684447,inner_val_pr_auc_delta_vs_frozen_ar,0.0024949265643954277,0.286482572555542,0.9999514222145081,true_train_and_true_inner_val_selection
future_arousal_max_delta_rows_4_10_train_q90,binary,short_temporal_conv_residual,train_only_video_mean_residual,20260625,10,0.15544229000806808,0.22212808249381072,2.718955764788311e-05,inner_val_pr_auc_delta_vs_frozen_ar,0.002533550141379237,0.28946763277053833,0.9999666810035706,true_train_and_true_inner_val_selection
future_arousal_max_delta_rows_4_10_train_q90,binary,short_temporal_conv_residual,train_only_video_mean_residual,20260625,11,0.15487061068415642,0.2216540735382965,-0.0004468193978663382,inner_val_pr_auc_delta_vs_frozen_ar,0.002567323623225093,0.29356229305267334,0.9999697804450989,true_train_and_true_inner_val_selection
future_arousal_max_delta_rows_4_10_train_q90,binary,short_temporal_conv_residual,train_only_video_mean_residual,20260625,12,0.15443458408117294,0.22097761984702502,-0.0011232730891378162,inner_val_pr_auc_delta_vs_frozen_ar,0.0025953175500035286,0.2962733507156372,0.9999748468399048,true_train_and_true_inner_val_selection
future_arousal_max_delta_rows_4_10_train_q90,binary,short_temporal_conv_residual,train_only_video_mean_residual,20260625,13,0.15412624180316925,0.22012500297907567,-0.001975889957087168,inner_val_pr_auc_delta_vs_frozen_ar,0.0026194951497018337,0.2998717725276947,0.9999760985374451,true_train_and_true_inner_val_selection
future_arousal_max_delta_rows_4_10_train_q90,binary,short_temporal_conv_residual,train_only_video_mean_residual,20260625,14,0.15396762266755104,0.21953860301150313,-0.0025622899246597053,inner_val_pr_auc_delta_vs_frozen_ar,0.0026417432818561792,0.30263254046440125,0.99997478723526,true_train_and_true_inner_val_selection
future_arousal_max_delta_rows_4_10_train_q90,binary,short_temporal_conv_residual,train_only_video_mean_residual,20260625,15,0.15349413082003593,0.21915494477754427,-0.0029459481586185665,inner_val_pr_auc_delta_vs_frozen_ar,0.002663580933585763,0.30628693103790283,0.9999746680259705,true_train_and_true_inner_val_selection
future_arousal_max_delta_rows_4_10_train_q90,binary,short_temporal_conv_residual,train_only_video_mean_residual,20260625,16,0.15315632335841656,0.21953935335013172,-0.002561539586031114,inner_val_pr_auc_delta_vs_frozen_ar,0.002683354075998068,0.30907851457595825,0.9999741911888123,true_train_and_true_inner_val_selection
future_arousal_max_delta_rows_4_10_train_q90,binary,short_temporal_conv_residual,diagnostics_only_residual,20260625,1,0.1579046966508031,0.22195670413153532,-0.00014418880462752082,inner_val_pr_auc_delta_vs_frozen_ar,0.00216801930218935,0.03369683772325516,0.10952720791101456,true_train_and_true_inner_val_selection
future_arousal_max_delta_rows_4_10_train_q90,binary,short_temporal_conv_residual,diagnostics_only_residual,20260625,2,0.157631678506732,0.22187229907190925,-0.00022859386425358452,inner_val_pr_auc_delta_vs_frozen_ar,0.0022122198715806007,0.15764431655406952,0.744270384311676,true_train_and_true_inner_val_selection
future_arousal_max_delta_rows_4_10_train_q90,binary,short_temporal_conv_residual,diagnostics_only_residual,20260625,3,0.15768373291939497,0.22190686921420016,-0.0001940237219626717,inner_val_pr_auc_delta_vs_frozen_ar,0.0022279282566159964,0.26812055706977844,0.9775032997131348,true_train_and_true_inner_val_selection
future_arousal_max_delta_rows_4_10_train_q90,binary,short_temporal_conv_residual,diagnostics_only_residual,20260625,4,0.15765682328492403,0.22191718549334183,-0.00018370744282100726,inner_val_pr_auc_delta_vs_frozen_ar,0.002242152811959386,0.285582572221756,0.9873929619789124,true_train_and_true_inner_val_selection
future_arousal_max_delta_rows_4_10_train_q90,binary,short_temporal_conv_residual,diagnostics_only_residual,20260625,5,0.15760376304388046,0.22193634132156187,-0.00016455161460096623,inner_val_pr_auc_delta_vs_frozen_ar,0.002264343900606036,0.27193573117256165,0.9783320426940918,true_train_and_true_inner_val_selection
future_arousal_max_delta_rows_4_10_train_q90,binary,short_temporal_conv_residual,diagnostics_only_residual,20260625,6,0.15772909112274647,0.22188241244591334,-0.00021848049024950078,inner_val_pr_auc_delta_vs_frozen_ar,0.002289969241246581,0.24478261172771454,0.9511811137199402,true_train_and_true_inner_val_selection
future_arousal_max_delta_rows_4_10_train_q90,binary,short_temporal_conv_residual,diagnostics_only_residual,20260625,7,0.15736866369843483,0.22188402002399626,-0.00021687291216657134,inner_val_pr_auc_delta_vs_frozen_ar,0.0023170332424342632,0.214840367436409,0.8983138203620911,true_train_and_true_inner_val_selection
future_arousal_max_delta_rows_4_10_train_q90,binary,short_temporal_conv_residual,diagnostics_only_residual,20260625,8,0.15754967741668224,0.2218548408698126,-0.00024605206635022747,inner_val_pr_auc_delta_vs_frozen_ar,0.0023374687880277634,0.18396329879760742,0.8086929321289062,true_train_and_true_inner_val_selection
future_arousal_max_delta_rows_4_10_train_q90,binary,short_temporal_conv_residual,real_residual,20260626,1,0.15613216534256935,0.22828121384038993,3.1501614871087824e-05,inner_val_pr_auc_delta_vs_frozen_ar,0.002174060558900237,0.025916688144207,0.07364265620708466,true_train_and_true_inner_val_selection
future_arousal_max_delta_rows_4_10_train_q90,binary,short_temporal_conv_residual,real_residual,20260626,2,0.15607218444347382,0.22831148945920265,6.177723368380739e-05,inner_val_pr_auc_delta_vs_frozen_ar,0.0022175824269652367,0.0687132477760315,0.3904174268245697,true_train_and_true_inner_val_selection
future_arousal_max_delta_rows_4_10_train_q90,binary,short_temporal_conv_residual,real_residual,20260626,3,0.15585257206112146,0.2285737267503463,0.00032401452482744286,inner_val_pr_auc_delta_vs_frozen_ar,0.0022675383370369673,0.12447378784418106,0.8069467544555664,true_train_and_true_inner_val_selection
future_arousal_max_delta_rows_4_10_train_q90,binary,short_temporal_conv_residual,real_residual,20260626,4,0.15580961760133505,0.22933144794773042,0.0010817357222115687,inner_val_pr_auc_delta_vs_frozen_ar,0.0023177473340183496,0.1360541433095932,0.8595524430274963,true_train_and_true_inner_val_selection
future_arousal_max_delta_rows_4_10_train_q90,binary,short_temporal_conv_residual,real_residual,20260626,5,0.1555075142532587,0.23039396729954878,0.0021442550740299327,inner_val_pr_auc_delta_vs_frozen_ar,0.0023612729273736477,0.11556997895240784,0.7748432159423828,true_train_and_true_inner_val_selection
future_arousal_max_delta_rows_4_10_train_q90,binary,short_temporal_conv_residual,real_residual,20260626,6,0.15535493846982718,0.23165910005838508,0.003409387832866234,inner_val_pr_auc_delta_vs_frozen_ar,0.002401109552010894,0.11311732232570648,0.7758030295372009,true_train_and_true_inner_val_selection
future_arousal_max_delta_rows_4_10_train_q90,binary,short_temporal_conv_residual,real_residual,20260626,7,0.15482044406235218,0.23340995015079963,0.005160237925280781,inner_val_pr_auc_delta_vs_frozen_ar,0.0024451324716210365,0.11832263320684433,0.8098390698432922,true_train_and_true_inner_val_selection
future_arousal_max_delta_rows_4_10_train_q90,binary,short_temporal_conv_residual,real_residual,20260626,8,0.15442800894379616,0.23589592166114745,0.007646209435628604,inner_val_pr_auc_delta_vs_frozen_ar,0.002491103019565344,0.12177017331123352,0.8441897630691528,true_train_and_true_inner_val_selection
future_arousal_max_delta_rows_4_10_train_q90,binary,short_temporal_conv_residual,real_residual,20260626,9,0.15351247042417526,0.23825092925819139,0.010001217032672538,inner_val_pr_auc_delta_vs_frozen_ar,0.0025354642421007156,0.12436165660619736,0.8656854629516602,true_train_and_true_inner_val_selection
future_arousal_max_delta_rows_4_10_train_q90,binary,short_temporal_conv_residual,real_residual,20260626,10,0.15325600560754538,0.24025624545017102,0.012006533224652172,inner_val_pr_auc_delta_vs_frozen_ar,0.0025766505859792233,0.12613782286643982,0.8804305791854858,true_train_and_true_inner_val_selection
future_arousal_max_delta_rows_4_10_train_q90,binary,short_temporal_conv_residual,real_residual,20260626,11,0.15272499434649944,0.2413451368443891,0.013095424618870255,inner_val_pr_auc_delta_vs_frozen_ar,0.002611663658171892,0.12910372018814087,0.891717255115509,true_train_and_true_inner_val_selection
future_arousal_max_delta_rows_4_10_train_q90,binary,short_temporal_conv_residual,real_residual,20260626,12,0.15232743881642818,0.24171228041863546,0.013462568193116614,inner_val_pr_auc_delta_vs_frozen_ar,0.002638663398101926,0.13193532824516296,0.9034047722816467,true_train_and_true_inner_val_selection
future_arousal_max_delta_rows_4_10_train_q90,binary,short_temporal_conv_residual,real_residual,20260626,13,0.15187607612460852,0.2416403155569137,0.013390603331394857,inner_val_pr_auc_delta_vs_frozen_ar,0.0026609632186591625,0.13432785868644714,0.9102175831794739,true_train_and_true_inner_val_selection
future_arousal_max_delta_rows_4_10_train_q90,binary,short_temporal_conv_residual,real_residual,20260626,14,0.15175660885870457,0.24126725771183216,0.013017545486313314,inner_val_pr_auc_delta_vs_frozen_ar,0.0026795025914907455,0.13638384640216827,0.9159306287765503,true_train_and_true_inner_val_selection
future_arousal_max_delta_rows_4_10_train_q90,binary,short_temporal_conv_residual,real_residual,20260626,15,0.15147663559764624,0.24072723716839256,0.012477524942873713,inner_val_pr_auc_delta_vs_frozen_ar,0.0026961970143020153,0.13909688591957092,0.9261885285377502,true_train_and_true_inner_val_selection
future_arousal_max_delta_rows_4_10_train_q90,binary,short_temporal_conv_residual,real_residual,20260626,16,0.1514352960512042,0.24057933525215547,0.012329623026636621,inner_val_pr_auc_delta_vs_frozen_ar,0.0027111759409308434,0.14089693129062653,0.9315253496170044,true_train_and_true_inner_val_selection
future_arousal_max_delta_rows_4_10_train_q90,binary,short_temporal_conv_residual,real_residual,20260626,17,0.1510529601946473,0.24034056383247643,0.012090851606957581,inner_val_pr_auc_delta_vs_frozen_ar,0.0027295893523842096,0.1430693119764328,0.937477171421051,true_train_and_true_inner_val_selection
future_arousal_max_delta_rows_4_10_train_q90,binary,short_temporal_conv_residual,real_residual,20260626,18,0.15072177071124315,0.24027736150442866,0.012027649278909813,inner_val_pr_auc_delta_vs_frozen_ar,0.002745935460552573,0.1446457803249359,0.940787672996521,true_train_and_true_inner_val_selection
future_arousal_max_delta_rows_4_10_train_q90,binary,short_temporal_conv_residual,real_residual,20260626,19,0.150502554140985,0.23999780187729447,0.011748089651775623,inner_val_pr_auc_delta_vs_frozen_ar,0.002763599855825305,0.14567214250564575,0.9443953633308411,true_train_and_true_inner_val_selection
future_arousal_max_delta_rows_4_10_train_q90,binary,short_temporal_conv_residual,real_residual,20260626,20,0.15028697531670332,0.2395596889298652,0.011309976704346358,inner_val_pr_auc_delta_vs_frozen_ar,0.0027830232866108418,0.14670878648757935,0.9459924101829529,true_train_and_true_inner_val_selection
future_arousal_max_delta_rows_4_10_train_q90,binary,short_temporal_conv_residual,shuffled_pca_residual,20260626,1,0.15626216027885675,0.22829913769584398,4.942547032513178e-05,inner_val_pr_auc_delta_vs_frozen_ar,0.0021743825636804104,0.024551711976528168,0.0678953230381012,true_train_and_true_inner_val_selection
future_arousal_max_delta_rows_4_10_train_q90,binary,short_temporal_conv_residual,shuffled_pca_residual,20260626,2,0.15602876339107752,0.22828774507174465,3.803284622580505e-05,inner_val_pr_auc_delta_vs_frozen_ar,0.002218753332272172,0.05335557088255882,0.24384598433971405,true_train_and_true_inner_val_selection
future_arousal_max_delta_rows_4_10_train_q90,binary,short_temporal_conv_residual,shuffled_pca_residual,20260626,3,0.1561999311670661,0.22829737044159285,4.7658216073998005e-05,inner_val_pr_auc_delta_vs_frozen_ar,0.0022685807198286057,0.12033090740442276,0.6498055458068848,true_train_and_true_inner_val_selection
future_arousal_max_delta_rows_4_10_train_q90,binary,short_temporal_conv_residual,shuffled_pca_residual,20260626,4,0.1561067681759596,0.22822614692033077,-2.3565305188072427e-05,inner_val_pr_auc_delta_vs_frozen_ar,0.0023183580487966537,0.1804613620042801,0.8937603235244751,true_train_and_true_inner_val_selection
future_arousal_max_delta_rows_4_10_train_q90,binary,short_temporal_conv_residual,shuffled_pca_residual,20260626,5,0.1562302904203534,0.22821949998272464,-3.0212242794203092e-05,inner_val_pr_auc_delta_vs_frozen_ar,0.0023566095624119043,0.20007358491420746,0.9377745985984802,true_train_and_true_inner_val_selection
future_arousal_max_delta_rows_4_10_train_q90,binary,short_temporal_conv_residual,shuffled_pca_residual,20260626,6,0.15576701518148184,0.22827649122871896,2.6779003200111395e-05,inner_val_pr_auc_delta_vs_frozen_ar,0.002380316611379385,0.1931408941745758,0.924164354801178,true_train_and_true_inner_val_selection
future_arousal_max_delta_rows_4_10_train_q90,binary,short_temporal_conv_residual,shuffled_pca_residual,20260626,7,0.15575201157480478,0.22840637159026828,0.00015665936474942854,inner_val_pr_auc_delta_vs_frozen_ar,0.002410229528322816,0.1804111748933792,0.8955371379852295,true_train_and_true_inner_val_selection
future_arousal_max_delta_rows_4_10_train_q90,binary,short_temporal_conv_residual,shuffled_pca_residual,20260626,8,0.1558599267154932,0.22857875314293408,0.0003290409174152298,inner_val_pr_auc_delta_vs_frozen_ar,0.0024469320196658373,0.1689462661743164,0.8634112477302551,true_train_and_true_inner_val_selection
future_arousal_max_delta_rows_4_10_train_q90,binary,short_temporal_conv_residual,shuffled_pca_residual,20260626,9,0.15573121141642332,0.2286833699578698,0.0004336577323509616,inner_val_pr_auc_delta_vs_frozen_ar,0.002486481796950102,0.16755066812038422,0.8596800565719604,true_train_and_true_inner_val_selection
future_arousal_max_delta_rows_4_10_train_q90,binary,short_temporal_conv_residual,shuffled_pca_residual,20260626,10,0.1554390536621213,0.22884090306651406,0.0005911908409952094,inner_val_pr_auc_delta_vs_frozen_ar,0.0025256189983338118,0.1668899953365326,0.8565986156463623,true_train_and_true_inner_val_selection
future_arousal_max_delta_rows_4_10_train_q90,binary,short_temporal_conv_residual,shuffled_pca_residual,20260626,11,0.1556247305124998,0.22893140706189852,0.0006816948363796704,inner_val_pr_auc_delta_vs_frozen_ar,0.0025654665660113096,0.16968458890914917,0.8626184463500977,true_train_and_true_inner_val_selection
future_arousal_max_delta_rows_4_10_train_q90,binary,short_temporal_conv_residual,shuffled_pca_residual,20260626,12,0.15553762204945087,0.228870173326071,0.0006204611005521665,inner_val_pr_auc_delta_vs_frozen_ar,0.0026060924865305424,0.17189057171344757,0.8683531880378723,true_train_and_true_inner_val_selection
future_arousal_max_delta_rows_4_10_train_q90,binary,short_temporal_conv_residual,shuffled_pca_residual,20260626,13,0.1552104027941823,0.22872975452756855,0.00048004230204970466,inner_val_pr_auc_delta_vs_frozen_ar,0.002646513981744647,0.1759435385465622,0.8775750994682312,true_train_and_true_inner_val_selection
future_arousal_max_delta_rows_4_10_train_q90,binary,short_temporal_conv_residual,shuffled_pca_residual,20260626,14,0.15512575954198837,0.22850331627193582,0.000253604046416972,inner_val_pr_auc_delta_vs_frozen_ar,0.002685540821403265,0.17558486759662628,0.8754273653030396,true_train_and_true_inner_val_selection
future_arousal_max_delta_rows_4_10_train_q90,binary,short_temporal_conv_residual,shuffled_pca_residual,20260626,15,0.15475555695593357,0.2282020047229024,-4.77075026164564e-05,inner_val_pr_auc_delta_vs_frozen_ar,0.002723482670262456,0.17456816136837006,0.8709559440612793,true_train_and_true_inner_val_selection
future_arousal_max_delta_rows_4_10_train_q90,binary,short_temporal_conv_residual,shuffled_pca_residual,20260626,16,0.15462028421461582,0.2277709039175223,-0.00047880830799654217,inner_val_pr_auc_delta_vs_frozen_ar,0.002760607050731778,0.17552140355110168,0.8732641339302063,true_train_and_true_inner_val_selection
future_arousal_max_delta_rows_4_10_train_q90,binary,short_temporal_conv_residual,shuffled_pca_residual,20260626,17,0.15449055656790733,0.22725072466504934,-0.0009989875604695109,inner_val_pr_auc_delta_vs_frozen_ar,0.0027950082439929247,0.1738932877779007,0.8694378733634949,true_train_and_true_inner_val_selection
future_arousal_max_delta_rows_4_10_train_q90,binary,short_temporal_conv_residual,shuffled_pca_residual,20260626,18,0.1541592562571168,0.22675804199442479,-0.001491670231094061,inner_val_pr_auc_delta_vs_frozen_ar,0.0028275304939597845,0.1724647879600525,0.8637880086898804,true_train_and_true_inner_val_selection
future_arousal_max_delta_rows_4_10_train_q90,binary,short_temporal_conv_residual,shuffled_pca_residual,20260626,19,0.15400085970759392,0.22601778602633144,-0.0022319261991874118,inner_val_pr_auc_delta_vs_frozen_ar,0.0028592029120773077,0.1728483885526657,0.8662470579147339,true_train_and_true_inner_val_selection
future_arousal_max_delta_rows_4_10_train_q90,binary,short_temporal_conv_residual,random_pca_residual,20260626,1,0.15599659457802773,0.22828702786401822,3.731563849937447e-05,inner_val_pr_auc_delta_vs_frozen_ar,0.002175077795982361,0.02444002963602543,0.06717313081026077,true_train_and_true_inner_val_selection
future_arousal_max_delta_rows_4_10_train_q90,binary,short_temporal_conv_residual,random_pca_residual,20260626,2,0.1559994937852025,0.22827382458056342,2.4112355044569878e-05,inner_val_pr_auc_delta_vs_frozen_ar,0.0022190874442458153,0.05288061499595642,0.24024167656898499,true_train_and_true_inner_val_selection
future_arousal_max_delta_rows_4_10_train_q90,binary,short_temporal_conv_residual,random_pca_residual,20260626,3,0.1561508560553193,0.22826210748507755,1.239525955870624e-05,inner_val_pr_auc_delta_vs_frozen_ar,0.002268843352794647,0.12068212032318115,0.6450254321098328,true_train_and_true_inner_val_selection
future_arousal_max_delta_rows_4_10_train_q90,binary,short_temporal_conv_residual,random_pca_residual,20260626,4,0.15625019371509552,0.22818372639832682,-6.598582719202772e-05,inner_val_pr_auc_delta_vs_frozen_ar,0.002319304272532463,0.18218904733657837,0.8946130871772766,true_train_and_true_inner_val_selection
future_arousal_max_delta_rows_4_10_train_q90,binary,short_temporal_conv_residual,random_pca_residual,20260626,5,0.15594735834747553,0.2281250001754021,-0.00012471205011674313,inner_val_pr_auc_delta_vs_frozen_ar,0.0023586968891322613,0.20642739534378052,0.9467406272888184,true_train_and_true_inner_val_selection
future_arousal_max_delta_rows_4_10_train_q90,binary,short_temporal_conv_residual,random_pca_residual,20260626,6,0.156146758235991,0.22813266161544768,-0.00011705061007116768,inner_val_pr_auc_delta_vs_frozen_ar,0.0023754523135721684,0.20089875161647797,0.9377196431159973,true_train_and_true_inner_val_selection
future_arousal_max_delta_rows_4_10_train_q90,binary,short_temporal_conv_residual,random_pca_residual,20260626,7,0.1559933964163065,0.22811315077043096,-0.0001365614550878913,inner_val_pr_auc_delta_vs_frozen_ar,0.0024025598540902138,0.18932779133319855,0.9138361811637878,true_train_and_true_inner_val_selection
future_arousal_max_delta_rows_4_10_train_q90,binary,short_temporal_conv_residual,random_pca_residual,20260626,8,0.1558235976845026,0.22806284937187532,-0.00018686285364352684,inner_val_pr_auc_delta_vs_frozen_ar,0.0024366024881601334,0.1801772266626358,0.8917876482009888,true_train_and_true_inner_val_selection
future_arousal_max_delta_rows_4_10_train_q90,binary,short_temporal_conv_residual,random_pca_residual,20260626,9,0.15570806432515383,0.22798467294698194,-0.00026503927853691045,inner_val_pr_auc_delta_vs_frozen_ar,0.0024741915985941887,0.1764189898967743,0.8809306621551514,true_train_and_true_inner_val_selection
future_arousal_max_delta_rows_4_10_train_q90,binary,short_temporal_conv_residual,label_permutation_residual,20260626,1,0.19202639907598495,0.10011693464066204,-7.801738752893916e-06,inner_val_pr_auc_delta_vs_frozen_ar,0.002169393701478839,0.024694453924894333,0.06563331931829453,permuted_train_and_permuted_inner_val_selection
future_arousal_max_delta_rows_4_10_train_q90,binary,short_temporal_conv_residual,label_permutation_residual,20260626,2,0.19202060718089342,0.10011856944680805,-6.1669326068825026e-06,inner_val_pr_auc_delta_vs_frozen_ar,0.002210750477388501,0.05283349007368088,0.2612224519252777,permuted_train_and_permuted_inner_val_selection
future_arousal_max_delta_rows_4_10_train_q90,binary,short_temporal_conv_residual,label_permutation_residual,20260626,3,0.19189670775085688,0.10011543535846143,-9.301020953506045e-06,inner_val_pr_auc_delta_vs_frozen_ar,0.0022593592293560505,0.11662501096725464,0.6890844106674194,permuted_train_and_permuted_inner_val_selection
future_arousal_max_delta_rows_4_10_train_q90,binary,short_temporal_conv_residual,label_permutation_residual,20260626,4,0.1916107852011919,0.100129431519938,4.695140523064412e-06,inner_val_pr_auc_delta_vs_frozen_ar,0.002304594498127699,0.16213616728782654,0.8762875199317932,permuted_train_and_permuted_inner_val_selection
future_arousal_max_delta_rows_4_10_train_q90,binary,short_temporal_conv_residual,label_permutation_residual,20260626,5,0.19177501741796732,0.10012960310365421,4.8667242392719245e-06,inner_val_pr_auc_delta_vs_frozen_ar,0.002320448402315378,0.17700299620628357,0.8992828726768494,permuted_train_and_permuted_inner_val_selection
future_arousal_max_delta_rows_4_10_train_q90,binary,short_temporal_conv_residual,label_permutation_residual,20260626,6,0.19154790975153446,0.10012847124679024,3.7348673753018202e-06,inner_val_pr_auc_delta_vs_frozen_ar,0.0023300382308661938,0.17269571125507355,0.8746285438537598,permuted_train_and_permuted_inner_val_selection
future_arousal_max_delta_rows_4_10_train_q90,binary,short_temporal_conv_residual,label_permutation_residual,20260626,7,0.1915284851565957,0.10012136528193716,-3.3710974777778624e-06,inner_val_pr_auc_delta_vs_frozen_ar,0.0023471408057957888,0.1677950620651245,0.857792317867279,permuted_train_and_permuted_inner_val_selection
future_arousal_max_delta_rows_4_10_train_q90,binary,short_temporal_conv_residual,label_permutation_residual,20260626,8,0.19173456449061632,0.10012018493637898,-4.551443035960556e-06,inner_val_pr_auc_delta_vs_frozen_ar,0.002369385678321123,0.16662941873073578,0.8560872077941895,permuted_train_and_permuted_inner_val_selection
future_arousal_max_delta_rows_4_10_train_q90,binary,short_temporal_conv_residual,label_permutation_residual,20260626,9,0.19167753215879202,0.10010881379656213,-1.592258285280923e-05,inner_val_pr_auc_delta_vs_frozen_ar,0.0023945304565131664,0.16602300107479095,0.8584192991256714,permuted_train_and_permuted_inner_val_selection
future_arousal_max_delta_rows_4_10_train_q90,binary,short_temporal_conv_residual,label_permutation_residual,20260626,10,0.19163238536566496,0.10009845200905146,-2.6284370363477416e-05,inner_val_pr_auc_delta_vs_frozen_ar,0.0024254503659904003,0.1651345193386078,0.8604294657707214,permuted_train_and_permuted_inner_val_selection
future_arousal_max_delta_rows_4_10_train_q90,binary,short_temporal_conv_residual,label_permutation_residual,20260626,11,0.1916220374405384,0.10008521416392663,-3.952221548830792e-05,inner_val_pr_auc_delta_vs_frozen_ar,0.0024574657436460257,0.16632869839668274,0.8695054054260254,permuted_train_and_permuted_inner_val_selection
future_arousal_max_delta_rows_4_10_train_q90,binary,short_temporal_conv_residual,label_permutation_residual,20260626,12,0.19170367904007435,0.10008428095558275,-4.0455423832186366e-05,inner_val_pr_auc_delta_vs_frozen_ar,0.002489867154508829,0.16289860010147095,0.8689525127410889,permuted_train_and_permuted_inner_val_selection
future_arousal_max_delta_rows_4_10_train_q90,binary,short_temporal_conv_residual,label_permutation_residual,20260626,13,0.19122764840722084,0.10009417019699524,-3.0566182419700105e-05,inner_val_pr_auc_delta_vs_frozen_ar,0.0025249358732253313,0.1665026843547821,0.882461667060852,permuted_train_and_permuted_inner_val_selection
future_arousal_max_delta_rows_4_10_train_q90,binary,short_temporal_conv_residual,train_only_video_mean_residual,20260626,1,0.15602316614240408,0.22829464508496422,4.493285944537351e-05,inner_val_pr_auc_delta_vs_frozen_ar,0.0021751790773123503,0.03138276934623718,0.12166683375835419,true_train_and_true_inner_val_selection
future_arousal_max_delta_rows_4_10_train_q90,binary,short_temporal_conv_residual,train_only_video_mean_residual,20260626,2,0.15628576558083296,0.2283545391355934,0.00010482691007454581,inner_val_pr_auc_delta_vs_frozen_ar,0.0022187812719494104,0.13215455412864685,0.9786957502365112,true_train_and_true_inner_val_selection
future_arousal_max_delta_rows_4_10_train_q90,binary,short_temporal_conv_residual,train_only_video_mean_residual,20260626,3,0.15603418182581663,0.22828350312025297,3.379089473412589e-05,inner_val_pr_auc_delta_vs_frozen_ar,0.0022682647686451674,0.21690112352371216,0.9993138313293457,true_train_and_true_inner_val_selection
future_arousal_max_delta_rows_4_10_train_q90,binary,short_temporal_conv_residual,train_only_video_mean_residual,20260626,4,0.1559793958440423,0.2283186122211317,6.889999561285332e-05,inner_val_pr_auc_delta_vs_frozen_ar,0.0023075887002050877,0.2511897683143616,0.9998170733451843,true_train_and_true_inner_val_selection
future_arousal_max_delta_rows_4_10_train_q90,binary,short_temporal_conv_residual,train_only_video_mean_residual,20260626,5,0.1558530442416668,0.22834799922166055,9.828699614169989e-05,inner_val_pr_auc_delta_vs_frozen_ar,0.0023407754488289356,0.2698797583580017,0.9999129772186279,true_train_and_true_inner_val_selection
future_arousal_max_delta_rows_4_10_train_q90,binary,short_temporal_conv_residual,train_only_video_mean_residual,20260626,6,0.15584345161914825,0.2282516408432163,1.928617697460888e-06,inner_val_pr_auc_delta_vs_frozen_ar,0.0023834705352783203,0.28666219115257263,0.9999452233314514,true_train_and_true_inner_val_selection
future_arousal_max_delta_rows_4_10_train_q90,binary,short_temporal_conv_residual,train_only_video_mean_residual,20260626,7,0.1556338630616665,0.2279403232617226,-0.0003093889637962588,inner_val_pr_auc_delta_vs_frozen_ar,0.002428061328828335,0.29623013734817505,0.9999592304229736,true_train_and_true_inner_val_selection
future_arousal_max_delta_rows_4_10_train_q90,binary,short_temporal_conv_residual,train_only_video_mean_residual,20260626,8,0.15494291670620441,0.2268595185244104,-0.0013901937011084609,inner_val_pr_auc_delta_vs_frozen_ar,0.002473742002621293,0.30474796891212463,0.9999684691429138,true_train_and_true_inner_val_selection
future_arousal_max_delta_rows_4_10_train_q90,binary,short_temporal_conv_residual,train_only_video_mean_residual,20260626,9,0.1546290349215269,0.22516620266119675,-0.003083509564322101,inner_val_pr_auc_delta_vs_frozen_ar,0.0025165798142552376,0.3095625042915344,0.9999774694442749,true_train_and_true_inner_val_selection
future_arousal_max_delta_rows_4_10_train_q90,binary,short_temporal_conv_residual,train_only_video_mean_residual,20260626,10,0.15417552832514048,0.2237638713495414,-0.004485840875977448,inner_val_pr_auc_delta_vs_frozen_ar,0.0025555547326803207,0.31274843215942383,0.9999841451644897,true_train_and_true_inner_val_selection
future_arousal_max_delta_rows_4_10_train_q90,binary,short_temporal_conv_residual,diagnostics_only_residual,20260626,1,0.15619799681007862,0.2281016340223238,-0.00014807820319504006,inner_val_pr_auc_delta_vs_frozen_ar,0.002179928356781602,0.017161186784505844,0.03059235028922558,true_train_and_true_inner_val_selection
future_arousal_max_delta_rows_4_10_train_q90,binary,short_temporal_conv_residual,diagnostics_only_residual,20260626,2,0.1562196323648095,0.22809921205942366,-0.000150500166095191,inner_val_pr_auc_delta_vs_frozen_ar,0.002224235562607646,0.05012069642543793,0.2067451775074005,true_train_and_true_inner_val_selection
future_arousal_max_delta_rows_4_10_train_q90,binary,short_temporal_conv_residual,diagnostics_only_residual,20260626,3,0.15586261916905642,0.22816146957151923,-8.824265399962061e-05,inner_val_pr_auc_delta_vs_frozen_ar,0.0022579289507120848,0.2099827080965042,0.9151780009269714,true_train_and_true_inner_val_selection
future_arousal_max_delta_rows_4_10_train_q90,binary,short_temporal_conv_residual,diagnostics_only_residual,20260626,4,0.1559528475627303,0.2282232365190588,-2.647570646005515e-05,inner_val_pr_auc_delta_vs_frozen_ar,0.002284752205014229,0.2800394594669342,0.9879035353660583,true_train_and_true_inner_val_selection
future_arousal_max_delta_rows_4_10_train_q90,binary,short_temporal_conv_residual,diagnostics_only_residual,20260626,5,0.15594862401485443,0.2282093648335821,-4.034739193675696e-05,inner_val_pr_auc_delta_vs_frozen_ar,0.0023091454058885574,0.28900471329689026,0.9912090301513672,true_train_and_true_inner_val_selection
future_arousal_max_delta_rows_4_10_train_q90,binary,short_temporal_conv_residual,diagnostics_only_residual,20260626,6,0.15633375477045774,0.22818767795234968,-6.203427316917032e-05,inner_val_pr_auc_delta_vs_frozen_ar,0.0023269099183380604,0.28809505701065063,0.9904424548149109,true_train_and_true_inner_val_selection
future_arousal_max_delta_rows_4_10_train_q90,binary,short_temporal_conv_residual,diagnostics_only_residual,20260626,7,0.15597366448491812,0.22813621186901561,-0.0001135003565032322,inner_val_pr_auc_delta_vs_frozen_ar,0.0023475720081478357,0.30285945534706116,0.9946333765983582,true_train_and_true_inner_val_selection
future_arousal_max_delta_rows_4_10_train_q90,binary,short_temporal_conv_residual,diagnostics_only_residual,20260626,8,0.155979348346591,0.22808074582592358,-0.00016896639959526616,inner_val_pr_auc_delta_vs_frozen_ar,0.0023575271479785442,0.32481759786605835,0.9982060790061951,true_train_and_true_inner_val_selection
future_arousal_max_delta_rows_4_10_train_q90,binary,short_temporal_conv_residual,real_residual,20260627,1,0.1558900587260723,0.2282187265024332,7.241153926201838e-05,inner_val_pr_auc_delta_vs_frozen_ar,0.00214799284003675,0.022375168278813362,0.05433293804526329,true_train_and_true_inner_val_selection
future_arousal_max_delta_rows_4_10_train_q90,binary,short_temporal_conv_residual,real_residual,20260627,2,0.15599874965846539,0.22822991217593755,8.359721276637866e-05,inner_val_pr_auc_delta_vs_frozen_ar,0.002177686430513859,0.025788145139813423,0.07774212211370468,true_train_and_true_inner_val_selection
future_arousal_max_delta_rows_4_10_train_q90,binary,short_temporal_conv_residual,real_residual,20260627,3,0.1559578524902463,0.22812666103682083,-1.9653926350338136e-05,inner_val_pr_auc_delta_vs_frozen_ar,0.0022223263513296843,0.054248955100774765,0.30073535442352295,true_train_and_true_inner_val_selection
future_arousal_max_delta_rows_4_10_train_q90,binary,short_temporal_conv_residual,real_residual,20260627,4,0.15614734310656786,0.22824712255625773,0.0001008075930865604,inner_val_pr_auc_delta_vs_frozen_ar,0.0022716124076396227,0.08896901458501816,0.6456077098846436,true_train_and_true_inner_val_selection
future_arousal_max_delta_rows_4_10_train_q90,binary,short_temporal_conv_residual,real_residual,20260627,5,0.15583695657551289,0.22859708222892922,0.00045076726575804527,inner_val_pr_auc_delta_vs_frozen_ar,0.002321514766663313,0.09015538543462753,0.6716298460960388,true_train_and_true_inner_val_selection
future_arousal_max_delta_rows_4_10_train_q90,binary,short_temporal_conv_residual,real_residual,20260627,6,0.15577627439051867,0.2291572872122658,0.0010109722490946327,inner_val_pr_auc_delta_vs_frozen_ar,0.002371201291680336,0.07725156843662262,0.5473061800003052,true_train_and_true_inner_val_selection
future_arousal_max_delta_rows_4_10_train_q90,binary,short_temporal_conv_residual,real_residual,20260627,7,0.15544940438121557,0.23034529116297553,0.002198976199804359,inner_val_pr_auc_delta_vs_frozen_ar,0.002419385826215148,0.07766934484243393,0.5460237860679626,true_train_and_true_inner_val_selection
future_arousal_max_delta_rows_4_10_train_q90,binary,short_temporal_conv_residual,real_residual,20260627,8,0.155173908919096,0.23263861547712594,0.004492300513954772,inner_val_pr_auc_delta_vs_frozen_ar,0.002466021105647087,0.08531086891889572,0.6380934715270996,true_train_and_true_inner_val_selection
future_arousal_max_delta_rows_4_10_train_q90,binary,short_temporal_conv_residual,real_residual,20260627,9,0.1543438294902444,0.2359105338520456,0.007764218888874436,inner_val_pr_auc_delta_vs_frozen_ar,0.0025109790731221437,0.09096016734838486,0.7063746452331543,true_train_and_true_inner_val_selection
future_arousal_max_delta_rows_4_10_train_q90,binary,short_temporal_conv_residual,real_residual,20260627,10,0.15381193347275257,0.24006171183681402,0.011915396873642847,inner_val_pr_auc_delta_vs_frozen_ar,0.002556741703301668,0.09495522081851959,0.7486680746078491,true_train_and_true_inner_val_selection
future_arousal_max_delta_rows_4_10_train_q90,binary,short_temporal_conv_residual,real_residual,20260627,11,0.1533626476302743,0.24517904429191922,0.017032729328748053,inner_val_pr_auc_delta_vs_frozen_ar,0.002603332744911313,0.0987582728266716,0.7831799983978271,true_train_and_true_inner_val_selection
future_arousal_max_delta_rows_4_10_train_q90,binary,short_temporal_conv_residual,real_residual,20260627,12,0.15213538985699415,0.2508605806391424,0.022714265675971235,inner_val_pr_auc_delta_vs_frozen_ar,0.002649134024977684,0.1022128313779831,0.8021231293678284,true_train_and_true_inner_val_selection
future_arousal_max_delta_rows_4_10_train_q90,binary,short_temporal_conv_residual,real_residual,20260627,13,0.1516471430659294,0.2543745946510314,0.026228279687860234,inner_val_pr_auc_delta_vs_frozen_ar,0.0026895874179899693,0.10507486015558243,0.8149314522743225,true_train_and_true_inner_val_selection
future_arousal_max_delta_rows_4_10_train_q90,binary,short_temporal_conv_residual,real_residual,20260627,14,0.15100097097456455,0.2554223868788074,0.027276071915636246,inner_val_pr_auc_delta_vs_frozen_ar,0.002722520846873522,0.10752096772193909,0.828362762928009,true_train_and_true_inner_val_selection
future_arousal_max_delta_rows_4_10_train_q90,binary,short_temporal_conv_residual,real_residual,20260627,15,0.15058394987136126,0.2548743608264746,0.026728045863303407,inner_val_pr_auc_delta_vs_frozen_ar,0.0027460313867777586,0.10849104821681976,0.8315598964691162,true_train_and_true_inner_val_selection
future_arousal_max_delta_rows_4_10_train_q90,binary,short_temporal_conv_residual,real_residual,20260627,16,0.15013997163623571,0.25389408966239235,0.025747774699221182,inner_val_pr_auc_delta_vs_frozen_ar,0.0027645700611174107,0.10981456935405731,0.8368987441062927,true_train_and_true_inner_val_selection
future_arousal_max_delta_rows_4_10_train_q90,binary,short_temporal_conv_residual,real_residual,20260627,17,0.15014563035219908,0.25285144250028874,0.024705127537117566,inner_val_pr_auc_delta_vs_frozen_ar,0.0027815254870802164,0.11198563873767853,0.8438897132873535,true_train_and_true_inner_val_selection
future_arousal_max_delta_rows_4_10_train_q90,binary,short_temporal_conv_residual,real_residual,20260627,18,0.14981038309633732,0.2518618220297941,0.023715507066622954,inner_val_pr_auc_delta_vs_frozen_ar,0.002798159373924136,0.11343365907669067,0.8504191040992737,true_train_and_true_inner_val_selection
future_arousal_max_delta_rows_4_10_train_q90,binary,short_temporal_conv_residual,real_residual,20260627,19,0.1492856703698635,0.2506691385242013,0.022522823561030136,inner_val_pr_auc_delta_vs_frozen_ar,0.002812908962368965,0.11518214643001556,0.8572063446044922,true_train_and_true_inner_val_selection
future_arousal_max_delta_rows_4_10_train_q90,binary,short_temporal_conv_residual,real_residual,20260627,20,0.14912327844649553,0.2501110742479933,0.02196475928482211,inner_val_pr_auc_delta_vs_frozen_ar,0.0028281237464398146,0.11646579205989838,0.8569991588592529,true_train_and_true_inner_val_selection
future_arousal_max_delta_rows_4_10_train_q90,binary,short_temporal_conv_residual,real_residual,20260627,21,0.14902541041374207,0.24910353448856087,0.020957219525389703,inner_val_pr_auc_delta_vs_frozen_ar,0.002844207687303424,0.11794877797365189,0.8622229099273682,true_train_and_true_inner_val_selection
future_arousal_max_delta_rows_4_10_train_q90,binary,short_temporal_conv_residual,real_residual,20260627,22,0.1487340210005641,0.2484493124116285,0.020302997448457316,inner_val_pr_auc_delta_vs_frozen_ar,0.002859601052477956,0.11944162845611572,0.8674863576889038,true_train_and_true_inner_val_selection
future_arousal_max_delta_rows_4_10_train_q90,binary,short_temporal_conv_residual,shuffled_pca_residual,20260627,1,0.15597503818571568,0.22820254759435066,5.623263117948696e-05,inner_val_pr_auc_delta_vs_frozen_ar,0.0021408265456557274,0.021240759640932083,0.045377910137176514,true_train_and_true_inner_val_selection
future_arousal_max_delta_rows_4_10_train_q90,binary,short_temporal_conv_residual,shuffled_pca_residual,20260627,2,0.15577197447419167,0.2281900639322863,4.37489691151316e-05,inner_val_pr_auc_delta_vs_frozen_ar,0.002159544499590993,0.025899436324834824,0.07629794627428055,true_train_and_true_inner_val_selection
future_arousal_max_delta_rows_4_10_train_q90,binary,short_temporal_conv_residual,shuffled_pca_residual,20260627,3,0.1557602733373642,0.2281608829587926,1.4567995621439511e-05,inner_val_pr_auc_delta_vs_frozen_ar,0.0022048780228942633,0.05962316319346428,0.2856452763080597,true_train_and_true_inner_val_selection
future_arousal_max_delta_rows_4_10_train_q90,binary,short_temporal_conv_residual,shuffled_pca_residual,20260627,4,0.15613795723766088,0.22813914969864588,-7.1652645252939795e-06,inner_val_pr_auc_delta_vs_frozen_ar,0.002254619961604476,0.12900635600090027,0.6941242814064026,true_train_and_true_inner_val_selection
future_arousal_max_delta_rows_4_10_train_q90,binary,short_temporal_conv_residual,shuffled_pca_residual,20260627,5,0.1559377321973443,0.22805162718829203,-9.468777487914304e-05,inner_val_pr_auc_delta_vs_frozen_ar,0.0023034715559333563,0.18488292396068573,0.9054145216941833,true_train_and_true_inner_val_selection
future_arousal_max_delta_rows_4_10_train_q90,binary,short_temporal_conv_residual,shuffled_pca_residual,20260627,6,0.15607851836830378,0.22798133753828886,-0.0001649774248823066,inner_val_pr_auc_delta_vs_frozen_ar,0.002342366147786379,0.20199352502822876,0.9423028826713562,true_train_and_true_inner_val_selection
future_arousal_max_delta_rows_4_10_train_q90,binary,short_temporal_conv_residual,shuffled_pca_residual,20260627,7,0.1558471629396081,0.22784670694574552,-0.000299608017425651,inner_val_pr_auc_delta_vs_frozen_ar,0.0023725705686956644,0.19497954845428467,0.9284343123435974,true_train_and_true_inner_val_selection
future_arousal_max_delta_rows_4_10_train_q90,binary,short_temporal_conv_residual,shuffled_pca_residual,20260627,8,0.15584571100771427,0.2277811111156005,-0.00036520384757066093,inner_val_pr_auc_delta_vs_frozen_ar,0.0024009752087295055,0.17698268592357635,0.8867802023887634,true_train_and_true_inner_val_selection
future_arousal_max_delta_rows_4_10_train_q90,binary,short_temporal_conv_residual,shuffled_pca_residual,20260627,9,0.15569616947323084,0.2276860443231379,-0.00046027064003326124,inner_val_pr_auc_delta_vs_frozen_ar,0.002439376898109913,0.16637127101421356,0.8544926047325134,true_train_and_true_inner_val_selection
future_arousal_max_delta_rows_4_10_train_q90,binary,short_temporal_conv_residual,random_pca_residual,20260627,1,0.15605379454791546,0.22820349699898249,5.718203581131509e-05,inner_val_pr_auc_delta_vs_frozen_ar,0.0021406300365924835,0.021122101694345474,0.045178890228271484,true_train_and_true_inner_val_selection
future_arousal_max_delta_rows_4_10_train_q90,binary,short_temporal_conv_residual,random_pca_residual,20260627,2,0.15594293735921383,0.22820009674262884,5.378177945766782e-05,inner_val_pr_auc_delta_vs_frozen_ar,0.002158720511943102,0.025320399552583694,0.07245408743619919,true_train_and_true_inner_val_selection
future_arousal_max_delta_rows_4_10_train_q90,binary,short_temporal_conv_residual,random_pca_residual,20260627,3,0.15555215068161488,0.22818476369016832,3.8448726997153404e-05,inner_val_pr_auc_delta_vs_frozen_ar,0.002204249147325754,0.058155763894319534,0.2740374803543091,true_train_and_true_inner_val_selection
future_arousal_max_delta_rows_4_10_train_q90,binary,short_temporal_conv_residual,random_pca_residual,20260627,4,0.1558295339345932,0.22815996302287195,1.3648059700777093e-05,inner_val_pr_auc_delta_vs_frozen_ar,0.002253488637506962,0.12696686387062073,0.6825761198997498,true_train_and_true_inner_val_selection
future_arousal_max_delta_rows_4_10_train_q90,binary,short_temporal_conv_residual,random_pca_residual,20260627,5,0.15567066706717014,0.2280861169847555,-6.0197978415665876e-05,inner_val_pr_auc_delta_vs_frozen_ar,0.002302735112607479,0.18272149562835693,0.8997287154197693,true_train_and_true_inner_val_selection
future_arousal_max_delta_rows_4_10_train_q90,binary,short_temporal_conv_residual,random_pca_residual,20260627,6,0.15587309934198856,0.22797062022353343,-0.00017569473963774396,inner_val_pr_auc_delta_vs_frozen_ar,0.0023425889667123556,0.2019049972295761,0.941871166229248,true_train_and_true_inner_val_selection
future_arousal_max_delta_rows_4_10_train_q90,binary,short_temporal_conv_residual,random_pca_residual,20260627,7,0.15606115385890007,0.2278857312683511,-0.00026058369482007127,inner_val_pr_auc_delta_vs_frozen_ar,0.0023696604184806347,0.19352631270885468,0.9260685443878174,true_train_and_true_inner_val_selection
future_arousal_max_delta_rows_4_10_train_q90,binary,short_temporal_conv_residual,random_pca_residual,20260627,8,0.15572724305093288,0.22782225730700523,-0.0003240576561659436,inner_val_pr_auc_delta_vs_frozen_ar,0.0024007768370211124,0.17570281028747559,0.8813039064407349,true_train_and_true_inner_val_selection
future_arousal_max_delta_rows_4_10_train_q90,binary,short_temporal_conv_residual,random_pca_residual,20260627,9,0.155544837936759,0.22775462079822248,-0.0003916941649486916,inner_val_pr_auc_delta_vs_frozen_ar,0.002438357099890709,0.16651330888271332,0.853212296962738,true_train_and_true_inner_val_selection
future_arousal_max_delta_rows_4_10_train_q90,binary,short_temporal_conv_residual,label_permutation_residual,20260627,1,0.19435641821473837,0.09847061611563623,1.9093759903721086e-06,inner_val_pr_auc_delta_vs_frozen_ar,0.002140600932762027,0.022526243701577187,0.056585315614938736,permuted_train_and_permuted_inner_val_selection
future_arousal_max_delta_rows_4_10_train_q90,binary,short_temporal_conv_residual,label_permutation_residual,20260627,2,0.19395493250340223,0.09844947264649853,-1.9234093147330045e-05,inner_val_pr_auc_delta_vs_frozen_ar,0.0021634441800415516,0.04365583881735802,0.19935064017772675,permuted_train_and_permuted_inner_val_selection
future_arousal_max_delta_rows_4_10_train_q90,binary,short_temporal_conv_residual,label_permutation_residual,20260627,3,0.19391533732414246,0.09844934497872007,-1.9361760925790117e-05,inner_val_pr_auc_delta_vs_frozen_ar,0.0022102848161011934,0.1016666516661644,0.7086674571037292,permuted_train_and_permuted_inner_val_selection
future_arousal_max_delta_rows_4_10_train_q90,binary,short_temporal_conv_residual,label_permutation_residual,20260627,4,0.19377861730754375,0.09846803007846475,-6.766611811148682e-07,inner_val_pr_auc_delta_vs_frozen_ar,0.0022587121929973364,0.15068906545639038,0.9142827987670898,permuted_train_and_permuted_inner_val_selection
future_arousal_max_delta_rows_4_10_train_q90,binary,short_temporal_conv_residual,label_permutation_residual,20260627,5,0.19391634222120047,0.09847880113584984,1.0094396203974565e-05,inner_val_pr_auc_delta_vs_frozen_ar,0.0022966458927839994,0.18414512276649475,0.965369462966919,permuted_train_and_permuted_inner_val_selection
future_arousal_max_delta_rows_4_10_train_q90,binary,short_temporal_conv_residual,label_permutation_residual,20260627,6,0.1942138159647584,0.09850103193491251,3.2325195266649787e-05,inner_val_pr_auc_delta_vs_frozen_ar,0.002309920731931925,0.19684337079524994,0.9778180718421936,permuted_train_and_permuted_inner_val_selection
future_arousal_max_delta_rows_4_10_train_q90,binary,short_temporal_conv_residual,label_permutation_residual,20260627,7,0.19380934070795774,0.09851454391897069,4.583717932482578e-05,inner_val_pr_auc_delta_vs_frozen_ar,0.0023226409684866667,0.20138254761695862,0.9820210933685303,permuted_train_and_permuted_inner_val_selection
future_arousal_max_delta_rows_4_10_train_q90,binary,short_temporal_conv_residual,label_permutation_residual,20260627,8,0.19386594463139772,0.09852470742381667,5.600068417080384e-05,inner_val_pr_auc_delta_vs_frozen_ar,0.0023423293605446815,0.20400962233543396,0.9843934774398804,permuted_train_and_permuted_inner_val_selection
future_arousal_max_delta_rows_4_10_train_q90,binary,short_temporal_conv_residual,label_permutation_residual,20260627,9,0.19392568245530128,0.09853965076531879,7.094402567292546e-05,inner_val_pr_auc_delta_vs_frozen_ar,0.0023644904140383005,0.20604616403579712,0.9865196347236633,permuted_train_and_permuted_inner_val_selection
future_arousal_max_delta_rows_4_10_train_q90,binary,short_temporal_conv_residual,label_permutation_residual,20260627,10,0.19382568635046482,0.0985659641133814,9.7257373735532e-05,inner_val_pr_auc_delta_vs_frozen_ar,0.0023928640875965357,0.20978118479251862,0.9883649349212646,permuted_train_and_permuted_inner_val_selection
future_arousal_max_delta_rows_4_10_train_q90,binary,short_temporal_conv_residual,label_permutation_residual,20260627,11,0.1936533935368061,0.09858778063961725,0.0001190738999713864,inner_val_pr_auc_delta_vs_frozen_ar,0.0024227683898061514,0.2121991217136383,0.9901769757270813,permuted_train_and_permuted_inner_val_selection
future_arousal_max_delta_rows_4_10_train_q90,binary,short_temporal_conv_residual,label_permutation_residual,20260627,12,0.1936138141900301,0.09858809015488276,0.0001193834152369011,inner_val_pr_auc_delta_vs_frozen_ar,0.002457753522321582,0.2170630544424057,0.9923732876777649,permuted_train_and_permuted_inner_val_selection
future_arousal_max_delta_rows_4_10_train_q90,binary,short_temporal_conv_residual,label_permutation_residual,20260627,13,0.19380745105445385,0.09861893092758776,0.0001502241879419025,inner_val_pr_auc_delta_vs_frozen_ar,0.002494381507858634,0.2235482782125473,0.99443119764328,permuted_train_and_permuted_inner_val_selection
future_arousal_max_delta_rows_4_10_train_q90,binary,short_temporal_conv_residual,label_permutation_residual,20260627,14,0.19336582347750664,0.09864460558543844,0.00017589884579258253,inner_val_pr_auc_delta_vs_frozen_ar,0.002530287718400359,0.22646741569042206,0.9953210353851318,permuted_train_and_permuted_inner_val_selection
future_arousal_max_delta_rows_4_10_train_q90,binary,short_temporal_conv_residual,label_permutation_residual,20260627,15,0.19349958468228579,0.09864748903938846,0.00017878229974259419,inner_val_pr_auc_delta_vs_frozen_ar,0.002566456561908126,0.23104695975780487,0.9963209629058838,permuted_train_and_permuted_inner_val_selection
future_arousal_max_delta_rows_4_10_train_q90,binary,short_temporal_conv_residual,label_permutation_residual,20260627,16,0.19318452291190624,0.0986655568485478,0.00019685010890194143,inner_val_pr_auc_delta_vs_frozen_ar,0.002602029824629426,0.23585261404514313,0.9970121383666992,permuted_train_and_permuted_inner_val_selection
future_arousal_max_delta_rows_4_10_train_q90,binary,short_temporal_conv_residual,label_permutation_residual,20260627,17,0.1928365482017398,0.09870600304476365,0.0002372963051177901,inner_val_pr_auc_delta_vs_frozen_ar,0.0026362664066255093,0.23950238525867462,0.9975304007530212,permuted_train_and_permuted_inner_val_selection
future_arousal_max_delta_rows_4_10_train_q90,binary,short_temporal_conv_residual,label_permutation_residual,20260627,18,0.19304683431982994,0.09873166036896709,0.00026295362932123034,inner_val_pr_auc_delta_vs_frozen_ar,0.0026689893566071987,0.24133634567260742,0.9978837370872498,permuted_train_and_permuted_inner_val_selection
future_arousal_max_delta_rows_4_10_train_q90,binary,short_temporal_conv_residual,label_permutation_residual,20260627,19,0.19313512556254864,0.09872149496717306,0.0002527882275271953,inner_val_pr_auc_delta_vs_frozen_ar,0.0027012198697775602,0.24634407460689545,0.9983225464820862,permuted_train_and_permuted_inner_val_selection
future_arousal_max_delta_rows_4_10_train_q90,binary,short_temporal_conv_residual,label_permutation_residual,20260627,20,0.19304875656962395,0.09873491759901436,0.00026621085936849587,inner_val_pr_auc_delta_vs_frozen_ar,0.002731137443333864,0.25046035647392273,0.9986302852630615,permuted_train_and_permuted_inner_val_selection
future_arousal_max_delta_rows_4_10_train_q90,binary,short_temporal_conv_residual,label_permutation_residual,20260627,21,0.19303841795772314,0.09874726366575125,0.00027855692610538607,inner_val_pr_auc_delta_vs_frozen_ar,0.0027615465223789215,0.2536705732345581,0.9988577365875244,permuted_train_and_permuted_inner_val_selection
future_arousal_max_delta_rows_4_10_train_q90,binary,short_temporal_conv_residual,label_permutation_residual,20260627,22,0.19290147349238396,0.09873877618787627,0.0002700694482304089,inner_val_pr_auc_delta_vs_frozen_ar,0.0027900170534849167,0.2560177445411682,0.9989997744560242,permuted_train_and_permuted_inner_val_selection
future_arousal_max_delta_rows_4_10_train_q90,binary,short_temporal_conv_residual,label_permutation_residual,20260627,23,0.1925234105437994,0.09875735678703836,0.0002886500473924941,inner_val_pr_auc_delta_vs_frozen_ar,0.002818341599777341,0.2601480484008789,0.9991740584373474,permuted_train_and_permuted_inner_val_selection
future_arousal_max_delta_rows_4_10_train_q90,binary,short_temporal_conv_residual,label_permutation_residual,20260627,24,0.19231868628412485,0.09874784272191875,0.00027913598227288783,inner_val_pr_auc_delta_vs_frozen_ar,0.002845876384526491,0.2631816565990448,0.9992849230766296,permuted_train_and_permuted_inner_val_selection
future_arousal_max_delta_rows_4_10_train_q90,binary,short_temporal_conv_residual,label_permutation_residual,20260627,25,0.19225953333079815,0.09873515792266382,0.0002664511830179628,inner_val_pr_auc_delta_vs_frozen_ar,0.0028734668157994747,0.26716816425323486,0.9994253516197205,permuted_train_and_permuted_inner_val_selection
future_arousal_max_delta_rows_4_10_train_q90,binary,short_temporal_conv_residual,label_permutation_residual,20260627,26,0.19234843272715807,0.09875147678090433,0.0002827700412584705,inner_val_pr_auc_delta_vs_frozen_ar,0.002901838393881917,0.27054765820503235,0.9995178580284119,permuted_train_and_permuted_inner_val_selection
future_arousal_max_delta_rows_4_10_train_q90,binary,short_temporal_conv_residual,label_permutation_residual,20260627,27,0.1918370295315981,0.09876640202375374,0.0002976952841078767,inner_val_pr_auc_delta_vs_frozen_ar,0.002928592264652252,0.2720702290534973,0.9995789527893066,permuted_train_and_permuted_inner_val_selection
future_arousal_max_delta_rows_4_10_train_q90,binary,short_temporal_conv_residual,label_permutation_residual,20260627,28,0.1917424900457263,0.09873280244893386,0.0002640957092879953,inner_val_pr_auc_delta_vs_frozen_ar,0.0029557954985648394,0.27553001046180725,0.9996434450149536,permuted_train_and_permuted_inner_val_selection
future_arousal_max_delta_rows_4_10_train_q90,binary,short_temporal_conv_residual,label_permutation_residual,20260627,29,0.19206375908106565,0.09873564866417883,0.0002669419245329707,inner_val_pr_auc_delta_vs_frozen_ar,0.0029822695069015026,0.27828720211982727,0.9996922016143799,permuted_train_and_permuted_inner_val_selection
future_arousal_max_delta_rows_4_10_train_q90,binary,short_temporal_conv_residual,label_permutation_residual,20260627,30,0.1917955493554473,0.09874104766160512,0.00027234092195925486,inner_val_pr_auc_delta_vs_frozen_ar,0.0030094815883785486,0.28140130639076233,0.9997409582138062,permuted_train_and_permuted_inner_val_selection
future_arousal_max_delta_rows_4_10_train_q90,binary,short_temporal_conv_residual,label_permutation_residual,20260627,31,0.19131813384592533,0.09874885477671566,0.0002801480370697995,inner_val_pr_auc_delta_vs_frozen_ar,0.0030360021628439426,0.28280580043792725,0.9997597932815552,permuted_train_and_permuted_inner_val_selection
future_arousal_max_delta_rows_4_10_train_q90,binary,short_temporal_conv_residual,label_permutation_residual,20260627,32,0.19181626196950674,0.09873571913950231,0.00026701239985645053,inner_val_pr_auc_delta_vs_frozen_ar,0.003063187701627612,0.28520190715789795,0.9997890591621399,permuted_train_and_permuted_inner_val_selection
future_arousal_max_delta_rows_4_10_train_q90,binary,short_temporal_conv_residual,label_permutation_residual,20260627,33,0.19094182178378105,0.0987399486804007,0.00027124194075484054,inner_val_pr_auc_delta_vs_frozen_ar,0.003090815618634224,0.2871187925338745,0.9998123049736023,permuted_train_and_permuted_inner_val_selection
future_arousal_max_delta_rows_4_10_train_q90,binary,short_temporal_conv_residual,label_permutation_residual,20260627,34,0.1908960808068514,0.09874875431420464,0.00028004757455878104,inner_val_pr_auc_delta_vs_frozen_ar,0.0031170067377388477,0.28788039088249207,0.9998215436935425,permuted_train_and_permuted_inner_val_selection
future_arousal_max_delta_rows_4_10_train_q90,binary,short_temporal_conv_residual,label_permutation_residual,20260627,35,0.19076338782906532,0.09874908849483441,0.0002803817551885468,inner_val_pr_auc_delta_vs_frozen_ar,0.003143383888527751,0.28920334577560425,0.9998348355293274,permuted_train_and_permuted_inner_val_selection
future_arousal_max_delta_rows_4_10_train_q90,binary,short_temporal_conv_residual,train_only_video_mean_residual,20260627,1,0.15620232094079256,0.2282295867666887,8.327180351752617e-05,inner_val_pr_auc_delta_vs_frozen_ar,0.0021523982286453247,0.028473038226366043,0.07447387278079987,true_train_and_true_inner_val_selection
future_arousal_max_delta_rows_4_10_train_q90,binary,short_temporal_conv_residual,train_only_video_mean_residual,20260627,2,0.15603527054190636,0.2280248311024686,-0.00012148386070257033,inner_val_pr_auc_delta_vs_frozen_ar,0.0021904066670686007,0.09363829344511032,0.6619194746017456,true_train_and_true_inner_val_selection
future_arousal_max_delta_rows_4_10_train_q90,binary,short_temporal_conv_residual,train_only_video_mean_residual,20260627,3,0.15607408341020346,0.22805333142933593,-9.298353383524471e-05,inner_val_pr_auc_delta_vs_frozen_ar,0.0022387090139091015,0.16743682324886322,0.9785435795783997,true_train_and_true_inner_val_selection
future_arousal_max_delta_rows_4_10_train_q90,binary,short_temporal_conv_residual,train_only_video_mean_residual,20260627,4,0.15589000657200813,0.228232325736473,8.601077330183671e-05,inner_val_pr_auc_delta_vs_frozen_ar,0.002285546623170376,0.21113115549087524,0.990828275680542,true_train_and_true_inner_val_selection
future_arousal_max_delta_rows_4_10_train_q90,binary,short_temporal_conv_residual,train_only_video_mean_residual,20260627,5,0.15592629835009575,0.22846632111923004,0.00032000615605887184,inner_val_pr_auc_delta_vs_frozen_ar,0.0023279800079762936,0.21579445898532867,0.9884786009788513,true_train_and_true_inner_val_selection
future_arousal_max_delta_rows_4_10_train_q90,binary,short_temporal_conv_residual,train_only_video_mean_residual,20260627,6,0.15568857733160257,0.22908918573316772,0.0009428707699965511,inner_val_pr_auc_delta_vs_frozen_ar,0.002373970579355955,0.22219832241535187,0.988964855670929,true_train_and_true_inner_val_selection
future_arousal_max_delta_rows_4_10_train_q90,binary,short_temporal_conv_residual,train_only_video_mean_residual,20260627,7,0.15522194746881723,0.22965295467895197,0.0015066397157807998,inner_val_pr_auc_delta_vs_frozen_ar,0.002420761389657855,0.22541074454784393,0.9930007457733154,true_train_and_true_inner_val_selection
future_arousal_max_delta_rows_4_10_train_q90,binary,short_temporal_conv_residual,train_only_video_mean_residual,20260627,8,0.1550561748445034,0.2303972322611282,0.002250917297957039,inner_val_pr_auc_delta_vs_frozen_ar,0.0024668590631335974,0.2386384755373001,0.9964889287948608,true_train_and_true_inner_val_selection
future_arousal_max_delta_rows_4_10_train_q90,binary,short_temporal_conv_residual,train_only_video_mean_residual,20260627,9,0.15468099247664213,0.23054136254494675,0.0023950475817755834,inner_val_pr_auc_delta_vs_frozen_ar,0.0025120226200670004,0.2451535165309906,0.9977887868881226,true_train_and_true_inner_val_selection
future_arousal_max_delta_rows_4_10_train_q90,binary,short_temporal_conv_residual,train_only_video_mean_residual,20260627,10,0.15429408382624388,0.2305267815898549,0.0023804666266837304,inner_val_pr_auc_delta_vs_frozen_ar,0.002553436206653714,0.25120124220848083,0.9983425140380859,true_train_and_true_inner_val_selection
future_arousal_max_delta_rows_4_10_train_q90,binary,short_temporal_conv_residual,train_only_video_mean_residual,20260627,11,0.15379807073622942,0.23064815081033402,0.0025018358471628477,inner_val_pr_auc_delta_vs_frozen_ar,0.0025922944769263268,0.25775671005249023,0.9987605214118958,true_train_and_true_inner_val_selection
future_arousal_max_delta_rows_4_10_train_q90,binary,short_temporal_conv_residual,train_only_video_mean_residual,20260627,12,0.15297731943428516,0.22868218153579728,0.0005358665726261091,inner_val_pr_auc_delta_vs_frozen_ar,0.0026273513212800026,0.2648628354072571,0.9991949796676636,true_train_and_true_inner_val_selection
future_arousal_max_delta_rows_4_10_train_q90,binary,short_temporal_conv_residual,train_only_video_mean_residual,20260627,13,0.15275075659155846,0.2291447214913408,0.0009984065281696264,inner_val_pr_auc_delta_vs_frozen_ar,0.002659398363903165,0.27293309569358826,0.9993330240249634,true_train_and_true_inner_val_selection
future_arousal_max_delta_rows_4_10_train_q90,binary,short_temporal_conv_residual,train_only_video_mean_residual,20260627,14,0.1523020314052701,0.22755472561667392,-0.000591589346497251,inner_val_pr_auc_delta_vs_frozen_ar,0.0026904470287263393,0.2815556824207306,0.9995861649513245,true_train_and_true_inner_val_selection
future_arousal_max_delta_rows_4_10_train_q90,binary,short_temporal_conv_residual,train_only_video_mean_residual,20260627,15,0.15176488272845745,0.22747639768180908,-0.0006699172813620924,inner_val_pr_auc_delta_vs_frozen_ar,0.0027192519046366215,0.29004886746406555,0.9997087121009827,true_train_and_true_inner_val_selection
future_arousal_max_delta_rows_4_10_train_q90,binary,short_temporal_conv_residual,train_only_video_mean_residual,20260627,16,0.15149969700723886,0.22741671389805557,-0.0007296010651156037,inner_val_pr_auc_delta_vs_frozen_ar,0.0027454434894025326,0.29691410064697266,0.9997975826263428,true_train_and_true_inner_val_selection
future_arousal_max_delta_rows_4_10_train_q90,binary,short_temporal_conv_residual,train_only_video_mean_residual,20260627,17,0.151248537003994,0.22629853756255558,-0.0018477774006155911,inner_val_pr_auc_delta_vs_frozen_ar,0.0027723079547286034,0.30537253618240356,0.9998533725738525,true_train_and_true_inner_val_selection
future_arousal_max_delta_rows_4_10_train_q90,binary,short_temporal_conv_residual,train_only_video_mean_residual,20260627,18,0.15083024464547634,0.22701464504673236,-0.0011316699164388155,inner_val_pr_auc_delta_vs_frozen_ar,0.002796877408400178,0.3117717504501343,0.9998743534088135,true_train_and_true_inner_val_selection
future_arousal_max_delta_rows_4_10_train_q90,binary,short_temporal_conv_residual,train_only_video_mean_residual,20260627,19,0.1505846381187439,0.22629156482295004,-0.0018547501402211286,inner_val_pr_auc_delta_vs_frozen_ar,0.0028191145975142717,0.31818780303001404,0.9999100565910339,true_train_and_true_inner_val_selection
future_arousal_max_delta_rows_4_10_train_q90,binary,short_temporal_conv_residual,diagnostics_only_residual,20260627,1,0.1560817575082183,0.22800068035806792,-0.00014563460510325088,inner_val_pr_auc_delta_vs_frozen_ar,0.002168033504858613,0.032664116472005844,0.10641107708215714,true_train_and_true_inner_val_selection
future_arousal_max_delta_rows_4_10_train_q90,binary,short_temporal_conv_residual,diagnostics_only_residual,20260627,2,0.1558927595615387,0.22799892174738604,-0.00014739321578513542,inner_val_pr_auc_delta_vs_frozen_ar,0.0022112540900707245,0.15692895650863647,0.7560538053512573,true_train_and_true_inner_val_selection
future_arousal_max_delta_rows_4_10_train_q90,binary,short_temporal_conv_residual,diagnostics_only_residual,20260627,3,0.15609490405768156,0.22810638514933948,-3.9929813831690586e-05,inner_val_pr_auc_delta_vs_frozen_ar,0.002232804661616683,0.2880982756614685,0.9897583723068237,true_train_and_true_inner_val_selection
future_arousal_max_delta_rows_4_10_train_q90,binary,short_temporal_conv_residual,diagnostics_only_residual,20260627,4,0.15627490356564522,0.22811260311498785,-3.371184818332096e-05,inner_val_pr_auc_delta_vs_frozen_ar,0.00224490649998188,0.32199206948280334,0.9979680180549622,true_train_and_true_inner_val_selection
future_arousal_max_delta_rows_4_10_train_q90,binary,short_temporal_conv_residual,diagnostics_only_residual,20260627,5,0.1559508666396141,0.22808311817277013,-6.319679040103776e-05,inner_val_pr_auc_delta_vs_frozen_ar,0.002266724593937397,0.34243786334991455,0.9994731545448303,true_train_and_true_inner_val_selection
future_arousal_max_delta_rows_4_10_train_q90,binary,short_temporal_conv_residual,diagnostics_only_residual,20260627,6,0.15600121952593327,0.2280399941544832,-0.00010632080868797078,inner_val_pr_auc_delta_vs_frozen_ar,0.002289971336722374,0.3576900064945221,0.999855101108551,true_train_and_true_inner_val_selection
future_arousal_max_delta_rows_4_10_train_q90,binary,short_temporal_conv_residual,diagnostics_only_residual,20260627,7,0.15568310394883156,0.22801574567471028,-0.0001305692884608911,inner_val_pr_auc_delta_vs_frozen_ar,0.002312262775376439,0.3706595301628113,0.99996018409729,true_train_and_true_inner_val_selection
future_arousal_max_delta_rows_4_10_train_q90,binary,short_temporal_conv_residual,diagnostics_only_residual,20260627,8,0.15574683248996735,0.2278707167960593,-0.0002755981671118679,inner_val_pr_auc_delta_vs_frozen_ar,0.002332823583856225,0.3822319209575653,0.9999883770942688,true_train_and_true_inner_val_selection
future_arousal_max_delta_rows_4_10_train_q90,binary,low_ar_confidence_temporal_residual,real_residual,20260625,1,0.1576335746794939,0.22207276138234683,-2.8131553816007626e-05,inner_val_pr_auc_delta_vs_frozen_ar,0.0021443506702780724,0.016911638900637627,0.03551808372139931,true_train_and_true_inner_val_selection
future_arousal_max_delta_rows_4_10_train_q90,binary,low_ar_confidence_temporal_residual,real_residual,20260625,2,0.15784975979477167,0.22210662764070369,5.734704540849567e-06,inner_val_pr_auc_delta_vs_frozen_ar,0.0021589803509414196,0.02475143037736416,0.08349941670894623,true_train_and_true_inner_val_selection
future_arousal_max_delta_rows_4_10_train_q90,binary,low_ar_confidence_temporal_residual,real_residual,20260625,3,0.15771096479147673,0.2221448823423891,4.398940622626912e-05,inner_val_pr_auc_delta_vs_frozen_ar,0.0022031969856470823,0.08373083174228668,0.5121829509735107,true_train_and_true_inner_val_selection
future_arousal_max_delta_rows_4_10_train_q90,binary,low_ar_confidence_temporal_residual,real_residual,20260625,4,0.1578642250970006,0.2225504603504894,0.0004495674143265571,inner_val_pr_auc_delta_vs_frozen_ar,0.0022518124897032976,0.14884740114212036,0.8529121279716492,true_train_and_true_inner_val_selection
future_arousal_max_delta_rows_4_10_train_q90,binary,low_ar_confidence_temporal_residual,real_residual,20260625,5,0.1575278928503394,0.22334795055488738,0.0012470576187245397,inner_val_pr_auc_delta_vs_frozen_ar,0.0022926167584955692,0.1528453230857849,0.870637834072113,true_train_and_true_inner_val_selection
future_arousal_max_delta_rows_4_10_train_q90,binary,low_ar_confidence_temporal_residual,real_residual,20260625,6,0.1573651721701026,0.22487976844007201,0.0027788755039091784,inner_val_pr_auc_delta_vs_frozen_ar,0.002337753539904952,0.12659110128879547,0.8055235743522644,true_train_and_true_inner_val_selection
future_arousal_max_delta_rows_4_10_train_q90,binary,low_ar_confidence_temporal_residual,real_residual,20260625,7,0.1570480177178979,0.22770495256444712,0.00560405962828428,inner_val_pr_auc_delta_vs_frozen_ar,0.0023844060488045216,0.10989587008953094,0.7328755259513855,true_train_and_true_inner_val_selection
future_arousal_max_delta_rows_4_10_train_q90,binary,low_ar_confidence_temporal_residual,real_residual,20260625,8,0.1568535091355443,0.23177260205746356,0.00967170912130072,inner_val_pr_auc_delta_vs_frozen_ar,0.0024310904555022717,0.10566308349370956,0.7163270115852356,true_train_and_true_inner_val_selection
future_arousal_max_delta_rows_4_10_train_q90,binary,low_ar_confidence_temporal_residual,real_residual,20260625,9,0.1554243015125394,0.2362075235113797,0.014106630575216855,inner_val_pr_auc_delta_vs_frozen_ar,0.0024759084917604923,0.10170917958021164,0.7019522190093994,true_train_and_true_inner_val_selection
future_arousal_max_delta_rows_4_10_train_q90,binary,low_ar_confidence_temporal_residual,real_residual,20260625,10,0.1550390124320984,0.23985896584591143,0.017758072909748596,inner_val_pr_auc_delta_vs_frozen_ar,0.0025145665276795626,0.09725766628980637,0.6785928010940552,true_train_and_true_inner_val_selection
future_arousal_max_delta_rows_4_10_train_q90,binary,low_ar_confidence_temporal_residual,real_residual,20260625,11,0.1546234069392085,0.24169988730542277,0.019598994369259937,inner_val_pr_auc_delta_vs_frozen_ar,0.002545745810493827,0.09427067637443542,0.6603414416313171,true_train_and_true_inner_val_selection
future_arousal_max_delta_rows_4_10_train_q90,binary,low_ar_confidence_temporal_residual,real_residual,20260625,12,0.15412697289139032,0.24224730991656407,0.020146416980401233,inner_val_pr_auc_delta_vs_frozen_ar,0.0025688500609248877,0.09184589236974716,0.646733820438385,true_train_and_true_inner_val_selection
future_arousal_max_delta_rows_4_10_train_q90,binary,low_ar_confidence_temporal_residual,real_residual,20260625,13,0.15379889961332083,0.241640521181541,0.019539628245378166,inner_val_pr_auc_delta_vs_frozen_ar,0.0025854737032204866,0.09415680170059204,0.6599714756011963,true_train_and_true_inner_val_selection
future_arousal_max_delta_rows_4_10_train_q90,binary,low_ar_confidence_temporal_residual,real_residual,20260625,14,0.15377762634307146,0.24090074188480531,0.018799848948642478,inner_val_pr_auc_delta_vs_frozen_ar,0.002601973246783018,0.09639124572277069,0.6708407402038574,true_train_and_true_inner_val_selection
future_arousal_max_delta_rows_4_10_train_q90,binary,low_ar_confidence_temporal_residual,real_residual,20260625,15,0.15351890958845615,0.2401961741421144,0.018095281205951552,inner_val_pr_auc_delta_vs_frozen_ar,0.0026149714831262827,0.09846876561641693,0.6824818849563599,true_train_and_true_inner_val_selection
future_arousal_max_delta_rows_4_10_train_q90,binary,low_ar_confidence_temporal_residual,real_residual,20260625,16,0.15333621576428413,0.23944042864710668,0.01733953571094385,inner_val_pr_auc_delta_vs_frozen_ar,0.0026282460894435644,0.10006047040224075,0.6901955008506775,true_train_and_true_inner_val_selection
future_arousal_max_delta_rows_4_10_train_q90,binary,low_ar_confidence_temporal_residual,real_residual,20260625,17,0.15318397898226976,0.23890981562775598,0.016808922691593148,inner_val_pr_auc_delta_vs_frozen_ar,0.0026413961313664913,0.10311572253704071,0.7138087153434753,true_train_and_true_inner_val_selection
future_arousal_max_delta_rows_4_10_train_q90,binary,low_ar_confidence_temporal_residual,real_residual,20260625,18,0.15334094874560833,0.2381677354763277,0.016066842540164855,inner_val_pr_auc_delta_vs_frozen_ar,0.002654107054695487,0.10627246648073196,0.7260919213294983,true_train_and_true_inner_val_selection
future_arousal_max_delta_rows_4_10_train_q90,binary,low_ar_confidence_temporal_residual,real_residual,20260625,19,0.15292068757116795,0.23778267322665456,0.01568178029049172,inner_val_pr_auc_delta_vs_frozen_ar,0.002666992135345936,0.10815172642469406,0.7364955544471741,true_train_and_true_inner_val_selection
future_arousal_max_delta_rows_4_10_train_q90,binary,low_ar_confidence_temporal_residual,real_residual,20260625,20,0.1530724884942174,0.2373236314306189,0.015222738494456073,inner_val_pr_auc_delta_vs_frozen_ar,0.002679564291611314,0.11049265414476395,0.7483712434768677,true_train_and_true_inner_val_selection
future_arousal_max_delta_rows_4_10_train_q90,binary,low_ar_confidence_temporal_residual,shuffled_pca_residual,20260625,1,0.15765107981860638,0.22205795579680276,-4.293713936007193e-05,inner_val_pr_auc_delta_vs_frozen_ar,0.0021448840852826834,0.018329279497265816,0.040775444358587265,true_train_and_true_inner_val_selection
future_arousal_max_delta_rows_4_10_train_q90,binary,low_ar_confidence_temporal_residual,shuffled_pca_residual,20260625,2,0.15757281426340342,0.22208920614517438,-1.1686790988452156e-05,inner_val_pr_auc_delta_vs_frozen_ar,0.0021648972760885954,0.026055390015244484,0.08353369683027267,true_train_and_true_inner_val_selection
future_arousal_max_delta_rows_4_10_train_q90,binary,low_ar_confidence_temporal_residual,shuffled_pca_residual,20260625,3,0.15790938399732113,0.2220915410880503,-9.351848112543193e-06,inner_val_pr_auc_delta_vs_frozen_ar,0.0022046135272830725,0.07896973192691803,0.4312518537044525,true_train_and_true_inner_val_selection
future_arousal_max_delta_rows_4_10_train_q90,binary,low_ar_confidence_temporal_residual,shuffled_pca_residual,20260625,4,0.15765436086803675,0.22220964495195306,0.00010875201579021998,inner_val_pr_auc_delta_vs_frozen_ar,0.0022527219261974096,0.1566867083311081,0.8406590819358826,true_train_and_true_inner_val_selection
future_arousal_max_delta_rows_4_10_train_q90,binary,low_ar_confidence_temporal_residual,shuffled_pca_residual,20260625,5,0.1578754549846053,0.22224913403470042,0.00014824109853758816,inner_val_pr_auc_delta_vs_frozen_ar,0.0022785647306591272,0.19770662486553192,0.9086564779281616,true_train_and_true_inner_val_selection
future_arousal_max_delta_rows_4_10_train_q90,binary,low_ar_confidence_temporal_residual,shuffled_pca_residual,20260625,6,0.15762184280902147,0.22228965926538397,0.00018876632922112946,inner_val_pr_auc_delta_vs_frozen_ar,0.0023071514442563057,0.2110142707824707,0.9222800135612488,true_train_and_true_inner_val_selection
future_arousal_max_delta_rows_4_10_train_q90,binary,low_ar_confidence_temporal_residual,shuffled_pca_residual,20260625,7,0.1574282869696617,0.22246372329635655,0.0003628303601937166,inner_val_pr_auc_delta_vs_frozen_ar,0.0023448909632861614,0.2127089500427246,0.9277803897857666,true_train_and_true_inner_val_selection
future_arousal_max_delta_rows_4_10_train_q90,binary,low_ar_confidence_temporal_residual,shuffled_pca_residual,20260625,8,0.1572858663275838,0.2225905605068929,0.0004896675707300735,inner_val_pr_auc_delta_vs_frozen_ar,0.002386129228398204,0.20958182215690613,0.9297202229499817,true_train_and_true_inner_val_selection
future_arousal_max_delta_rows_4_10_train_q90,binary,low_ar_confidence_temporal_residual,shuffled_pca_residual,20260625,9,0.15711967833340168,0.2225780331393738,0.00047714020321096284,inner_val_pr_auc_delta_vs_frozen_ar,0.0024266161490231752,0.20150575041770935,0.9266006946563721,true_train_and_true_inner_val_selection
future_arousal_max_delta_rows_4_10_train_q90,binary,low_ar_confidence_temporal_residual,shuffled_pca_residual,20260625,10,0.15698931273072958,0.22219933103314587,9.843809698303896e-05,inner_val_pr_auc_delta_vs_frozen_ar,0.0024635836016386747,0.19758373498916626,0.9248039126396179,true_train_and_true_inner_val_selection
future_arousal_max_delta_rows_4_10_train_q90,binary,low_ar_confidence_temporal_residual,shuffled_pca_residual,20260625,11,0.15660731121897697,0.2216669797782031,-0.0004339131579597366,inner_val_pr_auc_delta_vs_frozen_ar,0.002497028326615691,0.19050003588199615,0.9192623496055603,true_train_and_true_inner_val_selection
future_arousal_max_delta_rows_4_10_train_q90,binary,low_ar_confidence_temporal_residual,shuffled_pca_residual,20260625,12,0.1567336367443204,0.22121362823573104,-0.0008872647004317946,inner_val_pr_auc_delta_vs_frozen_ar,0.0025261761620640755,0.18713711202144623,0.9168824553489685,true_train_and_true_inner_val_selection
future_arousal_max_delta_rows_4_10_train_q90,binary,low_ar_confidence_temporal_residual,shuffled_pca_residual,20260625,13,0.15657003410160542,0.22095030155371895,-0.0011505913824438885,inner_val_pr_auc_delta_vs_frozen_ar,0.0025502576027065516,0.18606501817703247,0.917441189289093,true_train_and_true_inner_val_selection
future_arousal_max_delta_rows_4_10_train_q90,binary,low_ar_confidence_temporal_residual,shuffled_pca_residual,20260625,14,0.15627898462116718,0.22054481009930513,-0.0015560828368577084,inner_val_pr_auc_delta_vs_frozen_ar,0.002571257995441556,0.18874675035476685,0.9236825108528137,true_train_and_true_inner_val_selection
future_arousal_max_delta_rows_4_10_train_q90,binary,low_ar_confidence_temporal_residual,shuffled_pca_residual,20260625,15,0.15617833007127047,0.22031907707456222,-0.0017818158616006163,inner_val_pr_auc_delta_vs_frozen_ar,0.0025935028679668903,0.18978407979011536,0.9271794557571411,true_train_and_true_inner_val_selection
future_arousal_max_delta_rows_4_10_train_q90,binary,low_ar_confidence_temporal_residual,shuffled_pca_residual,20260625,16,0.156260727904737,0.21986829890260404,-0.002232594033558799,inner_val_pr_auc_delta_vs_frozen_ar,0.00261667906306684,0.19129082560539246,0.9309515357017517,true_train_and_true_inner_val_selection
future_arousal_max_delta_rows_4_10_train_q90,binary,low_ar_confidence_temporal_residual,random_pca_residual,20260625,1,0.15782044734805822,0.22207541289310845,-2.548004305438778e-05,inner_val_pr_auc_delta_vs_frozen_ar,0.002143255202099681,0.018227003514766693,0.040244657546281815,true_train_and_true_inner_val_selection
future_arousal_max_delta_rows_4_10_train_q90,binary,low_ar_confidence_temporal_residual,random_pca_residual,20260625,2,0.15774252451956272,0.22210949834073715,8.605404574313358e-06,inner_val_pr_auc_delta_vs_frozen_ar,0.002143401885405183,0.022512268275022507,0.06713229417800903,true_train_and_true_inner_val_selection
future_arousal_max_delta_rows_4_10_train_q90,binary,low_ar_confidence_temporal_residual,random_pca_residual,20260625,3,0.1576516730710864,0.22211424708955174,1.3354153388905887e-05,inner_val_pr_auc_delta_vs_frozen_ar,0.0021805246360599995,0.05825592949986458,0.2832888662815094,true_train_and_true_inner_val_selection
future_arousal_max_delta_rows_4_10_train_q90,binary,low_ar_confidence_temporal_residual,random_pca_residual,20260625,4,0.15770051255822182,0.22217570610786802,7.481317170518476e-05,inner_val_pr_auc_delta_vs_frozen_ar,0.002227932447567582,0.13779400289058685,0.769164502620697,true_train_and_true_inner_val_selection
future_arousal_max_delta_rows_4_10_train_q90,binary,low_ar_confidence_temporal_residual,random_pca_residual,20260625,5,0.1576861571520567,0.22222647661545442,0.00012558367929157987,inner_val_pr_auc_delta_vs_frozen_ar,0.002264109207317233,0.1882227510213852,0.8951762318611145,true_train_and_true_inner_val_selection
future_arousal_max_delta_rows_4_10_train_q90,binary,low_ar_confidence_temporal_residual,random_pca_residual,20260625,6,0.15753890853375196,0.22225176256038923,0.00015086962422639072,inner_val_pr_auc_delta_vs_frozen_ar,0.0022781037259846926,0.1996094137430191,0.9094738364219666,true_train_and_true_inner_val_selection
future_arousal_max_delta_rows_4_10_train_q90,binary,low_ar_confidence_temporal_residual,random_pca_residual,20260625,7,0.157415515743196,0.22235756396843645,0.0002566710322736143,inner_val_pr_auc_delta_vs_frozen_ar,0.002311298158019781,0.1998152732849121,0.9121463894844055,true_train_and_true_inner_val_selection
future_arousal_max_delta_rows_4_10_train_q90,binary,low_ar_confidence_temporal_residual,random_pca_residual,20260625,8,0.15735447965562344,0.22250706925619357,0.00040617632003073223,inner_val_pr_auc_delta_vs_frozen_ar,0.002348648849874735,0.19203290343284607,0.9047478437423706,true_train_and_true_inner_val_selection
future_arousal_max_delta_rows_4_10_train_q90,binary,low_ar_confidence_temporal_residual,random_pca_residual,20260625,9,0.15721923392266035,0.22244328752973425,0.0003423945935714101,inner_val_pr_auc_delta_vs_frozen_ar,0.002387623768299818,0.1819583922624588,0.8905720114707947,true_train_and_true_inner_val_selection
future_arousal_max_delta_rows_4_10_train_q90,binary,low_ar_confidence_temporal_residual,random_pca_residual,20260625,10,0.15707871969789267,0.2222569225730185,0.00015602963685565352,inner_val_pr_auc_delta_vs_frozen_ar,0.0024270021822303534,0.17564643919467926,0.8790599703788757,true_train_and_true_inner_val_selection
future_arousal_max_delta_rows_4_10_train_q90,binary,low_ar_confidence_temporal_residual,random_pca_residual,20260625,11,0.15687478985637426,0.2216305002377523,-0.00047039269841053777,inner_val_pr_auc_delta_vs_frozen_ar,0.0024644641671329737,0.16853457689285278,0.864297091960907,true_train_and_true_inner_val_selection
future_arousal_max_delta_rows_4_10_train_q90,binary,low_ar_confidence_temporal_residual,random_pca_residual,20260625,12,0.15674205403774977,0.2209086325743153,-0.0011922603618475247,inner_val_pr_auc_delta_vs_frozen_ar,0.002494128653779626,0.16450299322605133,0.854688286781311,true_train_and_true_inner_val_selection
future_arousal_max_delta_rows_4_10_train_q90,binary,low_ar_confidence_temporal_residual,random_pca_residual,20260625,13,0.15663873869925737,0.22047013707620014,-0.001630755859962696,inner_val_pr_auc_delta_vs_frozen_ar,0.002517016837373376,0.15930217504501343,0.845137894153595,true_train_and_true_inner_val_selection
future_arousal_max_delta_rows_4_10_train_q90,binary,low_ar_confidence_temporal_residual,random_pca_residual,20260625,14,0.15647770930081606,0.22010981024505027,-0.001991082691112561,inner_val_pr_auc_delta_vs_frozen_ar,0.002538074040785432,0.1575435996055603,0.8424676656723022,true_train_and_true_inner_val_selection
future_arousal_max_delta_rows_4_10_train_q90,binary,low_ar_confidence_temporal_residual,random_pca_residual,20260625,15,0.15647927578538656,0.21958555176697292,-0.0025153411691899163,inner_val_pr_auc_delta_vs_frozen_ar,0.0025582711677998304,0.16014781594276428,0.8520844578742981,true_train_and_true_inner_val_selection
future_arousal_max_delta_rows_4_10_train_q90,binary,low_ar_confidence_temporal_residual,random_pca_residual,20260625,16,0.156363682821393,0.21940951384539314,-0.002691379090769691,inner_val_pr_auc_delta_vs_frozen_ar,0.0025774610694497824,0.15948258340358734,0.8541461229324341,true_train_and_true_inner_val_selection
future_arousal_max_delta_rows_4_10_train_q90,binary,low_ar_confidence_temporal_residual,label_permutation_residual,20260625,1,0.18290801532566547,0.10103259495538762,-1.4660021824819403e-06,inner_val_pr_auc_delta_vs_frozen_ar,0.002145862439647317,0.016896061599254608,0.034650418907403946,permuted_train_and_permuted_inner_val_selection
future_arousal_max_delta_rows_4_10_train_q90,binary,low_ar_confidence_temporal_residual,label_permutation_residual,20260625,2,0.1829673806205392,0.10103633475688886,2.2737993187610384e-06,inner_val_pr_auc_delta_vs_frozen_ar,0.0021547942887991667,0.018788203597068787,0.047792017459869385,permuted_train_and_permuted_inner_val_selection
future_arousal_max_delta_rows_4_10_train_q90,binary,low_ar_confidence_temporal_residual,label_permutation_residual,20260625,3,0.18267064914107323,0.10103911301700147,5.0520594313679945e-06,inner_val_pr_auc_delta_vs_frozen_ar,0.002188238315284252,0.042092204093933105,0.18961159884929657,permuted_train_and_permuted_inner_val_selection
future_arousal_max_delta_rows_4_10_train_q90,binary,low_ar_confidence_temporal_residual,label_permutation_residual,20260625,4,0.18279750272631645,0.10103789779719027,3.836839620172117e-06,inner_val_pr_auc_delta_vs_frozen_ar,0.00223475880920887,0.11460313200950623,0.7182396054267883,permuted_train_and_permuted_inner_val_selection
future_arousal_max_delta_rows_4_10_train_q90,binary,low_ar_confidence_temporal_residual,label_permutation_residual,20260625,5,0.18272301275283098,0.10104546801444365,1.1407056873552479e-05,inner_val_pr_auc_delta_vs_frozen_ar,0.0022681697737425566,0.16884499788284302,0.8767188787460327,permuted_train_and_permuted_inner_val_selection
future_arousal_max_delta_rows_4_10_train_q90,binary,low_ar_confidence_temporal_residual,label_permutation_residual,20260625,6,0.1828723195940256,0.10105890542111168,2.484446354157621e-05,inner_val_pr_auc_delta_vs_frozen_ar,0.0022769514471292496,0.190381720662117,0.8851218819618225,permuted_train_and_permuted_inner_val_selection
future_arousal_max_delta_rows_4_10_train_q90,binary,low_ar_confidence_temporal_residual,label_permutation_residual,20260625,7,0.1827078564092517,0.10104584038404077,1.1779426470667764e-05,inner_val_pr_auc_delta_vs_frozen_ar,0.002301397966220975,0.20189198851585388,0.8835599422454834,permuted_train_and_permuted_inner_val_selection
future_arousal_max_delta_rows_4_10_train_q90,binary,low_ar_confidence_temporal_residual,label_permutation_residual,20260625,8,0.18233125284314156,0.10103430934556187,2.483879917719589e-07,inner_val_pr_auc_delta_vs_frozen_ar,0.0023280298337340355,0.20915468037128448,0.8805752992630005,permuted_train_and_permuted_inner_val_selection
future_arousal_max_delta_rows_4_10_train_q90,binary,low_ar_confidence_temporal_residual,label_permutation_residual,20260625,9,0.18252631463110447,0.10104971806565388,1.565710808378029e-05,inner_val_pr_auc_delta_vs_frozen_ar,0.0023550884798169136,0.21197015047073364,0.8761871457099915,permuted_train_and_permuted_inner_val_selection
future_arousal_max_delta_rows_4_10_train_q90,binary,low_ar_confidence_temporal_residual,label_permutation_residual,20260625,10,0.18268113769590855,0.10104840179366492,1.4340836094819953e-05,inner_val_pr_auc_delta_vs_frozen_ar,0.0023873408790677786,0.2128489911556244,0.8711630702018738,permuted_train_and_permuted_inner_val_selection
future_arousal_max_delta_rows_4_10_train_q90,binary,low_ar_confidence_temporal_residual,label_permutation_residual,20260625,11,0.18249052576720715,0.10107742225852386,4.336130095375368e-05,inner_val_pr_auc_delta_vs_frozen_ar,0.0024178458843380213,0.21360443532466888,0.8660460710525513,permuted_train_and_permuted_inner_val_selection
future_arousal_max_delta_rows_4_10_train_q90,binary,low_ar_confidence_temporal_residual,label_permutation_residual,20260625,12,0.1825311491265893,0.10111427350939389,8.021255182379117e-05,inner_val_pr_auc_delta_vs_frozen_ar,0.0024457680992782116,0.21095339953899384,0.8582311272621155,permuted_train_and_permuted_inner_val_selection
future_arousal_max_delta_rows_4_10_train_q90,binary,low_ar_confidence_temporal_residual,label_permutation_residual,20260625,13,0.18224355671554804,0.10113027424870831,9.621329113820853e-05,inner_val_pr_auc_delta_vs_frozen_ar,0.0024702094960957766,0.20779171586036682,0.8491362929344177,permuted_train_and_permuted_inner_val_selection
future_arousal_max_delta_rows_4_10_train_q90,binary,low_ar_confidence_temporal_residual,label_permutation_residual,20260625,14,0.18223219085484743,0.10112298250755833,8.892154998822732e-05,inner_val_pr_auc_delta_vs_frozen_ar,0.0024929901119321585,0.20363616943359375,0.8394543528556824,permuted_train_and_permuted_inner_val_selection
future_arousal_max_delta_rows_4_10_train_q90,binary,low_ar_confidence_temporal_residual,label_permutation_residual,20260625,15,0.1821736954152584,0.1010930500850376,5.8989127467504177e-05,inner_val_pr_auc_delta_vs_frozen_ar,0.0025156396441161633,0.19969047605991364,0.8311742544174194,permuted_train_and_permuted_inner_val_selection
future_arousal_max_delta_rows_4_10_train_q90,binary,low_ar_confidence_temporal_residual,label_permutation_residual,20260625,16,0.1820646720007062,0.10105676002747913,2.269906990902404e-05,inner_val_pr_auc_delta_vs_frozen_ar,0.0025359997525811195,0.19747130572795868,0.8236606121063232,permuted_train_and_permuted_inner_val_selection
future_arousal_max_delta_rows_4_10_train_q90,binary,low_ar_confidence_temporal_residual,label_permutation_residual,20260625,17,0.18182514607906342,0.10104775909583838,1.369813826827826e-05,inner_val_pr_auc_delta_vs_frozen_ar,0.0025554178282618523,0.19546130299568176,0.8167127370834351,permuted_train_and_permuted_inner_val_selection
future_arousal_max_delta_rows_4_10_train_q90,binary,low_ar_confidence_temporal_residual,label_permutation_residual,20260625,18,0.1821078099310398,0.10104668482709657,1.262386952646799e-05,inner_val_pr_auc_delta_vs_frozen_ar,0.002572028199210763,0.19505324959754944,0.8104351758956909,permuted_train_and_permuted_inner_val_selection
future_arousal_max_delta_rows_4_10_train_q90,binary,low_ar_confidence_temporal_residual,label_permutation_residual,20260625,19,0.18179980665445328,0.10107260668506024,3.8545727490138515e-05,inner_val_pr_auc_delta_vs_frozen_ar,0.0025920900516211987,0.1949240118265152,0.8064603209495544,permuted_train_and_permuted_inner_val_selection
future_arousal_max_delta_rows_4_10_train_q90,binary,low_ar_confidence_temporal_residual,label_permutation_residual,20260625,20,0.18201163597404957,0.10104340116765956,9.340210089456291e-06,inner_val_pr_auc_delta_vs_frozen_ar,0.002609762828797102,0.19318263232707977,0.8000723719596863,permuted_train_and_permuted_inner_val_selection
future_arousal_max_delta_rows_4_10_train_q90,binary,low_ar_confidence_temporal_residual,label_permutation_residual,20260625,21,0.18168336898088455,0.10104665493136401,1.2593973793911806e-05,inner_val_pr_auc_delta_vs_frozen_ar,0.002627503825351596,0.19259293377399445,0.7963253259658813,permuted_train_and_permuted_inner_val_selection
future_arousal_max_delta_rows_4_10_train_q90,binary,low_ar_confidence_temporal_residual,train_only_video_mean_residual,20260625,1,0.15773941949009895,0.22209661410625864,-4.278829904197368e-06,inner_val_pr_auc_delta_vs_frozen_ar,0.0021696570329368114,0.0164572112262249,0.026032615453004837,true_train_and_true_inner_val_selection
future_arousal_max_delta_rows_4_10_train_q90,binary,low_ar_confidence_temporal_residual,train_only_video_mean_residual,20260625,2,0.1579123754054308,0.22211032414160561,9.43120544277809e-06,inner_val_pr_auc_delta_vs_frozen_ar,0.0022022437769919634,0.020566394552588463,0.05073779821395874,true_train_and_true_inner_val_selection
future_arousal_max_delta_rows_4_10_train_q90,binary,low_ar_confidence_temporal_residual,train_only_video_mean_residual,20260625,3,0.15754934307187796,0.22216480010643477,6.390717027193737e-05,inner_val_pr_auc_delta_vs_frozen_ar,0.0022332179360091686,0.0633113756775856,0.3359401524066925,true_train_and_true_inner_val_selection
future_arousal_max_delta_rows_4_10_train_q90,binary,low_ar_confidence_temporal_residual,train_only_video_mean_residual,20260625,4,0.15764106716960669,0.2223637999079028,0.00026290697173997346,inner_val_pr_auc_delta_vs_frozen_ar,0.002274703700095415,0.14513243734836578,0.8271210789680481,true_train_and_true_inner_val_selection
future_arousal_max_delta_rows_4_10_train_q90,binary,low_ar_confidence_temporal_residual,train_only_video_mean_residual,20260625,5,0.15766099654138088,0.22270913296885936,0.000608240032696522,inner_val_pr_auc_delta_vs_frozen_ar,0.0023148932959884405,0.18844103813171387,0.9109179377555847,true_train_and_true_inner_val_selection
future_arousal_max_delta_rows_4_10_train_q90,binary,low_ar_confidence_temporal_residual,train_only_video_mean_residual,20260625,6,0.1572448154911399,0.22310361215736568,0.0010027192212028468,inner_val_pr_auc_delta_vs_frozen_ar,0.002356337383389473,0.202656552195549,0.9267091751098633,true_train_and_true_inner_val_selection
future_arousal_max_delta_rows_4_10_train_q90,binary,low_ar_confidence_temporal_residual,train_only_video_mean_residual,20260625,7,0.15731024090200663,0.22337953075642786,0.0012786378202650217,inner_val_pr_auc_delta_vs_frozen_ar,0.0024004639126360416,0.20746691524982452,0.9337248206138611,true_train_and_true_inner_val_selection
future_arousal_max_delta_rows_4_10_train_q90,binary,low_ar_confidence_temporal_residual,train_only_video_mean_residual,20260625,8,0.15717349015176296,0.22295171228729782,0.0008508193511349849,inner_val_pr_auc_delta_vs_frozen_ar,0.0024380714166909456,0.20167522132396698,0.9335324764251709,true_train_and_true_inner_val_selection
future_arousal_max_delta_rows_4_10_train_q90,binary,low_ar_confidence_temporal_residual,train_only_video_mean_residual,20260625,9,0.15680367033928633,0.22302380408279515,0.0009229111466323159,inner_val_pr_auc_delta_vs_frozen_ar,0.0024709946010261774,0.1936953365802765,0.9279780983924866,true_train_and_true_inner_val_selection
future_arousal_max_delta_rows_4_10_train_q90,binary,low_ar_confidence_temporal_residual,train_only_video_mean_residual,20260625,10,0.15659216605126858,0.22352625796744666,0.0014253650312838206,inner_val_pr_auc_delta_vs_frozen_ar,0.002502016257494688,0.18329402804374695,0.9164433479309082,true_train_and_true_inner_val_selection
future_arousal_max_delta_rows_4_10_train_q90,binary,low_ar_confidence_temporal_residual,train_only_video_mean_residual,20260625,11,0.1561506036669016,0.22329497313339486,0.0011940801972320225,inner_val_pr_auc_delta_vs_frozen_ar,0.0025285272859036922,0.18159586191177368,0.9146831631660461,true_train_and_true_inner_val_selection
future_arousal_max_delta_rows_4_10_train_q90,binary,low_ar_confidence_temporal_residual,train_only_video_mean_residual,20260625,12,0.1559420097619295,0.22373365588159064,0.0016327629454278014,inner_val_pr_auc_delta_vs_frozen_ar,0.0025532252620905638,0.17937497794628143,0.9117124080657959,true_train_and_true_inner_val_selection
future_arousal_max_delta_rows_4_10_train_q90,binary,low_ar_confidence_temporal_residual,train_only_video_mean_residual,20260625,13,0.15615615900605917,0.2237928148032602,0.0016919218670973513,inner_val_pr_auc_delta_vs_frozen_ar,0.0025788461789488792,0.1822565197944641,0.9192978739738464,true_train_and_true_inner_val_selection
future_arousal_max_delta_rows_4_10_train_q90,binary,low_ar_confidence_temporal_residual,train_only_video_mean_residual,20260625,14,0.15571159683167934,0.22366041079563578,0.0015595178594729475,inner_val_pr_auc_delta_vs_frozen_ar,0.0026033909525722265,0.18493643403053284,0.9254270195960999,true_train_and_true_inner_val_selection
future_arousal_max_delta_rows_4_10_train_q90,binary,low_ar_confidence_temporal_residual,train_only_video_mean_residual,20260625,15,0.1555606545880437,0.22394348427371855,0.0018425913375557101,inner_val_pr_auc_delta_vs_frozen_ar,0.0026248316280543804,0.18475477397441864,0.9273914694786072,true_train_and_true_inner_val_selection
future_arousal_max_delta_rows_4_10_train_q90,binary,low_ar_confidence_temporal_residual,train_only_video_mean_residual,20260625,16,0.1554636973887682,0.22417493716400683,0.002074044227843991,inner_val_pr_auc_delta_vs_frozen_ar,0.0026477600913494825,0.186714306473732,0.9316117167472839,true_train_and_true_inner_val_selection
future_arousal_max_delta_rows_4_10_train_q90,binary,low_ar_confidence_temporal_residual,train_only_video_mean_residual,20260625,17,0.15535045508295298,0.2241202780454766,0.002019385109313765,inner_val_pr_auc_delta_vs_frozen_ar,0.0026691872626543045,0.18817777931690216,0.9346153736114502,true_train_and_true_inner_val_selection
future_arousal_max_delta_rows_4_10_train_q90,binary,low_ar_confidence_temporal_residual,train_only_video_mean_residual,20260625,18,0.1549688559025526,0.22489146641777985,0.0027905734816170147,inner_val_pr_auc_delta_vs_frozen_ar,0.0026906270068138838,0.1916249692440033,0.9405989050865173,true_train_and_true_inner_val_selection
future_arousal_max_delta_rows_4_10_train_q90,binary,low_ar_confidence_temporal_residual,train_only_video_mean_residual,20260625,19,0.15514900721609592,0.22461009393493206,0.002509200998769223,inner_val_pr_auc_delta_vs_frozen_ar,0.002711079316213727,0.19281712174415588,0.944148063659668,true_train_and_true_inner_val_selection
future_arousal_max_delta_rows_4_10_train_q90,binary,low_ar_confidence_temporal_residual,train_only_video_mean_residual,20260625,20,0.1546269692480564,0.2250184218554268,0.002917528919263973,inner_val_pr_auc_delta_vs_frozen_ar,0.0027307437267154455,0.19487863779067993,0.9469752907752991,true_train_and_true_inner_val_selection
future_arousal_max_delta_rows_4_10_train_q90,binary,low_ar_confidence_temporal_residual,train_only_video_mean_residual,20260625,21,0.15488009992986917,0.22512559157817932,0.003024698642016488,inner_val_pr_auc_delta_vs_frozen_ar,0.002749157138168812,0.19663524627685547,0.9496254920959473,true_train_and_true_inner_val_selection
future_arousal_max_delta_rows_4_10_train_q90,binary,low_ar_confidence_temporal_residual,train_only_video_mean_residual,20260625,22,0.15447104070335627,0.22538235068262877,0.0032814577464659322,inner_val_pr_auc_delta_vs_frozen_ar,0.002770762424916029,0.19822490215301514,0.9520081877708435,true_train_and_true_inner_val_selection
future_arousal_max_delta_rows_4_10_train_q90,binary,low_ar_confidence_temporal_residual,train_only_video_mean_residual,20260625,23,0.1543744020164013,0.2261015529584572,0.004000660022294378,inner_val_pr_auc_delta_vs_frozen_ar,0.002789490157738328,0.19809426367282867,0.953258216381073,true_train_and_true_inner_val_selection
future_arousal_max_delta_rows_4_10_train_q90,binary,low_ar_confidence_temporal_residual,train_only_video_mean_residual,20260625,24,0.15419785119593143,0.22597444447349502,0.0038735515373321816,inner_val_pr_auc_delta_vs_frozen_ar,0.0028105084784328938,0.2007754147052765,0.9561558365821838,true_train_and_true_inner_val_selection
future_arousal_max_delta_rows_4_10_train_q90,binary,low_ar_confidence_temporal_residual,train_only_video_mean_residual,20260625,25,0.15414467733353376,0.22660840493668583,0.00450751200052299,inner_val_pr_auc_delta_vs_frozen_ar,0.002830509329214692,0.20211367309093475,0.9577863216400146,true_train_and_true_inner_val_selection
future_arousal_max_delta_rows_4_10_train_q90,binary,low_ar_confidence_temporal_residual,train_only_video_mean_residual,20260625,26,0.15383103676140308,0.22694907864740926,0.004848185711246428,inner_val_pr_auc_delta_vs_frozen_ar,0.0028494494035840034,0.20228645205497742,0.9588499069213867,true_train_and_true_inner_val_selection
future_arousal_max_delta_rows_4_10_train_q90,binary,low_ar_confidence_temporal_residual,train_only_video_mean_residual,20260625,27,0.15380995348095894,0.22714559705378806,0.005044704117625226,inner_val_pr_auc_delta_vs_frozen_ar,0.0028691354673355818,0.2045157551765442,0.9609564542770386,true_train_and_true_inner_val_selection
future_arousal_max_delta_rows_4_10_train_q90,binary,low_ar_confidence_temporal_residual,train_only_video_mean_residual,20260625,28,0.1538541605696082,0.2274596192338057,0.005358726297642863,inner_val_pr_auc_delta_vs_frozen_ar,0.00288988440297544,0.20568175613880157,0.9622114300727844,true_train_and_true_inner_val_selection
future_arousal_max_delta_rows_4_10_train_q90,binary,low_ar_confidence_temporal_residual,train_only_video_mean_residual,20260625,29,0.15342544950544834,0.22765380789859999,0.00555291496243715,inner_val_pr_auc_delta_vs_frozen_ar,0.0029084193520247936,0.20565541088581085,0.9626611471176147,true_train_and_true_inner_val_selection
future_arousal_max_delta_rows_4_10_train_q90,binary,low_ar_confidence_temporal_residual,train_only_video_mean_residual,20260625,30,0.15340248588472605,0.2280865137979874,0.005985620861824553,inner_val_pr_auc_delta_vs_frozen_ar,0.0029274786356836557,0.207477867603302,0.9643106460571289,true_train_and_true_inner_val_selection
future_arousal_max_delta_rows_4_10_train_q90,binary,low_ar_confidence_temporal_residual,train_only_video_mean_residual,20260625,31,0.15325152967125177,0.22828895294224788,0.006188060006085044,inner_val_pr_auc_delta_vs_frozen_ar,0.002946124877780676,0.20830368995666504,0.9649580717086792,true_train_and_true_inner_val_selection
future_arousal_max_delta_rows_4_10_train_q90,binary,low_ar_confidence_temporal_residual,train_only_video_mean_residual,20260625,32,0.15303330775350332,0.2285850255012733,0.006484132565110462,inner_val_pr_auc_delta_vs_frozen_ar,0.0029648421332240105,0.2088617980480194,0.9657278060913086,true_train_and_true_inner_val_selection
future_arousal_max_delta_rows_4_10_train_q90,binary,low_ar_confidence_temporal_residual,train_only_video_mean_residual,20260625,33,0.15274995286017656,0.2284742331089472,0.006373340172784375,inner_val_pr_auc_delta_vs_frozen_ar,0.002983138430863619,0.20930849015712738,0.9662840366363525,true_train_and_true_inner_val_selection
future_arousal_max_delta_rows_4_10_train_q90,binary,low_ar_confidence_temporal_residual,train_only_video_mean_residual,20260625,34,0.15283159259706736,0.22852186526153212,0.006420972325369284,inner_val_pr_auc_delta_vs_frozen_ar,0.003001592820510268,0.21055032312870026,0.9673800468444824,true_train_and_true_inner_val_selection
future_arousal_max_delta_rows_4_10_train_q90,binary,low_ar_confidence_temporal_residual,train_only_video_mean_residual,20260625,35,0.1527322856709361,0.22847144513923637,0.006370552203073532,inner_val_pr_auc_delta_vs_frozen_ar,0.0030197957530617714,0.21176348626613617,0.9681751132011414,true_train_and_true_inner_val_selection
future_arousal_max_delta_rows_4_10_train_q90,binary,low_ar_confidence_temporal_residual,train_only_video_mean_residual,20260625,36,0.15261110663414001,0.22856185254606165,0.006460959609898814,inner_val_pr_auc_delta_vs_frozen_ar,0.003035983769223094,0.212333083152771,0.9687662720680237,true_train_and_true_inner_val_selection
future_arousal_max_delta_rows_4_10_train_q90,binary,low_ar_confidence_temporal_residual,train_only_video_mean_residual,20260625,37,0.152458886615932,0.22874347650446306,0.00664258356830022,inner_val_pr_auc_delta_vs_frozen_ar,0.003052622079849243,0.213044211268425,0.9693369269371033,true_train_and_true_inner_val_selection
future_arousal_max_delta_rows_4_10_train_q90,binary,low_ar_confidence_temporal_residual,train_only_video_mean_residual,20260625,38,0.15226894617080688,0.22827704500404875,0.006176152067885909,inner_val_pr_auc_delta_vs_frozen_ar,0.003069191472604871,0.21386313438415527,0.9699136018753052,true_train_and_true_inner_val_selection
future_arousal_max_delta_rows_4_10_train_q90,binary,low_ar_confidence_temporal_residual,train_only_video_mean_residual,20260625,39,0.15229868050664663,0.22823213007628051,0.006131237140117679,inner_val_pr_auc_delta_vs_frozen_ar,0.0030855867080390453,0.21496129035949707,0.970612645149231,true_train_and_true_inner_val_selection
future_arousal_max_delta_rows_4_10_train_q90,binary,low_ar_confidence_temporal_residual,train_only_video_mean_residual,20260625,40,0.15213177911937237,0.22798124611815684,0.005880353181994008,inner_val_pr_auc_delta_vs_frozen_ar,0.003102048533037305,0.2157808095216751,0.9711834788322449,true_train_and_true_inner_val_selection
future_arousal_max_delta_rows_4_10_train_q90,binary,low_ar_confidence_temporal_residual,diagnostics_only_residual,20260625,1,0.15800175350159407,0.22208779913922794,-1.309379693489876e-05,inner_val_pr_auc_delta_vs_frozen_ar,0.002158091403543949,0.021883685141801834,0.05880189314484596,true_train_and_true_inner_val_selection
future_arousal_max_delta_rows_4_10_train_q90,binary,low_ar_confidence_temporal_residual,diagnostics_only_residual,20260625,2,0.15785264782607555,0.22210685335197186,5.960415809025399e-06,inner_val_pr_auc_delta_vs_frozen_ar,0.0021941987797617912,0.06240633875131607,0.3191330134868622,true_train_and_true_inner_val_selection
future_arousal_max_delta_rows_4_10_train_q90,binary,low_ar_confidence_temporal_residual,diagnostics_only_residual,20260625,3,0.15762335434556007,0.2222184638913845,0.00011757095522166305,inner_val_pr_auc_delta_vs_frozen_ar,0.00224132533185184,0.14061729609966278,0.8032731413841248,true_train_and_true_inner_val_selection
future_arousal_max_delta_rows_4_10_train_q90,binary,low_ar_confidence_temporal_residual,diagnostics_only_residual,20260625,4,0.15759699326008558,0.22231101616765478,0.00021012323149194323,inner_val_pr_auc_delta_vs_frozen_ar,0.002273848280310631,0.19400925934314728,0.9059387445449829,true_train_and_true_inner_val_selection
future_arousal_max_delta_rows_4_10_train_q90,binary,low_ar_confidence_temporal_residual,diagnostics_only_residual,20260625,5,0.15766350366175175,0.22239080025351796,0.0002899073173551203,inner_val_pr_auc_delta_vs_frozen_ar,0.002296577440574765,0.21798205375671387,0.9236959218978882,true_train_and_true_inner_val_selection
future_arousal_max_delta_rows_4_10_train_q90,binary,low_ar_confidence_temporal_residual,diagnostics_only_residual,20260625,6,0.15723972860723734,0.22262148573468726,0.0005205927985244274,inner_val_pr_auc_delta_vs_frozen_ar,0.002330219838768244,0.22909557819366455,0.9326519966125488,true_train_and_true_inner_val_selection
future_arousal_max_delta_rows_4_10_train_q90,binary,low_ar_confidence_temporal_residual,diagnostics_only_residual,20260625,7,0.1576194278895855,0.2228711153528904,0.0007702224167275562,inner_val_pr_auc_delta_vs_frozen_ar,0.002363711828365922,0.23456940054893494,0.9387835264205933,true_train_and_true_inner_val_selection
future_arousal_max_delta_rows_4_10_train_q90,binary,low_ar_confidence_temporal_residual,diagnostics_only_residual,20260625,8,0.15781100932508707,0.22315329375388415,0.0010524008177213162,inner_val_pr_auc_delta_vs_frozen_ar,0.002398461801931262,0.23749913275241852,0.9430251121520996,true_train_and_true_inner_val_selection
future_arousal_max_delta_rows_4_10_train_q90,binary,low_ar_confidence_temporal_residual,diagnostics_only_residual,20260625,9,0.15747415460646152,0.22330395677319986,0.0012030638370370272,inner_val_pr_auc_delta_vs_frozen_ar,0.0024269872810691595,0.2344687283039093,0.9447628855705261,true_train_and_true_inner_val_selection
future_arousal_max_delta_rows_4_10_train_q90,binary,low_ar_confidence_temporal_residual,diagnostics_only_residual,20260625,10,0.1574067547917366,0.22345483258610044,0.0013539396499376022,inner_val_pr_auc_delta_vs_frozen_ar,0.002446989296004176,0.22871361672878265,0.945016622543335,true_train_and_true_inner_val_selection
future_arousal_max_delta_rows_4_10_train_q90,binary,low_ar_confidence_temporal_residual,diagnostics_only_residual,20260625,11,0.1571693792939186,0.22354353742999356,0.0014426444938307192,inner_val_pr_auc_delta_vs_frozen_ar,0.0024675200693309307,0.22339048981666565,0.945064902305603,true_train_and_true_inner_val_selection
future_arousal_max_delta_rows_4_10_train_q90,binary,low_ar_confidence_temporal_residual,diagnostics_only_residual,20260625,12,0.15720702055841684,0.2236231111313754,0.0015222181952125602,inner_val_pr_auc_delta_vs_frozen_ar,0.0024821432307362556,0.21894656121730804,0.9436039924621582,true_train_and_true_inner_val_selection
future_arousal_max_delta_rows_4_10_train_q90,binary,low_ar_confidence_temporal_residual,diagnostics_only_residual,20260625,13,0.15718332398682833,0.22377770971045588,0.001676816774293044,inner_val_pr_auc_delta_vs_frozen_ar,0.0024994476698338985,0.21261337399482727,0.9407257437705994,true_train_and_true_inner_val_selection
future_arousal_max_delta_rows_4_10_train_q90,binary,low_ar_confidence_temporal_residual,diagnostics_only_residual,20260625,14,0.15702623315155506,0.2238315295788131,0.001730636642650274,inner_val_pr_auc_delta_vs_frozen_ar,0.0025144126266241074,0.21108904480934143,0.9406055808067322,true_train_and_true_inner_val_selection
future_arousal_max_delta_rows_4_10_train_q90,binary,low_ar_confidence_temporal_residual,diagnostics_only_residual,20260625,15,0.1572158234193921,0.22396204604785439,0.0018611531116915492,inner_val_pr_auc_delta_vs_frozen_ar,0.0025274434592574835,0.20822294056415558,0.9396079778671265,true_train_and_true_inner_val_selection
future_arousal_max_delta_rows_4_10_train_q90,binary,low_ar_confidence_temporal_residual,diagnostics_only_residual,20260625,16,0.1568443737924099,0.2240768001836706,0.0019759072475077633,inner_val_pr_auc_delta_vs_frozen_ar,0.0025416752323508263,0.20675624907016754,0.9393557906150818,true_train_and_true_inner_val_selection
future_arousal_max_delta_rows_4_10_train_q90,binary,low_ar_confidence_temporal_residual,diagnostics_only_residual,20260625,17,0.15712911542505026,0.224240809964612,0.002139917028449151,inner_val_pr_auc_delta_vs_frozen_ar,0.002552408492192626,0.20580579340457916,0.9395017027854919,true_train_and_true_inner_val_selection
future_arousal_max_delta_rows_4_10_train_q90,binary,low_ar_confidence_temporal_residual,diagnostics_only_residual,20260625,18,0.15687001403421164,0.2244120546466553,0.0023111617104924764,inner_val_pr_auc_delta_vs_frozen_ar,0.002564526628702879,0.20486925542354584,0.9400328397750854,true_train_and_true_inner_val_selection
future_arousal_max_delta_rows_4_10_train_q90,binary,low_ar_confidence_temporal_residual,diagnostics_only_residual,20260625,19,0.15694327931851149,0.22453883646947112,0.0024379435333082844,inner_val_pr_auc_delta_vs_frozen_ar,0.0025762617588043213,0.2055540233850479,0.9416273832321167,true_train_and_true_inner_val_selection
future_arousal_max_delta_rows_4_10_train_q90,binary,low_ar_confidence_temporal_residual,diagnostics_only_residual,20260625,20,0.1570739233866334,0.22466748206183718,0.00256658912567434,inner_val_pr_auc_delta_vs_frozen_ar,0.002586699090898037,0.20522043108940125,0.9420846104621887,true_train_and_true_inner_val_selection
future_arousal_max_delta_rows_4_10_train_q90,binary,low_ar_confidence_temporal_residual,diagnostics_only_residual,20260625,21,0.15694389585405588,0.22487046963709,0.0027695767009271732,inner_val_pr_auc_delta_vs_frozen_ar,0.002600007690489292,0.20778749883174896,0.9449416995048523,true_train_and_true_inner_val_selection
future_arousal_max_delta_rows_4_10_train_q90,binary,low_ar_confidence_temporal_residual,diagnostics_only_residual,20260625,22,0.15727864112704992,0.22510883569542192,0.0030079427592590857,inner_val_pr_auc_delta_vs_frozen_ar,0.0026115700602531433,0.20790693163871765,0.9459643363952637,true_train_and_true_inner_val_selection
future_arousal_max_delta_rows_4_10_train_q90,binary,low_ar_confidence_temporal_residual,diagnostics_only_residual,20260625,23,0.15704199578613043,0.22531965311093774,0.003218760174774904,inner_val_pr_auc_delta_vs_frozen_ar,0.0026238923892378807,0.208281010389328,0.9473772644996643,true_train_and_true_inner_val_selection
future_arousal_max_delta_rows_4_10_train_q90,binary,low_ar_confidence_temporal_residual,diagnostics_only_residual,20260625,24,0.15716732386499643,0.2254793889837745,0.003378496047611673,inner_val_pr_auc_delta_vs_frozen_ar,0.002635889919474721,0.2091938704252243,0.9487007260322571,true_train_and_true_inner_val_selection
future_arousal_max_delta_rows_4_10_train_q90,binary,low_ar_confidence_temporal_residual,diagnostics_only_residual,20260625,25,0.15685064252465963,0.22563577384042727,0.0035348809042644314,inner_val_pr_auc_delta_vs_frozen_ar,0.002648312598466873,0.21141837537288666,0.9510444402694702,true_train_and_true_inner_val_selection
future_arousal_max_delta_rows_4_10_train_q90,binary,low_ar_confidence_temporal_residual,diagnostics_only_residual,20260625,26,0.1566964415833354,0.22582091824896572,0.0037200253128028826,inner_val_pr_auc_delta_vs_frozen_ar,0.0026590742636471987,0.21184036135673523,0.9521540999412537,true_train_and_true_inner_val_selection
future_arousal_max_delta_rows_4_10_train_q90,binary,low_ar_confidence_temporal_residual,diagnostics_only_residual,20260625,27,0.15670003555715084,0.22605182944572175,0.003950936509558911,inner_val_pr_auc_delta_vs_frozen_ar,0.0026710862293839455,0.21414092183113098,0.9541756510734558,true_train_and_true_inner_val_selection
future_arousal_max_delta_rows_4_10_train_q90,binary,low_ar_confidence_temporal_residual,diagnostics_only_residual,20260625,28,0.15679355058819056,0.22623029195352565,0.0041293990173628115,inner_val_pr_auc_delta_vs_frozen_ar,0.0026830544229596853,0.21515387296676636,0.9553840160369873,true_train_and_true_inner_val_selection
future_arousal_max_delta_rows_4_10_train_q90,binary,low_ar_confidence_temporal_residual,diagnostics_only_residual,20260625,29,0.15662788692861795,0.22629253542939912,0.004191642493236281,inner_val_pr_auc_delta_vs_frozen_ar,0.0026953506749123335,0.2170456349849701,0.9569493532180786,true_train_and_true_inner_val_selection
future_arousal_max_delta_rows_4_10_train_q90,binary,low_ar_confidence_temporal_residual,diagnostics_only_residual,20260625,30,0.156585737131536,0.22658813647410023,0.004487243537937391,inner_val_pr_auc_delta_vs_frozen_ar,0.0027087037451565266,0.21710793673992157,0.9575857520103455,true_train_and_true_inner_val_selection
future_arousal_max_delta_rows_4_10_train_q90,binary,low_ar_confidence_temporal_residual,diagnostics_only_residual,20260625,31,0.15661639999598265,0.22675164326578653,0.0046507503296236985,inner_val_pr_auc_delta_vs_frozen_ar,0.0027215713635087013,0.21891215443611145,0.9593095183372498,true_train_and_true_inner_val_selection
future_arousal_max_delta_rows_4_10_train_q90,binary,low_ar_confidence_temporal_residual,diagnostics_only_residual,20260625,32,0.15673000179231167,0.22691831294975795,0.004817420013595114,inner_val_pr_auc_delta_vs_frozen_ar,0.0027341763488948345,0.2214948982000351,0.9610992670059204,true_train_and_true_inner_val_selection
future_arousal_max_delta_rows_4_10_train_q90,binary,low_ar_confidence_temporal_residual,diagnostics_only_residual,20260625,33,0.15647362545132637,0.22718118148623767,0.005080288550074835,inner_val_pr_auc_delta_vs_frozen_ar,0.002749304985627532,0.22380831837654114,0.9627148509025574,true_train_and_true_inner_val_selection
future_arousal_max_delta_rows_4_10_train_q90,binary,low_ar_confidence_temporal_residual,diagnostics_only_residual,20260625,34,0.1565154241397977,0.2273235103483847,0.005222617412221853,inner_val_pr_auc_delta_vs_frozen_ar,0.002761602634564042,0.22438408434391022,0.9634366631507874,true_train_and_true_inner_val_selection
future_arousal_max_delta_rows_4_10_train_q90,binary,low_ar_confidence_temporal_residual,diagnostics_only_residual,20260625,35,0.15649041160941124,0.227585447519484,0.005484554583321172,inner_val_pr_auc_delta_vs_frozen_ar,0.0027746264822781086,0.2249351441860199,0.964130163192749,true_train_and_true_inner_val_selection
future_arousal_max_delta_rows_4_10_train_q90,binary,low_ar_confidence_temporal_residual,diagnostics_only_residual,20260625,36,0.15651791170239449,0.22766628817475668,0.00556539523859384,inner_val_pr_auc_delta_vs_frozen_ar,0.002788776298984885,0.2272738814353943,0.9656568765640259,true_train_and_true_inner_val_selection
future_arousal_max_delta_rows_4_10_train_q90,binary,low_ar_confidence_temporal_residual,diagnostics_only_residual,20260625,37,0.15650477353483438,0.22784802249940808,0.005747129563245246,inner_val_pr_auc_delta_vs_frozen_ar,0.0028025165665894747,0.22872954607009888,0.9667702317237854,true_train_and_true_inner_val_selection
future_arousal_max_delta_rows_4_10_train_q90,binary,low_ar_confidence_temporal_residual,diagnostics_only_residual,20260625,38,0.15665825176984072,0.22798725476127146,0.005886361825108627,inner_val_pr_auc_delta_vs_frozen_ar,0.002815752988681197,0.2302328199148178,0.9675871133804321,true_train_and_true_inner_val_selection
future_arousal_max_delta_rows_4_10_train_q90,binary,low_ar_confidence_temporal_residual,diagnostics_only_residual,20260625,39,0.15611563716083765,0.22825950492161035,0.00615861198544751,inner_val_pr_auc_delta_vs_frozen_ar,0.0028292511124163866,0.2322491705417633,0.9686562418937683,true_train_and_true_inner_val_selection
future_arousal_max_delta_rows_4_10_train_q90,binary,low_ar_confidence_temporal_residual,diagnostics_only_residual,20260625,40,0.1562424348667264,0.2284207046897449,0.006319811753582066,inner_val_pr_auc_delta_vs_frozen_ar,0.00284245191141963,0.23308290541172028,0.9693555235862732,true_train_and_true_inner_val_selection
future_arousal_max_delta_rows_4_10_train_q90,binary,low_ar_confidence_temporal_residual,real_residual,20260626,1,0.1559852436184883,0.22812082619729926,-0.00012888602821958806,inner_val_pr_auc_delta_vs_frozen_ar,0.0021467057522386312,0.004910650663077831,0.013045093044638634,true_train_and_true_inner_val_selection
future_arousal_max_delta_rows_4_10_train_q90,binary,low_ar_confidence_temporal_residual,real_residual,20260626,2,0.15624506119638681,0.22814026447735863,-0.00010944774816021297,inner_val_pr_auc_delta_vs_frozen_ar,0.0021496370900422335,0.00588526064530015,0.017099162563681602,true_train_and_true_inner_val_selection
future_arousal_max_delta_rows_4_10_train_q90,binary,low_ar_confidence_temporal_residual,real_residual,20260626,3,0.1564205251634121,0.22819212029771907,-5.7591927799777176e-05,inner_val_pr_auc_delta_vs_frozen_ar,0.0021799341775476933,0.009737187065184116,0.03695875406265259,true_train_and_true_inner_val_selection
future_arousal_max_delta_rows_4_10_train_q90,binary,low_ar_confidence_temporal_residual,real_residual,20260626,4,0.15627987124025822,0.22827282567346385,2.3113447945005694e-05,inner_val_pr_auc_delta_vs_frozen_ar,0.002222368959337473,0.02371995896100998,0.13941726088523865,true_train_and_true_inner_val_selection
future_arousal_max_delta_rows_4_10_train_q90,binary,low_ar_confidence_temporal_residual,real_residual,20260626,5,0.15616350155323744,0.22838380870855615,0.00013409648303730481,inner_val_pr_auc_delta_vs_frozen_ar,0.002271775621920824,0.046251580119132996,0.28705504536628723,true_train_and_true_inner_val_selection
future_arousal_max_delta_rows_4_10_train_q90,binary,low_ar_confidence_temporal_residual,real_residual,20260626,6,0.15616266056895256,0.2286453027499919,0.00039559052447304954,inner_val_pr_auc_delta_vs_frozen_ar,0.0023214893881231546,0.06678768992424011,0.340724378824234,true_train_and_true_inner_val_selection
future_arousal_max_delta_rows_4_10_train_q90,binary,low_ar_confidence_temporal_residual,real_residual,20260626,7,0.155761931091547,0.2291888268610221,0.000939114635503252,inner_val_pr_auc_delta_vs_frozen_ar,0.0023642624728381634,0.07631063461303711,0.36617738008499146,true_train_and_true_inner_val_selection
future_arousal_max_delta_rows_4_10_train_q90,binary,low_ar_confidence_temporal_residual,real_residual,20260626,8,0.15549620147794485,0.2300522644656659,0.001802552240147054,inner_val_pr_auc_delta_vs_frozen_ar,0.002404839266091585,0.07618648558855057,0.38119077682495117,true_train_and_true_inner_val_selection
future_arousal_max_delta_rows_4_10_train_q90,binary,low_ar_confidence_temporal_residual,real_residual,20260626,9,0.15529117174446583,0.2315039895643789,0.003254277338860051,inner_val_pr_auc_delta_vs_frozen_ar,0.0024497173726558685,0.07247430831193924,0.39830952882766724,true_train_and_true_inner_val_selection
future_arousal_max_delta_rows_4_10_train_q90,binary,low_ar_confidence_temporal_residual,real_residual,20260626,10,0.15509929414838552,0.2337067713349203,0.0054570591094014465,inner_val_pr_auc_delta_vs_frozen_ar,0.0024957717396318913,0.06905949115753174,0.41252708435058594,true_train_and_true_inner_val_selection
future_arousal_max_delta_rows_4_10_train_q90,binary,low_ar_confidence_temporal_residual,real_residual,20260626,11,0.15457836911082268,0.23708278753252135,0.008833075307002503,inner_val_pr_auc_delta_vs_frozen_ar,0.00254201446659863,0.06527018547058105,0.4189160168170929,true_train_and_true_inner_val_selection
future_arousal_max_delta_rows_4_10_train_q90,binary,low_ar_confidence_temporal_residual,real_residual,20260626,12,0.15419573709368706,0.24044767713881646,0.01219796491329761,inner_val_pr_auc_delta_vs_frozen_ar,0.002587210154160857,0.06409411877393723,0.4284611642360687,true_train_and_true_inner_val_selection
future_arousal_max_delta_rows_4_10_train_q90,binary,low_ar_confidence_temporal_residual,real_residual,20260626,13,0.15356090106070042,0.24372408279741903,0.015474370571900181,inner_val_pr_auc_delta_vs_frozen_ar,0.0026268579531461,0.06076241284608841,0.42683354020118713,true_train_and_true_inner_val_selection
future_arousal_max_delta_rows_4_10_train_q90,binary,low_ar_confidence_temporal_residual,real_residual,20260626,14,0.15317915752530098,0.24606631815642696,0.017816605930908114,inner_val_pr_auc_delta_vs_frozen_ar,0.002659772988408804,0.05930185690522194,0.4213086664676666,true_train_and_true_inner_val_selection
future_arousal_max_delta_rows_4_10_train_q90,binary,low_ar_confidence_temporal_residual,real_residual,20260626,15,0.152816753834486,0.2468149752557052,0.018565263030186352,inner_val_pr_auc_delta_vs_frozen_ar,0.002685078652575612,0.0595899298787117,0.4233691692352295,true_train_and_true_inner_val_selection
future_arousal_max_delta_rows_4_10_train_q90,binary,low_ar_confidence_temporal_residual,real_residual,20260626,16,0.1523362286388874,0.24658269969836175,0.0183329874728429,inner_val_pr_auc_delta_vs_frozen_ar,0.002703371923416853,0.06109752878546715,0.4308784604072571,true_train_and_true_inner_val_selection
future_arousal_max_delta_rows_4_10_train_q90,binary,low_ar_confidence_temporal_residual,real_residual,20260626,17,0.1523381695151329,0.24619589434966538,0.01794618212414653,inner_val_pr_auc_delta_vs_frozen_ar,0.002719258191064,0.06316398829221725,0.4431246221065521,true_train_and_true_inner_val_selection
future_arousal_max_delta_rows_4_10_train_q90,binary,low_ar_confidence_temporal_residual,real_residual,20260626,18,0.15204694774001837,0.24580024925939153,0.017550537033872687,inner_val_pr_auc_delta_vs_frozen_ar,0.002731264103204012,0.06488187611103058,0.4524648189544678,true_train_and_true_inner_val_selection
future_arousal_max_delta_rows_4_10_train_q90,binary,low_ar_confidence_temporal_residual,real_residual,20260626,19,0.1519957846030593,0.24520794987005115,0.016958237644532304,inner_val_pr_auc_delta_vs_frozen_ar,0.002743352437391877,0.06646139174699783,0.4583354592323303,true_train_and_true_inner_val_selection
future_arousal_max_delta_rows_4_10_train_q90,binary,low_ar_confidence_temporal_residual,real_residual,20260626,20,0.15186235774308443,0.24449579751801545,0.016246085292496604,inner_val_pr_auc_delta_vs_frozen_ar,0.0027534114196896553,0.06787627190351486,0.4652579724788666,true_train_and_true_inner_val_selection
future_arousal_max_delta_rows_4_10_train_q90,binary,low_ar_confidence_temporal_residual,real_residual,20260626,21,0.1518543493002653,0.24371954502821913,0.015469832802700284,inner_val_pr_auc_delta_vs_frozen_ar,0.002765167970210314,0.06900924444198608,0.47119027376174927,true_train_and_true_inner_val_selection
future_arousal_max_delta_rows_4_10_train_q90,binary,low_ar_confidence_temporal_residual,real_residual,20260626,22,0.1516969846561551,0.24335625992327337,0.015106547697754519,inner_val_pr_auc_delta_vs_frozen_ar,0.002775610890239477,0.07088041305541992,0.48262646794319153,true_train_and_true_inner_val_selection
future_arousal_max_delta_rows_4_10_train_q90,binary,low_ar_confidence_temporal_residual,real_residual,20260626,23,0.1515316106379032,0.2428004744793749,0.014550762253856042,inner_val_pr_auc_delta_vs_frozen_ar,0.0027872018981724977,0.0722133219242096,0.4885881841182709,true_train_and_true_inner_val_selection
future_arousal_max_delta_rows_4_10_train_q90,binary,low_ar_confidence_temporal_residual,shuffled_pca_residual,20260626,1,0.15627764351665974,0.22817841877498307,-7.12934505357754e-05,inner_val_pr_auc_delta_vs_frozen_ar,0.002147057792171836,0.004732730332762003,0.011154316365718842,true_train_and_true_inner_val_selection
future_arousal_max_delta_rows_4_10_train_q90,binary,low_ar_confidence_temporal_residual,shuffled_pca_residual,20260626,2,0.15635612048208714,0.2281954293181126,-5.428290740625008e-05,inner_val_pr_auc_delta_vs_frozen_ar,0.002150178886950016,0.0056573753245174885,0.015134090557694435,true_train_and_true_inner_val_selection
future_arousal_max_delta_rows_4_10_train_q90,binary,low_ar_confidence_temporal_residual,shuffled_pca_residual,20260626,3,0.15627975389361382,0.22822206083262692,-2.765139289193086e-05,inner_val_pr_auc_delta_vs_frozen_ar,0.002176854992285371,0.00870971567928791,0.0298746470361948,true_train_and_true_inner_val_selection
future_arousal_max_delta_rows_4_10_train_q90,binary,low_ar_confidence_temporal_residual,shuffled_pca_residual,20260626,4,0.15624755807220936,0.22827900820141783,2.929597589898525e-05,inner_val_pr_auc_delta_vs_frozen_ar,0.002214372158050537,0.01962231658399105,0.10058813542127609,true_train_and_true_inner_val_selection
future_arousal_max_delta_rows_4_10_train_q90,binary,low_ar_confidence_temporal_residual,shuffled_pca_residual,20260626,5,0.15622610598802567,0.22833837258969164,8.866036417279344e-05,inner_val_pr_auc_delta_vs_frozen_ar,0.002260996727272868,0.04378054291009903,0.26153460144996643,true_train_and_true_inner_val_selection
future_arousal_max_delta_rows_4_10_train_q90,binary,low_ar_confidence_temporal_residual,shuffled_pca_residual,20260626,6,0.15631888341158628,0.22838785862753624,0.00013814640201739725,inner_val_pr_auc_delta_vs_frozen_ar,0.0023111633490771055,0.06943152844905853,0.33444392681121826,true_train_and_true_inner_val_selection
future_arousal_max_delta_rows_4_10_train_q90,binary,low_ar_confidence_temporal_residual,shuffled_pca_residual,20260626,7,0.15594929829239845,0.22850097114398402,0.00025125891846516923,inner_val_pr_auc_delta_vs_frozen_ar,0.0023492523469030857,0.08618757873773575,0.361550897359848,true_train_and_true_inner_val_selection
future_arousal_max_delta_rows_4_10_train_q90,binary,low_ar_confidence_temporal_residual,shuffled_pca_residual,20260626,8,0.15597041975706816,0.22859787885380903,0.00034816662829018075,inner_val_pr_auc_delta_vs_frozen_ar,0.002373399678617716,0.09188190847635269,0.36825451254844666,true_train_and_true_inner_val_selection
future_arousal_max_delta_rows_4_10_train_q90,binary,low_ar_confidence_temporal_residual,shuffled_pca_residual,20260626,9,0.155910967849195,0.2287460118135623,0.0004962995880434529,inner_val_pr_auc_delta_vs_frozen_ar,0.002404195489361882,0.09487427771091461,0.37673819065093994,true_train_and_true_inner_val_selection
future_arousal_max_delta_rows_4_10_train_q90,binary,low_ar_confidence_temporal_residual,shuffled_pca_residual,20260626,10,0.15581366326659918,0.22890946548919996,0.0006597532636811176,inner_val_pr_auc_delta_vs_frozen_ar,0.002437271410599351,0.09569738805294037,0.3874085247516632,true_train_and_true_inner_val_selection
future_arousal_max_delta_rows_4_10_train_q90,binary,low_ar_confidence_temporal_residual,shuffled_pca_residual,20260626,11,0.15570146217942238,0.22903118472103967,0.0007814724955208241,inner_val_pr_auc_delta_vs_frozen_ar,0.002474165754392743,0.09755480289459229,0.4020334780216217,true_train_and_true_inner_val_selection
future_arousal_max_delta_rows_4_10_train_q90,binary,low_ar_confidence_temporal_residual,shuffled_pca_residual,20260626,12,0.1554139843210578,0.22912752283703314,0.0008778106115142903,inner_val_pr_auc_delta_vs_frozen_ar,0.0025108561385422945,0.0994323194026947,0.4174540936946869,true_train_and_true_inner_val_selection
future_arousal_max_delta_rows_4_10_train_q90,binary,low_ar_confidence_temporal_residual,shuffled_pca_residual,20260626,13,0.1555549306795001,0.2290647907993214,0.0008150785738025579,inner_val_pr_auc_delta_vs_frozen_ar,0.0025477493181824684,0.10151807963848114,0.4342356026172638,true_train_and_true_inner_val_selection
future_arousal_max_delta_rows_4_10_train_q90,binary,low_ar_confidence_temporal_residual,shuffled_pca_residual,20260626,14,0.15540500916540623,0.2286872537946959,0.00043754156917705234,inner_val_pr_auc_delta_vs_frozen_ar,0.002581962151452899,0.10547765344381332,0.4512645900249481,true_train_and_true_inner_val_selection
future_arousal_max_delta_rows_4_10_train_q90,binary,low_ar_confidence_temporal_residual,shuffled_pca_residual,20260626,15,0.15519857499748468,0.2282423801383845,-7.3320871343540706e-06,inner_val_pr_auc_delta_vs_frozen_ar,0.0026138098910450935,0.10748518258333206,0.4666711091995239,true_train_and_true_inner_val_selection
future_arousal_max_delta_rows_4_10_train_q90,binary,low_ar_confidence_temporal_residual,shuffled_pca_residual,20260626,16,0.1550758695229888,0.2280706122951592,-0.00017909993035963856,inner_val_pr_auc_delta_vs_frozen_ar,0.0026396657340228558,0.10979010164737701,0.4790140390396118,true_train_and_true_inner_val_selection
future_arousal_max_delta_rows_4_10_train_q90,binary,low_ar_confidence_temporal_residual,shuffled_pca_residual,20260626,17,0.15508953854441643,0.227887098621651,-0.00036261360386785624,inner_val_pr_auc_delta_vs_frozen_ar,0.0026642032898962498,0.11240886151790619,0.4906807243824005,true_train_and_true_inner_val_selection
future_arousal_max_delta_rows_4_10_train_q90,binary,low_ar_confidence_temporal_residual,shuffled_pca_residual,20260626,18,0.1549891196191311,0.22796828231207117,-0.0002814299134476783,inner_val_pr_auc_delta_vs_frozen_ar,0.002686834428459406,0.11541178822517395,0.5025172233581543,true_train_and_true_inner_val_selection
future_arousal_max_delta_rows_4_10_train_q90,binary,low_ar_confidence_temporal_residual,shuffled_pca_residual,20260626,19,0.15493402443826199,0.2278239939155912,-0.00042571830992765847,inner_val_pr_auc_delta_vs_frozen_ar,0.00271026068367064,0.11854998022317886,0.515749454498291,true_train_and_true_inner_val_selection
future_arousal_max_delta_rows_4_10_train_q90,binary,low_ar_confidence_temporal_residual,shuffled_pca_residual,20260626,20,0.154682245105505,0.22777071933476145,-0.00047899289075739593,inner_val_pr_auc_delta_vs_frozen_ar,0.0027321099769324064,0.12135303765535355,0.5257303714752197,true_train_and_true_inner_val_selection
future_arousal_max_delta_rows_4_10_train_q90,binary,low_ar_confidence_temporal_residual,random_pca_residual,20260626,1,0.15628649294376373,0.22814473997214169,-0.00010497225337716132,inner_val_pr_auc_delta_vs_frozen_ar,0.002148181200027466,0.004804704803973436,0.01142458338290453,true_train_and_true_inner_val_selection
future_arousal_max_delta_rows_4_10_train_q90,binary,low_ar_confidence_temporal_residual,random_pca_residual,20260626,2,0.15613926853984594,0.2281506280464966,-9.908417902224076e-05,inner_val_pr_auc_delta_vs_frozen_ar,0.0021507309284061193,0.005730483680963516,0.015231266617774963,true_train_and_true_inner_val_selection
future_arousal_max_delta_rows_4_10_train_q90,binary,low_ar_confidence_temporal_residual,random_pca_residual,20260626,3,0.156053327023983,0.22817059169082884,-7.912053469000258e-05,inner_val_pr_auc_delta_vs_frozen_ar,0.0021769434679299593,0.008660570718348026,0.02896958217024803,true_train_and_true_inner_val_selection
future_arousal_max_delta_rows_4_10_train_q90,binary,low_ar_confidence_temporal_residual,random_pca_residual,20260626,4,0.15610399097204208,0.22824764768279085,-2.064542727997498e-06,inner_val_pr_auc_delta_vs_frozen_ar,0.002214133506640792,0.01932620257139206,0.0986705869436264,true_train_and_true_inner_val_selection
future_arousal_max_delta_rows_4_10_train_q90,binary,low_ar_confidence_temporal_residual,random_pca_residual,20260626,5,0.1561694722622633,0.22831664912006558,6.69368945467319e-05,inner_val_pr_auc_delta_vs_frozen_ar,0.002262576948851347,0.0429731160402298,0.2600734233856201,true_train_and_true_inner_val_selection
future_arousal_max_delta_rows_4_10_train_q90,binary,low_ar_confidence_temporal_residual,random_pca_residual,20260626,6,0.1559208808466792,0.22838489610118143,0.00013518387566258117,inner_val_pr_auc_delta_vs_frozen_ar,0.002313280710950494,0.06882958114147186,0.33644813299179077,true_train_and_true_inner_val_selection
future_arousal_max_delta_rows_4_10_train_q90,binary,low_ar_confidence_temporal_residual,random_pca_residual,20260626,7,0.15623938106000423,0.2284380178715683,0.00018830564604946365,inner_val_pr_auc_delta_vs_frozen_ar,0.0023508507292717695,0.08555466681718826,0.3626849353313446,true_train_and_true_inner_val_selection
future_arousal_max_delta_rows_4_10_train_q90,binary,low_ar_confidence_temporal_residual,random_pca_residual,20260626,8,0.1558901211246848,0.22848716835792698,0.000237456132408137,inner_val_pr_auc_delta_vs_frozen_ar,0.0023744027130305767,0.09195724129676819,0.36953872442245483,true_train_and_true_inner_val_selection
future_arousal_max_delta_rows_4_10_train_q90,binary,low_ar_confidence_temporal_residual,random_pca_residual,20260626,9,0.1558056566864252,0.22858127335852596,0.0003315611330071133,inner_val_pr_auc_delta_vs_frozen_ar,0.0024049279745668173,0.09502077847719193,0.3779349625110626,true_train_and_true_inner_val_selection
future_arousal_max_delta_rows_4_10_train_q90,binary,low_ar_confidence_temporal_residual,random_pca_residual,20260626,10,0.1556242685765028,0.22870950206794174,0.00045978984242289744,inner_val_pr_auc_delta_vs_frozen_ar,0.0024383433628827333,0.09653875231742859,0.38855403661727905,true_train_and_true_inner_val_selection
future_arousal_max_delta_rows_4_10_train_q90,binary,low_ar_confidence_temporal_residual,random_pca_residual,20260626,11,0.15567926596850157,0.2287245720529463,0.00047485982742745403,inner_val_pr_auc_delta_vs_frozen_ar,0.002469157800078392,0.09670919179916382,0.39899685978889465,true_train_and_true_inner_val_selection
future_arousal_max_delta_rows_4_10_train_q90,binary,low_ar_confidence_temporal_residual,random_pca_residual,20260626,12,0.15578477270901203,0.22868020080179563,0.00043048857627678294,inner_val_pr_auc_delta_vs_frozen_ar,0.0025007205549627542,0.09763062745332718,0.4106667637825012,true_train_and_true_inner_val_selection
future_arousal_max_delta_rows_4_10_train_q90,binary,low_ar_confidence_temporal_residual,random_pca_residual,20260626,13,0.15545357763767242,0.2285420944491618,0.0002923822236429452,inner_val_pr_auc_delta_vs_frozen_ar,0.002537042135372758,0.10085202753543854,0.4276098906993866,true_train_and_true_inner_val_selection
future_arousal_max_delta_rows_4_10_train_q90,binary,low_ar_confidence_temporal_residual,random_pca_residual,20260626,14,0.15543850045651197,0.22825730030264885,7.5880771299996486e-06,inner_val_pr_auc_delta_vs_frozen_ar,0.0025714344810694456,0.10348889976739883,0.44405293464660645,true_train_and_true_inner_val_selection
future_arousal_max_delta_rows_4_10_train_q90,binary,low_ar_confidence_temporal_residual,random_pca_residual,20260626,15,0.15538335498422384,0.2279309086002361,-0.00031880362528274864,inner_val_pr_auc_delta_vs_frozen_ar,0.002602660097181797,0.10529003292322159,0.4591311812400818,true_train_and_true_inner_val_selection
future_arousal_max_delta_rows_4_10_train_q90,binary,low_ar_confidence_temporal_residual,random_pca_residual,20260626,16,0.15508524514734745,0.2274991396115584,-0.000750572613960443,inner_val_pr_auc_delta_vs_frozen_ar,0.00263264705426991,0.10859627276659012,0.4739580452442169,true_train_and_true_inner_val_selection
future_arousal_max_delta_rows_4_10_train_q90,binary,low_ar_confidence_temporal_residual,random_pca_residual,20260626,17,0.1546731647104025,0.22710493729506287,-0.0011447749304559773,inner_val_pr_auc_delta_vs_frozen_ar,0.002659629797562957,0.11097566038370132,0.4872366487979889,true_train_and_true_inner_val_selection
future_arousal_max_delta_rows_4_10_train_q90,binary,low_ar_confidence_temporal_residual,random_pca_residual,20260626,18,0.15475187730044127,0.2266633855009274,-0.0015863267245914414,inner_val_pr_auc_delta_vs_frozen_ar,0.002682547317817807,0.11264372617006302,0.49799835681915283,true_train_and_true_inner_val_selection
future_arousal_max_delta_rows_4_10_train_q90,binary,low_ar_confidence_temporal_residual,random_pca_residual,20260626,19,0.154630902223289,0.22687465835214027,-0.0013750538733785789,inner_val_pr_auc_delta_vs_frozen_ar,0.0027032974176108837,0.11484818160533905,0.5100183486938477,true_train_and_true_inner_val_selection
future_arousal_max_delta_rows_4_10_train_q90,binary,low_ar_confidence_temporal_residual,label_permutation_residual,20260626,1,0.19274419080466032,0.09782551853272196,2.4958701332067346e-07,inner_val_pr_auc_delta_vs_frozen_ar,0.002143888734281063,0.004868572112172842,0.012917270883917809,permuted_train_and_permuted_inner_val_selection
future_arousal_max_delta_rows_4_10_train_q90,binary,low_ar_confidence_temporal_residual,label_permutation_residual,20260626,2,0.19258010387420654,0.09782580840229813,5.3945658948229e-07,inner_val_pr_auc_delta_vs_frozen_ar,0.002131927525624633,0.005250740796327591,0.01416745688766241,permuted_train_and_permuted_inner_val_selection
future_arousal_max_delta_rows_4_10_train_q90,binary,low_ar_confidence_temporal_residual,label_permutation_residual,20260626,3,0.19237701501697302,0.0978278239766443,2.5550309356581202e-06,inner_val_pr_auc_delta_vs_frozen_ar,0.002130447421222925,0.005962207913398743,0.017131684347987175,permuted_train_and_permuted_inner_val_selection
future_arousal_max_delta_rows_4_10_train_q90,binary,low_ar_confidence_temporal_residual,label_permutation_residual,20260626,4,0.19268213119357824,0.09783108060615395,5.811660445304012e-06,inner_val_pr_auc_delta_vs_frozen_ar,0.002141846576705575,0.007548792287707329,0.02485029585659504,permuted_train_and_permuted_inner_val_selection
future_arousal_max_delta_rows_4_10_train_q90,binary,low_ar_confidence_temporal_residual,label_permutation_residual,20260626,5,0.19238974526524544,0.09783063701177101,5.368066062369503e-06,inner_val_pr_auc_delta_vs_frozen_ar,0.0021649980917572975,0.013202257454395294,0.05727626383304596,permuted_train_and_permuted_inner_val_selection
future_arousal_max_delta_rows_4_10_train_q90,binary,low_ar_confidence_temporal_residual,label_permutation_residual,20260626,6,0.1925280150026083,0.09782733036606792,2.061420359272814e-06,inner_val_pr_auc_delta_vs_frozen_ar,0.002201804192736745,0.031214440241456032,0.1884264051914215,permuted_train_and_permuted_inner_val_selection
future_arousal_max_delta_rows_4_10_train_q90,binary,low_ar_confidence_temporal_residual,label_permutation_residual,20260626,7,0.19218050502240658,0.0978257531276201,4.841819114531631e-07,inner_val_pr_auc_delta_vs_frozen_ar,0.002249842742457986,0.05827583000063896,0.32283228635787964,permuted_train_and_permuted_inner_val_selection
future_arousal_max_delta_rows_4_10_train_q90,binary,low_ar_confidence_temporal_residual,label_permutation_residual,20260626,8,0.19266974367201328,0.09782728784191833,2.0188962096823193e-06,inner_val_pr_auc_delta_vs_frozen_ar,0.002295783255249262,0.08260450512170792,0.3710309863090515,permuted_train_and_permuted_inner_val_selection
future_arousal_max_delta_rows_4_10_train_q90,binary,low_ar_confidence_temporal_residual,label_permutation_residual,20260626,9,0.19238574337214231,0.09782013251319327,-5.136432515373546e-06,inner_val_pr_auc_delta_vs_frozen_ar,0.002301203552633524,0.1001688614487648,0.3973287343978882,permuted_train_and_permuted_inner_val_selection
future_arousal_max_delta_rows_4_10_train_q90,binary,low_ar_confidence_temporal_residual,label_permutation_residual,20260626,10,0.19277259334921837,0.09782284428093946,-2.4246647691850143e-06,inner_val_pr_auc_delta_vs_frozen_ar,0.0023085286375135183,0.11313244700431824,0.41893184185028076,permuted_train_and_permuted_inner_val_selection
future_arousal_max_delta_rows_4_10_train_q90,binary,low_ar_confidence_temporal_residual,label_permutation_residual,20260626,11,0.19221549294888973,0.0978173126014231,-7.956344285547923e-06,inner_val_pr_auc_delta_vs_frozen_ar,0.0023235282860696316,0.12426579743623734,0.4394152760505676,permuted_train_and_permuted_inner_val_selection
future_arousal_max_delta_rows_4_10_train_q90,binary,low_ar_confidence_temporal_residual,label_permutation_residual,20260626,12,0.19216050580143929,0.09781696512184113,-8.303823867517046e-06,inner_val_pr_auc_delta_vs_frozen_ar,0.0023391784634441137,0.1342303305864334,0.45839110016822815,permuted_train_and_permuted_inner_val_selection
future_arousal_max_delta_rows_4_10_train_q90,binary,low_ar_confidence_temporal_residual,train_only_video_mean_residual,20260626,1,0.1563809448853135,0.22810092045494545,-0.0001487917705733921,inner_val_pr_auc_delta_vs_frozen_ar,0.0021490424405783415,0.004232761915773153,0.007552654016762972,true_train_and_true_inner_val_selection
future_arousal_max_delta_rows_4_10_train_q90,binary,low_ar_confidence_temporal_residual,train_only_video_mean_residual,20260626,2,0.15622570645064116,0.22810377207953397,-0.00014594014598487415,inner_val_pr_auc_delta_vs_frozen_ar,0.002160201082006097,0.004911499097943306,0.010653700679540634,true_train_and_true_inner_val_selection
future_arousal_max_delta_rows_4_10_train_q90,binary,low_ar_confidence_temporal_residual,train_only_video_mean_residual,20260626,3,0.15630406141281128,0.22819639256016958,-5.3319665349271794e-05,inner_val_pr_auc_delta_vs_frozen_ar,0.0021958458237349987,0.007466679438948631,0.023009035736322403,true_train_and_true_inner_val_selection
future_arousal_max_delta_rows_4_10_train_q90,binary,low_ar_confidence_temporal_residual,train_only_video_mean_residual,20260626,4,0.1561039760708809,0.22828529953189614,3.558730637728824e-05,inner_val_pr_auc_delta_vs_frozen_ar,0.0022334535606205463,0.018255097791552544,0.09216267615556717,true_train_and_true_inner_val_selection
future_arousal_max_delta_rows_4_10_train_q90,binary,low_ar_confidence_temporal_residual,train_only_video_mean_residual,20260626,5,0.15600077155977488,0.22837429372574156,0.00012458150022270909,inner_val_pr_auc_delta_vs_frozen_ar,0.0022788771893829107,0.044292960315942764,0.26893749833106995,true_train_and_true_inner_val_selection
future_arousal_max_delta_rows_4_10_train_q90,binary,low_ar_confidence_temporal_residual,train_only_video_mean_residual,20260626,6,0.15606855042278767,0.22844779260680365,0.00019808038128479866,inner_val_pr_auc_delta_vs_frozen_ar,0.002329055918380618,0.07037942111492157,0.3385242819786072,true_train_and_true_inner_val_selection
future_arousal_max_delta_rows_4_10_train_q90,binary,low_ar_confidence_temporal_residual,train_only_video_mean_residual,20260626,7,0.15605981461703777,0.22863418635548693,0.0003844741299680876,inner_val_pr_auc_delta_vs_frozen_ar,0.002371398499235511,0.08538631349802017,0.36680856347084045,true_train_and_true_inner_val_selection
future_arousal_max_delta_rows_4_10_train_q90,binary,low_ar_confidence_temporal_residual,train_only_video_mean_residual,20260626,8,0.1558606382459402,0.22873148953148706,0.0004817773059682118,inner_val_pr_auc_delta_vs_frozen_ar,0.00240757642313838,0.09251650422811508,0.3828919529914856,true_train_and_true_inner_val_selection
future_arousal_max_delta_rows_4_10_train_q90,binary,low_ar_confidence_temporal_residual,train_only_video_mean_residual,20260626,9,0.15581404976546764,0.22880651822417938,0.0005568059986605367,inner_val_pr_auc_delta_vs_frozen_ar,0.0024469071067869663,0.09870626032352448,0.40151211619377136,true_train_and_true_inner_val_selection
future_arousal_max_delta_rows_4_10_train_q90,binary,low_ar_confidence_temporal_residual,train_only_video_mean_residual,20260626,10,0.15540163405239582,0.22871997633320945,0.00047026410769060445,inner_val_pr_auc_delta_vs_frozen_ar,0.0024869348853826523,0.10232007503509521,0.42113080620765686,true_train_and_true_inner_val_selection
future_arousal_max_delta_rows_4_10_train_q90,binary,low_ar_confidence_temporal_residual,train_only_video_mean_residual,20260626,11,0.15524438675493002,0.22842422512382643,0.00017451289830758276,inner_val_pr_auc_delta_vs_frozen_ar,0.0025248629972338676,0.10414275527000427,0.4391278028488159,true_train_and_true_inner_val_selection
future_arousal_max_delta_rows_4_10_train_q90,binary,low_ar_confidence_temporal_residual,train_only_video_mean_residual,20260626,12,0.15537294652312994,0.22780157343425025,-0.000448138791268593,inner_val_pr_auc_delta_vs_frozen_ar,0.0025580436922609806,0.10451412945985794,0.45453327894210815,true_train_and_true_inner_val_selection
future_arousal_max_delta_rows_4_10_train_q90,binary,low_ar_confidence_temporal_residual,train_only_video_mean_residual,20260626,13,0.15502487774938345,0.22741156968060192,-0.0008381425449169311,inner_val_pr_auc_delta_vs_frozen_ar,0.00258805463090539,0.10360665619373322,0.46754148602485657,true_train_and_true_inner_val_selection
future_arousal_max_delta_rows_4_10_train_q90,binary,low_ar_confidence_temporal_residual,train_only_video_mean_residual,20260626,14,0.15466095879673958,0.2271973644230502,-0.0010523478024686561,inner_val_pr_auc_delta_vs_frozen_ar,0.0026158164255321026,0.1037350744009018,0.47872522473335266,true_train_and_true_inner_val_selection
future_arousal_max_delta_rows_4_10_train_q90,binary,low_ar_confidence_temporal_residual,train_only_video_mean_residual,20260626,15,0.15450307447463274,0.22724725369620696,-0.0010024585293118837,inner_val_pr_auc_delta_vs_frozen_ar,0.002641623839735985,0.10626637190580368,0.4936758875846863,true_train_and_true_inner_val_selection
future_arousal_max_delta_rows_4_10_train_q90,binary,low_ar_confidence_temporal_residual,train_only_video_mean_residual,20260626,16,0.15439975447952747,0.22696880686488208,-0.0012809053606367693,inner_val_pr_auc_delta_vs_frozen_ar,0.0026676910929381847,0.10871690511703491,0.5084232687950134,true_train_and_true_inner_val_selection
future_arousal_max_delta_rows_4_10_train_q90,binary,low_ar_confidence_temporal_residual,train_only_video_mean_residual,20260626,17,0.15443097334355116,0.22709097161351766,-0.0011587406120011912,inner_val_pr_auc_delta_vs_frozen_ar,0.002692512236535549,0.112180195748806,0.5211924314498901,true_train_and_true_inner_val_selection
future_arousal_max_delta_rows_4_10_train_q90,binary,low_ar_confidence_temporal_residual,diagnostics_only_residual,20260626,1,0.15616774279624224,0.2281756765375063,-7.40356880125359e-05,inner_val_pr_auc_delta_vs_frozen_ar,0.0021528913639485836,0.0048078568652272224,0.010359048843383789,true_train_and_true_inner_val_selection
future_arousal_max_delta_rows_4_10_train_q90,binary,low_ar_confidence_temporal_residual,diagnostics_only_residual,20260626,2,0.1562024224549532,0.22818705931482372,-6.26529106951268e-05,inner_val_pr_auc_delta_vs_frozen_ar,0.002169677522033453,0.005537877790629864,0.012868177145719528,true_train_and_true_inner_val_selection
future_arousal_max_delta_rows_4_10_train_q90,binary,low_ar_confidence_temporal_residual,diagnostics_only_residual,20260626,3,0.15622118674218655,0.22819587878580938,-5.383343970946641e-05,inner_val_pr_auc_delta_vs_frozen_ar,0.002201240509748459,0.007111601065844297,0.019366484135389328,true_train_and_true_inner_val_selection
future_arousal_max_delta_rows_4_10_train_q90,binary,low_ar_confidence_temporal_residual,diagnostics_only_residual,20260626,4,0.1561287958174944,0.2282060251618616,-4.3687063657260605e-05,inner_val_pr_auc_delta_vs_frozen_ar,0.0022401215974241495,0.010446074418723583,0.034804005175828934,true_train_and_true_inner_val_selection
future_arousal_max_delta_rows_4_10_train_q90,binary,low_ar_confidence_temporal_residual,diagnostics_only_residual,20260626,5,0.15618067421019077,0.22819537825171948,-5.433397379936422e-05,inner_val_pr_auc_delta_vs_frozen_ar,0.0022812036331743,0.01929418556392193,0.09231501072645187,true_train_and_true_inner_val_selection
future_arousal_max_delta_rows_4_10_train_q90,binary,low_ar_confidence_temporal_residual,diagnostics_only_residual,20260626,6,0.15632345341145992,0.22820111865761308,-4.8593567905763635e-05,inner_val_pr_auc_delta_vs_frozen_ar,0.002325469860807061,0.03504212945699692,0.2236689031124115,true_train_and_true_inner_val_selection
future_arousal_max_delta_rows_4_10_train_q90,binary,low_ar_confidence_temporal_residual,diagnostics_only_residual,20260626,7,0.15623808186501265,0.22823398043914647,-1.5731786372374934e-05,inner_val_pr_auc_delta_vs_frozen_ar,0.002366092288866639,0.0551668182015419,0.33076345920562744,true_train_and_true_inner_val_selection
future_arousal_max_delta_rows_4_10_train_q90,binary,low_ar_confidence_temporal_residual,diagnostics_only_residual,20260626,8,0.1560576818883419,0.22828322221336703,3.350998784817927e-05,inner_val_pr_auc_delta_vs_frozen_ar,0.002383182058110833,0.0722040981054306,0.3568294644355774,true_train_and_true_inner_val_selection
future_arousal_max_delta_rows_4_10_train_q90,binary,low_ar_confidence_temporal_residual,diagnostics_only_residual,20260626,9,0.1561786513775587,0.22830433191787505,5.4619692356205896e-05,inner_val_pr_auc_delta_vs_frozen_ar,0.002391414251178503,0.08369241654872894,0.3618833124637604,true_train_and_true_inner_val_selection
future_arousal_max_delta_rows_4_10_train_q90,binary,low_ar_confidence_temporal_residual,diagnostics_only_residual,20260626,10,0.15619765408337116,0.22828273956565692,3.30273401380754e-05,inner_val_pr_auc_delta_vs_frozen_ar,0.002402242738753557,0.09154298156499863,0.3646707534790039,true_train_and_true_inner_val_selection
future_arousal_max_delta_rows_4_10_train_q90,binary,low_ar_confidence_temporal_residual,diagnostics_only_residual,20260626,11,0.1563551053404808,0.22827323602089528,2.3523795376428902e-05,inner_val_pr_auc_delta_vs_frozen_ar,0.002412449335679412,0.09623706340789795,0.3661997318267822,true_train_and_true_inner_val_selection
future_arousal_max_delta_rows_4_10_train_q90,binary,low_ar_confidence_temporal_residual,diagnostics_only_residual,20260626,12,0.15585721284151077,0.22826513700958717,1.542478406832415e-05,inner_val_pr_auc_delta_vs_frozen_ar,0.002426282735541463,0.0985679104924202,0.37013745307922363,true_train_and_true_inner_val_selection
future_arousal_max_delta_rows_4_10_train_q90,binary,low_ar_confidence_temporal_residual,diagnostics_only_residual,20260626,13,0.15613706782460213,0.22824379065990896,-5.921565609884327e-06,inner_val_pr_auc_delta_vs_frozen_ar,0.0024389061145484447,0.09962435811758041,0.37246155738830566,true_train_and_true_inner_val_selection
future_arousal_max_delta_rows_4_10_train_q90,binary,low_ar_confidence_temporal_residual,diagnostics_only_residual,20260626,14,0.1560465767979622,0.2282295885446849,-2.012368083395555e-05,inner_val_pr_auc_delta_vs_frozen_ar,0.002455164911225438,0.10114987194538116,0.378097265958786,true_train_and_true_inner_val_selection
future_arousal_max_delta_rows_4_10_train_q90,binary,low_ar_confidence_temporal_residual,diagnostics_only_residual,20260626,15,0.15610744059085846,0.22823402235440424,-1.5689871114610288e-05,inner_val_pr_auc_delta_vs_frozen_ar,0.002471606945618987,0.1010836809873581,0.38279321789741516,true_train_and_true_inner_val_selection
future_arousal_max_delta_rows_4_10_train_q90,binary,low_ar_confidence_temporal_residual,diagnostics_only_residual,20260626,16,0.15619756188243628,0.22823557889592092,-1.4133329597931787e-05,inner_val_pr_auc_delta_vs_frozen_ar,0.002489241072908044,0.10088106244802475,0.388281911611557,true_train_and_true_inner_val_selection
future_arousal_max_delta_rows_4_10_train_q90,binary,low_ar_confidence_temporal_residual,diagnostics_only_residual,20260626,17,0.15605108253657818,0.22822791009564308,-2.1802129875764242e-05,inner_val_pr_auc_delta_vs_frozen_ar,0.00250996183604002,0.10083213448524475,0.3951047956943512,true_train_and_true_inner_val_selection
future_arousal_max_delta_rows_4_10_train_q90,binary,low_ar_confidence_temporal_residual,real_residual,20260627,1,0.15600703470408916,0.2281451816831448,-1.13328002637747e-06,inner_val_pr_auc_delta_vs_frozen_ar,0.0021397883538156748,0.0033862688578665257,0.008962687104940414,true_train_and_true_inner_val_selection
future_arousal_max_delta_rows_4_10_train_q90,binary,low_ar_confidence_temporal_residual,real_residual,20260627,2,0.1558257406577468,0.22815090004966415,4.585086492980839e-06,inner_val_pr_auc_delta_vs_frozen_ar,0.0021177779417485,0.0034112120047211647,0.009003828279674053,true_train_and_true_inner_val_selection
future_arousal_max_delta_rows_4_10_train_q90,binary,low_ar_confidence_temporal_residual,real_residual,20260627,3,0.15613018441945314,0.2281637270736074,1.7412110436237915e-05,inner_val_pr_auc_delta_vs_frozen_ar,0.0021042281296104193,0.0035263486206531525,0.009310789406299591,true_train_and_true_inner_val_selection
future_arousal_max_delta_rows_4_10_train_q90,binary,low_ar_confidence_temporal_residual,real_residual,20260627,4,0.1558499690145254,0.22817536851292775,2.9053549756574704e-05,inner_val_pr_auc_delta_vs_frozen_ar,0.002103546867147088,0.003717616433277726,0.009879588149487972,true_train_and_true_inner_val_selection
future_arousal_max_delta_rows_4_10_train_q90,binary,low_ar_confidence_temporal_residual,real_residual,20260627,5,0.1559023903682828,0.2281765769004229,3.0261937251724325e-05,inner_val_pr_auc_delta_vs_frozen_ar,0.0021144424099475145,0.004215319640934467,0.011782906018197536,true_train_and_true_inner_val_selection
future_arousal_max_delta_rows_4_10_train_q90,binary,low_ar_confidence_temporal_residual,real_residual,20260627,6,0.15598731022328138,0.22818040392663919,3.4088963468015265e-05,inner_val_pr_auc_delta_vs_frozen_ar,0.0021379408426582813,0.005789144430309534,0.01883944682776928,true_train_and_true_inner_val_selection
future_arousal_max_delta_rows_4_10_train_q90,binary,low_ar_confidence_temporal_residual,real_residual,20260627,7,0.15600017085671425,0.2281915028773196,4.518791414842571e-05,inner_val_pr_auc_delta_vs_frozen_ar,0.0021740689408034086,0.011467383243143559,0.054823629558086395,true_train_and_true_inner_val_selection
future_arousal_max_delta_rows_4_10_train_q90,binary,low_ar_confidence_temporal_residual,real_residual,20260627,8,0.15568908117711544,0.2282147517156985,6.843675252732329e-05,inner_val_pr_auc_delta_vs_frozen_ar,0.002220738213509321,0.02649342082440853,0.16709820926189423,true_train_and_true_inner_val_selection
future_arousal_max_delta_rows_4_10_train_q90,binary,low_ar_confidence_temporal_residual,real_residual,20260627,9,0.15608240384608507,0.22842897063084852,0.0002826556676773506,inner_val_pr_auc_delta_vs_frozen_ar,0.002269346034154296,0.04177088290452957,0.22956274449825287,true_train_and_true_inner_val_selection
future_arousal_max_delta_rows_4_10_train_q90,binary,low_ar_confidence_temporal_residual,real_residual,20260627,10,0.15572969429194927,0.22878069118466607,0.0006343762214948978,inner_val_pr_auc_delta_vs_frozen_ar,0.0023146700114011765,0.05183006823062897,0.26299232244491577,true_train_and_true_inner_val_selection
future_arousal_max_delta_rows_4_10_train_q90,binary,low_ar_confidence_temporal_residual,real_residual,20260627,11,0.1555912783369422,0.22945867850479854,0.001312363541627365,inner_val_pr_auc_delta_vs_frozen_ar,0.002351149683818221,0.05372600257396698,0.2790769040584564,true_train_and_true_inner_val_selection
future_arousal_max_delta_rows_4_10_train_q90,binary,low_ar_confidence_temporal_residual,real_residual,20260627,12,0.1555402958765626,0.230761833019757,0.0026155180565858305,inner_val_pr_auc_delta_vs_frozen_ar,0.002391836838796735,0.05107766017317772,0.2869369387626648,true_train_and_true_inner_val_selection
future_arousal_max_delta_rows_4_10_train_q90,binary,low_ar_confidence_temporal_residual,real_residual,20260627,13,0.15530288591980934,0.23254948280623045,0.004403167843059275,inner_val_pr_auc_delta_vs_frozen_ar,0.002434867201372981,0.04709475114941597,0.2915944755077362,true_train_and_true_inner_val_selection
future_arousal_max_delta_rows_4_10_train_q90,binary,low_ar_confidence_temporal_residual,real_residual,20260627,14,0.15462838485836983,0.23493795081642188,0.00679163585325071,inner_val_pr_auc_delta_vs_frozen_ar,0.002478707814589143,0.04496827721595764,0.2967277765274048,true_train_and_true_inner_val_selection
future_arousal_max_delta_rows_4_10_train_q90,binary,low_ar_confidence_temporal_residual,real_residual,20260627,15,0.15429167449474335,0.23823035681707136,0.010084041853900189,inner_val_pr_auc_delta_vs_frozen_ar,0.0025227698497474194,0.04361356794834137,0.2977355122566223,true_train_and_true_inner_val_selection
future_arousal_max_delta_rows_4_10_train_q90,binary,low_ar_confidence_temporal_residual,real_residual,20260627,16,0.15366719383746386,0.24170718769213403,0.013560872728962864,inner_val_pr_auc_delta_vs_frozen_ar,0.0025652125477790833,0.0446002259850502,0.30999547243118286,true_train_and_true_inner_val_selection
future_arousal_max_delta_rows_4_10_train_q90,binary,low_ar_confidence_temporal_residual,real_residual,20260627,17,0.15331312455236912,0.24482884439880898,0.016682529435637805,inner_val_pr_auc_delta_vs_frozen_ar,0.002604761393740773,0.04412224888801575,0.3130808174610138,true_train_and_true_inner_val_selection
future_arousal_max_delta_rows_4_10_train_q90,binary,low_ar_confidence_temporal_residual,real_residual,20260627,18,0.15289154462516308,0.24685498953353402,0.01870867457036285,inner_val_pr_auc_delta_vs_frozen_ar,0.002636705059558153,0.04367202892899513,0.3127973675727844,true_train_and_true_inner_val_selection
future_arousal_max_delta_rows_4_10_train_q90,binary,low_ar_confidence_temporal_residual,real_residual,20260627,19,0.15269320085644722,0.24769925689593936,0.019552941932768186,inner_val_pr_auc_delta_vs_frozen_ar,0.0026602912694215775,0.044803544878959656,0.32178428769111633,true_train_and_true_inner_val_selection
future_arousal_max_delta_rows_4_10_train_q90,binary,low_ar_confidence_temporal_residual,real_residual,20260627,20,0.15222361870110035,0.24795640015988313,0.019810085196711957,inner_val_pr_auc_delta_vs_frozen_ar,0.002678909106180072,0.04591451585292816,0.3272426426410675,true_train_and_true_inner_val_selection
future_arousal_max_delta_rows_4_10_train_q90,binary,low_ar_confidence_temporal_residual,real_residual,20260627,21,0.15212703868746758,0.2479193345727423,0.01977301960957112,inner_val_pr_auc_delta_vs_frozen_ar,0.002692138310521841,0.04696621000766754,0.33344870805740356,true_train_and_true_inner_val_selection
future_arousal_max_delta_rows_4_10_train_q90,binary,low_ar_confidence_temporal_residual,real_residual,20260627,22,0.15192635916173458,0.24756070513676434,0.01941439017359317,inner_val_pr_auc_delta_vs_frozen_ar,0.002704555867239833,0.048548731952905655,0.34644630551338196,true_train_and_true_inner_val_selection
future_arousal_max_delta_rows_4_10_train_q90,binary,low_ar_confidence_temporal_residual,real_residual,20260627,23,0.15208652056753635,0.24741487371298274,0.019268558749811565,inner_val_pr_auc_delta_vs_frozen_ar,0.002715565962716937,0.05039826035499573,0.35845404863357544,true_train_and_true_inner_val_selection
future_arousal_max_delta_rows_4_10_train_q90,binary,low_ar_confidence_temporal_residual,real_residual,20260627,24,0.15185274556279182,0.2472246948451617,0.019078379881990543,inner_val_pr_auc_delta_vs_frozen_ar,0.0027246931567788124,0.05127246305346489,0.363941490650177,true_train_and_true_inner_val_selection
future_arousal_max_delta_rows_4_10_train_q90,binary,low_ar_confidence_temporal_residual,real_residual,20260627,25,0.15166117437183857,0.24688685239820055,0.018740537435029375,inner_val_pr_auc_delta_vs_frozen_ar,0.0027320729568600655,0.052913516759872437,0.37290260195732117,true_train_and_true_inner_val_selection
future_arousal_max_delta_rows_4_10_train_q90,binary,low_ar_confidence_temporal_residual,real_residual,20260627,26,0.15154097508639097,0.24653470302231897,0.018388388059147803,inner_val_pr_auc_delta_vs_frozen_ar,0.0027418325189501047,0.05408548191189766,0.3802277147769928,true_train_and_true_inner_val_selection
future_arousal_max_delta_rows_4_10_train_q90,binary,low_ar_confidence_temporal_residual,real_residual,20260627,27,0.1515075694769621,0.24628042491297097,0.018134109949799804,inner_val_pr_auc_delta_vs_frozen_ar,0.0027497054543346167,0.05465206131339073,0.38232502341270447,true_train_and_true_inner_val_selection
future_arousal_max_delta_rows_4_10_train_q90,binary,low_ar_confidence_temporal_residual,real_residual,20260627,28,0.15127305500209332,0.24592538331124963,0.017779068348078464,inner_val_pr_auc_delta_vs_frozen_ar,0.002759101102128625,0.05600579455494881,0.3919944167137146,true_train_and_true_inner_val_selection
future_arousal_max_delta_rows_4_10_train_q90,binary,low_ar_confidence_temporal_residual,shuffled_pca_residual,20260627,1,0.1559669440612197,0.22814480801451506,-1.5069486561103407e-06,inner_val_pr_auc_delta_vs_frozen_ar,0.00213975110091269,0.003226100467145443,0.008353573270142078,true_train_and_true_inner_val_selection
future_arousal_max_delta_rows_4_10_train_q90,binary,low_ar_confidence_temporal_residual,shuffled_pca_residual,20260627,2,0.1558561623096466,0.22814984192177537,3.5269586041997147e-06,inner_val_pr_auc_delta_vs_frozen_ar,0.0021168210078030825,0.0032189839985221624,0.008345927111804485,true_train_and_true_inner_val_selection
future_arousal_max_delta_rows_4_10_train_q90,binary,low_ar_confidence_temporal_residual,shuffled_pca_residual,20260627,3,0.15599264577031136,0.228153561948926,7.246985754827406e-06,inner_val_pr_auc_delta_vs_frozen_ar,0.0021000979468226433,0.003309132531285286,0.00859152153134346,true_train_and_true_inner_val_selection
future_arousal_max_delta_rows_4_10_train_q90,binary,low_ar_confidence_temporal_residual,shuffled_pca_residual,20260627,4,0.15582238044589758,0.22816641938442847,2.010442125729983e-05,inner_val_pr_auc_delta_vs_frozen_ar,0.0020923116244375706,0.003471800358965993,0.0091171246021986,true_train_and_true_inner_val_selection
future_arousal_max_delta_rows_4_10_train_q90,binary,low_ar_confidence_temporal_residual,shuffled_pca_residual,20260627,5,0.1559823490679264,0.2281667749991615,2.0460035990321757e-05,inner_val_pr_auc_delta_vs_frozen_ar,0.002095279283821583,0.003916047979146242,0.01084242295473814,true_train_and_true_inner_val_selection
future_arousal_max_delta_rows_4_10_train_q90,binary,low_ar_confidence_temporal_residual,shuffled_pca_residual,20260627,6,0.15581517480313778,0.228183823288218,3.7508325046842206e-05,inner_val_pr_auc_delta_vs_frozen_ar,0.002113394672051072,0.005063221789896488,0.01601451076567173,true_train_and_true_inner_val_selection
future_arousal_max_delta_rows_4_10_train_q90,binary,low_ar_confidence_temporal_residual,shuffled_pca_residual,20260627,7,0.15598938707262278,0.22820683144709833,6.0516483927158804e-05,inner_val_pr_auc_delta_vs_frozen_ar,0.002143183024600148,0.008928865194320679,0.037124473601579666,true_train_and_true_inner_val_selection
future_arousal_max_delta_rows_4_10_train_q90,binary,low_ar_confidence_temporal_residual,shuffled_pca_residual,20260627,8,0.1561459582298994,0.22820081000076453,5.449503759336061e-05,inner_val_pr_auc_delta_vs_frozen_ar,0.0021855381783097982,0.021298453211784363,0.12454650551080704,true_train_and_true_inner_val_selection
future_arousal_max_delta_rows_4_10_train_q90,binary,low_ar_confidence_temporal_residual,shuffled_pca_residual,20260627,9,0.15578408259898424,0.2282422612589216,9.594629575043756e-05,inner_val_pr_auc_delta_vs_frozen_ar,0.0022333518136292696,0.03971150517463684,0.21212780475616455,true_train_and_true_inner_val_selection
future_arousal_max_delta_rows_4_10_train_q90,binary,low_ar_confidence_temporal_residual,shuffled_pca_residual,20260627,10,0.15597259253263474,0.22827840337023098,0.00013208840705980496,inner_val_pr_auc_delta_vs_frozen_ar,0.00228006555698812,0.05551426485180855,0.2571024000644684,true_train_and_true_inner_val_selection
future_arousal_max_delta_rows_4_10_train_q90,binary,low_ar_confidence_temporal_residual,shuffled_pca_residual,20260627,11,0.15597873087972403,0.22825286413738427,0.00010654917421309973,inner_val_pr_auc_delta_vs_frozen_ar,0.002312568947672844,0.06523864716291428,0.27993398904800415,true_train_and_true_inner_val_selection
future_arousal_max_delta_rows_4_10_train_q90,binary,low_ar_confidence_temporal_residual,shuffled_pca_residual,20260627,12,0.156031078658998,0.2281727603474931,2.644538432192145e-05,inner_val_pr_auc_delta_vs_frozen_ar,0.0023357835598289967,0.06979303061962128,0.2926710546016693,true_train_and_true_inner_val_selection
future_arousal_max_delta_rows_4_10_train_q90,binary,low_ar_confidence_temporal_residual,shuffled_pca_residual,20260627,13,0.1555761219933629,0.2282188182590439,7.250329587271676e-05,inner_val_pr_auc_delta_vs_frozen_ar,0.002364799613133073,0.07337900996208191,0.3073404133319855,true_train_and_true_inner_val_selection
future_arousal_max_delta_rows_4_10_train_q90,binary,low_ar_confidence_temporal_residual,shuffled_pca_residual,20260627,14,0.15561913885176182,0.22813541863548592,-1.0896327685250284e-05,inner_val_pr_auc_delta_vs_frozen_ar,0.002396403346210718,0.07562290132045746,0.32156798243522644,true_train_and_true_inner_val_selection
future_arousal_max_delta_rows_4_10_train_q90,binary,low_ar_confidence_temporal_residual,shuffled_pca_residual,20260627,15,0.15543062705546618,0.22812136465703958,-2.4950306131588107e-05,inner_val_pr_auc_delta_vs_frozen_ar,0.0024311256129294634,0.0780625268816948,0.3364412188529968,true_train_and_true_inner_val_selection
future_arousal_max_delta_rows_4_10_train_q90,binary,low_ar_confidence_temporal_residual,shuffled_pca_residual,20260627,16,0.15537925995886326,0.2280407244642958,-0.0001055904988753742,inner_val_pr_auc_delta_vs_frozen_ar,0.002465824829414487,0.08015740662813187,0.35158950090408325,true_train_and_true_inner_val_selection
future_arousal_max_delta_rows_4_10_train_q90,binary,low_ar_confidence_temporal_residual,shuffled_pca_residual,20260627,17,0.15541780274361372,0.22762334418962507,-0.0005229707735460998,inner_val_pr_auc_delta_vs_frozen_ar,0.002501236042007804,0.08264201134443283,0.36769264936447144,true_train_and_true_inner_val_selection
future_arousal_max_delta_rows_4_10_train_q90,binary,low_ar_confidence_temporal_residual,shuffled_pca_residual,20260627,18,0.15511799789965153,0.2270516657064752,-0.0010946492566959731,inner_val_pr_auc_delta_vs_frozen_ar,0.002536130603402853,0.08599734306335449,0.3839643597602844,true_train_and_true_inner_val_selection
future_arousal_max_delta_rows_4_10_train_q90,binary,low_ar_confidence_temporal_residual,random_pca_residual,20260627,1,0.15600335225462914,0.22813684469642972,-9.47026674144591e-06,inner_val_pr_auc_delta_vs_frozen_ar,0.0021397171076387167,0.0032120223622769117,0.00834229402244091,true_train_and_true_inner_val_selection
future_arousal_max_delta_rows_4_10_train_q90,binary,low_ar_confidence_temporal_residual,random_pca_residual,20260627,2,0.15604066848754883,0.22813717743266831,-9.137530502856261e-06,inner_val_pr_auc_delta_vs_frozen_ar,0.002117257099598646,0.003233179450035095,0.008452375419437885,true_train_and_true_inner_val_selection
future_arousal_max_delta_rows_4_10_train_q90,binary,low_ar_confidence_temporal_residual,random_pca_residual,20260627,3,0.15580689907073975,0.2281468098245198,4.948613486210895e-07,inner_val_pr_auc_delta_vs_frozen_ar,0.002100895857438445,0.0033205589279532433,0.008743052370846272,true_train_and_true_inner_val_selection
future_arousal_max_delta_rows_4_10_train_q90,binary,low_ar_confidence_temporal_residual,random_pca_residual,20260627,4,0.156009160913527,0.2281532616606647,6.946697493542819e-06,inner_val_pr_auc_delta_vs_frozen_ar,0.002097061602398753,0.003543212777003646,0.009540989995002747,true_train_and_true_inner_val_selection
future_arousal_max_delta_rows_4_10_train_q90,binary,low_ar_confidence_temporal_residual,random_pca_residual,20260627,5,0.1559388367459178,0.22815825386652516,1.1938903353991837e-05,inner_val_pr_auc_delta_vs_frozen_ar,0.002108277752995491,0.004238930530846119,0.012489930726587772,true_train_and_true_inner_val_selection
future_arousal_max_delta_rows_4_10_train_q90,binary,low_ar_confidence_temporal_residual,random_pca_residual,20260627,6,0.15581760741770267,0.22817041694571905,2.410198254787499e-05,inner_val_pr_auc_delta_vs_frozen_ar,0.002132213208824396,0.006345088593661785,0.02265627309679985,true_train_and_true_inner_val_selection
future_arousal_max_delta_rows_4_10_train_q90,binary,low_ar_confidence_temporal_residual,random_pca_residual,20260627,7,0.15574896428734064,0.2281819465930435,3.563162987232915e-05,inner_val_pr_auc_delta_vs_frozen_ar,0.002162748947739601,0.013701028190553188,0.06961819529533386,true_train_and_true_inner_val_selection
future_arousal_max_delta_rows_4_10_train_q90,binary,low_ar_confidence_temporal_residual,random_pca_residual,20260627,8,0.15598616655915976,0.22819868221086897,5.236724769780432e-05,inner_val_pr_auc_delta_vs_frozen_ar,0.002207811689004302,0.029876714572310448,0.17325733602046967,true_train_and_true_inner_val_selection
future_arousal_max_delta_rows_4_10_train_q90,binary,low_ar_confidence_temporal_residual,random_pca_residual,20260627,9,0.1559335310012102,0.228279080739364,0.00013276577619283914,inner_val_pr_auc_delta_vs_frozen_ar,0.0022561214864253998,0.047450363636016846,0.23387202620506287,true_train_and_true_inner_val_selection
future_arousal_max_delta_rows_4_10_train_q90,binary,low_ar_confidence_temporal_residual,random_pca_residual,20260627,10,0.1555456407368183,0.22833715751529432,0.00019084255212314938,inner_val_pr_auc_delta_vs_frozen_ar,0.0022971529979258776,0.060155075043439865,0.2663869857788086,true_train_and_true_inner_val_selection
future_arousal_max_delta_rows_4_10_train_q90,binary,low_ar_confidence_temporal_residual,random_pca_residual,20260627,11,0.15568132605403662,0.22831685077448116,0.00017053581130999085,inner_val_pr_auc_delta_vs_frozen_ar,0.0023214840330183506,0.06683368235826492,0.28238752484321594,true_train_and_true_inner_val_selection
future_arousal_max_delta_rows_4_10_train_q90,binary,low_ar_confidence_temporal_residual,random_pca_residual,20260627,12,0.1557619497179985,0.228371129646356,0.0002248146831848319,inner_val_pr_auc_delta_vs_frozen_ar,0.0023480907548218966,0.07021128386259079,0.29531532526016235,true_train_and_true_inner_val_selection
future_arousal_max_delta_rows_4_10_train_q90,binary,low_ar_confidence_temporal_residual,random_pca_residual,20260627,13,0.1557173253968358,0.22844426779604413,0.00029795283287295526,inner_val_pr_auc_delta_vs_frozen_ar,0.002378345001488924,0.07225387543439865,0.30841678380966187,true_train_and_true_inner_val_selection
future_arousal_max_delta_rows_4_10_train_q90,binary,low_ar_confidence_temporal_residual,random_pca_residual,20260627,14,0.1556665925309062,0.22859370751529512,0.00044739255212394857,inner_val_pr_auc_delta_vs_frozen_ar,0.0024139087181538343,0.07481911778450012,0.3241790235042572,true_train_and_true_inner_val_selection
future_arousal_max_delta_rows_4_10_train_q90,binary,low_ar_confidence_temporal_residual,random_pca_residual,20260627,15,0.15544990543276072,0.22862212035586577,0.0004758053926945949,inner_val_pr_auc_delta_vs_frozen_ar,0.0024503525346517563,0.07688424736261368,0.3387325704097748,true_train_and_true_inner_val_selection
future_arousal_max_delta_rows_4_10_train_q90,binary,low_ar_confidence_temporal_residual,random_pca_residual,20260627,16,0.15536827594041824,0.22845213196313433,0.00030581699996315437,inner_val_pr_auc_delta_vs_frozen_ar,0.0024869595654308796,0.07909435033798218,0.3540981411933899,true_train_and_true_inner_val_selection
future_arousal_max_delta_rows_4_10_train_q90,binary,low_ar_confidence_temporal_residual,random_pca_residual,20260627,17,0.15501720737665892,0.2282395025904434,9.318762727222873e-05,inner_val_pr_auc_delta_vs_frozen_ar,0.002521710703149438,0.08217032998800278,0.37003642320632935,true_train_and_true_inner_val_selection
future_arousal_max_delta_rows_4_10_train_q90,binary,low_ar_confidence_temporal_residual,random_pca_residual,20260627,18,0.15503089129924774,0.22786490946478577,-0.00028140549838540085,inner_val_pr_auc_delta_vs_frozen_ar,0.0025525582022964954,0.08381067216396332,0.38381266593933105,true_train_and_true_inner_val_selection
future_arousal_max_delta_rows_4_10_train_q90,binary,low_ar_confidence_temporal_residual,random_pca_residual,20260627,19,0.15518303029239178,0.2276930253917396,-0.00045328957143156434,inner_val_pr_auc_delta_vs_frozen_ar,0.0025784955359995365,0.08482722193002701,0.3945690393447876,true_train_and_true_inner_val_selection
future_arousal_max_delta_rows_4_10_train_q90,binary,low_ar_confidence_temporal_residual,random_pca_residual,20260627,20,0.15476631186902523,0.22754276304946713,-0.0006035519137040368,inner_val_pr_auc_delta_vs_frozen_ar,0.0026031348388642073,0.08756282180547714,0.4070477783679962,true_train_and_true_inner_val_selection
future_arousal_max_delta_rows_4_10_train_q90,binary,low_ar_confidence_temporal_residual,random_pca_residual,20260627,21,0.15482070576399565,0.22746739081380418,-0.0006789241493669884,inner_val_pr_auc_delta_vs_frozen_ar,0.0026247191708534956,0.08890192210674286,0.41644057631492615,true_train_and_true_inner_val_selection
future_arousal_max_delta_rows_4_10_train_q90,binary,low_ar_confidence_temporal_residual,random_pca_residual,20260627,22,0.15469456743448973,0.2274938767773111,-0.0006524381858600825,inner_val_pr_auc_delta_vs_frozen_ar,0.002643267624080181,0.09164101630449295,0.426565945148468,true_train_and_true_inner_val_selection
future_arousal_max_delta_rows_4_10_train_q90,binary,low_ar_confidence_temporal_residual,random_pca_residual,20260627,23,0.1544172903522849,0.22750585746837912,-0.0006404574947920516,inner_val_pr_auc_delta_vs_frozen_ar,0.002663525054231286,0.09334889054298401,0.4360750913619995,true_train_and_true_inner_val_selection
future_arousal_max_delta_rows_4_10_train_q90,binary,low_ar_confidence_temporal_residual,label_permutation_residual,20260627,1,0.19299576245248318,0.10339654366925617,-5.125184191642762e-06,inner_val_pr_auc_delta_vs_frozen_ar,0.0021397240925580263,0.003388288663700223,0.00895181018859148,permuted_train_and_permuted_inner_val_selection
future_arousal_max_delta_rows_4_10_train_q90,binary,low_ar_confidence_temporal_residual,label_permutation_residual,20260627,2,0.193059541285038,0.10339550661956251,-6.162233885304014e-06,inner_val_pr_auc_delta_vs_frozen_ar,0.0021164878271520138,0.0033672458957880735,0.008891443721950054,permuted_train_and_permuted_inner_val_selection
future_arousal_max_delta_rows_4_10_train_q90,binary,low_ar_confidence_temporal_residual,label_permutation_residual,20260627,3,0.1928616240620613,0.10339156332190136,-1.0105531546455992e-05,inner_val_pr_auc_delta_vs_frozen_ar,0.00209630629979074,0.0033677732571959496,0.00897613912820816,permuted_train_and_permuted_inner_val_selection
future_arousal_max_delta_rows_4_10_train_q90,binary,low_ar_confidence_temporal_residual,label_permutation_residual,20260627,4,0.1929633440449834,0.1033951993852408,-6.4694682070098875e-06,inner_val_pr_auc_delta_vs_frozen_ar,0.0020790603011846542,0.0034045588690787554,0.009137761779129505,permuted_train_and_permuted_inner_val_selection
future_arousal_max_delta_rows_4_10_train_q90,binary,low_ar_confidence_temporal_residual,label_permutation_residual,20260627,5,0.19314803276211023,0.10339634236955755,-5.3264838902611356e-06,inner_val_pr_auc_delta_vs_frozen_ar,0.0020644832402467728,0.0035481504164636135,0.009801555424928665,permuted_train_and_permuted_inner_val_selection
future_arousal_max_delta_rows_4_10_train_q90,binary,low_ar_confidence_temporal_residual,label_permutation_residual,20260627,6,0.1930054910480976,0.10339651506573498,-5.153787712833258e-06,inner_val_pr_auc_delta_vs_frozen_ar,0.0020530486945062876,0.00391967361792922,0.011414817534387112,permuted_train_and_permuted_inner_val_selection
future_arousal_max_delta_rows_4_10_train_q90,binary,low_ar_confidence_temporal_residual,label_permutation_residual,20260627,7,0.1930876551195979,0.10339866025888524,-3.008594562578515e-06,inner_val_pr_auc_delta_vs_frozen_ar,0.0020462030079215765,0.0047234282828867435,0.014998487196862698,permuted_train_and_permuted_inner_val_selection
future_arousal_max_delta_rows_4_10_train_q90,binary,low_ar_confidence_temporal_residual,label_permutation_residual,20260627,8,0.19287528563290834,0.10340540378438148,3.734930933668723e-06,inner_val_pr_auc_delta_vs_frozen_ar,0.002049082424491644,0.0070591336116194725,0.02582004852592945,permuted_train_and_permuted_inner_val_selection
future_arousal_max_delta_rows_4_10_train_q90,binary,low_ar_confidence_temporal_residual,label_permutation_residual,20260627,9,0.19289876334369183,0.1034075360338082,5.867180360386026e-06,inner_val_pr_auc_delta_vs_frozen_ar,0.002073106588795781,0.01334199495613575,0.0675685778260231,permuted_train_and_permuted_inner_val_selection
future_arousal_max_delta_rows_4_10_train_q90,binary,low_ar_confidence_temporal_residual,label_permutation_residual,20260627,10,0.19295251369476318,0.10341053517685468,8.866323406866994e-06,inner_val_pr_auc_delta_vs_frozen_ar,0.002115189563483,0.02538745291531086,0.15491075813770294,permuted_train_and_permuted_inner_val_selection
future_arousal_max_delta_rows_4_10_train_q90,binary,low_ar_confidence_temporal_residual,label_permutation_residual,20260627,11,0.1933717569336295,0.10341852279254352,1.685393909570121e-05,inner_val_pr_auc_delta_vs_frozen_ar,0.0021626220550388098,0.0409415140748024,0.21263448894023895,permuted_train_and_permuted_inner_val_selection
future_arousal_max_delta_rows_4_10_train_q90,binary,low_ar_confidence_temporal_residual,label_permutation_residual,20260627,12,0.19295890908688307,0.10343810983435672,3.644098090890835e-05,inner_val_pr_auc_delta_vs_frozen_ar,0.0022110831923782825,0.05624203756451607,0.24950604140758514,permuted_train_and_permuted_inner_val_selection
future_arousal_max_delta_rows_4_10_train_q90,binary,low_ar_confidence_temporal_residual,label_permutation_residual,20260627,13,0.19300680048763752,0.10346199297241744,6.0324118969626306e-05,inner_val_pr_auc_delta_vs_frozen_ar,0.0022585252299904823,0.06888853013515472,0.28039294481277466,permuted_train_and_permuted_inner_val_selection
future_arousal_max_delta_rows_4_10_train_q90,binary,low_ar_confidence_temporal_residual,label_permutation_residual,20260627,14,0.1929402481764555,0.10354764844256564,0.00014597958911782838,inner_val_pr_auc_delta_vs_frozen_ar,0.002305238042026758,0.07703335583209991,0.30031636357307434,permuted_train_and_permuted_inner_val_selection
future_arousal_max_delta_rows_4_10_train_q90,binary,low_ar_confidence_temporal_residual,label_permutation_residual,20260627,15,0.1923718610778451,0.10364426605007844,0.00024259719663062562,inner_val_pr_auc_delta_vs_frozen_ar,0.0023486274294555187,0.0788905993103981,0.30332574248313904,permuted_train_and_permuted_inner_val_selection
future_arousal_max_delta_rows_4_10_train_q90,binary,low_ar_confidence_temporal_residual,label_permutation_residual,20260627,16,0.19223027396947145,0.10373913646385297,0.00033746761040515105,inner_val_pr_auc_delta_vs_frozen_ar,0.0023906088899821043,0.0778278037905693,0.29983535408973694,permuted_train_and_permuted_inner_val_selection
future_arousal_max_delta_rows_4_10_train_q90,binary,low_ar_confidence_temporal_residual,label_permutation_residual,20260627,17,0.19246058352291584,0.1038621277112206,0.0004604588577727803,inner_val_pr_auc_delta_vs_frozen_ar,0.002428824547678232,0.07567201554775238,0.2936370074748993,permuted_train_and_permuted_inner_val_selection
future_arousal_max_delta_rows_4_10_train_q90,binary,low_ar_confidence_temporal_residual,label_permutation_residual,20260627,18,0.19275573454797268,0.10393974877068846,0.0005380799172406414,inner_val_pr_auc_delta_vs_frozen_ar,0.00246058264747262,0.07228339463472366,0.28397315740585327,permuted_train_and_permuted_inner_val_selection
future_arousal_max_delta_rows_4_10_train_q90,binary,low_ar_confidence_temporal_residual,label_permutation_residual,20260627,19,0.19225585460662842,0.10397507271854728,0.0005734038650994644,inner_val_pr_auc_delta_vs_frozen_ar,0.002485347678884864,0.06909241527318954,0.274044007062912,permuted_train_and_permuted_inner_val_selection
future_arousal_max_delta_rows_4_10_train_q90,binary,low_ar_confidence_temporal_residual,label_permutation_residual,20260627,20,0.1919542932882905,0.10399967900928067,0.0005980101558328565,inner_val_pr_auc_delta_vs_frozen_ar,0.0025093206204473972,0.06642939895391464,0.26607829332351685,permuted_train_and_permuted_inner_val_selection
future_arousal_max_delta_rows_4_10_train_q90,binary,low_ar_confidence_temporal_residual,label_permutation_residual,20260627,21,0.19188638404011726,0.10404316001084296,0.0006414911573951465,inner_val_pr_auc_delta_vs_frozen_ar,0.0025324388407170773,0.06395971775054932,0.25924649834632874,permuted_train_and_permuted_inner_val_selection
future_arousal_max_delta_rows_4_10_train_q90,binary,low_ar_confidence_temporal_residual,label_permutation_residual,20260627,22,0.19173177517950535,0.10405500087514041,0.0006533320216925986,inner_val_pr_auc_delta_vs_frozen_ar,0.0025533640291541815,0.06183203309774399,0.2526884973049164,permuted_train_and_permuted_inner_val_selection
future_arousal_max_delta_rows_4_10_train_q90,binary,low_ar_confidence_temporal_residual,label_permutation_residual,20260627,23,0.19195222109556198,0.10406888554473817,0.0006672166912903565,inner_val_pr_auc_delta_vs_frozen_ar,0.0025738298427313566,0.05990390107035637,0.2469225972890854,permuted_train_and_permuted_inner_val_selection
future_arousal_max_delta_rows_4_10_train_q90,binary,low_ar_confidence_temporal_residual,label_permutation_residual,20260627,24,0.19173082895576954,0.10406135018334566,0.0006596813298978405,inner_val_pr_auc_delta_vs_frozen_ar,0.0025904609356075525,0.058222781866788864,0.2409338802099228,permuted_train_and_permuted_inner_val_selection
future_arousal_max_delta_rows_4_10_train_q90,binary,low_ar_confidence_temporal_residual,label_permutation_residual,20260627,25,0.1914440942928195,0.1040624498666152,0.000660781013167383,inner_val_pr_auc_delta_vs_frozen_ar,0.002607386326417327,0.05662285163998604,0.23529940843582153,permuted_train_and_permuted_inner_val_selection
future_arousal_max_delta_rows_4_10_train_q90,binary,low_ar_confidence_temporal_residual,label_permutation_residual,20260627,26,0.19167682994157076,0.10406889071831862,0.0006672218648708095,inner_val_pr_auc_delta_vs_frozen_ar,0.0026252353563904762,0.05534176900982857,0.23037411272525787,permuted_train_and_permuted_inner_val_selection
future_arousal_max_delta_rows_4_10_train_q90,binary,low_ar_confidence_temporal_residual,label_permutation_residual,20260627,27,0.1909523755311966,0.10404892126017506,0.00064725240672725,inner_val_pr_auc_delta_vs_frozen_ar,0.0026406205724924803,0.05379830300807953,0.2249048948287964,permuted_train_and_permuted_inner_val_selection
future_arousal_max_delta_rows_4_10_train_q90,binary,low_ar_confidence_temporal_residual,label_permutation_residual,20260627,28,0.1914016753435135,0.10403367363246334,0.0006320047790155242,inner_val_pr_auc_delta_vs_frozen_ar,0.0026547794695943594,0.05246058106422424,0.22048337757587433,permuted_train_and_permuted_inner_val_selection
future_arousal_max_delta_rows_4_10_train_q90,binary,low_ar_confidence_temporal_residual,label_permutation_residual,20260627,29,0.19134712126106024,0.10401560282515578,0.0006139339717079612,inner_val_pr_auc_delta_vs_frozen_ar,0.002670670859515667,0.05113229528069496,0.2162412405014038,permuted_train_and_permuted_inner_val_selection
future_arousal_max_delta_rows_4_10_train_q90,binary,low_ar_confidence_temporal_residual,label_permutation_residual,20260627,30,0.19104585144668818,0.10399600610276392,0.0005943372493161098,inner_val_pr_auc_delta_vs_frozen_ar,0.002685351762920618,0.05020858347415924,0.21284765005111694,permuted_train_and_permuted_inner_val_selection
future_arousal_max_delta_rows_4_10_train_q90,binary,low_ar_confidence_temporal_residual,label_permutation_residual,20260627,31,0.19120576325803995,0.10398204607642439,0.0005803772229765747,inner_val_pr_auc_delta_vs_frozen_ar,0.002698419848456979,0.0490889735519886,0.20903848111629486,permuted_train_and_permuted_inner_val_selection
future_arousal_max_delta_rows_4_10_train_q90,binary,low_ar_confidence_temporal_residual,label_permutation_residual,20260627,32,0.19093684665858746,0.10395501223917109,0.0005533433857232706,inner_val_pr_auc_delta_vs_frozen_ar,0.0027108981739729643,0.04785263538360596,0.204756498336792,permuted_train_and_permuted_inner_val_selection
future_arousal_max_delta_rows_4_10_train_q90,binary,low_ar_confidence_temporal_residual,label_permutation_residual,20260627,33,0.19075243081897497,0.10395103580205817,0.0005493669486103525,inner_val_pr_auc_delta_vs_frozen_ar,0.0027266801334917545,0.04697536304593086,0.2018585354089737,permuted_train_and_permuted_inner_val_selection
future_arousal_max_delta_rows_4_10_train_q90,binary,low_ar_confidence_temporal_residual,label_permutation_residual,20260627,34,0.19107086770236492,0.10392099255367113,0.000519323700223312,inner_val_pr_auc_delta_vs_frozen_ar,0.0027395107317715883,0.045960646122694016,0.1986602246761322,permuted_train_and_permuted_inner_val_selection
future_arousal_max_delta_rows_4_10_train_q90,binary,low_ar_confidence_temporal_residual,train_only_video_mean_residual,20260627,1,0.1559452163055539,0.22815761040363508,1.1295440463909845e-05,inner_val_pr_auc_delta_vs_frozen_ar,0.002143487334251404,0.002967810956761241,0.006666685454547405,true_train_and_true_inner_val_selection
future_arousal_max_delta_rows_4_10_train_q90,binary,low_ar_confidence_temporal_residual,train_only_video_mean_residual,20260627,2,0.1559459799900651,0.22816280370374584,1.6488740574666094e-05,inner_val_pr_auc_delta_vs_frozen_ar,0.002144609810784459,0.003076140768826008,0.00678566237911582,true_train_and_true_inner_val_selection
future_arousal_max_delta_rows_4_10_train_q90,binary,low_ar_confidence_temporal_residual,train_only_video_mean_residual,20260627,3,0.1558036794885993,0.2281645760199497,1.826105677851797e-05,inner_val_pr_auc_delta_vs_frozen_ar,0.00216653966344893,0.003255646675825119,0.007089084014296532,true_train_and_true_inner_val_selection
future_arousal_max_delta_rows_4_10_train_q90,binary,low_ar_confidence_temporal_residual,train_only_video_mean_residual,20260627,4,0.1557136196643114,0.22815332774193103,7.012778759862837e-06,inner_val_pr_auc_delta_vs_frozen_ar,0.002194397384300828,0.003734797704964876,0.008905495516955853,true_train_and_true_inner_val_selection
future_arousal_max_delta_rows_4_10_train_q90,binary,low_ar_confidence_temporal_residual,train_only_video_mean_residual,20260627,5,0.15590248070657253,0.22815113454307231,4.819579901144122e-06,inner_val_pr_auc_delta_vs_frozen_ar,0.0022255845833569765,0.004884415306150913,0.013623083010315895,true_train_and_true_inner_val_selection
future_arousal_max_delta_rows_4_10_train_q90,binary,low_ar_confidence_temporal_residual,train_only_video_mean_residual,20260627,6,0.15616767574101686,0.22811140434811486,-3.4910615056310546e-05,inner_val_pr_auc_delta_vs_frozen_ar,0.0022598851937800646,0.008528686128556728,0.032396119087934494,true_train_and_true_inner_val_selection
future_arousal_max_delta_rows_4_10_train_q90,binary,low_ar_confidence_temporal_residual,train_only_video_mean_residual,20260627,7,0.15605742577463388,0.22815580374634187,9.488783170696902e-06,inner_val_pr_auc_delta_vs_frozen_ar,0.0022910642437636852,0.017235493287444115,0.09617119282484055,true_train_and_true_inner_val_selection
future_arousal_max_delta_rows_4_10_train_q90,binary,low_ar_confidence_temporal_residual,train_only_video_mean_residual,20260627,8,0.15596531424671412,0.22824455852891823,9.824356574705817e-05,inner_val_pr_auc_delta_vs_frozen_ar,0.0023260004818439484,0.030316071584820747,0.18639497458934784,true_train_and_true_inner_val_selection
future_arousal_max_delta_rows_4_10_train_q90,binary,low_ar_confidence_temporal_residual,train_only_video_mean_residual,20260627,9,0.15609316062182188,0.22843312260639603,0.0002868076432248623,inner_val_pr_auc_delta_vs_frozen_ar,0.0023589092306792736,0.03906678780913353,0.2214534729719162,true_train_and_true_inner_val_selection
future_arousal_max_delta_rows_4_10_train_q90,binary,low_ar_confidence_temporal_residual,train_only_video_mean_residual,20260627,10,0.1557845501229167,0.2286556864718837,0.000509371508712525,inner_val_pr_auc_delta_vs_frozen_ar,0.002391813788563013,0.04206416755914688,0.23738804459571838,true_train_and_true_inner_val_selection
future_arousal_max_delta_rows_4_10_train_q90,binary,low_ar_confidence_temporal_residual,train_only_video_mean_residual,20260627,11,0.15596384182572365,0.22888564679198703,0.000739331828815859,inner_val_pr_auc_delta_vs_frozen_ar,0.002426938619464636,0.04366191476583481,0.24921776354312897,true_train_and_true_inner_val_selection
future_arousal_max_delta_rows_4_10_train_q90,binary,low_ar_confidence_temporal_residual,train_only_video_mean_residual,20260627,12,0.15585727151483297,0.22894408108498907,0.0007977661218178944,inner_val_pr_auc_delta_vs_frozen_ar,0.0024588769301772118,0.04383736476302147,0.2570316195487976,true_train_and_true_inner_val_selection
future_arousal_max_delta_rows_4_10_train_q90,binary,low_ar_confidence_temporal_residual,train_only_video_mean_residual,20260627,13,0.1554525764659047,0.22876380873914492,0.0006174937759737542,inner_val_pr_auc_delta_vs_frozen_ar,0.0024940778966993093,0.044446416199207306,0.26599887013435364,true_train_and_true_inner_val_selection
future_arousal_max_delta_rows_4_10_train_q90,binary,low_ar_confidence_temporal_residual,train_only_video_mean_residual,20260627,14,0.15531222987920046,0.22862653909068228,0.0004802241275111141,inner_val_pr_auc_delta_vs_frozen_ar,0.0025285002775490284,0.04380767419934273,0.268225759267807,true_train_and_true_inner_val_selection
future_arousal_max_delta_rows_4_10_train_q90,binary,low_ar_confidence_temporal_residual,train_only_video_mean_residual,20260627,15,0.15520328469574451,0.22790257751877033,-0.00024373744440084333,inner_val_pr_auc_delta_vs_frozen_ar,0.0025586059782654047,0.04324682801961899,0.2675029933452606,true_train_and_true_inner_val_selection
future_arousal_max_delta_rows_4_10_train_q90,binary,low_ar_confidence_temporal_residual,train_only_video_mean_residual,20260627,16,0.15542343072593212,0.22716237418918878,-0.0009839407739823947,inner_val_pr_auc_delta_vs_frozen_ar,0.002585278358310461,0.04299171641469002,0.2654121518135071,true_train_and_true_inner_val_selection
future_arousal_max_delta_rows_4_10_train_q90,binary,low_ar_confidence_temporal_residual,train_only_video_mean_residual,20260627,17,0.15503009036183357,0.22581090980430368,-0.0023354051588674873,inner_val_pr_auc_delta_vs_frozen_ar,0.0026135698426514864,0.044575612992048264,0.27207159996032715,true_train_and_true_inner_val_selection
future_arousal_max_delta_rows_4_10_train_q90,binary,low_ar_confidence_temporal_residual,train_only_video_mean_residual,20260627,18,0.15501201525330544,0.2251070166356621,-0.0030392983275090713,inner_val_pr_auc_delta_vs_frozen_ar,0.0026355090085417032,0.04404347389936447,0.2676484286785126,true_train_and_true_inner_val_selection
future_arousal_max_delta_rows_4_10_train_q90,binary,low_ar_confidence_temporal_residual,train_only_video_mean_residual,20260627,19,0.1548433220013976,0.22447914798187657,-0.0036671669812946006,inner_val_pr_auc_delta_vs_frozen_ar,0.002659549005329609,0.04428345337510109,0.26525720953941345,true_train_and_true_inner_val_selection
future_arousal_max_delta_rows_4_10_train_q90,binary,low_ar_confidence_temporal_residual,train_only_video_mean_residual,20260627,20,0.1546625727787614,0.22413710560961,-0.004009209353561166,inner_val_pr_auc_delta_vs_frozen_ar,0.002679741708561778,0.04510102421045303,0.2669941782951355,true_train_and_true_inner_val_selection
future_arousal_max_delta_rows_4_10_train_q90,binary,low_ar_confidence_temporal_residual,diagnostics_only_residual,20260627,1,0.15585038531571627,0.2280869960579652,-5.9318905205968386e-05,inner_val_pr_auc_delta_vs_frozen_ar,0.002140067983418703,0.0030987716745585203,0.007257772609591484,true_train_and_true_inner_val_selection
future_arousal_max_delta_rows_4_10_train_q90,binary,low_ar_confidence_temporal_residual,diagnostics_only_residual,20260627,2,0.15584769286215305,0.22811405207103347,-3.226289213770217e-05,inner_val_pr_auc_delta_vs_frozen_ar,0.0021209537517279387,0.003189132083207369,0.007394670508801937,true_train_and_true_inner_val_selection
future_arousal_max_delta_rows_4_10_train_q90,binary,low_ar_confidence_temporal_residual,diagnostics_only_residual,20260627,3,0.15607592090964317,0.2281296486071981,-1.6666355973082858e-05,inner_val_pr_auc_delta_vs_frozen_ar,0.002115731593221426,0.0035233900416642427,0.008508838713169098,true_train_and_true_inner_val_selection
future_arousal_max_delta_rows_4_10_train_q90,binary,low_ar_confidence_temporal_residual,diagnostics_only_residual,20260627,4,0.1559819234535098,0.2281124365246589,-3.387843851226924e-05,inner_val_pr_auc_delta_vs_frozen_ar,0.002126379869878292,0.004174408037215471,0.010815037414431572,true_train_and_true_inner_val_selection
future_arousal_max_delta_rows_4_10_train_q90,binary,low_ar_confidence_temporal_residual,diagnostics_only_residual,20260627,5,0.1558014526963234,0.22811391691712637,-3.23980460447959e-05,inner_val_pr_auc_delta_vs_frozen_ar,0.0021473816595971584,0.0052773416973650455,0.015102366916835308,true_train_and_true_inner_val_selection
future_arousal_max_delta_rows_4_10_train_q90,binary,low_ar_confidence_temporal_residual,diagnostics_only_residual,20260627,6,0.15601231344044209,0.22811819393761473,-2.8121025556437917e-05,inner_val_pr_auc_delta_vs_frozen_ar,0.0021794948261231184,0.008001990616321564,0.02799294888973236,true_train_and_true_inner_val_selection
future_arousal_max_delta_rows_4_10_train_q90,binary,low_ar_confidence_temporal_residual,diagnostics_only_residual,20260627,7,0.15595289878547192,0.2280799002439292,-6.641471924195841e-05,inner_val_pr_auc_delta_vs_frozen_ar,0.0022172408644109964,0.016273388639092445,0.08321507275104523,true_train_and_true_inner_val_selection
future_arousal_max_delta_rows_4_10_train_q90,binary,low_ar_confidence_temporal_residual,diagnostics_only_residual,20260627,8,0.15603766590356827,0.22806140310727918,-8.491185589198924e-05,inner_val_pr_auc_delta_vs_frozen_ar,0.0022582875099033117,0.030743308365345,0.18507832288742065,true_train_and_true_inner_val_selection
residual_future_max_delta_rows_4_10,continuous,current_row_mlp_residual,real_residual,20260625,1,0.018266828381456435,-0.00018785148859024048,-0.00018785148859024048,inner_val_top_5pct_lift_delta_vs_frozen_ar,0.002143160905689001,0.02311411127448082,0.056075673550367355,true_train_and_true_inner_val_selection
residual_future_max_delta_rows_4_10,continuous,current_row_mlp_residual,real_residual,20260625,2,0.018246751627884805,-0.00018785148859024048,-0.00018785148859024048,inner_val_top_5pct_lift_delta_vs_frozen_ar,0.0021521453745663166,0.02857000008225441,0.08153629302978516,true_train_and_true_inner_val_selection
residual_future_max_delta_rows_4_10,continuous,current_row_mlp_residual,real_residual,20260625,3,0.0183278116164729,-0.00022652745246887207,-0.00022652745246887207,inner_val_top_5pct_lift_delta_vs_frozen_ar,0.002176132285967469,0.03830697387456894,0.12874215841293335,true_train_and_true_inner_val_selection
residual_future_max_delta_rows_4_10,continuous,current_row_mlp_residual,real_residual,20260625,4,0.01823669217992574,-0.00014483928680419922,-0.00014483928680419922,inner_val_top_5pct_lift_delta_vs_frozen_ar,0.0022159202490001917,0.075576052069664,0.33369842171669006,true_train_and_true_inner_val_selection
residual_future_max_delta_rows_4_10,continuous,current_row_mlp_residual,real_residual,20260625,5,0.018202900653705,0.0029032453894615173,0.0029032453894615173,inner_val_top_5pct_lift_delta_vs_frozen_ar,0.0022624051198363304,0.125701904296875,0.6195099353790283,true_train_and_true_inner_val_selection
residual_future_max_delta_rows_4_10,continuous,current_row_mlp_residual,real_residual,20260625,6,0.018171676667407155,0.005313999950885773,0.005313999950885773,inner_val_top_5pct_lift_delta_vs_frozen_ar,0.0022968680132180452,0.11655372381210327,0.5846683382987976,true_train_and_true_inner_val_selection
residual_future_max_delta_rows_4_10,continuous,current_row_mlp_residual,real_residual,20260625,7,0.018236157833598554,0.004704900085926056,0.004704900085926056,inner_val_top_5pct_lift_delta_vs_frozen_ar,0.0023332249838858843,0.1097007468342781,0.5480586886405945,true_train_and_true_inner_val_selection
residual_future_max_delta_rows_4_10,continuous,current_row_mlp_residual,real_residual,20260625,8,0.018042554147541523,0.00852803885936737,0.00852803885936737,inner_val_top_5pct_lift_delta_vs_frozen_ar,0.002370017347857356,0.1145927757024765,0.5765388011932373,true_train_and_true_inner_val_selection
residual_future_max_delta_rows_4_10,continuous,current_row_mlp_residual,real_residual,20260625,9,0.017996824928559363,0.006334453821182251,0.006334453821182251,inner_val_top_5pct_lift_delta_vs_frozen_ar,0.0024067997001111507,0.14185264706611633,0.703281819820404,true_train_and_true_inner_val_selection
residual_future_max_delta_rows_4_10,continuous,current_row_mlp_residual,real_residual,20260625,10,0.017858852166682482,0.006078585982322693,0.006078585982322693,inner_val_top_5pct_lift_delta_vs_frozen_ar,0.00243937224149704,0.18257126212120056,0.8401777744293213,true_train_and_true_inner_val_selection
residual_future_max_delta_rows_4_10,continuous,current_row_mlp_residual,real_residual,20260625,11,0.017729254788719118,-0.00083189457654953,-0.00083189457654953,inner_val_top_5pct_lift_delta_vs_frozen_ar,0.0024637470487505198,0.22093230485916138,0.9181340932846069,true_train_and_true_inner_val_selection
residual_future_max_delta_rows_4_10,continuous,current_row_mlp_residual,real_residual,20260625,12,0.017761216149665415,-0.009392552077770233,-0.009392552077770233,inner_val_top_5pct_lift_delta_vs_frozen_ar,0.002481798641383648,0.24566714465618134,0.9506756067276001,true_train_and_true_inner_val_selection
residual_future_max_delta_rows_4_10,continuous,current_row_mlp_residual,real_residual,20260625,13,0.01765667088329792,-0.00623137503862381,-0.00623137503862381,inner_val_top_5pct_lift_delta_vs_frozen_ar,0.0024922091979533434,0.2615659832954407,0.9648707509040833,true_train_and_true_inner_val_selection
residual_future_max_delta_rows_4_10,continuous,current_row_mlp_residual,real_residual,20260625,14,0.01760613324586302,-0.007492341101169586,-0.007492341101169586,inner_val_top_5pct_lift_delta_vs_frozen_ar,0.002499845577403903,0.270481139421463,0.9714171290397644,true_train_and_true_inner_val_selection
residual_future_max_delta_rows_4_10,continuous,current_row_mlp_residual,real_residual,20260625,15,0.017584812827408314,-0.009428992867469788,-0.009428992867469788,inner_val_top_5pct_lift_delta_vs_frozen_ar,0.0025150489527732134,0.2804747521877289,0.9781157374382019,true_train_and_true_inner_val_selection
residual_future_max_delta_rows_4_10,continuous,current_row_mlp_residual,real_residual,20260625,16,0.017414736561477184,-0.01342448964715004,-0.01342448964715004,inner_val_top_5pct_lift_delta_vs_frozen_ar,0.002526415977627039,0.28539156913757324,0.9808817505836487,true_train_and_true_inner_val_selection
residual_future_max_delta_rows_4_10,continuous,current_row_mlp_residual,shuffled_pca_residual,20260625,1,0.018251992762088776,-0.00018785148859024048,-0.00018785148859024048,inner_val_top_5pct_lift_delta_vs_frozen_ar,0.0021422316785901785,0.023253025487065315,0.05804271623492241,true_train_and_true_inner_val_selection
residual_future_max_delta_rows_4_10,continuous,current_row_mlp_residual,shuffled_pca_residual,20260625,2,0.01831793738529086,-0.00018785148859024048,-0.00018785148859024048,inner_val_top_5pct_lift_delta_vs_frozen_ar,0.002129368716850877,0.028072452172636986,0.08119296282529831,true_train_and_true_inner_val_selection
residual_future_max_delta_rows_4_10,continuous,current_row_mlp_residual,shuffled_pca_residual,20260625,3,0.018279107636772096,-0.00021602213382720947,-0.00021602213382720947,inner_val_top_5pct_lift_delta_vs_frozen_ar,0.002134687500074506,0.03576474264264107,0.11857160180807114,true_train_and_true_inner_val_selection
residual_future_max_delta_rows_4_10,continuous,current_row_mlp_residual,shuffled_pca_residual,20260625,4,0.018266418017446995,-0.0002802163362503052,-0.0002802163362503052,inner_val_top_5pct_lift_delta_vs_frozen_ar,0.0021642311476171017,0.054694872349500656,0.21266356110572815,true_train_and_true_inner_val_selection
residual_future_max_delta_rows_4_10,continuous,current_row_mlp_residual,shuffled_pca_residual,20260625,5,0.01817668741568923,-0.0007993429899215698,-0.0007993429899215698,inner_val_top_5pct_lift_delta_vs_frozen_ar,0.002196668880060315,0.08594371378421783,0.37525674700737,true_train_and_true_inner_val_selection
residual_future_max_delta_rows_4_10,continuous,current_row_mlp_residual,shuffled_pca_residual,20260625,6,0.018298467970453203,1.4178454875946045e-05,1.4178454875946045e-05,inner_val_top_5pct_lift_delta_vs_frozen_ar,0.002232748782262206,0.1222357451915741,0.556976854801178,true_train_and_true_inner_val_selection
residual_future_max_delta_rows_4_10,continuous,current_row_mlp_residual,shuffled_pca_residual,20260625,7,0.018201333819888532,-0.0001939237117767334,-0.0001939237117767334,inner_val_top_5pct_lift_delta_vs_frozen_ar,0.0022465111687779427,0.11577843874692917,0.5235183835029602,true_train_and_true_inner_val_selection
residual_future_max_delta_rows_4_10,continuous,current_row_mlp_residual,shuffled_pca_residual,20260625,8,0.01819836674258113,-0.0007480233907699585,-0.0007480233907699585,inner_val_top_5pct_lift_delta_vs_frozen_ar,0.0022548488341271877,0.10160437971353531,0.4533182978630066,true_train_and_true_inner_val_selection
residual_future_max_delta_rows_4_10,continuous,current_row_mlp_residual,shuffled_pca_residual,20260625,9,0.018286583945155144,-7.829070091247559e-05,-7.829070091247559e-05,inner_val_top_5pct_lift_delta_vs_frozen_ar,0.0022713569924235344,0.10639452189207077,0.47508537769317627,true_train_and_true_inner_val_selection
residual_future_max_delta_rows_4_10,continuous,current_row_mlp_residual,shuffled_pca_residual,20260625,10,0.018317936221137643,0.00023878365755081177,0.00023878365755081177,inner_val_top_5pct_lift_delta_vs_frozen_ar,0.0022825743071734905,0.10423830896615982,0.46527767181396484,true_train_and_true_inner_val_selection
residual_future_max_delta_rows_4_10,continuous,current_row_mlp_residual,shuffled_pca_residual,20260625,11,0.01823127269744873,-0.00046108663082122803,-0.00046108663082122803,inner_val_top_5pct_lift_delta_vs_frozen_ar,0.0022997227497398853,0.10895591229200363,0.48859071731567383,true_train_and_true_inner_val_selection
residual_future_max_delta_rows_4_10,continuous,current_row_mlp_residual,shuffled_pca_residual,20260625,12,0.018162322929129004,0.0007526353001594543,0.0007526353001594543,inner_val_top_5pct_lift_delta_vs_frozen_ar,0.002316368045285344,0.11026736348867416,0.4963357448577881,true_train_and_true_inner_val_selection
residual_future_max_delta_rows_4_10,continuous,current_row_mlp_residual,shuffled_pca_residual,20260625,13,0.018286391627043486,-5.870312452316284e-05,-5.870312452316284e-05,inner_val_top_5pct_lift_delta_vs_frozen_ar,0.002336095320060849,0.11950293928384781,0.5420312881469727,true_train_and_true_inner_val_selection
residual_future_max_delta_rows_4_10,continuous,current_row_mlp_residual,shuffled_pca_residual,20260625,14,0.018254818045534194,-0.0005480125546455383,-0.0005480125546455383,inner_val_top_5pct_lift_delta_vs_frozen_ar,0.0023544190917164087,0.1285812109708786,0.5848348736763,true_train_and_true_inner_val_selection
residual_future_max_delta_rows_4_10,continuous,current_row_mlp_residual,shuffled_pca_residual,20260625,15,0.018206627457402647,-0.002325393259525299,-0.002325393259525299,inner_val_top_5pct_lift_delta_vs_frozen_ar,0.0023735021241009235,0.13300162553787231,0.6070206165313721,true_train_and_true_inner_val_selection
residual_future_max_delta_rows_4_10,continuous,current_row_mlp_residual,shuffled_pca_residual,20260625,16,0.01826296537183225,-0.0011836737394332886,-0.0011836737394332886,inner_val_top_5pct_lift_delta_vs_frozen_ar,0.0023915774654597044,0.14215444028377533,0.6490243673324585,true_train_and_true_inner_val_selection
residual_future_max_delta_rows_4_10,continuous,current_row_mlp_residual,shuffled_pca_residual,20260625,17,0.01817453932017088,-0.0018024370074272156,-0.0018024370074272156,inner_val_top_5pct_lift_delta_vs_frozen_ar,0.002411969006061554,0.15120716392993927,0.6884998679161072,true_train_and_true_inner_val_selection
residual_future_max_delta_rows_4_10,continuous,current_row_mlp_residual,shuffled_pca_residual,20260625,18,0.01824616431258619,-0.0019591674208641052,-0.0019591674208641052,inner_val_top_5pct_lift_delta_vs_frozen_ar,0.0024292743764817715,0.16011668741703033,0.7226617336273193,true_train_and_true_inner_val_selection
residual_future_max_delta_rows_4_10,continuous,current_row_mlp_residual,shuffled_pca_residual,20260625,19,0.018221619888208807,-0.0018790513277053833,-0.0018790513277053833,inner_val_top_5pct_lift_delta_vs_frozen_ar,0.002444598125293851,0.16673579812049866,0.7482932806015015,true_train_and_true_inner_val_selection
residual_future_max_delta_rows_4_10,continuous,current_row_mlp_residual,shuffled_pca_residual,20260625,20,0.01811980060301721,-0.0031243860721588135,-0.0031243860721588135,inner_val_top_5pct_lift_delta_vs_frozen_ar,0.0024595235008746386,0.17395058274269104,0.7734506726264954,true_train_and_true_inner_val_selection
residual_future_max_delta_rows_4_10,continuous,current_row_mlp_residual,random_pca_residual,20260625,1,0.01827732694800943,-7.450580596923828e-09,-7.450580596923828e-09,inner_val_top_5pct_lift_delta_vs_frozen_ar,0.0021428349427878857,0.023019516840577126,0.05628662928938866,true_train_and_true_inner_val_selection
residual_future_max_delta_rows_4_10,continuous,current_row_mlp_residual,random_pca_residual,20260625,2,0.018199341604486108,-0.00018785148859024048,-0.00018785148859024048,inner_val_top_5pct_lift_delta_vs_frozen_ar,0.0021380032412707806,0.03073922172188759,0.09338711202144623,true_train_and_true_inner_val_selection
residual_future_max_delta_rows_4_10,continuous,current_row_mlp_residual,random_pca_residual,20260625,3,0.01822861668188125,7.284432649612427e-05,7.284432649612427e-05,inner_val_top_5pct_lift_delta_vs_frozen_ar,0.002155694644898176,0.04338865354657173,0.15523211658000946,true_train_and_true_inner_val_selection
residual_future_max_delta_rows_4_10,continuous,current_row_mlp_residual,random_pca_residual,20260625,4,0.01827934547327459,-0.0008030757308006287,-0.0008030757308006287,inner_val_top_5pct_lift_delta_vs_frozen_ar,0.0021808079909533262,0.06754997372627258,0.2785106301307678,true_train_and_true_inner_val_selection
residual_future_max_delta_rows_4_10,continuous,current_row_mlp_residual,random_pca_residual,20260625,5,0.018299760995432734,0.00044011324644088745,0.00044011324644088745,inner_val_top_5pct_lift_delta_vs_frozen_ar,0.002214340027421713,0.10159401595592499,0.45115041732788086,true_train_and_true_inner_val_selection
residual_future_max_delta_rows_4_10,continuous,current_row_mlp_residual,random_pca_residual,20260625,6,0.018295708927325904,0.00027570873498916626,0.00027570873498916626,inner_val_top_5pct_lift_delta_vs_frozen_ar,0.0022451968397945166,0.12103518098592758,0.5459362864494324,true_train_and_true_inner_val_selection
residual_future_max_delta_rows_4_10,continuous,current_row_mlp_residual,random_pca_residual,20260625,7,0.01825586415361613,0.00037470459938049316,0.00037470459938049316,inner_val_top_5pct_lift_delta_vs_frozen_ar,0.0022584826219826937,0.10847461968660355,0.48511970043182373,true_train_and_true_inner_val_selection
residual_future_max_delta_rows_4_10,continuous,current_row_mlp_residual,random_pca_residual,20260625,8,0.018323483294807374,0.00026494264602661133,0.00026494264602661133,inner_val_top_5pct_lift_delta_vs_frozen_ar,0.0022742226719856262,0.10317419469356537,0.46061936020851135,true_train_and_true_inner_val_selection
residual_future_max_delta_rows_4_10,continuous,current_row_mlp_residual,random_pca_residual,20260625,9,0.018256186973303556,0.0008411779999732971,0.0008411779999732971,inner_val_top_5pct_lift_delta_vs_frozen_ar,0.002287265146151185,0.09660656005144119,0.42879021167755127,true_train_and_true_inner_val_selection
residual_future_max_delta_rows_4_10,continuous,current_row_mlp_residual,random_pca_residual,20260625,10,0.0182693456299603,6.970018148422241e-05,6.970018148422241e-05,inner_val_top_5pct_lift_delta_vs_frozen_ar,0.0023055507335811853,0.09968329966068268,0.4456220865249634,true_train_and_true_inner_val_selection
residual_future_max_delta_rows_4_10,continuous,current_row_mlp_residual,random_pca_residual,20260625,11,0.01832094695419073,-0.0006714761257171631,-0.0006714761257171631,inner_val_top_5pct_lift_delta_vs_frozen_ar,0.002323559019714594,0.100886769592762,0.45333805680274963,true_train_and_true_inner_val_selection
residual_future_max_delta_rows_4_10,continuous,current_row_mlp_residual,random_pca_residual,20260625,12,0.01821691170334816,-0.0012742877006530762,-0.0012742877006530762,inner_val_top_5pct_lift_delta_vs_frozen_ar,0.0023426322732120752,0.10457286983728409,0.47380331158638,true_train_and_true_inner_val_selection
residual_future_max_delta_rows_4_10,continuous,current_row_mlp_residual,random_pca_residual,20260625,13,0.01812730124220252,-0.0018204227089881897,-0.0018204227089881897,inner_val_top_5pct_lift_delta_vs_frozen_ar,0.002364733489230275,0.1103292927145958,0.5036258101463318,true_train_and_true_inner_val_selection
residual_future_max_delta_rows_4_10,continuous,current_row_mlp_residual,random_pca_residual,20260625,14,0.018156901001930237,-0.002699121832847595,-0.002699121832847595,inner_val_top_5pct_lift_delta_vs_frozen_ar,0.0023875515908002853,0.11787673085927963,0.5404605865478516,true_train_and_true_inner_val_selection
residual_future_max_delta_rows_4_10,continuous,current_row_mlp_residual,random_pca_residual,20260625,15,0.018139434163458645,-0.003673739731311798,-0.003673739731311798,inner_val_top_5pct_lift_delta_vs_frozen_ar,0.0024074669927358627,0.1270618736743927,0.5839961171150208,true_train_and_true_inner_val_selection
residual_future_max_delta_rows_4_10,continuous,current_row_mlp_residual,random_pca_residual,20260625,16,0.018130318028852344,-0.0056013017892837524,-0.0056013017892837524,inner_val_top_5pct_lift_delta_vs_frozen_ar,0.0024246685206890106,0.13763119280338287,0.6307814121246338,true_train_and_true_inner_val_selection
residual_future_max_delta_rows_4_10,continuous,current_row_mlp_residual,random_pca_residual,20260625,17,0.018166866269893944,-0.006099410355091095,-0.006099410355091095,inner_val_top_5pct_lift_delta_vs_frozen_ar,0.002442188560962677,0.14161993563175201,0.6483685970306396,true_train_and_true_inner_val_selection
residual_future_max_delta_rows_4_10,continuous,current_row_mlp_residual,label_permutation_residual,20260625,1,0.019977871677838266,-8.243601769208908e-05,-8.243601769208908e-05,inner_val_top_5pct_lift_delta_vs_frozen_ar,0.0021454135421663523,0.02258352003991604,0.053313545882701874,permuted_train_and_permuted_inner_val_selection
residual_future_max_delta_rows_4_10,continuous,current_row_mlp_residual,label_permutation_residual,20260625,2,0.020012436085380614,-8.243555203080177e-05,-8.243555203080177e-05,inner_val_top_5pct_lift_delta_vs_frozen_ar,0.0021511053200811148,0.029593288898468018,0.08683077245950699,permuted_train_and_permuted_inner_val_selection
residual_future_max_delta_rows_4_10,continuous,current_row_mlp_residual,label_permutation_residual,20260625,3,0.020012744702398777,-0.00027741771191358566,-0.00027741771191358566,inner_val_top_5pct_lift_delta_vs_frozen_ar,0.0021822135895490646,0.05359431728720665,0.20352526009082794,permuted_train_and_permuted_inner_val_selection
residual_future_max_delta_rows_4_10,continuous,current_row_mlp_residual,label_permutation_residual,20260625,4,0.01989171141758561,0.00035699130967259407,0.00035699130967259407,inner_val_top_5pct_lift_delta_vs_frozen_ar,0.0022257359232753515,0.11102677881717682,0.5195727348327637,permuted_train_and_permuted_inner_val_selection
residual_future_max_delta_rows_4_10,continuous,current_row_mlp_residual,label_permutation_residual,20260625,5,0.01999478426296264,0.0033621243201196194,0.0033621243201196194,inner_val_top_5pct_lift_delta_vs_frozen_ar,0.0022663117852061987,0.17475511133670807,0.8052128553390503,permuted_train_and_permuted_inner_val_selection
residual_future_max_delta_rows_4_10,continuous,current_row_mlp_residual,label_permutation_residual,20260625,6,0.019985720282420516,0.0032295737182721496,0.0032295737182721496,inner_val_top_5pct_lift_delta_vs_frozen_ar,0.0022701614070683718,0.20579510927200317,0.8891902565956116,permuted_train_and_permuted_inner_val_selection
residual_future_max_delta_rows_4_10,continuous,current_row_mlp_residual,label_permutation_residual,20260625,7,0.019953972892835736,0.0027441123966127634,0.0027441123966127634,inner_val_top_5pct_lift_delta_vs_frozen_ar,0.0022702482528984547,0.22331352531909943,0.9234201908111572,permuted_train_and_permuted_inner_val_selection
residual_future_max_delta_rows_4_10,continuous,current_row_mlp_residual,label_permutation_residual,20260625,8,0.02001859515439719,0.0031724030850455165,0.0031724030850455165,inner_val_top_5pct_lift_delta_vs_frozen_ar,0.0022827337961643934,0.2452932596206665,0.9530879855155945,permuted_train_and_permuted_inner_val_selection
residual_future_max_delta_rows_4_10,continuous,current_row_mlp_residual,label_permutation_residual,20260625,9,0.019956755335442722,0.0032992762280628085,0.0032992762280628085,inner_val_top_5pct_lift_delta_vs_frozen_ar,0.0022929946426302195,0.26077476143836975,0.9680808782577515,permuted_train_and_permuted_inner_val_selection
residual_future_max_delta_rows_4_10,continuous,current_row_mlp_residual,label_permutation_residual,20260625,10,0.01987974625080824,0.002461288357153535,0.002461288357153535,inner_val_top_5pct_lift_delta_vs_frozen_ar,0.0023057840298861265,0.27268385887145996,0.9767067432403564,permuted_train_and_permuted_inner_val_selection
residual_future_max_delta_rows_4_10,continuous,current_row_mlp_residual,label_permutation_residual,20260625,11,0.019945173407904804,0.002688114996999502,0.002688114996999502,inner_val_top_5pct_lift_delta_vs_frozen_ar,0.00231696548871696,0.28316745162010193,0.9825471639633179,permuted_train_and_permuted_inner_val_selection
residual_future_max_delta_rows_4_10,continuous,current_row_mlp_residual,label_permutation_residual,20260625,12,0.01994001737330109,0.0026470236480236053,0.0026470236480236053,inner_val_top_5pct_lift_delta_vs_frozen_ar,0.0023314228747040033,0.2916612923145294,0.9864801168441772,permuted_train_and_permuted_inner_val_selection
residual_future_max_delta_rows_4_10,continuous,current_row_mlp_residual,label_permutation_residual,20260625,13,0.019818053231574595,0.0027090853545814753,0.0027090853545814753,inner_val_top_5pct_lift_delta_vs_frozen_ar,0.0023455675691366196,0.2989884614944458,0.9891971945762634,permuted_train_and_permuted_inner_val_selection
residual_future_max_delta_rows_4_10,continuous,current_row_mlp_residual,train_only_video_mean_residual,20260625,1,0.018293727072887123,-7.450580596923828e-09,-7.450580596923828e-09,inner_val_top_5pct_lift_delta_vs_frozen_ar,0.0021427073515951633,0.02125970646739006,0.04888423904776573,true_train_and_true_inner_val_selection
residual_future_max_delta_rows_4_10,continuous,current_row_mlp_residual,train_only_video_mean_residual,20260625,2,0.018289460218511522,-7.450580596923828e-09,-7.450580596923828e-09,inner_val_top_5pct_lift_delta_vs_frozen_ar,0.002142224693670869,0.02335047908127308,0.060507263988256454,true_train_and_true_inner_val_selection
residual_future_max_delta_rows_4_10,continuous,current_row_mlp_residual,train_only_video_mean_residual,20260625,3,0.018281423021107912,-0.0003819018602371216,-0.0003819018602371216,inner_val_top_5pct_lift_delta_vs_frozen_ar,0.002176060574129224,0.035518828779459,0.12008711695671082,true_train_and_true_inner_val_selection
residual_future_max_delta_rows_4_10,continuous,current_row_mlp_residual,train_only_video_mean_residual,20260625,4,0.018278613104484975,-0.0011705830693244934,-0.0011705830693244934,inner_val_top_5pct_lift_delta_vs_frozen_ar,0.002222289564087987,0.06301888823509216,0.2664034962654114,true_train_and_true_inner_val_selection
residual_future_max_delta_rows_4_10,continuous,current_row_mlp_residual,train_only_video_mean_residual,20260625,5,0.01830261864233762,-0.002976544201374054,-0.002976544201374054,inner_val_top_5pct_lift_delta_vs_frozen_ar,0.002269573975354433,0.1150522455573082,0.5933681130409241,true_train_and_true_inner_val_selection
residual_future_max_delta_rows_4_10,continuous,current_row_mlp_residual,train_only_video_mean_residual,20260625,6,0.018166712019592524,-0.0033305585384368896,-0.0033305585384368896,inner_val_top_5pct_lift_delta_vs_frozen_ar,0.0023124213330447674,0.1758899986743927,0.8064044713973999,true_train_and_true_inner_val_selection
residual_future_max_delta_rows_4_10,continuous,current_row_mlp_residual,train_only_video_mean_residual,20260625,7,0.018027334823273122,-0.010688986629247665,-0.010688986629247665,inner_val_top_5pct_lift_delta_vs_frozen_ar,0.00235230871476233,0.22639824450016022,0.9120413064956665,true_train_and_true_inner_val_selection
residual_future_max_delta_rows_4_10,continuous,current_row_mlp_residual,train_only_video_mean_residual,20260625,8,0.017895181546919048,-0.01775684952735901,-0.01775684952735901,inner_val_top_5pct_lift_delta_vs_frozen_ar,0.002385568106546998,0.25468382239341736,0.950087308883667,true_train_and_true_inner_val_selection
residual_future_max_delta_rows_4_10,continuous,current_row_mlp_residual,diagnostics_only_residual,20260625,1,0.01831752574071288,-7.450580596923828e-09,-7.450580596923828e-09,inner_val_top_5pct_lift_delta_vs_frozen_ar,0.0021528771612793207,0.020304182544350624,0.0512058325111866,true_train_and_true_inner_val_selection
residual_future_max_delta_rows_4_10,continuous,current_row_mlp_residual,diagnostics_only_residual,20260625,2,0.01823974563740194,-0.0007939934730529785,-0.0007939934730529785,inner_val_top_5pct_lift_delta_vs_frozen_ar,0.002189951715990901,0.04419512674212456,0.20599523186683655,true_train_and_true_inner_val_selection
residual_future_max_delta_rows_4_10,continuous,current_row_mlp_residual,diagnostics_only_residual,20260625,3,0.018184974789619446,0.0005445629358291626,0.0005445629358291626,inner_val_top_5pct_lift_delta_vs_frozen_ar,0.002237982116639614,0.10986024141311646,0.6093114018440247,true_train_and_true_inner_val_selection
residual_future_max_delta_rows_4_10,continuous,current_row_mlp_residual,diagnostics_only_residual,20260625,4,0.01814596285112202,0.000551179051399231,0.000551179051399231,inner_val_top_5pct_lift_delta_vs_frozen_ar,0.002275376580655575,0.16351957619190216,0.8525450825691223,true_train_and_true_inner_val_selection
residual_future_max_delta_rows_4_10,continuous,current_row_mlp_residual,diagnostics_only_residual,20260625,5,0.018170197145082057,0.000849016010761261,0.000849016010761261,inner_val_top_5pct_lift_delta_vs_frozen_ar,0.002261379500851035,0.16217219829559326,0.8470376133918762,true_train_and_true_inner_val_selection
residual_future_max_delta_rows_4_10,continuous,current_row_mlp_residual,diagnostics_only_residual,20260625,6,0.018161654588766396,0.0009366273880004883,0.0009366273880004883,inner_val_top_5pct_lift_delta_vs_frozen_ar,0.002261146204546094,0.16638557612895966,0.8602719902992249,true_train_and_true_inner_val_selection
residual_future_max_delta_rows_4_10,continuous,current_row_mlp_residual,diagnostics_only_residual,20260625,7,0.018056634813547134,0.000621497631072998,0.000621497631072998,inner_val_top_5pct_lift_delta_vs_frozen_ar,0.0022610670421272516,0.16983239352703094,0.8699636459350586,true_train_and_true_inner_val_selection
residual_future_max_delta_rows_4_10,continuous,current_row_mlp_residual,diagnostics_only_residual,20260625,8,0.01815591345075518,3.660470247268677e-05,3.660470247268677e-05,inner_val_top_5pct_lift_delta_vs_frozen_ar,0.002263383474200964,0.17335158586502075,0.8798912763595581,true_train_and_true_inner_val_selection
residual_future_max_delta_rows_4_10,continuous,current_row_mlp_residual,diagnostics_only_residual,20260625,9,0.01809213205706328,0.0013538375496864319,0.0013538375496864319,inner_val_top_5pct_lift_delta_vs_frozen_ar,0.0022617129143327475,0.1754617691040039,0.8853529691696167,true_train_and_true_inner_val_selection
residual_future_max_delta_rows_4_10,continuous,current_row_mlp_residual,diagnostics_only_residual,20260625,10,0.01810414914507419,0.0002701953053474426,0.0002701953053474426,inner_val_top_5pct_lift_delta_vs_frozen_ar,0.0022643289994448423,0.17991572618484497,0.897127091884613,true_train_and_true_inner_val_selection
residual_future_max_delta_rows_4_10,continuous,current_row_mlp_residual,diagnostics_only_residual,20260625,11,0.018183065112680197,0.0025158151984214783,0.0025158151984214783,inner_val_top_5pct_lift_delta_vs_frozen_ar,0.0022632814943790436,0.18108521401882172,0.899512767791748,true_train_and_true_inner_val_selection
residual_future_max_delta_rows_4_10,continuous,current_row_mlp_residual,diagnostics_only_residual,20260625,12,0.018057364271953702,0.002776116132736206,0.002776116132736206,inner_val_top_5pct_lift_delta_vs_frozen_ar,0.002264991169795394,0.18531498312950134,0.9096433520317078,true_train_and_true_inner_val_selection
residual_future_max_delta_rows_4_10,continuous,current_row_mlp_residual,diagnostics_only_residual,20260625,13,0.018096060142852366,0.001116335391998291,0.001116335391998291,inner_val_top_5pct_lift_delta_vs_frozen_ar,0.0022678954992443323,0.18889425694942474,0.9178842306137085,true_train_and_true_inner_val_selection
residual_future_max_delta_rows_4_10,continuous,current_row_mlp_residual,diagnostics_only_residual,20260625,14,0.018015097826719284,0.0029841139912605286,0.0029841139912605286,inner_val_top_5pct_lift_delta_vs_frozen_ar,0.0022672454360872507,0.1905917376279831,0.9209222793579102,true_train_and_true_inner_val_selection
residual_future_max_delta_rows_4_10,continuous,current_row_mlp_residual,diagnostics_only_residual,20260625,15,0.018178972299210727,0.00166359543800354,0.00166359543800354,inner_val_top_5pct_lift_delta_vs_frozen_ar,0.002271021483466029,0.19536109268665314,0.9308693408966064,true_train_and_true_inner_val_selection
residual_future_max_delta_rows_4_10,continuous,current_row_mlp_residual,diagnostics_only_residual,20260625,16,0.01810928841587156,0.0015925094485282898,0.0015925094485282898,inner_val_top_5pct_lift_delta_vs_frozen_ar,0.002274193800985813,0.19977021217346191,0.9392394423484802,true_train_and_true_inner_val_selection
residual_future_max_delta_rows_4_10,continuous,current_row_mlp_residual,diagnostics_only_residual,20260625,17,0.01814988220576197,0.0037523359060287476,0.0037523359060287476,inner_val_top_5pct_lift_delta_vs_frozen_ar,0.0022716165985912085,0.20154288411140442,0.9418182969093323,true_train_and_true_inner_val_selection
residual_future_max_delta_rows_4_10,continuous,current_row_mlp_residual,diagnostics_only_residual,20260625,18,0.01812736503779888,0.0017032027244567871,0.0017032027244567871,inner_val_top_5pct_lift_delta_vs_frozen_ar,0.0022762943990528584,0.2078198790550232,0.952633798122406,true_train_and_true_inner_val_selection
residual_future_max_delta_rows_4_10,continuous,current_row_mlp_residual,diagnostics_only_residual,20260625,19,0.018119556363672018,0.0029071420431137085,0.0029071420431137085,inner_val_top_5pct_lift_delta_vs_frozen_ar,0.002277806866914034,0.2124001830816269,0.9594680070877075,true_train_and_true_inner_val_selection
residual_future_max_delta_rows_4_10,continuous,current_row_mlp_residual,diagnostics_only_residual,20260625,20,0.018100018613040447,0.0033161714673042297,0.0033161714673042297,inner_val_top_5pct_lift_delta_vs_frozen_ar,0.0022805635817348957,0.21793806552886963,0.9668542742729187,true_train_and_true_inner_val_selection
residual_future_max_delta_rows_4_10,continuous,current_row_mlp_residual,diagnostics_only_residual,20260625,21,0.01809251680970192,0.004280954599380493,0.004280954599380493,inner_val_top_5pct_lift_delta_vs_frozen_ar,0.0022832783870399,0.2229272574186325,0.9726511240005493,true_train_and_true_inner_val_selection
residual_future_max_delta_rows_4_10,continuous,current_row_mlp_residual,diagnostics_only_residual,20260625,22,0.01807611295953393,0.0026551634073257446,0.0026551634073257446,inner_val_top_5pct_lift_delta_vs_frozen_ar,0.0022877834271639585,0.2282329797744751,0.9780248999595642,true_train_and_true_inner_val_selection
residual_future_max_delta_rows_4_10,continuous,current_row_mlp_residual,diagnostics_only_residual,20260625,23,0.018087362637743354,0.00276193767786026,0.00276193767786026,inner_val_top_5pct_lift_delta_vs_frozen_ar,0.0022899857722222805,0.23293325304985046,0.9820716977119446,true_train_and_true_inner_val_selection
residual_future_max_delta_rows_4_10,continuous,current_row_mlp_residual,diagnostics_only_residual,20260625,24,0.018042030395008624,0.002731308341026306,0.002731308341026306,inner_val_top_5pct_lift_delta_vs_frozen_ar,0.0022934710141271353,0.23770694434642792,0.985589861869812,true_train_and_true_inner_val_selection
residual_future_max_delta_rows_4_10,continuous,current_row_mlp_residual,diagnostics_only_residual,20260625,25,0.018143175868317485,0.00272957980632782,0.00272957980632782,inner_val_top_5pct_lift_delta_vs_frozen_ar,0.0022983518429100513,0.24345016479492188,0.9891292452812195,true_train_and_true_inner_val_selection
residual_future_max_delta_rows_4_10,continuous,current_row_mlp_residual,diagnostics_only_residual,20260625,26,0.018080353271216154,0.002664715051651001,0.002664715051651001,inner_val_top_5pct_lift_delta_vs_frozen_ar,0.0023029407020658255,0.24871735274791718,0.9917495250701904,true_train_and_true_inner_val_selection
residual_future_max_delta_rows_4_10,continuous,current_row_mlp_residual,diagnostics_only_residual,20260625,27,0.01804688386619091,0.0024695545434951782,0.0024695545434951782,inner_val_top_5pct_lift_delta_vs_frozen_ar,0.002307809190824628,0.25385504961013794,0.993785560131073,true_train_and_true_inner_val_selection
residual_future_max_delta_rows_4_10,continuous,current_row_mlp_residual,diagnostics_only_residual,20260625,28,0.018059657770209014,0.0024757087230682373,0.0024757087230682373,inner_val_top_5pct_lift_delta_vs_frozen_ar,0.0023133184295147657,0.25887927412986755,0.9953446388244629,true_train_and_true_inner_val_selection
residual_future_max_delta_rows_4_10,continuous,current_row_mlp_residual,diagnostics_only_residual,20260625,29,0.018101937021128833,0.002180546522140503,0.002180546522140503,inner_val_top_5pct_lift_delta_vs_frozen_ar,0.0023183785378932953,0.26401257514953613,0.9965845346450806,true_train_and_true_inner_val_selection
residual_future_max_delta_rows_4_10,continuous,current_row_mlp_residual,real_residual,20260626,1,0.018155982019379735,0.0,0.0,inner_val_top_5pct_lift_delta_vs_frozen_ar,0.002158322837203741,0.02255193144083023,0.05121489241719246,true_train_and_true_inner_val_selection
residual_future_max_delta_rows_4_10,continuous,current_row_mlp_residual,real_residual,20260626,2,0.018166046938858926,0.0,0.0,inner_val_top_5pct_lift_delta_vs_frozen_ar,0.0021857228130102158,0.03173360601067543,0.11409098654985428,true_train_and_true_inner_val_selection
residual_future_max_delta_rows_4_10,continuous,current_row_mlp_residual,real_residual,20260626,3,0.018109298078343272,-0.000918261706829071,-0.000918261706829071,inner_val_top_5pct_lift_delta_vs_frozen_ar,0.0022307168692350388,0.07446970045566559,0.4065524637699127,true_train_and_true_inner_val_selection
residual_future_max_delta_rows_4_10,continuous,current_row_mlp_residual,real_residual,20260626,4,0.018011188600212336,0.0032250210642814636,0.0032250210642814636,inner_val_top_5pct_lift_delta_vs_frozen_ar,0.002279982203617692,0.13974978029727936,0.7957598567008972,true_train_and_true_inner_val_selection
residual_future_max_delta_rows_4_10,continuous,current_row_mlp_residual,real_residual,20260626,5,0.01793461584020406,0.004727974534034729,0.004727974534034729,inner_val_top_5pct_lift_delta_vs_frozen_ar,0.0023146928288042545,0.14355720579624176,0.8032339811325073,true_train_and_true_inner_val_selection
residual_future_max_delta_rows_4_10,continuous,current_row_mlp_residual,real_residual,20260626,6,0.01762831024825573,0.009679719805717468,0.009679719805717468,inner_val_top_5pct_lift_delta_vs_frozen_ar,0.002339542843401432,0.10815712809562683,0.6221187710762024,true_train_and_true_inner_val_selection
residual_future_max_delta_rows_4_10,continuous,current_row_mlp_residual,real_residual,20260626,7,0.01762591116130352,0.021606385707855225,0.021606385707855225,inner_val_top_5pct_lift_delta_vs_frozen_ar,0.0023729847744107246,0.09252100437879562,0.5423626899719238,true_train_and_true_inner_val_selection
residual_future_max_delta_rows_4_10,continuous,current_row_mlp_residual,real_residual,20260626,8,0.017491242731921375,0.021379195153713226,0.021379195153713226,inner_val_top_5pct_lift_delta_vs_frozen_ar,0.002398706739768386,0.09234684705734253,0.5496311783790588,true_train_and_true_inner_val_selection
residual_future_max_delta_rows_4_10,continuous,current_row_mlp_residual,real_residual,20260626,9,0.017377629526890814,0.022097378969192505,0.022097378969192505,inner_val_top_5pct_lift_delta_vs_frozen_ar,0.0024132998660206795,0.0976172611117363,0.5817041993141174,true_train_and_true_inner_val_selection
residual_future_max_delta_rows_4_10,continuous,current_row_mlp_residual,real_residual,20260626,10,0.017367497319355607,0.023951195180416107,0.023951195180416107,inner_val_top_5pct_lift_delta_vs_frozen_ar,0.0024208438117057085,0.11376278847455978,0.6698625087738037,true_train_and_true_inner_val_selection
residual_future_max_delta_rows_4_10,continuous,current_row_mlp_residual,real_residual,20260626,11,0.017277612118050456,0.02305271476507187,0.02305271476507187,inner_val_top_5pct_lift_delta_vs_frozen_ar,0.0024326632265001535,0.1263584941625595,0.7300050258636475,true_train_and_true_inner_val_selection
residual_future_max_delta_rows_4_10,continuous,current_row_mlp_residual,real_residual,20260626,12,0.017286063288338482,0.02313452959060669,0.02313452959060669,inner_val_top_5pct_lift_delta_vs_frozen_ar,0.0024439541157335043,0.13511767983436584,0.7648476362228394,true_train_and_true_inner_val_selection
residual_future_max_delta_rows_4_10,continuous,current_row_mlp_residual,real_residual,20260626,13,0.017269801232032478,0.019212298095226288,0.019212298095226288,inner_val_top_5pct_lift_delta_vs_frozen_ar,0.002456457819789648,0.1463063657283783,0.8074156045913696,true_train_and_true_inner_val_selection
residual_future_max_delta_rows_4_10,continuous,current_row_mlp_residual,real_residual,20260626,14,0.017245522001758218,0.01952899992465973,0.01952899992465973,inner_val_top_5pct_lift_delta_vs_frozen_ar,0.002466570818796754,0.15441253781318665,0.8326935172080994,true_train_and_true_inner_val_selection
residual_future_max_delta_rows_4_10,continuous,current_row_mlp_residual,real_residual,20260626,15,0.01720897085033357,0.01855185627937317,0.01855185627937317,inner_val_top_5pct_lift_delta_vs_frozen_ar,0.0024742581881582737,0.1612858921289444,0.8545199632644653,true_train_and_true_inner_val_selection
residual_future_max_delta_rows_4_10,continuous,current_row_mlp_residual,real_residual,20260626,16,0.017235041479580104,0.018033742904663086,0.018033742904663086,inner_val_top_5pct_lift_delta_vs_frozen_ar,0.002479513641446829,0.16596150398254395,0.8677141070365906,true_train_and_true_inner_val_selection
residual_future_max_delta_rows_4_10,continuous,current_row_mlp_residual,real_residual,20260626,17,0.017130089341662824,0.017045781016349792,0.017045781016349792,inner_val_top_5pct_lift_delta_vs_frozen_ar,0.0024870135821402073,0.17202912271022797,0.8843095302581787,true_train_and_true_inner_val_selection
residual_future_max_delta_rows_4_10,continuous,current_row_mlp_residual,real_residual,20260626,18,0.017155951587483287,0.014852233231067657,0.014852233231067657,inner_val_top_5pct_lift_delta_vs_frozen_ar,0.002496447181329131,0.17949441075325012,0.902312695980072,true_train_and_true_inner_val_selection
residual_future_max_delta_rows_4_10,continuous,current_row_mlp_residual,shuffled_pca_residual,20260626,1,0.018174505210481584,7.561594247817993e-05,7.561594247817993e-05,inner_val_top_5pct_lift_delta_vs_frozen_ar,0.0021606972441077232,0.02140491083264351,0.04572681710124016,true_train_and_true_inner_val_selection
residual_future_max_delta_rows_4_10,continuous,current_row_mlp_residual,shuffled_pca_residual,20260626,2,0.018125287489965558,7.560849189758301e-05,7.560849189758301e-05,inner_val_top_5pct_lift_delta_vs_frozen_ar,0.0021869316697120667,0.02917873114347458,0.09273362904787064,true_train_and_true_inner_val_selection
residual_future_max_delta_rows_4_10,continuous,current_row_mlp_residual,shuffled_pca_residual,20260626,3,0.018182812607847154,-0.0003192201256752014,-0.0003192201256752014,inner_val_top_5pct_lift_delta_vs_frozen_ar,0.0022320786956697702,0.06814690679311752,0.3301100730895996,true_train_and_true_inner_val_selection
residual_future_max_delta_rows_4_10,continuous,current_row_mlp_residual,shuffled_pca_residual,20260626,4,0.018108868738636374,-0.0012931972742080688,-0.0012931972742080688,inner_val_top_5pct_lift_delta_vs_frozen_ar,0.0022813049145042896,0.140582874417305,0.7419319152832031,true_train_and_true_inner_val_selection
residual_future_max_delta_rows_4_10,continuous,current_row_mlp_residual,shuffled_pca_residual,20260626,5,0.018035523942671716,-0.0017051994800567627,-0.0017051994800567627,inner_val_top_5pct_lift_delta_vs_frozen_ar,0.0023102506529539824,0.18211954832077026,0.892160177230835,true_train_and_true_inner_val_selection
residual_future_max_delta_rows_4_10,continuous,current_row_mlp_residual,shuffled_pca_residual,20260626,6,0.0179656317923218,-0.0005592852830886841,-0.0005592852830886841,inner_val_top_5pct_lift_delta_vs_frozen_ar,0.002298187231644988,0.17789818346500397,0.8806959986686707,true_train_and_true_inner_val_selection
residual_future_max_delta_rows_4_10,continuous,current_row_mlp_residual,shuffled_pca_residual,20260626,7,0.018131169374100864,0.000434093177318573,0.000434093177318573,inner_val_top_5pct_lift_delta_vs_frozen_ar,0.002302879700437188,0.18362559378147125,0.8962887525558472,true_train_and_true_inner_val_selection
residual_future_max_delta_rows_4_10,continuous,current_row_mlp_residual,shuffled_pca_residual,20260626,8,0.017938072909601033,0.00039418041706085205,0.00039418041706085205,inner_val_top_5pct_lift_delta_vs_frozen_ar,0.0023068489972501993,0.18234415352344513,0.8928412795066833,true_train_and_true_inner_val_selection
residual_future_max_delta_rows_4_10,continuous,current_row_mlp_residual,shuffled_pca_residual,20260626,9,0.017970782122574747,0.0008421987295150757,0.0008421987295150757,inner_val_top_5pct_lift_delta_vs_frozen_ar,0.0023100050166249275,0.18350251019001007,0.8957537412643433,true_train_and_true_inner_val_selection
residual_future_max_delta_rows_4_10,continuous,current_row_mlp_residual,shuffled_pca_residual,20260626,10,0.017950949142687023,0.0010449960827827454,0.0010449960827827454,inner_val_top_5pct_lift_delta_vs_frozen_ar,0.002315777586773038,0.18597549200057983,0.9020480513572693,true_train_and_true_inner_val_selection
residual_future_max_delta_rows_4_10,continuous,current_row_mlp_residual,shuffled_pca_residual,20260626,11,0.017988344188779593,-0.0006978511810302734,-0.0006978511810302734,inner_val_top_5pct_lift_delta_vs_frozen_ar,0.002321046544238925,0.18769484758377075,0.9058472514152527,true_train_and_true_inner_val_selection
residual_future_max_delta_rows_4_10,continuous,current_row_mlp_residual,shuffled_pca_residual,20260626,12,0.01786865887697786,-0.0027537494897842407,-0.0027537494897842407,inner_val_top_5pct_lift_delta_vs_frozen_ar,0.0023295411374419928,0.19148015975952148,0.9146037101745605,true_train_and_true_inner_val_selection
residual_future_max_delta_rows_4_10,continuous,current_row_mlp_residual,shuffled_pca_residual,20260626,13,0.017968292231671512,-0.0024933964014053345,-0.0024933964014053345,inner_val_top_5pct_lift_delta_vs_frozen_ar,0.002335767261683941,0.19361719489097595,0.9191564917564392,true_train_and_true_inner_val_selection
residual_future_max_delta_rows_4_10,continuous,current_row_mlp_residual,shuffled_pca_residual,20260626,14,0.0178771746577695,-0.004831679165363312,-0.004831679165363312,inner_val_top_5pct_lift_delta_vs_frozen_ar,0.002346349647268653,0.19951298832893372,0.9310426712036133,true_train_and_true_inner_val_selection
residual_future_max_delta_rows_4_10,continuous,current_row_mlp_residual,shuffled_pca_residual,20260626,15,0.017871669377200305,-0.008049912750720978,-0.008049912750720978,inner_val_top_5pct_lift_delta_vs_frozen_ar,0.002355946460738778,0.2054549902677536,0.9418216347694397,true_train_and_true_inner_val_selection
residual_future_max_delta_rows_4_10,continuous,current_row_mlp_residual,shuffled_pca_residual,20260626,16,0.01789291691966355,-0.007146410644054413,-0.007146410644054413,inner_val_top_5pct_lift_delta_vs_frozen_ar,0.0023651295341551304,0.21035149693489075,0.9496144652366638,true_train_and_true_inner_val_selection
residual_future_max_delta_rows_4_10,continuous,current_row_mlp_residual,shuffled_pca_residual,20260626,17,0.017929418361745775,-0.0074361711740493774,-0.0074361711740493774,inner_val_top_5pct_lift_delta_vs_frozen_ar,0.0023721784818917513,0.21487894654273987,0.9562528133392334,true_train_and_true_inner_val_selection
residual_future_max_delta_rows_4_10,continuous,current_row_mlp_residual,shuffled_pca_residual,20260626,18,0.017933354363776743,-0.007596500217914581,-0.007596500217914581,inner_val_top_5pct_lift_delta_vs_frozen_ar,0.002381405094638467,0.22029754519462585,0.9634866118431091,true_train_and_true_inner_val_selection
residual_future_max_delta_rows_4_10,continuous,current_row_mlp_residual,random_pca_residual,20260626,1,0.01811099098995328,7.561594247817993e-05,7.561594247817993e-05,inner_val_top_5pct_lift_delta_vs_frozen_ar,0.0021608134265989065,0.021529395133256912,0.047385480254888535,true_train_and_true_inner_val_selection
residual_future_max_delta_rows_4_10,continuous,current_row_mlp_residual,random_pca_residual,20260626,2,0.01821790332905948,7.561594247817993e-05,7.561594247817993e-05,inner_val_top_5pct_lift_delta_vs_frozen_ar,0.0021876392420381308,0.028876593336462975,0.09215597808361053,true_train_and_true_inner_val_selection
residual_future_max_delta_rows_4_10,continuous,current_row_mlp_residual,random_pca_residual,20260626,3,0.018193161231465638,4.090368747711182e-06,4.090368747711182e-06,inner_val_top_5pct_lift_delta_vs_frozen_ar,0.0022321189753711224,0.06606520712375641,0.3191561698913574,true_train_and_true_inner_val_selection
residual_future_max_delta_rows_4_10,continuous,current_row_mlp_residual,random_pca_residual,20260626,4,0.01810186600778252,-2.9802322387695312e-05,-2.9802322387695312e-05,inner_val_top_5pct_lift_delta_vs_frozen_ar,0.0022811663802713156,0.13715222477912903,0.7276977300643921,true_train_and_true_inner_val_selection
residual_future_max_delta_rows_4_10,continuous,current_row_mlp_residual,random_pca_residual,20260626,5,0.017971580964513123,-0.0006812065839767456,-0.0006812065839767456,inner_val_top_5pct_lift_delta_vs_frozen_ar,0.002312380587682128,0.1839805692434311,0.897290050983429,true_train_and_true_inner_val_selection
residual_future_max_delta_rows_4_10,continuous,current_row_mlp_residual,random_pca_residual,20260626,6,0.01797609427012503,0.0008482784032821655,0.0008482784032821655,inner_val_top_5pct_lift_delta_vs_frozen_ar,0.0023013302125036716,0.1798848956823349,0.8874405026435852,true_train_and_true_inner_val_selection
residual_future_max_delta_rows_4_10,continuous,current_row_mlp_residual,random_pca_residual,20260626,7,0.017918532714247704,0.0015140324831008911,0.0015140324831008911,inner_val_top_5pct_lift_delta_vs_frozen_ar,0.0023053453769534826,0.18239504098892212,0.8939217329025269,true_train_and_true_inner_val_selection
residual_future_max_delta_rows_4_10,continuous,current_row_mlp_residual,random_pca_residual,20260626,8,0.017988485167734325,0.0009629800915718079,0.0009629800915718079,inner_val_top_5pct_lift_delta_vs_frozen_ar,0.002308653434738517,0.1825379729270935,0.8941773176193237,true_train_and_true_inner_val_selection
residual_future_max_delta_rows_4_10,continuous,current_row_mlp_residual,random_pca_residual,20260626,9,0.01800291263498366,-0.0013640820980072021,-0.0013640820980072021,inner_val_top_5pct_lift_delta_vs_frozen_ar,0.002316066762432456,0.18430081009864807,0.8976971507072449,true_train_and_true_inner_val_selection
residual_future_max_delta_rows_4_10,continuous,current_row_mlp_residual,random_pca_residual,20260626,10,0.01798203238286078,-0.0007929205894470215,-0.0007929205894470215,inner_val_top_5pct_lift_delta_vs_frozen_ar,0.0023224540054798126,0.18593846261501312,0.9011445641517639,true_train_and_true_inner_val_selection
residual_future_max_delta_rows_4_10,continuous,current_row_mlp_residual,random_pca_residual,20260626,11,0.017973998095840216,-0.003584727644920349,-0.003584727644920349,inner_val_top_5pct_lift_delta_vs_frozen_ar,0.002330401912331581,0.18996106088161469,0.9098431468009949,true_train_and_true_inner_val_selection
residual_future_max_delta_rows_4_10,continuous,current_row_mlp_residual,random_pca_residual,20260626,12,0.01801908214110881,-0.004337117075920105,-0.004337117075920105,inner_val_top_5pct_lift_delta_vs_frozen_ar,0.0023396199103444815,0.19473864138126373,0.9204275608062744,true_train_and_true_inner_val_selection
residual_future_max_delta_rows_4_10,continuous,current_row_mlp_residual,random_pca_residual,20260626,13,0.017969322972930968,-0.005524478852748871,-0.005524478852748871,inner_val_top_5pct_lift_delta_vs_frozen_ar,0.002349390648305416,0.200810045003891,0.9325186610221863,true_train_and_true_inner_val_selection
residual_future_max_delta_rows_4_10,continuous,current_row_mlp_residual,random_pca_residual,20260626,14,0.018041291390545666,-0.006698451936244965,-0.006698451936244965,inner_val_top_5pct_lift_delta_vs_frozen_ar,0.0023597655817866325,0.20599286258220673,0.9420113563537598,true_train_and_true_inner_val_selection
residual_future_max_delta_rows_4_10,continuous,current_row_mlp_residual,random_pca_residual,20260626,15,0.017835402977652848,-0.008792459964752197,-0.008792459964752197,inner_val_top_5pct_lift_delta_vs_frozen_ar,0.00237114611081779,0.21326102316379547,0.9535384774208069,true_train_and_true_inner_val_selection
residual_future_max_delta_rows_4_10,continuous,current_row_mlp_residual,label_permutation_residual,20260626,1,0.020200972096063197,-4.656612873077393e-10,-4.656612873077393e-10,inner_val_top_5pct_lift_delta_vs_frozen_ar,0.0021701150108128786,0.022858262062072754,0.0518224872648716,permuted_train_and_permuted_inner_val_selection
residual_future_max_delta_rows_4_10,continuous,current_row_mlp_residual,label_permutation_residual,20260626,2,0.020235229516401887,-2.3283064365386963e-10,-2.3283064365386963e-10,inner_val_top_5pct_lift_delta_vs_frozen_ar,0.0021987082436680794,0.025460323318839073,0.06806344538927078,permuted_train_and_permuted_inner_val_selection
residual_future_max_delta_rows_4_10,continuous,current_row_mlp_residual,label_permutation_residual,20260626,3,0.020179693587124348,0.00013025803491473198,0.00013025803491473198,inner_val_top_5pct_lift_delta_vs_frozen_ar,0.0022373003885149956,0.04018152132630348,0.14418308436870575,permuted_train_and_permuted_inner_val_selection
residual_future_max_delta_rows_4_10,continuous,current_row_mlp_residual,label_permutation_residual,20260626,4,0.020203464082442224,-0.0001882985234260559,-0.0001882985234260559,inner_val_top_5pct_lift_delta_vs_frozen_ar,0.002283219713717699,0.08608336746692657,0.3940681517124176,permuted_train_and_permuted_inner_val_selection
residual_future_max_delta_rows_4_10,continuous,current_row_mlp_residual,label_permutation_residual,20260626,5,0.020168802235275507,0.003397568827494979,0.003397568827494979,inner_val_top_5pct_lift_delta_vs_frozen_ar,0.0023313756100833416,0.15324707329273224,0.7366563081741333,permuted_train_and_permuted_inner_val_selection
residual_future_max_delta_rows_4_10,continuous,current_row_mlp_residual,label_permutation_residual,20260626,6,0.02011053159367293,0.002554018617956899,0.002554018617956899,inner_val_top_5pct_lift_delta_vs_frozen_ar,0.002347329631447792,0.18977700173854828,0.8554012775421143,permuted_train_and_permuted_inner_val_selection
residual_future_max_delta_rows_4_10,continuous,current_row_mlp_residual,label_permutation_residual,20260626,7,0.020143280969932675,0.0033031070488505065,0.0033031070488505065,inner_val_top_5pct_lift_delta_vs_frozen_ar,0.0023438259959220886,0.20154103636741638,0.8809730410575867,permuted_train_and_permuted_inner_val_selection
residual_future_max_delta_rows_4_10,continuous,current_row_mlp_residual,label_permutation_residual,20260626,8,0.020182773820124567,0.0036175973946228623,0.0036175973946228623,inner_val_top_5pct_lift_delta_vs_frozen_ar,0.0023483019322156906,0.2141803652048111,0.905189573764801,permuted_train_and_permuted_inner_val_selection
residual_future_max_delta_rows_4_10,continuous,current_row_mlp_residual,label_permutation_residual,20260626,9,0.02005770127288997,0.0037189063150435686,0.0037189063150435686,inner_val_top_5pct_lift_delta_vs_frozen_ar,0.0023533166386187077,0.22559137642383575,0.9244434833526611,permuted_train_and_permuted_inner_val_selection
residual_future_max_delta_rows_4_10,continuous,current_row_mlp_residual,label_permutation_residual,20260626,10,0.020127181545831263,0.0037918114103376865,0.0037918114103376865,inner_val_top_5pct_lift_delta_vs_frozen_ar,0.0023596524260938168,0.23544706404209137,0.939591646194458,permuted_train_and_permuted_inner_val_selection
residual_future_max_delta_rows_4_10,continuous,current_row_mlp_residual,label_permutation_residual,20260626,11,0.020034274784848094,0.003138597938232124,0.003138597938232124,inner_val_top_5pct_lift_delta_vs_frozen_ar,0.002369976369664073,0.24649102985858917,0.9528965950012207,permuted_train_and_permuted_inner_val_selection
residual_future_max_delta_rows_4_10,continuous,current_row_mlp_residual,label_permutation_residual,20260626,12,0.020064770244061947,0.0035677195992320776,0.0035677195992320776,inner_val_top_5pct_lift_delta_vs_frozen_ar,0.0023821908980607986,0.2564319670200348,0.9629610776901245,permuted_train_and_permuted_inner_val_selection
residual_future_max_delta_rows_4_10,continuous,current_row_mlp_residual,label_permutation_residual,20260626,13,0.02002330857794732,0.0022292395296972245,0.0022292395296972245,inner_val_top_5pct_lift_delta_vs_frozen_ar,0.0023938727099448442,0.26683855056762695,0.9722315073013306,permuted_train_and_permuted_inner_val_selection
residual_future_max_delta_rows_4_10,continuous,current_row_mlp_residual,label_permutation_residual,20260626,14,0.020139176514931023,0.0010930364951491356,0.0010930364951491356,inner_val_top_5pct_lift_delta_vs_frozen_ar,0.002408362925052643,0.2775055766105652,0.9792450070381165,permuted_train_and_permuted_inner_val_selection
residual_future_max_delta_rows_4_10,continuous,current_row_mlp_residual,label_permutation_residual,20260626,15,0.02012023178394884,0.0014829648425802588,0.0014829648425802588,inner_val_top_5pct_lift_delta_vs_frozen_ar,0.002422573510557413,0.28609248995780945,0.9840132594108582,permuted_train_and_permuted_inner_val_selection
residual_future_max_delta_rows_4_10,continuous,current_row_mlp_residual,label_permutation_residual,20260626,16,0.019943753140978515,-0.00014326837845146656,-0.00014326837845146656,inner_val_top_5pct_lift_delta_vs_frozen_ar,0.0024352483451366425,0.29570817947387695,0.9881470799446106,permuted_train_and_permuted_inner_val_selection
residual_future_max_delta_rows_4_10,continuous,current_row_mlp_residual,label_permutation_residual,20260626,17,0.01998496090527624,4.195212386548519e-05,4.195212386548519e-05,inner_val_top_5pct_lift_delta_vs_frozen_ar,0.002445771126076579,0.30156210064888,0.9901927709579468,permuted_train_and_permuted_inner_val_selection
residual_future_max_delta_rows_4_10,continuous,current_row_mlp_residual,label_permutation_residual,20260626,18,0.020043392200022936,0.000313060125336051,0.000313060125336051,inner_val_top_5pct_lift_delta_vs_frozen_ar,0.002454568864777684,0.3067510724067688,0.9918480515480042,permuted_train_and_permuted_inner_val_selection
residual_future_max_delta_rows_4_10,continuous,current_row_mlp_residual,train_only_video_mean_residual,20260626,1,0.018174928496591747,0.0,0.0,inner_val_top_5pct_lift_delta_vs_frozen_ar,0.0021664919331669807,0.022244106978178024,0.0511820949614048,true_train_and_true_inner_val_selection
residual_future_max_delta_rows_4_10,continuous,current_row_mlp_residual,train_only_video_mean_residual,20260626,2,0.018149585463106632,7.450580596923828e-09,7.450580596923828e-09,inner_val_top_5pct_lift_delta_vs_frozen_ar,0.0022043136414140463,0.04257940500974655,0.18908122181892395,true_train_and_true_inner_val_selection
residual_future_max_delta_rows_4_10,continuous,current_row_mlp_residual,train_only_video_mean_residual,20260626,3,0.01814649044536054,-0.002499096095561981,-0.002499096095561981,inner_val_top_5pct_lift_delta_vs_frozen_ar,0.0022517084144055843,0.10693418234586716,0.7334662079811096,true_train_and_true_inner_val_selection
residual_future_max_delta_rows_4_10,continuous,current_row_mlp_residual,train_only_video_mean_residual,20260626,4,0.018077614018693566,-0.006238095462322235,-0.006238095462322235,inner_val_top_5pct_lift_delta_vs_frozen_ar,0.00229920307174325,0.16434013843536377,0.9583370685577393,true_train_and_true_inner_val_selection
residual_future_max_delta_rows_4_10,continuous,current_row_mlp_residual,train_only_video_mean_residual,20260626,5,0.01792780589312315,-0.009123273193836212,-0.009123273193836212,inner_val_top_5pct_lift_delta_vs_frozen_ar,0.0023041453678160906,0.19827492535114288,0.9817584156990051,true_train_and_true_inner_val_selection
residual_future_max_delta_rows_4_10,continuous,current_row_mlp_residual,train_only_video_mean_residual,20260626,6,0.01785168331116438,-0.011852677911520004,-0.011852677911520004,inner_val_top_5pct_lift_delta_vs_frozen_ar,0.0023164486046880484,0.22323524951934814,0.9903655052185059,true_train_and_true_inner_val_selection
residual_future_max_delta_rows_4_10,continuous,current_row_mlp_residual,train_only_video_mean_residual,20260626,7,0.01780741079710424,-0.013536319136619568,-0.013536319136619568,inner_val_top_5pct_lift_delta_vs_frozen_ar,0.0023296386934816837,0.2373889833688736,0.993706464767456,true_train_and_true_inner_val_selection
residual_future_max_delta_rows_4_10,continuous,current_row_mlp_residual,train_only_video_mean_residual,20260626,8,0.017770390841178596,-0.016996506601572037,-0.016996506601572037,inner_val_top_5pct_lift_delta_vs_frozen_ar,0.002350205322727561,0.24857190251350403,0.9956813454627991,true_train_and_true_inner_val_selection
residual_future_max_delta_rows_4_10,continuous,current_row_mlp_residual,train_only_video_mean_residual,20260626,9,0.0176906205015257,-0.020021583884954453,-0.020021583884954453,inner_val_top_5pct_lift_delta_vs_frozen_ar,0.002369912574067712,0.25950291752815247,0.9970368146896362,true_train_and_true_inner_val_selection
residual_future_max_delta_rows_4_10,continuous,current_row_mlp_residual,train_only_video_mean_residual,20260626,10,0.017580734100192785,-0.022325679659843445,-0.022325679659843445,inner_val_top_5pct_lift_delta_vs_frozen_ar,0.0023961581755429506,0.27098342776298523,0.9980596303939819,true_train_and_true_inner_val_selection
residual_future_max_delta_rows_4_10,continuous,current_row_mlp_residual,diagnostics_only_residual,20260626,1,0.01811524259392172,7.450580596923828e-09,7.450580596923828e-09,inner_val_top_5pct_lift_delta_vs_frozen_ar,0.0021766384597867727,0.026984820142388344,0.08276349306106567,true_train_and_true_inner_val_selection
residual_future_max_delta_rows_4_10,continuous,current_row_mlp_residual,diagnostics_only_residual,20260626,2,0.018194456002674997,-0.0007127895951271057,-0.0007127895951271057,inner_val_top_5pct_lift_delta_vs_frozen_ar,0.002220490714535117,0.06546752154827118,0.32533037662506104,true_train_and_true_inner_val_selection
residual_future_max_delta_rows_4_10,continuous,current_row_mlp_residual,diagnostics_only_residual,20260626,3,0.01808642118703574,-0.0006935596466064453,-0.0006935596466064453,inner_val_top_5pct_lift_delta_vs_frozen_ar,0.002269417978823185,0.13900861144065857,0.7408170700073242,true_train_and_true_inner_val_selection
residual_future_max_delta_rows_4_10,continuous,current_row_mlp_residual,diagnostics_only_residual,20260626,4,0.018040998023934662,0.0010981485247612,0.0010981485247612,inner_val_top_5pct_lift_delta_vs_frozen_ar,0.002298771869391203,0.18063364923000336,0.8911321759223938,true_train_and_true_inner_val_selection
residual_future_max_delta_rows_4_10,continuous,current_row_mlp_residual,diagnostics_only_residual,20260626,5,0.018064792035147548,0.002731606364250183,0.002731606364250183,inner_val_top_5pct_lift_delta_vs_frozen_ar,0.002287826966494322,0.18053483963012695,0.8914551138877869,true_train_and_true_inner_val_selection
residual_future_max_delta_rows_4_10,continuous,current_row_mlp_residual,diagnostics_only_residual,20260626,6,0.01800479565281421,0.0014194995164871216,0.0014194995164871216,inner_val_top_5pct_lift_delta_vs_frozen_ar,0.002291884971782565,0.18631547689437866,0.906952440738678,true_train_and_true_inner_val_selection
residual_future_max_delta_rows_4_10,continuous,current_row_mlp_residual,diagnostics_only_residual,20260626,7,0.0180527709890157,0.0021767020225524902,0.0021767020225524902,inner_val_top_5pct_lift_delta_vs_frozen_ar,0.0022904984652996063,0.18804538249969482,0.9114220142364502,true_train_and_true_inner_val_selection
residual_future_max_delta_rows_4_10,continuous,current_row_mlp_residual,diagnostics_only_residual,20260626,8,0.0179923897376284,0.002357304096221924,0.002357304096221924,inner_val_top_5pct_lift_delta_vs_frozen_ar,0.0022923187352716923,0.1934734284877777,0.9237027168273926,true_train_and_true_inner_val_selection
residual_future_max_delta_rows_4_10,continuous,current_row_mlp_residual,diagnostics_only_residual,20260626,9,0.01802307541947812,0.0030963867902755737,0.0030963867902755737,inner_val_top_5pct_lift_delta_vs_frozen_ar,0.00229512806981802,0.19838771224021912,0.9337258338928223,true_train_and_true_inner_val_selection
residual_future_max_delta_rows_4_10,continuous,current_row_mlp_residual,diagnostics_only_residual,20260626,10,0.01811543630901724,0.0018913373351097107,0.0018913373351097107,inner_val_top_5pct_lift_delta_vs_frozen_ar,0.0022958028130233288,0.20331864058971405,0.9423437714576721,true_train_and_true_inner_val_selection
residual_future_max_delta_rows_4_10,continuous,current_row_mlp_residual,diagnostics_only_residual,20260626,11,0.017968695028685033,0.0011475682258605957,0.0011475682258605957,inner_val_top_5pct_lift_delta_vs_frozen_ar,0.0022997925989329815,0.21030502021312714,0.9537315368652344,true_train_and_true_inner_val_selection
residual_future_max_delta_rows_4_10,continuous,current_row_mlp_residual,diagnostics_only_residual,20260626,12,0.017987623810768127,0.002110585570335388,0.002110585570335388,inner_val_top_5pct_lift_delta_vs_frozen_ar,0.0023021262604743242,0.21631531417369843,0.9619936347007751,true_train_and_true_inner_val_selection
residual_future_max_delta_rows_4_10,continuous,current_row_mlp_residual,diagnostics_only_residual,20260626,13,0.01800003496464342,0.0016268789768218994,0.0016268789768218994,inner_val_top_5pct_lift_delta_vs_frozen_ar,0.0023041144013404846,0.22352580726146698,0.970318615436554,true_train_and_true_inner_val_selection
residual_future_max_delta_rows_4_10,continuous,current_row_mlp_residual,diagnostics_only_residual,20260626,14,0.018026620848104358,0.000888824462890625,0.000888824462890625,inner_val_top_5pct_lift_delta_vs_frozen_ar,0.0023074920754879713,0.23118947446346283,0.9776998162269592,true_train_and_true_inner_val_selection
residual_future_max_delta_rows_4_10,continuous,current_row_mlp_residual,diagnostics_only_residual,20260626,15,0.018030580948106945,0.0014828070998191833,0.0014828070998191833,inner_val_top_5pct_lift_delta_vs_frozen_ar,0.0023118385579437017,0.23939216136932373,0.9839923977851868,true_train_and_true_inner_val_selection
residual_future_max_delta_rows_4_10,continuous,current_row_mlp_residual,diagnostics_only_residual,20260626,16,0.018017387948930264,0.002679973840713501,0.002679973840713501,inner_val_top_5pct_lift_delta_vs_frozen_ar,0.0023163771256804466,0.24772322177886963,0.9888639450073242,true_train_and_true_inner_val_selection
residual_future_max_delta_rows_4_10,continuous,current_row_mlp_residual,diagnostics_only_residual,20260626,17,0.017954950453713536,0.00178508460521698,0.00178508460521698,inner_val_top_5pct_lift_delta_vs_frozen_ar,0.0023213038221001625,0.25632306933403015,0.9925664067268372,true_train_and_true_inner_val_selection
residual_future_max_delta_rows_4_10,continuous,current_row_mlp_residual,real_residual,20260627,1,0.01811047235969454,0.0,0.0,inner_val_top_5pct_lift_delta_vs_frozen_ar,0.0021403254941105843,0.025108961388468742,0.05432548373937607,true_train_and_true_inner_val_selection
residual_future_max_delta_rows_4_10,continuous,current_row_mlp_residual,real_residual,20260627,2,0.018102445523254573,0.0,0.0,inner_val_top_5pct_lift_delta_vs_frozen_ar,0.0021332879550755024,0.02880282886326313,0.0735064446926117,true_train_and_true_inner_val_selection
residual_future_max_delta_rows_4_10,continuous,current_row_mlp_residual,real_residual,20260627,3,0.018171151517890394,3.0450522899627686e-05,3.0450522899627686e-05,inner_val_top_5pct_lift_delta_vs_frozen_ar,0.0021552778780460358,0.03188365325331688,0.08911213278770447,true_train_and_true_inner_val_selection
residual_future_max_delta_rows_4_10,continuous,current_row_mlp_residual,real_residual,20260627,4,0.0181452069664374,0.00028818100690841675,0.00028818100690841675,inner_val_top_5pct_lift_delta_vs_frozen_ar,0.0021856685634702444,0.03946303576231003,0.12785309553146362,true_train_and_true_inner_val_selection
residual_future_max_delta_rows_4_10,continuous,current_row_mlp_residual,real_residual,20260627,5,0.01808569033164531,0.00014769285917282104,0.00014769285917282104,inner_val_top_5pct_lift_delta_vs_frozen_ar,0.002220609923824668,0.07541900128126144,0.32224559783935547,true_train_and_true_inner_val_selection
residual_future_max_delta_rows_4_10,continuous,current_row_mlp_residual,real_residual,20260627,6,0.018058596760965884,0.001455649733543396,0.001455649733543396,inner_val_top_5pct_lift_delta_vs_frozen_ar,0.0022649033926427364,0.1296115219593048,0.6265957951545715,true_train_and_true_inner_val_selection
residual_future_max_delta_rows_4_10,continuous,current_row_mlp_residual,real_residual,20260627,7,0.01802489976398647,0.0024820417165756226,0.0024820417165756226,inner_val_top_5pct_lift_delta_vs_frozen_ar,0.0023066196590662003,0.1474791318178177,0.7215821146965027,true_train_and_true_inner_val_selection
residual_future_max_delta_rows_4_10,continuous,current_row_mlp_residual,real_residual,20260627,8,0.017949928995221853,0.005690552294254303,0.005690552294254303,inner_val_top_5pct_lift_delta_vs_frozen_ar,0.002346685854718089,0.16972360014915466,0.807407796382904,true_train_and_true_inner_val_selection
residual_future_max_delta_rows_4_10,continuous,current_row_mlp_residual,real_residual,20260627,9,0.017852957593277097,0.00784127414226532,0.00784127414226532,inner_val_top_5pct_lift_delta_vs_frozen_ar,0.002389012137427926,0.21640165150165558,0.9167852401733398,true_train_and_true_inner_val_selection
residual_future_max_delta_rows_4_10,continuous,current_row_mlp_residual,real_residual,20260627,10,0.01769534929189831,-0.0023916959762573242,-0.0023916959762573242,inner_val_top_5pct_lift_delta_vs_frozen_ar,0.0024284294340759516,0.26192232966423035,0.9682127833366394,true_train_and_true_inner_val_selection
residual_future_max_delta_rows_4_10,continuous,current_row_mlp_residual,real_residual,20260627,11,0.017561101238243282,-0.0018758922815322876,-0.0018758922815322876,inner_val_top_5pct_lift_delta_vs_frozen_ar,0.0024575793650001287,0.28913745284080505,0.9843504428863525,true_train_and_true_inner_val_selection
residual_future_max_delta_rows_4_10,continuous,current_row_mlp_residual,real_residual,20260627,12,0.017616931931115687,-0.006035409867763519,-0.006035409867763519,inner_val_top_5pct_lift_delta_vs_frozen_ar,0.0024733557365834713,0.30147799849510193,0.98922199010849,true_train_and_true_inner_val_selection
residual_future_max_delta_rows_4_10,continuous,current_row_mlp_residual,real_residual,20260627,13,0.01750551862642169,-0.007426559925079346,-0.007426559925079346,inner_val_top_5pct_lift_delta_vs_frozen_ar,0.0024872953072190285,0.3104579448699951,0.991888701915741,true_train_and_true_inner_val_selection
residual_future_max_delta_rows_4_10,continuous,current_row_mlp_residual,real_residual,20260627,14,0.01738558616489172,-0.011013112962245941,-0.011013112962245941,inner_val_top_5pct_lift_delta_vs_frozen_ar,0.0025013298727571964,0.31696900725364685,0.9934092164039612,true_train_and_true_inner_val_selection
residual_future_max_delta_rows_4_10,continuous,current_row_mlp_residual,real_residual,20260627,15,0.01735166588332504,-0.011159710586071014,-0.011159710586071014,inner_val_top_5pct_lift_delta_vs_frozen_ar,0.0025168799329549074,0.32167401909828186,0.9944682121276855,true_train_and_true_inner_val_selection
residual_future_max_delta_rows_4_10,continuous,current_row_mlp_residual,real_residual,20260627,16,0.017279448453336954,-0.012551430612802505,-0.012551430612802505,inner_val_top_5pct_lift_delta_vs_frozen_ar,0.0025334178935736418,0.32567477226257324,0.9952138662338257,true_train_and_true_inner_val_selection
residual_future_max_delta_rows_4_10,continuous,current_row_mlp_residual,real_residual,20260627,17,0.017192581668496132,-0.01518665999174118,-0.01518665999174118,inner_val_top_5pct_lift_delta_vs_frozen_ar,0.002551366575062275,0.3296895921230316,0.9959543943405151,true_train_and_true_inner_val_selection
residual_future_max_delta_rows_4_10,continuous,current_row_mlp_residual,shuffled_pca_residual,20260627,1,0.018082435824908316,0.0,0.0,inner_val_top_5pct_lift_delta_vs_frozen_ar,0.002138605108484626,0.021214520558714867,0.044689103960990906,true_train_and_true_inner_val_selection
residual_future_max_delta_rows_4_10,continuous,current_row_mlp_residual,shuffled_pca_residual,20260627,2,0.01821153040509671,0.0,0.0,inner_val_top_5pct_lift_delta_vs_frozen_ar,0.0021188652608543634,0.021014248952269554,0.04374499246478081,true_train_and_true_inner_val_selection
residual_future_max_delta_rows_4_10,continuous,current_row_mlp_residual,shuffled_pca_residual,20260627,3,0.018075774190947413,0.0,0.0,inner_val_top_5pct_lift_delta_vs_frozen_ar,0.0021137569565325975,0.021886443719267845,0.04959807172417641,true_train_and_true_inner_val_selection
residual_future_max_delta_rows_4_10,continuous,current_row_mlp_residual,shuffled_pca_residual,20260627,4,0.018080092500895262,2.2836029529571533e-05,2.2836029529571533e-05,inner_val_top_5pct_lift_delta_vs_frozen_ar,0.002143328543752432,0.03726070746779442,0.14146167039871216,true_train_and_true_inner_val_selection
residual_future_max_delta_rows_4_10,continuous,current_row_mlp_residual,shuffled_pca_residual,20260627,5,0.01812702149618417,-0.0013307034969329834,-0.0013307034969329834,inner_val_top_5pct_lift_delta_vs_frozen_ar,0.002188535640016198,0.08931894600391388,0.4638008177280426,true_train_and_true_inner_val_selection
residual_future_max_delta_rows_4_10,continuous,current_row_mlp_residual,shuffled_pca_residual,20260627,6,0.018008228740654886,-0.0020634010434150696,-0.0020634010434150696,inner_val_top_5pct_lift_delta_vs_frozen_ar,0.0022335925605148077,0.15595318377017975,0.8070440888404846,true_train_and_true_inner_val_selection
residual_future_max_delta_rows_4_10,continuous,current_row_mlp_residual,shuffled_pca_residual,20260627,7,0.01798871997743845,-0.0015059113502502441,-0.0015059113502502441,inner_val_top_5pct_lift_delta_vs_frozen_ar,0.0022271359339356422,0.15443174540996552,0.8014236688613892,true_train_and_true_inner_val_selection
residual_future_max_delta_rows_4_10,continuous,current_row_mlp_residual,shuffled_pca_residual,20260627,8,0.018065969925373793,-0.0016797557473182678,-0.0016797557473182678,inner_val_top_5pct_lift_delta_vs_frozen_ar,0.0022283149883151054,0.15479622781276703,0.802044153213501,true_train_and_true_inner_val_selection
residual_future_max_delta_rows_4_10,continuous,current_row_mlp_residual,shuffled_pca_residual,20260627,9,0.017978388466872275,-0.0018905103206634521,-0.0018905103206634521,inner_val_top_5pct_lift_delta_vs_frozen_ar,0.0022324498277157545,0.15579092502593994,0.8056052327156067,true_train_and_true_inner_val_selection
residual_future_max_delta_rows_4_10,continuous,current_row_mlp_residual,shuffled_pca_residual,20260627,10,0.017978170537389815,-0.002719499170780182,-0.002719499170780182,inner_val_top_5pct_lift_delta_vs_frozen_ar,0.002235942520201206,0.1567888855934143,0.808758020401001,true_train_and_true_inner_val_selection
residual_future_max_delta_rows_4_10,continuous,current_row_mlp_residual,shuffled_pca_residual,20260627,11,0.01803630986250937,-0.003017149865627289,-0.003017149865627289,inner_val_top_5pct_lift_delta_vs_frozen_ar,0.0022401551250368357,0.1576705425977707,0.8107643127441406,true_train_and_true_inner_val_selection
residual_future_max_delta_rows_4_10,continuous,current_row_mlp_residual,shuffled_pca_residual,20260627,12,0.017877182108350098,-0.0037135034799575806,-0.0037135034799575806,inner_val_top_5pct_lift_delta_vs_frozen_ar,0.0022463330533355474,0.15856337547302246,0.8139021992683411,true_train_and_true_inner_val_selection
residual_future_max_delta_rows_4_10,continuous,current_row_mlp_residual,random_pca_residual,20260627,1,0.01802874554414302,0.0,0.0,inner_val_top_5pct_lift_delta_vs_frozen_ar,0.0021388705354183912,0.02115384303033352,0.044648777693510056,true_train_and_true_inner_val_selection
residual_future_max_delta_rows_4_10,continuous,current_row_mlp_residual,random_pca_residual,20260627,2,0.018224418396130204,0.0,0.0,inner_val_top_5pct_lift_delta_vs_frozen_ar,0.0021198235917836428,0.021061215549707413,0.044209957122802734,true_train_and_true_inner_val_selection
residual_future_max_delta_rows_4_10,continuous,current_row_mlp_residual,random_pca_residual,20260627,3,0.018167987698689103,-4.0180981159210205e-05,-4.0180981159210205e-05,inner_val_top_5pct_lift_delta_vs_frozen_ar,0.0021161469630897045,0.021874170750379562,0.049449678510427475,true_train_and_true_inner_val_selection
residual_future_max_delta_rows_4_10,continuous,current_row_mlp_residual,random_pca_residual,20260627,4,0.0181707605952397,-0.0006827861070632935,-0.0006827861070632935,inner_val_top_5pct_lift_delta_vs_frozen_ar,0.0021481176372617483,0.03802002966403961,0.1457781046628952,true_train_and_true_inner_val_selection
residual_future_max_delta_rows_4_10,continuous,current_row_mlp_residual,random_pca_residual,20260627,5,0.01811183732934296,-0.0011174604296684265,-0.0011174604296684265,inner_val_top_5pct_lift_delta_vs_frozen_ar,0.002194017870351672,0.0920359194278717,0.4790259003639221,true_train_and_true_inner_val_selection
residual_future_max_delta_rows_4_10,continuous,current_row_mlp_residual,random_pca_residual,20260627,6,0.01807271980214864,-0.0024311766028404236,-0.0024311766028404236,inner_val_top_5pct_lift_delta_vs_frozen_ar,0.0022382147144526243,0.15560948848724365,0.8053322434425354,true_train_and_true_inner_val_selection
residual_future_max_delta_rows_4_10,continuous,current_row_mlp_residual,random_pca_residual,20260627,7,0.018155056750401855,-0.00038567185401916504,-0.00038567185401916504,inner_val_top_5pct_lift_delta_vs_frozen_ar,0.0022307781036943197,0.1517464965581894,0.7903925180435181,true_train_and_true_inner_val_selection
residual_future_max_delta_rows_4_10,continuous,current_row_mlp_residual,random_pca_residual,20260627,8,0.0179933748440817,-9.150803089141846e-05,-9.150803089141846e-05,inner_val_top_5pct_lift_delta_vs_frozen_ar,0.0022314980160444975,0.15115299820899963,0.7872760891914368,true_train_and_true_inner_val_selection
residual_future_max_delta_rows_4_10,continuous,current_row_mlp_residual,label_permutation_residual,20260627,1,0.01995360536966473,-2.9103830456733704e-10,-2.9103830456733704e-10,inner_val_top_5pct_lift_delta_vs_frozen_ar,0.002138142241165042,0.02449851669371128,0.05068102851510048,permuted_train_and_permuted_inner_val_selection
residual_future_max_delta_rows_4_10,continuous,current_row_mlp_residual,label_permutation_residual,20260627,2,0.019910051254555583,0.0,0.0,inner_val_top_5pct_lift_delta_vs_frozen_ar,0.0021216252353042364,0.026213645935058594,0.060549069195985794,permuted_train_and_permuted_inner_val_selection
residual_future_max_delta_rows_4_10,continuous,current_row_mlp_residual,label_permutation_residual,20260627,3,0.019827201613225043,3.2014213502407074e-10,3.2014213502407074e-10,inner_val_top_5pct_lift_delta_vs_frozen_ar,0.0021266427356749773,0.030265484005212784,0.08030500262975693,permuted_train_and_permuted_inner_val_selection
residual_future_max_delta_rows_4_10,continuous,current_row_mlp_residual,label_permutation_residual,20260627,4,0.020023421966470778,0.00010968730202876031,0.00010968730202876031,inner_val_top_5pct_lift_delta_vs_frozen_ar,0.0021470726933330297,0.04125324264168739,0.13459478318691254,permuted_train_and_permuted_inner_val_selection
residual_future_max_delta_rows_4_10,continuous,current_row_mlp_residual,label_permutation_residual,20260627,5,0.019863655557855964,-0.00014688601368106902,-0.00014688601368106902,inner_val_top_5pct_lift_delta_vs_frozen_ar,0.0021811272017657757,0.07414386421442032,0.3091873526573181,permuted_train_and_permuted_inner_val_selection
residual_future_max_delta_rows_4_10,continuous,current_row_mlp_residual,label_permutation_residual,20260627,6,0.020000258344225585,-0.00033309452919638716,-0.00033309452919638716,inner_val_top_5pct_lift_delta_vs_frozen_ar,0.0022189023438841105,0.12585771083831787,0.588089108467102,permuted_train_and_permuted_inner_val_selection
residual_future_max_delta_rows_4_10,continuous,current_row_mlp_residual,label_permutation_residual,20260627,7,0.01988167897798121,0.0013920024211984128,0.0013920024211984128,inner_val_top_5pct_lift_delta_vs_frozen_ar,0.0022383350878953934,0.1678343415260315,0.7630499005317688,permuted_train_and_permuted_inner_val_selection
residual_future_max_delta_rows_4_10,continuous,current_row_mlp_residual,label_permutation_residual,20260627,8,0.019887964823283255,0.0012457914126571268,0.0012457914126571268,inner_val_top_5pct_lift_delta_vs_frozen_ar,0.0022367509081959724,0.1832675039768219,0.8086803555488586,permuted_train_and_permuted_inner_val_selection
residual_future_max_delta_rows_4_10,continuous,current_row_mlp_residual,label_permutation_residual,20260627,9,0.0199957808945328,0.0007900863129179925,0.0007900863129179925,inner_val_top_5pct_lift_delta_vs_frozen_ar,0.002248033182695508,0.19972248375415802,0.8521378636360168,permuted_train_and_permuted_inner_val_selection
residual_future_max_delta_rows_4_10,continuous,current_row_mlp_residual,label_permutation_residual,20260627,10,0.01994269003625959,-2.7537025744095445e-05,-2.7537025744095445e-05,inner_val_top_5pct_lift_delta_vs_frozen_ar,0.002257793676108122,0.21241262555122375,0.8809826970100403,permuted_train_and_permuted_inner_val_selection
residual_future_max_delta_rows_4_10,continuous,current_row_mlp_residual,label_permutation_residual,20260627,11,0.01994389295578003,-0.0002818026250679395,-0.0002818026250679395,inner_val_top_5pct_lift_delta_vs_frozen_ar,0.0022609627339988947,0.22213532030582428,0.8984222412109375,permuted_train_and_permuted_inner_val_selection
residual_future_max_delta_rows_4_10,continuous,current_row_mlp_residual,label_permutation_residual,20260627,12,0.019820871180854738,0.0002513449580874294,0.0002513449580874294,inner_val_top_5pct_lift_delta_vs_frozen_ar,0.002275650855153799,0.240135058760643,0.9290727376937866,permuted_train_and_permuted_inner_val_selection
residual_future_max_delta_rows_4_10,continuous,current_row_mlp_residual,label_permutation_residual,20260627,13,0.019953590584918857,0.0008039071399252862,0.0008039071399252862,inner_val_top_5pct_lift_delta_vs_frozen_ar,0.0022891671396791935,0.2517266571521759,0.9452183246612549,permuted_train_and_permuted_inner_val_selection
residual_future_max_delta_rows_4_10,continuous,current_row_mlp_residual,label_permutation_residual,20260627,14,0.019804406561888754,0.00028109850245527923,0.00028109850245527923,inner_val_top_5pct_lift_delta_vs_frozen_ar,0.0023064815904945135,0.26601359248161316,0.9612728357315063,permuted_train_and_permuted_inner_val_selection
residual_future_max_delta_rows_4_10,continuous,current_row_mlp_residual,label_permutation_residual,20260627,15,0.019897309131920338,0.0003522165061440319,0.0003522165061440319,inner_val_top_5pct_lift_delta_vs_frozen_ar,0.002319826977327466,0.27543678879737854,0.9696656465530396,permuted_train_and_permuted_inner_val_selection
residual_future_max_delta_rows_4_10,continuous,current_row_mlp_residual,train_only_video_mean_residual,20260627,1,0.018251926638185978,0.0,0.0,inner_val_top_5pct_lift_delta_vs_frozen_ar,0.0021403052378445864,0.021789535880088806,0.048652198165655136,true_train_and_true_inner_val_selection
residual_future_max_delta_rows_4_10,continuous,current_row_mlp_residual,train_only_video_mean_residual,20260627,2,0.01812548015732318,0.0,0.0,inner_val_top_5pct_lift_delta_vs_frozen_ar,0.0021320166997611523,0.027180718258023262,0.0777784138917923,true_train_and_true_inner_val_selection
residual_future_max_delta_rows_4_10,continuous,current_row_mlp_residual,train_only_video_mean_residual,20260627,3,0.018133215024136007,-0.00010351836681365967,-0.00010351836681365967,inner_val_top_5pct_lift_delta_vs_frozen_ar,0.0021637489553540945,0.05592880770564079,0.27316129207611084,true_train_and_true_inner_val_selection
residual_future_max_delta_rows_4_10,continuous,current_row_mlp_residual,train_only_video_mean_residual,20260627,4,0.018179779639467597,0.0012348517775535583,0.0012348517775535583,inner_val_top_5pct_lift_delta_vs_frozen_ar,0.0022106622345745564,0.11846259981393814,0.7785263657569885,true_train_and_true_inner_val_selection
residual_future_max_delta_rows_4_10,continuous,current_row_mlp_residual,train_only_video_mean_residual,20260627,5,0.018177008256316185,0.002619236707687378,0.002619236707687378,inner_val_top_5pct_lift_delta_vs_frozen_ar,0.002259432105347514,0.169125497341156,0.9500797390937805,true_train_and_true_inner_val_selection
residual_future_max_delta_rows_4_10,continuous,current_row_mlp_residual,train_only_video_mean_residual,20260627,6,0.017996952636167407,0.0002900436520576477,0.0002900436520576477,inner_val_top_5pct_lift_delta_vs_frozen_ar,0.0023052161559462547,0.2219989001750946,0.9865902662277222,true_train_and_true_inner_val_selection
residual_future_max_delta_rows_4_10,continuous,current_row_mlp_residual,train_only_video_mean_residual,20260627,7,0.017855693586170673,-0.007399417459964752,-0.007399417459964752,inner_val_top_5pct_lift_delta_vs_frozen_ar,0.0023467347491532564,0.2563319802284241,0.9952892065048218,true_train_and_true_inner_val_selection
residual_future_max_delta_rows_4_10,continuous,current_row_mlp_residual,train_only_video_mean_residual,20260627,8,0.017755973036400974,-0.01718202233314514,-0.01718202233314514,inner_val_top_5pct_lift_delta_vs_frozen_ar,0.00238111917860806,0.2690308094024658,0.9968776106834412,true_train_and_true_inner_val_selection
residual_future_max_delta_rows_4_10,continuous,current_row_mlp_residual,train_only_video_mean_residual,20260627,9,0.017594768665730953,-0.02450297772884369,-0.02450297772884369,inner_val_top_5pct_lift_delta_vs_frozen_ar,0.0024081063456833363,0.2750590741634369,0.9975360035896301,true_train_and_true_inner_val_selection
residual_future_max_delta_rows_4_10,continuous,current_row_mlp_residual,train_only_video_mean_residual,20260627,10,0.017623398918658495,-0.027918394654989243,-0.027918394654989243,inner_val_top_5pct_lift_delta_vs_frozen_ar,0.0024321842938661575,0.2762167751789093,0.9977899193763733,true_train_and_true_inner_val_selection
residual_future_max_delta_rows_4_10,continuous,current_row_mlp_residual,train_only_video_mean_residual,20260627,11,0.01752794673666358,-0.02700144797563553,-0.02700144797563553,inner_val_top_5pct_lift_delta_vs_frozen_ar,0.0024575251154601574,0.27885952591896057,0.9981182813644409,true_train_and_true_inner_val_selection
residual_future_max_delta_rows_4_10,continuous,current_row_mlp_residual,train_only_video_mean_residual,20260627,12,0.01737177639734,-0.027544129639863968,-0.027544129639863968,inner_val_top_5pct_lift_delta_vs_frozen_ar,0.002481102477759123,0.2818615138530731,0.9983744025230408,true_train_and_true_inner_val_selection
residual_future_max_delta_rows_4_10,continuous,current_row_mlp_residual,train_only_video_mean_residual,20260627,13,0.01734005194157362,-0.020091194659471512,-0.020091194659471512,inner_val_top_5pct_lift_delta_vs_frozen_ar,0.002503748284652829,0.2834950387477875,0.9985418915748596,true_train_and_true_inner_val_selection
residual_future_max_delta_rows_4_10,continuous,current_row_mlp_residual,diagnostics_only_residual,20260627,1,0.01812338561285287,0.0,0.0,inner_val_top_5pct_lift_delta_vs_frozen_ar,0.0021448589395731688,0.02046416513621807,0.03667661175131798,true_train_and_true_inner_val_selection
residual_future_max_delta_rows_4_10,continuous,current_row_mlp_residual,diagnostics_only_residual,20260627,2,0.018125368398614228,-0.0002207830548286438,-0.0002207830548286438,inner_val_top_5pct_lift_delta_vs_frozen_ar,0.0021688700653612614,0.03488581255078316,0.1353277862071991,true_train_and_true_inner_val_selection
residual_future_max_delta_rows_4_10,continuous,current_row_mlp_residual,diagnostics_only_residual,20260627,3,0.018234107992611825,-0.0019069761037826538,-0.0019069761037826538,inner_val_top_5pct_lift_delta_vs_frozen_ar,0.002214837819337845,0.08848252147436142,0.47222134470939636,true_train_and_true_inner_val_selection
residual_future_max_delta_rows_4_10,continuous,current_row_mlp_residual,diagnostics_only_residual,20260627,4,0.018030879204161465,-0.001125432550907135,-0.001125432550907135,inner_val_top_5pct_lift_delta_vs_frozen_ar,0.002261559944599867,0.15762437880039215,0.8220561742782593,true_train_and_true_inner_val_selection
residual_future_max_delta_rows_4_10,continuous,current_row_mlp_residual,diagnostics_only_residual,20260627,5,0.01805549638811499,0.00018033385276794434,0.00018033385276794434,inner_val_top_5pct_lift_delta_vs_frozen_ar,0.002256349427625537,0.16617757081985474,0.8517472147941589,true_train_and_true_inner_val_selection
residual_future_max_delta_rows_4_10,continuous,current_row_mlp_residual,diagnostics_only_residual,20260627,6,0.018027791054919362,0.0003525093197822571,0.0003525093197822571,inner_val_top_5pct_lift_delta_vs_frozen_ar,0.0022519221529364586,0.16829954087734222,0.8584966659545898,true_train_and_true_inner_val_selection
residual_future_max_delta_rows_4_10,continuous,current_row_mlp_residual,diagnostics_only_residual,20260627,7,0.018106710631400347,0.0005040839314460754,0.0005040839314460754,inner_val_top_5pct_lift_delta_vs_frozen_ar,0.0022533207666128874,0.17225369811058044,0.8706575632095337,true_train_and_true_inner_val_selection
residual_future_max_delta_rows_4_10,continuous,current_row_mlp_residual,diagnostics_only_residual,20260627,8,0.018015431589446962,-0.0005491897463798523,-0.0005491897463798523,inner_val_top_5pct_lift_delta_vs_frozen_ar,0.0022560551296919584,0.17783592641353607,0.8869710564613342,true_train_and_true_inner_val_selection
residual_future_max_delta_rows_4_10,continuous,current_row_mlp_residual,diagnostics_only_residual,20260627,9,0.017982626799494028,0.0004670247435569763,0.0004670247435569763,inner_val_top_5pct_lift_delta_vs_frozen_ar,0.002255501924082637,0.18119697272777557,0.8960658311843872,true_train_and_true_inner_val_selection
residual_future_max_delta_rows_4_10,continuous,current_row_mlp_residual,diagnostics_only_residual,20260627,10,0.017972503905184567,0.0004974007606506348,0.0004974007606506348,inner_val_top_5pct_lift_delta_vs_frozen_ar,0.002255311468616128,0.18361425399780273,0.9020326733589172,true_train_and_true_inner_val_selection
residual_future_max_delta_rows_4_10,continuous,current_row_mlp_residual,diagnostics_only_residual,20260627,11,0.017962392303161323,0.0004406645894050598,0.0004406645894050598,inner_val_top_5pct_lift_delta_vs_frozen_ar,0.0022560935467481613,0.18542183935642242,0.906294047832489,true_train_and_true_inner_val_selection
residual_future_max_delta_rows_4_10,continuous,current_row_mlp_residual,diagnostics_only_residual,20260627,12,0.01801906432956457,0.00045043230056762695,0.00045043230056762695,inner_val_top_5pct_lift_delta_vs_frozen_ar,0.0022590879816561937,0.18918347358703613,0.9151539206504822,true_train_and_true_inner_val_selection
residual_future_max_delta_rows_4_10,continuous,current_row_mlp_residual,diagnostics_only_residual,20260627,13,0.018047321937046945,0.00045678019523620605,0.00045678019523620605,inner_val_top_5pct_lift_delta_vs_frozen_ar,0.0022584202233701944,0.19243714213371277,0.9223085045814514,true_train_and_true_inner_val_selection
residual_future_max_delta_rows_4_10,continuous,current_row_mlp_residual,diagnostics_only_residual,20260627,14,0.018003473058342934,0.0008247122168540955,0.0008247122168540955,inner_val_top_5pct_lift_delta_vs_frozen_ar,0.0022605068515986204,0.19708508253097534,0.9317264556884766,true_train_and_true_inner_val_selection
residual_future_max_delta_rows_4_10,continuous,current_row_mlp_residual,diagnostics_only_residual,20260627,15,0.017978386720642447,0.0011718198657035828,0.0011718198657035828,inner_val_top_5pct_lift_delta_vs_frozen_ar,0.0022635781206190586,0.20290519297122955,0.9428221583366394,true_train_and_true_inner_val_selection
residual_future_max_delta_rows_4_10,continuous,current_row_mlp_residual,diagnostics_only_residual,20260627,16,0.017978987540118396,0.001609794795513153,0.001609794795513153,inner_val_top_5pct_lift_delta_vs_frozen_ar,0.002264992333948612,0.20736652612686157,0.9502103328704834,true_train_and_true_inner_val_selection
residual_future_max_delta_rows_4_10,continuous,current_row_mlp_residual,diagnostics_only_residual,20260627,17,0.017981876502744853,0.001590333878993988,0.001590333878993988,inner_val_top_5pct_lift_delta_vs_frozen_ar,0.0022658936213701963,0.21213380992412567,0.9574092030525208,true_train_and_true_inner_val_selection
residual_future_max_delta_rows_4_10,continuous,current_row_mlp_residual,diagnostics_only_residual,20260627,18,0.018001762917265296,0.002501264214515686,0.002501264214515686,inner_val_top_5pct_lift_delta_vs_frozen_ar,0.002269293647259474,0.21817880868911743,0.9656667709350586,true_train_and_true_inner_val_selection
residual_future_max_delta_rows_4_10,continuous,current_row_mlp_residual,diagnostics_only_residual,20260627,19,0.01803884853143245,0.0023475363850593567,0.0023475363850593567,inner_val_top_5pct_lift_delta_vs_frozen_ar,0.002271500648930669,0.22468551993370056,0.9730604290962219,true_train_and_true_inner_val_selection
residual_future_max_delta_rows_4_10,continuous,current_row_mlp_residual,diagnostics_only_residual,20260627,20,0.01805547485128045,0.003105662763118744,0.003105662763118744,inner_val_top_5pct_lift_delta_vs_frozen_ar,0.00227524945512414,0.23112033307552338,0.9791775941848755,true_train_and_true_inner_val_selection
residual_future_max_delta_rows_4_10,continuous,current_row_mlp_residual,diagnostics_only_residual,20260627,21,0.017916356795467436,0.003395579755306244,0.003395579755306244,inner_val_top_5pct_lift_delta_vs_frozen_ar,0.0022805090993642807,0.2381511926651001,0.9846101403236389,true_train_and_true_inner_val_selection
residual_future_max_delta_rows_4_10,continuous,current_row_mlp_residual,diagnostics_only_residual,20260627,22,0.0181160377105698,0.0032865628600120544,0.0032865628600120544,inner_val_top_5pct_lift_delta_vs_frozen_ar,0.0022841880563646555,0.24533191323280334,0.9889759421348572,true_train_and_true_inner_val_selection
residual_future_max_delta_rows_4_10,continuous,current_row_mlp_residual,diagnostics_only_residual,20260627,23,0.018029184662736952,0.0027492642402648926,0.0027492642402648926,inner_val_top_5pct_lift_delta_vs_frozen_ar,0.002290327101945877,0.2529543340206146,0.9924301505088806,true_train_and_true_inner_val_selection
residual_future_max_delta_rows_4_10,continuous,current_row_mlp_residual,diagnostics_only_residual,20260627,24,0.018004847574047744,0.0043282657861709595,0.0043282657861709595,inner_val_top_5pct_lift_delta_vs_frozen_ar,0.0022942472714930773,0.26016920804977417,0.9948211312294006,true_train_and_true_inner_val_selection
residual_future_max_delta_rows_4_10,continuous,current_row_mlp_residual,diagnostics_only_residual,20260627,25,0.0180267192190513,0.003122366964817047,0.003122366964817047,inner_val_top_5pct_lift_delta_vs_frozen_ar,0.002301120199263096,0.26719847321510315,0.9964919090270996,true_train_and_true_inner_val_selection
residual_future_max_delta_rows_4_10,continuous,current_row_mlp_residual,diagnostics_only_residual,20260627,26,0.01810959307476878,0.003112323582172394,0.003112323582172394,inner_val_top_5pct_lift_delta_vs_frozen_ar,0.0023077218793332577,0.27391284704208374,0.9976242780685425,true_train_and_true_inner_val_selection
residual_future_max_delta_rows_4_10,continuous,current_row_mlp_residual,diagnostics_only_residual,20260627,27,0.0179641010472551,0.0036380887031555176,0.0036380887031555176,inner_val_top_5pct_lift_delta_vs_frozen_ar,0.0023142779245972633,0.2801952362060547,0.9983762502670288,true_train_and_true_inner_val_selection
residual_future_max_delta_rows_4_10,continuous,current_row_mlp_residual,diagnostics_only_residual,20260627,28,0.017967862426303327,0.004159249365329742,0.004159249365329742,inner_val_top_5pct_lift_delta_vs_frozen_ar,0.002321939216926694,0.2860363721847534,0.9988805055618286,true_train_and_true_inner_val_selection
residual_future_max_delta_rows_4_10,continuous,current_row_mlp_residual,diagnostics_only_residual,20260627,29,0.0178480843314901,0.003901362419128418,0.003901362419128418,inner_val_top_5pct_lift_delta_vs_frozen_ar,0.002329348586499691,0.2911820709705353,0.9992032051086426,true_train_and_true_inner_val_selection
residual_future_max_delta_rows_4_10,continuous,current_row_mlp_residual,diagnostics_only_residual,20260627,30,0.01795483031310141,0.003975801169872284,0.003975801169872284,inner_val_top_5pct_lift_delta_vs_frozen_ar,0.002337718615308404,0.29620495438575745,0.9994370341300964,true_train_and_true_inner_val_selection
residual_future_max_delta_rows_4_10,continuous,current_row_mlp_residual,diagnostics_only_residual,20260627,31,0.017984078614972532,0.004349350929260254,0.004349350929260254,inner_val_top_5pct_lift_delta_vs_frozen_ar,0.002345521003007889,0.3005622327327728,0.9995892643928528,true_train_and_true_inner_val_selection
residual_future_max_delta_rows_4_10,continuous,current_row_mlp_residual,diagnostics_only_residual,20260627,32,0.017896748729981482,0.004168063402175903,0.004168063402175903,inner_val_top_5pct_lift_delta_vs_frozen_ar,0.0023539175745099783,0.3041040897369385,0.9996853470802307,true_train_and_true_inner_val_selection
residual_future_max_delta_rows_4_10,continuous,current_row_mlp_residual,diagnostics_only_residual,20260627,33,0.017974605783820152,0.004337906837463379,0.004337906837463379,inner_val_top_5pct_lift_delta_vs_frozen_ar,0.002358925063163042,0.3071693480014801,0.9997519850730896,true_train_and_true_inner_val_selection
residual_future_max_delta_rows_4_10,continuous,current_row_mlp_residual,diagnostics_only_residual,20260627,34,0.01791666797362268,0.004261977970600128,0.004261977970600128,inner_val_top_5pct_lift_delta_vs_frozen_ar,0.0023653553798794746,0.30957871675491333,0.9997968077659607,true_train_and_true_inner_val_selection
residual_future_max_delta_rows_4_10,continuous,current_row_mlp_residual,diagnostics_only_residual,20260627,35,0.017900451901368797,0.004346325993537903,0.004346325993537903,inner_val_top_5pct_lift_delta_vs_frozen_ar,0.0023718192242085934,0.31179097294807434,0.9998320937156677,true_train_and_true_inner_val_selection
residual_future_max_delta_rows_4_10,continuous,current_row_mlp_residual,diagnostics_only_residual,20260627,36,0.017931331996805966,0.003807365894317627,0.003807365894317627,inner_val_top_5pct_lift_delta_vs_frozen_ar,0.002378498436883092,0.31388822197914124,0.9998605251312256,true_train_and_true_inner_val_selection
residual_future_max_delta_rows_4_10,continuous,current_row_mlp_residual,diagnostics_only_residual,20260627,37,0.018012845772318542,0.003324851393699646,0.003324851393699646,inner_val_top_5pct_lift_delta_vs_frozen_ar,0.0023853806778788567,0.3157130181789398,0.9998816251754761,true_train_and_true_inner_val_selection
residual_future_max_delta_rows_4_10,continuous,current_row_mlp_residual,diagnostics_only_residual,20260627,38,0.01790483668446541,0.003413364291191101,0.003413364291191101,inner_val_top_5pct_lift_delta_vs_frozen_ar,0.00239109480753541,0.31729212403297424,0.999897837638855,true_train_and_true_inner_val_selection
residual_future_max_delta_rows_4_10,continuous,current_row_mlp_residual,diagnostics_only_residual,20260627,39,0.017995446687564254,0.00421537458896637,0.00421537458896637,inner_val_top_5pct_lift_delta_vs_frozen_ar,0.002398227108642459,0.31873542070388794,0.9999110698699951,true_train_and_true_inner_val_selection
residual_future_max_delta_rows_4_10,continuous,delta_feature_mlp_residual,real_residual,20260625,1,0.018217270728200674,0.0,0.0,inner_val_top_5pct_lift_delta_vs_frozen_ar,0.0021453932859003544,0.020490188151597977,0.04510943964123726,true_train_and_true_inner_val_selection
residual_future_max_delta_rows_4_10,continuous,delta_feature_mlp_residual,real_residual,20260625,2,0.01836199325043708,-0.0002886280417442322,-0.0002886280417442322,inner_val_top_5pct_lift_delta_vs_frozen_ar,0.0021699487697333097,0.045591846108436584,0.19177353382110596,true_train_and_true_inner_val_selection
residual_future_max_delta_rows_4_10,continuous,delta_feature_mlp_residual,real_residual,20260625,3,0.018247795524075627,0.002081364393234253,0.002081364393234253,inner_val_top_5pct_lift_delta_vs_frozen_ar,0.0022150403819978237,0.12452789396047592,0.7759078145027161,true_train_and_true_inner_val_selection
residual_future_max_delta_rows_4_10,continuous,delta_feature_mlp_residual,real_residual,20260625,4,0.01802226691506803,0.020994529128074646,0.020994529128074646,inner_val_top_5pct_lift_delta_vs_frozen_ar,0.0022606682032346725,0.1469155251979828,0.8901932239532471,true_train_and_true_inner_val_selection
residual_future_max_delta_rows_4_10,continuous,delta_feature_mlp_residual,real_residual,20260625,5,0.017664809245616198,0.025607995688915253,0.025607995688915253,inner_val_top_5pct_lift_delta_vs_frozen_ar,0.00228895153850317,0.10591151565313339,0.6907618045806885,true_train_and_true_inner_val_selection
residual_future_max_delta_rows_4_10,continuous,delta_feature_mlp_residual,real_residual,20260625,6,0.017566011985763907,0.026671066880226135,0.026671066880226135,inner_val_top_5pct_lift_delta_vs_frozen_ar,0.002310320036485791,0.09331265836954117,0.6008519530296326,true_train_and_true_inner_val_selection
residual_future_max_delta_rows_4_10,continuous,delta_feature_mlp_residual,real_residual,20260625,7,0.01754279516171664,0.024551600217819214,0.024551600217819214,inner_val_top_5pct_lift_delta_vs_frozen_ar,0.0023193194065243006,0.10064094513654709,0.6553733348846436,true_train_and_true_inner_val_selection
residual_future_max_delta_rows_4_10,continuous,delta_feature_mlp_residual,real_residual,20260625,8,0.017393829999491572,0.027024507522583008,0.027024507522583008,inner_val_top_5pct_lift_delta_vs_frozen_ar,0.002331579802557826,0.1084638386964798,0.7120945453643799,true_train_and_true_inner_val_selection
residual_future_max_delta_rows_4_10,continuous,delta_feature_mlp_residual,real_residual,20260625,9,0.017343196901492774,0.02583683282136917,0.02583683282136917,inner_val_top_5pct_lift_delta_vs_frozen_ar,0.0023448909632861614,0.11472096294164658,0.7510626912117004,true_train_and_true_inner_val_selection
residual_future_max_delta_rows_4_10,continuous,delta_feature_mlp_residual,real_residual,20260625,10,0.017276519094593823,0.02268417924642563,0.02268417924642563,inner_val_top_5pct_lift_delta_vs_frozen_ar,0.0023616612888872623,0.12112724035978317,0.7869999408721924,true_train_and_true_inner_val_selection
residual_future_max_delta_rows_4_10,continuous,delta_feature_mlp_residual,real_residual,20260625,11,0.017224667710252106,0.022346578538417816,0.022346578538417816,inner_val_top_5pct_lift_delta_vs_frozen_ar,0.002376343822106719,0.12798184156417847,0.8280209302902222,true_train_and_true_inner_val_selection
residual_future_max_delta_rows_4_10,continuous,delta_feature_mlp_residual,real_residual,20260625,12,0.017183733521960676,0.02246391773223877,0.02246391773223877,inner_val_top_5pct_lift_delta_vs_frozen_ar,0.0023917825892567635,0.13381673395633698,0.855078935623169,true_train_and_true_inner_val_selection
residual_future_max_delta_rows_4_10,continuous,delta_feature_mlp_residual,real_residual,20260625,13,0.017053150688298047,0.020075567066669464,0.020075567066669464,inner_val_top_5pct_lift_delta_vs_frozen_ar,0.0024079689756035805,0.14105655252933502,0.8867644667625427,true_train_and_true_inner_val_selection
residual_future_max_delta_rows_4_10,continuous,delta_feature_mlp_residual,real_residual,20260625,14,0.017124774982221425,0.017086707055568695,0.017086707055568695,inner_val_top_5pct_lift_delta_vs_frozen_ar,0.002424947451800108,0.15005260705947876,0.9153959155082703,true_train_and_true_inner_val_selection
residual_future_max_delta_rows_4_10,continuous,delta_feature_mlp_residual,real_residual,20260625,15,0.016966359573416412,0.016852229833602905,0.016852229833602905,inner_val_top_5pct_lift_delta_vs_frozen_ar,0.0024416118394583464,0.15671348571777344,0.9345564246177673,true_train_and_true_inner_val_selection
residual_future_max_delta_rows_4_10,continuous,delta_feature_mlp_residual,real_residual,20260625,16,0.016846363549120724,0.017480500042438507,0.017480500042438507,inner_val_top_5pct_lift_delta_vs_frozen_ar,0.002458035247400403,0.16114310920238495,0.9465441703796387,true_train_and_true_inner_val_selection
residual_future_max_delta_rows_4_10,continuous,delta_feature_mlp_residual,shuffled_pca_residual,20260625,1,0.018249722779728472,1.3634562492370605e-06,1.3634562492370605e-06,inner_val_top_5pct_lift_delta_vs_frozen_ar,0.002144510392099619,0.021311119198799133,0.04860500991344452,true_train_and_true_inner_val_selection
residual_future_max_delta_rows_4_10,continuous,delta_feature_mlp_residual,shuffled_pca_residual,20260625,2,0.01823899382725358,1.3634562492370605e-06,1.3634562492370605e-06,inner_val_top_5pct_lift_delta_vs_frozen_ar,0.0021636614110320807,0.040142353624105453,0.15873943269252777,true_train_and_true_inner_val_selection
residual_future_max_delta_rows_4_10,continuous,delta_feature_mlp_residual,shuffled_pca_residual,20260625,3,0.01830462331417948,-0.0012509897351264954,-0.0012509897351264954,inner_val_top_5pct_lift_delta_vs_frozen_ar,0.0022078296169638634,0.11393371224403381,0.6608842611312866,true_train_and_true_inner_val_selection
residual_future_max_delta_rows_4_10,continuous,delta_feature_mlp_residual,shuffled_pca_residual,20260625,4,0.018176581361331046,-0.002498917281627655,-0.002498917281627655,inner_val_top_5pct_lift_delta_vs_frozen_ar,0.002248812699690461,0.1775529980659485,0.9302436709403992,true_train_and_true_inner_val_selection
residual_future_max_delta_rows_4_10,continuous,delta_feature_mlp_residual,shuffled_pca_residual,20260625,5,0.018171595176681876,0.002310536801815033,0.002310536801815033,inner_val_top_5pct_lift_delta_vs_frozen_ar,0.002255483064800501,0.1935444474220276,0.9535819292068481,true_train_and_true_inner_val_selection
residual_future_max_delta_rows_4_10,continuous,delta_feature_mlp_residual,shuffled_pca_residual,20260625,6,0.018113911617547274,0.0001226365566253662,0.0001226365566253662,inner_val_top_5pct_lift_delta_vs_frozen_ar,0.0022658396046608686,0.19235824048519135,0.9498470425605774,true_train_and_true_inner_val_selection
residual_future_max_delta_rows_4_10,continuous,delta_feature_mlp_residual,shuffled_pca_residual,20260625,7,0.017980400123633444,-0.0002830997109413147,-0.0002830997109413147,inner_val_top_5pct_lift_delta_vs_frozen_ar,0.002280079759657383,0.18455231189727783,0.9362494349479675,true_train_and_true_inner_val_selection
residual_future_max_delta_rows_4_10,continuous,delta_feature_mlp_residual,shuffled_pca_residual,20260625,8,0.017874221317470074,-0.004426777362823486,-0.004426777362823486,inner_val_top_5pct_lift_delta_vs_frozen_ar,0.002302235923707485,0.1888391226530075,0.9449533224105835,true_train_and_true_inner_val_selection
residual_future_max_delta_rows_4_10,continuous,delta_feature_mlp_residual,shuffled_pca_residual,20260625,9,0.01794630358926952,-0.006719805300235748,-0.006719805300235748,inner_val_top_5pct_lift_delta_vs_frozen_ar,0.002324722707271576,0.19520710408687592,0.9565469026565552,true_train_and_true_inner_val_selection
residual_future_max_delta_rows_4_10,continuous,delta_feature_mlp_residual,shuffled_pca_residual,20260625,10,0.017983257654123008,-0.010247733443975449,-0.010247733443975449,inner_val_top_5pct_lift_delta_vs_frozen_ar,0.002350921742618084,0.20301201939582825,0.9693922996520996,true_train_and_true_inner_val_selection
residual_future_max_delta_rows_4_10,continuous,delta_feature_mlp_residual,shuffled_pca_residual,20260625,11,0.017835371778346598,-0.009074471890926361,-0.009074471890926361,inner_val_top_5pct_lift_delta_vs_frozen_ar,0.002376471646130085,0.20751291513442993,0.9749819040298462,true_train_and_true_inner_val_selection
residual_future_max_delta_rows_4_10,continuous,delta_feature_mlp_residual,shuffled_pca_residual,20260625,12,0.01777703093830496,-0.006776601076126099,-0.006776601076126099,inner_val_top_5pct_lift_delta_vs_frozen_ar,0.002402899321168661,0.21372845768928528,0.9817190170288086,true_train_and_true_inner_val_selection
residual_future_max_delta_rows_4_10,continuous,delta_feature_mlp_residual,shuffled_pca_residual,20260625,13,0.01769951789174229,-0.0073166415095329285,-0.0073166415095329285,inner_val_top_5pct_lift_delta_vs_frozen_ar,0.00242884224280715,0.2186969667673111,0.9855836629867554,true_train_and_true_inner_val_selection
residual_future_max_delta_rows_4_10,continuous,delta_feature_mlp_residual,random_pca_residual,20260625,1,0.01826069806702435,1.3634562492370605e-06,1.3634562492370605e-06,inner_val_top_5pct_lift_delta_vs_frozen_ar,0.0021423662547022104,0.020795391872525215,0.04522163048386574,true_train_and_true_inner_val_selection
residual_future_max_delta_rows_4_10,continuous,delta_feature_mlp_residual,random_pca_residual,20260625,2,0.018184478976763785,1.3709068298339844e-06,1.3709068298339844e-06,inner_val_top_5pct_lift_delta_vs_frozen_ar,0.002152959816157818,0.032728392630815506,0.11499693989753723,true_train_and_true_inner_val_selection
residual_future_max_delta_rows_4_10,continuous,delta_feature_mlp_residual,random_pca_residual,20260625,3,0.018381520872935653,2.374500036239624e-05,2.374500036239624e-05,inner_val_top_5pct_lift_delta_vs_frozen_ar,0.002196340123191476,0.09614447504281998,0.547818124294281,true_train_and_true_inner_val_selection
residual_future_max_delta_rows_4_10,continuous,delta_feature_mlp_residual,random_pca_residual,20260625,4,0.01821483252570033,-0.0030452609062194824,-0.0030452609062194824,inner_val_top_5pct_lift_delta_vs_frozen_ar,0.0022428317461162806,0.16863510012626648,0.9089378118515015,true_train_and_true_inner_val_selection
residual_future_max_delta_rows_4_10,continuous,delta_feature_mlp_residual,random_pca_residual,20260625,5,0.018146958551369607,0.0016651228070259094,0.0016651228070259094,inner_val_top_5pct_lift_delta_vs_frozen_ar,0.002249131677672267,0.19143356382846832,0.949130117893219,true_train_and_true_inner_val_selection
residual_future_max_delta_rows_4_10,continuous,delta_feature_mlp_residual,random_pca_residual,20260625,6,0.01813223969656974,0.0026233121752738953,0.0026233121752738953,inner_val_top_5pct_lift_delta_vs_frozen_ar,0.002256089821457863,0.18966440856456757,0.9434773921966553,true_train_and_true_inner_val_selection
residual_future_max_delta_rows_4_10,continuous,delta_feature_mlp_residual,random_pca_residual,20260625,7,0.01801647711545229,-0.00010059773921966553,-0.00010059773921966553,inner_val_top_5pct_lift_delta_vs_frozen_ar,0.002272850601002574,0.18549339473247528,0.9382377862930298,true_train_and_true_inner_val_selection
residual_future_max_delta_rows_4_10,continuous,delta_feature_mlp_residual,random_pca_residual,20260625,8,0.01798841345589608,-0.0019022375345230103,-0.0019022375345230103,inner_val_top_5pct_lift_delta_vs_frozen_ar,0.0022925701923668385,0.18782460689544678,0.9434894919395447,true_train_and_true_inner_val_selection
residual_future_max_delta_rows_4_10,continuous,delta_feature_mlp_residual,random_pca_residual,20260625,9,0.01795959589071572,-0.005846448242664337,-0.005846448242664337,inner_val_top_5pct_lift_delta_vs_frozen_ar,0.0023167822510004044,0.1949084997177124,0.9559876322746277,true_train_and_true_inner_val_selection
residual_future_max_delta_rows_4_10,continuous,delta_feature_mlp_residual,random_pca_residual,20260625,10,0.017939146724529564,-0.0049164071679115295,-0.0049164071679115295,inner_val_top_5pct_lift_delta_vs_frozen_ar,0.0023436073679476976,0.20162270963191986,0.9669963121414185,true_train_and_true_inner_val_selection
residual_future_max_delta_rows_4_10,continuous,delta_feature_mlp_residual,random_pca_residual,20260625,11,0.01782507833559066,-0.008375242352485657,-0.008375242352485657,inner_val_top_5pct_lift_delta_vs_frozen_ar,0.0023740986362099648,0.21085995435714722,0.9769243001937866,true_train_and_true_inner_val_selection
residual_future_max_delta_rows_4_10,continuous,delta_feature_mlp_residual,random_pca_residual,20260625,12,0.017679131240583956,-0.01189819723367691,-0.01189819723367691,inner_val_top_5pct_lift_delta_vs_frozen_ar,0.002402864396572113,0.21556782722473145,0.9817973375320435,true_train_and_true_inner_val_selection
residual_future_max_delta_rows_4_10,continuous,delta_feature_mlp_residual,random_pca_residual,20260625,13,0.017665191553533077,-0.00705777108669281,-0.00705777108669281,inner_val_top_5pct_lift_delta_vs_frozen_ar,0.002432687673717737,0.22214317321777344,0.9861635565757751,true_train_and_true_inner_val_selection
residual_future_max_delta_rows_4_10,continuous,delta_feature_mlp_residual,random_pca_residual,20260625,14,0.0175388993229717,-0.016991496086120605,-0.016991496086120605,inner_val_top_5pct_lift_delta_vs_frozen_ar,0.002460717922076583,0.2269708812236786,0.9891075491905212,true_train_and_true_inner_val_selection
residual_future_max_delta_rows_4_10,continuous,delta_feature_mlp_residual,label_permutation_residual,20260625,1,0.02000312099698931,4.656612873077393e-10,4.656612873077393e-10,inner_val_top_5pct_lift_delta_vs_frozen_ar,0.0021455048117786646,0.020004142075777054,0.04171685501933098,permuted_train_and_permuted_inner_val_selection
residual_future_max_delta_rows_4_10,continuous,delta_feature_mlp_residual,label_permutation_residual,20260625,2,0.01995887455996126,0.0,0.0,inner_val_top_5pct_lift_delta_vs_frozen_ar,0.0021564255002886057,0.023381780833005905,0.061588529497385025,permuted_train_and_permuted_inner_val_selection
residual_future_max_delta_rows_4_10,continuous,delta_feature_mlp_residual,label_permutation_residual,20260625,3,0.020001097349449992,1.473049633204937e-05,1.473049633204937e-05,inner_val_top_5pct_lift_delta_vs_frozen_ar,0.002190694212913513,0.047280531376600266,0.1958133429288864,permuted_train_and_permuted_inner_val_selection
residual_future_max_delta_rows_4_10,continuous,delta_feature_mlp_residual,label_permutation_residual,20260625,4,0.02002793876454234,0.00015705986879765987,0.00015705986879765987,inner_val_top_5pct_lift_delta_vs_frozen_ar,0.002232171595096588,0.10863320529460907,0.6419335007667542,permuted_train_and_permuted_inner_val_selection
residual_future_max_delta_rows_4_10,continuous,delta_feature_mlp_residual,label_permutation_residual,20260625,5,0.01998265425208956,0.0009207151597365737,0.0009207151597365737,inner_val_top_5pct_lift_delta_vs_frozen_ar,0.0022557899355888367,0.1617438793182373,0.8960897922515869,permuted_train_and_permuted_inner_val_selection
residual_future_max_delta_rows_4_10,continuous,delta_feature_mlp_residual,label_permutation_residual,20260625,6,0.019913176307454705,0.0008793385932222009,0.0008793385932222009,inner_val_top_5pct_lift_delta_vs_frozen_ar,0.002265673829242587,0.18647465109825134,0.9489601850509644,permuted_train_and_permuted_inner_val_selection
residual_future_max_delta_rows_4_10,continuous,delta_feature_mlp_residual,label_permutation_residual,20260625,7,0.019944582250900567,0.0008031395263969898,0.0008031395263969898,inner_val_top_5pct_lift_delta_vs_frozen_ar,0.002283477922901511,0.19900697469711304,0.9682373404502869,permuted_train_and_permuted_inner_val_selection
residual_future_max_delta_rows_4_10,continuous,delta_feature_mlp_residual,label_permutation_residual,20260625,8,0.019895547535270452,0.0016433907439932227,0.0016433907439932227,inner_val_top_5pct_lift_delta_vs_frozen_ar,0.0022977443877607584,0.2045806646347046,0.9757745265960693,permuted_train_and_permuted_inner_val_selection
residual_future_max_delta_rows_4_10,continuous,delta_feature_mlp_residual,label_permutation_residual,20260625,9,0.01995768363121897,0.0014918741071596742,0.0014918741071596742,inner_val_top_5pct_lift_delta_vs_frozen_ar,0.002311327960342169,0.20975103974342346,0.9804821610450745,permuted_train_and_permuted_inner_val_selection
residual_future_max_delta_rows_4_10,continuous,delta_feature_mlp_residual,label_permutation_residual,20260625,10,0.019901318242773414,0.0008737981552258134,0.0008737981552258134,inner_val_top_5pct_lift_delta_vs_frozen_ar,0.0023275651037693024,0.2129087597131729,0.9835867285728455,permuted_train_and_permuted_inner_val_selection
residual_future_max_delta_rows_4_10,continuous,delta_feature_mlp_residual,label_permutation_residual,20260625,11,0.01977820147294551,3.1195348128676414e-05,3.1195348128676414e-05,inner_val_top_5pct_lift_delta_vs_frozen_ar,0.002346425550058484,0.2207680344581604,0.9884040951728821,permuted_train_and_permuted_inner_val_selection
residual_future_max_delta_rows_4_10,continuous,delta_feature_mlp_residual,label_permutation_residual,20260625,12,0.019819103414192796,0.0012648311676457524,0.0012648311676457524,inner_val_top_5pct_lift_delta_vs_frozen_ar,0.0023666713386774063,0.2256704866886139,0.9908708333969116,permuted_train_and_permuted_inner_val_selection
residual_future_max_delta_rows_4_10,continuous,delta_feature_mlp_residual,label_permutation_residual,20260625,13,0.019685355480760336,0.0006888138595968485,0.0006888138595968485,inner_val_top_5pct_lift_delta_vs_frozen_ar,0.0023892680183053017,0.23116455972194672,0.9929430484771729,permuted_train_and_permuted_inner_val_selection
residual_future_max_delta_rows_4_10,continuous,delta_feature_mlp_residual,label_permutation_residual,20260625,14,0.019785676267929375,0.0015646348474547267,0.0015646348474547267,inner_val_top_5pct_lift_delta_vs_frozen_ar,0.002414340851828456,0.2367580085992813,0.9945700168609619,permuted_train_and_permuted_inner_val_selection
residual_future_max_delta_rows_4_10,continuous,delta_feature_mlp_residual,label_permutation_residual,20260625,15,0.01967660477384925,0.002981821889989078,0.002981821889989078,inner_val_top_5pct_lift_delta_vs_frozen_ar,0.002439039060845971,0.24154284596443176,0.995721161365509,permuted_train_and_permuted_inner_val_selection
residual_future_max_delta_rows_4_10,continuous,delta_feature_mlp_residual,label_permutation_residual,20260625,16,0.0195736134191975,0.002707197447307408,0.002707197447307408,inner_val_top_5pct_lift_delta_vs_frozen_ar,0.0024670360144227743,0.24656975269317627,0.9967494010925293,permuted_train_and_permuted_inner_val_selection
residual_future_max_delta_rows_4_10,continuous,delta_feature_mlp_residual,label_permutation_residual,20260625,17,0.019562767120078206,0.003309058374725282,0.003309058374725282,inner_val_top_5pct_lift_delta_vs_frozen_ar,0.002495019929483533,0.2519436478614807,0.9976323246955872,permuted_train_and_permuted_inner_val_selection
residual_future_max_delta_rows_4_10,continuous,delta_feature_mlp_residual,label_permutation_residual,20260625,18,0.01955213281325996,0.003158964100293815,0.003158964100293815,inner_val_top_5pct_lift_delta_vs_frozen_ar,0.0025237102527171373,0.2546902298927307,0.997985303401947,permuted_train_and_permuted_inner_val_selection
residual_future_max_delta_rows_4_10,continuous,delta_feature_mlp_residual,label_permutation_residual,20260625,19,0.01940769760403782,0.0028688524616882205,0.0028688524616882205,inner_val_top_5pct_lift_delta_vs_frozen_ar,0.0025521477218717337,0.25819045305252075,0.9983943700790405,permuted_train_and_permuted_inner_val_selection
residual_future_max_delta_rows_4_10,continuous,delta_feature_mlp_residual,label_permutation_residual,20260625,20,0.01932200090959668,0.002516196691431105,0.002516196691431105,inner_val_top_5pct_lift_delta_vs_frozen_ar,0.0025807470083236694,0.26211997866630554,0.9987303018569946,permuted_train_and_permuted_inner_val_selection
residual_future_max_delta_rows_4_10,continuous,delta_feature_mlp_residual,label_permutation_residual,20260625,21,0.01923745626118034,0.0014995260862633586,0.0014995260862633586,inner_val_top_5pct_lift_delta_vs_frozen_ar,0.0026089041493833065,0.2652819752693176,0.9989503026008606,permuted_train_and_permuted_inner_val_selection
residual_future_max_delta_rows_4_10,continuous,delta_feature_mlp_residual,label_permutation_residual,20260625,22,0.01935203606262803,0.002530084108002484,0.002530084108002484,inner_val_top_5pct_lift_delta_vs_frozen_ar,0.0026369134429842234,0.2685750424861908,0.9991486668586731,permuted_train_and_permuted_inner_val_selection
residual_future_max_delta_rows_4_10,continuous,delta_feature_mlp_residual,label_permutation_residual,20260625,23,0.019100367557257414,0.0036486153258010745,0.0036486153258010745,inner_val_top_5pct_lift_delta_vs_frozen_ar,0.0026661232113838196,0.2697766423225403,0.9992538690567017,permuted_train_and_permuted_inner_val_selection
residual_future_max_delta_rows_4_10,continuous,delta_feature_mlp_residual,label_permutation_residual,20260625,24,0.019115721224807203,0.005014165653847158,0.005014165653847158,inner_val_top_5pct_lift_delta_vs_frozen_ar,0.002692284993827343,0.271914541721344,0.9993523955345154,permuted_train_and_permuted_inner_val_selection
residual_future_max_delta_rows_4_10,continuous,delta_feature_mlp_residual,label_permutation_residual,20260625,25,0.01897496124729514,0.003142931847833097,0.003142931847833097,inner_val_top_5pct_lift_delta_vs_frozen_ar,0.0027182805351912975,0.27373892068862915,0.9994187951087952,permuted_train_and_permuted_inner_val_selection
residual_future_max_delta_rows_4_10,continuous,delta_feature_mlp_residual,label_permutation_residual,20260625,26,0.0190753189381212,0.004646697896532714,0.004646697896532714,inner_val_top_5pct_lift_delta_vs_frozen_ar,0.0027454979717731476,0.2767104506492615,0.9995139241218567,permuted_train_and_permuted_inner_val_selection
residual_future_max_delta_rows_4_10,continuous,delta_feature_mlp_residual,label_permutation_residual,20260625,27,0.018844412290491164,0.002868455252610147,0.002868455252610147,inner_val_top_5pct_lift_delta_vs_frozen_ar,0.002771371975541115,0.27829593420028687,0.9995713829994202,permuted_train_and_permuted_inner_val_selection
residual_future_max_delta_rows_4_10,continuous,delta_feature_mlp_residual,label_permutation_residual,20260625,28,0.01878182264044881,0.003066687728278339,0.003066687728278339,inner_val_top_5pct_lift_delta_vs_frozen_ar,0.0027971742674708366,0.2801014482975006,0.9996304512023926,permuted_train_and_permuted_inner_val_selection
residual_future_max_delta_rows_4_10,continuous,delta_feature_mlp_residual,label_permutation_residual,20260625,29,0.01874258473981172,0.0034938169410452247,0.0034938169410452247,inner_val_top_5pct_lift_delta_vs_frozen_ar,0.0028220361564308405,0.2820231020450592,0.999678373336792,permuted_train_and_permuted_inner_val_selection
residual_future_max_delta_rows_4_10,continuous,delta_feature_mlp_residual,label_permutation_residual,20260625,30,0.0186758543131873,0.0037189581198617816,0.0037189581198617816,inner_val_top_5pct_lift_delta_vs_frozen_ar,0.002847349504008889,0.2844342589378357,0.9997252225875854,permuted_train_and_permuted_inner_val_selection
residual_future_max_delta_rows_4_10,continuous,delta_feature_mlp_residual,label_permutation_residual,20260625,31,0.018628973863087595,0.002582318033091724,0.002582318033091724,inner_val_top_5pct_lift_delta_vs_frozen_ar,0.00287155550904572,0.28615179657936096,0.9997641444206238,permuted_train_and_permuted_inner_val_selection
residual_future_max_delta_rows_4_10,continuous,delta_feature_mlp_residual,label_permutation_residual,20260625,32,0.01848421897739172,0.0021643234649673104,0.0021643234649673104,inner_val_top_5pct_lift_delta_vs_frozen_ar,0.00289458897896111,0.28736791014671326,0.9997876286506653,permuted_train_and_permuted_inner_val_selection
residual_future_max_delta_rows_4_10,continuous,delta_feature_mlp_residual,train_only_video_mean_residual,20260625,1,0.018244336126372218,1.3709068298339844e-06,1.3709068298339844e-06,inner_val_top_5pct_lift_delta_vs_frozen_ar,0.0021602355409413576,0.01917545683681965,0.032999999821186066,true_train_and_true_inner_val_selection
residual_future_max_delta_rows_4_10,continuous,delta_feature_mlp_residual,train_only_video_mean_residual,20260625,2,0.01826957252342254,9.344518184661865e-05,9.344518184661865e-05,inner_val_top_5pct_lift_delta_vs_frozen_ar,0.0021873346995562315,0.03160849213600159,0.11169525235891342,true_train_and_true_inner_val_selection
residual_future_max_delta_rows_4_10,continuous,delta_feature_mlp_residual,train_only_video_mean_residual,20260625,3,0.018228028318844736,-4.035234451293945e-05,-4.035234451293945e-05,inner_val_top_5pct_lift_delta_vs_frozen_ar,0.0022292460780590773,0.10317441076040268,0.6156139969825745,true_train_and_true_inner_val_selection
residual_future_max_delta_rows_4_10,continuous,delta_feature_mlp_residual,train_only_video_mean_residual,20260625,4,0.018175188219174743,-0.002490110695362091,-0.002490110695362091,inner_val_top_5pct_lift_delta_vs_frozen_ar,0.0022725253365933895,0.17741864919662476,0.9380739331245422,true_train_and_true_inner_val_selection
residual_future_max_delta_rows_4_10,continuous,delta_feature_mlp_residual,train_only_video_mean_residual,20260625,5,0.01800826343242079,-0.0003759041428565979,-0.0003759041428565979,inner_val_top_5pct_lift_delta_vs_frozen_ar,0.002285552676767111,0.193756565451622,0.9688466191291809,true_train_and_true_inner_val_selection
residual_future_max_delta_rows_4_10,continuous,delta_feature_mlp_residual,train_only_video_mean_residual,20260625,6,0.017887148424051702,-0.0036409571766853333,-0.0036409571766853333,inner_val_top_5pct_lift_delta_vs_frozen_ar,0.0023029684089124203,0.20284192264080048,0.9796029329299927,true_train_and_true_inner_val_selection
residual_future_max_delta_rows_4_10,continuous,delta_feature_mlp_residual,train_only_video_mean_residual,20260625,7,0.017888103611767292,-0.00613771378993988,-0.00613771378993988,inner_val_top_5pct_lift_delta_vs_frozen_ar,0.0023222798481583595,0.20952700078487396,0.9845426678657532,true_train_and_true_inner_val_selection
residual_future_max_delta_rows_4_10,continuous,delta_feature_mlp_residual,train_only_video_mean_residual,20260625,8,0.017761053633876145,-0.005803532898426056,-0.005803532898426056,inner_val_top_5pct_lift_delta_vs_frozen_ar,0.0023425216786563396,0.2206425666809082,0.9900003671646118,true_train_and_true_inner_val_selection
residual_future_max_delta_rows_4_10,continuous,delta_feature_mlp_residual,train_only_video_mean_residual,20260625,9,0.017829165211878717,-0.01148243248462677,-0.01148243248462677,inner_val_top_5pct_lift_delta_vs_frozen_ar,0.002365309977903962,0.23684003949165344,0.9947474598884583,true_train_and_true_inner_val_selection
residual_future_max_delta_rows_4_10,continuous,delta_feature_mlp_residual,train_only_video_mean_residual,20260625,10,0.017632058239541948,-0.01046721264719963,-0.01046721264719963,inner_val_top_5pct_lift_delta_vs_frozen_ar,0.002390518318861723,0.2539058327674866,0.9974147081375122,true_train_and_true_inner_val_selection
residual_future_max_delta_rows_4_10,continuous,delta_feature_mlp_residual,diagnostics_only_residual,20260625,1,0.018257608637213707,-7.450580596923828e-09,-7.450580596923828e-09,inner_val_top_5pct_lift_delta_vs_frozen_ar,0.0021537987049669027,0.023475946858525276,0.061663419008255005,true_train_and_true_inner_val_selection
residual_future_max_delta_rows_4_10,continuous,delta_feature_mlp_residual,diagnostics_only_residual,20260625,2,0.018314553890377283,-0.0007638707756996155,-0.0007638707756996155,inner_val_top_5pct_lift_delta_vs_frozen_ar,0.002191192703321576,0.0661352351307869,0.32982420921325684,true_train_and_true_inner_val_selection
residual_future_max_delta_rows_4_10,continuous,delta_feature_mlp_residual,diagnostics_only_residual,20260625,3,0.01816664554644376,-0.0015023797750473022,-0.0015023797750473022,inner_val_top_5pct_lift_delta_vs_frozen_ar,0.0022373334504663944,0.14649124443531036,0.8402701616287231,true_train_and_true_inner_val_selection
residual_future_max_delta_rows_4_10,continuous,delta_feature_mlp_residual,diagnostics_only_residual,20260625,4,0.018138243700377643,0.0010215714573860168,0.0010215714573860168,inner_val_top_5pct_lift_delta_vs_frozen_ar,0.0022613229230046272,0.1906498372554779,0.9546684622764587,true_train_and_true_inner_val_selection
residual_future_max_delta_rows_4_10,continuous,delta_feature_mlp_residual,diagnostics_only_residual,20260625,5,0.01806529052555561,0.004228733479976654,0.004228733479976654,inner_val_top_5pct_lift_delta_vs_frozen_ar,0.0022609801962971687,0.20885342359542847,0.9738243222236633,true_train_and_true_inner_val_selection
residual_future_max_delta_rows_4_10,continuous,delta_feature_mlp_residual,diagnostics_only_residual,20260625,6,0.018068771110847592,0.004863522946834564,0.004863522946834564,inner_val_top_5pct_lift_delta_vs_frozen_ar,0.002266931813210249,0.21627800166606903,0.9795941114425659,true_train_and_true_inner_val_selection
residual_future_max_delta_rows_4_10,continuous,delta_feature_mlp_residual,diagnostics_only_residual,20260625,7,0.018111424171365798,0.005731798708438873,0.005731798708438873,inner_val_top_5pct_lift_delta_vs_frozen_ar,0.002271923702210188,0.22015218436717987,0.9823868870735168,true_train_and_true_inner_val_selection
residual_future_max_delta_rows_4_10,continuous,delta_feature_mlp_residual,diagnostics_only_residual,20260625,8,0.017987663974054158,0.006089448928833008,0.006089448928833008,inner_val_top_5pct_lift_delta_vs_frozen_ar,0.0022797512356191874,0.2253582775592804,0.9858145713806152,true_train_and_true_inner_val_selection
residual_future_max_delta_rows_4_10,continuous,delta_feature_mlp_residual,diagnostics_only_residual,20260625,9,0.018113566911779344,0.006074562668800354,0.006074562668800354,inner_val_top_5pct_lift_delta_vs_frozen_ar,0.0022929920814931393,0.2325076013803482,0.9896297454833984,true_train_and_true_inner_val_selection
residual_future_max_delta_rows_4_10,continuous,delta_feature_mlp_residual,diagnostics_only_residual,20260625,10,0.018038574024103582,0.006771847605705261,0.006771847605705261,inner_val_top_5pct_lift_delta_vs_frozen_ar,0.0023068953305482864,0.23884932696819305,0.9921799302101135,true_train_and_true_inner_val_selection
residual_future_max_delta_rows_4_10,continuous,delta_feature_mlp_residual,diagnostics_only_residual,20260625,11,0.01798569457605481,0.008306130766868591,0.008306130766868591,inner_val_top_5pct_lift_delta_vs_frozen_ar,0.002323101507499814,0.24673691391944885,0.9946384429931641,true_train_and_true_inner_val_selection
residual_future_max_delta_rows_4_10,continuous,delta_feature_mlp_residual,diagnostics_only_residual,20260625,12,0.017993678571656346,0.00978408008813858,0.00978408008813858,inner_val_top_5pct_lift_delta_vs_frozen_ar,0.0023374261800199747,0.251926988363266,0.9958593845367432,true_train_and_true_inner_val_selection
residual_future_max_delta_rows_4_10,continuous,delta_feature_mlp_residual,diagnostics_only_residual,20260625,13,0.01802887744270265,0.010631993412971497,0.010631993412971497,inner_val_top_5pct_lift_delta_vs_frozen_ar,0.00235580001026392,0.25809380412101746,0.997039794921875,true_train_and_true_inner_val_selection
residual_future_max_delta_rows_4_10,continuous,delta_feature_mlp_residual,diagnostics_only_residual,20260625,14,0.01795323716942221,0.011310875415802002,0.011310875415802002,inner_val_top_5pct_lift_delta_vs_frozen_ar,0.0023709265515208244,0.262317419052124,0.9976330399513245,true_train_and_true_inner_val_selection
residual_future_max_delta_rows_4_10,continuous,delta_feature_mlp_residual,diagnostics_only_residual,20260625,15,0.017875076504424214,0.01383066177368164,0.01383066177368164,inner_val_top_5pct_lift_delta_vs_frozen_ar,0.002387222135439515,0.26662978529930115,0.9980883598327637,true_train_and_true_inner_val_selection
residual_future_max_delta_rows_4_10,continuous,delta_feature_mlp_residual,diagnostics_only_residual,20260625,16,0.01796627906151116,0.01521667093038559,0.01521667093038559,inner_val_top_5pct_lift_delta_vs_frozen_ar,0.0024033198133111,0.2710917890071869,0.9984930753707886,true_train_and_true_inner_val_selection
residual_future_max_delta_rows_4_10,continuous,delta_feature_mlp_residual,diagnostics_only_residual,20260625,17,0.01794722198974341,0.015189915895462036,0.015189915895462036,inner_val_top_5pct_lift_delta_vs_frozen_ar,0.002419328549876809,0.2746553122997284,0.9987883567810059,true_train_and_true_inner_val_selection
residual_future_max_delta_rows_4_10,continuous,delta_feature_mlp_residual,diagnostics_only_residual,20260625,18,0.017959089833311737,0.015627644956111908,0.015627644956111908,inner_val_top_5pct_lift_delta_vs_frozen_ar,0.00243559991940856,0.2787420451641083,0.9990553855895996,true_train_and_true_inner_val_selection
residual_future_max_delta_rows_4_10,continuous,delta_feature_mlp_residual,diagnostics_only_residual,20260625,19,0.017782383714802563,0.016021251678466797,0.016021251678466797,inner_val_top_5pct_lift_delta_vs_frozen_ar,0.0024491981603205204,0.28184908628463745,0.9992089867591858,true_train_and_true_inner_val_selection
residual_future_max_delta_rows_4_10,continuous,delta_feature_mlp_residual,diagnostics_only_residual,20260625,20,0.017918713041581213,0.016057707369327545,0.016057707369327545,inner_val_top_5pct_lift_delta_vs_frozen_ar,0.002463381737470627,0.28504472970962524,0.9993472695350647,true_train_and_true_inner_val_selection
residual_future_max_delta_rows_4_10,continuous,delta_feature_mlp_residual,diagnostics_only_residual,20260625,21,0.017803861876018345,0.015532970428466797,0.015532970428466797,inner_val_top_5pct_lift_delta_vs_frozen_ar,0.002475612098351121,0.2874167859554291,0.9994427561759949,true_train_and_true_inner_val_selection
residual_future_max_delta_rows_4_10,continuous,delta_feature_mlp_residual,diagnostics_only_residual,20260625,22,0.017823812901042402,0.014846421778202057,0.014846421778202057,inner_val_top_5pct_lift_delta_vs_frozen_ar,0.002489676931872964,0.28960633277893066,0.9995208382606506,true_train_and_true_inner_val_selection
residual_future_max_delta_rows_4_10,continuous,delta_feature_mlp_residual,diagnostics_only_residual,20260625,23,0.01786600484047085,0.015636317431926727,0.015636317431926727,inner_val_top_5pct_lift_delta_vs_frozen_ar,0.002500516828149557,0.29117652773857117,0.9995725750923157,true_train_and_true_inner_val_selection
residual_future_max_delta_rows_4_10,continuous,delta_feature_mlp_residual,diagnostics_only_residual,20260625,24,0.017827489180490375,0.016261830925941467,0.016261830925941467,inner_val_top_5pct_lift_delta_vs_frozen_ar,0.0025122195947915316,0.29290926456451416,0.9996200203895569,true_train_and_true_inner_val_selection
residual_future_max_delta_rows_4_10,continuous,delta_feature_mlp_residual,diagnostics_only_residual,20260625,25,0.017830244381912053,0.0144583061337471,0.0144583061337471,inner_val_top_5pct_lift_delta_vs_frozen_ar,0.0025253265630453825,0.2946997880935669,0.9996681213378906,true_train_and_true_inner_val_selection
residual_future_max_delta_rows_4_10,continuous,delta_feature_mlp_residual,diagnostics_only_residual,20260625,26,0.017860266845673323,0.014785848557949066,0.014785848557949066,inner_val_top_5pct_lift_delta_vs_frozen_ar,0.002538039581850171,0.29650402069091797,0.9997121095657349,true_train_and_true_inner_val_selection
residual_future_max_delta_rows_4_10,continuous,delta_feature_mlp_residual,diagnostics_only_residual,20260625,27,0.017746943747624755,0.015812598168849945,0.015812598168849945,inner_val_top_5pct_lift_delta_vs_frozen_ar,0.002548058982938528,0.2976164221763611,0.9997360706329346,true_train_and_true_inner_val_selection
residual_future_max_delta_rows_4_10,continuous,delta_feature_mlp_residual,diagnostics_only_residual,20260625,28,0.017775659798644483,0.013821534812450409,0.013821534812450409,inner_val_top_5pct_lift_delta_vs_frozen_ar,0.002558973850682378,0.29901322722435,0.9997625350952148,true_train_and_true_inner_val_selection
residual_future_max_delta_rows_4_10,continuous,delta_feature_mlp_residual,diagnostics_only_residual,20260625,29,0.017741531832143664,0.014651082456111908,0.014651082456111908,inner_val_top_5pct_lift_delta_vs_frozen_ar,0.0025698086246848106,0.3003617525100708,0.9997864365577698,true_train_and_true_inner_val_selection
residual_future_max_delta_rows_4_10,continuous,delta_feature_mlp_residual,diagnostics_only_residual,20260625,30,0.01775342202745378,0.014644831418991089,0.014644831418991089,inner_val_top_5pct_lift_delta_vs_frozen_ar,0.0025792403612285852,0.301770955324173,0.9998096823692322,true_train_and_true_inner_val_selection
residual_future_max_delta_rows_4_10,continuous,delta_feature_mlp_residual,diagnostics_only_residual,20260625,31,0.017732258304022253,0.01573161780834198,0.01573161780834198,inner_val_top_5pct_lift_delta_vs_frozen_ar,0.0025896714068949223,0.302868127822876,0.9998289346694946,true_train_and_true_inner_val_selection
residual_future_max_delta_rows_4_10,continuous,delta_feature_mlp_residual,diagnostics_only_residual,20260625,32,0.017789610312320292,0.01350952684879303,0.01350952684879303,inner_val_top_5pct_lift_delta_vs_frozen_ar,0.0025992472656071186,0.30393826961517334,0.9998433589935303,true_train_and_true_inner_val_selection
residual_future_max_delta_rows_4_10,continuous,delta_feature_mlp_residual,real_residual,20260626,1,0.018126810900866985,7.450580596923828e-09,7.450580596923828e-09,inner_val_top_5pct_lift_delta_vs_frozen_ar,0.002169404411688447,0.022030232474207878,0.05647605285048485,true_train_and_true_inner_val_selection
residual_future_max_delta_rows_4_10,continuous,delta_feature_mlp_residual,real_residual,20260626,2,0.018106595845893025,1.7955899238586426e-06,1.7955899238586426e-06,inner_val_top_5pct_lift_delta_vs_frozen_ar,0.002209221012890339,0.06526335328817368,0.3402034044265747,true_train_and_true_inner_val_selection
residual_future_max_delta_rows_4_10,continuous,delta_feature_mlp_residual,real_residual,20260626,3,0.017992916284129024,0.0042450204491615295,0.0042450204491615295,inner_val_top_5pct_lift_delta_vs_frozen_ar,0.002256335923448205,0.13887333869934082,0.8528874516487122,true_train_and_true_inner_val_selection
residual_future_max_delta_rows_4_10,continuous,delta_feature_mlp_residual,real_residual,20260626,4,0.017730531631968915,0.020030468702316284,0.020030468702316284,inner_val_top_5pct_lift_delta_vs_frozen_ar,0.002293547848239541,0.14071904122829437,0.8619208335876465,true_train_and_true_inner_val_selection
residual_future_max_delta_rows_4_10,continuous,delta_feature_mlp_residual,real_residual,20260626,5,0.01750611769966781,0.024186812341213226,0.024186812341213226,inner_val_top_5pct_lift_delta_vs_frozen_ar,0.0023233925458043814,0.10309574007987976,0.6723207235336304,true_train_and_true_inner_val_selection
residual_future_max_delta_rows_4_10,continuous,delta_feature_mlp_residual,real_residual,20260626,6,0.0173612100770697,0.026099175214767456,0.026099175214767456,inner_val_top_5pct_lift_delta_vs_frozen_ar,0.0023415612522512674,0.09484165906906128,0.6213961243629456,true_train_and_true_inner_val_selection
residual_future_max_delta_rows_4_10,continuous,delta_feature_mlp_residual,real_residual,20260626,7,0.01736439997330308,0.025949977338314056,0.025949977338314056,inner_val_top_5pct_lift_delta_vs_frozen_ar,0.002351675648242235,0.09994213283061981,0.662259042263031,true_train_and_true_inner_val_selection
residual_future_max_delta_rows_4_10,continuous,delta_feature_mlp_residual,real_residual,20260626,8,0.01719371078070253,0.02581750601530075,0.02581750601530075,inner_val_top_5pct_lift_delta_vs_frozen_ar,0.002364983782172203,0.10892923176288605,0.7206899523735046,true_train_and_true_inner_val_selection
residual_future_max_delta_rows_4_10,continuous,delta_feature_mlp_residual,real_residual,20260626,9,0.017195290653035045,0.023786604404449463,0.023786604404449463,inner_val_top_5pct_lift_delta_vs_frozen_ar,0.002378099365159869,0.10919568687677383,0.7261759042739868,true_train_and_true_inner_val_selection
residual_future_max_delta_rows_4_10,continuous,delta_feature_mlp_residual,real_residual,20260626,10,0.017044230946339667,0.022988617420196533,0.022988617420196533,inner_val_top_5pct_lift_delta_vs_frozen_ar,0.00239311414770782,0.11462296545505524,0.7592052817344666,true_train_and_true_inner_val_selection
residual_future_max_delta_rows_4_10,continuous,delta_feature_mlp_residual,real_residual,20260626,11,0.017019389546476305,0.021949268877506256,0.021949268877506256,inner_val_top_5pct_lift_delta_vs_frozen_ar,0.0024088560603559017,0.12264063209295273,0.804705023765564,true_train_and_true_inner_val_selection
residual_future_max_delta_rows_4_10,continuous,delta_feature_mlp_residual,real_residual,20260626,12,0.017028413712978363,0.01888640969991684,0.01888640969991684,inner_val_top_5pct_lift_delta_vs_frozen_ar,0.002424291567876935,0.12935075163841248,0.8376520872116089,true_train_and_true_inner_val_selection
residual_future_max_delta_rows_4_10,continuous,delta_feature_mlp_residual,real_residual,20260626,13,0.0169240451650694,0.020289242267608643,0.020289242267608643,inner_val_top_5pct_lift_delta_vs_frozen_ar,0.002438941737636924,0.13312704861164093,0.853757381439209,true_train_and_true_inner_val_selection
residual_future_max_delta_rows_4_10,continuous,delta_feature_mlp_residual,real_residual,20260626,14,0.016850219923071563,0.019650720059871674,0.019650720059871674,inner_val_top_5pct_lift_delta_vs_frozen_ar,0.0024534713011235,0.1373826563358307,0.8711509704589844,true_train_and_true_inner_val_selection
residual_future_max_delta_rows_4_10,continuous,delta_feature_mlp_residual,shuffled_pca_residual,20260626,1,0.018123101210221648,0.00017595291137695312,0.00017595291137695312,inner_val_top_5pct_lift_delta_vs_frozen_ar,0.0021674747113138437,0.023463541641831398,0.0610625222325325,true_train_and_true_inner_val_selection
residual_future_max_delta_rows_4_10,continuous,delta_feature_mlp_residual,shuffled_pca_residual,20260626,2,0.018088414217345417,-0.00010556727647781372,-0.00010556727647781372,inner_val_top_5pct_lift_delta_vs_frozen_ar,0.0022039494942873716,0.05918700620532036,0.28061944246292114,true_train_and_true_inner_val_selection
residual_future_max_delta_rows_4_10,continuous,delta_feature_mlp_residual,shuffled_pca_residual,20260626,3,0.01820322102867067,-0.0011259838938713074,-0.0011259838938713074,inner_val_top_5pct_lift_delta_vs_frozen_ar,0.002251463243737817,0.1429160237312317,0.8257389664649963,true_train_and_true_inner_val_selection
residual_future_max_delta_rows_4_10,continuous,delta_feature_mlp_residual,shuffled_pca_residual,20260626,4,0.018016583053395152,-0.0033184215426445007,-0.0033184215426445007,inner_val_top_5pct_lift_delta_vs_frozen_ar,0.0022810844238847494,0.19087214767932892,0.9545274972915649,true_train_and_true_inner_val_selection
residual_future_max_delta_rows_4_10,continuous,delta_feature_mlp_residual,shuffled_pca_residual,20260626,5,0.01791079295799136,0.0021371394395828247,0.0021371394395828247,inner_val_top_5pct_lift_delta_vs_frozen_ar,0.002280154963955283,0.20019817352294922,0.9632404446601868,true_train_and_true_inner_val_selection
residual_future_max_delta_rows_4_10,continuous,delta_feature_mlp_residual,shuffled_pca_residual,20260626,6,0.017925124149769545,0.00083150714635849,0.00083150714635849,inner_val_top_5pct_lift_delta_vs_frozen_ar,0.0022917131427675486,0.1993698626756668,0.9609387516975403,true_train_and_true_inner_val_selection
residual_future_max_delta_rows_4_10,continuous,delta_feature_mlp_residual,shuffled_pca_residual,20260626,7,0.017888625501655042,-0.0025797784328460693,-0.0025797784328460693,inner_val_top_5pct_lift_delta_vs_frozen_ar,0.0023083926644176245,0.1988615244626999,0.961233913898468,true_train_and_true_inner_val_selection
residual_future_max_delta_rows_4_10,continuous,delta_feature_mlp_residual,shuffled_pca_residual,20260626,8,0.01779350347351283,-0.002068832516670227,-0.002068832516670227,inner_val_top_5pct_lift_delta_vs_frozen_ar,0.00233077653683722,0.20530320703983307,0.9701095223426819,true_train_and_true_inner_val_selection
residual_future_max_delta_rows_4_10,continuous,delta_feature_mlp_residual,shuffled_pca_residual,20260626,9,0.017772197723388672,-0.004650875926017761,-0.004650875926017761,inner_val_top_5pct_lift_delta_vs_frozen_ar,0.0023588400799781084,0.21165749430656433,0.9767517447471619,true_train_and_true_inner_val_selection
residual_future_max_delta_rows_4_10,continuous,delta_feature_mlp_residual,shuffled_pca_residual,20260626,10,0.017721800017170608,-0.007601067423820496,-0.007601067423820496,inner_val_top_5pct_lift_delta_vs_frozen_ar,0.0023876449558883905,0.2168768346309662,0.9827108979225159,true_train_and_true_inner_val_selection
residual_future_max_delta_rows_4_10,continuous,delta_feature_mlp_residual,shuffled_pca_residual,20260626,11,0.017668196349404752,-0.00934312492609024,-0.00934312492609024,inner_val_top_5pct_lift_delta_vs_frozen_ar,0.0024163508787751198,0.22179624438285828,0.9857142567634583,true_train_and_true_inner_val_selection
residual_future_max_delta_rows_4_10,continuous,delta_feature_mlp_residual,shuffled_pca_residual,20260626,12,0.017546460847370327,-0.014584172517061234,-0.014584172517061234,inner_val_top_5pct_lift_delta_vs_frozen_ar,0.0024453664664179087,0.22322075068950653,0.9872454404830933,true_train_and_true_inner_val_selection
residual_future_max_delta_rows_4_10,continuous,delta_feature_mlp_residual,shuffled_pca_residual,20260626,13,0.01748241181485355,-0.012501746416091919,-0.012501746416091919,inner_val_top_5pct_lift_delta_vs_frozen_ar,0.002473820699378848,0.2253512144088745,0.9887923002243042,true_train_and_true_inner_val_selection
residual_future_max_delta_rows_4_10,continuous,delta_feature_mlp_residual,random_pca_residual,20260626,1,0.018100611632689834,9.164959192276001e-05,9.164959192276001e-05,inner_val_top_5pct_lift_delta_vs_frozen_ar,0.002165308455005288,0.022645361721515656,0.056374866515398026,true_train_and_true_inner_val_selection
residual_future_max_delta_rows_4_10,continuous,delta_feature_mlp_residual,random_pca_residual,20260626,2,0.018096323357895017,-9.412318468093872e-05,-9.412318468093872e-05,inner_val_top_5pct_lift_delta_vs_frozen_ar,0.0022019834723323584,0.055114150047302246,0.2532261610031128,true_train_and_true_inner_val_selection
residual_future_max_delta_rows_4_10,continuous,delta_feature_mlp_residual,random_pca_residual,20260626,3,0.018125201924704015,-0.0004709288477897644,-0.0004709288477897644,inner_val_top_5pct_lift_delta_vs_frozen_ar,0.0022489409893751144,0.1366485059261322,0.7949144244194031,true_train_and_true_inner_val_selection
residual_future_max_delta_rows_4_10,continuous,delta_feature_mlp_residual,random_pca_residual,20260626,4,0.018020317307673395,-0.0019282102584838867,-0.0019282102584838867,inner_val_top_5pct_lift_delta_vs_frozen_ar,0.0022868660744279623,0.18912996351718903,0.9527583122253418,true_train_and_true_inner_val_selection
residual_future_max_delta_rows_4_10,continuous,delta_feature_mlp_residual,random_pca_residual,20260626,5,0.01805190439336002,0.0033347755670547485,0.0033347755670547485,inner_val_top_5pct_lift_delta_vs_frozen_ar,0.0022868297528475523,0.19800423085689545,0.9630275368690491,true_train_and_true_inner_val_selection
residual_future_max_delta_rows_4_10,continuous,delta_feature_mlp_residual,random_pca_residual,20260626,6,0.01786773547064513,7.015466690063477e-05,7.015466690063477e-05,inner_val_top_5pct_lift_delta_vs_frozen_ar,0.0023023036774247885,0.1998378485441208,0.9629610180854797,true_train_and_true_inner_val_selection
residual_future_max_delta_rows_4_10,continuous,delta_feature_mlp_residual,random_pca_residual,20260626,7,0.01787550759036094,-0.00030313432216644287,-0.00030313432216644287,inner_val_top_5pct_lift_delta_vs_frozen_ar,0.0023225084878504276,0.19989024102687836,0.9624814391136169,true_train_and_true_inner_val_selection
residual_future_max_delta_rows_4_10,continuous,delta_feature_mlp_residual,random_pca_residual,20260626,8,0.017819131491705775,-0.0017670616507530212,-0.0017670616507530212,inner_val_top_5pct_lift_delta_vs_frozen_ar,0.002347497269511223,0.20591844618320465,0.9698320627212524,true_train_and_true_inner_val_selection
residual_future_max_delta_rows_4_10,continuous,delta_feature_mlp_residual,random_pca_residual,20260626,9,0.017788941506296396,-0.007064700126647949,-0.007064700126647949,inner_val_top_5pct_lift_delta_vs_frozen_ar,0.002372611314058304,0.2123853862285614,0.9779951572418213,true_train_and_true_inner_val_selection
residual_future_max_delta_rows_4_10,continuous,delta_feature_mlp_residual,random_pca_residual,20260626,10,0.017682570731267333,-0.010089181363582611,-0.010089181363582611,inner_val_top_5pct_lift_delta_vs_frozen_ar,0.002400516765192151,0.22137944400310516,0.9849241971969604,true_train_and_true_inner_val_selection
residual_future_max_delta_rows_4_10,continuous,delta_feature_mlp_residual,random_pca_residual,20260626,11,0.01767268660478294,-0.0079517662525177,-0.0079517662525177,inner_val_top_5pct_lift_delta_vs_frozen_ar,0.0024278038181364536,0.22565673291683197,0.9879034161567688,true_train_and_true_inner_val_selection
residual_future_max_delta_rows_4_10,continuous,delta_feature_mlp_residual,random_pca_residual,20260626,12,0.017551481956616044,-0.009554721415042877,-0.009554721415042877,inner_val_top_5pct_lift_delta_vs_frozen_ar,0.0024546468630433083,0.23012451827526093,0.9902220368385315,true_train_and_true_inner_val_selection
residual_future_max_delta_rows_4_10,continuous,delta_feature_mlp_residual,random_pca_residual,20260626,13,0.01747814181726426,-0.009619481861591339,-0.009619481861591339,inner_val_top_5pct_lift_delta_vs_frozen_ar,0.0024852368514984846,0.23702195286750793,0.9929903745651245,true_train_and_true_inner_val_selection
residual_future_max_delta_rows_4_10,continuous,delta_feature_mlp_residual,label_permutation_residual,20260626,1,0.020298397867009044,0.0,0.0,inner_val_top_5pct_lift_delta_vs_frozen_ar,0.0021733816247433424,0.01998639665544033,0.04298531264066696,permuted_train_and_permuted_inner_val_selection
residual_future_max_delta_rows_4_10,continuous,delta_feature_mlp_residual,label_permutation_residual,20260626,2,0.020317762391641736,-1.1641532182693481e-10,-1.1641532182693481e-10,inner_val_top_5pct_lift_delta_vs_frozen_ar,0.0021954530384391546,0.021615656092762947,0.05390498787164688,permuted_train_and_permuted_inner_val_selection
residual_future_max_delta_rows_4_10,continuous,delta_feature_mlp_residual,label_permutation_residual,20260626,3,0.020322042400948703,-0.00024601814220659435,-0.00024601814220659435,inner_val_top_5pct_lift_delta_vs_frozen_ar,0.002229429315775633,0.02954239957034588,0.09550555050373077,permuted_train_and_permuted_inner_val_selection
residual_future_max_delta_rows_4_10,continuous,delta_feature_mlp_residual,label_permutation_residual,20260626,4,0.02023926330730319,1.2220698408782482e-06,1.2220698408782482e-06,inner_val_top_5pct_lift_delta_vs_frozen_ar,0.002262649592012167,0.0581883080303669,0.2858700156211853,permuted_train_and_permuted_inner_val_selection
residual_future_max_delta_rows_4_10,continuous,delta_feature_mlp_residual,label_permutation_residual,20260626,5,0.020177980419248343,0.0003175180754624307,0.0003175180754624307,inner_val_top_5pct_lift_delta_vs_frozen_ar,0.002285726135596633,0.08838716149330139,0.5508316159248352,permuted_train_and_permuted_inner_val_selection
residual_future_max_delta_rows_4_10,continuous,delta_feature_mlp_residual,label_permutation_residual,20260626,6,0.020205191103741527,0.0001784181222319603,0.0001784181222319603,inner_val_top_5pct_lift_delta_vs_frozen_ar,0.0022941294591873884,0.11492851376533508,0.7436458468437195,permuted_train_and_permuted_inner_val_selection
residual_future_max_delta_rows_4_10,continuous,delta_feature_mlp_residual,label_permutation_residual,20260626,7,0.020248299813829362,-0.00011731544509530067,-0.00011731544509530067,inner_val_top_5pct_lift_delta_vs_frozen_ar,0.0023099342361092567,0.12986938655376434,0.8182703852653503,permuted_train_and_permuted_inner_val_selection
residual_future_max_delta_rows_4_10,continuous,delta_feature_mlp_residual,label_permutation_residual,20260626,8,0.02024455228820443,-0.0006846038704679813,-0.0006846038704679813,inner_val_top_5pct_lift_delta_vs_frozen_ar,0.002326107118278742,0.14114472270011902,0.8668696880340576,permuted_train_and_permuted_inner_val_selection
residual_future_max_delta_rows_4_10,continuous,delta_feature_mlp_residual,label_permutation_residual,20260626,9,0.020099943852983415,-0.0007462019602826331,-0.0007462019602826331,inner_val_top_5pct_lift_delta_vs_frozen_ar,0.0023407479748129845,0.1488742232322693,0.8949716687202454,permuted_train_and_permuted_inner_val_selection
residual_future_max_delta_rows_4_10,continuous,delta_feature_mlp_residual,label_permutation_residual,20260626,10,0.02000680356286466,-0.0006050595184206031,-0.0006050595184206031,inner_val_top_5pct_lift_delta_vs_frozen_ar,0.0023609306663274765,0.15291573107242584,0.9080801010131836,permuted_train_and_permuted_inner_val_selection
residual_future_max_delta_rows_4_10,continuous,delta_feature_mlp_residual,label_permutation_residual,20260626,11,0.019934347365051508,-0.0015005887253209949,-0.0015005887253209949,inner_val_top_5pct_lift_delta_vs_frozen_ar,0.002376614836975932,0.15529508888721466,0.9167339205741882,permuted_train_and_permuted_inner_val_selection
residual_future_max_delta_rows_4_10,continuous,delta_feature_mlp_residual,label_permutation_residual,20260626,12,0.01997914770618081,-0.0007681239731027745,-0.0007681239731027745,inner_val_top_5pct_lift_delta_vs_frozen_ar,0.0023955267388373613,0.15645413100719452,0.9224127531051636,permuted_train_and_permuted_inner_val_selection
residual_future_max_delta_rows_4_10,continuous,delta_feature_mlp_residual,label_permutation_residual,20260626,13,0.019875082769431174,-0.001072569313691929,-0.001072569313691929,inner_val_top_5pct_lift_delta_vs_frozen_ar,0.0024147601798176765,0.15895205736160278,0.9301370978355408,permuted_train_and_permuted_inner_val_selection
residual_future_max_delta_rows_4_10,continuous,delta_feature_mlp_residual,train_only_video_mean_residual,20260626,1,0.018180045997723937,7.450580596923828e-09,7.450580596923828e-09,inner_val_top_5pct_lift_delta_vs_frozen_ar,0.002174353925511241,0.021233048290014267,0.04672204703092575,true_train_and_true_inner_val_selection
residual_future_max_delta_rows_4_10,continuous,delta_feature_mlp_residual,train_only_video_mean_residual,20260626,2,0.01814154628664255,-0.000325225293636322,-0.000325225293636322,inner_val_top_5pct_lift_delta_vs_frozen_ar,0.0022048871032893658,0.06065702438354492,0.29832929372787476,true_train_and_true_inner_val_selection
residual_future_max_delta_rows_4_10,continuous,delta_feature_mlp_residual,train_only_video_mean_residual,20260626,3,0.01798626035451889,-0.0009566769003868103,-0.0009566769003868103,inner_val_top_5pct_lift_delta_vs_frozen_ar,0.0022520478814840317,0.15235677361488342,0.8787955641746521,true_train_and_true_inner_val_selection
residual_future_max_delta_rows_4_10,continuous,delta_feature_mlp_residual,train_only_video_mean_residual,20260626,4,0.01784172689076513,-0.0014759302139282227,-0.0014759302139282227,inner_val_top_5pct_lift_delta_vs_frozen_ar,0.0022866607178002596,0.194144606590271,0.9732105731964111,true_train_and_true_inner_val_selection
residual_future_max_delta_rows_4_10,continuous,delta_feature_mlp_residual,train_only_video_mean_residual,20260626,5,0.017890436574816704,-0.0014161691069602966,-0.0014161691069602966,inner_val_top_5pct_lift_delta_vs_frozen_ar,0.0022948808036744595,0.2079581767320633,0.9849125146865845,true_train_and_true_inner_val_selection
residual_future_max_delta_rows_4_10,continuous,delta_feature_mlp_residual,train_only_video_mean_residual,20260626,6,0.017900040256790817,-0.0043769776821136475,-0.0043769776821136475,inner_val_top_5pct_lift_delta_vs_frozen_ar,0.002308962866663933,0.21523183584213257,0.9881362915039062,true_train_and_true_inner_val_selection
residual_future_max_delta_rows_4_10,continuous,delta_feature_mlp_residual,train_only_video_mean_residual,20260626,7,0.017732952372170985,-0.008120603859424591,-0.008120603859424591,inner_val_top_5pct_lift_delta_vs_frozen_ar,0.002327436115592718,0.22466330230236053,0.9910708069801331,true_train_and_true_inner_val_selection
residual_future_max_delta_rows_4_10,continuous,delta_feature_mlp_residual,train_only_video_mean_residual,20260626,8,0.01772399083711207,-0.009787656366825104,-0.009787656366825104,inner_val_top_5pct_lift_delta_vs_frozen_ar,0.0023509750608354807,0.23262523114681244,0.9935621023178101,true_train_and_true_inner_val_selection
residual_future_max_delta_rows_4_10,continuous,delta_feature_mlp_residual,train_only_video_mean_residual,20260626,9,0.017611857620067894,-0.012526270002126694,-0.012526270002126694,inner_val_top_5pct_lift_delta_vs_frozen_ar,0.0023768532555550337,0.24366095662117004,0.9961458444595337,true_train_and_true_inner_val_selection
residual_future_max_delta_rows_4_10,continuous,delta_feature_mlp_residual,diagnostics_only_residual,20260626,1,0.018191947136074305,7.450580596923828e-09,7.450580596923828e-09,inner_val_top_5pct_lift_delta_vs_frozen_ar,0.0021679543424397707,0.022233979776501656,0.050564128905534744,true_train_and_true_inner_val_selection
residual_future_max_delta_rows_4_10,continuous,delta_feature_mlp_residual,diagnostics_only_residual,20260626,2,0.018109356751665473,0.00024822354316711426,0.00024822354316711426,inner_val_top_5pct_lift_delta_vs_frozen_ar,0.002200125949457288,0.038487061858177185,0.15102171897888184,true_train_and_true_inner_val_selection
residual_future_max_delta_rows_4_10,continuous,delta_feature_mlp_residual,diagnostics_only_residual,20260626,3,0.018165352987125516,-0.0014723986387252808,-0.0014723986387252808,inner_val_top_5pct_lift_delta_vs_frozen_ar,0.0022459272295236588,0.09330342710018158,0.5079502463340759,true_train_and_true_inner_val_selection
residual_future_max_delta_rows_4_10,continuous,delta_feature_mlp_residual,diagnostics_only_residual,20260626,4,0.018129560514353216,0.001982741057872772,0.001982741057872772,inner_val_top_5pct_lift_delta_vs_frozen_ar,0.0022913848515599966,0.16145861148834229,0.8503448367118835,true_train_and_true_inner_val_selection
residual_future_max_delta_rows_4_10,continuous,delta_feature_mlp_residual,diagnostics_only_residual,20260626,5,0.018021743861027062,0.0038904324173927307,0.0038904324173927307,inner_val_top_5pct_lift_delta_vs_frozen_ar,0.002289855619892478,0.18920905888080597,0.92009437084198,true_train_and_true_inner_val_selection
residual_future_max_delta_rows_4_10,continuous,delta_feature_mlp_residual,diagnostics_only_residual,20260626,6,0.01799857709556818,0.0031763389706611633,0.0031763389706611633,inner_val_top_5pct_lift_delta_vs_frozen_ar,0.002287554554641247,0.20005378127098083,0.9419134259223938,true_train_and_true_inner_val_selection
residual_future_max_delta_rows_4_10,continuous,delta_feature_mlp_residual,diagnostics_only_residual,20260626,7,0.018001136952079833,0.003522038459777832,0.003522038459777832,inner_val_top_5pct_lift_delta_vs_frozen_ar,0.002291098004207015,0.20743417739868164,0.9549408555030823,true_train_and_true_inner_val_selection
residual_future_max_delta_rows_4_10,continuous,delta_feature_mlp_residual,diagnostics_only_residual,20260626,8,0.0179374017752707,0.004274867475032806,0.004274867475032806,inner_val_top_5pct_lift_delta_vs_frozen_ar,0.002295707119628787,0.21365278959274292,0.9636203050613403,true_train_and_true_inner_val_selection
residual_future_max_delta_rows_4_10,continuous,delta_feature_mlp_residual,diagnostics_only_residual,20260626,9,0.017899226280860603,0.004130318760871887,0.004130318760871887,inner_val_top_5pct_lift_delta_vs_frozen_ar,0.002303567249327898,0.22017434239387512,0.9714037775993347,true_train_and_true_inner_val_selection
residual_future_max_delta_rows_4_10,continuous,delta_feature_mlp_residual,diagnostics_only_residual,20260626,10,0.01792703487444669,0.005047105252742767,0.005047105252742767,inner_val_top_5pct_lift_delta_vs_frozen_ar,0.002311746124178171,0.22663991153240204,0.9781177639961243,true_train_and_true_inner_val_selection
residual_future_max_delta_rows_4_10,continuous,delta_feature_mlp_residual,diagnostics_only_residual,20260626,11,0.017912174225784838,0.0059531331062316895,0.0059531331062316895,inner_val_top_5pct_lift_delta_vs_frozen_ar,0.002322747837752104,0.23358871042728424,0.9838799238204956,true_train_and_true_inner_val_selection
residual_future_max_delta_rows_4_10,continuous,delta_feature_mlp_residual,diagnostics_only_residual,20260626,12,0.01783133391290903,0.008120179176330566,0.008120179176330566,inner_val_top_5pct_lift_delta_vs_frozen_ar,0.0023375574965029955,0.24111691117286682,0.9886531233787537,true_train_and_true_inner_val_selection
residual_future_max_delta_rows_4_10,continuous,delta_feature_mlp_residual,diagnostics_only_residual,20260626,13,0.0179317343281582,0.00968959927558899,0.00968959927558899,inner_val_top_5pct_lift_delta_vs_frozen_ar,0.002350694267079234,0.2478421926498413,0.991827130317688,true_train_and_true_inner_val_selection
residual_future_max_delta_rows_4_10,continuous,delta_feature_mlp_residual,diagnostics_only_residual,20260626,14,0.01794707460794598,0.010029159486293793,0.010029159486293793,inner_val_top_5pct_lift_delta_vs_frozen_ar,0.002368004061281681,0.2542538344860077,0.9941471219062805,true_train_and_true_inner_val_selection
residual_future_max_delta_rows_4_10,continuous,delta_feature_mlp_residual,diagnostics_only_residual,20260626,15,0.017838628962635994,0.012450702488422394,0.012450702488422394,inner_val_top_5pct_lift_delta_vs_frozen_ar,0.002383799059316516,0.26048022508621216,0.9957985281944275,true_train_and_true_inner_val_selection
residual_future_max_delta_rows_4_10,continuous,delta_feature_mlp_residual,diagnostics_only_residual,20260626,16,0.017747212550602853,0.012278221547603607,0.012278221547603607,inner_val_top_5pct_lift_delta_vs_frozen_ar,0.0023983793798834085,0.2654132843017578,0.9968656301498413,true_train_and_true_inner_val_selection
residual_future_max_delta_rows_4_10,continuous,delta_feature_mlp_residual,diagnostics_only_residual,20260626,17,0.017809399287216365,0.015437155961990356,0.015437155961990356,inner_val_top_5pct_lift_delta_vs_frozen_ar,0.0024148656520992517,0.27009016275405884,0.9976251721382141,true_train_and_true_inner_val_selection
residual_future_max_delta_rows_4_10,continuous,delta_feature_mlp_residual,diagnostics_only_residual,20260626,18,0.017697656818199903,0.015580438077449799,0.015580438077449799,inner_val_top_5pct_lift_delta_vs_frozen_ar,0.0024307887069880962,0.2745472192764282,0.9981773495674133,true_train_and_true_inner_val_selection
residual_future_max_delta_rows_4_10,continuous,delta_feature_mlp_residual,diagnostics_only_residual,20260626,19,0.017739347298629582,0.01528073102235794,0.01528073102235794,inner_val_top_5pct_lift_delta_vs_frozen_ar,0.0024455746170133352,0.2786404490470886,0.9985863566398621,true_train_and_true_inner_val_selection
residual_future_max_delta_rows_4_10,continuous,delta_feature_mlp_residual,diagnostics_only_residual,20260626,20,0.01783372915815562,0.015442609786987305,0.015442609786987305,inner_val_top_5pct_lift_delta_vs_frozen_ar,0.002460793824866414,0.28210774064064026,0.9988718032836914,true_train_and_true_inner_val_selection
residual_future_max_delta_rows_4_10,continuous,delta_feature_mlp_residual,diagnostics_only_residual,20260626,21,0.01774148258846253,0.01571667194366455,0.01571667194366455,inner_val_top_5pct_lift_delta_vs_frozen_ar,0.002475203014910221,0.28544116020202637,0.9991015791893005,true_train_and_true_inner_val_selection
residual_future_max_delta_rows_4_10,continuous,delta_feature_mlp_residual,diagnostics_only_residual,20260626,22,0.0178030370734632,0.01470387727022171,0.01470387727022171,inner_val_top_5pct_lift_delta_vs_frozen_ar,0.002489771693944931,0.2882451117038727,0.9992581009864807,true_train_and_true_inner_val_selection
residual_future_max_delta_rows_4_10,continuous,delta_feature_mlp_residual,diagnostics_only_residual,20260626,23,0.017759310198016465,0.014948219060897827,0.014948219060897827,inner_val_top_5pct_lift_delta_vs_frozen_ar,0.002502578077837825,0.29071786999702454,0.9993783235549927,true_train_and_true_inner_val_selection
residual_future_max_delta_rows_4_10,continuous,delta_feature_mlp_residual,diagnostics_only_residual,20260626,24,0.01765318471007049,0.0132194384932518,0.0132194384932518,inner_val_top_5pct_lift_delta_vs_frozen_ar,0.0025157849304378033,0.292517751455307,0.999455451965332,true_train_and_true_inner_val_selection
residual_future_max_delta_rows_4_10,continuous,delta_feature_mlp_residual,diagnostics_only_residual,20260626,25,0.017685495084151626,0.01318618655204773,0.01318618655204773,inner_val_top_5pct_lift_delta_vs_frozen_ar,0.002528707729652524,0.2944559156894684,0.9995293617248535,true_train_and_true_inner_val_selection
residual_future_max_delta_rows_4_10,continuous,delta_feature_mlp_residual,diagnostics_only_residual,20260626,26,0.0176717524882406,0.012839935719966888,0.012839935719966888,inner_val_top_5pct_lift_delta_vs_frozen_ar,0.0025417888537049294,0.2968297004699707,0.9996071457862854,true_train_and_true_inner_val_selection
residual_future_max_delta_rows_4_10,continuous,delta_feature_mlp_residual,diagnostics_only_residual,20260626,27,0.01765568053815514,0.011710546910762787,0.011710546910762787,inner_val_top_5pct_lift_delta_vs_frozen_ar,0.002553086495026946,0.2982998490333557,0.999651312828064,true_train_and_true_inner_val_selection
residual_future_max_delta_rows_4_10,continuous,delta_feature_mlp_residual,diagnostics_only_residual,20260626,28,0.017605377361178398,0.01071445643901825,0.01071445643901825,inner_val_top_5pct_lift_delta_vs_frozen_ar,0.0025638709776103497,0.29977551102638245,0.999690055847168,true_train_and_true_inner_val_selection
residual_future_max_delta_rows_4_10,continuous,delta_feature_mlp_residual,diagnostics_only_residual,20260626,29,0.017648393055424094,0.01099444180727005,0.01099444180727005,inner_val_top_5pct_lift_delta_vs_frozen_ar,0.002574694575741887,0.301094114780426,0.9997190237045288,true_train_and_true_inner_val_selection
residual_future_max_delta_rows_4_10,continuous,delta_feature_mlp_residual,real_residual,20260627,1,0.018108512624166906,0.0,0.0,inner_val_top_5pct_lift_delta_vs_frozen_ar,0.002139018615707755,0.02206926792860031,0.05116771534085274,true_train_and_true_inner_val_selection
residual_future_max_delta_rows_4_10,continuous,delta_feature_mlp_residual,real_residual,20260627,2,0.018148830393329263,0.0,0.0,inner_val_top_5pct_lift_delta_vs_frozen_ar,0.0021261260844767094,0.022609027102589607,0.05520433560013771,true_train_and_true_inner_val_selection
residual_future_max_delta_rows_4_10,continuous,delta_feature_mlp_residual,real_residual,20260627,3,0.018200315535068512,-0.00040621310472488403,-0.00040621310472488403,inner_val_top_5pct_lift_delta_vs_frozen_ar,0.0021501306910067797,0.029065359383821487,0.09520918875932693,true_train_and_true_inner_val_selection
residual_future_max_delta_rows_4_10,continuous,delta_feature_mlp_residual,real_residual,20260627,4,0.01806389493867755,0.000304199755191803,0.000304199755191803,inner_val_top_5pct_lift_delta_vs_frozen_ar,0.0021932083182036877,0.0678894966840744,0.33309948444366455,true_train_and_true_inner_val_selection
residual_future_max_delta_rows_4_10,continuous,delta_feature_mlp_residual,real_residual,20260627,5,0.0179113931953907,0.010346807539463043,0.010346807539463043,inner_val_top_5pct_lift_delta_vs_frozen_ar,0.002240409841760993,0.11780579388141632,0.7256802916526794,true_train_and_true_inner_val_selection
residual_future_max_delta_rows_4_10,continuous,delta_feature_mlp_residual,real_residual,20260627,6,0.017602873034775257,0.019851893186569214,0.019851893186569214,inner_val_top_5pct_lift_delta_vs_frozen_ar,0.0022632768377661705,0.10274071246385574,0.6740862131118774,true_train_and_true_inner_val_selection
residual_future_max_delta_rows_4_10,continuous,delta_feature_mlp_residual,real_residual,20260627,7,0.017455480876378715,0.022748753428459167,0.022748753428459167,inner_val_top_5pct_lift_delta_vs_frozen_ar,0.002283327514305711,0.0829550251364708,0.5274386405944824,true_train_and_true_inner_val_selection
residual_future_max_delta_rows_4_10,continuous,delta_feature_mlp_residual,real_residual,20260627,8,0.01740376721136272,0.023073866963386536,0.023073866963386536,inner_val_top_5pct_lift_delta_vs_frozen_ar,0.0022959306370466948,0.07865792512893677,0.4874342679977417,true_train_and_true_inner_val_selection
residual_future_max_delta_rows_4_10,continuous,delta_feature_mlp_residual,real_residual,20260627,9,0.017329137888737023,0.02149021625518799,0.02149021625518799,inner_val_top_5pct_lift_delta_vs_frozen_ar,0.00230803107842803,0.08124866336584091,0.5023890733718872,true_train_and_true_inner_val_selection
residual_future_max_delta_rows_4_10,continuous,delta_feature_mlp_residual,real_residual,20260627,10,0.017234286409802735,0.024608328938484192,0.024608328938484192,inner_val_top_5pct_lift_delta_vs_frozen_ar,0.0023165845777839422,0.08077901601791382,0.49889686703681946,true_train_and_true_inner_val_selection
residual_future_max_delta_rows_4_10,continuous,delta_feature_mlp_residual,real_residual,20260627,11,0.017175867105834186,0.019872911274433136,0.019872911274433136,inner_val_top_5pct_lift_delta_vs_frozen_ar,0.0023316878359764814,0.08534471690654755,0.5313193202018738,true_train_and_true_inner_val_selection
residual_future_max_delta_rows_4_10,continuous,delta_feature_mlp_residual,real_residual,20260627,12,0.017208371893502772,0.019963599741458893,0.019963599741458893,inner_val_top_5pct_lift_delta_vs_frozen_ar,0.00234628445468843,0.08685575425624847,0.5402565002441406,true_train_and_true_inner_val_selection
residual_future_max_delta_rows_4_10,continuous,delta_feature_mlp_residual,real_residual,20260627,13,0.017135216970928013,0.020470663905143738,0.020470663905143738,inner_val_top_5pct_lift_delta_vs_frozen_ar,0.002358201192691922,0.08782448619604111,0.5518987774848938,true_train_and_true_inner_val_selection
residual_future_max_delta_rows_4_10,continuous,delta_feature_mlp_residual,real_residual,20260627,14,0.017068786779418588,0.0188741534948349,0.0188741534948349,inner_val_top_5pct_lift_delta_vs_frozen_ar,0.0023735815193504095,0.09191437065601349,0.5834060311317444,true_train_and_true_inner_val_selection
residual_future_max_delta_rows_4_10,continuous,delta_feature_mlp_residual,real_residual,20260627,15,0.016976300510577857,0.016587145626544952,0.016587145626544952,inner_val_top_5pct_lift_delta_vs_frozen_ar,0.0023890489246696234,0.09520653635263443,0.6121970415115356,true_train_and_true_inner_val_selection
residual_future_max_delta_rows_4_10,continuous,delta_feature_mlp_residual,real_residual,20260627,16,0.01697434962261468,0.015860311686992645,0.015860311686992645,inner_val_top_5pct_lift_delta_vs_frozen_ar,0.0024045617319643497,0.09812431782484055,0.6323700547218323,true_train_and_true_inner_val_selection
residual_future_max_delta_rows_4_10,continuous,delta_feature_mlp_residual,real_residual,20260627,17,0.016912285005673766,0.01542055606842041,0.01542055606842041,inner_val_top_5pct_lift_delta_vs_frozen_ar,0.002420645672827959,0.10269279778003693,0.6597803831100464,true_train_and_true_inner_val_selection
residual_future_max_delta_rows_4_10,continuous,delta_feature_mlp_residual,real_residual,20260627,18,0.016801531717646867,0.014338411390781403,0.014338411390781403,inner_val_top_5pct_lift_delta_vs_frozen_ar,0.0024345347192138433,0.10496260970830917,0.671970009803772,true_train_and_true_inner_val_selection
residual_future_max_delta_rows_4_10,continuous,delta_feature_mlp_residual,shuffled_pca_residual,20260627,1,0.018189818947575986,0.0,0.0,inner_val_top_5pct_lift_delta_vs_frozen_ar,0.0021384095307439566,0.021039824932813644,0.04316234961152077,true_train_and_true_inner_val_selection
residual_future_max_delta_rows_4_10,continuous,delta_feature_mlp_residual,shuffled_pca_residual,20260627,2,0.018191156559623778,0.0,0.0,inner_val_top_5pct_lift_delta_vs_frozen_ar,0.002123079961165786,0.021509340032935143,0.04595644399523735,true_train_and_true_inner_val_selection
residual_future_max_delta_rows_4_10,continuous,delta_feature_mlp_residual,shuffled_pca_residual,20260627,3,0.018063987838104367,2.979487180709839e-05,2.979487180709839e-05,inner_val_top_5pct_lift_delta_vs_frozen_ar,0.002140569966286421,0.02677571028470993,0.07843443751335144,true_train_and_true_inner_val_selection
residual_future_max_delta_rows_4_10,continuous,delta_feature_mlp_residual,shuffled_pca_residual,20260627,4,0.018229019595310092,-0.001318998634815216,-0.001318998634815216,inner_val_top_5pct_lift_delta_vs_frozen_ar,0.0021816683001816273,0.05738069489598274,0.26956501603126526,true_train_and_true_inner_val_selection
residual_future_max_delta_rows_4_10,continuous,delta_feature_mlp_residual,shuffled_pca_residual,20260627,5,0.01808198180515319,-0.0017263740301132202,-0.0017263740301132202,inner_val_top_5pct_lift_delta_vs_frozen_ar,0.002228808356449008,0.12370853126049042,0.6823682188987732,true_train_and_true_inner_val_selection
residual_future_max_delta_rows_4_10,continuous,delta_feature_mlp_residual,shuffled_pca_residual,20260627,6,0.017988056875765324,-0.00614725798368454,-0.00614725798368454,inner_val_top_5pct_lift_delta_vs_frozen_ar,0.0022461425978690386,0.14613407850265503,0.7871677875518799,true_train_and_true_inner_val_selection
residual_future_max_delta_rows_4_10,continuous,delta_feature_mlp_residual,shuffled_pca_residual,20260627,7,0.018010808737017214,-0.004557035863399506,-0.004557035863399506,inner_val_top_5pct_lift_delta_vs_frozen_ar,0.002245777053758502,0.1369544118642807,0.7455021739006042,true_train_and_true_inner_val_selection
residual_future_max_delta_rows_4_10,continuous,delta_feature_mlp_residual,shuffled_pca_residual,20260627,8,0.017894314834848046,-0.0073805153369903564,-0.0073805153369903564,inner_val_top_5pct_lift_delta_vs_frozen_ar,0.0022598046343773603,0.1380421370267868,0.7501107454299927,true_train_and_true_inner_val_selection
residual_future_max_delta_rows_4_10,continuous,delta_feature_mlp_residual,shuffled_pca_residual,20260627,9,0.017884214175865054,-0.007509827613830566,-0.007509827613830566,inner_val_top_5pct_lift_delta_vs_frozen_ar,0.0022733998484909534,0.13711301982402802,0.7437291741371155,true_train_and_true_inner_val_selection
residual_future_max_delta_rows_4_10,continuous,delta_feature_mlp_residual,shuffled_pca_residual,20260627,10,0.017840472399257123,-0.009526915848255157,-0.009526915848255157,inner_val_top_5pct_lift_delta_vs_frozen_ar,0.002293319907039404,0.13992846012115479,0.7607296109199524,true_train_and_true_inner_val_selection
residual_future_max_delta_rows_4_10,continuous,delta_feature_mlp_residual,shuffled_pca_residual,20260627,11,0.017850659671239555,-0.013236992061138153,-0.013236992061138153,inner_val_top_5pct_lift_delta_vs_frozen_ar,0.00231748865917325,0.14634238183498383,0.7904998660087585,true_train_and_true_inner_val_selection
residual_future_max_delta_rows_4_10,continuous,delta_feature_mlp_residual,random_pca_residual,20260627,1,0.018223199527710676,0.0,0.0,inner_val_top_5pct_lift_delta_vs_frozen_ar,0.0021383867133408785,0.021194741129875183,0.043962739408016205,true_train_and_true_inner_val_selection
residual_future_max_delta_rows_4_10,continuous,delta_feature_mlp_residual,random_pca_residual,20260627,2,0.018149521085433662,0.0,0.0,inner_val_top_5pct_lift_delta_vs_frozen_ar,0.0021257505286484957,0.022076183930039406,0.04926319792866707,true_train_and_true_inner_val_selection
residual_future_max_delta_rows_4_10,continuous,delta_feature_mlp_residual,random_pca_residual,20260627,3,0.01820550044067204,-1.6167759895324707e-06,-1.6167759895324707e-06,inner_val_top_5pct_lift_delta_vs_frozen_ar,0.0021410854533314705,0.027328383177518845,0.08215988427400589,true_train_and_true_inner_val_selection
residual_future_max_delta_rows_4_10,continuous,delta_feature_mlp_residual,random_pca_residual,20260627,4,0.018050483777187765,-0.0006983652710914612,-0.0006983652710914612,inner_val_top_5pct_lift_delta_vs_frozen_ar,0.002177293412387371,0.06042381003499031,0.2872885763645172,true_train_and_true_inner_val_selection
residual_future_max_delta_rows_4_10,continuous,delta_feature_mlp_residual,random_pca_residual,20260627,5,0.01805905846413225,-0.0011194050312042236,-0.0011194050312042236,inner_val_top_5pct_lift_delta_vs_frozen_ar,0.0022234097123146057,0.13232071697711945,0.7327146530151367,true_train_and_true_inner_val_selection
residual_future_max_delta_rows_4_10,continuous,delta_feature_mlp_residual,random_pca_residual,20260627,6,0.018107237527146935,-9.03978943824768e-05,-9.03978943824768e-05,inner_val_top_5pct_lift_delta_vs_frozen_ar,0.0022355359978973866,0.15687093138694763,0.8357200622558594,true_train_and_true_inner_val_selection
residual_future_max_delta_rows_4_10,continuous,delta_feature_mlp_residual,random_pca_residual,20260627,7,0.017960032913833857,0.0014990940690040588,0.0014990940690040588,inner_val_top_5pct_lift_delta_vs_frozen_ar,0.0022384680341929197,0.15253739058971405,0.8184464573860168,true_train_and_true_inner_val_selection
residual_future_max_delta_rows_4_10,continuous,delta_feature_mlp_residual,random_pca_residual,20260627,8,0.01800569542683661,-0.0018287822604179382,-0.0018287822604179382,inner_val_top_5pct_lift_delta_vs_frozen_ar,0.0022498047910630703,0.15116265416145325,0.815013587474823,true_train_and_true_inner_val_selection
residual_future_max_delta_rows_4_10,continuous,delta_feature_mlp_residual,random_pca_residual,20260627,9,0.017890566145069897,-0.0033937692642211914,-0.0033937692642211914,inner_val_top_5pct_lift_delta_vs_frozen_ar,0.0022632183972746134,0.15075981616973877,0.8125930428504944,true_train_and_true_inner_val_selection
residual_future_max_delta_rows_4_10,continuous,delta_feature_mlp_residual,random_pca_residual,20260627,10,0.017816414940170944,-0.0055640265345573425,-0.0055640265345573425,inner_val_top_5pct_lift_delta_vs_frozen_ar,0.0022788136266171932,0.153342142701149,0.8241146206855774,true_train_and_true_inner_val_selection
residual_future_max_delta_rows_4_10,continuous,delta_feature_mlp_residual,random_pca_residual,20260627,11,0.017885492416098714,-0.009866856038570404,-0.009866856038570404,inner_val_top_5pct_lift_delta_vs_frozen_ar,0.0022977686021476984,0.15981772541999817,0.8495193123817444,true_train_and_true_inner_val_selection
residual_future_max_delta_rows_4_10,continuous,delta_feature_mlp_residual,random_pca_residual,20260627,12,0.017799230525270104,-0.006270274519920349,-0.006270274519920349,inner_val_top_5pct_lift_delta_vs_frozen_ar,0.0023196109104901552,0.1680889129638672,0.877629280090332,true_train_and_true_inner_val_selection
residual_future_max_delta_rows_4_10,continuous,delta_feature_mlp_residual,random_pca_residual,20260627,13,0.017781987669877708,-0.008384324610233307,-0.008384324610233307,inner_val_top_5pct_lift_delta_vs_frozen_ar,0.0023428963031619787,0.1711013913154602,0.8897280097007751,true_train_and_true_inner_val_selection
residual_future_max_delta_rows_4_10,continuous,delta_feature_mlp_residual,random_pca_residual,20260627,14,0.017562584369443357,-0.01731911301612854,-0.01731911301612854,inner_val_top_5pct_lift_delta_vs_frozen_ar,0.0023686843924224377,0.17892633378505707,0.9123241901397705,true_train_and_true_inner_val_selection
residual_future_max_delta_rows_4_10,continuous,delta_feature_mlp_residual,random_pca_residual,20260627,15,0.01760556164663285,-0.016376301646232605,-0.016376301646232605,inner_val_top_5pct_lift_delta_vs_frozen_ar,0.0023934526834636927,0.18410556018352509,0.9267427921295166,true_train_and_true_inner_val_selection
residual_future_max_delta_rows_4_10,continuous,delta_feature_mlp_residual,label_permutation_residual,20260627,1,0.020130402059294283,1.1641532182693481e-10,1.1641532182693481e-10,inner_val_top_5pct_lift_delta_vs_frozen_ar,0.002137578558176756,0.021828843280673027,0.050164297223091125,permuted_train_and_permuted_inner_val_selection
residual_future_max_delta_rows_4_10,continuous,delta_feature_mlp_residual,label_permutation_residual,20260627,2,0.020045046345330775,-2.3283064365386963e-10,-2.3283064365386963e-10,inner_val_top_5pct_lift_delta_vs_frozen_ar,0.0021226692479103804,0.02311803214251995,0.05779068171977997,permuted_train_and_permuted_inner_val_selection
residual_future_max_delta_rows_4_10,continuous,delta_feature_mlp_residual,label_permutation_residual,20260627,3,0.020034028799273074,0.0001303760800510645,0.0001303760800510645,inner_val_top_5pct_lift_delta_vs_frozen_ar,0.002139642834663391,0.032505158334970474,0.10910213738679886,permuted_train_and_permuted_inner_val_selection
residual_future_max_delta_rows_4_10,continuous,delta_feature_mlp_residual,label_permutation_residual,20260627,4,0.020085063413716853,0.00017712777480483055,0.00017712777480483055,inner_val_top_5pct_lift_delta_vs_frozen_ar,0.0021779986564069986,0.07071273028850555,0.37219539284706116,permuted_train_and_permuted_inner_val_selection
residual_future_max_delta_rows_4_10,continuous,delta_feature_mlp_residual,label_permutation_residual,20260627,5,0.01989617559593171,-0.0011237937142141163,-0.0011237937142141163,inner_val_top_5pct_lift_delta_vs_frozen_ar,0.0022129693534225225,0.12753602862358093,0.8059476017951965,permuted_train_and_permuted_inner_val_selection
residual_future_max_delta_rows_4_10,continuous,delta_feature_mlp_residual,label_permutation_residual,20260627,6,0.020018432289361954,-0.0028369404608383775,-0.0028369404608383775,inner_val_top_5pct_lift_delta_vs_frozen_ar,0.0022247685119509697,0.15435649454593658,0.9078713059425354,permuted_train_and_permuted_inner_val_selection
residual_future_max_delta_rows_4_10,continuous,delta_feature_mlp_residual,label_permutation_residual,20260627,7,0.019863036228343844,-0.0016169668961083516,-0.0016169668961083516,inner_val_top_5pct_lift_delta_vs_frozen_ar,0.002234853571280837,0.16961076855659485,0.9465420246124268,permuted_train_and_permuted_inner_val_selection
residual_future_max_delta_rows_4_10,continuous,delta_feature_mlp_residual,label_permutation_residual,20260627,8,0.01993916730862111,-0.0007262043072842062,-0.0007262043072842062,inner_val_top_5pct_lift_delta_vs_frozen_ar,0.0022467379458248615,0.17415063083171844,0.9554287195205688,permuted_train_and_permuted_inner_val_selection
residual_future_max_delta_rows_4_10,continuous,delta_feature_mlp_residual,label_permutation_residual,20260627,9,0.019968780921772122,0.0006999706383794546,0.0006999706383794546,inner_val_top_5pct_lift_delta_vs_frozen_ar,0.0022640086244791746,0.18140211701393127,0.9664778113365173,permuted_train_and_permuted_inner_val_selection
residual_future_max_delta_rows_4_10,continuous,delta_feature_mlp_residual,label_permutation_residual,20260627,10,0.01988008467014879,0.0002842269605025649,0.0002842269605025649,inner_val_top_5pct_lift_delta_vs_frozen_ar,0.002278875792399049,0.18370836973190308,0.9696360230445862,permuted_train_and_permuted_inner_val_selection
residual_future_max_delta_rows_4_10,continuous,delta_feature_mlp_residual,label_permutation_residual,20260627,11,0.019850119249895215,0.00028219050727784634,0.00028219050727784634,inner_val_top_5pct_lift_delta_vs_frozen_ar,0.0022957115434110165,0.1858869194984436,0.9726138114929199,permuted_train_and_permuted_inner_val_selection
residual_future_max_delta_rows_4_10,continuous,delta_feature_mlp_residual,label_permutation_residual,20260627,12,0.019795332686044276,-0.00018251047004014254,-0.00018251047004014254,inner_val_top_5pct_lift_delta_vs_frozen_ar,0.0023109703324735165,0.19093811511993408,0.9769132733345032,permuted_train_and_permuted_inner_val_selection
residual_future_max_delta_rows_4_10,continuous,delta_feature_mlp_residual,label_permutation_residual,20260627,13,0.019809627905488014,-0.000523123424500227,-0.000523123424500227,inner_val_top_5pct_lift_delta_vs_frozen_ar,0.0023302508052438498,0.19725927710533142,0.9811624884605408,permuted_train_and_permuted_inner_val_selection
residual_future_max_delta_rows_4_10,continuous,delta_feature_mlp_residual,label_permutation_residual,20260627,14,0.019774496788159013,0.001854948466643691,0.001854948466643691,inner_val_top_5pct_lift_delta_vs_frozen_ar,0.0023523459676653147,0.20016644895076752,0.9827096462249756,permuted_train_and_permuted_inner_val_selection
residual_future_max_delta_rows_4_10,continuous,delta_feature_mlp_residual,label_permutation_residual,20260627,15,0.019744652789086103,-0.0019402244943194091,-0.0019402244943194091,inner_val_top_5pct_lift_delta_vs_frozen_ar,0.0023747188970446587,0.20369721949100494,0.9847539067268372,permuted_train_and_permuted_inner_val_selection
residual_future_max_delta_rows_4_10,continuous,delta_feature_mlp_residual,label_permutation_residual,20260627,16,0.019750931533053517,-0.00048771314322948456,-0.00048771314322948456,inner_val_top_5pct_lift_delta_vs_frozen_ar,0.0023981481790542603,0.20666086673736572,0.9865818023681641,permuted_train_and_permuted_inner_val_selection
residual_future_max_delta_rows_4_10,continuous,delta_feature_mlp_residual,label_permutation_residual,20260627,17,0.019644168787635863,-0.0020496087963692844,-0.0020496087963692844,inner_val_top_5pct_lift_delta_vs_frozen_ar,0.00242479145526886,0.21288342773914337,0.9895151257514954,permuted_train_and_permuted_inner_val_selection
residual_future_max_delta_rows_4_10,continuous,delta_feature_mlp_residual,label_permutation_residual,20260627,18,0.019541935296729207,-0.0033979882718995214,-0.0033979882718995214,inner_val_top_5pct_lift_delta_vs_frozen_ar,0.002451184904202819,0.2148789018392563,0.9902488589286804,permuted_train_and_permuted_inner_val_selection
residual_future_max_delta_rows_4_10,continuous,delta_feature_mlp_residual,label_permutation_residual,20260627,19,0.019542829249985516,-0.00263637094758451,-0.00263637094758451,inner_val_top_5pct_lift_delta_vs_frozen_ar,0.002477876143530011,0.21955382823944092,0.9920252561569214,permuted_train_and_permuted_inner_val_selection
residual_future_max_delta_rows_4_10,continuous,delta_feature_mlp_residual,label_permutation_residual,20260627,20,0.01950192009098828,-0.003569644642993808,-0.003569644642993808,inner_val_top_5pct_lift_delta_vs_frozen_ar,0.002504687989130616,0.22359821200370789,0.9934218525886536,permuted_train_and_permuted_inner_val_selection
residual_future_max_delta_rows_4_10,continuous,delta_feature_mlp_residual,label_permutation_residual,20260627,21,0.019347902154549956,-0.0029965867288410664,-0.0029965867288410664,inner_val_top_5pct_lift_delta_vs_frozen_ar,0.0025317687541246414,0.22621746361255646,0.9942821860313416,permuted_train_and_permuted_inner_val_selection
residual_future_max_delta_rows_4_10,continuous,delta_feature_mlp_residual,label_permutation_residual,20260627,22,0.019332942902110517,-0.0034610298462212086,-0.0034610298462212086,inner_val_top_5pct_lift_delta_vs_frozen_ar,0.002557998988777399,0.22941194474697113,0.9951136112213135,permuted_train_and_permuted_inner_val_selection
residual_future_max_delta_rows_4_10,continuous,delta_feature_mlp_residual,train_only_video_mean_residual,20260627,1,0.018186171306297183,0.0,0.0,inner_val_top_5pct_lift_delta_vs_frozen_ar,0.002168735023587942,0.019608689472079277,0.03273437172174454,true_train_and_true_inner_val_selection
residual_future_max_delta_rows_4_10,continuous,delta_feature_mlp_residual,train_only_video_mean_residual,20260627,2,0.018141576903872192,0.0,0.0,inner_val_top_5pct_lift_delta_vs_frozen_ar,0.0021951000671833754,0.020144646987318993,0.034023914486169815,true_train_and_true_inner_val_selection
residual_future_max_delta_rows_4_10,continuous,delta_feature_mlp_residual,train_only_video_mean_residual,20260627,3,0.018193234456703067,-1.6242265701293945e-06,-1.6242265701293945e-06,inner_val_top_5pct_lift_delta_vs_frozen_ar,0.00220982963219285,0.026047172024846077,0.06909667700529099,true_train_and_true_inner_val_selection
residual_future_max_delta_rows_4_10,continuous,delta_feature_mlp_residual,train_only_video_mean_residual,20260627,4,0.01808630593586713,-0.0017683058977127075,-0.0017683058977127075,inner_val_top_5pct_lift_delta_vs_frozen_ar,0.0022342500742524862,0.07525834441184998,0.42035993933677673,true_train_and_true_inner_val_selection
residual_future_max_delta_rows_4_10,continuous,delta_feature_mlp_residual,train_only_video_mean_residual,20260627,5,0.018004094250500202,-0.0022285282611846924,-0.0022285282611846924,inner_val_top_5pct_lift_delta_vs_frozen_ar,0.002280494198203087,0.15336255729198456,0.9012338519096375,true_train_and_true_inner_val_selection
residual_future_max_delta_rows_4_10,continuous,delta_feature_mlp_residual,train_only_video_mean_residual,20260627,6,0.017938469420187175,-0.004088088870048523,-0.004088088870048523,inner_val_top_5pct_lift_delta_vs_frozen_ar,0.0023000927176326513,0.18970730900764465,0.9706896543502808,true_train_and_true_inner_val_selection
residual_future_max_delta_rows_4_10,continuous,delta_feature_mlp_residual,train_only_video_mean_residual,20260627,7,0.017879924038425088,-0.006727181375026703,-0.006727181375026703,inner_val_top_5pct_lift_delta_vs_frozen_ar,0.002318277256563306,0.20534808933734894,0.9835571646690369,true_train_and_true_inner_val_selection
residual_future_max_delta_rows_4_10,continuous,delta_feature_mlp_residual,train_only_video_mean_residual,20260627,8,0.017733374959789217,-0.009675107896327972,-0.009675107896327972,inner_val_top_5pct_lift_delta_vs_frozen_ar,0.0023383996449410915,0.2149921953678131,0.9879274964332581,true_train_and_true_inner_val_selection
residual_future_max_delta_rows_4_10,continuous,delta_feature_mlp_residual,diagnostics_only_residual,20260627,1,0.01805495854932815,-3.328174352645874e-05,-3.328174352645874e-05,inner_val_top_5pct_lift_delta_vs_frozen_ar,0.0021453090012073517,0.021871590986847878,0.04135509207844734,true_train_and_true_inner_val_selection
residual_future_max_delta_rows_4_10,continuous,delta_feature_mlp_residual,diagnostics_only_residual,20260627,2,0.018174070515669882,-3.328174352645874e-05,-3.328174352645874e-05,inner_val_top_5pct_lift_delta_vs_frozen_ar,0.002150589833036065,0.024806806817650795,0.059465691447257996,true_train_and_true_inner_val_selection
residual_future_max_delta_rows_4_10,continuous,delta_feature_mlp_residual,diagnostics_only_residual,20260627,3,0.018058038782328367,-0.0005976781249046326,-0.0005976781249046326,inner_val_top_5pct_lift_delta_vs_frozen_ar,0.002176529262214899,0.04004129022359848,0.1516425609588623,true_train_and_true_inner_val_selection
residual_future_max_delta_rows_4_10,continuous,delta_feature_mlp_residual,diagnostics_only_residual,20260627,4,0.018166996305808425,-0.0022769123315811157,-0.0022769123315811157,inner_val_top_5pct_lift_delta_vs_frozen_ar,0.002219776390120387,0.08948484808206558,0.46391189098358154,true_train_and_true_inner_val_selection
residual_future_max_delta_rows_4_10,continuous,delta_feature_mlp_residual,diagnostics_only_residual,20260627,5,0.0180982620222494,-0.003356434404850006,-0.003356434404850006,inner_val_top_5pct_lift_delta_vs_frozen_ar,0.0022620144300162792,0.1474512368440628,0.7850396633148193,true_train_and_true_inner_val_selection
residual_future_max_delta_rows_4_10,continuous,delta_feature_mlp_residual,diagnostics_only_residual,20260627,6,0.018079219851642847,-0.0022830069065093994,-0.0022830069065093994,inner_val_top_5pct_lift_delta_vs_frozen_ar,0.0022603159304708242,0.1502806693315506,0.7957276701927185,true_train_and_true_inner_val_selection
residual_future_max_delta_rows_4_10,continuous,delta_feature_mlp_residual,diagnostics_only_residual,20260627,7,0.018039199989289045,0.00015084445476531982,0.00015084445476531982,inner_val_top_5pct_lift_delta_vs_frozen_ar,0.002260369248688221,0.15230447053909302,0.7988482713699341,true_train_and_true_inner_val_selection
residual_future_max_delta_rows_4_10,continuous,delta_feature_mlp_residual,diagnostics_only_residual,20260627,8,0.01793523004744202,-7.389485836029053e-05,-7.389485836029053e-05,inner_val_top_5pct_lift_delta_vs_frozen_ar,0.002261728048324585,0.1557483673095703,0.8031816482543945,true_train_and_true_inner_val_selection
residual_future_max_delta_rows_4_10,continuous,delta_feature_mlp_residual,diagnostics_only_residual,20260627,9,0.018054113956168294,0.00046791136264801025,0.00046791136264801025,inner_val_top_5pct_lift_delta_vs_frozen_ar,0.002266976283863187,0.1610766351222992,0.8183659315109253,true_train_and_true_inner_val_selection
residual_future_max_delta_rows_4_10,continuous,delta_feature_mlp_residual,diagnostics_only_residual,20260627,10,0.018013563938438892,0.0012677311897277832,0.0012677311897277832,inner_val_top_5pct_lift_delta_vs_frozen_ar,0.0022691895719617605,0.16694024205207825,0.8382481932640076,true_train_and_true_inner_val_selection
residual_future_max_delta_rows_4_10,continuous,delta_feature_mlp_residual,diagnostics_only_residual,20260627,11,0.017975392169319093,0.0011207535862922668,0.0011207535862922668,inner_val_top_5pct_lift_delta_vs_frozen_ar,0.0022711926139891148,0.1711788922548294,0.8515796661376953,true_train_and_true_inner_val_selection
residual_future_max_delta_rows_4_10,continuous,delta_feature_mlp_residual,diagnostics_only_residual,20260627,12,0.01791140146087855,0.0013964325189590454,0.0013964325189590454,inner_val_top_5pct_lift_delta_vs_frozen_ar,0.0022758941631764174,0.17807365953922272,0.8751016855239868,true_train_and_true_inner_val_selection
residual_future_max_delta_rows_4_10,continuous,delta_feature_mlp_residual,diagnostics_only_residual,20260627,13,0.017987862578593194,0.0021826699376106262,0.0021826699376106262,inner_val_top_5pct_lift_delta_vs_frozen_ar,0.002279208740219474,0.183512344956398,0.8932844400405884,true_train_and_true_inner_val_selection
residual_future_max_delta_rows_4_10,continuous,delta_feature_mlp_residual,diagnostics_only_residual,20260627,14,0.017949922708794475,0.0035358816385269165,0.0035358816385269165,inner_val_top_5pct_lift_delta_vs_frozen_ar,0.002285224152728915,0.1911134421825409,0.9146809577941895,true_train_and_true_inner_val_selection
residual_future_max_delta_rows_4_10,continuous,delta_feature_mlp_residual,diagnostics_only_residual,20260627,15,0.017965035163797438,0.0032612159848213196,0.0032612159848213196,inner_val_top_5pct_lift_delta_vs_frozen_ar,0.0022920931223779917,0.19856053590774536,0.9337244629859924,true_train_and_true_inner_val_selection
residual_future_max_delta_rows_4_10,continuous,delta_feature_mlp_residual,diagnostics_only_residual,20260627,16,0.017930091475136578,0.0029405727982521057,0.0029405727982521057,inner_val_top_5pct_lift_delta_vs_frozen_ar,0.0023009395226836205,0.2071286141872406,0.9504738450050354,true_train_and_true_inner_val_selection
residual_future_max_delta_rows_4_10,continuous,delta_feature_mlp_residual,diagnostics_only_residual,20260627,17,0.017883302411064506,0.00374593585729599,0.00374593585729599,inner_val_top_5pct_lift_delta_vs_frozen_ar,0.002311426680535078,0.2146780788898468,0.9629738330841064,true_train_and_true_inner_val_selection
residual_future_max_delta_rows_4_10,continuous,delta_feature_mlp_residual,diagnostics_only_residual,20260627,18,0.017930883099325,0.005900025367736816,0.005900025367736816,inner_val_top_5pct_lift_delta_vs_frozen_ar,0.002322366228327155,0.22171463072299957,0.9722719788551331,true_train_and_true_inner_val_selection
residual_future_max_delta_rows_4_10,continuous,delta_feature_mlp_residual,diagnostics_only_residual,20260627,19,0.017816986772231758,0.008748911321163177,0.008748911321163177,inner_val_top_5pct_lift_delta_vs_frozen_ar,0.00233691418543458,0.22877758741378784,0.9795450568199158,true_train_and_true_inner_val_selection
residual_future_max_delta_rows_4_10,continuous,delta_feature_mlp_residual,diagnostics_only_residual,20260627,20,0.017868369352072477,0.010973669588565826,0.010973669588565826,inner_val_top_5pct_lift_delta_vs_frozen_ar,0.002351489383727312,0.23533466458320618,0.9847162365913391,true_train_and_true_inner_val_selection
residual_future_max_delta_rows_4_10,continuous,delta_feature_mlp_residual,diagnostics_only_residual,20260627,21,0.017845849972218275,0.011619798839092255,0.011619798839092255,inner_val_top_5pct_lift_delta_vs_frozen_ar,0.0023667877539992332,0.24144408106803894,0.9886360168457031,true_train_and_true_inner_val_selection
residual_future_max_delta_rows_4_10,continuous,delta_feature_mlp_residual,diagnostics_only_residual,20260627,22,0.017839648644439876,0.012811407446861267,0.012811407446861267,inner_val_top_5pct_lift_delta_vs_frozen_ar,0.002383835380896926,0.247731551527977,0.9917901754379272,true_train_and_true_inner_val_selection
residual_future_max_delta_rows_4_10,continuous,delta_feature_mlp_residual,diagnostics_only_residual,20260627,23,0.01784079079516232,0.013980425894260406,0.013980425894260406,inner_val_top_5pct_lift_delta_vs_frozen_ar,0.0024014327209442854,0.2535027861595154,0.993911862373352,true_train_and_true_inner_val_selection
residual_future_max_delta_rows_4_10,continuous,delta_feature_mlp_residual,diagnostics_only_residual,20260627,24,0.01782378018833697,0.014802716672420502,0.014802716672420502,inner_val_top_5pct_lift_delta_vs_frozen_ar,0.0024186596274375916,0.2585880160331726,0.9953754544258118,true_train_and_true_inner_val_selection
residual_future_max_delta_rows_4_10,continuous,delta_feature_mlp_residual,diagnostics_only_residual,20260627,25,0.017736282665282488,0.01575522869825363,0.01575522869825363,inner_val_top_5pct_lift_delta_vs_frozen_ar,0.0024367845617234707,0.2633380889892578,0.996525228023529,true_train_and_true_inner_val_selection
residual_future_max_delta_rows_4_10,continuous,delta_feature_mlp_residual,diagnostics_only_residual,20260627,26,0.017704074969515204,0.013432756066322327,0.013432756066322327,inner_val_top_5pct_lift_delta_vs_frozen_ar,0.0024536820128560066,0.2676083445549011,0.9972880482673645,true_train_and_true_inner_val_selection
residual_future_max_delta_rows_4_10,continuous,delta_feature_mlp_residual,diagnostics_only_residual,20260627,27,0.017745453282259405,0.011251717805862427,0.011251717805862427,inner_val_top_5pct_lift_delta_vs_frozen_ar,0.002470738487318158,0.2712152302265167,0.9978461265563965,true_train_and_true_inner_val_selection
residual_future_max_delta_rows_4_10,continuous,delta_feature_mlp_residual,diagnostics_only_residual,20260627,28,0.017726480960845947,0.012815810739994049,0.012815810739994049,inner_val_top_5pct_lift_delta_vs_frozen_ar,0.0024847055319696665,0.27416378259658813,0.9982386827468872,true_train_and_true_inner_val_selection
residual_future_max_delta_rows_4_10,continuous,delta_feature_mlp_residual,diagnostics_only_residual,20260627,29,0.017685902304947376,0.010529622435569763,0.010529622435569763,inner_val_top_5pct_lift_delta_vs_frozen_ar,0.0024989487137645483,0.2769429683685303,0.9985350370407104,true_train_and_true_inner_val_selection
residual_future_max_delta_rows_4_10,continuous,delta_feature_mlp_residual,diagnostics_only_residual,20260627,30,0.01759826292982325,0.01183336228132248,0.01183336228132248,inner_val_top_5pct_lift_delta_vs_frozen_ar,0.0025109921116381884,0.2790240943431854,0.9987297058105469,true_train_and_true_inner_val_selection
residual_future_max_delta_rows_4_10,continuous,delta_feature_mlp_residual,diagnostics_only_residual,20260627,31,0.01764037657994777,0.012142695486545563,0.012142695486545563,inner_val_top_5pct_lift_delta_vs_frozen_ar,0.0025242033880203962,0.2812054753303528,0.9989105463027954,true_train_and_true_inner_val_selection
residual_future_max_delta_rows_4_10,continuous,delta_feature_mlp_residual,diagnostics_only_residual,20260627,32,0.017721652053296566,0.009624898433685303,0.009624898433685303,inner_val_top_5pct_lift_delta_vs_frozen_ar,0.0025375476107001305,0.2832040786743164,0.9990585446357727,true_train_and_true_inner_val_selection
residual_future_max_delta_rows_4_10,continuous,delta_feature_mlp_residual,diagnostics_only_residual,20260627,33,0.017650645575486124,0.010913372039794922,0.010913372039794922,inner_val_top_5pct_lift_delta_vs_frozen_ar,0.0025488873943686485,0.2845975458621979,0.9991445541381836,true_train_and_true_inner_val_selection
residual_future_max_delta_rows_4_10,continuous,short_temporal_conv_residual,real_residual,20260625,1,0.01837734109722078,-7.450580596923828e-09,-7.450580596923828e-09,inner_val_top_5pct_lift_delta_vs_frozen_ar,0.0021576641593128443,0.02074478752911091,0.05963728949427605,true_train_and_true_inner_val_selection
residual_future_max_delta_rows_4_10,continuous,short_temporal_conv_residual,real_residual,20260625,2,0.01819613843690604,0.0005416721105575562,0.0005416721105575562,inner_val_top_5pct_lift_delta_vs_frozen_ar,0.0021994062699377537,0.06231079250574112,0.3633042871952057,true_train_and_true_inner_val_selection
residual_future_max_delta_rows_4_10,continuous,short_temporal_conv_residual,real_residual,20260625,3,0.01818871416617185,0.009591929614543915,0.009591929614543915,inner_val_top_5pct_lift_delta_vs_frozen_ar,0.0022486941888928413,0.09840402752161026,0.7039580345153809,true_train_and_true_inner_val_selection
residual_future_max_delta_rows_4_10,continuous,short_temporal_conv_residual,real_residual,20260625,4,0.017692995723336935,0.021127402782440186,0.021127402782440186,inner_val_top_5pct_lift_delta_vs_frozen_ar,0.00229486171156168,0.08923997730016708,0.62980055809021,true_train_and_true_inner_val_selection
residual_future_max_delta_rows_4_10,continuous,short_temporal_conv_residual,real_residual,20260625,5,0.01756754028610885,0.01895764470100403,0.01895764470100403,inner_val_top_5pct_lift_delta_vs_frozen_ar,0.0023159156553447247,0.0796806663274765,0.5119639039039612,true_train_and_true_inner_val_selection
residual_future_max_delta_rows_4_10,continuous,short_temporal_conv_residual,real_residual,20260625,6,0.017354748444631696,0.01778067648410797,0.01778067648410797,inner_val_top_5pct_lift_delta_vs_frozen_ar,0.0023239983711391687,0.0808350145816803,0.5100553631782532,true_train_and_true_inner_val_selection
residual_future_max_delta_rows_4_10,continuous,short_temporal_conv_residual,real_residual,20260625,7,0.017338105477392673,0.01654120534658432,0.01654120534658432,inner_val_top_5pct_lift_delta_vs_frozen_ar,0.0023376489989459515,0.08189471065998077,0.5186142325401306,true_train_and_true_inner_val_selection
residual_future_max_delta_rows_4_10,continuous,short_temporal_conv_residual,real_residual,20260625,8,0.01727546693291515,0.016504473984241486,0.016504473984241486,inner_val_top_5pct_lift_delta_vs_frozen_ar,0.0023539492394775152,0.08115191012620926,0.5176901817321777,true_train_and_true_inner_val_selection
residual_future_max_delta_rows_4_10,continuous,short_temporal_conv_residual,real_residual,20260625,9,0.017129865707829595,0.016650386154651642,0.016650386154651642,inner_val_top_5pct_lift_delta_vs_frozen_ar,0.002369838999584317,0.08243498206138611,0.5336325168609619,true_train_and_true_inner_val_selection
residual_future_max_delta_rows_4_10,continuous,short_temporal_conv_residual,real_residual,20260625,10,0.01694905455224216,0.01616126298904419,0.01616126298904419,inner_val_top_5pct_lift_delta_vs_frozen_ar,0.0023895110934972763,0.08259883522987366,0.547956109046936,true_train_and_true_inner_val_selection
residual_future_max_delta_rows_4_10,continuous,short_temporal_conv_residual,real_residual,20260625,11,0.017066866508685052,0.013036198914051056,0.013036198914051056,inner_val_top_5pct_lift_delta_vs_frozen_ar,0.00240876036696136,0.08423524349927902,0.5725182890892029,true_train_and_true_inner_val_selection
residual_future_max_delta_rows_4_10,continuous,short_temporal_conv_residual,real_residual,20260625,12,0.016836268187034875,0.01237238198518753,0.01237238198518753,inner_val_top_5pct_lift_delta_vs_frozen_ar,0.0024297847412526608,0.08465903997421265,0.5784119367599487,true_train_and_true_inner_val_selection
residual_future_max_delta_rows_4_10,continuous,short_temporal_conv_residual,shuffled_pca_residual,20260625,1,0.018267279490828514,-7.450580596923828e-09,-7.450580596923828e-09,inner_val_top_5pct_lift_delta_vs_frozen_ar,0.002150168875232339,0.021250925958156586,0.04842717573046684,true_train_and_true_inner_val_selection
residual_future_max_delta_rows_4_10,continuous,short_temporal_conv_residual,shuffled_pca_residual,20260625,2,0.018226191052235663,-0.00043670833110809326,-0.00043670833110809326,inner_val_top_5pct_lift_delta_vs_frozen_ar,0.002188487909734249,0.03900020569562912,0.15709438920021057,true_train_and_true_inner_val_selection
residual_future_max_delta_rows_4_10,continuous,short_temporal_conv_residual,shuffled_pca_residual,20260625,3,0.01819042454008013,-0.0011793822050094604,-0.0011793822050094604,inner_val_top_5pct_lift_delta_vs_frozen_ar,0.0022364379838109016,0.09567012637853622,0.5106355547904968,true_train_and_true_inner_val_selection
residual_future_max_delta_rows_4_10,continuous,short_temporal_conv_residual,shuffled_pca_residual,20260625,4,0.018124024383723736,0.0012217611074447632,0.0012217611074447632,inner_val_top_5pct_lift_delta_vs_frozen_ar,0.0022831319365650415,0.15394972264766693,0.8099735975265503,true_train_and_true_inner_val_selection
residual_future_max_delta_rows_4_10,continuous,short_temporal_conv_residual,shuffled_pca_residual,20260625,5,0.018198954057879746,0.00025150924921035767,0.00025150924921035767,inner_val_top_5pct_lift_delta_vs_frozen_ar,0.0023101039696484804,0.1528322398662567,0.8089637756347656,true_train_and_true_inner_val_selection
residual_future_max_delta_rows_4_10,continuous,short_temporal_conv_residual,shuffled_pca_residual,20260625,6,0.018045261735096574,-0.0036346614360809326,-0.0036346614360809326,inner_val_top_5pct_lift_delta_vs_frozen_ar,0.002327551832422614,0.12818147242069244,0.6996895670890808,true_train_and_true_inner_val_selection
residual_future_max_delta_rows_4_10,continuous,short_temporal_conv_residual,shuffled_pca_residual,20260625,7,0.018070383463054895,-0.007600359618663788,-0.007600359618663788,inner_val_top_5pct_lift_delta_vs_frozen_ar,0.0023515108041465282,0.11608732491731644,0.6359506249427795,true_train_and_true_inner_val_selection
residual_future_max_delta_rows_4_10,continuous,short_temporal_conv_residual,shuffled_pca_residual,20260625,8,0.017977388692088425,-0.013741843402385712,-0.013741843402385712,inner_val_top_5pct_lift_delta_vs_frozen_ar,0.0023759985342621803,0.10833357274532318,0.5922867059707642,true_train_and_true_inner_val_selection
residual_future_max_delta_rows_4_10,continuous,short_temporal_conv_residual,shuffled_pca_residual,20260625,9,0.017903684405609965,-0.017221935093402863,-0.017221935093402863,inner_val_top_5pct_lift_delta_vs_frozen_ar,0.0023983751889318228,0.10462382435798645,0.571616530418396,true_train_and_true_inner_val_selection
residual_future_max_delta_rows_4_10,continuous,short_temporal_conv_residual,shuffled_pca_residual,20260625,10,0.017931738519109786,-0.017703097313642502,-0.017703097313642502,inner_val_top_5pct_lift_delta_vs_frozen_ar,0.0024189110845327377,0.10192172229290009,0.5509607791900635,true_train_and_true_inner_val_selection
residual_future_max_delta_rows_4_10,continuous,short_temporal_conv_residual,shuffled_pca_residual,20260625,11,0.0178050734102726,-0.021321792155504227,-0.021321792155504227,inner_val_top_5pct_lift_delta_vs_frozen_ar,0.0024395291693508625,0.10252392292022705,0.5559529662132263,true_train_and_true_inner_val_selection
residual_future_max_delta_rows_4_10,continuous,short_temporal_conv_residual,shuffled_pca_residual,20260625,12,0.017791824997402728,-0.021111775189638138,-0.021111775189638138,inner_val_top_5pct_lift_delta_vs_frozen_ar,0.0024562315084040165,0.10295084118843079,0.5593831539154053,true_train_and_true_inner_val_selection
residual_future_max_delta_rows_4_10,continuous,short_temporal_conv_residual,random_pca_residual,20260625,1,0.0182374631986022,1.3709068298339844e-06,1.3709068298339844e-06,inner_val_top_5pct_lift_delta_vs_frozen_ar,0.002152354922145605,0.021421289071440697,0.04963372275233269,true_train_and_true_inner_val_selection
residual_future_max_delta_rows_4_10,continuous,short_temporal_conv_residual,random_pca_residual,20260625,2,0.018239592434838414,-0.0005268007516860962,-0.0005268007516860962,inner_val_top_5pct_lift_delta_vs_frozen_ar,0.0021894110832363367,0.038823045790195465,0.15784050524234772,true_train_and_true_inner_val_selection
residual_future_max_delta_rows_4_10,continuous,short_temporal_conv_residual,random_pca_residual,20260625,3,0.018282916396856308,-0.000607222318649292,-0.000607222318649292,inner_val_top_5pct_lift_delta_vs_frozen_ar,0.0022375972475856543,0.09513963013887405,0.5079807043075562,true_train_and_true_inner_val_selection
residual_future_max_delta_rows_4_10,continuous,short_temporal_conv_residual,random_pca_residual,20260625,4,0.018143575987778604,0.0017995908856391907,0.0017995908856391907,inner_val_top_5pct_lift_delta_vs_frozen_ar,0.0022842870093882084,0.15480396151542664,0.8132832050323486,true_train_and_true_inner_val_selection
residual_future_max_delta_rows_4_10,continuous,short_temporal_conv_residual,random_pca_residual,20260625,5,0.017992732929997146,-0.0007856860756874084,-0.0007856860756874084,inner_val_top_5pct_lift_delta_vs_frozen_ar,0.0023115193471312523,0.15802930295467377,0.8240413665771484,true_train_and_true_inner_val_selection
residual_future_max_delta_rows_4_10,continuous,short_temporal_conv_residual,random_pca_residual,20260625,6,0.01801043248269707,0.00011947751045227051,0.00011947751045227051,inner_val_top_5pct_lift_delta_vs_frozen_ar,0.0023228423669934273,0.13030514121055603,0.7062606811523438,true_train_and_true_inner_val_selection
residual_future_max_delta_rows_4_10,continuous,short_temporal_conv_residual,random_pca_residual,20260625,7,0.018060434027574956,-0.002579107880592346,-0.002579107880592346,inner_val_top_5pct_lift_delta_vs_frozen_ar,0.002346305176615715,0.11742360889911652,0.6405271887779236,true_train_and_true_inner_val_selection
residual_future_max_delta_rows_4_10,continuous,short_temporal_conv_residual,random_pca_residual,20260625,8,0.01798971788957715,-0.006504267454147339,-0.006504267454147339,inner_val_top_5pct_lift_delta_vs_frozen_ar,0.0023717067670077085,0.10973645746707916,0.5966021418571472,true_train_and_true_inner_val_selection
residual_future_max_delta_rows_4_10,continuous,short_temporal_conv_residual,random_pca_residual,20260625,9,0.017950812936760485,-0.010141480714082718,-0.010141480714082718,inner_val_top_5pct_lift_delta_vs_frozen_ar,0.0023974310606718063,0.10760032385587692,0.5829623341560364,true_train_and_true_inner_val_selection
residual_future_max_delta_rows_4_10,continuous,short_temporal_conv_residual,random_pca_residual,20260625,10,0.017834143131040037,-0.011882498860359192,-0.011882498860359192,inner_val_top_5pct_lift_delta_vs_frozen_ar,0.002420946257188916,0.10647515952587128,0.5793893933296204,true_train_and_true_inner_val_selection
residual_future_max_delta_rows_4_10,continuous,short_temporal_conv_residual,random_pca_residual,20260625,11,0.017693322501145303,-0.011466819792985916,-0.011466819792985916,inner_val_top_5pct_lift_delta_vs_frozen_ar,0.002442522905766964,0.10645512491464615,0.5826288461685181,true_train_and_true_inner_val_selection
residual_future_max_delta_rows_4_10,continuous,short_temporal_conv_residual,random_pca_residual,20260625,12,0.01767818001098931,-0.014524053782224655,-0.014524053782224655,inner_val_top_5pct_lift_delta_vs_frozen_ar,0.002464540535584092,0.1108798161149025,0.606947660446167,true_train_and_true_inner_val_selection
residual_future_max_delta_rows_4_10,continuous,short_temporal_conv_residual,label_permutation_residual,20260625,1,0.01982837961986661,2.3283064365386963e-10,2.3283064365386963e-10,inner_val_top_5pct_lift_delta_vs_frozen_ar,0.0021394463256001472,0.01888863369822502,0.04300527274608612,permuted_train_and_permuted_inner_val_selection
residual_future_max_delta_rows_4_10,continuous,short_temporal_conv_residual,label_permutation_residual,20260625,2,0.019870760152116418,-0.0005309307016432285,-0.0005309307016432285,inner_val_top_5pct_lift_delta_vs_frozen_ar,0.002157525857910514,0.03261914476752281,0.1458234339952469,permuted_train_and_permuted_inner_val_selection
residual_future_max_delta_rows_4_10,continuous,short_temporal_conv_residual,label_permutation_residual,20260625,3,0.019838024862110615,-0.0006678029894828796,-0.0006678029894828796,inner_val_top_5pct_lift_delta_vs_frozen_ar,0.002202461939305067,0.08943380415439606,0.6148259043693542,permuted_train_and_permuted_inner_val_selection
residual_future_max_delta_rows_4_10,continuous,short_temporal_conv_residual,label_permutation_residual,20260625,4,0.0196042483439669,-0.00029876502230763435,-0.00029876502230763435,inner_val_top_5pct_lift_delta_vs_frozen_ar,0.002242953749373555,0.13203522562980652,0.8317862749099731,permuted_train_and_permuted_inner_val_selection
residual_future_max_delta_rows_4_10,continuous,short_temporal_conv_residual,label_permutation_residual,20260625,5,0.019723409321159124,-0.0006582278292626143,-0.0006582278292626143,inner_val_top_5pct_lift_delta_vs_frozen_ar,0.002251221565529704,0.12711627781391144,0.7793347835540771,permuted_train_and_permuted_inner_val_selection
residual_future_max_delta_rows_4_10,continuous,short_temporal_conv_residual,label_permutation_residual,20260625,6,0.019628803245723248,-0.0019675150979310274,-0.0019675150979310274,inner_val_top_5pct_lift_delta_vs_frozen_ar,0.002260976005345583,0.11867766082286835,0.7103261351585388,permuted_train_and_permuted_inner_val_selection
residual_future_max_delta_rows_4_10,continuous,short_temporal_conv_residual,label_permutation_residual,20260625,7,0.01963382144458592,-0.0006777467206120491,-0.0006777467206120491,inner_val_top_5pct_lift_delta_vs_frozen_ar,0.002275943523272872,0.11112450063228607,0.6439807415008545,permuted_train_and_permuted_inner_val_selection
residual_future_max_delta_rows_4_10,continuous,short_temporal_conv_residual,label_permutation_residual,20260625,8,0.01959902315866202,-0.00030966056510806084,-0.00030966056510806084,inner_val_top_5pct_lift_delta_vs_frozen_ar,0.0022903147619217634,0.10773246735334396,0.6101479530334473,permuted_train_and_permuted_inner_val_selection
residual_future_max_delta_rows_4_10,continuous,short_temporal_conv_residual,label_permutation_residual,20260625,9,0.019694523769430816,0.0002591590164229274,0.0002591590164229274,inner_val_top_5pct_lift_delta_vs_frozen_ar,0.002296221675351262,0.10495484620332718,0.5888187289237976,permuted_train_and_permuted_inner_val_selection
residual_future_max_delta_rows_4_10,continuous,short_temporal_conv_residual,label_permutation_residual,20260625,10,0.01967150205746293,0.00044880365021526814,0.00044880365021526814,inner_val_top_5pct_lift_delta_vs_frozen_ar,0.002308268565684557,0.10658856481313705,0.5994138121604919,permuted_train_and_permuted_inner_val_selection
residual_future_max_delta_rows_4_10,continuous,short_temporal_conv_residual,label_permutation_residual,20260625,11,0.019625513697974384,0.0002826079726219177,0.0002826079726219177,inner_val_top_5pct_lift_delta_vs_frozen_ar,0.0023167782928794622,0.10504268109798431,0.5927538275718689,permuted_train_and_permuted_inner_val_selection
residual_future_max_delta_rows_4_10,continuous,short_temporal_conv_residual,label_permutation_residual,20260625,12,0.019677554606460035,0.00033592444378882647,0.00033592444378882647,inner_val_top_5pct_lift_delta_vs_frozen_ar,0.0023268640507012606,0.10938608646392822,0.6201366186141968,permuted_train_and_permuted_inner_val_selection
residual_future_max_delta_rows_4_10,continuous,short_temporal_conv_residual,label_permutation_residual,20260625,13,0.019565900904126465,0.00029115984216332436,0.00029115984216332436,inner_val_top_5pct_lift_delta_vs_frozen_ar,0.0023383935913443565,0.11268631368875504,0.6424847841262817,permuted_train_and_permuted_inner_val_selection
residual_future_max_delta_rows_4_10,continuous,short_temporal_conv_residual,label_permutation_residual,20260625,14,0.019652981427498162,-0.0005080716218799353,-0.0005080716218799353,inner_val_top_5pct_lift_delta_vs_frozen_ar,0.0023520842660218477,0.11706947535276413,0.6700097918510437,permuted_train_and_permuted_inner_val_selection
residual_future_max_delta_rows_4_10,continuous,short_temporal_conv_residual,label_permutation_residual,20260625,15,0.019618320045992732,0.00020500225946307182,0.00020500225946307182,inner_val_top_5pct_lift_delta_vs_frozen_ar,0.002368341665714979,0.11977255344390869,0.686566174030304,permuted_train_and_permuted_inner_val_selection
residual_future_max_delta_rows_4_10,continuous,short_temporal_conv_residual,label_permutation_residual,20260625,16,0.01953514711931348,0.0004113531904295087,0.0004113531904295087,inner_val_top_5pct_lift_delta_vs_frozen_ar,0.002385322703048587,0.12439533323049545,0.7138481736183167,permuted_train_and_permuted_inner_val_selection
residual_future_max_delta_rows_4_10,continuous,short_temporal_conv_residual,label_permutation_residual,20260625,17,0.019460170879028738,-0.0001715261023491621,-0.0001715261023491621,inner_val_top_5pct_lift_delta_vs_frozen_ar,0.002402993617579341,0.12914277613162994,0.7428489327430725,permuted_train_and_permuted_inner_val_selection
residual_future_max_delta_rows_4_10,continuous,short_temporal_conv_residual,label_permutation_residual,20260625,18,0.01945098757278174,-0.00043111061677336693,-0.00043111061677336693,inner_val_top_5pct_lift_delta_vs_frozen_ar,0.0024239097256213427,0.13302049040794373,0.766334593296051,permuted_train_and_permuted_inner_val_selection
residual_future_max_delta_rows_4_10,continuous,short_temporal_conv_residual,train_only_video_mean_residual,20260625,1,0.018253302318044007,0.0001388639211654663,0.0001388639211654663,inner_val_top_5pct_lift_delta_vs_frozen_ar,0.0021630877163261175,0.04083617776632309,0.169688880443573,true_train_and_true_inner_val_selection
residual_future_max_delta_rows_4_10,continuous,short_temporal_conv_residual,train_only_video_mean_residual,20260625,2,0.018201825791038573,-0.0023932307958602905,-0.0023932307958602905,inner_val_top_5pct_lift_delta_vs_frozen_ar,0.00220704497769475,0.1675529032945633,0.9800640940666199,true_train_and_true_inner_val_selection
residual_future_max_delta_rows_4_10,continuous,short_temporal_conv_residual,train_only_video_mean_residual,20260625,3,0.018036152003332973,-0.009997650980949402,-0.009997650980949402,inner_val_top_5pct_lift_delta_vs_frozen_ar,0.002254717517644167,0.22776372730731964,0.998740553855896,true_train_and_true_inner_val_selection
residual_future_max_delta_rows_4_10,continuous,short_temporal_conv_residual,train_only_video_mean_residual,20260625,4,0.017934786155819893,-0.015105094760656357,-0.015105094760656357,inner_val_top_5pct_lift_delta_vs_frozen_ar,0.002270663622766733,0.25404757261276245,0.9994780421257019,true_train_and_true_inner_val_selection
residual_future_max_delta_rows_4_10,continuous,short_temporal_conv_residual,train_only_video_mean_residual,20260625,5,0.017748799407854676,-0.019485458731651306,-0.019485458731651306,inner_val_top_5pct_lift_delta_vs_frozen_ar,0.0022847773507237434,0.2774040699005127,0.9996814727783203,true_train_and_true_inner_val_selection
residual_future_max_delta_rows_4_10,continuous,short_temporal_conv_residual,train_only_video_mean_residual,20260625,6,0.0176802376518026,-0.025080304592847824,-0.025080304592847824,inner_val_top_5pct_lift_delta_vs_frozen_ar,0.002306815003976226,0.29517418146133423,0.9997900724411011,true_train_and_true_inner_val_selection
residual_future_max_delta_rows_4_10,continuous,short_temporal_conv_residual,train_only_video_mean_residual,20260625,7,0.01760336779989302,-0.023118600249290466,-0.023118600249290466,inner_val_top_5pct_lift_delta_vs_frozen_ar,0.002325874287635088,0.29518985748291016,0.9998917579650879,true_train_and_true_inner_val_selection
residual_future_max_delta_rows_4_10,continuous,short_temporal_conv_residual,train_only_video_mean_residual,20260625,8,0.017506990116089582,-0.027417704463005066,-0.027417704463005066,inner_val_top_5pct_lift_delta_vs_frozen_ar,0.0023468865547329187,0.301006942987442,0.9999086856842041,true_train_and_true_inner_val_selection
residual_future_max_delta_rows_4_10,continuous,short_temporal_conv_residual,train_only_video_mean_residual,20260625,9,0.01752078183926642,-0.029601525515317917,-0.029601525515317917,inner_val_top_5pct_lift_delta_vs_frozen_ar,0.002365725114941597,0.30278077721595764,0.999916136264801,true_train_and_true_inner_val_selection
residual_future_max_delta_rows_4_10,continuous,short_temporal_conv_residual,diagnostics_only_residual,20260625,1,0.018325572134926915,-0.00018785148859024048,-0.00018785148859024048,inner_val_top_5pct_lift_delta_vs_frozen_ar,0.0021478612907230854,0.023938708007335663,0.06011463701725006,true_train_and_true_inner_val_selection
residual_future_max_delta_rows_4_10,continuous,short_temporal_conv_residual,diagnostics_only_residual,20260625,2,0.018289008643478155,-0.000156499445438385,-0.000156499445438385,inner_val_top_5pct_lift_delta_vs_frozen_ar,0.002172489883378148,0.06432601809501648,0.2647373676300049,true_train_and_true_inner_val_selection
residual_future_max_delta_rows_4_10,continuous,short_temporal_conv_residual,diagnostics_only_residual,20260625,3,0.01827282749582082,-2.4884939193725586e-05,-2.4884939193725586e-05,inner_val_top_5pct_lift_delta_vs_frozen_ar,0.002183787291869521,0.1790456920862198,0.8144043684005737,true_train_and_true_inner_val_selection
residual_future_max_delta_rows_4_10,continuous,short_temporal_conv_residual,diagnostics_only_residual,20260625,4,0.018236257252283394,8.619576692581177e-05,8.619576692581177e-05,inner_val_top_5pct_lift_delta_vs_frozen_ar,0.0021757378708571196,0.15739452838897705,0.7381996512413025,true_train_and_true_inner_val_selection
residual_future_max_delta_rows_4_10,continuous,short_temporal_conv_residual,diagnostics_only_residual,20260625,5,0.018235407420434058,7.889419794082642e-05,7.889419794082642e-05,inner_val_top_5pct_lift_delta_vs_frozen_ar,0.002181129064410925,0.13860377669334412,0.6624797582626343,true_train_and_true_inner_val_selection
residual_future_max_delta_rows_4_10,continuous,short_temporal_conv_residual,diagnostics_only_residual,20260625,6,0.018216572352685034,0.00037572532892227173,0.00037572532892227173,inner_val_top_5pct_lift_delta_vs_frozen_ar,0.0021847595926374197,0.12330189347267151,0.593161404132843,true_train_and_true_inner_val_selection
residual_future_max_delta_rows_4_10,continuous,short_temporal_conv_residual,diagnostics_only_residual,20260625,7,0.01817114430014044,0.0015034601092338562,0.0015034601092338562,inner_val_top_5pct_lift_delta_vs_frozen_ar,0.002189328195527196,0.14638382196426392,0.7040776610374451,true_train_and_true_inner_val_selection
residual_future_max_delta_rows_4_10,continuous,short_temporal_conv_residual,diagnostics_only_residual,20260625,8,0.018277337541803718,0.0015761703252792358,0.0015761703252792358,inner_val_top_5pct_lift_delta_vs_frozen_ar,0.002194906584918499,0.11561919003725052,0.5639662742614746,true_train_and_true_inner_val_selection
residual_future_max_delta_rows_4_10,continuous,short_temporal_conv_residual,diagnostics_only_residual,20260625,9,0.01822887035086751,0.001714460551738739,0.001714460551738739,inner_val_top_5pct_lift_delta_vs_frozen_ar,0.0022007778752595186,0.1219308152794838,0.6024609208106995,true_train_and_true_inner_val_selection
residual_future_max_delta_rows_4_10,continuous,short_temporal_conv_residual,diagnostics_only_residual,20260625,10,0.018205207423307,0.0021630525588989258,0.0021630525588989258,inner_val_top_5pct_lift_delta_vs_frozen_ar,0.002206687582656741,0.12214550375938416,0.6092653870582581,true_train_and_true_inner_val_selection
residual_future_max_delta_rows_4_10,continuous,short_temporal_conv_residual,diagnostics_only_residual,20260625,11,0.01828325679525733,0.0023448392748832703,0.0023448392748832703,inner_val_top_5pct_lift_delta_vs_frozen_ar,0.0022141968365758657,0.12138660997152328,0.612686812877655,true_train_and_true_inner_val_selection
residual_future_max_delta_rows_4_10,continuous,short_temporal_conv_residual,diagnostics_only_residual,20260625,12,0.018210474285297096,0.0019216686487197876,0.0019216686487197876,inner_val_top_5pct_lift_delta_vs_frozen_ar,0.0022216697689145803,0.10813113301992416,0.559543788433075,true_train_and_true_inner_val_selection
residual_future_max_delta_rows_4_10,continuous,short_temporal_conv_residual,diagnostics_only_residual,20260625,13,0.01820058422163129,0.002251558005809784,0.002251558005809784,inner_val_top_5pct_lift_delta_vs_frozen_ar,0.0022280982229858637,0.12087691575288773,0.6362026333808899,true_train_and_true_inner_val_selection
residual_future_max_delta_rows_4_10,continuous,short_temporal_conv_residual,diagnostics_only_residual,20260625,14,0.018245283630676568,0.0023935288190841675,0.0023935288190841675,inner_val_top_5pct_lift_delta_vs_frozen_ar,0.002235480584204197,0.12297394871711731,0.6568759083747864,true_train_and_true_inner_val_selection
residual_future_max_delta_rows_4_10,continuous,short_temporal_conv_residual,diagnostics_only_residual,20260625,15,0.01810494501842186,0.0024918019771575928,0.0024918019771575928,inner_val_top_5pct_lift_delta_vs_frozen_ar,0.002242447342723608,0.12804608047008514,0.695881724357605,true_train_and_true_inner_val_selection
residual_future_max_delta_rows_4_10,continuous,short_temporal_conv_residual,diagnostics_only_residual,20260625,16,0.01825451524928212,0.003241702914237976,0.003241702914237976,inner_val_top_5pct_lift_delta_vs_frozen_ar,0.0022497891914099455,0.12201210856437683,0.6792905330657959,true_train_and_true_inner_val_selection
residual_future_max_delta_rows_4_10,continuous,short_temporal_conv_residual,diagnostics_only_residual,20260625,17,0.0182305749040097,0.002876363694667816,0.002876363694667816,inner_val_top_5pct_lift_delta_vs_frozen_ar,0.002259551314637065,0.13016700744628906,0.7305024862289429,true_train_and_true_inner_val_selection
residual_future_max_delta_rows_4_10,continuous,short_temporal_conv_residual,diagnostics_only_residual,20260625,18,0.018217538949102163,0.0035078078508377075,0.0035078078508377075,inner_val_top_5pct_lift_delta_vs_frozen_ar,0.002267433563247323,0.13975873589515686,0.7807661890983582,true_train_and_true_inner_val_selection
residual_future_max_delta_rows_4_10,continuous,short_temporal_conv_residual,diagnostics_only_residual,20260625,19,0.01817176875192672,0.003430008888244629,0.003430008888244629,inner_val_top_5pct_lift_delta_vs_frozen_ar,0.0022744981106370687,0.1336081475019455,0.7627499103546143,true_train_and_true_inner_val_selection
residual_future_max_delta_rows_4_10,continuous,short_temporal_conv_residual,diagnostics_only_residual,20260625,20,0.01826669613365084,0.00427178293466568,0.00427178293466568,inner_val_top_5pct_lift_delta_vs_frozen_ar,0.0022802765015512705,0.14228345453739166,0.8049811124801636,true_train_and_true_inner_val_selection
residual_future_max_delta_rows_4_10,continuous,short_temporal_conv_residual,diagnostics_only_residual,20260625,21,0.018279417417943478,0.004063762724399567,0.004063762724399567,inner_val_top_5pct_lift_delta_vs_frozen_ar,0.0022879852913320065,0.1502542644739151,0.8369966745376587,true_train_and_true_inner_val_selection
residual_future_max_delta_rows_4_10,continuous,short_temporal_conv_residual,diagnostics_only_residual,20260625,22,0.018203785177320242,0.0036372169852256775,0.0036372169852256775,inner_val_top_5pct_lift_delta_vs_frozen_ar,0.0022924181539565325,0.14599038660526276,0.8254389762878418,true_train_and_true_inner_val_selection
residual_future_max_delta_rows_4_10,continuous,short_temporal_conv_residual,diagnostics_only_residual,20260625,23,0.018209469853900373,0.004197448492050171,0.004197448492050171,inner_val_top_5pct_lift_delta_vs_frozen_ar,0.0022984477691352367,0.1505858600139618,0.8442418575286865,true_train_and_true_inner_val_selection
residual_future_max_delta_rows_4_10,continuous,short_temporal_conv_residual,diagnostics_only_residual,20260625,24,0.018206044216640294,0.0035496503114700317,0.0035496503114700317,inner_val_top_5pct_lift_delta_vs_frozen_ar,0.0023017150815576315,0.14652541279792786,0.8296656012535095,true_train_and_true_inner_val_selection
residual_future_max_delta_rows_4_10,continuous,short_temporal_conv_residual,diagnostics_only_residual,20260625,25,0.018204392632469535,0.005292676389217377,0.005292676389217377,inner_val_top_5pct_lift_delta_vs_frozen_ar,0.0023077321238815784,0.15582215785980225,0.8635222911834717,true_train_and_true_inner_val_selection
residual_future_max_delta_rows_4_10,continuous,short_temporal_conv_residual,diagnostics_only_residual,20260625,26,0.018130107200704515,0.003771863877773285,0.003771863877773285,inner_val_top_5pct_lift_delta_vs_frozen_ar,0.002308976138010621,0.15256015956401825,0.853993833065033,true_train_and_true_inner_val_selection
residual_future_max_delta_rows_4_10,continuous,short_temporal_conv_residual,diagnostics_only_residual,20260625,27,0.018169506103731692,0.004416748881340027,0.004416748881340027,inner_val_top_5pct_lift_delta_vs_frozen_ar,0.002313485136255622,0.1571836620569229,0.8697191476821899,true_train_and_true_inner_val_selection
residual_future_max_delta_rows_4_10,continuous,short_temporal_conv_residual,diagnostics_only_residual,20260625,28,0.01818139455281198,0.0038866251707077026,0.0038866251707077026,inner_val_top_5pct_lift_delta_vs_frozen_ar,0.002318344544619322,0.16099442541599274,0.8816972374916077,true_train_and_true_inner_val_selection
residual_future_max_delta_rows_4_10,continuous,short_temporal_conv_residual,diagnostics_only_residual,20260625,29,0.018249245709739625,0.003696747124195099,0.003696747124195099,inner_val_top_5pct_lift_delta_vs_frozen_ar,0.0023216831032186747,0.15996448695659637,0.8787896037101746,true_train_and_true_inner_val_selection
residual_future_max_delta_rows_4_10,continuous,short_temporal_conv_residual,diagnostics_only_residual,20260625,30,0.018097119638696313,0.004662178456783295,0.004662178456783295,inner_val_top_5pct_lift_delta_vs_frozen_ar,0.0023253082763403654,0.16008758544921875,0.8791278600692749,true_train_and_true_inner_val_selection
residual_future_max_delta_rows_4_10,continuous,short_temporal_conv_residual,diagnostics_only_residual,20260625,31,0.018199407495558262,0.004278495907783508,0.004278495907783508,inner_val_top_5pct_lift_delta_vs_frozen_ar,0.0023301003966480494,0.16738606989383698,0.9000536203384399,true_train_and_true_inner_val_selection
residual_future_max_delta_rows_4_10,continuous,short_temporal_conv_residual,diagnostics_only_residual,20260625,32,0.01816262665670365,0.0037683099508285522,0.0037683099508285522,inner_val_top_5pct_lift_delta_vs_frozen_ar,0.0023346536327153444,0.1702161431312561,0.9074533581733704,true_train_and_true_inner_val_selection
residual_future_max_delta_rows_4_10,continuous,short_temporal_conv_residual,diagnostics_only_residual,20260625,33,0.01818328781519085,0.0037330910563468933,0.0037330910563468933,inner_val_top_5pct_lift_delta_vs_frozen_ar,0.002337324433028698,0.1744835078716278,0.9165441989898682,true_train_and_true_inner_val_selection
residual_future_max_delta_rows_4_10,continuous,short_temporal_conv_residual,real_residual,20260626,1,0.018201463972218335,0.00014834851026535034,0.00014834851026535034,inner_val_top_5pct_lift_delta_vs_frozen_ar,0.0021774626802653074,0.02563057281076908,0.07757385820150375,true_train_and_true_inner_val_selection
residual_future_max_delta_rows_4_10,continuous,short_temporal_conv_residual,real_residual,20260626,2,0.018067081458866596,0.0011287108063697815,0.0011287108063697815,inner_val_top_5pct_lift_delta_vs_frozen_ar,0.0022220804821699858,0.07215560227632523,0.4231936037540436,true_train_and_true_inner_val_selection
residual_future_max_delta_rows_4_10,continuous,short_temporal_conv_residual,real_residual,20260626,3,0.017881351872347295,0.009089559316635132,0.009089559316635132,inner_val_top_5pct_lift_delta_vs_frozen_ar,0.0022720815613865852,0.10925129801034927,0.7496089935302734,true_train_and_true_inner_val_selection
residual_future_max_delta_rows_4_10,continuous,short_temporal_conv_residual,real_residual,20260626,4,0.01759801327716559,0.021939940750598907,0.021939940750598907,inner_val_top_5pct_lift_delta_vs_frozen_ar,0.002318398095667362,0.09555324912071228,0.6707349419593811,true_train_and_true_inner_val_selection
residual_future_max_delta_rows_4_10,continuous,short_temporal_conv_residual,real_residual,20260626,5,0.017385364742949605,0.017066359519958496,0.017066359519958496,inner_val_top_5pct_lift_delta_vs_frozen_ar,0.0023407968692481518,0.08401977270841599,0.5462207198143005,true_train_and_true_inner_val_selection
residual_future_max_delta_rows_4_10,continuous,short_temporal_conv_residual,real_residual,20260626,6,0.017172514577396214,0.016780607402324677,0.016780607402324677,inner_val_top_5pct_lift_delta_vs_frozen_ar,0.002345527522265911,0.08605614304542542,0.5511365532875061,true_train_and_true_inner_val_selection
residual_future_max_delta_rows_4_10,continuous,short_temporal_conv_residual,real_residual,20260626,7,0.017109888489358127,0.016370020806789398,0.016370020806789398,inner_val_top_5pct_lift_delta_vs_frozen_ar,0.0023581478744745255,0.08798076957464218,0.5612655878067017,true_train_and_true_inner_val_selection
residual_future_max_delta_rows_4_10,continuous,short_temporal_conv_residual,real_residual,20260626,8,0.017070210655219853,0.014435641467571259,0.014435641467571259,inner_val_top_5pct_lift_delta_vs_frozen_ar,0.0023735316935926676,0.08747664839029312,0.5652064681053162,true_train_and_true_inner_val_selection
residual_future_max_delta_rows_4_10,continuous,short_temporal_conv_residual,real_residual,20260626,9,0.01706910936627537,0.015420079231262207,0.015420079231262207,inner_val_top_5pct_lift_delta_vs_frozen_ar,0.0023891059681773186,0.08879359066486359,0.5844112634658813,true_train_and_true_inner_val_selection
residual_future_max_delta_rows_4_10,continuous,short_temporal_conv_residual,real_residual,20260626,10,0.016825666069053113,0.014228664338588715,0.014228664338588715,inner_val_top_5pct_lift_delta_vs_frozen_ar,0.002407765481621027,0.08904976397752762,0.5886455178260803,true_train_and_true_inner_val_selection
residual_future_max_delta_rows_4_10,continuous,short_temporal_conv_residual,real_residual,20260626,11,0.016816211049444973,0.013924047350883484,0.013924047350883484,inner_val_top_5pct_lift_delta_vs_frozen_ar,0.0024253169540315866,0.08976858854293823,0.6034643650054932,true_train_and_true_inner_val_selection
residual_future_max_delta_rows_4_10,continuous,short_temporal_conv_residual,real_residual,20260626,12,0.01660672522848472,0.0138888880610466,0.0138888880610466,inner_val_top_5pct_lift_delta_vs_frozen_ar,0.00244274758733809,0.09066765755414963,0.623870849609375,true_train_and_true_inner_val_selection
residual_future_max_delta_rows_4_10,continuous,short_temporal_conv_residual,shuffled_pca_residual,20260626,1,0.018200171063654125,9.164959192276001e-05,9.164959192276001e-05,inner_val_top_5pct_lift_delta_vs_frozen_ar,0.002176819136366248,0.025111211463809013,0.07088102400302887,true_train_and_true_inner_val_selection
residual_future_max_delta_rows_4_10,continuous,short_temporal_conv_residual,shuffled_pca_residual,20260626,2,0.01816569664515555,-0.0003475174307823181,-0.0003475174307823181,inner_val_top_5pct_lift_delta_vs_frozen_ar,0.002221442759037018,0.05620864778757095,0.26220378279685974,true_train_and_true_inner_val_selection
residual_future_max_delta_rows_4_10,continuous,short_temporal_conv_residual,shuffled_pca_residual,20260626,3,0.018084752140566707,-0.0009777620434761047,-0.0009777620434761047,inner_val_top_5pct_lift_delta_vs_frozen_ar,0.002270907163619995,0.12379565834999084,0.6653577089309692,true_train_and_true_inner_val_selection
residual_future_max_delta_rows_4_10,continuous,short_temporal_conv_residual,shuffled_pca_residual,20260626,4,0.018054345506243408,0.00034606456756591797,0.00034606456756591797,inner_val_top_5pct_lift_delta_vs_frozen_ar,0.0023173224180936813,0.1685929298400879,0.8581546545028687,true_train_and_true_inner_val_selection
residual_future_max_delta_rows_4_10,continuous,short_temporal_conv_residual,shuffled_pca_residual,20260626,5,0.017914694268256426,-0.0025802776217460632,-0.0025802776217460632,inner_val_top_5pct_lift_delta_vs_frozen_ar,0.0023432665038853884,0.15690676867961884,0.8178703188896179,true_train_and_true_inner_val_selection
residual_future_max_delta_rows_4_10,continuous,short_temporal_conv_residual,shuffled_pca_residual,20260626,6,0.017856734339147806,-0.006679549813270569,-0.006679549813270569,inner_val_top_5pct_lift_delta_vs_frozen_ar,0.002360902028158307,0.12540745735168457,0.6817319393157959,true_train_and_true_inner_val_selection
residual_future_max_delta_rows_4_10,continuous,short_temporal_conv_residual,shuffled_pca_residual,20260626,7,0.017818834632635117,-0.01120993122458458,-0.01120993122458458,inner_val_top_5pct_lift_delta_vs_frozen_ar,0.002390696434304118,0.11158265918493271,0.6095154285430908,true_train_and_true_inner_val_selection
residual_future_max_delta_rows_4_10,continuous,short_temporal_conv_residual,shuffled_pca_residual,20260626,8,0.017821631394326687,-0.01837073266506195,-0.01837073266506195,inner_val_top_5pct_lift_delta_vs_frozen_ar,0.002416136208921671,0.10314098000526428,0.5622128248214722,true_train_and_true_inner_val_selection
residual_future_max_delta_rows_4_10,continuous,short_temporal_conv_residual,shuffled_pca_residual,20260626,9,0.01768244127742946,-0.02383315935730934,-0.02383315935730934,inner_val_top_5pct_lift_delta_vs_frozen_ar,0.0024409345351159573,0.10008186846971512,0.5436904430389404,true_train_and_true_inner_val_selection
residual_future_max_delta_rows_4_10,continuous,short_temporal_conv_residual,shuffled_pca_residual,20260626,10,0.01761416532099247,-0.024928174912929535,-0.024928174912929535,inner_val_top_5pct_lift_delta_vs_frozen_ar,0.0024606070946902037,0.09518851339817047,0.5141025185585022,true_train_and_true_inner_val_selection
residual_future_max_delta_rows_4_10,continuous,short_temporal_conv_residual,shuffled_pca_residual,20260626,11,0.01757786434609443,-0.02993205189704895,-0.02993205189704895,inner_val_top_5pct_lift_delta_vs_frozen_ar,0.002480973256751895,0.0969473123550415,0.5241965651512146,true_train_and_true_inner_val_selection
residual_future_max_delta_rows_4_10,continuous,short_temporal_conv_residual,shuffled_pca_residual,20260626,12,0.01763270504307002,-0.03063279390335083,-0.03063279390335083,inner_val_top_5pct_lift_delta_vs_frozen_ar,0.002498435787856579,0.09719861298799515,0.5258713960647583,true_train_and_true_inner_val_selection
residual_future_max_delta_rows_4_10,continuous,short_temporal_conv_residual,random_pca_residual,20260626,1,0.01814140856731683,9.336322546005249e-05,9.336322546005249e-05,inner_val_top_5pct_lift_delta_vs_frozen_ar,0.0021784352138638496,0.025713663548231125,0.07510526478290558,true_train_and_true_inner_val_selection
residual_future_max_delta_rows_4_10,continuous,short_temporal_conv_residual,random_pca_residual,20260626,2,0.01815019128844142,-0.0006532296538352966,-0.0006532296538352966,inner_val_top_5pct_lift_delta_vs_frozen_ar,0.0022222104016691446,0.05718446150422096,0.2664642632007599,true_train_and_true_inner_val_selection
residual_future_max_delta_rows_4_10,continuous,short_temporal_conv_residual,random_pca_residual,20260626,3,0.01808909059036523,0.00038579851388931274,0.00038579851388931274,inner_val_top_5pct_lift_delta_vs_frozen_ar,0.002271240344271064,0.12446529418230057,0.6698422431945801,true_train_and_true_inner_val_selection
residual_future_max_delta_rows_4_10,continuous,short_temporal_conv_residual,random_pca_residual,20260626,4,0.017977640498429537,0.0023799166083335876,0.0023799166083335876,inner_val_top_5pct_lift_delta_vs_frozen_ar,0.0023176372051239014,0.16998133063316345,0.8626700639724731,true_train_and_true_inner_val_selection
residual_future_max_delta_rows_4_10,continuous,short_temporal_conv_residual,random_pca_residual,20260626,5,0.017907430417835712,0.003128640353679657,0.003128640353679657,inner_val_top_5pct_lift_delta_vs_frozen_ar,0.0023422532249242067,0.15853266417980194,0.8251397609710693,true_train_and_true_inner_val_selection
residual_future_max_delta_rows_4_10,continuous,short_temporal_conv_residual,random_pca_residual,20260626,6,0.017891691415570676,-0.0008066222071647644,-0.0008066222071647644,inner_val_top_5pct_lift_delta_vs_frozen_ar,0.002363362116739154,0.12664632499217987,0.688022255897522,true_train_and_true_inner_val_selection
residual_future_max_delta_rows_4_10,continuous,short_temporal_conv_residual,random_pca_residual,20260626,7,0.017803733586333692,-0.007524751126766205,-0.007524751126766205,inner_val_top_5pct_lift_delta_vs_frozen_ar,0.002393116010352969,0.11290790885686874,0.617802619934082,true_train_and_true_inner_val_selection
residual_future_max_delta_rows_4_10,continuous,short_temporal_conv_residual,random_pca_residual,20260626,8,0.017779004643671215,-0.013474252074956894,-0.013474252074956894,inner_val_top_5pct_lift_delta_vs_frozen_ar,0.0024222121573984623,0.10602220892906189,0.5759474635124207,true_train_and_true_inner_val_selection
residual_future_max_delta_rows_4_10,continuous,short_temporal_conv_residual,random_pca_residual,20260626,9,0.01776356715708971,-0.015600532293319702,-0.015600532293319702,inner_val_top_5pct_lift_delta_vs_frozen_ar,0.002447474980726838,0.09770088642835617,0.5261536836624146,true_train_and_true_inner_val_selection
residual_future_max_delta_rows_4_10,continuous,short_temporal_conv_residual,random_pca_residual,20260626,10,0.01769425708334893,-0.018363744020462036,-0.018363744020462036,inner_val_top_5pct_lift_delta_vs_frozen_ar,0.0024714490864425898,0.09688170999288559,0.5201930999755859,true_train_and_true_inner_val_selection
residual_future_max_delta_rows_4_10,continuous,short_temporal_conv_residual,random_pca_residual,20260626,11,0.0176418568007648,-0.02102675661444664,-0.02102675661444664,inner_val_top_5pct_lift_delta_vs_frozen_ar,0.002491908147931099,0.09641365706920624,0.5171849131584167,true_train_and_true_inner_val_selection
residual_future_max_delta_rows_4_10,continuous,short_temporal_conv_residual,random_pca_residual,20260626,12,0.01744583761319518,-0.022127646952867508,-0.022127646952867508,inner_val_top_5pct_lift_delta_vs_frozen_ar,0.0025125921238213778,0.09594859927892685,0.5133682489395142,true_train_and_true_inner_val_selection
residual_future_max_delta_rows_4_10,continuous,short_temporal_conv_residual,random_pca_residual,20260626,13,0.01751794049050659,-0.024598661810159683,-0.024598661810159683,inner_val_top_5pct_lift_delta_vs_frozen_ar,0.0025317096151411533,0.09822500497102737,0.52873694896698,true_train_and_true_inner_val_selection
residual_future_max_delta_rows_4_10,continuous,short_temporal_conv_residual,label_permutation_residual,20260626,1,0.019973590038716793,-0.00041810458060353994,-0.00041810458060353994,inner_val_top_5pct_lift_delta_vs_frozen_ar,0.002167921978980303,0.02292514592409134,0.06051405519247055,permuted_train_and_permuted_inner_val_selection
residual_future_max_delta_rows_4_10,continuous,short_temporal_conv_residual,label_permutation_residual,20260626,2,0.019952708389610052,-0.0005538357654586434,-0.0005538357654586434,inner_val_top_5pct_lift_delta_vs_frozen_ar,0.002209040801972151,0.048318490386009216,0.23214134573936462,permuted_train_and_permuted_inner_val_selection
residual_future_max_delta_rows_4_10,continuous,short_temporal_conv_residual,label_permutation_residual,20260626,3,0.019969616434536874,0.001118028856581077,0.001118028856581077,inner_val_top_5pct_lift_delta_vs_frozen_ar,0.002254135673865676,0.1056855246424675,0.6240090727806091,permuted_train_and_permuted_inner_val_selection
residual_future_max_delta_rows_4_10,continuous,short_temporal_conv_residual,label_permutation_residual,20260626,4,0.01995759760029614,0.002328998874872923,0.002328998874872923,inner_val_top_5pct_lift_delta_vs_frozen_ar,0.002291450509801507,0.13084891438484192,0.7621805667877197,permuted_train_and_permuted_inner_val_selection
residual_future_max_delta_rows_4_10,continuous,short_temporal_conv_residual,label_permutation_residual,20260626,5,0.019858262385241687,0.0023480374366045,0.0023480374366045,inner_val_top_5pct_lift_delta_vs_frozen_ar,0.002307395450770855,0.10873942822217941,0.6442052125930786,permuted_train_and_permuted_inner_val_selection
residual_future_max_delta_rows_4_10,continuous,short_temporal_conv_residual,label_permutation_residual,20260626,6,0.01989122887607664,0.0023384657688438892,0.0023384657688438892,inner_val_top_5pct_lift_delta_vs_frozen_ar,0.002321135951206088,0.0950397253036499,0.549281656742096,permuted_train_and_permuted_inner_val_selection
residual_future_max_delta_rows_4_10,continuous,short_temporal_conv_residual,label_permutation_residual,20260626,7,0.019784713280387223,0.002401530626229942,0.002401530626229942,inner_val_top_5pct_lift_delta_vs_frozen_ar,0.0023299918975681067,0.09028556197881699,0.519769012928009,permuted_train_and_permuted_inner_val_selection
residual_future_max_delta_rows_4_10,continuous,short_temporal_conv_residual,label_permutation_residual,20260626,8,0.01994641765486449,0.0024614883586764336,0.0024614883586764336,inner_val_top_5pct_lift_delta_vs_frozen_ar,0.002339316997677088,0.09184971451759338,0.5240229964256287,permuted_train_and_permuted_inner_val_selection
residual_future_max_delta_rows_4_10,continuous,short_temporal_conv_residual,label_permutation_residual,20260626,9,0.01984431315213442,0.0025450431276112795,0.0025450431276112795,inner_val_top_5pct_lift_delta_vs_frozen_ar,0.002348720794543624,0.0926019623875618,0.5297956466674805,permuted_train_and_permuted_inner_val_selection
residual_future_max_delta_rows_4_10,continuous,short_temporal_conv_residual,label_permutation_residual,20260626,10,0.01971978647634387,0.0014158288831822574,0.0014158288831822574,inner_val_top_5pct_lift_delta_vs_frozen_ar,0.002361309714615345,0.0990758165717125,0.5769502520561218,permuted_train_and_permuted_inner_val_selection
residual_future_max_delta_rows_4_10,continuous,short_temporal_conv_residual,label_permutation_residual,20260626,11,0.019727785838767886,0.0017507723532617092,0.0017507723532617092,inner_val_top_5pct_lift_delta_vs_frozen_ar,0.0023681502789258957,0.09784339368343353,0.5781158208847046,permuted_train_and_permuted_inner_val_selection
residual_future_max_delta_rows_4_10,continuous,short_temporal_conv_residual,label_permutation_residual,20260626,12,0.019769770675338805,0.0017397418851032853,0.0017397418851032853,inner_val_top_5pct_lift_delta_vs_frozen_ar,0.0023807690013200045,0.10235966742038727,0.6130889058113098,permuted_train_and_permuted_inner_val_selection
residual_future_max_delta_rows_4_10,continuous,short_temporal_conv_residual,label_permutation_residual,20260626,13,0.019656126154586673,0.000731933909264626,0.000731933909264626,inner_val_top_5pct_lift_delta_vs_frozen_ar,0.0023961677215993404,0.1058032363653183,0.6435664296150208,permuted_train_and_permuted_inner_val_selection
residual_future_max_delta_rows_4_10,continuous,short_temporal_conv_residual,label_permutation_residual,20260626,14,0.01967841514851898,0.000746305853681406,0.000746305853681406,inner_val_top_5pct_lift_delta_vs_frozen_ar,0.0024128719232976437,0.1106066107749939,0.6768919825553894,permuted_train_and_permuted_inner_val_selection
residual_future_max_delta_rows_4_10,continuous,short_temporal_conv_residual,label_permutation_residual,20260626,15,0.019662759848870337,-8.468044688925147e-05,-8.468044688925147e-05,inner_val_top_5pct_lift_delta_vs_frozen_ar,0.00242904806509614,0.1141296774148941,0.7016968727111816,permuted_train_and_permuted_inner_val_selection
residual_future_max_delta_rows_4_10,continuous,short_temporal_conv_residual,label_permutation_residual,20260626,16,0.019612434902228415,0.0008157567062880844,0.0008157567062880844,inner_val_top_5pct_lift_delta_vs_frozen_ar,0.0024507618509233,0.1203307956457138,0.739208459854126,permuted_train_and_permuted_inner_val_selection
residual_future_max_delta_rows_4_10,continuous,short_temporal_conv_residual,label_permutation_residual,20260626,17,0.01959904027171433,0.0017948596505448222,0.0017948596505448222,inner_val_top_5pct_lift_delta_vs_frozen_ar,0.002470453502610326,0.12435232847929001,0.765465259552002,permuted_train_and_permuted_inner_val_selection
residual_future_max_delta_rows_4_10,continuous,short_temporal_conv_residual,train_only_video_mean_residual,20260626,1,0.018134842510335147,-0.00041338056325912476,-0.00041338056325912476,inner_val_top_5pct_lift_delta_vs_frozen_ar,0.002181831281632185,0.06889048963785172,0.37545478343963623,true_train_and_true_inner_val_selection
residual_future_max_delta_rows_4_10,continuous,short_temporal_conv_residual,train_only_video_mean_residual,20260626,2,0.018149178009480238,-0.001979529857635498,-0.001979529857635498,inner_val_top_5pct_lift_delta_vs_frozen_ar,0.0022278777323663235,0.17891274392604828,0.9927812218666077,true_train_and_true_inner_val_selection
residual_future_max_delta_rows_4_10,continuous,short_temporal_conv_residual,train_only_video_mean_residual,20260626,3,0.01793527277186513,-0.009693562984466553,-0.009693562984466553,inner_val_top_5pct_lift_delta_vs_frozen_ar,0.002274212660267949,0.2331942766904831,0.9993041753768921,true_train_and_true_inner_val_selection
residual_future_max_delta_rows_4_10,continuous,short_temporal_conv_residual,train_only_video_mean_residual,20260626,4,0.017853041063062847,-0.017038777470588684,-0.017038777470588684,inner_val_top_5pct_lift_delta_vs_frozen_ar,0.0022903881035745144,0.26380863785743713,0.9996389150619507,true_train_and_true_inner_val_selection
residual_future_max_delta_rows_4_10,continuous,short_temporal_conv_residual,train_only_video_mean_residual,20260626,5,0.017686522682197392,-0.022861924022436142,-0.022861924022436142,inner_val_top_5pct_lift_delta_vs_frozen_ar,0.002307575661689043,0.2810058295726776,0.9998348355293274,true_train_and_true_inner_val_selection
residual_future_max_delta_rows_4_10,continuous,short_temporal_conv_residual,train_only_video_mean_residual,20260626,6,0.017518538399599493,-0.028157833963632584,-0.028157833963632584,inner_val_top_5pct_lift_delta_vs_frozen_ar,0.0023331339471042156,0.2940344214439392,0.9998972415924072,true_train_and_true_inner_val_selection
residual_future_max_delta_rows_4_10,continuous,short_temporal_conv_residual,train_only_video_mean_residual,20260626,7,0.017299952916800976,-0.03605209290981293,-0.03605209290981293,inner_val_top_5pct_lift_delta_vs_frozen_ar,0.0023583380971103907,0.2988462448120117,0.99993497133255,true_train_and_true_inner_val_selection
residual_future_max_delta_rows_4_10,continuous,short_temporal_conv_residual,train_only_video_mean_residual,20260626,8,0.01734743337146938,-0.03660262003540993,-0.03660262003540993,inner_val_top_5pct_lift_delta_vs_frozen_ar,0.0023792919237166643,0.3058632016181946,0.9999380707740784,true_train_and_true_inner_val_selection
residual_future_max_delta_rows_4_10,continuous,short_temporal_conv_residual,diagnostics_only_residual,20260626,1,0.018131312914192677,8.049607276916504e-05,8.049607276916504e-05,inner_val_top_5pct_lift_delta_vs_frozen_ar,0.002176421694457531,0.05399785935878754,0.23462991416454315,true_train_and_true_inner_val_selection
residual_future_max_delta_rows_4_10,continuous,short_temporal_conv_residual,diagnostics_only_residual,20260626,2,0.018171874107792974,-0.0009049475193023682,-0.0009049475193023682,inner_val_top_5pct_lift_delta_vs_frozen_ar,0.002219951478764415,0.2646494209766388,0.9877464771270752,true_train_and_true_inner_val_selection
residual_future_max_delta_rows_4_10,continuous,short_temporal_conv_residual,diagnostics_only_residual,20260626,3,0.018041785922832787,0.0007768794894218445,0.0007768794894218445,inner_val_top_5pct_lift_delta_vs_frozen_ar,0.002251449041068554,0.3288261294364929,0.9996908903121948,true_train_and_true_inner_val_selection
residual_future_max_delta_rows_4_10,continuous,short_temporal_conv_residual,diagnostics_only_residual,20260626,4,0.018018202972598374,-0.00039476901292800903,-0.00039476901292800903,inner_val_top_5pct_lift_delta_vs_frozen_ar,0.0022425369825214148,0.34266921877861023,0.9999117255210876,true_train_and_true_inner_val_selection
residual_future_max_delta_rows_4_10,continuous,short_temporal_conv_residual,diagnostics_only_residual,20260626,5,0.017941056052222848,-0.0003520101308822632,-0.0003520101308822632,inner_val_top_5pct_lift_delta_vs_frozen_ar,0.0022495815064758062,0.3515644073486328,0.9999603629112244,true_train_and_true_inner_val_selection
residual_future_max_delta_rows_4_10,continuous,short_temporal_conv_residual,diagnostics_only_residual,20260626,6,0.017920679529197514,0.0010434463620185852,0.0010434463620185852,inner_val_top_5pct_lift_delta_vs_frozen_ar,0.002258187159895897,0.35918670892715454,0.9999800324440002,true_train_and_true_inner_val_selection
residual_future_max_delta_rows_4_10,continuous,short_temporal_conv_residual,diagnostics_only_residual,20260626,7,0.017982610617764294,0.000931859016418457,0.000931859016418457,inner_val_top_5pct_lift_delta_vs_frozen_ar,0.00227116490714252,0.36983996629714966,0.9999930262565613,true_train_and_true_inner_val_selection
residual_future_max_delta_rows_4_10,continuous,short_temporal_conv_residual,diagnostics_only_residual,20260626,8,0.018034187611192465,0.0008042976260185242,0.0008042976260185242,inner_val_top_5pct_lift_delta_vs_frozen_ar,0.0022796650882810354,0.380423903465271,0.9999977946281433,true_train_and_true_inner_val_selection
residual_future_max_delta_rows_4_10,continuous,short_temporal_conv_residual,diagnostics_only_residual,20260626,9,0.017843278357759118,0.0007840394973754883,0.0007840394973754883,inner_val_top_5pct_lift_delta_vs_frozen_ar,0.0022866730578243732,0.3876320719718933,0.9999989867210388,true_train_and_true_inner_val_selection
residual_future_max_delta_rows_4_10,continuous,short_temporal_conv_residual,diagnostics_only_residual,20260626,10,0.01800910395104438,0.0009683892130851746,0.0009683892130851746,inner_val_top_5pct_lift_delta_vs_frozen_ar,0.0022940514609217644,0.39221346378326416,0.999999463558197,true_train_and_true_inner_val_selection
residual_future_max_delta_rows_4_10,continuous,short_temporal_conv_residual,diagnostics_only_residual,20260626,11,0.01792315545026213,0.0005743876099586487,0.0005743876099586487,inner_val_top_5pct_lift_delta_vs_frozen_ar,0.0023013786412775517,0.39493048191070557,0.9999995827674866,true_train_and_true_inner_val_selection
residual_future_max_delta_rows_4_10,continuous,short_temporal_conv_residual,diagnostics_only_residual,20260626,12,0.01797875389456749,0.0001989305019378662,0.0001989305019378662,inner_val_top_5pct_lift_delta_vs_frozen_ar,0.002309940755367279,0.3976263999938965,0.9999997615814209,true_train_and_true_inner_val_selection
residual_future_max_delta_rows_4_10,continuous,short_temporal_conv_residual,diagnostics_only_residual,20260626,13,0.017927036504261196,0.0015652701258659363,0.0015652701258659363,inner_val_top_5pct_lift_delta_vs_frozen_ar,0.002316932426765561,0.40019547939300537,0.9999998211860657,true_train_and_true_inner_val_selection
residual_future_max_delta_rows_4_10,continuous,short_temporal_conv_residual,diagnostics_only_residual,20260626,14,0.017966171144507825,0.002438761293888092,0.002438761293888092,inner_val_top_5pct_lift_delta_vs_frozen_ar,0.0023236661218106747,0.40148863196372986,0.9999998211860657,true_train_and_true_inner_val_selection
residual_future_max_delta_rows_4_10,continuous,short_temporal_conv_residual,diagnostics_only_residual,20260626,15,0.017918696394190192,0.0029934123158454895,0.0029934123158454895,inner_val_top_5pct_lift_delta_vs_frozen_ar,0.002331407740712166,0.403400182723999,0.9999998807907104,true_train_and_true_inner_val_selection
residual_future_max_delta_rows_4_10,continuous,short_temporal_conv_residual,diagnostics_only_residual,20260626,16,0.01799580384977162,0.0032644346356391907,0.0032644346356391907,inner_val_top_5pct_lift_delta_vs_frozen_ar,0.0023361695930361748,0.40376511216163635,0.9999998807907104,true_train_and_true_inner_val_selection
residual_future_max_delta_rows_4_10,continuous,short_temporal_conv_residual,diagnostics_only_residual,20260626,17,0.017959700082428753,0.0018177926540374756,0.0018177926540374756,inner_val_top_5pct_lift_delta_vs_frozen_ar,0.0023427437990903854,0.40463483333587646,0.9999998807907104,true_train_and_true_inner_val_selection
residual_future_max_delta_rows_4_10,continuous,short_temporal_conv_residual,diagnostics_only_residual,20260626,18,0.0179018183844164,0.0021025463938713074,0.0021025463938713074,inner_val_top_5pct_lift_delta_vs_frozen_ar,0.0023496851790696383,0.405652791261673,0.9999998807907104,true_train_and_true_inner_val_selection
residual_future_max_delta_rows_4_10,continuous,short_temporal_conv_residual,diagnostics_only_residual,20260626,19,0.01795447524636984,0.002277165651321411,0.002277165651321411,inner_val_top_5pct_lift_delta_vs_frozen_ar,0.0023555983789265156,0.407077819108963,0.9999999403953552,true_train_and_true_inner_val_selection
residual_future_max_delta_rows_4_10,continuous,short_temporal_conv_residual,diagnostics_only_residual,20260626,20,0.01798141619656235,0.002576977014541626,0.002576977014541626,inner_val_top_5pct_lift_delta_vs_frozen_ar,0.0023621367290616035,0.4075038731098175,0.9999999403953552,true_train_and_true_inner_val_selection
residual_future_max_delta_rows_4_10,continuous,short_temporal_conv_residual,diagnostics_only_residual,20260626,21,0.017894294229336083,0.002804212272167206,0.002804212272167206,inner_val_top_5pct_lift_delta_vs_frozen_ar,0.0023697735741734505,0.40835291147232056,0.9999999403953552,true_train_and_true_inner_val_selection
residual_future_max_delta_rows_4_10,continuous,short_temporal_conv_residual,diagnostics_only_residual,20260626,22,0.01801122259348631,0.00415252149105072,0.00415252149105072,inner_val_top_5pct_lift_delta_vs_frozen_ar,0.0023761261254549026,0.409248948097229,0.9999999403953552,true_train_and_true_inner_val_selection
residual_future_max_delta_rows_4_10,continuous,short_temporal_conv_residual,diagnostics_only_residual,20260626,23,0.017883442458696663,0.0029126256704330444,0.0029126256704330444,inner_val_top_5pct_lift_delta_vs_frozen_ar,0.002385444939136505,0.4105123281478882,0.9999999403953552,true_train_and_true_inner_val_selection
residual_future_max_delta_rows_4_10,continuous,short_temporal_conv_residual,diagnostics_only_residual,20260626,24,0.017861847765743732,0.004158884286880493,0.004158884286880493,inner_val_top_5pct_lift_delta_vs_frozen_ar,0.0023905299603939056,0.4111204147338867,0.9999999403953552,true_train_and_true_inner_val_selection
residual_future_max_delta_rows_4_10,continuous,short_temporal_conv_residual,diagnostics_only_residual,20260626,25,0.017845174530521035,0.002894170582294464,0.002894170582294464,inner_val_top_5pct_lift_delta_vs_frozen_ar,0.002399289049208164,0.4120076894760132,0.9999999403953552,true_train_and_true_inner_val_selection
residual_future_max_delta_rows_4_10,continuous,short_temporal_conv_residual,diagnostics_only_residual,20260626,26,0.017869355157017708,0.002832479774951935,0.002832479774951935,inner_val_top_5pct_lift_delta_vs_frozen_ar,0.0024068295024335384,0.4131566882133484,0.9999999403953552,true_train_and_true_inner_val_selection
residual_future_max_delta_rows_4_10,continuous,short_temporal_conv_residual,diagnostics_only_residual,20260626,27,0.017909295856952667,0.0038554444909095764,0.0038554444909095764,inner_val_top_5pct_lift_delta_vs_frozen_ar,0.002414079150184989,0.4147176146507263,0.9999999403953552,true_train_and_true_inner_val_selection
residual_future_max_delta_rows_4_10,continuous,short_temporal_conv_residual,diagnostics_only_residual,20260626,28,0.017819935455918312,0.0032839104533195496,0.0032839104533195496,inner_val_top_5pct_lift_delta_vs_frozen_ar,0.002421829616650939,0.41572776436805725,0.9999999403953552,true_train_and_true_inner_val_selection
residual_future_max_delta_rows_4_10,continuous,short_temporal_conv_residual,diagnostics_only_residual,20260626,29,0.017866529407911003,0.002354055643081665,0.002354055643081665,inner_val_top_5pct_lift_delta_vs_frozen_ar,0.0024308455176651478,0.417365163564682,1.0,true_train_and_true_inner_val_selection
residual_future_max_delta_rows_4_10,continuous,short_temporal_conv_residual,diagnostics_only_residual,20260626,30,0.01776013255584985,0.002495609223842621,0.002495609223842621,inner_val_top_5pct_lift_delta_vs_frozen_ar,0.0024378271773457527,0.41882917284965515,1.0,true_train_and_true_inner_val_selection
residual_future_max_delta_rows_4_10,continuous,short_temporal_conv_residual,diagnostics_only_residual,20260626,31,0.017862254288047552,0.002193540334701538,0.002193540334701538,inner_val_top_5pct_lift_delta_vs_frozen_ar,0.002446005353704095,0.4204210638999939,1.0,true_train_and_true_inner_val_selection
residual_future_max_delta_rows_4_10,continuous,short_temporal_conv_residual,diagnostics_only_residual,20260626,32,0.017846211907453835,0.002815045416355133,0.002815045416355133,inner_val_top_5pct_lift_delta_vs_frozen_ar,0.002454005181789398,0.4212179481983185,1.0,true_train_and_true_inner_val_selection
residual_future_max_delta_rows_4_10,continuous,short_temporal_conv_residual,real_residual,20260627,1,0.01816677302122116,0.0,0.0,inner_val_top_5pct_lift_delta_vs_frozen_ar,0.0021489961072802544,0.02273123897612095,0.05101214721798897,true_train_and_true_inner_val_selection
residual_future_max_delta_rows_4_10,continuous,short_temporal_conv_residual,real_residual,20260627,2,0.01815500110387802,0.00029503554105758667,0.00029503554105758667,inner_val_top_5pct_lift_delta_vs_frozen_ar,0.0021862841676920652,0.046008773148059845,0.19483250379562378,true_train_and_true_inner_val_selection
residual_future_max_delta_rows_4_10,continuous,short_temporal_conv_residual,real_residual,20260627,3,0.018053872394375503,0.0008528977632522583,0.0008528977632522583,inner_val_top_5pct_lift_delta_vs_frozen_ar,0.0022342505399137735,0.0996370017528534,0.677309513092041,true_train_and_true_inner_val_selection
residual_future_max_delta_rows_4_10,continuous,short_temporal_conv_residual,real_residual,20260627,4,0.017806682037189603,0.017427027225494385,0.017427027225494385,inner_val_top_5pct_lift_delta_vs_frozen_ar,0.0022838623262941837,0.10724218189716339,0.7623739242553711,true_train_and_true_inner_val_selection
residual_future_max_delta_rows_4_10,continuous,short_temporal_conv_residual,real_residual,20260627,5,0.017388768203090876,0.022311218082904816,0.022311218082904816,inner_val_top_5pct_lift_delta_vs_frozen_ar,0.0023265855852514505,0.09329460561275482,0.6416671872138977,true_train_and_true_inner_val_selection
residual_future_max_delta_rows_4_10,continuous,short_temporal_conv_residual,real_residual,20260627,6,0.017306549241766334,0.02063034474849701,0.02063034474849701,inner_val_top_5pct_lift_delta_vs_frozen_ar,0.0023439836222678423,0.08828292042016983,0.5728176832199097,true_train_and_true_inner_val_selection
residual_future_max_delta_rows_4_10,continuous,short_temporal_conv_residual,real_residual,20260627,7,0.01732436695601791,0.01919921487569809,0.01919921487569809,inner_val_top_5pct_lift_delta_vs_frozen_ar,0.002355174859985709,0.09203320741653442,0.5930123925209045,true_train_and_true_inner_val_selection
residual_future_max_delta_rows_4_10,continuous,short_temporal_conv_residual,real_residual,20260627,8,0.01717430562712252,0.018582679331302643,0.018582679331302643,inner_val_top_5pct_lift_delta_vs_frozen_ar,0.002369812922552228,0.09310565888881683,0.6021488904953003,true_train_and_true_inner_val_selection
residual_future_max_delta_rows_4_10,continuous,short_temporal_conv_residual,real_residual,20260627,9,0.017035024473443627,0.01757045090198517,0.01757045090198517,inner_val_top_5pct_lift_delta_vs_frozen_ar,0.002385522238910198,0.09369051456451416,0.6102647185325623,true_train_and_true_inner_val_selection
residual_future_max_delta_rows_4_10,continuous,short_temporal_conv_residual,real_residual,20260627,10,0.016988891758956015,0.015141189098358154,0.015141189098358154,inner_val_top_5pct_lift_delta_vs_frozen_ar,0.002404024824500084,0.09525350481271744,0.6311075687408447,true_train_and_true_inner_val_selection
residual_future_max_delta_rows_4_10,continuous,short_temporal_conv_residual,real_residual,20260627,11,0.016900839167647064,0.014031805098056793,0.014031805098056793,inner_val_top_5pct_lift_delta_vs_frozen_ar,0.002422887831926346,0.09670983254909515,0.6578253507614136,true_train_and_true_inner_val_selection
residual_future_max_delta_rows_4_10,continuous,short_temporal_conv_residual,real_residual,20260627,12,0.016715302888769656,0.01127815991640091,0.01127815991640091,inner_val_top_5pct_lift_delta_vs_frozen_ar,0.0024445666931569576,0.09706895053386688,0.6652103662490845,true_train_and_true_inner_val_selection
residual_future_max_delta_rows_4_10,continuous,short_temporal_conv_residual,real_residual,20260627,13,0.01660141965840012,0.011487632989883423,0.011487632989883423,inner_val_top_5pct_lift_delta_vs_frozen_ar,0.002465749392285943,0.09827641397714615,0.6809810996055603,true_train_and_true_inner_val_selection
residual_future_max_delta_rows_4_10,continuous,short_temporal_conv_residual,shuffled_pca_residual,20260627,1,0.018200763734057546,-4.0180981159210205e-05,-4.0180981159210205e-05,inner_val_top_5pct_lift_delta_vs_frozen_ar,0.0021445464808493853,0.02141745388507843,0.04696545749902725,true_train_and_true_inner_val_selection
residual_future_max_delta_rows_4_10,continuous,short_temporal_conv_residual,shuffled_pca_residual,20260627,2,0.01816130557563156,-0.000272899866104126,-0.000272899866104126,inner_val_top_5pct_lift_delta_vs_frozen_ar,0.002176892478018999,0.03433208540081978,0.12755991518497467,true_train_and_true_inner_val_selection
residual_future_max_delta_rows_4_10,continuous,short_temporal_conv_residual,shuffled_pca_residual,20260627,3,0.018061251030303538,-0.002097584307193756,-0.002097584307193756,inner_val_top_5pct_lift_delta_vs_frozen_ar,0.0022240832913666964,0.0846526026725769,0.44271230697631836,true_train_and_true_inner_val_selection
residual_future_max_delta_rows_4_10,continuous,short_temporal_conv_residual,shuffled_pca_residual,20260627,4,0.018087562173604965,0.0004817545413970947,0.0004817545413970947,inner_val_top_5pct_lift_delta_vs_frozen_ar,0.0022733116056770086,0.15068496763706207,0.799009382724762,true_train_and_true_inner_val_selection
residual_future_max_delta_rows_4_10,continuous,short_temporal_conv_residual,shuffled_pca_residual,20260627,5,0.01794200751464814,-0.00037642568349838257,-0.00037642568349838257,inner_val_top_5pct_lift_delta_vs_frozen_ar,0.0023123477585613728,0.17105914652347565,0.8719390630722046,true_train_and_true_inner_val_selection
residual_future_max_delta_rows_4_10,continuous,short_temporal_conv_residual,shuffled_pca_residual,20260627,6,0.01801419199910015,-0.003377974033355713,-0.003377974033355713,inner_val_top_5pct_lift_delta_vs_frozen_ar,0.002337462268769741,0.15127675235271454,0.8063510656356812,true_train_and_true_inner_val_selection
residual_future_max_delta_rows_4_10,continuous,short_temporal_conv_residual,shuffled_pca_residual,20260627,7,0.017870178213343024,-0.006619349122047424,-0.006619349122047424,inner_val_top_5pct_lift_delta_vs_frozen_ar,0.002362215658649802,0.12370485812425613,0.681394100189209,true_train_and_true_inner_val_selection
residual_future_max_delta_rows_4_10,continuous,short_temporal_conv_residual,shuffled_pca_residual,20260627,8,0.017815438914112747,-0.01161137968301773,-0.01161137968301773,inner_val_top_5pct_lift_delta_vs_frozen_ar,0.0023915774654597044,0.11450483649969101,0.6297340989112854,true_train_and_true_inner_val_selection
residual_future_max_delta_rows_4_10,continuous,short_temporal_conv_residual,shuffled_pca_residual,20260627,9,0.01799744856543839,-0.01858525723218918,-0.01858525723218918,inner_val_top_5pct_lift_delta_vs_frozen_ar,0.0024210603442043066,0.11041706055402756,0.6064628958702087,true_train_and_true_inner_val_selection
residual_future_max_delta_rows_4_10,continuous,short_temporal_conv_residual,shuffled_pca_residual,20260627,10,0.017804542439989746,-0.023775257170200348,-0.023775257170200348,inner_val_top_5pct_lift_delta_vs_frozen_ar,0.002448192099109292,0.10649355500936508,0.5811119675636292,true_train_and_true_inner_val_selection
residual_future_max_delta_rows_4_10,continuous,short_temporal_conv_residual,shuffled_pca_residual,20260627,11,0.017777045257389545,-0.025032248347997665,-0.025032248347997665,inner_val_top_5pct_lift_delta_vs_frozen_ar,0.0024737664498388767,0.10571970045566559,0.5782755613327026,true_train_and_true_inner_val_selection
residual_future_max_delta_rows_4_10,continuous,short_temporal_conv_residual,shuffled_pca_residual,20260627,12,0.017575310077518225,-0.0278373621404171,-0.0278373621404171,inner_val_top_5pct_lift_delta_vs_frozen_ar,0.002496154513210058,0.10627652704715729,0.5810561180114746,true_train_and_true_inner_val_selection
residual_future_max_delta_rows_4_10,continuous,short_temporal_conv_residual,random_pca_residual,20260627,1,0.01818052725866437,-1.6093254089355469e-06,-1.6093254089355469e-06,inner_val_top_5pct_lift_delta_vs_frozen_ar,0.0021459590643644333,0.02140284888446331,0.04706721007823944,true_train_and_true_inner_val_selection
residual_future_max_delta_rows_4_10,continuous,short_temporal_conv_residual,random_pca_residual,20260627,2,0.01807892380747944,-0.0004905611276626587,-0.0004905611276626587,inner_val_top_5pct_lift_delta_vs_frozen_ar,0.0021806894801557064,0.03569956123828888,0.13576750457286835,true_train_and_true_inner_val_selection
residual_future_max_delta_rows_4_10,continuous,short_temporal_conv_residual,random_pca_residual,20260627,3,0.018105821451172233,-0.0012252628803253174,-0.0012252628803253174,inner_val_top_5pct_lift_delta_vs_frozen_ar,0.0022274632938206196,0.08731857687234879,0.4547087550163269,true_train_and_true_inner_val_selection
residual_future_max_delta_rows_4_10,continuous,short_temporal_conv_residual,random_pca_residual,20260627,4,0.018059789668768644,0.00047184526920318604,0.00047184526920318604,inner_val_top_5pct_lift_delta_vs_frozen_ar,0.002275134203955531,0.15001711249351501,0.7899325489997864,true_train_and_true_inner_val_selection
residual_future_max_delta_rows_4_10,continuous,short_temporal_conv_residual,random_pca_residual,20260627,5,0.018033831496722996,0.0018065720796585083,0.0018065720796585083,inner_val_top_5pct_lift_delta_vs_frozen_ar,0.0023152828216552734,0.17118342220783234,0.8669772744178772,true_train_and_true_inner_val_selection
residual_future_max_delta_rows_4_10,continuous,short_temporal_conv_residual,random_pca_residual,20260627,6,0.01794673502445221,0.0017054900527000427,0.0017054900527000427,inner_val_top_5pct_lift_delta_vs_frozen_ar,0.0023357218597084284,0.14947620034217834,0.790168285369873,true_train_and_true_inner_val_selection
residual_future_max_delta_rows_4_10,continuous,short_temporal_conv_residual,random_pca_residual,20260627,7,0.01788199320435524,-0.0014213994145393372,-0.0014213994145393372,inner_val_top_5pct_lift_delta_vs_frozen_ar,0.0023608580231666565,0.12461311370134354,0.6796971559524536,true_train_and_true_inner_val_selection
residual_future_max_delta_rows_4_10,continuous,short_temporal_conv_residual,random_pca_residual,20260627,8,0.01786275370977819,-0.007258646190166473,-0.007258646190166473,inner_val_top_5pct_lift_delta_vs_frozen_ar,0.0023913304321467876,0.11652747541666031,0.6398842334747314,true_train_and_true_inner_val_selection
residual_future_max_delta_rows_4_10,continuous,short_temporal_conv_residual,random_pca_residual,20260627,9,0.01778902905061841,-0.011975660920143127,-0.011975660920143127,inner_val_top_5pct_lift_delta_vs_frozen_ar,0.0024177557788789272,0.11277330666780472,0.6214697360992432,true_train_and_true_inner_val_selection
residual_future_max_delta_rows_4_10,continuous,short_temporal_conv_residual,random_pca_residual,20260627,10,0.01780158607289195,-0.016746971756219864,-0.016746971756219864,inner_val_top_5pct_lift_delta_vs_frozen_ar,0.002443249337375164,0.11223519593477249,0.618799090385437,true_train_and_true_inner_val_selection
residual_future_max_delta_rows_4_10,continuous,short_temporal_conv_residual,random_pca_residual,20260627,11,0.017791838734410703,-0.01814163476228714,-0.01814163476228714,inner_val_top_5pct_lift_delta_vs_frozen_ar,0.0024688285775482655,0.1111782044172287,0.6133089661598206,true_train_and_true_inner_val_selection
residual_future_max_delta_rows_4_10,continuous,short_temporal_conv_residual,random_pca_residual,20260627,12,0.017703682300634682,-0.021361205726861954,-0.021361205726861954,inner_val_top_5pct_lift_delta_vs_frozen_ar,0.002492516301572323,0.11546074599027634,0.6385104656219482,true_train_and_true_inner_val_selection
residual_future_max_delta_rows_4_10,continuous,short_temporal_conv_residual,random_pca_residual,20260627,13,0.017601822968572378,-0.022188343107700348,-0.022188343107700348,inner_val_top_5pct_lift_delta_vs_frozen_ar,0.0025166638661175966,0.11901684105396271,0.6589211225509644,true_train_and_true_inner_val_selection
residual_future_max_delta_rows_4_10,continuous,short_temporal_conv_residual,label_permutation_residual,20260627,1,0.019873409532010555,-2.3283064365386963e-10,-2.3283064365386963e-10,inner_val_top_5pct_lift_delta_vs_frozen_ar,0.0021390377078205347,0.023885004222393036,0.053579092025756836,permuted_train_and_permuted_inner_val_selection
residual_future_max_delta_rows_4_10,continuous,short_temporal_conv_residual,label_permutation_residual,20260627,2,0.01999425166286528,-1.2842589057981968e-05,-1.2842589057981968e-05,inner_val_top_5pct_lift_delta_vs_frozen_ar,0.002144532511010766,0.025683820247650146,0.06610208004713058,permuted_train_and_permuted_inner_val_selection
residual_future_max_delta_rows_4_10,continuous,short_temporal_conv_residual,label_permutation_residual,20260627,3,0.019921245519071817,-3.977504093199968e-06,-3.977504093199968e-06,inner_val_top_5pct_lift_delta_vs_frozen_ar,0.002180730924010277,0.04448600858449936,0.18044020235538483,permuted_train_and_permuted_inner_val_selection
residual_future_max_delta_rows_4_10,continuous,short_temporal_conv_residual,label_permutation_residual,20260627,4,0.01987035060301423,-0.0005603148747468367,-0.0005603148747468367,inner_val_top_5pct_lift_delta_vs_frozen_ar,0.002223535208031535,0.08527173101902008,0.5354973673820496,permuted_train_and_permuted_inner_val_selection
residual_future_max_delta_rows_4_10,continuous,short_temporal_conv_residual,label_permutation_residual,20260627,5,0.01991492963861674,0.0018748457077890635,0.0018748457077890635,inner_val_top_5pct_lift_delta_vs_frozen_ar,0.002260423731058836,0.11682722717523575,0.7568958401679993,permuted_train_and_permuted_inner_val_selection
residual_future_max_delta_rows_4_10,continuous,short_temporal_conv_residual,label_permutation_residual,20260627,6,0.01978594157844782,0.0028417834546417,0.0028417834546417,inner_val_top_5pct_lift_delta_vs_frozen_ar,0.0022902151104062796,0.12065215408802032,0.7502576112747192,permuted_train_and_permuted_inner_val_selection
residual_future_max_delta_rows_4_10,continuous,short_temporal_conv_residual,label_permutation_residual,20260627,7,0.019900054554454982,0.0001763149630278349,0.0001763149630278349,inner_val_top_5pct_lift_delta_vs_frozen_ar,0.002310047158971429,0.1083792969584465,0.6825729012489319,permuted_train_and_permuted_inner_val_selection
residual_future_max_delta_rows_4_10,continuous,short_temporal_conv_residual,label_permutation_residual,20260627,8,0.019873201847076416,-3.536237636581063e-05,-3.536237636581063e-05,inner_val_top_5pct_lift_delta_vs_frozen_ar,0.0023283620830625296,0.09499446302652359,0.586639404296875,permuted_train_and_permuted_inner_val_selection
residual_future_max_delta_rows_4_10,continuous,short_temporal_conv_residual,label_permutation_residual,20260627,9,0.019838903681375086,-0.0003494673874229193,-0.0003494673874229193,inner_val_top_5pct_lift_delta_vs_frozen_ar,0.0023453659377992153,0.09720687568187714,0.6024290323257446,permuted_train_and_permuted_inner_val_selection
residual_future_max_delta_rows_4_10,continuous,short_temporal_conv_residual,label_permutation_residual,20260627,10,0.019778843503445387,0.0008501178817823529,0.0008501178817823529,inner_val_top_5pct_lift_delta_vs_frozen_ar,0.0023601048160344362,0.09479069709777832,0.5896643996238708,permuted_train_and_permuted_inner_val_selection
residual_future_max_delta_rows_4_10,continuous,short_temporal_conv_residual,label_permutation_residual,20260627,11,0.019672153517603874,-0.0001418746542185545,-0.0001418746542185545,inner_val_top_5pct_lift_delta_vs_frozen_ar,0.0023772192653268576,0.09567080438137054,0.6018887758255005,permuted_train_and_permuted_inner_val_selection
residual_future_max_delta_rows_4_10,continuous,short_temporal_conv_residual,label_permutation_residual,20260627,12,0.01980441517662257,0.0002733282744884491,0.0002733282744884491,inner_val_top_5pct_lift_delta_vs_frozen_ar,0.0023954655043780804,0.09641308337450027,0.6173668503761292,permuted_train_and_permuted_inner_val_selection
residual_future_max_delta_rows_4_10,continuous,short_temporal_conv_residual,label_permutation_residual,20260627,13,0.019793262123130262,0.0002963828155770898,0.0002963828155770898,inner_val_top_5pct_lift_delta_vs_frozen_ar,0.0024147029034793377,0.09617913514375687,0.6225940585136414,permuted_train_and_permuted_inner_val_selection
residual_future_max_delta_rows_4_10,continuous,short_temporal_conv_residual,label_permutation_residual,20260627,14,0.01968624535948038,-0.0003819309640675783,-0.0003819309640675783,inner_val_top_5pct_lift_delta_vs_frozen_ar,0.0024381005205214024,0.09587294608354568,0.621859610080719,permuted_train_and_permuted_inner_val_selection
residual_future_max_delta_rows_4_10,continuous,short_temporal_conv_residual,train_only_video_mean_residual,20260627,1,0.01810364064294845,-0.00016552209854125977,-0.00016552209854125977,inner_val_top_5pct_lift_delta_vs_frozen_ar,0.0021565621718764305,0.028216272592544556,0.07447873055934906,true_train_and_true_inner_val_selection
residual_future_max_delta_rows_4_10,continuous,short_temporal_conv_residual,train_only_video_mean_residual,20260627,2,0.018103491165675223,-0.0010047033429145813,-0.0010047033429145813,inner_val_top_5pct_lift_delta_vs_frozen_ar,0.0021985135972499847,0.11181891709566116,0.7796885967254639,true_train_and_true_inner_val_selection
residual_future_max_delta_rows_4_10,continuous,short_temporal_conv_residual,train_only_video_mean_residual,20260627,3,0.01806074136402458,-0.0029945895075798035,-0.0029945895075798035,inner_val_top_5pct_lift_delta_vs_frozen_ar,0.002247433178126812,0.21199485659599304,0.9934985041618347,true_train_and_true_inner_val_selection
residual_future_max_delta_rows_4_10,continuous,short_temporal_conv_residual,train_only_video_mean_residual,20260627,4,0.017833635210990906,-0.016725804656744003,-0.016725804656744003,inner_val_top_5pct_lift_delta_vs_frozen_ar,0.002284001326188445,0.2489418089389801,0.9987168312072754,true_train_and_true_inner_val_selection
residual_future_max_delta_rows_4_10,continuous,short_temporal_conv_residual,train_only_video_mean_residual,20260627,5,0.017765350872650743,-0.015618447214365005,-0.015618447214365005,inner_val_top_5pct_lift_delta_vs_frozen_ar,0.0022880532778799534,0.27973049879074097,0.9994782209396362,true_train_and_true_inner_val_selection
residual_future_max_delta_rows_4_10,continuous,short_temporal_conv_residual,train_only_video_mean_residual,20260627,6,0.017680701101198792,-0.02021898701786995,-0.02021898701786995,inner_val_top_5pct_lift_delta_vs_frozen_ar,0.0023066250141710043,0.30536627769470215,0.9997369647026062,true_train_and_true_inner_val_selection
residual_future_max_delta_rows_4_10,continuous,short_temporal_conv_residual,train_only_video_mean_residual,20260627,7,0.01754707098007202,-0.02544199302792549,-0.02544199302792549,inner_val_top_5pct_lift_delta_vs_frozen_ar,0.0023305786307901144,0.3273320496082306,0.999861478805542,true_train_and_true_inner_val_selection
residual_future_max_delta_rows_4_10,continuous,short_temporal_conv_residual,train_only_video_mean_residual,20260627,8,0.017390756052918732,-0.03447920083999634,-0.03447920083999634,inner_val_top_5pct_lift_delta_vs_frozen_ar,0.002354938769713044,0.3361263871192932,0.9998916387557983,true_train_and_true_inner_val_selection
residual_future_max_delta_rows_4_10,continuous,short_temporal_conv_residual,diagnostics_only_residual,20260627,1,0.01806872256565839,0.0,0.0,inner_val_top_5pct_lift_delta_vs_frozen_ar,0.002144807716831565,0.02420935221016407,0.05967686325311661,true_train_and_true_inner_val_selection
residual_future_max_delta_rows_4_10,continuous,short_temporal_conv_residual,diagnostics_only_residual,20260627,2,0.01822511467617005,-7.652491331100464e-05,-7.652491331100464e-05,inner_val_top_5pct_lift_delta_vs_frozen_ar,0.002167369704693556,0.07234121114015579,0.31579890847206116,true_train_and_true_inner_val_selection
residual_future_max_delta_rows_4_10,continuous,short_temporal_conv_residual,diagnostics_only_residual,20260627,3,0.018028733786195517,-0.00014879554510116577,-0.00014879554510116577,inner_val_top_5pct_lift_delta_vs_frozen_ar,0.0021814273204654455,0.15050658583641052,0.7179052829742432,true_train_and_true_inner_val_selection
residual_future_max_delta_rows_4_10,continuous,short_temporal_conv_residual,diagnostics_only_residual,20260627,4,0.018057050998322666,-0.0001579001545906067,-0.0001579001545906067,inner_val_top_5pct_lift_delta_vs_frozen_ar,0.0021813164930790663,0.13881495594978333,0.6624646186828613,true_train_and_true_inner_val_selection
residual_future_max_delta_rows_4_10,continuous,short_temporal_conv_residual,diagnostics_only_residual,20260627,5,0.018054083921015263,-0.0004214867949485779,-0.0004214867949485779,inner_val_top_5pct_lift_delta_vs_frozen_ar,0.0021795902866870165,0.1347394734621048,0.6461346745491028,true_train_and_true_inner_val_selection
residual_future_max_delta_rows_4_10,continuous,short_temporal_conv_residual,diagnostics_only_residual,20260627,6,0.018076402018778026,0.0002865120768547058,0.0002865120768547058,inner_val_top_5pct_lift_delta_vs_frozen_ar,0.0021866802126169205,0.13115070760250092,0.6339920163154602,true_train_and_true_inner_val_selection
residual_future_max_delta_rows_4_10,continuous,short_temporal_conv_residual,diagnostics_only_residual,20260627,7,0.018133731093257666,-3.680586814880371e-06,-3.680586814880371e-06,inner_val_top_5pct_lift_delta_vs_frozen_ar,0.0021938495337963104,0.1254606992006302,0.6113482713699341,true_train_and_true_inner_val_selection
residual_future_max_delta_rows_4_10,continuous,short_temporal_conv_residual,diagnostics_only_residual,20260627,8,0.018124005058780313,-3.680586814880371e-06,-3.680586814880371e-06,inner_val_top_5pct_lift_delta_vs_frozen_ar,0.002196474466472864,0.12011943757534027,0.5898701548576355,true_train_and_true_inner_val_selection
residual_future_max_delta_rows_4_10,continuous,short_temporal_conv_residual,diagnostics_only_residual,20260627,9,0.018129658070392907,0.00024386495351791382,0.00024386495351791382,inner_val_top_5pct_lift_delta_vs_frozen_ar,0.002204572083428502,0.12370615452528,0.6125134229660034,true_train_and_true_inner_val_selection
residual_future_max_delta_rows_4_10,continuous,short_temporal_conv_residual,diagnostics_only_residual,20260627,10,0.018127167131751776,-0.00031419843435287476,-0.00031419843435287476,inner_val_top_5pct_lift_delta_vs_frozen_ar,0.002210332779213786,0.11907998472452164,0.593381404876709,true_train_and_true_inner_val_selection
residual_future_max_delta_rows_4_10,continuous,short_temporal_conv_residual,diagnostics_only_residual,20260627,11,0.018067431403324008,0.0001573413610458374,0.0001573413610458374,inner_val_top_5pct_lift_delta_vs_frozen_ar,0.00221622153185308,0.11488058418035507,0.5759453773498535,true_train_and_true_inner_val_selection
residual_future_max_delta_rows_4_10,continuous,short_temporal_conv_residual,diagnostics_only_residual,20260627,12,0.01816080289427191,-0.0004198700189590454,-0.0004198700189590454,inner_val_top_5pct_lift_delta_vs_frozen_ar,0.002222344046458602,0.1102646142244339,0.5561450123786926,true_train_and_true_inner_val_selection
residual_future_max_delta_rows_4_10,continuous,short_temporal_conv_residual,diagnostics_only_residual,20260627,13,0.018103708396665752,-0.00021529942750930786,-0.00021529942750930786,inner_val_top_5pct_lift_delta_vs_frozen_ar,0.002227182500064373,0.11987961083650589,0.6125771999359131,true_train_and_true_inner_val_selection
residual_future_max_delta_rows_4_10,continuous,short_temporal_conv_residual,diagnostics_only_residual,20260627,14,0.018198188045062125,0.000218905508518219,0.000218905508518219,inner_val_top_5pct_lift_delta_vs_frozen_ar,0.0022303264122456312,0.10668139159679413,0.5498557686805725,true_train_and_true_inner_val_selection
residual_future_max_delta_rows_4_10,continuous,low_ar_confidence_temporal_residual,real_residual,20260625,1,0.01830249500926584,0.0,0.0,inner_val_top_5pct_lift_delta_vs_frozen_ar,0.0021443122532218695,0.017936119809746742,0.039202600717544556,true_train_and_true_inner_val_selection
residual_future_max_delta_rows_4_10,continuous,low_ar_confidence_temporal_residual,real_residual,20260625,2,0.01818544918205589,-9.569525718688965e-05,-9.569525718688965e-05,inner_val_top_5pct_lift_delta_vs_frozen_ar,0.002161402488127351,0.033042047172784805,0.12324976176023483,true_train_and_true_inner_val_selection
residual_future_max_delta_rows_4_10,continuous,low_ar_confidence_temporal_residual,real_residual,20260625,3,0.0182712827809155,0.00045996904373168945,0.00045996904373168945,inner_val_top_5pct_lift_delta_vs_frozen_ar,0.002201908268034458,0.09529770165681839,0.5825968384742737,true_train_and_true_inner_val_selection
residual_future_max_delta_rows_4_10,continuous,low_ar_confidence_temporal_residual,real_residual,20260625,4,0.01806810626294464,0.014138355851173401,0.014138355851173401,inner_val_top_5pct_lift_delta_vs_frozen_ar,0.0022487991955131292,0.13310149312019348,0.7993646860122681,true_train_and_true_inner_val_selection
residual_future_max_delta_rows_4_10,continuous,low_ar_confidence_temporal_residual,real_residual,20260625,5,0.017713494249619544,0.025309666991233826,0.025309666991233826,inner_val_top_5pct_lift_delta_vs_frozen_ar,0.0022845712956041098,0.09788393974304199,0.6364914774894714,true_train_and_true_inner_val_selection
residual_future_max_delta_rows_4_10,continuous,low_ar_confidence_temporal_residual,real_residual,20260625,6,0.017548631294630468,0.02627018839120865,0.02627018839120865,inner_val_top_5pct_lift_delta_vs_frozen_ar,0.0023101314436644316,0.07763170450925827,0.48920461535453796,true_train_and_true_inner_val_selection
residual_future_max_delta_rows_4_10,continuous,low_ar_confidence_temporal_residual,real_residual,20260625,7,0.017639486584812403,0.027039408683776855,0.027039408683776855,inner_val_top_5pct_lift_delta_vs_frozen_ar,0.0023212763480842113,0.08245864510536194,0.5293691158294678,true_train_and_true_inner_val_selection
residual_future_max_delta_rows_4_10,continuous,low_ar_confidence_temporal_residual,real_residual,20260625,8,0.017410492291674018,0.026375360786914825,0.026375360786914825,inner_val_top_5pct_lift_delta_vs_frozen_ar,0.002330948831513524,0.09067659080028534,0.5898821353912354,true_train_and_true_inner_val_selection
residual_future_max_delta_rows_4_10,continuous,low_ar_confidence_temporal_residual,real_residual,20260625,9,0.017379777040332556,0.027006521821022034,0.027006521821022034,inner_val_top_5pct_lift_delta_vs_frozen_ar,0.002343477914109826,0.09346133470535278,0.6073997020721436,true_train_and_true_inner_val_selection
residual_future_max_delta_rows_4_10,continuous,low_ar_confidence_temporal_residual,real_residual,20260625,10,0.017362338840030134,0.0270998477935791,0.0270998477935791,inner_val_top_5pct_lift_delta_vs_frozen_ar,0.002358685713261366,0.0990852490067482,0.6433720588684082,true_train_and_true_inner_val_selection
residual_future_max_delta_rows_4_10,continuous,low_ar_confidence_temporal_residual,real_residual,20260625,11,0.01732839981559664,0.02334260195493698,0.02334260195493698,inner_val_top_5pct_lift_delta_vs_frozen_ar,0.0023742439225316048,0.10474877804517746,0.6825535893440247,true_train_and_true_inner_val_selection
residual_future_max_delta_rows_4_10,continuous,low_ar_confidence_temporal_residual,real_residual,20260625,12,0.01728789694607258,0.02094186842441559,0.02094186842441559,inner_val_top_5pct_lift_delta_vs_frozen_ar,0.0023895727936178446,0.11153610795736313,0.7198129892349243,true_train_and_true_inner_val_selection
residual_future_max_delta_rows_4_10,continuous,low_ar_confidence_temporal_residual,real_residual,20260625,13,0.017302203690633178,0.021993964910507202,0.021993964910507202,inner_val_top_5pct_lift_delta_vs_frozen_ar,0.002403796184808016,0.11693458259105682,0.7518338561058044,true_train_and_true_inner_val_selection
residual_future_max_delta_rows_4_10,continuous,low_ar_confidence_temporal_residual,real_residual,20260625,14,0.017067937995307148,0.020721808075904846,0.020721808075904846,inner_val_top_5pct_lift_delta_vs_frozen_ar,0.0024184805806726217,0.12256091088056564,0.7791414856910706,true_train_and_true_inner_val_selection
residual_future_max_delta_rows_4_10,continuous,low_ar_confidence_temporal_residual,real_residual,20260625,15,0.017048089182935655,0.018946319818496704,0.018946319818496704,inner_val_top_5pct_lift_delta_vs_frozen_ar,0.0024341633543372154,0.12762878835201263,0.8040069937705994,true_train_and_true_inner_val_selection
residual_future_max_delta_rows_4_10,continuous,low_ar_confidence_temporal_residual,real_residual,20260625,16,0.017007320187985897,0.01495826244354248,0.01495826244354248,inner_val_top_5pct_lift_delta_vs_frozen_ar,0.002451126929372549,0.13300372660160065,0.8248944282531738,true_train_and_true_inner_val_selection
residual_future_max_delta_rows_4_10,continuous,low_ar_confidence_temporal_residual,real_residual,20260625,17,0.016999829676933587,0.015455789864063263,0.015455789864063263,inner_val_top_5pct_lift_delta_vs_frozen_ar,0.0024670360144227743,0.1388702094554901,0.8489168286323547,true_train_and_true_inner_val_selection
residual_future_max_delta_rows_4_10,continuous,low_ar_confidence_temporal_residual,real_residual,20260625,18,0.016909739817492664,0.015426240861415863,0.015426240861415863,inner_val_top_5pct_lift_delta_vs_frozen_ar,0.0024834161158651114,0.14413325488567352,0.8671002984046936,true_train_and_true_inner_val_selection
residual_future_max_delta_rows_4_10,continuous,low_ar_confidence_temporal_residual,shuffled_pca_residual,20260625,1,0.018323428579606116,1.3634562492370605e-06,1.3634562492370605e-06,inner_val_top_5pct_lift_delta_vs_frozen_ar,0.002142667304724455,0.018611138686537743,0.04204711318016052,true_train_and_true_inner_val_selection
residual_future_max_delta_rows_4_10,continuous,low_ar_confidence_temporal_residual,shuffled_pca_residual,20260625,2,0.018240913399495184,1.3709068298339844e-06,1.3709068298339844e-06,inner_val_top_5pct_lift_delta_vs_frozen_ar,0.0021500701550394297,0.029196616262197495,0.10440613329410553,true_train_and_true_inner_val_selection
residual_future_max_delta_rows_4_10,continuous,low_ar_confidence_temporal_residual,shuffled_pca_residual,20260625,3,0.01831482641864568,0.00037989020347595215,0.00037989020347595215,inner_val_top_5pct_lift_delta_vs_frozen_ar,0.0021908963099122047,0.08312886953353882,0.4605199992656708,true_train_and_true_inner_val_selection
residual_future_max_delta_rows_4_10,continuous,low_ar_confidence_temporal_residual,shuffled_pca_residual,20260625,4,0.018169831717386842,-0.00063353031873703,-0.00063353031873703,inner_val_top_5pct_lift_delta_vs_frozen_ar,0.0022362726740539074,0.15267744660377502,0.8195928335189819,true_train_and_true_inner_val_selection
residual_future_max_delta_rows_4_10,continuous,low_ar_confidence_temporal_residual,shuffled_pca_residual,20260625,5,0.018090084078721702,-0.0002144649624824524,-0.0002144649624824524,inner_val_top_5pct_lift_delta_vs_frozen_ar,0.002252433681860566,0.1711016446352005,0.8599234223365784,true_train_and_true_inner_val_selection
residual_future_max_delta_rows_4_10,continuous,low_ar_confidence_temporal_residual,shuffled_pca_residual,20260625,6,0.01809176173992455,-2.793222665786743e-05,-2.793222665786743e-05,inner_val_top_5pct_lift_delta_vs_frozen_ar,0.002258614171296358,0.16518834233283997,0.8468565940856934,true_train_and_true_inner_val_selection
residual_future_max_delta_rows_4_10,continuous,low_ar_confidence_temporal_residual,shuffled_pca_residual,20260625,7,0.017952650669030845,-0.001844555139541626,-0.001844555139541626,inner_val_top_5pct_lift_delta_vs_frozen_ar,0.0022760513238608837,0.16092108190059662,0.8390060067176819,true_train_and_true_inner_val_selection
residual_future_max_delta_rows_4_10,continuous,low_ar_confidence_temporal_residual,shuffled_pca_residual,20260625,8,0.018029922852292657,-0.0027048438787460327,-0.0027048438787460327,inner_val_top_5pct_lift_delta_vs_frozen_ar,0.0022944158408790827,0.16187994182109833,0.8469412922859192,true_train_and_true_inner_val_selection
residual_future_max_delta_rows_4_10,continuous,low_ar_confidence_temporal_residual,shuffled_pca_residual,20260625,9,0.018070609192363918,-0.0059927403926849365,-0.0059927403926849365,inner_val_top_5pct_lift_delta_vs_frozen_ar,0.002318551065400243,0.16886578500270844,0.8686334490776062,true_train_and_true_inner_val_selection
residual_future_max_delta_rows_4_10,continuous,low_ar_confidence_temporal_residual,shuffled_pca_residual,20260625,10,0.017970065237022936,-0.007195211946964264,-0.007195211946964264,inner_val_top_5pct_lift_delta_vs_frozen_ar,0.002347125904634595,0.17650191485881805,0.888526439666748,true_train_and_true_inner_val_selection
residual_future_max_delta_rows_4_10,continuous,low_ar_confidence_temporal_residual,shuffled_pca_residual,20260625,11,0.01787109801080078,-0.007626108825206757,-0.007626108825206757,inner_val_top_5pct_lift_delta_vs_frozen_ar,0.002373842289671302,0.18185704946517944,0.9013381600379944,true_train_and_true_inner_val_selection
residual_future_max_delta_rows_4_10,continuous,low_ar_confidence_temporal_residual,random_pca_residual,20260625,1,0.018337579094804823,1.3709068298339844e-06,1.3709068298339844e-06,inner_val_top_5pct_lift_delta_vs_frozen_ar,0.0021430968772619963,0.01846732199192047,0.04087181016802788,true_train_and_true_inner_val_selection
residual_future_max_delta_rows_4_10,continuous,low_ar_confidence_temporal_residual,random_pca_residual,20260625,2,0.01831879955716431,1.3709068298339844e-06,1.3709068298339844e-06,inner_val_top_5pct_lift_delta_vs_frozen_ar,0.0021526797208935022,0.02768457867205143,0.0953415110707283,true_train_and_true_inner_val_selection
residual_future_max_delta_rows_4_10,continuous,low_ar_confidence_temporal_residual,random_pca_residual,20260625,3,0.018271283828653395,-0.00039921700954437256,-0.00039921700954437256,inner_val_top_5pct_lift_delta_vs_frozen_ar,0.0021902527660131454,0.0777650699019432,0.4245418310165405,true_train_and_true_inner_val_selection
residual_future_max_delta_rows_4_10,continuous,low_ar_confidence_temporal_residual,random_pca_residual,20260625,4,0.018242135411128402,-0.002802155911922455,-0.002802155911922455,inner_val_top_5pct_lift_delta_vs_frozen_ar,0.0022375076077878475,0.15068131685256958,0.8170653581619263,true_train_and_true_inner_val_selection
residual_future_max_delta_rows_4_10,continuous,low_ar_confidence_temporal_residual,random_pca_residual,20260625,5,0.0181107654934749,0.0013018175959587097,0.0013018175959587097,inner_val_top_5pct_lift_delta_vs_frozen_ar,0.002254968974739313,0.17870424687862396,0.8795109987258911,true_train_and_true_inner_val_selection
residual_future_max_delta_rows_4_10,continuous,low_ar_confidence_temporal_residual,random_pca_residual,20260625,6,0.018102443893440068,0.001757010817527771,0.001757010817527771,inner_val_top_5pct_lift_delta_vs_frozen_ar,0.0022596996277570724,0.17597080767154694,0.8746034502983093,true_train_and_true_inner_val_selection
residual_future_max_delta_rows_4_10,continuous,low_ar_confidence_temporal_residual,random_pca_residual,20260625,7,0.018139945226721466,0.0009361580014228821,0.0009361580014228821,inner_val_top_5pct_lift_delta_vs_frozen_ar,0.0022731402423232794,0.1749807596206665,0.8739832043647766,true_train_and_true_inner_val_selection
residual_future_max_delta_rows_4_10,continuous,low_ar_confidence_temporal_residual,random_pca_residual,20260625,8,0.018095423001796007,-0.0017346292734146118,-0.0017346292734146118,inner_val_top_5pct_lift_delta_vs_frozen_ar,0.002290592761710286,0.1744430810213089,0.8785631060600281,true_train_and_true_inner_val_selection
residual_future_max_delta_rows_4_10,continuous,low_ar_confidence_temporal_residual,random_pca_residual,20260625,9,0.01793950831051916,-0.007371105253696442,-0.007371105253696442,inner_val_top_5pct_lift_delta_vs_frozen_ar,0.0023146376479417086,0.18075640499591827,0.892031729221344,true_train_and_true_inner_val_selection
residual_future_max_delta_rows_4_10,continuous,low_ar_confidence_temporal_residual,random_pca_residual,20260625,10,0.017914658528752625,-0.00821751356124878,-0.00821751356124878,inner_val_top_5pct_lift_delta_vs_frozen_ar,0.0023405887186527252,0.1883317232131958,0.9091278910636902,true_train_and_true_inner_val_selection
residual_future_max_delta_rows_4_10,continuous,low_ar_confidence_temporal_residual,random_pca_residual,20260625,11,0.01789114298298955,-0.008572608232498169,-0.008572608232498169,inner_val_top_5pct_lift_delta_vs_frozen_ar,0.0023682101164013147,0.19761428236961365,0.9236738681793213,true_train_and_true_inner_val_selection
residual_future_max_delta_rows_4_10,continuous,low_ar_confidence_temporal_residual,random_pca_residual,20260625,12,0.0177946345647797,-0.007706537842750549,-0.007706537842750549,inner_val_top_5pct_lift_delta_vs_frozen_ar,0.0023956173099577427,0.2028895616531372,0.9319218993186951,true_train_and_true_inner_val_selection
residual_future_max_delta_rows_4_10,continuous,low_ar_confidence_temporal_residual,random_pca_residual,20260625,13,0.01767615752760321,-0.00973367691040039,-0.00973367691040039,inner_val_top_5pct_lift_delta_vs_frozen_ar,0.0024211634881794453,0.20762382447719574,0.9381955862045288,true_train_and_true_inner_val_selection
residual_future_max_delta_rows_4_10,continuous,low_ar_confidence_temporal_residual,random_pca_residual,20260625,14,0.017606647219508886,-0.0074379295110702515,-0.0074379295110702515,inner_val_top_5pct_lift_delta_vs_frozen_ar,0.0024490600917488337,0.2134251594543457,0.9440620541572571,true_train_and_true_inner_val_selection
residual_future_max_delta_rows_4_10,continuous,low_ar_confidence_temporal_residual,label_permutation_residual,20260625,1,0.01981758081819862,2.3283064365386963e-10,2.3283064365386963e-10,inner_val_top_5pct_lift_delta_vs_frozen_ar,0.0021437956020236015,0.017588265240192413,0.03691823408007622,permuted_train_and_permuted_inner_val_selection
residual_future_max_delta_rows_4_10,continuous,low_ar_confidence_temporal_residual,label_permutation_residual,20260625,2,0.019827829324640334,2.3283064365386963e-10,2.3283064365386963e-10,inner_val_top_5pct_lift_delta_vs_frozen_ar,0.002152954926714301,0.019367404282093048,0.04759306088089943,permuted_train_and_permuted_inner_val_selection
residual_future_max_delta_rows_4_10,continuous,low_ar_confidence_temporal_residual,label_permutation_residual,20260625,3,0.019853138364851475,6.984919309616089e-10,6.984919309616089e-10,inner_val_top_5pct_lift_delta_vs_frozen_ar,0.002175966976210475,0.032416872680187225,0.11507292836904526,permuted_train_and_permuted_inner_val_selection
residual_future_max_delta_rows_4_10,continuous,low_ar_confidence_temporal_residual,label_permutation_residual,20260625,4,0.019770930986851454,3.590993583202362e-05,3.590993583202362e-05,inner_val_top_5pct_lift_delta_vs_frozen_ar,0.0022121567744761705,0.07455093413591385,0.4180596172809601,permuted_train_and_permuted_inner_val_selection
residual_future_max_delta_rows_4_10,continuous,low_ar_confidence_temporal_residual,label_permutation_residual,20260625,5,0.019848005147650838,9.01506282389164e-05,9.01506282389164e-05,inner_val_top_5pct_lift_delta_vs_frozen_ar,0.002247367985546589,0.12139518558979034,0.7275632619857788,permuted_train_and_permuted_inner_val_selection
residual_future_max_delta_rows_4_10,continuous,low_ar_confidence_temporal_residual,label_permutation_residual,20260625,6,0.019789449172094464,-0.0002469625324010849,-0.0002469625324010849,inner_val_top_5pct_lift_delta_vs_frozen_ar,0.0022566611878573895,0.1389860212802887,0.7933555245399475,permuted_train_and_permuted_inner_val_selection
residual_future_max_delta_rows_4_10,continuous,low_ar_confidence_temporal_residual,label_permutation_residual,20260625,7,0.019763487856835127,-0.001713429344817996,-0.001713429344817996,inner_val_top_5pct_lift_delta_vs_frozen_ar,0.002267350209876895,0.14871187508106232,0.8157549500465393,permuted_train_and_permuted_inner_val_selection
residual_future_max_delta_rows_4_10,continuous,low_ar_confidence_temporal_residual,label_permutation_residual,20260625,8,0.019765074364840984,-0.0024005549494177103,-0.0024005549494177103,inner_val_top_5pct_lift_delta_vs_frozen_ar,0.002281294437125325,0.15379028022289276,0.8278293013572693,permuted_train_and_permuted_inner_val_selection
residual_future_max_delta_rows_4_10,continuous,low_ar_confidence_temporal_residual,label_permutation_residual,20260625,9,0.019653998548164964,-0.0020996613893657923,-0.0020996613893657923,inner_val_top_5pct_lift_delta_vs_frozen_ar,0.0022934277076274157,0.15598802268505096,0.8318318128585815,permuted_train_and_permuted_inner_val_selection
residual_future_max_delta_rows_4_10,continuous,low_ar_confidence_temporal_residual,label_permutation_residual,20260625,10,0.019621819141320884,-0.0019637744408100843,-0.0019637744408100843,inner_val_top_5pct_lift_delta_vs_frozen_ar,0.0023063647095113993,0.1592891663312912,0.8373761177062988,permuted_train_and_permuted_inner_val_selection
residual_future_max_delta_rows_4_10,continuous,low_ar_confidence_temporal_residual,label_permutation_residual,20260625,11,0.01971895305905491,-0.002606050344184041,-0.002606050344184041,inner_val_top_5pct_lift_delta_vs_frozen_ar,0.002322860760614276,0.1662132441997528,0.8480488657951355,permuted_train_and_permuted_inner_val_selection
residual_future_max_delta_rows_4_10,continuous,low_ar_confidence_temporal_residual,label_permutation_residual,20260625,12,0.019663505256175995,-0.002949770772829652,-0.002949770772829652,inner_val_top_5pct_lift_delta_vs_frozen_ar,0.0023374862503260374,0.16990165412425995,0.8524919152259827,permuted_train_and_permuted_inner_val_selection
residual_future_max_delta_rows_4_10,continuous,low_ar_confidence_temporal_residual,label_permutation_residual,20260625,13,0.01955829549115151,-0.003355814842507243,-0.003355814842507243,inner_val_top_5pct_lift_delta_vs_frozen_ar,0.0023562212008982897,0.17410114407539368,0.8579596281051636,permuted_train_and_permuted_inner_val_selection
residual_future_max_delta_rows_4_10,continuous,low_ar_confidence_temporal_residual,train_only_video_mean_residual,20260625,1,0.01830398489255458,1.3709068298339844e-06,1.3709068298339844e-06,inner_val_top_5pct_lift_delta_vs_frozen_ar,0.0021609612740576267,0.016866976395249367,0.028547311201691628,true_train_and_true_inner_val_selection
residual_future_max_delta_rows_4_10,continuous,low_ar_confidence_temporal_residual,train_only_video_mean_residual,20260625,2,0.018274011905305088,1.3634562492370605e-06,1.3634562492370605e-06,inner_val_top_5pct_lift_delta_vs_frozen_ar,0.002184889279305935,0.025341898202896118,0.08211516588926315,true_train_and_true_inner_val_selection
residual_future_max_delta_rows_4_10,continuous,low_ar_confidence_temporal_residual,train_only_video_mean_residual,20260625,3,0.01836061815265566,0.0005769729614257812,0.0005769729614257812,inner_val_top_5pct_lift_delta_vs_frozen_ar,0.00221824087202549,0.08251813799142838,0.47487112879753113,true_train_and_true_inner_val_selection
residual_future_max_delta_rows_4_10,continuous,low_ar_confidence_temporal_residual,train_only_video_mean_residual,20260625,4,0.01821130618918687,-0.001032218337059021,-0.001032218337059021,inner_val_top_5pct_lift_delta_vs_frozen_ar,0.0022634367924183607,0.15422160923480988,0.839562714099884,true_train_and_true_inner_val_selection
residual_future_max_delta_rows_4_10,continuous,low_ar_confidence_temporal_residual,train_only_video_mean_residual,20260625,5,0.018104558694176376,-0.0007922053337097168,-0.0007922053337097168,inner_val_top_5pct_lift_delta_vs_frozen_ar,0.0022753835655748844,0.17573848366737366,0.8926447033882141,true_train_and_true_inner_val_selection
residual_future_max_delta_rows_4_10,continuous,low_ar_confidence_temporal_residual,train_only_video_mean_residual,20260625,6,0.017926064552739263,-0.0003467872738838196,-0.0003467872738838196,inner_val_top_5pct_lift_delta_vs_frozen_ar,0.002287947339937091,0.1825246661901474,0.9085990786552429,true_train_and_true_inner_val_selection
residual_future_max_delta_rows_4_10,continuous,low_ar_confidence_temporal_residual,train_only_video_mean_residual,20260625,7,0.017857681843452156,-0.0012566447257995605,-0.0012566447257995605,inner_val_top_5pct_lift_delta_vs_frozen_ar,0.0023056776262819767,0.18663780391216278,0.9165764451026917,true_train_and_true_inner_val_selection
residual_future_max_delta_rows_4_10,continuous,low_ar_confidence_temporal_residual,train_only_video_mean_residual,20260625,8,0.017805663286708295,-0.00484023243188858,-0.00484023243188858,inner_val_top_5pct_lift_delta_vs_frozen_ar,0.0023268561344593763,0.1959424763917923,0.9273653030395508,true_train_and_true_inner_val_selection
residual_future_max_delta_rows_4_10,continuous,low_ar_confidence_temporal_residual,train_only_video_mean_residual,20260625,9,0.017749517341144383,-0.005527123808860779,-0.005527123808860779,inner_val_top_5pct_lift_delta_vs_frozen_ar,0.0023506684228777885,0.20917749404907227,0.9372958540916443,true_train_and_true_inner_val_selection
residual_future_max_delta_rows_4_10,continuous,low_ar_confidence_temporal_residual,train_only_video_mean_residual,20260625,10,0.01772017532493919,-0.001201912760734558,-0.001201912760734558,inner_val_top_5pct_lift_delta_vs_frozen_ar,0.002376570599153638,0.22554847598075867,0.9457101821899414,true_train_and_true_inner_val_selection
residual_future_max_delta_rows_4_10,continuous,low_ar_confidence_temporal_residual,train_only_video_mean_residual,20260625,11,0.0176910167792812,-0.0016250014305114746,-0.0016250014305114746,inner_val_top_5pct_lift_delta_vs_frozen_ar,0.002403664169833064,0.242659330368042,0.9539721608161926,true_train_and_true_inner_val_selection
residual_future_max_delta_rows_4_10,continuous,low_ar_confidence_temporal_residual,diagnostics_only_residual,20260625,1,0.01828335493337363,-7.450580596923828e-09,-7.450580596923828e-09,inner_val_top_5pct_lift_delta_vs_frozen_ar,0.0021523579489439726,0.02108200639486313,0.055773116648197174,true_train_and_true_inner_val_selection
residual_future_max_delta_rows_4_10,continuous,low_ar_confidence_temporal_residual,diagnostics_only_residual,20260625,2,0.018248691922053695,-0.0009920671582221985,-0.0009920671582221985,inner_val_top_5pct_lift_delta_vs_frozen_ar,0.0021843218710273504,0.05624036863446236,0.2768200933933258,true_train_and_true_inner_val_selection
residual_future_max_delta_rows_4_10,continuous,low_ar_confidence_temporal_residual,diagnostics_only_residual,20260625,3,0.018249914166517556,-0.0023667067289352417,-0.0023667067289352417,inner_val_top_5pct_lift_delta_vs_frozen_ar,0.002230179961770773,0.13085493445396423,0.7489719986915588,true_train_and_true_inner_val_selection
residual_future_max_delta_rows_4_10,continuous,low_ar_confidence_temporal_residual,diagnostics_only_residual,20260625,4,0.018142552697099745,0.0004926696419715881,0.0004926696419715881,inner_val_top_5pct_lift_delta_vs_frozen_ar,0.0022587745916098356,0.17749324440956116,0.8821299076080322,true_train_and_true_inner_val_selection
residual_future_max_delta_rows_4_10,continuous,low_ar_confidence_temporal_residual,diagnostics_only_residual,20260625,5,0.01819859934039414,0.003187134861946106,0.003187134861946106,inner_val_top_5pct_lift_delta_vs_frozen_ar,0.0022597883362323046,0.19323761761188507,0.9034048318862915,true_train_and_true_inner_val_selection
residual_future_max_delta_rows_4_10,continuous,low_ar_confidence_temporal_residual,diagnostics_only_residual,20260625,6,0.018102228990755975,0.004396162927150726,0.004396162927150726,inner_val_top_5pct_lift_delta_vs_frozen_ar,0.0022650479804724455,0.20010285079479218,0.9129073023796082,true_train_and_true_inner_val_selection
residual_future_max_delta_rows_4_10,continuous,low_ar_confidence_temporal_residual,diagnostics_only_residual,20260625,7,0.018178999889642,0.004900090396404266,0.004900090396404266,inner_val_top_5pct_lift_delta_vs_frozen_ar,0.0022732822690159082,0.20581361651420593,0.9207597374916077,true_train_and_true_inner_val_selection
residual_future_max_delta_rows_4_10,continuous,low_ar_confidence_temporal_residual,diagnostics_only_residual,20260625,8,0.018138953484594822,0.0049981772899627686,0.0049981772899627686,inner_val_top_5pct_lift_delta_vs_frozen_ar,0.0022845000494271517,0.21202346682548523,0.9280117154121399,true_train_and_true_inner_val_selection
residual_future_max_delta_rows_4_10,continuous,low_ar_confidence_temporal_residual,diagnostics_only_residual,20260625,9,0.018068223376758397,0.006631478667259216,0.006631478667259216,inner_val_top_5pct_lift_delta_vs_frozen_ar,0.00229642610065639,0.21753813326358795,0.9341092705726624,true_train_and_true_inner_val_selection
residual_future_max_delta_rows_4_10,continuous,low_ar_confidence_temporal_residual,diagnostics_only_residual,20260625,10,0.01804261840879917,0.0054587721824646,0.0054587721824646,inner_val_top_5pct_lift_delta_vs_frozen_ar,0.002307622693479061,0.2240411341190338,0.9396023154258728,true_train_and_true_inner_val_selection
residual_future_max_delta_rows_4_10,continuous,low_ar_confidence_temporal_residual,diagnostics_only_residual,20260625,11,0.018044614349491894,0.007228165864944458,0.007228165864944458,inner_val_top_5pct_lift_delta_vs_frozen_ar,0.002326419111341238,0.23153582215309143,0.9447487592697144,true_train_and_true_inner_val_selection
residual_future_max_delta_rows_4_10,continuous,low_ar_confidence_temporal_residual,diagnostics_only_residual,20260625,12,0.018040397437289357,0.008199192583560944,0.008199192583560944,inner_val_top_5pct_lift_delta_vs_frozen_ar,0.0023428555577993393,0.23776376247406006,0.9491089582443237,true_train_and_true_inner_val_selection
residual_future_max_delta_rows_4_10,continuous,low_ar_confidence_temporal_residual,diagnostics_only_residual,20260625,13,0.018080394132994115,0.010150663554668427,0.010150663554668427,inner_val_top_5pct_lift_delta_vs_frozen_ar,0.0023580172564834356,0.24336113035678864,0.9525381326675415,true_train_and_true_inner_val_selection
residual_future_max_delta_rows_4_10,continuous,low_ar_confidence_temporal_residual,diagnostics_only_residual,20260625,14,0.017998079769313335,0.012111596763134003,0.012111596763134003,inner_val_top_5pct_lift_delta_vs_frozen_ar,0.002375228563323617,0.24827370047569275,0.955874502658844,true_train_and_true_inner_val_selection
residual_future_max_delta_rows_4_10,continuous,low_ar_confidence_temporal_residual,diagnostics_only_residual,20260625,15,0.017922992235980928,0.013081297278404236,0.013081297278404236,inner_val_top_5pct_lift_delta_vs_frozen_ar,0.0023898077197372913,0.25256121158599854,0.9589824676513672,true_train_and_true_inner_val_selection
residual_future_max_delta_rows_4_10,continuous,low_ar_confidence_temporal_residual,diagnostics_only_residual,20260625,16,0.017964197555556893,0.013999730348587036,0.013999730348587036,inner_val_top_5pct_lift_delta_vs_frozen_ar,0.0024066304322332144,0.25788414478302,0.9620788097381592,true_train_and_true_inner_val_selection
residual_future_max_delta_rows_4_10,continuous,low_ar_confidence_temporal_residual,diagnostics_only_residual,20260625,17,0.017896615085192025,0.015454307198524475,0.015454307198524475,inner_val_top_5pct_lift_delta_vs_frozen_ar,0.0024220289196819067,0.2613103687763214,0.964042067527771,true_train_and_true_inner_val_selection
residual_future_max_delta_rows_4_10,continuous,low_ar_confidence_temporal_residual,diagnostics_only_residual,20260625,18,0.01801252900622785,0.015953898429870605,0.015953898429870605,inner_val_top_5pct_lift_delta_vs_frozen_ar,0.002437087008729577,0.2652129828929901,0.9660851359367371,true_train_and_true_inner_val_selection
residual_future_max_delta_rows_4_10,continuous,low_ar_confidence_temporal_residual,diagnostics_only_residual,20260625,19,0.017844713060185313,0.014694415032863617,0.014694415032863617,inner_val_top_5pct_lift_delta_vs_frozen_ar,0.0024522722233086824,0.26834824681282043,0.9678760170936584,true_train_and_true_inner_val_selection
residual_future_max_delta_rows_4_10,continuous,low_ar_confidence_temporal_residual,diagnostics_only_residual,20260625,20,0.017922483501024544,0.014720231294631958,0.014720231294631958,inner_val_top_5pct_lift_delta_vs_frozen_ar,0.0024670676793903112,0.270568311214447,0.9693793654441833,true_train_and_true_inner_val_selection
residual_future_max_delta_rows_4_10,continuous,low_ar_confidence_temporal_residual,diagnostics_only_residual,20260625,21,0.017882690532132983,0.015690691769123077,0.015690691769123077,inner_val_top_5pct_lift_delta_vs_frozen_ar,0.0024833339266479015,0.2736606299877167,0.9708778858184814,true_train_and_true_inner_val_selection
residual_future_max_delta_rows_4_10,continuous,low_ar_confidence_temporal_residual,diagnostics_only_residual,20260625,22,0.017887481721118093,0.01507403701543808,0.01507403701543808,inner_val_top_5pct_lift_delta_vs_frozen_ar,0.0024959638249129057,0.27614477276802063,0.9722407460212708,true_train_and_true_inner_val_selection
residual_future_max_delta_rows_4_10,continuous,low_ar_confidence_temporal_residual,diagnostics_only_residual,20260625,23,0.017852772725746036,0.01622059941291809,0.01622059941291809,inner_val_top_5pct_lift_delta_vs_frozen_ar,0.002511605154722929,0.27863290905952454,0.9735491871833801,true_train_and_true_inner_val_selection
residual_future_max_delta_rows_4_10,continuous,low_ar_confidence_temporal_residual,diagnostics_only_residual,20260625,24,0.017883947701193392,0.01455380767583847,0.01455380767583847,inner_val_top_5pct_lift_delta_vs_frozen_ar,0.0025226413272321224,0.2805209457874298,0.9747000336647034,true_train_and_true_inner_val_selection
residual_future_max_delta_rows_4_10,continuous,low_ar_confidence_temporal_residual,diagnostics_only_residual,20260625,25,0.01780560682527721,0.014365695416927338,0.014365695416927338,inner_val_top_5pct_lift_delta_vs_frozen_ar,0.0025355922989547253,0.2831079661846161,0.9758103489875793,true_train_and_true_inner_val_selection
residual_future_max_delta_rows_4_10,continuous,low_ar_confidence_temporal_residual,diagnostics_only_residual,20260625,26,0.017842873698100448,0.016037747263908386,0.016037747263908386,inner_val_top_5pct_lift_delta_vs_frozen_ar,0.002547884825617075,0.28491753339767456,0.9767011404037476,true_train_and_true_inner_val_selection
residual_future_max_delta_rows_4_10,continuous,low_ar_confidence_temporal_residual,diagnostics_only_residual,20260625,27,0.01792303624097258,0.013971738517284393,0.013971738517284393,inner_val_top_5pct_lift_delta_vs_frozen_ar,0.002559868386015296,0.2865317761898041,0.9774847030639648,true_train_and_true_inner_val_selection
residual_future_max_delta_rows_4_10,continuous,low_ar_confidence_temporal_residual,diagnostics_only_residual,20260625,28,0.01779271278064698,0.01431286334991455,0.01431286334991455,inner_val_top_5pct_lift_delta_vs_frozen_ar,0.002568594180047512,0.28816309571266174,0.9784427285194397,true_train_and_true_inner_val_selection
residual_future_max_delta_rows_4_10,continuous,low_ar_confidence_temporal_residual,diagnostics_only_residual,20260625,29,0.017944946070201695,0.015032701194286346,0.015032701194286346,inner_val_top_5pct_lift_delta_vs_frozen_ar,0.0025794045068323612,0.28973305225372314,0.979280948638916,true_train_and_true_inner_val_selection
residual_future_max_delta_rows_4_10,continuous,low_ar_confidence_temporal_residual,diagnostics_only_residual,20260625,30,0.01784639712423086,0.014787837862968445,0.014787837862968445,inner_val_top_5pct_lift_delta_vs_frozen_ar,0.0025917482562363148,0.29133549332618713,0.9800556302070618,true_train_and_true_inner_val_selection
residual_future_max_delta_rows_4_10,continuous,low_ar_confidence_temporal_residual,diagnostics_only_residual,20260625,31,0.01778280735015869,0.014648452401161194,0.014648452401161194,inner_val_top_5pct_lift_delta_vs_frozen_ar,0.0026022507809102535,0.2926442325115204,0.9807408452033997,true_train_and_true_inner_val_selection
residual_future_max_delta_rows_4_10,continuous,low_ar_confidence_temporal_residual,real_residual,20260626,1,0.018205181462690234,7.450580596923828e-09,7.450580596923828e-09,inner_val_top_5pct_lift_delta_vs_frozen_ar,0.0021462023723870516,0.004510572180151939,0.010445564985275269,true_train_and_true_inner_val_selection
residual_future_max_delta_rows_4_10,continuous,low_ar_confidence_temporal_residual,real_residual,20260626,2,0.018263075966387987,7.450580596923828e-09,7.450580596923828e-09,inner_val_top_5pct_lift_delta_vs_frozen_ar,0.002144669881090522,0.0057639325968921185,0.017140232026576996,true_train_and_true_inner_val_selection
residual_future_max_delta_rows_4_10,continuous,low_ar_confidence_temporal_residual,real_residual,20260626,3,0.01813978946302086,7.450580596923828e-09,7.450580596923828e-09,inner_val_top_5pct_lift_delta_vs_frozen_ar,0.0021763246040791273,0.014681920409202576,0.07068651169538498,true_train_and_true_inner_val_selection
residual_future_max_delta_rows_4_10,continuous,low_ar_confidence_temporal_residual,real_residual,20260626,4,0.01819599373266101,0.00013686716556549072,0.00013686716556549072,inner_val_top_5pct_lift_delta_vs_frozen_ar,0.002222707960754633,0.036488741636276245,0.23005664348602295,true_train_and_true_inner_val_selection
residual_future_max_delta_rows_4_10,continuous,low_ar_confidence_temporal_residual,real_residual,20260626,5,0.018035088083706796,0.0015438273549079895,0.0015438273549079895,inner_val_top_5pct_lift_delta_vs_frozen_ar,0.002272397745400667,0.05459601804614067,0.29989093542099,true_train_and_true_inner_val_selection
residual_future_max_delta_rows_4_10,continuous,low_ar_confidence_temporal_residual,real_residual,20260626,6,0.017915895907208323,0.014979951083660126,0.014979951083660126,inner_val_top_5pct_lift_delta_vs_frozen_ar,0.002318808576092124,0.056518662720918655,0.3186939060688019,true_train_and_true_inner_val_selection
residual_future_max_delta_rows_4_10,continuous,low_ar_confidence_temporal_residual,real_residual,20260626,7,0.017653043032623827,0.02108681946992874,0.02108681946992874,inner_val_top_5pct_lift_delta_vs_frozen_ar,0.002351684495806694,0.04078386723995209,0.27087080478668213,true_train_and_true_inner_val_selection
residual_future_max_delta_rows_4_10,continuous,low_ar_confidence_temporal_residual,real_residual,20260626,8,0.017488446785137057,0.024854488670825958,0.024854488670825958,inner_val_top_5pct_lift_delta_vs_frozen_ar,0.0023802497889846563,0.033322542905807495,0.22358323633670807,true_train_and_true_inner_val_selection
residual_future_max_delta_rows_4_10,continuous,low_ar_confidence_temporal_residual,real_residual,20260626,9,0.017361247562803328,0.025342240929603577,0.025342240929603577,inner_val_top_5pct_lift_delta_vs_frozen_ar,0.0023977961391210556,0.032965268939733505,0.2200503647327423,true_train_and_true_inner_val_selection
residual_future_max_delta_rows_4_10,continuous,low_ar_confidence_temporal_residual,real_residual,20260626,10,0.01714269770309329,0.02561555802822113,0.02561555802822113,inner_val_top_5pct_lift_delta_vs_frozen_ar,0.0024084278848022223,0.0334521047770977,0.22493253648281097,true_train_and_true_inner_val_selection
residual_future_max_delta_rows_4_10,continuous,low_ar_confidence_temporal_residual,real_residual,20260626,11,0.017177008208818734,0.024060271680355072,0.024060271680355072,inner_val_top_5pct_lift_delta_vs_frozen_ar,0.002422404708340764,0.03324606642127037,0.22305573523044586,true_train_and_true_inner_val_selection
residual_future_max_delta_rows_4_10,continuous,low_ar_confidence_temporal_residual,real_residual,20260626,12,0.017162985750474036,0.02448834478855133,0.02448834478855133,inner_val_top_5pct_lift_delta_vs_frozen_ar,0.0024334019981324673,0.03264591097831726,0.2183552384376526,true_train_and_true_inner_val_selection
residual_future_max_delta_rows_4_10,continuous,low_ar_confidence_temporal_residual,real_residual,20260626,13,0.01708238827995956,0.023853078484535217,0.023853078484535217,inner_val_top_5pct_lift_delta_vs_frozen_ar,0.0024452379439026117,0.03325512260198593,0.22406558692455292,true_train_and_true_inner_val_selection
residual_future_max_delta_rows_4_10,continuous,low_ar_confidence_temporal_residual,real_residual,20260626,14,0.017017910024151206,0.022996418178081512,0.022996418178081512,inner_val_top_5pct_lift_delta_vs_frozen_ar,0.0024578277952969074,0.034769412130117416,0.23472270369529724,true_train_and_true_inner_val_selection
residual_future_max_delta_rows_4_10,continuous,low_ar_confidence_temporal_residual,real_residual,20260626,15,0.016936395317316055,0.022836320102214813,0.022836320102214813,inner_val_top_5pct_lift_delta_vs_frozen_ar,0.0024690900463610888,0.03468481823801994,0.23509763181209564,true_train_and_true_inner_val_selection
residual_future_max_delta_rows_4_10,continuous,low_ar_confidence_temporal_residual,real_residual,20260626,16,0.017024636617861688,0.020672984421253204,0.020672984421253204,inner_val_top_5pct_lift_delta_vs_frozen_ar,0.0024821246042847633,0.03525552526116371,0.23926255106925964,true_train_and_true_inner_val_selection
residual_future_max_delta_rows_4_10,continuous,low_ar_confidence_temporal_residual,real_residual,20260626,17,0.016931296209804714,0.02024562656879425,0.02024562656879425,inner_val_top_5pct_lift_delta_vs_frozen_ar,0.0024958814028650522,0.0361461341381073,0.2453695684671402,true_train_and_true_inner_val_selection
residual_future_max_delta_rows_4_10,continuous,low_ar_confidence_temporal_residual,real_residual,20260626,18,0.016942393849603832,0.019771233201026917,0.019771233201026917,inner_val_top_5pct_lift_delta_vs_frozen_ar,0.0025077909231185913,0.036455266177654266,0.24726209044456482,true_train_and_true_inner_val_selection
residual_future_max_delta_rows_4_10,continuous,low_ar_confidence_temporal_residual,shuffled_pca_residual,20260626,1,0.018212234834209085,0.0,0.0,inner_val_top_5pct_lift_delta_vs_frozen_ar,0.0021452135406434536,0.004661327227950096,0.010832833126187325,true_train_and_true_inner_val_selection
residual_future_max_delta_rows_4_10,continuous,low_ar_confidence_temporal_residual,shuffled_pca_residual,20260626,2,0.018122333334758878,0.0,0.0,inner_val_top_5pct_lift_delta_vs_frozen_ar,0.0021328164730221033,0.005541827529668808,0.015360589139163494,true_train_and_true_inner_val_selection
residual_future_max_delta_rows_4_10,continuous,low_ar_confidence_temporal_residual,shuffled_pca_residual,20260626,3,0.018183256848715246,7.450580596923828e-09,7.450580596923828e-09,inner_val_top_5pct_lift_delta_vs_frozen_ar,0.0021476701367646456,0.010423251427710056,0.04256352037191391,true_train_and_true_inner_val_selection
residual_future_max_delta_rows_4_10,continuous,low_ar_confidence_temporal_residual,shuffled_pca_residual,20260626,4,0.018140742206014693,-0.00020934641361236572,-0.00020934641361236572,inner_val_top_5pct_lift_delta_vs_frozen_ar,0.0021887177135795355,0.028341012075543404,0.1640581339597702,true_train_and_true_inner_val_selection
residual_future_max_delta_rows_4_10,continuous,low_ar_confidence_temporal_residual,shuffled_pca_residual,20260626,5,0.018068779027089477,-0.001737438142299652,-0.001737438142299652,inner_val_top_5pct_lift_delta_vs_frozen_ar,0.002237014239653945,0.05391839146614075,0.2868114411830902,true_train_and_true_inner_val_selection
residual_future_max_delta_rows_4_10,continuous,low_ar_confidence_temporal_residual,shuffled_pca_residual,20260626,6,0.018005106481723487,0.00017951428890228271,0.00017951428890228271,inner_val_top_5pct_lift_delta_vs_frozen_ar,0.002284717047587037,0.07382860034704208,0.33028268814086914,true_train_and_true_inner_val_selection
residual_future_max_delta_rows_4_10,continuous,low_ar_confidence_temporal_residual,shuffled_pca_residual,20260626,7,0.017848117102403194,-0.000668741762638092,-0.000668741762638092,inner_val_top_5pct_lift_delta_vs_frozen_ar,0.002308992436155677,0.07758728414773941,0.33277079463005066,true_train_and_true_inner_val_selection
residual_future_max_delta_rows_4_10,continuous,low_ar_confidence_temporal_residual,shuffled_pca_residual,20260626,8,0.01791965519078076,0.002090342342853546,0.002090342342853546,inner_val_top_5pct_lift_delta_vs_frozen_ar,0.0023174791131168604,0.0740448385477066,0.3212329149246216,true_train_and_true_inner_val_selection
residual_future_max_delta_rows_4_10,continuous,low_ar_confidence_temporal_residual,shuffled_pca_residual,20260626,9,0.017860130756162107,0.0021521449089050293,0.0021521449089050293,inner_val_top_5pct_lift_delta_vs_frozen_ar,0.00233029224909842,0.07095135003328323,0.31350189447402954,true_train_and_true_inner_val_selection
residual_future_max_delta_rows_4_10,continuous,low_ar_confidence_temporal_residual,shuffled_pca_residual,20260626,10,0.017900991602800786,0.0013608336448669434,0.0013608336448669434,inner_val_top_5pct_lift_delta_vs_frozen_ar,0.0023451324086636305,0.06862665712833405,0.30785858631134033,true_train_and_true_inner_val_selection
residual_future_max_delta_rows_4_10,continuous,low_ar_confidence_temporal_residual,shuffled_pca_residual,20260626,11,0.01779615692794323,-0.0006725862622261047,-0.0006725862622261047,inner_val_top_5pct_lift_delta_vs_frozen_ar,0.0023638687562197447,0.06801538914442062,0.3060150444507599,true_train_and_true_inner_val_selection
residual_future_max_delta_rows_4_10,continuous,low_ar_confidence_temporal_residual,shuffled_pca_residual,20260626,12,0.01780372124630958,-0.0004734620451927185,-0.0004734620451927185,inner_val_top_5pct_lift_delta_vs_frozen_ar,0.0023825110401958227,0.06752622872591019,0.3049834668636322,true_train_and_true_inner_val_selection
residual_future_max_delta_rows_4_10,continuous,low_ar_confidence_temporal_residual,shuffled_pca_residual,20260626,13,0.017720484756864607,-0.00360126793384552,-0.00360126793384552,inner_val_top_5pct_lift_delta_vs_frozen_ar,0.002406475367024541,0.0696016475558281,0.30991488695144653,true_train_and_true_inner_val_selection
residual_future_max_delta_rows_4_10,continuous,low_ar_confidence_temporal_residual,shuffled_pca_residual,20260626,14,0.01768307213205844,-0.006782263517379761,-0.006782263517379761,inner_val_top_5pct_lift_delta_vs_frozen_ar,0.0024319649673998356,0.0714738592505455,0.3156823515892029,true_train_and_true_inner_val_selection
residual_future_max_delta_rows_4_10,continuous,low_ar_confidence_temporal_residual,shuffled_pca_residual,20260626,15,0.017614729120396078,-0.005890980362892151,-0.005890980362892151,inner_val_top_5pct_lift_delta_vs_frozen_ar,0.002453694585710764,0.07240697741508484,0.3195647597312927,true_train_and_true_inner_val_selection
residual_future_max_delta_rows_4_10,continuous,low_ar_confidence_temporal_residual,shuffled_pca_residual,20260626,16,0.017554694088175893,-0.007069401443004608,-0.007069401443004608,inner_val_top_5pct_lift_delta_vs_frozen_ar,0.002476698951795697,0.07440701127052307,0.3249679207801819,true_train_and_true_inner_val_selection
residual_future_max_delta_rows_4_10,continuous,low_ar_confidence_temporal_residual,shuffled_pca_residual,20260626,17,0.01760935690253973,-0.007545351982116699,-0.007545351982116699,inner_val_top_5pct_lift_delta_vs_frozen_ar,0.0024989296216517687,0.07558024674654007,0.3299621045589447,true_train_and_true_inner_val_selection
residual_future_max_delta_rows_4_10,continuous,low_ar_confidence_temporal_residual,random_pca_residual,20260626,1,0.01818630809430033,0.0,0.0,inner_val_top_5pct_lift_delta_vs_frozen_ar,0.0021454175002872944,0.004723962862044573,0.011181018315255642,true_train_and_true_inner_val_selection
residual_future_max_delta_rows_4_10,continuous,low_ar_confidence_temporal_residual,random_pca_residual,20260626,2,0.01801656826864928,7.450580596923828e-09,7.450580596923828e-09,inner_val_top_5pct_lift_delta_vs_frozen_ar,0.002138303592801094,0.006027819123119116,0.017929859459400177,true_train_and_true_inner_val_selection
residual_future_max_delta_rows_4_10,continuous,low_ar_confidence_temporal_residual,random_pca_residual,20260626,3,0.018190916976891458,7.450580596923828e-09,7.450580596923828e-09,inner_val_top_5pct_lift_delta_vs_frozen_ar,0.0021592271514236927,0.012730937451124191,0.05684814229607582,true_train_and_true_inner_val_selection
residual_future_max_delta_rows_4_10,continuous,low_ar_confidence_temporal_residual,random_pca_residual,20260626,4,0.018142319517210126,-0.000834733247756958,-0.000834733247756958,inner_val_top_5pct_lift_delta_vs_frozen_ar,0.002203053794801235,0.03302909806370735,0.19606690108776093,true_train_and_true_inner_val_selection
residual_future_max_delta_rows_4_10,continuous,low_ar_confidence_temporal_residual,random_pca_residual,20260626,5,0.017997878952883184,-0.0005118697881698608,-0.0005118697881698608,inner_val_top_5pct_lift_delta_vs_frozen_ar,0.0022515649907290936,0.05734864994883537,0.2935330867767334,true_train_and_true_inner_val_selection
residual_future_max_delta_rows_4_10,continuous,low_ar_confidence_temporal_residual,random_pca_residual,20260626,6,0.01793846196960658,0.00010397285223007202,0.00010397285223007202,inner_val_top_5pct_lift_delta_vs_frozen_ar,0.0022978107444941998,0.07458256185054779,0.33055931329727173,true_train_and_true_inner_val_selection
residual_future_max_delta_rows_4_10,continuous,low_ar_confidence_temporal_residual,random_pca_residual,20260626,7,0.0179172478383407,0.0029993057250976562,0.0029993057250976562,inner_val_top_5pct_lift_delta_vs_frozen_ar,0.002316008787602186,0.07683262228965759,0.32835134863853455,true_train_and_true_inner_val_selection
residual_future_max_delta_rows_4_10,continuous,low_ar_confidence_temporal_residual,random_pca_residual,20260626,8,0.017888899776153266,0.0035111531615257263,0.0035111531615257263,inner_val_top_5pct_lift_delta_vs_frozen_ar,0.0023266426287591457,0.07396776229143143,0.3170134127140045,true_train_and_true_inner_val_selection
residual_future_max_delta_rows_4_10,continuous,low_ar_confidence_temporal_residual,random_pca_residual,20260626,9,0.017850741744041443,0.003639407455921173,0.003639407455921173,inner_val_top_5pct_lift_delta_vs_frozen_ar,0.002339571714401245,0.07113203406333923,0.3093661367893219,true_train_and_true_inner_val_selection
residual_future_max_delta_rows_4_10,continuous,low_ar_confidence_temporal_residual,random_pca_residual,20260626,10,0.01777463755570352,0.003080129623413086,0.003080129623413086,inner_val_top_5pct_lift_delta_vs_frozen_ar,0.0023557173553854227,0.06962882727384567,0.30510926246643066,true_train_and_true_inner_val_selection
residual_future_max_delta_rows_4_10,continuous,low_ar_confidence_temporal_residual,random_pca_residual,20260626,11,0.01781964860856533,0.002012409269809723,0.002012409269809723,inner_val_top_5pct_lift_delta_vs_frozen_ar,0.0023735056165605783,0.06918194890022278,0.3037004768848419,true_train_and_true_inner_val_selection
residual_future_max_delta_rows_4_10,continuous,low_ar_confidence_temporal_residual,random_pca_residual,20260626,12,0.017728063045069575,-0.00221097469329834,-0.00221097469329834,inner_val_top_5pct_lift_delta_vs_frozen_ar,0.0023944727145135403,0.07054492086172104,0.30628475546836853,true_train_and_true_inner_val_selection
residual_future_max_delta_rows_4_10,continuous,low_ar_confidence_temporal_residual,random_pca_residual,20260626,13,0.0177094783866778,-0.0007608383893966675,-0.0007608383893966675,inner_val_top_5pct_lift_delta_vs_frozen_ar,0.0024157152511179447,0.07236329466104507,0.3104676306247711,true_train_and_true_inner_val_selection
residual_future_max_delta_rows_4_10,continuous,low_ar_confidence_temporal_residual,random_pca_residual,20260626,14,0.01776483526919037,-0.0011324584484100342,-0.0011324584484100342,inner_val_top_5pct_lift_delta_vs_frozen_ar,0.002438124269247055,0.07395948469638824,0.3152908980846405,true_train_and_true_inner_val_selection
residual_future_max_delta_rows_4_10,continuous,low_ar_confidence_temporal_residual,random_pca_residual,20260626,15,0.01762515993323177,-0.005682140588760376,-0.005682140588760376,inner_val_top_5pct_lift_delta_vs_frozen_ar,0.0024616376031190157,0.07576463371515274,0.3214908838272095,true_train_and_true_inner_val_selection
residual_future_max_delta_rows_4_10,continuous,low_ar_confidence_temporal_residual,random_pca_residual,20260626,16,0.01758155261632055,-0.0053756460547447205,-0.0053756460547447205,inner_val_top_5pct_lift_delta_vs_frozen_ar,0.0024830996990203857,0.07726448774337769,0.32616403698921204,true_train_and_true_inner_val_selection
residual_future_max_delta_rows_4_10,continuous,low_ar_confidence_temporal_residual,random_pca_residual,20260626,17,0.017621231614612043,-0.005463778972625732,-0.005463778972625732,inner_val_top_5pct_lift_delta_vs_frozen_ar,0.0025048747193068266,0.07913967221975327,0.3317777216434479,true_train_and_true_inner_val_selection
residual_future_max_delta_rows_4_10,continuous,low_ar_confidence_temporal_residual,label_permutation_residual,20260626,1,0.0200775956036523,2.3283064365386963e-10,2.3283064365386963e-10,inner_val_top_5pct_lift_delta_vs_frozen_ar,0.0021431290078908205,0.004505038261413574,0.010155008174479008,permuted_train_and_permuted_inner_val_selection
residual_future_max_delta_rows_4_10,continuous,low_ar_confidence_temporal_residual,label_permutation_residual,20260626,2,0.019987436244264245,2.3283064365386963e-10,2.3283064365386963e-10,inner_val_top_5pct_lift_delta_vs_frozen_ar,0.0021250576246529818,0.004758702125400305,0.010932515375316143,permuted_train_and_permuted_inner_val_selection
residual_future_max_delta_rows_4_10,continuous,low_ar_confidence_temporal_residual,label_permutation_residual,20260626,3,0.020005773520097136,9.313225746154785e-10,9.313225746154785e-10,inner_val_top_5pct_lift_delta_vs_frozen_ar,0.002112777205184102,0.005104660987854004,0.012213422916829586,permuted_train_and_permuted_inner_val_selection
residual_future_max_delta_rows_4_10,continuous,low_ar_confidence_temporal_residual,label_permutation_residual,20260626,4,0.02011431206483394,2.3283064365386963e-10,2.3283064365386963e-10,inner_val_top_5pct_lift_delta_vs_frozen_ar,0.002107951557263732,0.005788818467408419,0.015100543387234211,permuted_train_and_permuted_inner_val_selection
residual_future_max_delta_rows_4_10,continuous,low_ar_confidence_temporal_residual,label_permutation_residual,20260626,5,0.02002001681830734,2.3283064365386963e-10,2.3283064365386963e-10,inner_val_top_5pct_lift_delta_vs_frozen_ar,0.00212022359482944,0.007751299999654293,0.024318313226103783,permuted_train_and_permuted_inner_val_selection
residual_future_max_delta_rows_4_10,continuous,low_ar_confidence_temporal_residual,label_permutation_residual,20260626,6,0.020084856427274644,2.3283064365386963e-10,2.3283064365386963e-10,inner_val_top_5pct_lift_delta_vs_frozen_ar,0.002145396312698722,0.013650814071297646,0.056796882301568985,permuted_train_and_permuted_inner_val_selection
residual_future_max_delta_rows_4_10,continuous,low_ar_confidence_temporal_residual,label_permutation_residual,20260626,7,0.01994901313446462,-0.0010375517886132002,-0.0010375517886132002,inner_val_top_5pct_lift_delta_vs_frozen_ar,0.0021852203644812107,0.03059992380440235,0.17482943832874298,permuted_train_and_permuted_inner_val_selection
residual_future_max_delta_rows_4_10,continuous,low_ar_confidence_temporal_residual,label_permutation_residual,20260626,8,0.020070712664164603,-0.002092252078000456,-0.002092252078000456,inner_val_top_5pct_lift_delta_vs_frozen_ar,0.0022281997371464968,0.05335685983300209,0.30934861302375793,permuted_train_and_permuted_inner_val_selection
residual_future_max_delta_rows_4_10,continuous,low_ar_confidence_temporal_residual,label_permutation_residual,20260626,9,0.02000345417764038,-0.004483073949813843,-0.004483073949813843,inner_val_top_5pct_lift_delta_vs_frozen_ar,0.0022637590300291777,0.06976299732923508,0.36253276467323303,permuted_train_and_permuted_inner_val_selection
residual_future_max_delta_rows_4_10,continuous,low_ar_confidence_temporal_residual,label_permutation_residual,20260626,10,0.020106362993828952,-0.0037145817186683416,-0.0037145817186683416,inner_val_top_5pct_lift_delta_vs_frozen_ar,0.002270918106660247,0.07593197375535965,0.3832520842552185,permuted_train_and_permuted_inner_val_selection
residual_future_max_delta_rows_4_10,continuous,low_ar_confidence_temporal_residual,label_permutation_residual,20260626,11,0.019918744452297688,-0.003349775040987879,-0.003349775040987879,inner_val_top_5pct_lift_delta_vs_frozen_ar,0.002280155662447214,0.08032827079296112,0.3998872935771942,permuted_train_and_permuted_inner_val_selection
residual_future_max_delta_rows_4_10,continuous,low_ar_confidence_temporal_residual,train_only_video_mean_residual,20260626,1,0.01813536719419062,0.0,0.0,inner_val_top_5pct_lift_delta_vs_frozen_ar,0.0021572255063802004,0.004331298638135195,0.008193401619791985,true_train_and_true_inner_val_selection
residual_future_max_delta_rows_4_10,continuous,low_ar_confidence_temporal_residual,train_only_video_mean_residual,20260626,2,0.018205531174317002,7.450580596923828e-09,7.450580596923828e-09,inner_val_top_5pct_lift_delta_vs_frozen_ar,0.002172294771298766,0.005665468983352184,0.015362977050244808,true_train_and_true_inner_val_selection
residual_future_max_delta_rows_4_10,continuous,low_ar_confidence_temporal_residual,train_only_video_mean_residual,20260626,3,0.018152407836169004,1.7285346984863281e-06,1.7285346984863281e-06,inner_val_top_5pct_lift_delta_vs_frozen_ar,0.002195752691477537,0.01340288482606411,0.06180063262581825,true_train_and_true_inner_val_selection
residual_future_max_delta_rows_4_10,continuous,low_ar_confidence_temporal_residual,train_only_video_mean_residual,20260626,4,0.018133585108444095,-0.0007966384291648865,-0.0007966384291648865,inner_val_top_5pct_lift_delta_vs_frozen_ar,0.0022359262220561504,0.03611939027905464,0.2186465859413147,true_train_and_true_inner_val_selection
residual_future_max_delta_rows_4_10,continuous,low_ar_confidence_temporal_residual,train_only_video_mean_residual,20260626,5,0.018086193362250924,-0.0009289905428886414,-0.0009289905428886414,inner_val_top_5pct_lift_delta_vs_frozen_ar,0.002284495858475566,0.0594945102930069,0.30340299010276794,true_train_and_true_inner_val_selection
residual_future_max_delta_rows_4_10,continuous,low_ar_confidence_temporal_residual,train_only_video_mean_residual,20260626,6,0.017858598148450255,-0.002459898591041565,-0.002459898591041565,inner_val_top_5pct_lift_delta_vs_frozen_ar,0.0023259897716343403,0.07217185944318771,0.33204564452171326,true_train_and_true_inner_val_selection
residual_future_max_delta_rows_4_10,continuous,low_ar_confidence_temporal_residual,train_only_video_mean_residual,20260626,7,0.01792541320901364,-0.004695206880569458,-0.004695206880569458,inner_val_top_5pct_lift_delta_vs_frozen_ar,0.002346230437979102,0.07364679872989655,0.33000749349594116,true_train_and_true_inner_val_selection
residual_future_max_delta_rows_4_10,continuous,low_ar_confidence_temporal_residual,train_only_video_mean_residual,20260626,8,0.017792656552046537,-0.0069681257009506226,-0.0069681257009506226,inner_val_top_5pct_lift_delta_vs_frozen_ar,0.002361657563596964,0.07388889789581299,0.3241978883743286,true_train_and_true_inner_val_selection
residual_future_max_delta_rows_4_10,continuous,low_ar_confidence_temporal_residual,train_only_video_mean_residual,20260626,9,0.017717898241244256,-0.01213478296995163,-0.01213478296995163,inner_val_top_5pct_lift_delta_vs_frozen_ar,0.0023795715533196926,0.07413600385189056,0.319836288690567,true_train_and_true_inner_val_selection
residual_future_max_delta_rows_4_10,continuous,low_ar_confidence_temporal_residual,train_only_video_mean_residual,20260626,10,0.01761852763593197,-0.014830347150564194,-0.014830347150564194,inner_val_top_5pct_lift_delta_vs_frozen_ar,0.002396560274064541,0.073763906955719,0.3167899250984192,true_train_and_true_inner_val_selection
residual_future_max_delta_rows_4_10,continuous,low_ar_confidence_temporal_residual,train_only_video_mean_residual,20260626,11,0.017676240182481706,-0.018567241728305817,-0.018567241728305817,inner_val_top_5pct_lift_delta_vs_frozen_ar,0.002414970425888896,0.07445084303617477,0.3163703382015228,true_train_and_true_inner_val_selection
residual_future_max_delta_rows_4_10,continuous,low_ar_confidence_temporal_residual,diagnostics_only_residual,20260626,1,0.018178301979787648,7.450580596923828e-09,7.450580596923828e-09,inner_val_top_5pct_lift_delta_vs_frozen_ar,0.0021482615265995264,0.00467712851241231,0.010019155219197273,true_train_and_true_inner_val_selection
residual_future_max_delta_rows_4_10,continuous,low_ar_confidence_temporal_residual,diagnostics_only_residual,20260626,2,0.01811531453859061,7.450580596923828e-09,7.450580596923828e-09,inner_val_top_5pct_lift_delta_vs_frozen_ar,0.0021585191134363413,0.0054093217477202415,0.01355158630758524,true_train_and_true_inner_val_selection
residual_future_max_delta_rows_4_10,continuous,low_ar_confidence_temporal_residual,diagnostics_only_residual,20260626,3,0.01819981774315238,0.0,0.0,inner_val_top_5pct_lift_delta_vs_frozen_ar,0.0021874716039747,0.00756243197247386,0.024643467739224434,true_train_and_true_inner_val_selection
residual_future_max_delta_rows_4_10,continuous,low_ar_confidence_temporal_residual,diagnostics_only_residual,20260626,4,0.01805441197939217,-1.7590820789337158e-05,-1.7590820789337158e-05,inner_val_top_5pct_lift_delta_vs_frozen_ar,0.0022271843627095222,0.017044315114617348,0.08125245571136475,true_train_and_true_inner_val_selection
residual_future_max_delta_rows_4_10,continuous,low_ar_confidence_temporal_residual,diagnostics_only_residual,20260626,5,0.01812439865898341,-0.0006723403930664062,-0.0006723403930664062,inner_val_top_5pct_lift_delta_vs_frozen_ar,0.0022752778604626656,0.038645897060632706,0.21994493901729584,true_train_and_true_inner_val_selection
residual_future_max_delta_rows_4_10,continuous,low_ar_confidence_temporal_residual,diagnostics_only_residual,20260626,6,0.01802791655063629,0.0011826381087303162,0.0011826381087303162,inner_val_top_5pct_lift_delta_vs_frozen_ar,0.0023255993146449327,0.06292184442281723,0.3149143159389496,true_train_and_true_inner_val_selection
residual_future_max_delta_rows_4_10,continuous,low_ar_confidence_temporal_residual,diagnostics_only_residual,20260626,7,0.017953266971744597,0.0022487416863441467,0.0022487416863441467,inner_val_top_5pct_lift_delta_vs_frozen_ar,0.002355785807594657,0.07462722808122635,0.33531850576400757,true_train_and_true_inner_val_selection
residual_future_max_delta_rows_4_10,continuous,low_ar_confidence_temporal_residual,diagnostics_only_residual,20260626,8,0.017935636802576482,0.0033455193042755127,0.0033455193042755127,inner_val_top_5pct_lift_delta_vs_frozen_ar,0.0023570028133690357,0.07492833584547043,0.3258015215396881,true_train_and_true_inner_val_selection
residual_future_max_delta_rows_4_10,continuous,low_ar_confidence_temporal_residual,diagnostics_only_residual,20260626,9,0.017931138048879802,0.004612348973751068,0.004612348973751068,inner_val_top_5pct_lift_delta_vs_frozen_ar,0.002360218670219183,0.0744219571352005,0.31750211119651794,true_train_and_true_inner_val_selection
residual_future_max_delta_rows_4_10,continuous,low_ar_confidence_temporal_residual,diagnostics_only_residual,20260626,10,0.017965978011488914,0.006019361317157745,0.006019361317157745,inner_val_top_5pct_lift_delta_vs_frozen_ar,0.002366806147620082,0.07360023260116577,0.3112551271915436,true_train_and_true_inner_val_selection
residual_future_max_delta_rows_4_10,continuous,low_ar_confidence_temporal_residual,diagnostics_only_residual,20260626,11,0.017930745030753314,0.004969440400600433,0.004969440400600433,inner_val_top_5pct_lift_delta_vs_frozen_ar,0.0023712567053735256,0.07302136719226837,0.30539336800575256,true_train_and_true_inner_val_selection
residual_future_max_delta_rows_4_10,continuous,low_ar_confidence_temporal_residual,diagnostics_only_residual,20260626,12,0.017985240439884365,0.005067363381385803,0.005067363381385803,inner_val_top_5pct_lift_delta_vs_frozen_ar,0.0023794735316187143,0.07299017161130905,0.3018767535686493,true_train_and_true_inner_val_selection
residual_future_max_delta_rows_4_10,continuous,low_ar_confidence_temporal_residual,diagnostics_only_residual,20260626,13,0.017946132109500468,0.004998162388801575,0.004998162388801575,inner_val_top_5pct_lift_delta_vs_frozen_ar,0.002387101761996746,0.07323646545410156,0.2991505563259125,true_train_and_true_inner_val_selection
residual_future_max_delta_rows_4_10,continuous,low_ar_confidence_temporal_residual,diagnostics_only_residual,20260626,14,0.01779260707553476,0.005672134459018707,0.005672134459018707,inner_val_top_5pct_lift_delta_vs_frozen_ar,0.00239528133533895,0.073459193110466,0.2974604368209839,true_train_and_true_inner_val_selection
residual_future_max_delta_rows_4_10,continuous,low_ar_confidence_temporal_residual,diagnostics_only_residual,20260626,15,0.017843668931163847,0.006275609135627747,0.006275609135627747,inner_val_top_5pct_lift_delta_vs_frozen_ar,0.0024044858291745186,0.07385270297527313,0.29604998230934143,true_train_and_true_inner_val_selection
residual_future_max_delta_rows_4_10,continuous,low_ar_confidence_temporal_residual,diagnostics_only_residual,20260626,16,0.017911562928929925,0.007109999656677246,0.007109999656677246,inner_val_top_5pct_lift_delta_vs_frozen_ar,0.0024149282835423946,0.07461538910865784,0.29588791728019714,true_train_and_true_inner_val_selection
residual_future_max_delta_rows_4_10,continuous,low_ar_confidence_temporal_residual,diagnostics_only_residual,20260626,17,0.017863156972452998,0.005754776298999786,0.005754776298999786,inner_val_top_5pct_lift_delta_vs_frozen_ar,0.002426071325317025,0.07519806176424026,0.2955779731273651,true_train_and_true_inner_val_selection
residual_future_max_delta_rows_4_10,continuous,low_ar_confidence_temporal_residual,diagnostics_only_residual,20260626,18,0.017894270131364465,0.006779663264751434,0.006779663264751434,inner_val_top_5pct_lift_delta_vs_frozen_ar,0.002436469541862607,0.07593513280153275,0.29615336656570435,true_train_and_true_inner_val_selection
residual_future_max_delta_rows_4_10,continuous,low_ar_confidence_temporal_residual,diagnostics_only_residual,20260626,19,0.017844261834397912,0.006924644112586975,0.006924644112586975,inner_val_top_5pct_lift_delta_vs_frozen_ar,0.002447845647111535,0.07697762548923492,0.2979448735713959,true_train_and_true_inner_val_selection
residual_future_max_delta_rows_4_10,continuous,low_ar_confidence_temporal_residual,diagnostics_only_residual,20260626,20,0.01791011996101588,0.005877181887626648,0.005877181887626648,inner_val_top_5pct_lift_delta_vs_frozen_ar,0.0024591698311269283,0.07784624397754669,0.29953449964523315,true_train_and_true_inner_val_selection
residual_future_max_delta_rows_4_10,continuous,low_ar_confidence_temporal_residual,diagnostics_only_residual,20260626,21,0.017857033293694258,0.007442750036716461,0.007442750036716461,inner_val_top_5pct_lift_delta_vs_frozen_ar,0.002470973413437605,0.07898852229118347,0.3014853894710541,true_train_and_true_inner_val_selection
residual_future_max_delta_rows_4_10,continuous,low_ar_confidence_temporal_residual,diagnostics_only_residual,20260626,22,0.017744982265867293,0.007943287491798401,0.007943287491798401,inner_val_top_5pct_lift_delta_vs_frozen_ar,0.0024827616289258003,0.08009012788534164,0.30381712317466736,true_train_and_true_inner_val_selection
residual_future_max_delta_rows_4_10,continuous,low_ar_confidence_temporal_residual,diagnostics_only_residual,20260626,23,0.017794161452911794,0.007794082164764404,0.007794082164764404,inner_val_top_5pct_lift_delta_vs_frozen_ar,0.0024938685819506645,0.08103040605783463,0.3055981993675232,true_train_and_true_inner_val_selection
residual_future_max_delta_rows_4_10,continuous,low_ar_confidence_temporal_residual,diagnostics_only_residual,20260626,24,0.01778973115142435,0.008936911821365356,0.008936911821365356,inner_val_top_5pct_lift_delta_vs_frozen_ar,0.0025069904513657093,0.08228626102209091,0.30845797061920166,true_train_and_true_inner_val_selection
residual_future_max_delta_rows_4_10,continuous,low_ar_confidence_temporal_residual,diagnostics_only_residual,20260626,25,0.017781953676603734,0.00872107595205307,0.00872107595205307,inner_val_top_5pct_lift_delta_vs_frozen_ar,0.002517189597710967,0.08297564834356308,0.30958399176597595,true_train_and_true_inner_val_selection
residual_future_max_delta_rows_4_10,continuous,low_ar_confidence_temporal_residual,diagnostics_only_residual,20260626,26,0.017718156101182103,0.01001410186290741,0.01001410186290741,inner_val_top_5pct_lift_delta_vs_frozen_ar,0.0025295442901551723,0.08411158621311188,0.31229186058044434,true_train_and_true_inner_val_selection
residual_future_max_delta_rows_4_10,continuous,low_ar_confidence_temporal_residual,diagnostics_only_residual,20260626,27,0.0178506332449615,0.010433763265609741,0.010433763265609741,inner_val_top_5pct_lift_delta_vs_frozen_ar,0.0025407385546714067,0.08513932675123215,0.31454405188560486,true_train_and_true_inner_val_selection
residual_future_max_delta_rows_4_10,continuous,low_ar_confidence_temporal_residual,diagnostics_only_residual,20260626,28,0.017809360288083553,0.01116587221622467,0.01116587221622467,inner_val_top_5pct_lift_delta_vs_frozen_ar,0.002553469268605113,0.08626888692378998,0.3172494173049927,true_train_and_true_inner_val_selection
residual_future_max_delta_rows_4_10,continuous,low_ar_confidence_temporal_residual,diagnostics_only_residual,20260626,29,0.017756452318280935,0.012580037117004395,0.012580037117004395,inner_val_top_5pct_lift_delta_vs_frozen_ar,0.002564105438068509,0.08703188598155975,0.3190888464450836,true_train_and_true_inner_val_selection
residual_future_max_delta_rows_4_10,continuous,low_ar_confidence_temporal_residual,diagnostics_only_residual,20260626,30,0.017744661425240338,0.012191906571388245,0.012191906571388245,inner_val_top_5pct_lift_delta_vs_frozen_ar,0.0025766368489712477,0.08814119547605515,0.32209882140159607,true_train_and_true_inner_val_selection
residual_future_max_delta_rows_4_10,continuous,low_ar_confidence_temporal_residual,diagnostics_only_residual,20260626,31,0.01764887396711856,0.013713859021663666,0.013713859021663666,inner_val_top_5pct_lift_delta_vs_frozen_ar,0.002588084898889065,0.08901592344045639,0.324172705411911,true_train_and_true_inner_val_selection
residual_future_max_delta_rows_4_10,continuous,low_ar_confidence_temporal_residual,diagnostics_only_residual,20260626,32,0.01773255690932274,0.011985063552856445,0.011985063552856445,inner_val_top_5pct_lift_delta_vs_frozen_ar,0.002601152053102851,0.09019671380519867,0.32737189531326294,true_train_and_true_inner_val_selection
residual_future_max_delta_rows_4_10,continuous,low_ar_confidence_temporal_residual,diagnostics_only_residual,20260626,33,0.017689531319774687,0.012000814080238342,0.012000814080238342,inner_val_top_5pct_lift_delta_vs_frozen_ar,0.002611118834465742,0.09092359989881516,0.32907408475875854,true_train_and_true_inner_val_selection
residual_future_max_delta_rows_4_10,continuous,low_ar_confidence_temporal_residual,diagnostics_only_residual,20260626,34,0.017703261924907565,0.011203400790691376,0.011203400790691376,inner_val_top_5pct_lift_delta_vs_frozen_ar,0.0026232018135488033,0.09203993529081345,0.3320727050304413,true_train_and_true_inner_val_selection
residual_future_max_delta_rows_4_10,continuous,low_ar_confidence_temporal_residual,diagnostics_only_residual,20260626,35,0.017656522803008556,0.01202671229839325,0.01202671229839325,inner_val_top_5pct_lift_delta_vs_frozen_ar,0.0026322929188609123,0.09249339252710342,0.33322179317474365,true_train_and_true_inner_val_selection
residual_future_max_delta_rows_4_10,continuous,low_ar_confidence_temporal_residual,diagnostics_only_residual,20260626,36,0.017732936656102538,0.010521993041038513,0.010521993041038513,inner_val_top_5pct_lift_delta_vs_frozen_ar,0.0026428578421473503,0.09324705600738525,0.33515650033950806,true_train_and_true_inner_val_selection
residual_future_max_delta_rows_4_10,continuous,low_ar_confidence_temporal_residual,diagnostics_only_residual,20260626,37,0.017750628874637187,0.010409839451313019,0.010409839451313019,inner_val_top_5pct_lift_delta_vs_frozen_ar,0.002653721487149596,0.09409517049789429,0.3375174403190613,true_train_and_true_inner_val_selection
residual_future_max_delta_rows_4_10,continuous,low_ar_confidence_temporal_residual,diagnostics_only_residual,20260626,38,0.017663696547970176,0.0099906325340271,0.0099906325340271,inner_val_top_5pct_lift_delta_vs_frozen_ar,0.0026627660263329744,0.09456516802310944,0.338846892118454,true_train_and_true_inner_val_selection
residual_future_max_delta_rows_4_10,continuous,low_ar_confidence_temporal_residual,diagnostics_only_residual,20260626,39,0.017603753483854234,0.011382713913917542,0.011382713913917542,inner_val_top_5pct_lift_delta_vs_frozen_ar,0.0026720527093857527,0.09524529427289963,0.34049636125564575,true_train_and_true_inner_val_selection
residual_future_max_delta_rows_4_10,continuous,low_ar_confidence_temporal_residual,real_residual,20260627,1,0.018127388088032603,0.0,0.0,inner_val_top_5pct_lift_delta_vs_frozen_ar,0.0021395438816398382,0.0033800690434873104,0.009365255944430828,true_train_and_true_inner_val_selection
residual_future_max_delta_rows_4_10,continuous,low_ar_confidence_temporal_residual,real_residual,20260627,2,0.018212269991636276,0.0,0.0,inner_val_top_5pct_lift_delta_vs_frozen_ar,0.0021166293881833553,0.003384034149348736,0.009395821951329708,true_train_and_true_inner_val_selection
residual_future_max_delta_rows_4_10,continuous,low_ar_confidence_temporal_residual,real_residual,20260627,3,0.01816122082527727,0.0,0.0,inner_val_top_5pct_lift_delta_vs_frozen_ar,0.0020977111998945475,0.0034242270048707724,0.009557690471410751,true_train_and_true_inner_val_selection
residual_future_max_delta_rows_4_10,continuous,low_ar_confidence_temporal_residual,real_residual,20260627,4,0.0181856689741835,0.0,0.0,inner_val_top_5pct_lift_delta_vs_frozen_ar,0.002083563944324851,0.003525630570948124,0.00989389419555664,true_train_and_true_inner_val_selection
residual_future_max_delta_rows_4_10,continuous,low_ar_confidence_temporal_residual,real_residual,20260627,5,0.018264247220940888,0.0,0.0,inner_val_top_5pct_lift_delta_vs_frozen_ar,0.002079771598801017,0.0038130166940391064,0.011207361705601215,true_train_and_true_inner_val_selection
residual_future_max_delta_rows_4_10,continuous,low_ar_confidence_temporal_residual,real_residual,20260627,6,0.01810176728758961,0.0,0.0,inner_val_top_5pct_lift_delta_vs_frozen_ar,0.0020951428450644016,0.004803594201803207,0.01625087857246399,true_train_and_true_inner_val_selection
residual_future_max_delta_rows_4_10,continuous,low_ar_confidence_temporal_residual,real_residual,20260627,7,0.018123580026440322,-0.0005636736750602722,-0.0005636736750602722,inner_val_top_5pct_lift_delta_vs_frozen_ar,0.0021261877845972776,0.009720643050968647,0.04394350200891495,true_train_and_true_inner_val_selection
residual_future_max_delta_rows_4_10,continuous,low_ar_confidence_temporal_residual,real_residual,20260627,8,0.01806928450241685,-0.001070164144039154,-0.001070164144039154,inner_val_top_5pct_lift_delta_vs_frozen_ar,0.0021725445985794067,0.02422228269279003,0.14320075511932373,true_train_and_true_inner_val_selection
residual_future_max_delta_rows_4_10,continuous,low_ar_confidence_temporal_residual,shuffled_pca_residual,20260627,1,0.018209256581030786,0.0,0.0,inner_val_top_5pct_lift_delta_vs_frozen_ar,0.002139442600309849,0.003230874426662922,0.00842370092868805,true_train_and_true_inner_val_selection
residual_future_max_delta_rows_4_10,continuous,low_ar_confidence_temporal_residual,shuffled_pca_residual,20260627,2,0.018137794104404747,0.0,0.0,inner_val_top_5pct_lift_delta_vs_frozen_ar,0.002116510411724448,0.00322481500916183,0.008429705165326595,true_train_and_true_inner_val_selection
residual_future_max_delta_rows_4_10,continuous,low_ar_confidence_temporal_residual,shuffled_pca_residual,20260627,3,0.018166429828852415,0.0,0.0,inner_val_top_5pct_lift_delta_vs_frozen_ar,0.0020973761565983295,0.003262345911934972,0.008568991906940937,true_train_and_true_inner_val_selection
residual_future_max_delta_rows_4_10,continuous,low_ar_confidence_temporal_residual,shuffled_pca_residual,20260627,4,0.018169861054047942,0.0,0.0,inner_val_top_5pct_lift_delta_vs_frozen_ar,0.002083095256239176,0.003444960340857506,0.009272978641092777,true_train_and_true_inner_val_selection
residual_future_max_delta_rows_4_10,continuous,low_ar_confidence_temporal_residual,shuffled_pca_residual,20260627,5,0.01811189076397568,0.0,0.0,inner_val_top_5pct_lift_delta_vs_frozen_ar,0.0020776833407580853,0.003764248685911298,0.010591057129204273,true_train_and_true_inner_val_selection
residual_future_max_delta_rows_4_10,continuous,low_ar_confidence_temporal_residual,shuffled_pca_residual,20260627,6,0.018130765995010734,0.0,0.0,inner_val_top_5pct_lift_delta_vs_frozen_ar,0.002092970535159111,0.004439997021108866,0.0139964884147048,true_train_and_true_inner_val_selection
residual_future_max_delta_rows_4_10,continuous,low_ar_confidence_temporal_residual,shuffled_pca_residual,20260627,7,0.018096147920005023,2.979487180709839e-05,2.979487180709839e-05,inner_val_top_5pct_lift_delta_vs_frozen_ar,0.002119482960551977,0.007082430180162191,0.028920436277985573,true_train_and_true_inner_val_selection
residual_future_max_delta_rows_4_10,continuous,low_ar_confidence_temporal_residual,shuffled_pca_residual,20260627,8,0.018098070635460317,-0.0005361959338188171,-0.0005361959338188171,inner_val_top_5pct_lift_delta_vs_frozen_ar,0.0021601777989417315,0.01667938567698002,0.08987326920032501,true_train_and_true_inner_val_selection
residual_future_max_delta_rows_4_10,continuous,low_ar_confidence_temporal_residual,shuffled_pca_residual,20260627,9,0.018162704189307988,-0.0017419159412384033,-0.0017419159412384033,inner_val_top_5pct_lift_delta_vs_frozen_ar,0.002207081066444516,0.03373804688453674,0.1825384497642517,true_train_and_true_inner_val_selection
residual_future_max_delta_rows_4_10,continuous,low_ar_confidence_temporal_residual,shuffled_pca_residual,20260627,10,0.018035107059404254,0.00042710453271865845,0.00042710453271865845,inner_val_top_5pct_lift_delta_vs_frozen_ar,0.0022550555877387524,0.04923182353377342,0.2392379343509674,true_train_and_true_inner_val_selection
residual_future_max_delta_rows_4_10,continuous,low_ar_confidence_temporal_residual,shuffled_pca_residual,20260627,11,0.017926962114870548,-0.0031804218888282776,-0.0031804218888282776,inner_val_top_5pct_lift_delta_vs_frozen_ar,0.0022830795496702194,0.05578073486685753,0.25783953070640564,true_train_and_true_inner_val_selection
residual_future_max_delta_rows_4_10,continuous,low_ar_confidence_temporal_residual,shuffled_pca_residual,20260627,12,0.01794791512656957,-0.0007393956184387207,-0.0007393956184387207,inner_val_top_5pct_lift_delta_vs_frozen_ar,0.0022804103791713715,0.0537077933549881,0.2516377866268158,true_train_and_true_inner_val_selection
residual_future_max_delta_rows_4_10,continuous,low_ar_confidence_temporal_residual,shuffled_pca_residual,20260627,13,0.017908560927025974,-0.0003640204668045044,-0.0003640204668045044,inner_val_top_5pct_lift_delta_vs_frozen_ar,0.0022884036879986525,0.05332675948739052,0.2516578137874603,true_train_and_true_inner_val_selection
residual_future_max_delta_rows_4_10,continuous,low_ar_confidence_temporal_residual,shuffled_pca_residual,20260627,14,0.017861961387097836,-0.002245306968688965,-0.002245306968688965,inner_val_top_5pct_lift_delta_vs_frozen_ar,0.002300168154761195,0.05299048870801926,0.25296589732170105,true_train_and_true_inner_val_selection
residual_future_max_delta_rows_4_10,continuous,low_ar_confidence_temporal_residual,shuffled_pca_residual,20260627,15,0.017805223586037755,-0.0032781288027763367,-0.0032781288027763367,inner_val_top_5pct_lift_delta_vs_frozen_ar,0.002309391973540187,0.05232223495841026,0.2519129812717438,true_train_and_true_inner_val_selection
residual_future_max_delta_rows_4_10,continuous,low_ar_confidence_temporal_residual,shuffled_pca_residual,20260627,16,0.01789357210509479,-0.004996143281459808,-0.004996143281459808,inner_val_top_5pct_lift_delta_vs_frozen_ar,0.0023245641496032476,0.052736517041921616,0.25527605414390564,true_train_and_true_inner_val_selection
residual_future_max_delta_rows_4_10,continuous,low_ar_confidence_temporal_residual,shuffled_pca_residual,20260627,17,0.017743016127496958,-0.0032071247696876526,-0.0032071247696876526,inner_val_top_5pct_lift_delta_vs_frozen_ar,0.002341983374208212,0.05428187549114227,0.2606896758079529,true_train_and_true_inner_val_selection
residual_future_max_delta_rows_4_10,continuous,low_ar_confidence_temporal_residual,shuffled_pca_residual,20260627,18,0.017734469030983746,-0.004194632172584534,-0.004194632172584534,inner_val_top_5pct_lift_delta_vs_frozen_ar,0.002360201207920909,0.05551427975296974,0.26598846912384033,true_train_and_true_inner_val_selection
residual_future_max_delta_rows_4_10,continuous,low_ar_confidence_temporal_residual,random_pca_residual,20260627,1,0.01813937339466065,0.0,0.0,inner_val_top_5pct_lift_delta_vs_frozen_ar,0.0021394602954387665,0.0032401480711996555,0.008499212563037872,true_train_and_true_inner_val_selection
residual_future_max_delta_rows_4_10,continuous,low_ar_confidence_temporal_residual,random_pca_residual,20260627,2,0.018113271216861904,0.0,0.0,inner_val_top_5pct_lift_delta_vs_frozen_ar,0.0021164885256439447,0.0032450694125145674,0.00856994092464447,true_train_and_true_inner_val_selection
residual_future_max_delta_rows_4_10,continuous,low_ar_confidence_temporal_residual,random_pca_residual,20260627,3,0.01813536591362208,0.0,0.0,inner_val_top_5pct_lift_delta_vs_frozen_ar,0.002097812481224537,0.0033310672733932734,0.008875563740730286,true_train_and_true_inner_val_selection
residual_future_max_delta_rows_4_10,continuous,low_ar_confidence_temporal_residual,random_pca_residual,20260627,4,0.018206722917966545,0.0,0.0,inner_val_top_5pct_lift_delta_vs_frozen_ar,0.0020849702414125204,0.003486861241981387,0.00949536357074976,true_train_and_true_inner_val_selection
residual_future_max_delta_rows_4_10,continuous,low_ar_confidence_temporal_residual,random_pca_residual,20260627,5,0.01810304610989988,0.0,0.0,inner_val_top_5pct_lift_delta_vs_frozen_ar,0.002085230080410838,0.0038204099982976913,0.010899916291236877,true_train_and_true_inner_val_selection
residual_future_max_delta_rows_4_10,continuous,low_ar_confidence_temporal_residual,random_pca_residual,20260627,6,0.018085940624587238,0.0,0.0,inner_val_top_5pct_lift_delta_vs_frozen_ar,0.002101433463394642,0.004506932105869055,0.014437884092330933,true_train_and_true_inner_val_selection
residual_future_max_delta_rows_4_10,continuous,low_ar_confidence_temporal_residual,random_pca_residual,20260627,7,0.018121655797585845,-0.00012386590242385864,-0.00012386590242385864,inner_val_top_5pct_lift_delta_vs_frozen_ar,0.0021285361144691706,0.007229221053421497,0.030564919114112854,true_train_and_true_inner_val_selection
residual_future_max_delta_rows_4_10,continuous,low_ar_confidence_temporal_residual,random_pca_residual,20260627,8,0.01813647337257862,-0.000619247555732727,-0.000619247555732727,inner_val_top_5pct_lift_delta_vs_frozen_ar,0.002167375758290291,0.017254186794161797,0.09456770867109299,true_train_and_true_inner_val_selection
residual_future_max_delta_rows_4_10,continuous,low_ar_confidence_temporal_residual,label_permutation_residual,20260627,1,0.019936928059905767,-1.1641532182693481e-10,-1.1641532182693481e-10,inner_val_top_5pct_lift_delta_vs_frozen_ar,0.002140495926141739,0.0033793982584029436,0.009368467144668102,permuted_train_and_permuted_inner_val_selection
residual_future_max_delta_rows_4_10,continuous,low_ar_confidence_temporal_residual,label_permutation_residual,20260627,2,0.019907017005607486,2.3283064365386963e-10,2.3283064365386963e-10,inner_val_top_5pct_lift_delta_vs_frozen_ar,0.0021175576839596033,0.003352209459990263,0.009346014820039272,permuted_train_and_permuted_inner_val_selection
residual_future_max_delta_rows_4_10,continuous,low_ar_confidence_temporal_residual,label_permutation_residual,20260627,3,0.019984373124316335,-2.3283064365386963e-10,-2.3283064365386963e-10,inner_val_top_5pct_lift_delta_vs_frozen_ar,0.0020969684701412916,0.0033279825001955032,0.009296436794102192,permuted_train_and_permuted_inner_val_selection
residual_future_max_delta_rows_4_10,continuous,low_ar_confidence_temporal_residual,label_permutation_residual,20260627,4,0.020071428501978517,2.3283064365386963e-10,2.3283064365386963e-10,inner_val_top_5pct_lift_delta_vs_frozen_ar,0.0020786842796951532,0.003313937457278371,0.009314735420048237,permuted_train_and_permuted_inner_val_selection
residual_future_max_delta_rows_4_10,continuous,low_ar_confidence_temporal_residual,label_permutation_residual,20260627,5,0.019978064694441855,0.0,0.0,inner_val_top_5pct_lift_delta_vs_frozen_ar,0.0020622822921723127,0.0033140736632049084,0.009426616132259369,permuted_train_and_permuted_inner_val_selection
residual_future_max_delta_rows_4_10,continuous,low_ar_confidence_temporal_residual,label_permutation_residual,20260627,6,0.019997625378891826,-1.1641532182693481e-10,-1.1641532182693481e-10,inner_val_top_5pct_lift_delta_vs_frozen_ar,0.002047301735728979,0.0033320768270641565,0.009563983418047428,permuted_train_and_permuted_inner_val_selection
residual_future_max_delta_rows_4_10,continuous,low_ar_confidence_temporal_residual,label_permutation_residual,20260627,7,0.02003444079309702,0.0,0.0,inner_val_top_5pct_lift_delta_vs_frozen_ar,0.0020334809087216854,0.003365607000887394,0.00978247169405222,permuted_train_and_permuted_inner_val_selection
residual_future_max_delta_rows_4_10,continuous,low_ar_confidence_temporal_residual,label_permutation_residual,20260627,8,0.020062491996213794,2.3283064365386963e-10,2.3283064365386963e-10,inner_val_top_5pct_lift_delta_vs_frozen_ar,0.0020207539200782776,0.003419470274820924,0.010046201758086681,permuted_train_and_permuted_inner_val_selection
residual_future_max_delta_rows_4_10,continuous,low_ar_confidence_temporal_residual,label_permutation_residual,20260627,9,0.019863990717567503,2.3283064365386963e-10,2.3283064365386963e-10,inner_val_top_5pct_lift_delta_vs_frozen_ar,0.0020091873593628407,0.003530381014570594,0.010468303225934505,permuted_train_and_permuted_inner_val_selection
residual_future_max_delta_rows_4_10,continuous,low_ar_confidence_temporal_residual,label_permutation_residual,20260627,10,0.02001438057050109,-1.1641532182693481e-10,-1.1641532182693481e-10,inner_val_top_5pct_lift_delta_vs_frozen_ar,0.001998811960220337,0.0036251938436180353,0.0108025586232543,permuted_train_and_permuted_inner_val_selection
residual_future_max_delta_rows_4_10,continuous,low_ar_confidence_temporal_residual,label_permutation_residual,20260627,11,0.02001186227425933,-1.1641532182693481e-10,-1.1641532182693481e-10,inner_val_top_5pct_lift_delta_vs_frozen_ar,0.001989557407796383,0.0037449707742780447,0.01128352154046297,permuted_train_and_permuted_inner_val_selection
residual_future_max_delta_rows_4_10,continuous,low_ar_confidence_temporal_residual,label_permutation_residual,20260627,12,0.01995269942563027,0.0,0.0,inner_val_top_5pct_lift_delta_vs_frozen_ar,0.001981541281566024,0.003849202301353216,0.011715150438249111,permuted_train_and_permuted_inner_val_selection
residual_future_max_delta_rows_4_10,continuous,low_ar_confidence_temporal_residual,label_permutation_residual,20260627,13,0.01997281063813716,0.0,0.0,inner_val_top_5pct_lift_delta_vs_frozen_ar,0.001977283274754882,0.003998262342065573,0.01224240567535162,permuted_train_and_permuted_inner_val_selection
residual_future_max_delta_rows_4_10,continuous,low_ar_confidence_temporal_residual,label_permutation_residual,20260627,14,0.020015055895783007,4.656612873077393e-10,4.656612873077393e-10,inner_val_top_5pct_lift_delta_vs_frozen_ar,0.0019739894196391106,0.004066113848239183,0.012487143278121948,permuted_train_and_permuted_inner_val_selection
residual_future_max_delta_rows_4_10,continuous,low_ar_confidence_temporal_residual,label_permutation_residual,20260627,15,0.01990726636722684,2.3283064365386963e-10,2.3283064365386963e-10,inner_val_top_5pct_lift_delta_vs_frozen_ar,0.001975075574591756,0.004230051301419735,0.013128798454999924,permuted_train_and_permuted_inner_val_selection
residual_future_max_delta_rows_4_10,continuous,low_ar_confidence_temporal_residual,label_permutation_residual,20260627,16,0.02005520125385374,2.3283064365386963e-10,2.3283064365386963e-10,inner_val_top_5pct_lift_delta_vs_frozen_ar,0.001979855354875326,0.004526710603386164,0.014418757520616055,permuted_train_and_permuted_inner_val_selection
residual_future_max_delta_rows_4_10,continuous,low_ar_confidence_temporal_residual,label_permutation_residual,20260627,17,0.019962750608101487,0.0,0.0,inner_val_top_5pct_lift_delta_vs_frozen_ar,0.0019902458880096674,0.0047528427094221115,0.015329251997172832,permuted_train_and_permuted_inner_val_selection
residual_future_max_delta_rows_4_10,continuous,low_ar_confidence_temporal_residual,label_permutation_residual,20260627,18,0.019987273612059653,-5.4462580010294914e-06,-5.4462580010294914e-06,inner_val_top_5pct_lift_delta_vs_frozen_ar,0.0020083782728761435,0.005184635519981384,0.017137108370661736,permuted_train_and_permuted_inner_val_selection
residual_future_max_delta_rows_4_10,continuous,low_ar_confidence_temporal_residual,label_permutation_residual,20260627,19,0.019967516302131116,-5.446723662316799e-06,-5.446723662316799e-06,inner_val_top_5pct_lift_delta_vs_frozen_ar,0.00203291280195117,0.005706142634153366,0.01931004226207733,permuted_train_and_permuted_inner_val_selection
residual_future_max_delta_rows_4_10,continuous,low_ar_confidence_temporal_residual,label_permutation_residual,20260627,20,0.01996140042319894,-2.0870123989880085e-05,-2.0870123989880085e-05,inner_val_top_5pct_lift_delta_vs_frozen_ar,0.0020634992979466915,0.006459697149693966,0.022637631744146347,permuted_train_and_permuted_inner_val_selection
residual_future_max_delta_rows_4_10,continuous,low_ar_confidence_temporal_residual,label_permutation_residual,20260627,21,0.01994581171311438,-0.0002812121529132128,-0.0002812121529132128,inner_val_top_5pct_lift_delta_vs_frozen_ar,0.0020979430992156267,0.007496973499655724,0.027819517999887466,permuted_train_and_permuted_inner_val_selection
residual_future_max_delta_rows_4_10,continuous,low_ar_confidence_temporal_residual,label_permutation_residual,20260627,22,0.019945822074078023,-0.0002045746659860015,-0.0002045746659860015,inner_val_top_5pct_lift_delta_vs_frozen_ar,0.0021288383286446333,0.008450458757579327,0.03289816901087761,permuted_train_and_permuted_inner_val_selection
residual_future_max_delta_rows_4_10,continuous,low_ar_confidence_temporal_residual,train_only_video_mean_residual,20260627,1,0.018101103487424552,0.0,0.0,inner_val_top_5pct_lift_delta_vs_frozen_ar,0.002147663151845336,0.0030473435763269663,0.007042632903903723,true_train_and_true_inner_val_selection
residual_future_max_delta_rows_4_10,continuous,low_ar_confidence_temporal_residual,train_only_video_mean_residual,20260627,2,0.018181784194894135,0.0,0.0,inner_val_top_5pct_lift_delta_vs_frozen_ar,0.002157830633223057,0.003184909000992775,0.007224375382065773,true_train_and_true_inner_val_selection
residual_future_max_delta_rows_4_10,continuous,low_ar_confidence_temporal_residual,train_only_video_mean_residual,20260627,3,0.018240021425299346,0.0,0.0,inner_val_top_5pct_lift_delta_vs_frozen_ar,0.002173215616494417,0.0033580753952264786,0.007529865484684706,true_train_and_true_inner_val_selection
residual_future_max_delta_rows_4_10,continuous,low_ar_confidence_temporal_residual,train_only_video_mean_residual,20260627,4,0.01799921551719308,0.0,0.0,inner_val_top_5pct_lift_delta_vs_frozen_ar,0.0021937217097729445,0.0037982764188200235,0.008968151174485683,true_train_and_true_inner_val_selection
residual_future_max_delta_rows_4_10,continuous,low_ar_confidence_temporal_residual,train_only_video_mean_residual,20260627,5,0.018101495108567178,2.3797154426574707e-05,2.3797154426574707e-05,inner_val_top_5pct_lift_delta_vs_frozen_ar,0.0022149772848933935,0.005723690614104271,0.019048158079385757,true_train_and_true_inner_val_selection
residual_future_max_delta_rows_4_10,continuous,low_ar_confidence_temporal_residual,train_only_video_mean_residual,20260627,6,0.01818769285455346,-0.0003878101706504822,-0.0003878101706504822,inner_val_top_5pct_lift_delta_vs_frozen_ar,0.0022431630641222,0.01622128300368786,0.08962810784578323,true_train_and_true_inner_val_selection
residual_future_max_delta_rows_4_10,continuous,low_ar_confidence_temporal_residual,train_only_video_mean_residual,20260627,7,0.018097335007041693,-0.0015511885285377502,-0.0015511885285377502,inner_val_top_5pct_lift_delta_vs_frozen_ar,0.002289324998855591,0.03572367876768112,0.20113903284072876,true_train_and_true_inner_val_selection
residual_future_max_delta_rows_4_10,continuous,low_ar_confidence_temporal_residual,train_only_video_mean_residual,20260627,8,0.018052833853289485,-8.644908666610718e-05,-8.644908666610718e-05,inner_val_top_5pct_lift_delta_vs_frozen_ar,0.002337518148124218,0.05044925957918167,0.24902968108654022,true_train_and_true_inner_val_selection
residual_future_max_delta_rows_4_10,continuous,low_ar_confidence_temporal_residual,train_only_video_mean_residual,20260627,9,0.017893590382300317,-0.00837717205286026,-0.00837717205286026,inner_val_top_5pct_lift_delta_vs_frozen_ar,0.002369746332988143,0.05767498165369034,0.26993662118911743,true_train_and_true_inner_val_selection
residual_future_max_delta_rows_4_10,continuous,low_ar_confidence_temporal_residual,train_only_video_mean_residual,20260627,10,0.01773833262268454,-0.009313218295574188,-0.009313218295574188,inner_val_top_5pct_lift_delta_vs_frozen_ar,0.0023802979849278927,0.060205526649951935,0.27377545833587646,true_train_and_true_inner_val_selection
residual_future_max_delta_rows_4_10,continuous,low_ar_confidence_temporal_residual,train_only_video_mean_residual,20260627,11,0.017778318375349045,-0.011381268501281738,-0.011381268501281738,inner_val_top_5pct_lift_delta_vs_frozen_ar,0.0023930661845952272,0.06289467960596085,0.2806137204170227,true_train_and_true_inner_val_selection
residual_future_max_delta_rows_4_10,continuous,low_ar_confidence_temporal_residual,train_only_video_mean_residual,20260627,12,0.017719752388074994,-0.015575509518384933,-0.015575509518384933,inner_val_top_5pct_lift_delta_vs_frozen_ar,0.0024074274115264416,0.06480606645345688,0.2891652584075928,true_train_and_true_inner_val_selection
residual_future_max_delta_rows_4_10,continuous,low_ar_confidence_temporal_residual,train_only_video_mean_residual,20260627,13,0.017635367577895522,-0.018497653305530548,-0.018497653305530548,inner_val_top_5pct_lift_delta_vs_frozen_ar,0.002424352103844285,0.06668604910373688,0.2958461344242096,true_train_and_true_inner_val_selection
residual_future_max_delta_rows_4_10,continuous,low_ar_confidence_temporal_residual,diagnostics_only_residual,20260627,1,0.018122098059393466,0.0,0.0,inner_val_top_5pct_lift_delta_vs_frozen_ar,0.0021402621641755104,0.0031732749193906784,0.007538328412920237,true_train_and_true_inner_val_selection
residual_future_max_delta_rows_4_10,continuous,low_ar_confidence_temporal_residual,diagnostics_only_residual,20260627,2,0.018219421850517392,0.0,0.0,inner_val_top_5pct_lift_delta_vs_frozen_ar,0.002123780082911253,0.0033404307905584574,0.007996215485036373,true_train_and_true_inner_val_selection
residual_future_max_delta_rows_4_10,continuous,low_ar_confidence_temporal_residual,diagnostics_only_residual,20260627,3,0.018288533319719136,-3.328174352645874e-05,-3.328174352645874e-05,inner_val_top_5pct_lift_delta_vs_frozen_ar,0.0021211623679846525,0.0036561826709657907,0.009125233627855778,true_train_and_true_inner_val_selection
residual_future_max_delta_rows_4_10,continuous,low_ar_confidence_temporal_residual,diagnostics_only_residual,20260627,4,0.018133921083062887,-3.328174352645874e-05,-3.328174352645874e-05,inner_val_top_5pct_lift_delta_vs_frozen_ar,0.0021275815088301897,0.004121657460927963,0.011107302270829678,true_train_and_true_inner_val_selection
residual_future_max_delta_rows_4_10,continuous,low_ar_confidence_temporal_residual,diagnostics_only_residual,20260627,5,0.01817228482104838,-3.328174352645874e-05,-3.328174352645874e-05,inner_val_top_5pct_lift_delta_vs_frozen_ar,0.0021467069163918495,0.005073001608252525,0.015910500660538673,true_train_and_true_inner_val_selection
residual_future_max_delta_rows_4_10,continuous,low_ar_confidence_temporal_residual,diagnostics_only_residual,20260627,6,0.018109980737790465,8.514523506164551e-05,8.514523506164551e-05,inner_val_top_5pct_lift_delta_vs_frozen_ar,0.0021688167471438646,0.007728475145995617,0.03107941336929798,true_train_and_true_inner_val_selection
residual_future_max_delta_rows_4_10,continuous,low_ar_confidence_temporal_residual,diagnostics_only_residual,20260627,7,0.018175336183048785,-0.00017961859703063965,-0.00017961859703063965,inner_val_top_5pct_lift_delta_vs_frozen_ar,0.002201143652200699,0.016720933839678764,0.08797267079353333,true_train_and_true_inner_val_selection
residual_future_max_delta_rows_4_10,continuous,low_ar_confidence_temporal_residual,diagnostics_only_residual,20260627,8,0.018155055586248636,-0.004185907542705536,-0.004185907542705536,inner_val_top_5pct_lift_delta_vs_frozen_ar,0.002248689066618681,0.03274141624569893,0.17920012772083282,true_train_and_true_inner_val_selection
residual_future_max_delta_rows_4_10,continuous,low_ar_confidence_temporal_residual,diagnostics_only_residual,20260627,9,0.018047146149910986,-0.0007476806640625,-0.0007476806640625,inner_val_top_5pct_lift_delta_vs_frozen_ar,0.0022979152854532003,0.04864119365811348,0.2400730699300766,true_train_and_true_inner_val_selection
residual_future_max_delta_rows_4_10,continuous,low_ar_confidence_temporal_residual,diagnostics_only_residual,20260627,10,0.017893473734147847,-0.0018338188529014587,-0.0018338188529014587,inner_val_top_5pct_lift_delta_vs_frozen_ar,0.0023249825462698936,0.05710017681121826,0.2618950605392456,true_train_and_true_inner_val_selection
residual_future_max_delta_rows_4_10,continuous,low_ar_confidence_temporal_residual,diagnostics_only_residual,20260627,11,0.01790385809727013,-0.0014561191201210022,-0.0014561191201210022,inner_val_top_5pct_lift_delta_vs_frozen_ar,0.002318234648555517,0.058261655271053314,0.2596737742424011,true_train_and_true_inner_val_selection
residual_future_max_delta_rows_4_10,continuous,low_ar_confidence_temporal_residual,diagnostics_only_residual,20260627,12,0.01794368540868163,-0.0010646805167198181,-0.0010646805167198181,inner_val_top_5pct_lift_delta_vs_frozen_ar,0.0023194237146526575,0.05940697714686394,0.2597566843032837,true_train_and_true_inner_val_selection
residual_future_max_delta_rows_4_10,continuous,low_ar_confidence_temporal_residual,diagnostics_only_residual,20260627,13,0.017927994136698544,-0.0010900646448135376,-0.0010900646448135376,inner_val_top_5pct_lift_delta_vs_frozen_ar,0.0023243878968060017,0.06087712571024895,0.2620944380760193,true_train_and_true_inner_val_selection
residual_future_max_delta_rows_4_10,continuous,low_ar_confidence_temporal_residual,diagnostics_only_residual,20260627,14,0.01810595707502216,-0.0011314675211906433,-0.0011314675211906433,inner_val_top_5pct_lift_delta_vs_frozen_ar,0.0023237946443259716,0.0608520470559597,0.26141825318336487,true_train_and_true_inner_val_selection
