target_name,validation_protocol,fold,loss_name,seed,control_type,continuous_mae,continuous_mse,continuous_rmse,continuous_pearson,continuous_spearman,spearman_future_movement
arousal_spike_rows_2_6_train_q90,blocked_temporal_70_30,1,binary,20260625,ar_only_head,3.017500638961792,11.68813419342041,3.41879133516809,0.25486352446510097,0.21583434380254332,0.21583434380254332
arousal_spike_rows_2_6_train_q90,blocked_temporal_70_30,1,binary,20260626,ar_only_head,2.9707424640655518,11.034847259521484,3.321874058347409,0.26026098161098676,0.2122262438783093,0.2122262438783093
arousal_spike_rows_2_6_train_q90,blocked_temporal_70_30,1,binary,20260627,ar_only_head,3.271500587463379,15.581088066101074,3.9472886980940567,0.23622307047949934,0.20759943871802555,0.20759943871802555
arousal_spike_rows_2_6_train_q90,blocked_temporal_70_30,1,regression,20260625,ar_only_head,0.05669526755809784,0.008276949636638165,0.09097774253430431,0.34602198683699015,0.2631582330408731,0.2631582330408731
arousal_spike_rows_2_6_train_q90,blocked_temporal_70_30,1,regression,20260626,ar_only_head,0.05623970925807953,0.008284959010779858,0.09102175020718871,0.3476275201834879,0.2686234618319379,0.2686234618319379
arousal_spike_rows_2_6_train_q90,blocked_temporal_70_30,1,regression,20260627,ar_only_head,0.05644555389881134,0.008265851065516472,0.09091672599426616,0.34836670941374764,0.26684654666486296,0.26684654666486296
arousal_spike_rows_2_6_train_q90,blocked_temporal_70_30,1,regression_plus_binary,20260625,ar_only_head,0.057220663875341415,0.008257096633315086,0.0908685679061527,0.34735419222457,0.2691682540839851,0.22235288687938276
arousal_spike_rows_2_6_train_q90,blocked_temporal_70_30,1,regression_plus_binary,20260626,ar_only_head,0.05631409212946892,0.008252859115600586,0.09084524817292638,0.3500040344379551,0.27119844424191425,0.21412693128971835
arousal_spike_rows_2_6_train_q90,blocked_temporal_70_30,1,regression_plus_binary,20260627,ar_only_head,0.057235460728406906,0.008247229270637035,0.09081425697894045,0.34701638735279194,0.2691063569331542,0.2104680288030543
arousal_spike_rows_2_6_train_q90,blocked_temporal_70_30,1,binary,20260625,ar_plus_random_pca,2.7615556716918945,8.50629711151123,2.916555693195525,0.25695225007283373,0.1832925399305039,0.1832925399305039
arousal_spike_rows_2_6_train_q90,blocked_temporal_70_30,1,binary,20260626,ar_plus_random_pca,2.803976058959961,8.77226448059082,2.9618008846968125,0.25655112953144943,0.1832081939081571,0.1832081939081571
arousal_spike_rows_2_6_train_q90,blocked_temporal_70_30,1,binary,20260627,ar_plus_random_pca,2.823185682296753,8.896814346313477,2.982752813478428,0.26076063811693573,0.18766401296592047,0.18766401296592047
arousal_spike_rows_2_6_train_q90,blocked_temporal_70_30,1,regression,20260625,ar_plus_random_pca,0.05866341292858124,0.008533740416169167,0.09237824644454541,0.29536587710154594,0.20832651633232405,0.20832651633232405
arousal_spike_rows_2_6_train_q90,blocked_temporal_70_30,1,regression,20260626,ar_plus_random_pca,0.05897791311144829,0.008734422735869884,0.09345813359932822,0.27458795205625497,0.19278898410488227,0.19278898410488227
arousal_spike_rows_2_6_train_q90,blocked_temporal_70_30,1,regression,20260627,ar_plus_random_pca,0.058162905275821686,0.008705081418156624,0.09330102581513573,0.28703919971720665,0.20536316140445357,0.20536316140445357
arousal_spike_rows_2_6_train_q90,blocked_temporal_70_30,1,regression_plus_binary,20260625,ar_plus_random_pca,0.0587657168507576,0.008719065226614475,0.09337593494372345,0.272007945175298,0.20192569334993954,0.1928394860501012
arousal_spike_rows_2_6_train_q90,blocked_temporal_70_30,1,regression_plus_binary,20260626,ar_plus_random_pca,0.059063870459795,0.008786528371274471,0.0937364836724446,0.26851412014918,0.186410670981132,0.18501783380422718
arousal_spike_rows_2_6_train_q90,blocked_temporal_70_30,1,regression_plus_binary,20260627,ar_plus_random_pca,0.06095262989401817,0.008907468058168888,0.09437938365007947,0.24104298663159376,0.17196091451135384,0.18980249645366068
arousal_spike_rows_2_6_train_q90,blocked_temporal_70_30,1,binary,20260625,ar_plus_shuffled_pca,3.622938871383667,14.186379432678223,3.766481041061832,0.23583090915815436,0.18080597438025675,0.18080597438025675
arousal_spike_rows_2_6_train_q90,blocked_temporal_70_30,1,binary,20260626,ar_plus_shuffled_pca,3.5133585929870605,13.29746150970459,3.6465684567418433,0.24038533853508876,0.17708959905846192,0.17708959905846192
arousal_spike_rows_2_6_train_q90,blocked_temporal_70_30,1,binary,20260627,ar_plus_shuffled_pca,3.528989791870117,13.448408126831055,3.6672071289785437,0.24228879137676848,0.17971233208781387,0.17971233208781387
arousal_spike_rows_2_6_train_q90,blocked_temporal_70_30,1,regression,20260625,ar_plus_shuffled_pca,0.05891752615571022,0.008787896484136581,0.09374378104245946,0.27092703961636677,0.19876224809917223,0.19876224809917223
arousal_spike_rows_2_6_train_q90,blocked_temporal_70_30,1,regression,20260626,ar_plus_shuffled_pca,0.06594078987836838,0.00947902537882328,0.09736028645614843,0.2211781975882479,0.16991545761035368,0.16991545761035368
arousal_spike_rows_2_6_train_q90,blocked_temporal_70_30,1,regression,20260627,ar_plus_shuffled_pca,0.06148819625377655,0.008731786161661148,0.09344402689129545,0.2751800953781259,0.2029599739490712,0.2029599739490712
arousal_spike_rows_2_6_train_q90,blocked_temporal_70_30,1,regression_plus_binary,20260625,ar_plus_shuffled_pca,0.05995718389749527,0.009072775952517986,0.09525112047906831,0.2311480009097828,0.18008914050651442,0.18419576794676895
arousal_spike_rows_2_6_train_q90,blocked_temporal_70_30,1,regression_plus_binary,20260626,ar_plus_shuffled_pca,0.061602234840393066,0.009233963675796986,0.09609351526402281,0.22600474993989197,0.1609870233355929,0.18371924701776207
arousal_spike_rows_2_6_train_q90,blocked_temporal_70_30,1,regression_plus_binary,20260627,ar_plus_shuffled_pca,0.06440984457731247,0.009670821018517017,0.09834033261341461,0.19211287599576032,0.13910593920801734,0.18500895137471124
arousal_spike_rows_2_6_train_q90,blocked_temporal_70_30,1,binary,20260625,diag_only,2.367816925048828,5.7600507736206055,2.4000105778143155,0.04018302849889354,0.03792998796920727,0.03792998796920727
arousal_spike_rows_2_6_train_q90,blocked_temporal_70_30,1,binary,20260626,diag_only,2.2620432376861572,5.156113624572754,2.2707077364937907,-0.03054585044027156,-0.005985903773724573,-0.005985903773724573
arousal_spike_rows_2_6_train_q90,blocked_temporal_70_30,1,binary,20260627,diag_only,2.318098545074463,5.488846302032471,2.342828696689639,0.026767539788428298,0.024753529316568164,0.024753529316568164
arousal_spike_rows_2_6_train_q90,blocked_temporal_70_30,1,regression,20260625,diag_only,0.06329499930143356,0.009310605935752392,0.09649148115638184,0.04058100053346416,0.04208852298871877,0.04208852298871877
arousal_spike_rows_2_6_train_q90,blocked_temporal_70_30,1,regression,20260626,diag_only,0.06299304962158203,0.009321399964392185,0.09654739750191191,0.03324460634052145,0.034152400785496806,0.034152400785496806
arousal_spike_rows_2_6_train_q90,blocked_temporal_70_30,1,regression,20260627,diag_only,0.0626373142004013,0.009375251829624176,0.09682588408903983,0.0017229692807448221,0.014119433116371365,0.014119433116371365
arousal_spike_rows_2_6_train_q90,blocked_temporal_70_30,1,regression_plus_binary,20260625,diag_only,0.062447741627693176,0.009395139291882515,0.0969285267188278,-0.007805030694644856,0.011350998559523703,-0.006574066748130654
arousal_spike_rows_2_6_train_q90,blocked_temporal_70_30,1,regression_plus_binary,20260626,diag_only,0.06227150559425354,0.00950451847165823,0.0974911199630932,0.010389080228344455,0.016540185810621933,0.020293740969784067
arousal_spike_rows_2_6_train_q90,blocked_temporal_70_30,1,regression_plus_binary,20260627,diag_only,0.06465886533260345,0.00933070294559002,0.09659556379870672,0.03610232110782899,0.037732128949798646,0.03705832530845674
arousal_spike_rows_2_6_train_q90,blocked_temporal_70_30,1,binary,20260625,label_permutation,8.641898155212402,103.09443664550781,10.153543058731165,-0.0025741478216371435,0.003529105350854966,0.003529105350854966
arousal_spike_rows_2_6_train_q90,blocked_temporal_70_30,1,binary,20260626,label_permutation,2.7195630073547363,7.659358024597168,2.76755452061873,-0.023016328155388815,-0.024688523128843624,-0.024688523128843624
arousal_spike_rows_2_6_train_q90,blocked_temporal_70_30,1,binary,20260627,label_permutation,6.787500858306885,59.217559814453125,7.6952946541671245,0.012003628528100578,0.005721667680489984,0.005721667680489984
arousal_spike_rows_2_6_train_q90,blocked_temporal_70_30,1,regression,20260625,label_permutation,0.08589252084493637,0.014875742606818676,0.12196615352965214,-0.09322748850593117,-0.06359886800161235,-0.06359886800161235
arousal_spike_rows_2_6_train_q90,blocked_temporal_70_30,1,regression,20260626,label_permutation,0.07105835527181625,0.010510597378015518,0.10252120452869991,0.006140413374601531,0.012118446245455886,0.012118446245455886
arousal_spike_rows_2_6_train_q90,blocked_temporal_70_30,1,regression,20260627,label_permutation,0.06570865213871002,0.009699612855911255,0.09848661257202045,0.04887807853322382,0.0356768985366783,0.0356768985366783
arousal_spike_rows_2_6_train_q90,blocked_temporal_70_30,1,regression_plus_binary,20260625,label_permutation,0.06913914531469345,0.010506974533200264,0.10250353424736273,-0.036111832036664834,-0.04535302649837462,0.004763857141026758
arousal_spike_rows_2_6_train_q90,blocked_temporal_70_30,1,regression_plus_binary,20260626,label_permutation,0.06949169188737869,0.012564210221171379,0.11209018788980318,-0.0028235120462791487,-0.007855396587426672,0.007098375235012062
arousal_spike_rows_2_6_train_q90,blocked_temporal_70_30,1,regression_plus_binary,20260627,label_permutation,0.07710858434438705,0.013845988549292088,0.11766897870421111,-0.00971817355661611,-0.01736586085263019,0.002699723454657761
arousal_spike_rows_2_6_train_q90,blocked_temporal_70_30,1,binary,20260625,pca_only_random,2.252922296524048,5.111721515655518,2.26091165587148,-0.008972915259316249,-0.010030309261653688,-0.010030309261653688
arousal_spike_rows_2_6_train_q90,blocked_temporal_70_30,1,binary,20260626,pca_only_random,2.9430739879608154,8.696829795837402,2.9490387918502194,-0.004159885146467739,-0.004507319722446519,-0.004507319722446519
arousal_spike_rows_2_6_train_q90,blocked_temporal_70_30,1,binary,20260627,pca_only_random,2.270960569381714,5.205397605895996,2.2815340466221397,-0.003400132917674529,-0.006146752221156085,-0.006146752221156085
arousal_spike_rows_2_6_train_q90,blocked_temporal_70_30,1,regression,20260625,pca_only_random,0.06504947692155838,0.01003169734030962,0.10015836131002553,0.0006204975770663064,-0.002816008930773921,-0.002816008930773921
arousal_spike_rows_2_6_train_q90,blocked_temporal_70_30,1,regression,20260626,pca_only_random,0.07288499176502228,0.014309586957097054,0.11962268579620278,0.003428728216633884,0.0010227474176846057,0.0010227474176846057
arousal_spike_rows_2_6_train_q90,blocked_temporal_70_30,1,regression,20260627,pca_only_random,0.06402070075273514,0.009472455829381943,0.09732654226562219,0.00021624247495544401,-0.0016219476087013854,-0.0016219476087013854
arousal_spike_rows_2_6_train_q90,blocked_temporal_70_30,1,regression_plus_binary,20260625,pca_only_random,0.07704140245914459,0.010865406133234501,0.10423725885322628,-0.00014164501993327083,0.0007469165124719973,-0.009970676784600218
arousal_spike_rows_2_6_train_q90,blocked_temporal_70_30,1,regression_plus_binary,20260626,pca_only_random,0.07707594335079193,0.011538591235876083,0.10741783481282838,0.0021189229230013083,0.0005358752229524954,-0.007613076921795456
arousal_spike_rows_2_6_train_q90,blocked_temporal_70_30,1,regression_plus_binary,20260627,pca_only_random,0.06425266712903976,0.009623443707823753,0.09809915243172977,0.0008840581819070752,0.0015324188397004266,-0.009305498525388992
arousal_spike_rows_2_6_train_q90,blocked_temporal_70_30,1,binary,20260625,pca_only_real,2.794224977493286,8.328347206115723,2.885887594158117,0.06102557257979789,0.04530309890719109,0.04530309890719109
arousal_spike_rows_2_6_train_q90,blocked_temporal_70_30,1,binary,20260626,pca_only_real,2.7031781673431396,7.763166427612305,2.786245938106022,0.06581830532080117,0.04370611620269451,0.04370611620269451
arousal_spike_rows_2_6_train_q90,blocked_temporal_70_30,1,binary,20260627,pca_only_real,2.538282632827759,6.811942100524902,2.6099697508831214,0.05832682993737417,0.040947284060301396,0.040947284060301396
arousal_spike_rows_2_6_train_q90,blocked_temporal_70_30,1,regression,20260625,pca_only_real,0.06717468798160553,0.011053534224629402,0.10513578945644249,0.06646400549499473,0.05885312470163565,0.05885312470163565
arousal_spike_rows_2_6_train_q90,blocked_temporal_70_30,1,regression,20260626,pca_only_real,0.08654570579528809,0.014721076004207134,0.12133044137481383,0.05225634313588058,0.04406019530522063,0.04406019530522063
arousal_spike_rows_2_6_train_q90,blocked_temporal_70_30,1,regression,20260627,pca_only_real,0.06830251216888428,0.011117467656731606,0.1054394027711254,0.054540869334631384,0.03818026434878139,0.03818026434878139
arousal_spike_rows_2_6_train_q90,blocked_temporal_70_30,1,regression_plus_binary,20260625,pca_only_real,0.07324569672346115,0.013219470158219337,0.11497595469583777,0.058895339377611856,0.05106833990560311,0.047141348329034945
arousal_spike_rows_2_6_train_q90,blocked_temporal_70_30,1,regression_plus_binary,20260626,pca_only_real,0.06640473008155823,0.010877850465476513,0.1042969341135036,0.03311798105386085,0.023514226373560043,0.04220032933630071
arousal_spike_rows_2_6_train_q90,blocked_temporal_70_30,1,regression_plus_binary,20260627,pca_only_real,0.07267196476459503,0.011347590014338493,0.10652506753970398,0.03739581554662928,0.030403071022267525,0.04004473722812201
arousal_spike_rows_2_6_train_q90,blocked_temporal_70_30,1,binary,20260625,pca_only_shuffled,2.4720540046691895,6.179272174835205,2.4858141875118513,0.0022040291158144107,-0.0012225783909084154,-0.0012225783909084154
arousal_spike_rows_2_6_train_q90,blocked_temporal_70_30,1,binary,20260626,pca_only_shuffled,3.2703256607055664,10.766951560974121,3.28130333266739,0.0019415307609338744,-0.001245592481470367,-0.001245592481470367
arousal_spike_rows_2_6_train_q90,blocked_temporal_70_30,1,binary,20260627,pca_only_shuffled,3.149941921234131,10.003658294677734,3.1628560344533128,0.0050093444966397066,0.004130914567842383,0.004130914567842383
arousal_spike_rows_2_6_train_q90,blocked_temporal_70_30,1,regression,20260625,pca_only_shuffled,0.06363281607627869,0.009647296741604805,0.09822065333525737,0.0002475274564972491,-0.005664566934730441,-0.005664566934730441
arousal_spike_rows_2_6_train_q90,blocked_temporal_70_30,1,regression,20260626,pca_only_shuffled,0.06897687911987305,0.00992715172469616,0.09963509283729383,-0.0006733981807463812,-0.002157962184791444,-0.002157962184791444
arousal_spike_rows_2_6_train_q90,blocked_temporal_70_30,1,regression,20260627,pca_only_shuffled,0.06507117301225662,0.009624160826206207,0.09810280743284673,0.005462356518357081,0.0030880894132824725,0.0030880894132824725
arousal_spike_rows_2_6_train_q90,blocked_temporal_70_30,1,regression_plus_binary,20260625,pca_only_shuffled,0.07387393712997437,0.011996227316558361,0.10952729028218657,-0.004395836250929622,0.0010081831152536638,-0.0009261194341256473
arousal_spike_rows_2_6_train_q90,blocked_temporal_70_30,1,regression_plus_binary,20260626,pca_only_shuffled,0.08567523956298828,0.014827040024101734,0.12176633370559259,-0.0038026619831005143,-0.0013596599964328594,0.00449154139985747
arousal_spike_rows_2_6_train_q90,blocked_temporal_70_30,1,regression_plus_binary,20260627,pca_only_shuffled,0.070245161652565,0.010243162512779236,0.10120851008081898,-0.001560496077834746,7.181753963182805e-05,0.0006700438225649482
arousal_spike_rows_2_6_train_q90,blocked_temporal_70_30,1,binary,20260625,quality_only,2.3318369388580322,5.5177483558654785,2.348988794325226,0.027695608952203448,0.017076185988591654,0.017076185988591654
arousal_spike_rows_2_6_train_q90,blocked_temporal_70_30,1,binary,20260626,quality_only,2.790140151977539,7.81630802154541,2.7957660884890587,0.017002392048630056,0.03335531694250669,0.03335531694250669
arousal_spike_rows_2_6_train_q90,blocked_temporal_70_30,1,binary,20260627,quality_only,2.7842862606048584,7.804986476898193,2.79374058869076,0.02376411602836924,0.03975010091034935,0.03975010091034935
arousal_spike_rows_2_6_train_q90,blocked_temporal_70_30,1,regression,20260625,quality_only,0.06273411214351654,0.009335451759397984,0.09662014158237393,0.008937062558118252,0.018332864248128907,0.018332864248128907
arousal_spike_rows_2_6_train_q90,blocked_temporal_70_30,1,regression,20260626,quality_only,0.06276484578847885,0.009334485977888107,0.09661514362608022,0.006373848397715566,0.00649208870745095,0.00649208870745095
arousal_spike_rows_2_6_train_q90,blocked_temporal_70_30,1,regression,20260627,quality_only,0.06254418194293976,0.009362372569739819,0.09675935391340632,-0.002945124115095714,0.009546927606230273,0.009546927606230273
arousal_spike_rows_2_6_train_q90,blocked_temporal_70_30,1,regression_plus_binary,20260625,quality_only,0.06406979262828827,0.009321736171841621,0.09654913863852758,0.023675517349533316,0.010001263327946002,0.009665274144477235
arousal_spike_rows_2_6_train_q90,blocked_temporal_70_30,1,regression_plus_binary,20260626,quality_only,0.06128837540745735,0.010750639252364635,0.10368528946945481,0.0017896337180495336,0.03817816761000334,0.02633231015549383
arousal_spike_rows_2_6_train_q90,blocked_temporal_70_30,1,regression_plus_binary,20260627,quality_only,0.06290803104639053,0.009366363286972046,0.09677997358427025,-0.009176403996144281,0.012745438594760718,0.021787064296363123
arousal_spike_rows_2_6_train_q90,blocked_temporal_70_30,1,binary,20260625,real_ar_pca_diag,3.5765504837036133,14.267759323120117,3.777268765009993,0.23436344091562,0.17757542069391524,0.17757542069391524
arousal_spike_rows_2_6_train_q90,blocked_temporal_70_30,1,binary,20260626,real_ar_pca_diag,3.6622202396392822,14.942475318908691,3.8655498081008726,0.2234059433630488,0.1662313998164403,0.1662313998164403
arousal_spike_rows_2_6_train_q90,blocked_temporal_70_30,1,binary,20260627,real_ar_pca_diag,3.628142833709717,14.657763481140137,3.828545870319453,0.2266371070737027,0.17179369202630765,0.17179369202630765
arousal_spike_rows_2_6_train_q90,blocked_temporal_70_30,1,regression,20260625,real_ar_pca_diag,0.060861118137836456,0.009301598183810711,0.09644479345102415,0.24400468278811388,0.17694877511699117,0.17694877511699117
arousal_spike_rows_2_6_train_q90,blocked_temporal_70_30,1,regression,20260626,real_ar_pca_diag,0.06621997803449631,0.009942527860403061,0.09971222523042529,0.20453737450844353,0.14772076136583465,0.14772076136583465
arousal_spike_rows_2_6_train_q90,blocked_temporal_70_30,1,regression,20260627,real_ar_pca_diag,0.06774146109819412,0.010311819612979889,0.10154713000858216,0.22363428706518831,0.15356253971680808,0.15356253971680808
arousal_spike_rows_2_6_train_q90,blocked_temporal_70_30,1,regression_plus_binary,20260625,real_ar_pca_diag,0.07046026736497879,0.010900099761784077,0.10440354286030755,0.15066843225131396,0.11205461409041578,0.1849263412339829
arousal_spike_rows_2_6_train_q90,blocked_temporal_70_30,1,regression_plus_binary,20260626,real_ar_pca_diag,0.06747136265039444,0.010444213636219501,0.10219693555199931,0.16594055724316706,0.10299209105677463,0.170969881191392
arousal_spike_rows_2_6_train_q90,blocked_temporal_70_30,1,regression_plus_binary,20260627,real_ar_pca_diag,0.07125654816627502,0.011319372802972794,0.1063925411059102,0.1331968981444219,0.08571746383943447,0.17704868987488734
arousal_spike_rows_2_6_train_q90,blocked_temporal_70_30,1,binary,20260625,shuffled_diag_only,2.246978759765625,5.0601959228515625,2.249487924584518,0.00669589420565405,0.005483809246153968,0.005483809246153968
arousal_spike_rows_2_6_train_q90,blocked_temporal_70_30,1,binary,20260626,shuffled_diag_only,2.2227444648742676,4.953910827636719,2.225738265752898,0.0037405838315579423,0.0015719866753065922,0.0015719866753065922
arousal_spike_rows_2_6_train_q90,blocked_temporal_70_30,1,binary,20260627,shuffled_diag_only,2.256009817123413,5.101426124572754,2.2586336853444724,0.006278634303325829,0.007073868846464198,0.007073868846464198
arousal_spike_rows_2_6_train_q90,blocked_temporal_70_30,1,regression,20260625,shuffled_diag_only,0.0635499581694603,0.00930773001164198,0.0964765775286519,-0.0011095553335586626,-0.0006261372048452079,-0.0006261372048452079
arousal_spike_rows_2_6_train_q90,blocked_temporal_70_30,1,regression,20260626,shuffled_diag_only,0.06356073170900345,0.009307365864515305,0.09647469027944741,-0.0009655670434076741,-0.0011185577763307085,-0.0011185577763307085
arousal_spike_rows_2_6_train_q90,blocked_temporal_70_30,1,regression,20260627,shuffled_diag_only,0.06386552006006241,0.009305275976657867,0.09646385839607427,0.0057622551622831825,0.0026685978403841806,0.0026685978403841806
arousal_spike_rows_2_6_train_q90,blocked_temporal_70_30,1,regression_plus_binary,20260625,shuffled_diag_only,0.06359667330980301,0.009323829784989357,0.09655998024538612,-0.005439888274915145,-0.0013116758240107969,0.0034769415706903143
arousal_spike_rows_2_6_train_q90,blocked_temporal_70_30,1,regression_plus_binary,20260626,shuffled_diag_only,0.06392802298069,0.009311259724199772,0.09649486890088908,0.006469443164518071,0.0039544854264866895,0.0043354742283501346
arousal_spike_rows_2_6_train_q90,blocked_temporal_70_30,1,regression_plus_binary,20260627,shuffled_diag_only,0.06510186940431595,0.009398114867508411,0.09694387483234003,-0.010890471897434233,-0.007991048249624195,0.00016048894780941884
arousal_spike_rows_2_6_train_q90,blocked_temporal_70_30,1,binary,20260625,time_only,2.5695879459381104,6.619920253753662,2.5729205688776444,-0.026819456185958105,-0.008058048982179393,-0.008058048982179393
arousal_spike_rows_2_6_train_q90,blocked_temporal_70_30,1,binary,20260626,time_only,2.5430867671966553,6.4849934577941895,2.546565031133937,-0.018431504861045212,0.0010290749079007663,0.0010290749079007663
arousal_spike_rows_2_6_train_q90,blocked_temporal_70_30,1,binary,20260627,time_only,2.8810412883758545,8.33215618133545,2.8865474500405237,-0.02176426286231531,-0.005001022302412279,-0.005001022302412279
arousal_spike_rows_2_6_train_q90,blocked_temporal_70_30,1,regression,20260625,time_only,0.07540038973093033,0.010018633678555489,0.10009312503142005,0.02016938679003837,0.0022453612381957673,0.0022453612381957673
arousal_spike_rows_2_6_train_q90,blocked_temporal_70_30,1,regression,20260626,time_only,0.10837288200855255,0.01642167568206787,0.12814708612398437,0.004053448329181182,-0.0008918220392784876,-0.0008918220392784876
arousal_spike_rows_2_6_train_q90,blocked_temporal_70_30,1,regression,20260627,time_only,0.06222344934940338,0.009530112147331238,0.09762229329067842,-0.013462934948861204,-0.0012429702629717181,-0.0012429702629717181
arousal_spike_rows_2_6_train_q90,blocked_temporal_70_30,1,regression_plus_binary,20260625,time_only,0.07168208062648773,0.009778744541108608,0.09888753481156565,0.006738843486165911,0.013648739885520676,0.008858905445521903
arousal_spike_rows_2_6_train_q90,blocked_temporal_70_30,1,regression_plus_binary,20260626,time_only,0.05613889545202255,0.010269063524901867,0.10133638796060311,-0.01638964393341039,-0.005752577421058841,-0.004352573252203363
arousal_spike_rows_2_6_train_q90,blocked_temporal_70_30,1,regression_plus_binary,20260627,time_only,0.058276936411857605,0.009936251677572727,0.09968074878115998,-0.023822965062268203,-0.011397107652549717,0.004778376611124752
arousal_spike_rows_2_6_train_q90,blocked_temporal_70_30,1,binary,20260625,video_mean_pca_oracle_diagnostic,3.021158456802368,11.718982696533203,3.4232999717426464,0.09405117385655212,-0.03971018359894641,-0.03971018359894641
arousal_spike_rows_2_6_train_q90,blocked_temporal_70_30,1,binary,20260626,video_mean_pca_oracle_diagnostic,3.0764031410217285,12.614852905273438,3.5517394196750187,0.08871401009586317,-0.04394403931567389,-0.04394403931567389
arousal_spike_rows_2_6_train_q90,blocked_temporal_70_30,1,binary,20260627,video_mean_pca_oracle_diagnostic,2.9677734375,11.400958061218262,3.376530476867973,0.08816345582144483,-0.044683814159532514,-0.044683814159532514
arousal_spike_rows_2_6_train_q90,blocked_temporal_70_30,1,regression,20260625,video_mean_pca_oracle_diagnostic,0.06506013125181198,0.009378369897603989,0.09684198416804557,0.1262856668165147,0.00021426706928771977,0.00021426706928771977
arousal_spike_rows_2_6_train_q90,blocked_temporal_70_30,1,regression,20260626,video_mean_pca_oracle_diagnostic,0.06433582305908203,0.00936545804142952,0.09677529664862577,0.1257547329143026,-0.002929582020357713,-0.002929582020357713
arousal_spike_rows_2_6_train_q90,blocked_temporal_70_30,1,regression,20260627,video_mean_pca_oracle_diagnostic,0.06411449611186981,0.00937722809612751,0.09683608881056437,0.12489025940837102,-0.006090279893681892,-0.006090279893681892
arousal_spike_rows_2_6_train_q90,blocked_temporal_70_30,1,regression_plus_binary,20260625,video_mean_pca_oracle_diagnostic,0.06525642424821854,0.009324942715466022,0.09656574297061056,0.11978935840199295,-0.01780619679142699,-0.041908778097555464
arousal_spike_rows_2_6_train_q90,blocked_temporal_70_30,1,regression_plus_binary,20260626,video_mean_pca_oracle_diagnostic,0.06567562371492386,0.009335754439234734,0.09662170790891006,0.11443105097512503,-0.022338519221129515,-0.04150689078003349
arousal_spike_rows_2_6_train_q90,blocked_temporal_70_30,1,regression_plus_binary,20260627,video_mean_pca_oracle_diagnostic,0.06422226876020432,0.00935052614659071,0.09669811863004735,0.11987490763863201,-0.017029311608937118,-0.04115606433835227
arousal_spike_rows_2_6_train_q90,grouped_video,1,binary,20260625,ar_only_head,2.919461250305176,11.82440185546875,3.438662800489276,0.2118813307800546,0.1971232241681979,0.1971232241681979
arousal_spike_rows_2_6_train_q90,grouped_video,1,binary,20260626,ar_only_head,2.8119983673095703,10.044742584228516,3.169344188350094,0.22493914189898112,0.20023532865444696,0.20023532865444696
arousal_spike_rows_2_6_train_q90,grouped_video,1,binary,20260627,ar_only_head,2.9016261100769043,11.634886741638184,3.410994978248749,0.21155283889149318,0.20002468397339088,0.20002468397339088
arousal_spike_rows_2_6_train_q90,grouped_video,1,regression,20260625,ar_only_head,0.05529168248176575,0.007920503616333008,0.08899721128402287,0.30417799201269846,0.28606167175874186,0.28606167175874186
arousal_spike_rows_2_6_train_q90,grouped_video,1,regression,20260626,ar_only_head,0.05537772551178932,0.007917526178061962,0.08898048200623529,0.3048983823190548,0.28968330365229544,0.28968330365229544
arousal_spike_rows_2_6_train_q90,grouped_video,1,regression,20260627,ar_only_head,0.055968936532735825,0.00791903492063284,0.08898895954348966,0.3028378243182041,0.2802776838050371,0.2802776838050371
arousal_spike_rows_2_6_train_q90,grouped_video,1,regression_plus_binary,20260625,ar_only_head,0.058172330260276794,0.00788079109042883,0.08877381984813332,0.310586172570692,0.27865717117040545,0.2099707999038554
arousal_spike_rows_2_6_train_q90,grouped_video,1,regression_plus_binary,20260626,ar_only_head,0.05621824041008949,0.007899193093180656,0.08887740485174314,0.3095976476030802,0.27896064446029756,0.20505645267805353
arousal_spike_rows_2_6_train_q90,grouped_video,1,regression_plus_binary,20260627,ar_only_head,0.05494772642850876,0.00789154227823019,0.0888343530298397,0.3112665471768831,0.27785542049189754,0.21112802262326266
arousal_spike_rows_2_6_train_q90,grouped_video,1,binary,20260625,ar_plus_random_pca,2.699369192123413,8.116179466247559,2.8488909186291353,0.23406081711239013,0.2181196628668955,0.2181196628668955
arousal_spike_rows_2_6_train_q90,grouped_video,1,binary,20260626,ar_plus_random_pca,2.7323858737945557,8.341155052185059,2.888105789645708,0.23498916671400447,0.2113917530997701,0.2113917530997701
arousal_spike_rows_2_6_train_q90,grouped_video,1,binary,20260627,ar_plus_random_pca,2.6679701805114746,7.9553914070129395,2.820530341445193,0.2352640433916177,0.2144607068698051,0.2144607068698051
arousal_spike_rows_2_6_train_q90,grouped_video,1,regression,20260625,ar_plus_random_pca,0.05692892149090767,0.008139842189848423,0.0902210739785801,0.2612379357609613,0.23816699165161015,0.23816699165161015
arousal_spike_rows_2_6_train_q90,grouped_video,1,regression,20260626,ar_plus_random_pca,0.05783994868397713,0.008269071578979492,0.09093443560598753,0.24678541983815516,0.21759715670903132,0.21759715670903132
arousal_spike_rows_2_6_train_q90,grouped_video,1,regression,20260627,ar_plus_random_pca,0.057667169719934464,0.008245538920164108,0.09080494986598532,0.24927469800327098,0.22565821649998039,0.22565821649998039
arousal_spike_rows_2_6_train_q90,grouped_video,1,regression_plus_binary,20260625,ar_plus_random_pca,0.057027220726013184,0.00819606427103281,0.09053211734535324,0.25466058205571207,0.2209050716228921,0.21549720383671386
arousal_spike_rows_2_6_train_q90,grouped_video,1,regression_plus_binary,20260626,ar_plus_random_pca,0.05700133368372917,0.00823384989053011,0.09074056364454713,0.2514965470171181,0.21774669514622055,0.21458593265339115
arousal_spike_rows_2_6_train_q90,grouped_video,1,regression_plus_binary,20260627,ar_plus_random_pca,0.059532180428504944,0.008465498685836792,0.09200814467120176,0.21670825643594366,0.18720949712635898,0.21391766414147578
arousal_spike_rows_2_6_train_q90,grouped_video,1,binary,20260625,ar_plus_shuffled_pca,2.7470340728759766,8.475750923156738,2.911314294808573,0.2322351689407515,0.21457454162517192,0.21457454162517192
arousal_spike_rows_2_6_train_q90,grouped_video,1,binary,20260626,ar_plus_shuffled_pca,2.700862407684326,8.169157028198242,2.8581737225365154,0.2311943068727795,0.21342566038451632,0.21342566038451632
arousal_spike_rows_2_6_train_q90,grouped_video,1,binary,20260627,ar_plus_shuffled_pca,2.839005708694458,9.10951042175293,3.018196551212815,0.23308621786014463,0.2097022311086416,0.2097022311086416
arousal_spike_rows_2_6_train_q90,grouped_video,1,regression,20260625,ar_plus_shuffled_pca,0.05797892063856125,0.008326942101120949,0.09125207998243628,0.24343640355372267,0.2227174297180286,0.2227174297180286
arousal_spike_rows_2_6_train_q90,grouped_video,1,regression,20260626,ar_plus_shuffled_pca,0.05801858380436897,0.008285080082714558,0.09102241527620852,0.2446629937189011,0.22341465646551786,0.22341465646551786
arousal_spike_rows_2_6_train_q90,grouped_video,1,regression,20260627,ar_plus_shuffled_pca,0.057028718292713165,0.00825403816998005,0.09085173729753356,0.25199141652840595,0.2366953971805261,0.2366953971805261
arousal_spike_rows_2_6_train_q90,grouped_video,1,regression_plus_binary,20260625,ar_plus_shuffled_pca,0.057377204298973083,0.008152744732797146,0.09029255081565227,0.25798274168996677,0.23349100242289966,0.2157694207813298
arousal_spike_rows_2_6_train_q90,grouped_video,1,regression_plus_binary,20260626,ar_plus_shuffled_pca,0.05774213373661041,0.00820391345769167,0.09057545725908134,0.2534636684488601,0.22445500452775657,0.21161143549711672
arousal_spike_rows_2_6_train_q90,grouped_video,1,regression_plus_binary,20260627,ar_plus_shuffled_pca,0.057727303355932236,0.008360495790839195,0.09143574678887462,0.236540576112814,0.20844548876999108,0.21201058789750452
arousal_spike_rows_2_6_train_q90,grouped_video,1,binary,20260625,diag_only,2.4031589031219482,5.9281697273254395,2.4347833019234875,0.03717912911989556,0.0889411666773481,0.0889411666773481
arousal_spike_rows_2_6_train_q90,grouped_video,1,binary,20260626,diag_only,2.365565299987793,5.697592258453369,2.386962978023197,0.023808221907274534,0.07849157120877248,0.07849157120877248
arousal_spike_rows_2_6_train_q90,grouped_video,1,binary,20260627,diag_only,2.3533661365509033,5.681429386138916,2.3835749172490712,0.027595804981790446,0.08032649223519177,0.08032649223519177
arousal_spike_rows_2_6_train_q90,grouped_video,1,regression,20260625,diag_only,0.05918938294053078,0.008705520071089268,0.093303376525661,0.06542558297896385,0.09910887670614474,0.09910887670614474
arousal_spike_rows_2_6_train_q90,grouped_video,1,regression,20260626,diag_only,0.05895733833312988,0.008733044378459454,0.09345075911119959,0.05012350146972356,0.08575435691178154,0.08575435691178154
arousal_spike_rows_2_6_train_q90,grouped_video,1,regression,20260627,diag_only,0.06009714677929878,0.008709087036550045,0.09332248944681043,0.05136737062075326,0.09490823463535138,0.09490823463535138
arousal_spike_rows_2_6_train_q90,grouped_video,1,regression_plus_binary,20260625,diag_only,0.0605420358479023,0.008743935264647007,0.09350901167613208,0.027147786795579013,0.07403098875932075,0.07527162688330766
arousal_spike_rows_2_6_train_q90,grouped_video,1,regression_plus_binary,20260626,diag_only,0.060910191386938095,0.008737714029848576,0.09347574032789778,0.03242740827888495,0.08507285101908289,0.07816551323313112
arousal_spike_rows_2_6_train_q90,grouped_video,1,regression_plus_binary,20260627,diag_only,0.062219295650720596,0.008711015805602074,0.09333282276670986,0.044221124585776005,0.09087564120890798,0.0815159212182252
arousal_spike_rows_2_6_train_q90,grouped_video,1,binary,20260625,label_permutation,2.1284289360046387,4.688800811767578,2.1653638982322527,0.014691989218490914,-0.0032555570785721397,-0.0032555570785721397
arousal_spike_rows_2_6_train_q90,grouped_video,1,binary,20260626,label_permutation,2.671952486038208,8.684065818786621,2.946873906156594,0.0009664221536079868,0.00399094004643443,0.00399094004643443
arousal_spike_rows_2_6_train_q90,grouped_video,1,binary,20260627,label_permutation,2.1623849868774414,4.865024566650391,2.2056800689697478,0.011389883673704842,-0.00506593346737526,-0.00506593346737526
arousal_spike_rows_2_6_train_q90,grouped_video,1,regression,20260625,label_permutation,0.060798320919275284,0.008934345096349716,0.09452166469307297,-0.01868094298376849,-0.01423343903333397,-0.01423343903333397
arousal_spike_rows_2_6_train_q90,grouped_video,1,regression,20260626,label_permutation,0.06087715923786163,0.009231766685843468,0.09608208306361529,-0.014362335309738544,-0.0020882222286272667,-0.0020882222286272667
arousal_spike_rows_2_6_train_q90,grouped_video,1,regression,20260627,label_permutation,0.06205301359295845,0.008998081088066101,0.09485821571200936,-0.023537231200679055,-0.01562605408933789,-0.01562605408933789
arousal_spike_rows_2_6_train_q90,grouped_video,1,regression_plus_binary,20260625,label_permutation,0.06465231627225876,0.009176861494779587,0.09579593673418298,-0.009766070400242273,-0.011553016110742104,-0.004012929763697168
arousal_spike_rows_2_6_train_q90,grouped_video,1,regression_plus_binary,20260626,label_permutation,0.061922211199998856,0.009327145293354988,0.09657714684828388,-0.013485478308554658,-0.006299157584355511,-0.0006915995501224956
arousal_spike_rows_2_6_train_q90,grouped_video,1,regression_plus_binary,20260627,label_permutation,0.06200714781880379,0.00920941960066557,0.09596572096673671,-0.011669755656753548,-0.005603473170309284,-0.0028059810570949108
arousal_spike_rows_2_6_train_q90,grouped_video,1,binary,20260625,pca_only_random,2.3157613277435303,5.415038108825684,2.327023443978527,-0.001086357517947399,0.000585476257112189,0.000585476257112189
arousal_spike_rows_2_6_train_q90,grouped_video,1,binary,20260626,pca_only_random,2.3713395595550537,5.660165786743164,2.3791102931018484,0.002005321329266041,0.0016515113366181954,0.0016515113366181954
arousal_spike_rows_2_6_train_q90,grouped_video,1,binary,20260627,pca_only_random,2.4424638748168945,6.232468605041504,2.496491258755276,0.006208911160489884,0.0021875882861789133,0.0021875882861789133
arousal_spike_rows_2_6_train_q90,grouped_video,1,regression,20260625,pca_only_random,0.06183367595076561,0.008959360420703888,0.09465389807453198,0.001254216188197984,-0.0013881974299654167,-0.0013881974299654167
arousal_spike_rows_2_6_train_q90,grouped_video,1,regression,20260626,pca_only_random,0.06191343814134598,0.008908589370548725,0.09438532391504903,-0.0027142260918784113,-0.0066135763328935985,-0.0066135763328935985
arousal_spike_rows_2_6_train_q90,grouped_video,1,regression,20260627,pca_only_random,0.06056298315525055,0.00884991604834795,0.09407399241207928,0.0037711439932983917,0.0062230279949009116,0.0062230279949009116
arousal_spike_rows_2_6_train_q90,grouped_video,1,regression_plus_binary,20260625,pca_only_random,0.05979271978139877,0.009028802625834942,0.09502001171245425,0.003917716436854247,0.005344459715250536,0.004255360098306396
arousal_spike_rows_2_6_train_q90,grouped_video,1,regression_plus_binary,20260626,pca_only_random,0.060700710862874985,0.008903221227228642,0.09435688224622855,0.0008301961424785106,-0.0013875088289235968,-0.0002267791915551806
arousal_spike_rows_2_6_train_q90,grouped_video,1,regression_plus_binary,20260627,pca_only_random,0.06257294863462448,0.008912414312362671,0.09440558411642117,0.006515378965446056,0.005953858250862757,0.0029639690809384373
arousal_spike_rows_2_6_train_q90,grouped_video,1,binary,20260625,pca_only_real,2.4064667224884033,6.17996883392334,2.4859543105059956,0.09828958135963739,0.10913591894789242,0.10913591894789242
arousal_spike_rows_2_6_train_q90,grouped_video,1,binary,20260626,pca_only_real,2.4398486614227295,6.385283470153809,2.526911844555288,0.10615439048345666,0.11874589585269375,0.11874589585269375
arousal_spike_rows_2_6_train_q90,grouped_video,1,binary,20260627,pca_only_real,2.40053391456604,6.114278316497803,2.472706678216768,0.09695655672363056,0.10892008458175632,0.10892008458175632
arousal_spike_rows_2_6_train_q90,grouped_video,1,regression,20260625,pca_only_real,0.06807360798120499,0.010684325359761715,0.10336501032632714,0.09351942408824489,0.08847672645775219,0.08847672645775219
arousal_spike_rows_2_6_train_q90,grouped_video,1,regression,20260626,pca_only_real,0.06484116613864899,0.010049995966255665,0.10024966816032692,0.09603666254976322,0.09735792194218962,0.09735792194218962
arousal_spike_rows_2_6_train_q90,grouped_video,1,regression,20260627,pca_only_real,0.0658317506313324,0.010131891816854477,0.10065729887521559,0.10412587908553325,0.10169277646571456,0.10169277646571456
arousal_spike_rows_2_6_train_q90,grouped_video,1,regression_plus_binary,20260625,pca_only_real,0.061559487134218216,0.009125776588916779,0.09552893063840283,0.10049788268934293,0.09124704919557451,0.10570077429336645
arousal_spike_rows_2_6_train_q90,grouped_video,1,regression_plus_binary,20260626,pca_only_real,0.06048016622662544,0.00887106079608202,0.0941863089630442,0.10886164247315534,0.11409530662008231,0.11597707305213213
arousal_spike_rows_2_6_train_q90,grouped_video,1,regression_plus_binary,20260627,pca_only_real,0.06274504959583282,0.009245919063687325,0.09615570219018384,0.09288916756059581,0.09663744520390863,0.11004244093663088
arousal_spike_rows_2_6_train_q90,grouped_video,1,binary,20260625,pca_only_shuffled,2.31844162940979,5.428237438201904,2.3298578150183125,0.0008656891911129653,-0.005089349862256146,-0.005089349862256146
arousal_spike_rows_2_6_train_q90,grouped_video,1,binary,20260626,pca_only_shuffled,2.316535711288452,5.418173789978027,2.3276971001352447,-0.002073151406283789,-0.005265081105540196,-0.005265081105540196
arousal_spike_rows_2_6_train_q90,grouped_video,1,binary,20260627,pca_only_shuffled,2.3400909900665283,5.5163469314575195,2.348690471615517,-0.00046627638113696645,-0.00900004056477781,-0.00900004056477781
arousal_spike_rows_2_6_train_q90,grouped_video,1,regression,20260625,pca_only_shuffled,0.06191209703683853,0.008808763697743416,0.09385501423868314,0.002078276078718062,-0.0030124599076896443,-0.0030124599076896443
arousal_spike_rows_2_6_train_q90,grouped_video,1,regression,20260626,pca_only_shuffled,0.06167810410261154,0.008842960000038147,0.09403701398937626,0.001870170767533048,0.0003677475675833178,0.0003677475675833178
arousal_spike_rows_2_6_train_q90,grouped_video,1,regression,20260627,pca_only_shuffled,0.06118587777018547,0.008856020867824554,0.09410643372174166,-0.004163688091189586,-0.011226140533281026,-0.011226140533281026
arousal_spike_rows_2_6_train_q90,grouped_video,1,regression_plus_binary,20260625,pca_only_shuffled,0.06228894367814064,0.008909993804991245,0.09439276352025745,-0.00982974356867873,-0.012447860233873896,-0.013611831213910817
arousal_spike_rows_2_6_train_q90,grouped_video,1,regression_plus_binary,20260626,pca_only_shuffled,0.05959964171051979,0.008831409737467766,0.09397558053807258,5.7908047104395344e-05,-0.011051649093749259,-0.010423900884972451
arousal_spike_rows_2_6_train_q90,grouped_video,1,regression_plus_binary,20260627,pca_only_shuffled,0.08399701863527298,0.01167441438883543,0.10804820400559849,-0.002943788925036649,-0.008202101873934274,-0.011871547785131038
arousal_spike_rows_2_6_train_q90,grouped_video,1,binary,20260625,quality_only,2.334317445755005,5.539815902709961,2.3536813511412205,0.025796020722134983,0.044867303651371045,0.044867303651371045
arousal_spike_rows_2_6_train_q90,grouped_video,1,binary,20260626,quality_only,2.364666700363159,5.705206394195557,2.388557387670549,0.033348427610596414,0.05970029698832513,0.05970029698832513
arousal_spike_rows_2_6_train_q90,grouped_video,1,binary,20260627,quality_only,2.3369884490966797,5.578183174133301,2.361817769035812,0.026991435822819876,0.053320638758686784,0.053320638758686784
arousal_spike_rows_2_6_train_q90,grouped_video,1,regression,20260625,quality_only,0.060560233891010284,0.00870607327669859,0.09330634103156435,0.040704042530059166,0.051582124419792534,0.051582124419792534
arousal_spike_rows_2_6_train_q90,grouped_video,1,regression,20260626,quality_only,0.06053432822227478,0.00871365051716566,0.09334693630304992,0.027955697463021015,0.04489131466576795,0.04489131466576795
arousal_spike_rows_2_6_train_q90,grouped_video,1,regression,20260627,quality_only,0.06110204756259918,0.008722556754946709,0.09339462915471483,0.02855644936529795,0.0456886921964602,0.0456886921964602
arousal_spike_rows_2_6_train_q90,grouped_video,1,regression_plus_binary,20260625,quality_only,0.06145136058330536,0.008703875355422497,0.09329456230361176,0.04673330357551693,0.04882716038830082,0.05099090844110488
arousal_spike_rows_2_6_train_q90,grouped_video,1,regression_plus_binary,20260626,quality_only,0.06031001731753349,0.008709821850061417,0.0933264263221378,0.047712036959832095,0.06442822537343039,0.05384284266928116
arousal_spike_rows_2_6_train_q90,grouped_video,1,regression_plus_binary,20260627,quality_only,0.06297269463539124,0.008748557418584824,0.09353372342949266,0.02915104087234904,0.06345532961271225,0.04965286123233617
arousal_spike_rows_2_6_train_q90,grouped_video,1,binary,20260625,real_ar_pca_diag,2.649070978164673,8.233681678771973,2.8694392620810034,0.27055373694674656,0.2425018930770272,0.2425018930770272
arousal_spike_rows_2_6_train_q90,grouped_video,1,binary,20260626,real_ar_pca_diag,2.64520001411438,8.136096000671387,2.852384265955656,0.2669540742698793,0.23962595902436332,0.23962595902436332
arousal_spike_rows_2_6_train_q90,grouped_video,1,binary,20260627,real_ar_pca_diag,2.664738416671753,8.320291519165039,2.8844915529716912,0.2688950650938015,0.2425788867686466,0.2425788867686466
arousal_spike_rows_2_6_train_q90,grouped_video,1,regression,20260625,real_ar_pca_diag,0.057555362582206726,0.008200953714549541,0.09055911723592242,0.2877605532093722,0.23457219715891522,0.23457219715891522
arousal_spike_rows_2_6_train_q90,grouped_video,1,regression,20260626,real_ar_pca_diag,0.05846879258751869,0.008529948070645332,0.0923577179809318,0.2596865066421072,0.22442994330264837,0.22442994330264837
arousal_spike_rows_2_6_train_q90,grouped_video,1,regression,20260627,real_ar_pca_diag,0.05833734944462776,0.0083879753947258,0.09158589080598495,0.2711183395764958,0.2364309992085263,0.2364309992085263
arousal_spike_rows_2_6_train_q90,grouped_video,1,regression_plus_binary,20260625,real_ar_pca_diag,0.0597190223634243,0.008343269117176533,0.09134149723524644,0.26454933793188035,0.21363070596139438,0.23969127254565528
arousal_spike_rows_2_6_train_q90,grouped_video,1,regression_plus_binary,20260626,real_ar_pca_diag,0.05848606303334236,0.008245407603681087,0.0908042267941371,0.2673411264029379,0.22530444144363823,0.24362997213545307
arousal_spike_rows_2_6_train_q90,grouped_video,1,regression_plus_binary,20260627,real_ar_pca_diag,0.06047457829117775,0.00859777256846428,0.09272417467124891,0.2513687632244007,0.20942974319964372,0.24170247924903596
arousal_spike_rows_2_6_train_q90,grouped_video,1,binary,20260625,shuffled_diag_only,2.361966371536255,5.594954490661621,2.3653656145851154,-0.0011141428183437906,-0.0010967660329202437,-0.0010967660329202437
arousal_spike_rows_2_6_train_q90,grouped_video,1,binary,20260626,shuffled_diag_only,2.2893667221069336,5.252930641174316,2.2919272765893592,-0.005659694381261708,-0.005649893033269208,-0.005649893033269208
arousal_spike_rows_2_6_train_q90,grouped_video,1,binary,20260627,shuffled_diag_only,2.2863662242889404,5.238940715789795,2.2888732415295077,-0.00548322460703218,-0.003702162047031303,-0.003702162047031303
arousal_spike_rows_2_6_train_q90,grouped_video,1,regression,20260625,shuffled_diag_only,0.060829415917396545,0.008702810853719711,0.09328885707156943,0.007522233895470875,0.0034415248141261238,0.0034415248141261238
arousal_spike_rows_2_6_train_q90,grouped_video,1,regression,20260626,shuffled_diag_only,0.061045557260513306,0.008709505200386047,0.09332472984362744,0.0011701141074486705,-2.839214809452186e-05,-2.839214809452186e-05
arousal_spike_rows_2_6_train_q90,grouped_video,1,regression,20260627,shuffled_diag_only,0.0615537166595459,0.008718560449779034,0.09337323197672358,-0.009038841965343509,-0.00619341364605077,-0.00619341364605077
arousal_spike_rows_2_6_train_q90,grouped_video,1,regression_plus_binary,20260625,shuffled_diag_only,0.06120337173342705,0.008708793669939041,0.0933209176441115,0.0006177722775898438,0.0026268603552610944,-0.0035972668014826277
arousal_spike_rows_2_6_train_q90,grouped_video,1,regression_plus_binary,20260626,shuffled_diag_only,0.0610373355448246,0.008706837892532349,0.09331043828282208,-0.0007917347851332366,-0.003019187472724269,-0.004971568065994122
arousal_spike_rows_2_6_train_q90,grouped_video,1,regression_plus_binary,20260627,shuffled_diag_only,0.06054423004388809,0.00870867446064949,0.0933202789357677,0.0020680033701793695,0.0042546801073738575,-0.003717108350074989
arousal_spike_rows_2_6_train_q90,grouped_video,1,binary,20260625,time_only,2.2959506511688232,5.296171188354492,2.301341171655018,0.05591201251355412,0.04851240103688417,0.04851240103688417
arousal_spike_rows_2_6_train_q90,grouped_video,1,binary,20260626,time_only,2.333263635635376,5.472378730773926,2.339311593348335,0.004914029209719668,0.050802702051914936,0.050802702051914936
arousal_spike_rows_2_6_train_q90,grouped_video,1,binary,20260627,time_only,2.2916934490203857,5.276119709014893,2.2969805634821756,0.05816506792772983,0.04940044922400421,0.04940044922400421
arousal_spike_rows_2_6_train_q90,grouped_video,1,regression,20260625,time_only,0.05893677845597267,0.008763357065618038,0.09361280396194763,0.038064985280910645,0.04341066438557098,0.04341066438557098
arousal_spike_rows_2_6_train_q90,grouped_video,1,regression,20260626,time_only,0.06082597374916077,0.008670060895383358,0.09311316177309928,0.05917797784547848,0.03715128584956498,0.03715128584956498
arousal_spike_rows_2_6_train_q90,grouped_video,1,regression,20260627,time_only,0.059868860989809036,0.008680137805640697,0.09316725715422075,0.05929596248265132,0.05357545832485033,0.05357545832485033
arousal_spike_rows_2_6_train_q90,grouped_video,1,regression_plus_binary,20260625,time_only,0.06218668445944786,0.008666366338729858,0.09309332059138216,0.06010402794369477,0.0506721287349162,0.048903904465023705
arousal_spike_rows_2_6_train_q90,grouped_video,1,regression_plus_binary,20260626,time_only,0.06043536588549614,0.00866693165153265,0.09309635681127726,0.06183573175268519,0.06252405373421252,0.05035567871036993
arousal_spike_rows_2_6_train_q90,grouped_video,1,regression_plus_binary,20260627,time_only,0.06081223487854004,0.008675663731992245,0.0931432430828573,0.05144718734101904,0.04632866898343237,0.054273062327656815
arousal_spike_rows_2_6_train_q90,grouped_video,1,binary,20260625,video_mean_pca_oracle_diagnostic,3.2720654010772705,13.851068496704102,3.7217023654107675,-0.0054421282301223015,-0.02023308430980833,-0.02023308430980833
arousal_spike_rows_2_6_train_q90,grouped_video,1,binary,20260626,video_mean_pca_oracle_diagnostic,3.2389886379241943,12.816147804260254,3.5799647769580436,-0.01304001353483091,-0.009249061382259683,-0.009249061382259683
arousal_spike_rows_2_6_train_q90,grouped_video,1,binary,20260627,video_mean_pca_oracle_diagnostic,3.1117303371429443,11.624220848083496,3.4094311619511393,-0.0015080788231061058,-0.025308893865668227,-0.025308893865668227
arousal_spike_rows_2_6_train_q90,grouped_video,1,regression,20260625,video_mean_pca_oracle_diagnostic,0.06293812394142151,0.009330685250461102,0.09659547220476279,-0.005017226285627722,-0.009786944245373373,-0.009786944245373373
arousal_spike_rows_2_6_train_q90,grouped_video,1,regression,20260626,video_mean_pca_oracle_diagnostic,0.06317745894193649,0.009330137632787228,0.09659263757029947,-0.0016140079797843279,-0.009970600250008711,-0.009970600250008711
arousal_spike_rows_2_6_train_q90,grouped_video,1,regression,20260627,video_mean_pca_oracle_diagnostic,0.06323004513978958,0.009407388977706432,0.09699169540587706,-0.015111735571332056,-0.023706804458224602,-0.023706804458224602
arousal_spike_rows_2_6_train_q90,grouped_video,1,regression_plus_binary,20260625,video_mean_pca_oracle_diagnostic,0.06191111356019974,0.009104513563215733,0.09541757470830901,0.013012797479170637,-0.0020601019413792224,-0.02516378081801519
arousal_spike_rows_2_6_train_q90,grouped_video,1,regression_plus_binary,20260626,video_mean_pca_oracle_diagnostic,0.06197849661111832,0.009099984541535378,0.09539383911728984,0.002136094487968689,-0.02001376078898312,-0.03124900241624628
arousal_spike_rows_2_6_train_q90,grouped_video,1,regression_plus_binary,20260627,video_mean_pca_oracle_diagnostic,0.0618898943066597,0.009206924587488174,0.09595272058408857,-0.009324870661493893,-0.017282914930217087,-0.03511486782055107
arousal_spike_rows_2_6_train_q90,grouped_video,2,binary,20260625,ar_only_head,2.801055431365967,10.23363971710205,3.1990060514325465,0.204336466741972,0.17969379492975615,0.17969379492975615
arousal_spike_rows_2_6_train_q90,grouped_video,2,binary,20260626,ar_only_head,2.730625629425049,9.235133171081543,3.0389361906893573,0.21211184964038085,0.1732104689210964,0.1732104689210964
arousal_spike_rows_2_6_train_q90,grouped_video,2,binary,20260627,ar_only_head,2.8269221782684326,10.748143196105957,3.278436089983448,0.2008658333385382,0.18175323371099808,0.18175323371099808
arousal_spike_rows_2_6_train_q90,grouped_video,2,regression,20260625,ar_only_head,0.058226246386766434,0.008039533160626888,0.08966344383653178,0.25151202633377767,0.24498831310829156,0.24498831310829156
arousal_spike_rows_2_6_train_q90,grouped_video,2,regression,20260626,ar_only_head,0.05779470503330231,0.008037256076931953,0.08965074498815921,0.2540215559376773,0.24639025643366141,0.24639025643366141
arousal_spike_rows_2_6_train_q90,grouped_video,2,regression,20260627,ar_only_head,0.057736001908779144,0.008039765059947968,0.08966473699257678,0.25447345444217084,0.24501835566457178,0.24501835566457178
arousal_spike_rows_2_6_train_q90,grouped_video,2,regression_plus_binary,20260625,ar_only_head,0.05898391082882881,0.00801396556198597,0.08952075492301195,0.25942761340920895,0.23321123013945538,0.1771139539044539
arousal_spike_rows_2_6_train_q90,grouped_video,2,regression_plus_binary,20260626,ar_only_head,0.05905377119779587,0.00802165362983942,0.08956368477144863,0.2566631590795546,0.2293720552740908,0.17995411156252789
arousal_spike_rows_2_6_train_q90,grouped_video,2,regression_plus_binary,20260627,ar_only_head,0.05597570165991783,0.008032000623643398,0.08962142948895313,0.268852140884169,0.2450848979803906,0.1712127898131867
arousal_spike_rows_2_6_train_q90,grouped_video,2,binary,20260625,ar_plus_random_pca,2.6950414180755615,8.0784912109375,2.8422686732498565,0.22802606222467614,0.16915523177175362,0.16915523177175362
arousal_spike_rows_2_6_train_q90,grouped_video,2,binary,20260626,ar_plus_random_pca,2.717308282852173,8.187225341796875,2.8613327911651374,0.2301786216656736,0.17024911244432842,0.17024911244432842
arousal_spike_rows_2_6_train_q90,grouped_video,2,binary,20260627,ar_plus_random_pca,2.608853816986084,7.593206882476807,2.7555774136243762,0.23020991497794377,0.1729300637128839,0.1729300637128839
arousal_spike_rows_2_6_train_q90,grouped_video,2,regression,20260625,ar_plus_random_pca,0.05919380858540535,0.008156769908964634,0.09031483770103689,0.23914058554965026,0.2022971485194884,0.2022971485194884
arousal_spike_rows_2_6_train_q90,grouped_video,2,regression,20260626,ar_plus_random_pca,0.05923071876168251,0.00831261370331049,0.09117353620053623,0.2238337757385793,0.18461110684826834,0.18461110684826834
arousal_spike_rows_2_6_train_q90,grouped_video,2,regression,20260627,ar_plus_random_pca,0.05904006212949753,0.008189264684915543,0.09049455610651694,0.23469286609058193,0.19928609559363863,0.19928609559363863
arousal_spike_rows_2_6_train_q90,grouped_video,2,regression_plus_binary,20260625,ar_plus_random_pca,0.059079669415950775,0.008260480128228664,0.09088718352016782,0.22174350448844327,0.1888586931159294,0.1696741367952861
arousal_spike_rows_2_6_train_q90,grouped_video,2,regression_plus_binary,20260626,ar_plus_random_pca,0.060533761978149414,0.008252431638538837,0.09084289536633472,0.21987378564315416,0.1770438904414138,0.1723575711748732
arousal_spike_rows_2_6_train_q90,grouped_video,2,regression_plus_binary,20260627,ar_plus_random_pca,0.06099097803235054,0.008425797335803509,0.09179214201555332,0.2036167132944823,0.1614231693453717,0.16517136390568019
arousal_spike_rows_2_6_train_q90,grouped_video,2,binary,20260625,ar_plus_shuffled_pca,2.6821250915527344,8.003060340881348,2.8289680699649735,0.23101144353854683,0.1747153459797413,0.1747153459797413
arousal_spike_rows_2_6_train_q90,grouped_video,2,binary,20260626,ar_plus_shuffled_pca,2.6753430366516113,7.999770641326904,2.828386579187312,0.22696825679345228,0.17006679818887957,0.17006679818887957
arousal_spike_rows_2_6_train_q90,grouped_video,2,binary,20260627,ar_plus_shuffled_pca,2.6083426475524902,7.590815544128418,2.7551434706977456,0.23160613758559961,0.1765805608582922,0.1765805608582922
arousal_spike_rows_2_6_train_q90,grouped_video,2,regression,20260625,ar_plus_shuffled_pca,0.05911412462592125,0.00809359923005104,0.08996443313916362,0.24688724680737364,0.20897015273222766,0.20897015273222766
arousal_spike_rows_2_6_train_q90,grouped_video,2,regression,20260626,ar_plus_shuffled_pca,0.05921413376927376,0.00822407566010952,0.09068668954212365,0.23305188370675883,0.19361852520700443,0.19361852520700443
arousal_spike_rows_2_6_train_q90,grouped_video,2,regression,20260627,ar_plus_shuffled_pca,0.058140724897384644,0.008195523172616959,0.09052912886257637,0.2409245169640517,0.20264767067489883,0.20264767067489883
arousal_spike_rows_2_6_train_q90,grouped_video,2,regression_plus_binary,20260625,ar_plus_shuffled_pca,0.05860479548573494,0.008174770511686802,0.09041443751794732,0.23580087596808427,0.19976600320604193,0.17210345474690947
arousal_spike_rows_2_6_train_q90,grouped_video,2,regression_plus_binary,20260626,ar_plus_shuffled_pca,0.06024780496954918,0.008182642981410027,0.09045796250972064,0.2287157210592063,0.18230541571830447,0.1767366994532595
arousal_spike_rows_2_6_train_q90,grouped_video,2,regression_plus_binary,20260627,ar_plus_shuffled_pca,0.059398069977760315,0.008333432488143444,0.09128763600917401,0.21740669739743565,0.17747173786393688,0.1722864956619671
arousal_spike_rows_2_6_train_q90,grouped_video,2,binary,20260625,diag_only,2.401139736175537,5.88726282119751,2.426368236933032,0.09688123112796508,0.06788302397992857,0.06788302397992857
arousal_spike_rows_2_6_train_q90,grouped_video,2,binary,20260626,diag_only,2.332681179046631,5.4972028732299805,2.3446114546401886,0.07094813987209196,0.027017923804207394,0.027017923804207394
arousal_spike_rows_2_6_train_q90,grouped_video,2,binary,20260627,diag_only,2.3502635955810547,5.598637580871582,2.3661440321484197,0.08296718222891353,0.04095320976789432,0.04095320976789432
arousal_spike_rows_2_6_train_q90,grouped_video,2,regression,20260625,diag_only,0.061866845935583115,0.00849759392440319,0.09218239487235722,0.09081149098761232,0.07654968566056056,0.07654968566056056
arousal_spike_rows_2_6_train_q90,grouped_video,2,regression,20260626,diag_only,0.061704788357019424,0.008494970388710499,0.0921681636396782,0.09248766773841495,0.07462702637681322,0.07462702637681322
arousal_spike_rows_2_6_train_q90,grouped_video,2,regression,20260627,diag_only,0.06027894467115402,0.008506393991410732,0.09223011434130791,0.09776949362205381,0.08272097544805149,0.08272097544805149
arousal_spike_rows_2_6_train_q90,grouped_video,2,regression_plus_binary,20260625,diag_only,0.06091267988085747,0.008502381853759289,0.09220836108379374,0.09341805362576422,0.08201180312994698,0.06394804081946044
arousal_spike_rows_2_6_train_q90,grouped_video,2,regression_plus_binary,20260626,diag_only,0.060860246419906616,0.008525704964995384,0.09233474408366216,0.07970671238023055,0.05207978498125739,0.0222690749277042
arousal_spike_rows_2_6_train_q90,grouped_video,2,regression_plus_binary,20260627,diag_only,0.060441747307777405,0.008524930104613304,0.09233054805758116,0.0864843057236758,0.04913264841571542,0.02512147163343251
arousal_spike_rows_2_6_train_q90,grouped_video,2,binary,20260625,label_permutation,2.135953426361084,4.739487171173096,2.177036327481261,0.005842396354866186,0.015448994245890689,0.015448994245890689
arousal_spike_rows_2_6_train_q90,grouped_video,2,binary,20260626,label_permutation,2.2853548526763916,5.733609199523926,2.3944956044068917,0.005761635384062204,0.03413756498356803,0.03413756498356803
arousal_spike_rows_2_6_train_q90,grouped_video,2,binary,20260627,label_permutation,2.479302406311035,6.694541931152344,2.58738128832075,0.011688585243558649,0.03596817736359304,0.03596817736359304
arousal_spike_rows_2_6_train_q90,grouped_video,2,regression,20260625,label_permutation,0.06272698193788528,0.008950834162533283,0.09460884822538156,-0.00995826233248069,-0.01916589268161476,-0.01916589268161476
arousal_spike_rows_2_6_train_q90,grouped_video,2,regression,20260626,label_permutation,0.061555784195661545,0.008941932581365108,0.09456179239716804,-0.005403481832570784,-0.009339554426295305,-0.009339554426295305
arousal_spike_rows_2_6_train_q90,grouped_video,2,regression,20260627,label_permutation,0.061646588146686554,0.00877381395548582,0.09366863912476694,-0.008376722301003189,-0.014284632582840863,-0.014284632582840863
arousal_spike_rows_2_6_train_q90,grouped_video,2,regression_plus_binary,20260625,label_permutation,0.08174847066402435,0.01291769091039896,0.11365602012387624,-0.03640892034645682,-0.04324364578372495,0.023198360854246963
arousal_spike_rows_2_6_train_q90,grouped_video,2,regression_plus_binary,20260626,label_permutation,0.07312443852424622,0.012042409740388393,0.10973791386931134,0.04144441233073321,0.015538150108798979,0.027600890916737935
arousal_spike_rows_2_6_train_q90,grouped_video,2,regression_plus_binary,20260627,label_permutation,0.07556624710559845,0.012898854911327362,0.11357312583233484,-0.05357856090726938,-0.06439455250956445,0.02694635597051566
arousal_spike_rows_2_6_train_q90,grouped_video,2,binary,20260625,pca_only_random,2.1636240482330322,4.714509010314941,2.171292014058667,-0.0011247795685808558,-0.0011931737704307063,-0.0011931737704307063
arousal_spike_rows_2_6_train_q90,grouped_video,2,binary,20260626,pca_only_random,2.3381876945495605,5.531830310821533,2.3519843347313207,-0.0020373094396828576,-0.001358451940266643,-0.001358451940266643
arousal_spike_rows_2_6_train_q90,grouped_video,2,binary,20260627,pca_only_random,2.8690240383148193,9.582880973815918,3.095622873319022,-0.008312601362665479,-0.0073785685632115445,-0.0073785685632115445
arousal_spike_rows_2_6_train_q90,grouped_video,2,regression,20260625,pca_only_random,0.061619892716407776,0.00887991301715374,0.09423329038696325,-0.0008027875583171446,-0.004867470161077904,-0.004867470161077904
arousal_spike_rows_2_6_train_q90,grouped_video,2,regression,20260626,pca_only_random,0.06319810450077057,0.008747534826397896,0.0935282568339531,-0.0021650233208344192,-0.0008441815907425719,-0.0008441815907425719
arousal_spike_rows_2_6_train_q90,grouped_video,2,regression,20260627,pca_only_random,0.06302530318498611,0.008748981170356274,0.09353598863729551,-0.0034421594913630433,-0.006397432845310741,-0.006397432845310741
arousal_spike_rows_2_6_train_q90,grouped_video,2,regression_plus_binary,20260625,pca_only_random,0.06348881125450134,0.00890384428203106,0.09436018377489024,-0.0063455010321325014,-0.004127007130429864,-0.0014608040141087899
arousal_spike_rows_2_6_train_q90,grouped_video,2,regression_plus_binary,20260626,pca_only_random,0.06764174997806549,0.01057645957916975,0.10284191547793026,-0.0008869184706590582,-0.0005033125276629037,-0.002479612421568471
arousal_spike_rows_2_6_train_q90,grouped_video,2,regression_plus_binary,20260627,pca_only_random,0.06240854039788246,0.008785584941506386,0.0937314511863888,-0.0018666349515538833,0.0007344761838999621,0.0024289472098279084
arousal_spike_rows_2_6_train_q90,grouped_video,2,binary,20260625,pca_only_real,2.4265635013580322,6.334917068481445,2.516926115022339,0.1490024166479753,0.1138223706231142,0.1138223706231142
arousal_spike_rows_2_6_train_q90,grouped_video,2,binary,20260626,pca_only_real,2.4223926067352295,6.286252498626709,2.5072400161585464,0.14713525860120263,0.1113135427918876,0.1113135427918876
arousal_spike_rows_2_6_train_q90,grouped_video,2,binary,20260627,pca_only_real,2.378148317337036,6.039648532867432,2.457569639474624,0.1479947080834115,0.11200445172913809,0.11200445172913809
arousal_spike_rows_2_6_train_q90,grouped_video,2,regression,20260625,pca_only_real,0.07109957188367844,0.011335347779095173,0.10646759027561004,0.08283797021674967,0.08315037422892155,0.08315037422892155
arousal_spike_rows_2_6_train_q90,grouped_video,2,regression,20260626,pca_only_real,0.06877481937408447,0.010067803785204887,0.10033844619688351,0.10019735984229489,0.0931345550766501,0.0931345550766501
arousal_spike_rows_2_6_train_q90,grouped_video,2,regression,20260627,pca_only_real,0.07242032140493393,0.01119912788271904,0.10582593199551346,0.08111587305027014,0.07830791192336953,0.07830791192336953
arousal_spike_rows_2_6_train_q90,grouped_video,2,regression_plus_binary,20260625,pca_only_real,0.06508740782737732,0.009094961918890476,0.095367509765593,0.12806268565985635,0.10495547343125354,0.11353211757769155
arousal_spike_rows_2_6_train_q90,grouped_video,2,regression_plus_binary,20260626,pca_only_real,0.06213613227009773,0.008793063461780548,0.09377133603495552,0.10175186550081562,0.09562152263420617,0.08860205510270644
arousal_spike_rows_2_6_train_q90,grouped_video,2,regression_plus_binary,20260627,pca_only_real,0.06289132684469223,0.009022410027682781,0.09498636758863233,0.09807740487519304,0.0901708972273029,0.1005364474485322
arousal_spike_rows_2_6_train_q90,grouped_video,2,binary,20260625,pca_only_shuffled,2.321748733520508,5.440977573394775,2.332590314091777,-0.0031870214816234043,-0.007040861932736371,-0.007040861932736371
arousal_spike_rows_2_6_train_q90,grouped_video,2,binary,20260626,pca_only_shuffled,2.3089206218719482,5.36931848526001,2.3171789929265305,-0.002634821304136293,-0.006872755741598153,-0.006872755741598153
arousal_spike_rows_2_6_train_q90,grouped_video,2,binary,20260627,pca_only_shuffled,2.3205509185791016,5.427844047546387,2.3297733897412396,-0.0084977405412663,-0.013989939905095748,-0.013989939905095748
arousal_spike_rows_2_6_train_q90,grouped_video,2,regression,20260625,pca_only_shuffled,0.062110792845487595,0.008769865147769451,0.09364755815166485,-0.004518459205568226,-0.007140277502015528,-0.007140277502015528
arousal_spike_rows_2_6_train_q90,grouped_video,2,regression,20260626,pca_only_shuffled,0.06170126423239708,0.008730143308639526,0.09343523590508843,-0.0005072210357792101,-0.003835058607073545,-0.003835058607073545
arousal_spike_rows_2_6_train_q90,grouped_video,2,regression,20260627,pca_only_shuffled,0.06193127483129501,0.00875604897737503,0.09357376222732006,-0.007663680049030766,-0.006633638979912392,-0.006633638979912392
arousal_spike_rows_2_6_train_q90,grouped_video,2,regression_plus_binary,20260625,pca_only_shuffled,0.06253355741500854,0.009417411871254444,0.09704335047417954,0.0034699664543264242,0.00950427478568339,-0.005197248837556108
arousal_spike_rows_2_6_train_q90,grouped_video,2,regression_plus_binary,20260626,pca_only_shuffled,0.06247560679912567,0.008802752010524273,0.09382298231523166,0.0015980359397995696,-0.001185396780928606,-0.006098150919405898
arousal_spike_rows_2_6_train_q90,grouped_video,2,regression_plus_binary,20260627,pca_only_shuffled,0.06181810423731804,0.008796638809144497,0.09379039827799271,-0.004142081042406655,-0.002353316933393489,-0.010423703263743074
arousal_spike_rows_2_6_train_q90,grouped_video,2,binary,20260625,quality_only,2.3499491214752197,5.606648921966553,2.3678363376649476,0.05823992188005923,0.02199790645586134,0.02199790645586134
arousal_spike_rows_2_6_train_q90,grouped_video,2,binary,20260626,quality_only,2.3154022693634033,5.4518585205078125,2.3349215234152543,0.061912189587014256,0.025549911007208298,0.025549911007208298
arousal_spike_rows_2_6_train_q90,grouped_video,2,binary,20260627,quality_only,2.3094515800476074,5.418758869171143,2.327822774433471,0.05819194603001704,0.02311990107093791,0.02311990107093791
arousal_spike_rows_2_6_train_q90,grouped_video,2,regression,20260625,quality_only,0.06105373054742813,0.008563445881009102,0.09253888847943388,0.05239881195309462,0.03827893055155907,0.03827893055155907
arousal_spike_rows_2_6_train_q90,grouped_video,2,regression,20260626,quality_only,0.06130397692322731,0.008563418872654438,0.09253874254956374,0.04611486211414027,0.028334923366110126,0.028334923366110126
arousal_spike_rows_2_6_train_q90,grouped_video,2,regression,20260627,quality_only,0.061778608709573746,0.008562225848436356,0.09253229624534537,0.04307738646443726,0.029662741619621673,0.029662741619621673
arousal_spike_rows_2_6_train_q90,grouped_video,2,regression_plus_binary,20260625,quality_only,0.061605166643857956,0.008536825887858868,0.09239494514235543,0.0690743982293835,0.047448727154663424,0.019885264783267746
arousal_spike_rows_2_6_train_q90,grouped_video,2,regression_plus_binary,20260626,quality_only,0.060987986624240875,0.008538993075489998,0.09240667224551481,0.0711033806218217,0.060360546620789386,0.014107547166976712
arousal_spike_rows_2_6_train_q90,grouped_video,2,regression_plus_binary,20260627,quality_only,0.06278321146965027,0.008526933379471302,0.09234139580638416,0.07232792171365257,0.05465556770738299,0.022667218848862053
arousal_spike_rows_2_6_train_q90,grouped_video,2,binary,20260625,real_ar_pca_diag,2.5604088306427,7.62589168548584,2.761501708398139,0.271062077589271,0.20452127741546192,0.20452127741546192
arousal_spike_rows_2_6_train_q90,grouped_video,2,binary,20260626,real_ar_pca_diag,2.609994649887085,7.917724132537842,2.813845079697502,0.27115005949192705,0.2004847940780748,0.2004847940780748
arousal_spike_rows_2_6_train_q90,grouped_video,2,binary,20260627,real_ar_pca_diag,2.608187437057495,7.993936061859131,2.8273549585892344,0.2713828556228102,0.20448392867459736,0.20448392867459736
arousal_spike_rows_2_6_train_q90,grouped_video,2,regression,20260625,real_ar_pca_diag,0.059943560510873795,0.008042929694056511,0.08968238229472114,0.2813264147029748,0.2056461035765664,0.2056461035765664
arousal_spike_rows_2_6_train_q90,grouped_video,2,regression,20260626,real_ar_pca_diag,0.06101517379283905,0.008419238030910492,0.0917564059393702,0.2513366364670237,0.1929943050445539,0.1929943050445539
arousal_spike_rows_2_6_train_q90,grouped_video,2,regression,20260627,real_ar_pca_diag,0.05835722014307976,0.008030908182263374,0.08961533452631516,0.2775850562897786,0.21599642521634227,0.21599642521634227
arousal_spike_rows_2_6_train_q90,grouped_video,2,regression_plus_binary,20260625,real_ar_pca_diag,0.062703438103199,0.008307009935379028,0.09114279969026093,0.25918403704767057,0.19033648111201074,0.20351354744689723
arousal_spike_rows_2_6_train_q90,grouped_video,2,regression_plus_binary,20260626,real_ar_pca_diag,0.06070332229137421,0.008248770609498024,0.09082274279880576,0.25865185202511787,0.19401234624053143,0.20616422428824935
arousal_spike_rows_2_6_train_q90,grouped_video,2,regression_plus_binary,20260627,real_ar_pca_diag,0.06250544637441635,0.008559179492294788,0.09251583373831092,0.24437580632352573,0.17157696760465424,0.2060831260210196
arousal_spike_rows_2_6_train_q90,grouped_video,2,binary,20260625,shuffled_diag_only,2.2951552867889404,5.279058933258057,2.29762027612442,0.001536241246995081,-0.0033127358905692254,-0.0033127358905692254
arousal_spike_rows_2_6_train_q90,grouped_video,2,binary,20260626,shuffled_diag_only,2.290663480758667,5.258383274078369,2.2931164981479615,0.007515144192044806,0.0055575801286659055,0.0055575801286659055
arousal_spike_rows_2_6_train_q90,grouped_video,2,binary,20260627,shuffled_diag_only,2.30287766456604,5.31483793258667,2.305393227322981,0.003362299249106256,0.0037935530715601296,0.0037935530715601296
arousal_spike_rows_2_6_train_q90,grouped_video,2,regression,20260625,shuffled_diag_only,0.06250762194395065,0.008583230897784233,0.09264572789818337,0.0028749299424344083,0.006458185710266636,0.006458185710266636
arousal_spike_rows_2_6_train_q90,grouped_video,2,regression,20260626,shuffled_diag_only,0.06194266304373741,0.00861650425940752,0.09282512730617459,-5.7743448693522135e-05,-0.0010489869571523132,-0.0010489869571523132
arousal_spike_rows_2_6_train_q90,grouped_video,2,regression,20260627,shuffled_diag_only,0.06073363497853279,0.0086227310821414,0.092858661858447,-0.0032300138414764787,-0.003372223767986469,-0.003372223767986469
arousal_spike_rows_2_6_train_q90,grouped_video,2,regression_plus_binary,20260625,shuffled_diag_only,0.06246987730264664,0.00858604721724987,0.09266092605435082,0.0054554642287282925,0.0037748576594280126,-0.0005085419740072909
arousal_spike_rows_2_6_train_q90,grouped_video,2,regression_plus_binary,20260626,shuffled_diag_only,0.06266673654317856,0.008578650653362274,0.09262100546507944,0.0009882294741837988,-0.0025697453287010035,0.0019071777148771743
arousal_spike_rows_2_6_train_q90,grouped_video,2,regression_plus_binary,20260627,shuffled_diag_only,0.06231851875782013,0.00858326256275177,0.09264589879078172,-0.004576215848626437,-0.007222843770319016,0.0007330734234125608
arousal_spike_rows_2_6_train_q90,grouped_video,2,binary,20260625,time_only,2.3017220497131348,5.317573070526123,2.3059863552341593,0.05798007382962468,0.05181610717726025,0.05181610717726025
arousal_spike_rows_2_6_train_q90,grouped_video,2,binary,20260626,time_only,2.3142881393432617,5.377119541168213,2.318861690823369,0.05432004403223051,0.05505643127412445,0.05505643127412445
arousal_spike_rows_2_6_train_q90,grouped_video,2,binary,20260627,time_only,2.2878153324127197,5.257247447967529,2.292868824849675,0.06373812144850328,0.05501063835335244,0.05501063835335244
arousal_spike_rows_2_6_train_q90,grouped_video,2,regression,20260625,time_only,0.06143338233232498,0.008546813391149044,0.09244897723149263,0.058261060552659394,0.05759327938738976,0.05759327938738976
arousal_spike_rows_2_6_train_q90,grouped_video,2,regression,20260626,time_only,0.0601293183863163,0.010507415980100632,0.10250568755001174,-0.0027098019730867062,-0.03704357234106354,-0.03704357234106354
arousal_spike_rows_2_6_train_q90,grouped_video,2,regression,20260627,time_only,0.060271915048360825,0.008581981062889099,0.09263898241501306,0.04700129571756459,0.05227489506155212,0.05227489506155212
arousal_spike_rows_2_6_train_q90,grouped_video,2,regression_plus_binary,20260625,time_only,0.060855064541101456,0.008543360978364944,0.09243030335536578,0.06645367417375841,0.07088190144519241,0.05808776022378074
arousal_spike_rows_2_6_train_q90,grouped_video,2,regression_plus_binary,20260626,time_only,0.061608411371707916,0.008522276766598225,0.09231617824952583,0.07504282276982333,0.08215656771752478,0.05717761132894408
arousal_spike_rows_2_6_train_q90,grouped_video,2,regression_plus_binary,20260627,time_only,0.062273815274238586,0.008534452877938747,0.09238210258453067,0.06209426985679777,0.07366083911824695,0.0616460441236458
arousal_spike_rows_2_6_train_q90,grouped_video,2,binary,20260625,video_mean_pca_oracle_diagnostic,3.0180888175964355,11.46381664276123,3.385825843536733,0.04277689616189027,0.013000724864709861,0.013000724864709861
arousal_spike_rows_2_6_train_q90,grouped_video,2,binary,20260626,video_mean_pca_oracle_diagnostic,3.15547513961792,13.45014762878418,3.667444291163014,0.043902831636705615,0.004120643571645473,0.004120643571645473
arousal_spike_rows_2_6_train_q90,grouped_video,2,binary,20260627,video_mean_pca_oracle_diagnostic,2.9782488346099854,11.397910118103027,3.3760791042425278,0.040517527143302375,0.020178194692324836,0.020178194692324836
arousal_spike_rows_2_6_train_q90,grouped_video,2,regression,20260625,video_mean_pca_oracle_diagnostic,0.06482391804456711,0.009069823659956455,0.0952356218017001,0.03015980823162133,0.018533379428940983,0.018533379428940983
arousal_spike_rows_2_6_train_q90,grouped_video,2,regression,20260626,video_mean_pca_oracle_diagnostic,0.06473352760076523,0.00907877366989851,0.0952825989879501,0.03364633636987471,-0.022450739754237878,-0.022450739754237878
arousal_spike_rows_2_6_train_q90,grouped_video,2,regression,20260627,video_mean_pca_oracle_diagnostic,0.06535202264785767,0.009170428849756718,0.09576235612053788,0.027316625746065883,-0.01441603557464583,-0.01441603557464583
arousal_spike_rows_2_6_train_q90,grouped_video,2,regression_plus_binary,20260625,video_mean_pca_oracle_diagnostic,0.06458505243062973,0.009024256840348244,0.09499608855288855,0.03485401255714813,0.001915884068162221,0.008751208129354721
arousal_spike_rows_2_6_train_q90,grouped_video,2,regression_plus_binary,20260626,video_mean_pca_oracle_diagnostic,0.06245472654700279,0.008905074559152126,0.09436670259764365,0.04469887443235827,0.017918674171811963,0.02071457167050646
arousal_spike_rows_2_6_train_q90,grouped_video,2,regression_plus_binary,20260627,video_mean_pca_oracle_diagnostic,0.06598848104476929,0.009160442277789116,0.09571019944493438,0.03482808559960395,-0.008642209371604703,0.012155615426550668
arousal_spike_rows_2_6_train_q90,grouped_video,3,binary,20260625,ar_only_head,2.958308458328247,12.676883697509766,3.5604611636008285,0.19001284240605232,0.15626077829757998,0.15626077829757998
arousal_spike_rows_2_6_train_q90,grouped_video,3,binary,20260626,ar_only_head,2.754842758178711,9.422470092773438,3.0696042241262043,0.2066197927606587,0.1714335900819937,0.1714335900819937
arousal_spike_rows_2_6_train_q90,grouped_video,3,binary,20260627,ar_only_head,2.808014392852783,10.410484313964844,3.2265282137252176,0.19860726897847164,0.1779075829513041,0.1779075829513041
arousal_spike_rows_2_6_train_q90,grouped_video,3,regression,20260625,ar_only_head,0.057122472673654556,0.00774068757891655,0.08798117741265202,0.2571592404195225,0.2394020164988845,0.2394020164988845
arousal_spike_rows_2_6_train_q90,grouped_video,3,regression,20260626,ar_only_head,0.05748395621776581,0.007733268663287163,0.08793900535761798,0.25764622286153965,0.23812534638662297,0.23812534638662297
arousal_spike_rows_2_6_train_q90,grouped_video,3,regression,20260627,ar_only_head,0.05725429579615593,0.007730995304882526,0.08792607863928953,0.2586404006281994,0.23704451150498104,0.23704451150498104
arousal_spike_rows_2_6_train_q90,grouped_video,3,regression_plus_binary,20260625,ar_only_head,0.05781889334321022,0.007717489264905453,0.08784924168657036,0.26122153967538086,0.229774302636086,0.17973931339826857
arousal_spike_rows_2_6_train_q90,grouped_video,3,regression_plus_binary,20260626,ar_only_head,0.056755565106868744,0.007701294496655464,0.0877570196431913,0.2658604412896681,0.23195736784908913,0.15785679383260262
arousal_spike_rows_2_6_train_q90,grouped_video,3,regression_plus_binary,20260627,ar_only_head,0.056731242686510086,0.007693461142480373,0.08771237736192294,0.2679181767688016,0.2310280722728295,0.16508268388480796
arousal_spike_rows_2_6_train_q90,grouped_video,3,binary,20260625,ar_plus_random_pca,2.7092666625976562,8.355592727661133,2.890604214980171,0.21036475255921402,0.16188548078398213,0.16188548078398213
arousal_spike_rows_2_6_train_q90,grouped_video,3,binary,20260626,ar_plus_random_pca,2.689948797225952,8.07904052734375,2.8423653050485522,0.2120239670723606,0.16490087348442545,0.16490087348442545
arousal_spike_rows_2_6_train_q90,grouped_video,3,binary,20260627,ar_plus_random_pca,2.7261030673980713,8.374261856079102,2.8938316910420174,0.2143294778803979,0.16250435898316662,0.16250435898316662
arousal_spike_rows_2_6_train_q90,grouped_video,3,regression,20260625,ar_plus_random_pca,0.05868115276098251,0.00802519265562296,0.08958343962822012,0.2222340802678597,0.18462496321953425,0.18462496321953425
arousal_spike_rows_2_6_train_q90,grouped_video,3,regression,20260626,ar_plus_random_pca,0.058194831013679504,0.00800432451069355,0.08946689058357594,0.21917236333289372,0.18067693731543044,0.18067693731543044
arousal_spike_rows_2_6_train_q90,grouped_video,3,regression,20260627,ar_plus_random_pca,0.058314353227615356,0.008123221807181835,0.0901289177078136,0.21150060443807606,0.1769051577619766,0.1769051577619766
arousal_spike_rows_2_6_train_q90,grouped_video,3,regression_plus_binary,20260625,ar_plus_random_pca,0.05816041678190231,0.00804638210684061,0.08970162822848095,0.21154187351835482,0.17179183101610696,0.15366444205244278
arousal_spike_rows_2_6_train_q90,grouped_video,3,regression_plus_binary,20260626,ar_plus_random_pca,0.058234598487615585,0.008045624010264874,0.08969740247222811,0.21419284959124033,0.1802086045585854,0.16572907911018206
arousal_spike_rows_2_6_train_q90,grouped_video,3,regression_plus_binary,20260627,ar_plus_random_pca,0.05871320888400078,0.008149008266627789,0.09027185755609435,0.2023891902183371,0.16681980340763936,0.16226206408664387
arousal_spike_rows_2_6_train_q90,grouped_video,3,binary,20260625,ar_plus_shuffled_pca,2.7646961212158203,8.73513126373291,2.955525547805823,0.2064555844729996,0.15638237856172152,0.15638237856172152
arousal_spike_rows_2_6_train_q90,grouped_video,3,binary,20260626,ar_plus_shuffled_pca,2.6798033714294434,8.033024787902832,2.83425912504535,0.21145173204163525,0.163456703597037,0.163456703597037
arousal_spike_rows_2_6_train_q90,grouped_video,3,binary,20260627,ar_plus_shuffled_pca,2.703697919845581,8.25267505645752,2.872746953084716,0.2103286672413405,0.1619016683559254,0.1619016683559254
arousal_spike_rows_2_6_train_q90,grouped_video,3,regression,20260625,ar_plus_shuffled_pca,0.058094244450330734,0.00790376029908657,0.08890309499160629,0.2364162029180483,0.2007687243372992,0.2007687243372992
arousal_spike_rows_2_6_train_q90,grouped_video,3,regression,20260626,ar_plus_shuffled_pca,0.0584867037832737,0.008093247190117836,0.08996247656727685,0.2153503396298249,0.1806309101857801,0.1806309101857801
arousal_spike_rows_2_6_train_q90,grouped_video,3,regression,20260627,ar_plus_shuffled_pca,0.05737914890050888,0.00798098836094141,0.08933637759021468,0.2270867740423207,0.18814151317145922,0.18814151317145922
arousal_spike_rows_2_6_train_q90,grouped_video,3,regression_plus_binary,20260625,ar_plus_shuffled_pca,0.05851041153073311,0.007940107956528664,0.08910728340898214,0.22477530613840943,0.18622431346957966,0.16037133329642628
arousal_spike_rows_2_6_train_q90,grouped_video,3,regression_plus_binary,20260626,ar_plus_shuffled_pca,0.05773533135652542,0.007999996654689312,0.08944270039913438,0.2206615871679795,0.18732495825785708,0.16483550580534095
arousal_spike_rows_2_6_train_q90,grouped_video,3,regression_plus_binary,20260627,ar_plus_shuffled_pca,0.05830877274274826,0.00813463144004345,0.0901921916800088,0.20553808846309765,0.1722091634553852,0.16122691689731422
arousal_spike_rows_2_6_train_q90,grouped_video,3,binary,20260625,diag_only,2.3323795795440674,5.501034736633301,2.3454284761282533,0.0778308996434229,0.04401959410942214,0.04401959410942214
arousal_spike_rows_2_6_train_q90,grouped_video,3,binary,20260626,diag_only,2.4097249507904053,5.922846794128418,2.433689954396085,0.08891232230238853,0.06938672186936606,0.06938672186936606
arousal_spike_rows_2_6_train_q90,grouped_video,3,binary,20260627,diag_only,2.3741796016693115,5.713347911834717,2.390261055164209,0.08346995899877538,0.058438526770264246,0.058438526770264246
arousal_spike_rows_2_6_train_q90,grouped_video,3,regression,20260625,diag_only,0.05934043601155281,0.008194325491786003,0.09052251372882883,0.10927318421049356,0.0971002782820412,0.0971002782820412
arousal_spike_rows_2_6_train_q90,grouped_video,3,regression,20260626,diag_only,0.06112731620669365,0.008218453265726566,0.09065568523665003,0.08589532815671105,0.07273901563850343,0.07273901563850343
arousal_spike_rows_2_6_train_q90,grouped_video,3,regression,20260627,diag_only,0.06101153418421745,0.008204319514334202,0.09057769876925667,0.09395614424319333,0.07102201937872801,0.07102201937872801
arousal_spike_rows_2_6_train_q90,grouped_video,3,regression_plus_binary,20260625,diag_only,0.06199800595641136,0.008193988353013992,0.09052065152778117,0.10273228958519273,0.07548859538620822,0.05299478798897006
arousal_spike_rows_2_6_train_q90,grouped_video,3,regression_plus_binary,20260626,diag_only,0.06598048657178879,0.009056176990270615,0.09516394795441505,0.00148790344808238,0.020390183930332786,0.00798333017844748
arousal_spike_rows_2_6_train_q90,grouped_video,3,regression_plus_binary,20260627,diag_only,0.06198784336447716,0.008194215595722198,0.09052190671722618,0.10121843902369469,0.08429170352360078,0.06322010228244875
arousal_spike_rows_2_6_train_q90,grouped_video,3,binary,20260625,label_permutation,2.3850197792053223,6.2630109786987305,2.5026008428630266,0.010166158546855075,0.032819853051446767,0.032819853051446767
arousal_spike_rows_2_6_train_q90,grouped_video,3,binary,20260626,label_permutation,2.1382503509521484,4.794349670410156,2.189600344905471,0.012871359768532781,0.0386256746166768,0.0386256746166768
arousal_spike_rows_2_6_train_q90,grouped_video,3,binary,20260627,label_permutation,2.1417899131774902,4.807930946350098,2.1926994655789236,0.007934943373691645,0.013454990763336602,0.013454990763336602
arousal_spike_rows_2_6_train_q90,grouped_video,3,regression,20260625,label_permutation,0.06224963068962097,0.008807627484202385,0.09384896101823602,0.0061275940014956344,-0.009854875177978555,-0.009854875177978555
arousal_spike_rows_2_6_train_q90,grouped_video,3,regression,20260626,label_permutation,0.061054401099681854,0.008691700175404549,0.0932292881845858,-0.018104368287804845,-0.00786623126936949,-0.00786623126936949
arousal_spike_rows_2_6_train_q90,grouped_video,3,regression,20260627,label_permutation,0.06349418312311172,0.008601383306086063,0.09274364294163813,-0.02819315729514327,-0.011245759394671295,-0.011245759394671295
arousal_spike_rows_2_6_train_q90,grouped_video,3,regression_plus_binary,20260625,label_permutation,0.06298094987869263,0.008576104417443275,0.09260725898893281,-0.0014514531963361645,-0.017518205087707336,0.012749799061052197
arousal_spike_rows_2_6_train_q90,grouped_video,3,regression_plus_binary,20260626,label_permutation,0.061779431998729706,0.008615722879767418,0.09282091833076969,-0.027684329623031995,-0.022648362822521473,0.00657836742875547
arousal_spike_rows_2_6_train_q90,grouped_video,3,regression_plus_binary,20260627,label_permutation,0.06145578250288963,0.008768504485487938,0.09364029306600838,-0.01768144056118695,-0.016965526406245997,0.013414904230051528
arousal_spike_rows_2_6_train_q90,grouped_video,3,binary,20260625,pca_only_random,2.4284536838531494,6.099762916564941,2.4697698104408317,0.002186589538454346,0.006012601688794338,0.006012601688794338
arousal_spike_rows_2_6_train_q90,grouped_video,3,binary,20260626,pca_only_random,2.5175492763519287,6.782342433929443,2.60429307757968,-0.002413846036734306,0.0016669006358072485,0.0016669006358072485
arousal_spike_rows_2_6_train_q90,grouped_video,3,binary,20260627,pca_only_random,2.3150177001953125,5.405333518981934,2.324937315065061,0.00162169784740498,0.00478607488414308,0.00478607488414308
arousal_spike_rows_2_6_train_q90,grouped_video,3,regression,20260625,pca_only_random,0.06532273441553116,0.009430043399333954,0.09710841054890124,-0.0024332473340148804,-0.0008208941678194907,-0.0008208941678194907
arousal_spike_rows_2_6_train_q90,grouped_video,3,regression,20260626,pca_only_random,0.06358552724123001,0.00863327644765377,0.09291542631691344,-0.0022406316710432547,-0.0043238249641867465,-0.0043238249641867465
arousal_spike_rows_2_6_train_q90,grouped_video,3,regression,20260627,pca_only_random,0.06269604712724686,0.008620450273156166,0.09284637996796734,-0.005108614358118197,-0.002682564060870665,-0.002682564060870665
arousal_spike_rows_2_6_train_q90,grouped_video,3,regression_plus_binary,20260625,pca_only_random,0.06501679122447968,0.008914457634091377,0.09441640553469179,0.0015351335147252183,0.001106754317619099,0.004210899481313883
arousal_spike_rows_2_6_train_q90,grouped_video,3,regression_plus_binary,20260626,pca_only_random,0.06280642747879028,0.00869385339319706,0.09324083543811187,0.005341538302492801,0.00566377857301347,0.005941587808849675
arousal_spike_rows_2_6_train_q90,grouped_video,3,regression_plus_binary,20260627,pca_only_random,0.062258023768663406,0.008749269880354404,0.09353753193426906,0.006671423019211695,0.002451361840862888,0.003594920864244379
arousal_spike_rows_2_6_train_q90,grouped_video,3,binary,20260625,pca_only_real,2.470296859741211,6.549075603485107,2.5591161762384114,0.14195500928232002,0.13835390782818738,0.13835390782818738
arousal_spike_rows_2_6_train_q90,grouped_video,3,binary,20260626,pca_only_real,2.4856972694396973,6.664885520935059,2.5816439570426937,0.14527354507854925,0.13706440491594385,0.13706440491594385
arousal_spike_rows_2_6_train_q90,grouped_video,3,binary,20260627,pca_only_real,2.4987454414367676,6.727846145629883,2.5938091960724257,0.14221812392332395,0.13433765610613946,0.13433765610613946
arousal_spike_rows_2_6_train_q90,grouped_video,3,regression,20260625,pca_only_real,0.06887005269527435,0.010351119562983513,0.10174045194996685,0.1049830067249531,0.09899143431227812,0.09899143431227812
arousal_spike_rows_2_6_train_q90,grouped_video,3,regression,20260626,pca_only_real,0.06997575610876083,0.011075634509325027,0.10524084050084848,0.10138072713742194,0.09137052542429083,0.09137052542429083
arousal_spike_rows_2_6_train_q90,grouped_video,3,regression,20260627,pca_only_real,0.06824526935815811,0.010023374110460281,0.10011680233837017,0.11082770760024384,0.10652882654856496,0.10652882654856496
arousal_spike_rows_2_6_train_q90,grouped_video,3,regression_plus_binary,20260625,pca_only_real,0.06181182339787483,0.008803964592516422,0.09382944416608478,0.13359243310147406,0.12299088456059178,0.13962452836504094
arousal_spike_rows_2_6_train_q90,grouped_video,3,regression_plus_binary,20260626,pca_only_real,0.06132015958428383,0.008482902310788631,0.09210267265822764,0.14154968801084775,0.12233479809538465,0.13477889353453104
arousal_spike_rows_2_6_train_q90,grouped_video,3,regression_plus_binary,20260627,pca_only_real,0.06349322199821472,0.008976003155112267,0.09474177090973267,0.11792443648571063,0.10510763331741159,0.13183107618163364
arousal_spike_rows_2_6_train_q90,grouped_video,3,binary,20260625,pca_only_shuffled,2.322483539581299,5.4517388343811035,2.334895893692287,-0.003489410935577128,-0.007088848752091082,-0.007088848752091082
arousal_spike_rows_2_6_train_q90,grouped_video,3,binary,20260626,pca_only_shuffled,2.3647360801696777,5.626558303833008,2.372036741670122,0.003255095532955708,1.582546560467236e-06,1.582546560467236e-06
arousal_spike_rows_2_6_train_q90,grouped_video,3,binary,20260627,pca_only_shuffled,2.3546063899993896,5.6678900718688965,2.380733095470573,-0.005820112964178465,-0.008690154745988313,-0.008690154745988313
arousal_spike_rows_2_6_train_q90,grouped_video,3,regression,20260625,pca_only_shuffled,0.061289213597774506,0.008428944274783134,0.09180928207312775,-0.010601592458899278,-0.010674901756042266,-0.010674901756042266
arousal_spike_rows_2_6_train_q90,grouped_video,3,regression,20260626,pca_only_shuffled,0.06321879476308823,0.008502664044499397,0.09220989125088153,0.010907204807879867,0.007763859490921134,0.007763859490921134
arousal_spike_rows_2_6_train_q90,grouped_video,3,regression,20260627,pca_only_shuffled,0.06251957267522812,0.00853914674371481,0.09240750371974567,-0.005164441303859394,-0.007163659528792788,-0.007163659528792788
arousal_spike_rows_2_6_train_q90,grouped_video,3,regression_plus_binary,20260625,pca_only_shuffled,0.061917152255773544,0.008430303074419498,0.0918166818961538,-0.0058660563952683395,-0.010162115213447835,-0.004868133473355108
arousal_spike_rows_2_6_train_q90,grouped_video,3,regression_plus_binary,20260626,pca_only_shuffled,0.06236854940652847,0.008384574204683304,0.09156732061539916,-0.003615804869866615,-0.005150986231499185,-0.004820746632817002
arousal_spike_rows_2_6_train_q90,grouped_video,3,regression_plus_binary,20260627,pca_only_shuffled,0.06254896521568298,0.008485853672027588,0.09211869339079658,-0.002294741438417023,-0.003147136425947311,-0.00422299849192711
arousal_spike_rows_2_6_train_q90,grouped_video,3,binary,20260625,quality_only,2.3504478931427,5.5805535316467285,2.362319523613757,0.1065288625067737,0.06256582445127866,0.06256582445127866
arousal_spike_rows_2_6_train_q90,grouped_video,3,binary,20260626,quality_only,2.3155016899108887,5.436065673828125,2.3315371911741245,0.11625963378269641,0.07590846760412022,0.07590846760412022
arousal_spike_rows_2_6_train_q90,grouped_video,3,binary,20260627,quality_only,2.310023784637451,5.405374050140381,2.3249460316618924,0.1093221425952796,0.07555508215869425,0.07555508215869425
arousal_spike_rows_2_6_train_q90,grouped_video,3,regression,20260625,quality_only,0.060590967535972595,0.008206753991544247,0.09059113638510252,0.09391617103253756,0.058141129069140936,0.058141129069140936
arousal_spike_rows_2_6_train_q90,grouped_video,3,regression,20260626,quality_only,0.06000056490302086,0.008225256577134132,0.09069320028058406,0.08963632433594608,0.05042097500133289,0.05042097500133289
arousal_spike_rows_2_6_train_q90,grouped_video,3,regression,20260627,quality_only,0.059864215552806854,0.008232168853282928,0.0907313002953387,0.08482033132181437,0.05588401533885842,0.05588401533885842
arousal_spike_rows_2_6_train_q90,grouped_video,3,regression_plus_binary,20260625,quality_only,0.06217662990093231,0.008626775816082954,0.09288043828537285,0.009007455585202684,-0.003137744589217237,0.010010936538778718
arousal_spike_rows_2_6_train_q90,grouped_video,3,regression_plus_binary,20260626,quality_only,0.05977276340126991,0.008627102710306644,0.09288219802689127,0.031939848193210774,0.02321141586131508,0.014288919370472839
arousal_spike_rows_2_6_train_q90,grouped_video,3,regression_plus_binary,20260627,quality_only,0.059807900339365005,0.00819011963903904,0.09049927977083044,0.1079857935310515,0.0769264140680777,0.07108738689817336
arousal_spike_rows_2_6_train_q90,grouped_video,3,binary,20260625,real_ar_pca_diag,2.602888584136963,7.929446220397949,2.8159272398977127,0.26241787601209166,0.20911068974310737,0.20911068974310737
arousal_spike_rows_2_6_train_q90,grouped_video,3,binary,20260626,real_ar_pca_diag,2.5932552814483643,7.7908935546875,2.7912172173959338,0.2557618543061651,0.20225223317587374,0.20225223317587374
arousal_spike_rows_2_6_train_q90,grouped_video,3,binary,20260627,real_ar_pca_diag,2.662067413330078,8.291155815124512,2.8794367183747087,0.26275247035933214,0.20853044283347105,0.20853044283347105
arousal_spike_rows_2_6_train_q90,grouped_video,3,regression,20260625,real_ar_pca_diag,0.05894122272729874,0.007893625646829605,0.08884607839870934,0.2685354708908333,0.2110114205779064,0.2110114205779064
arousal_spike_rows_2_6_train_q90,grouped_video,3,regression,20260626,real_ar_pca_diag,0.059084702283144,0.008145695552229881,0.09025350714642551,0.2519815808943072,0.21036284440686365,0.21036284440686365
arousal_spike_rows_2_6_train_q90,grouped_video,3,regression,20260627,real_ar_pca_diag,0.05879407003521919,0.008000858128070831,0.08944751605310698,0.2641702794302026,0.215921391918192,0.215921391918192
arousal_spike_rows_2_6_train_q90,grouped_video,3,regression_plus_binary,20260625,real_ar_pca_diag,0.05991452559828758,0.007966256700456142,0.08925388899345586,0.25491852971736145,0.19925793410328208,0.20426484788404786
arousal_spike_rows_2_6_train_q90,grouped_video,3,regression_plus_binary,20260626,real_ar_pca_diag,0.05958626791834831,0.007886946201324463,0.08880848045836874,0.26135555556378687,0.2048553166238989,0.21026832718903252
arousal_spike_rows_2_6_train_q90,grouped_video,3,regression_plus_binary,20260627,real_ar_pca_diag,0.06031278520822525,0.008368810638785362,0.09148120374582618,0.24205457086074397,0.18233697517669487,0.20640965083734641
arousal_spike_rows_2_6_train_q90,grouped_video,3,binary,20260625,shuffled_diag_only,2.299802303314209,5.30108642578125,2.3024088311551556,-0.0018099179051327269,-0.0011929511607444458,-0.0011929511607444458
arousal_spike_rows_2_6_train_q90,grouped_video,3,binary,20260626,shuffled_diag_only,2.286651372909546,5.239385604858398,2.288970424636019,-0.0005144933128179717,0.0002618643789692597,0.0002618643789692597
arousal_spike_rows_2_6_train_q90,grouped_video,3,binary,20260627,shuffled_diag_only,2.2617347240448,5.125770568847656,2.2640164683251878,0.002052624189891988,-0.00014146522353902972,-0.00014146522353902972
arousal_spike_rows_2_6_train_q90,grouped_video,3,regression,20260625,shuffled_diag_only,0.061284132301807404,0.008298326283693314,0.09109514961672391,-0.0007229245326626934,0.0001613616383731402,0.0001613616383731402
arousal_spike_rows_2_6_train_q90,grouped_video,3,regression,20260626,shuffled_diag_only,0.06122355908155441,0.008291825652122498,0.09105946217786759,0.005391410603873179,0.005654173787217931,0.005654173787217931
arousal_spike_rows_2_6_train_q90,grouped_video,3,regression,20260627,shuffled_diag_only,0.061413008719682693,0.008280923590064049,0.09099958016421861,0.0054354996330153085,0.0006439884467982247,0.0006439884467982247
arousal_spike_rows_2_6_train_q90,grouped_video,3,regression_plus_binary,20260625,shuffled_diag_only,0.0627284124493599,0.009694505482912064,0.09846067988243867,-0.00018778235799160907,-0.0035603187165934146,0.007281153119609057
arousal_spike_rows_2_6_train_q90,grouped_video,3,regression_plus_binary,20260626,shuffled_diag_only,0.0613630935549736,0.008287280797958374,0.0910345033377915,0.0011139976843187276,-0.0020698282429221808,-0.000547197919174389
arousal_spike_rows_2_6_train_q90,grouped_video,3,regression_plus_binary,20260627,shuffled_diag_only,0.06269682198762894,0.008299805223941803,0.09110326681267694,-0.005904264808948663,-7.239003840845737e-05,0.0036109605644424874
arousal_spike_rows_2_6_train_q90,grouped_video,3,binary,20260625,time_only,2.287046194076538,5.258372783660889,2.2931142107755753,0.051457342395330015,0.0492563268075527,0.0492563268075527
arousal_spike_rows_2_6_train_q90,grouped_video,3,binary,20260626,time_only,2.281430959701538,5.235042095184326,2.2880214367842635,0.050377284963317344,0.04785399533818768,0.04785399533818768
arousal_spike_rows_2_6_train_q90,grouped_video,3,binary,20260627,time_only,2.2888035774230957,5.267916679382324,2.2951942574392965,0.05023637490497278,0.04651644231625958,0.04651644231625958
arousal_spike_rows_2_6_train_q90,grouped_video,3,regression,20260625,time_only,0.06124930456280708,0.008260723203420639,0.09088852074613514,0.049631877827181606,0.04926990289608642,0.04926990289608642
arousal_spike_rows_2_6_train_q90,grouped_video,3,regression,20260626,time_only,0.061012689024209976,0.008254303596913815,0.09085319805551048,0.053816963276804027,0.05547642797337103,0.05547642797337103
arousal_spike_rows_2_6_train_q90,grouped_video,3,regression,20260627,time_only,0.06387988477945328,0.00827968679368496,0.09099278429460744,0.058914209267582694,0.06304062032829234,0.06304062032829234
arousal_spike_rows_2_6_train_q90,grouped_video,3,regression_plus_binary,20260625,time_only,0.06212608516216278,0.008256140165030956,0.09086330483220911,0.051782548805231324,0.052647918594944706,0.05069502419181885
arousal_spike_rows_2_6_train_q90,grouped_video,3,regression_plus_binary,20260626,time_only,0.06149029731750488,0.008248874917626381,0.09082331703712644,0.05698654403100366,0.059554056793112264,0.04698138799003127
arousal_spike_rows_2_6_train_q90,grouped_video,3,regression_plus_binary,20260627,time_only,0.061435259878635406,0.008250415325164795,0.09083179688393704,0.0564592550447785,0.05821391238903755,0.04789873524854459
arousal_spike_rows_2_6_train_q90,grouped_video,3,binary,20260625,video_mean_pca_oracle_diagnostic,3.0641822814941406,11.679492950439453,3.4175273152440866,0.05056555671548322,0.034675223948575515,0.034675223948575515
arousal_spike_rows_2_6_train_q90,grouped_video,3,binary,20260626,video_mean_pca_oracle_diagnostic,3.040377378463745,11.344460487365723,3.3681538693126423,0.049387133397150715,0.03530285282934016,0.03530285282934016
arousal_spike_rows_2_6_train_q90,grouped_video,3,binary,20260627,video_mean_pca_oracle_diagnostic,2.9512269496917725,10.481507301330566,3.2375156063454837,0.051122255295568034,0.05917653028304058,0.05917653028304058
arousal_spike_rows_2_6_train_q90,grouped_video,3,regression,20260625,video_mean_pca_oracle_diagnostic,0.06491246819496155,0.00877865869551897,0.09369449661276254,0.025640419166833163,0.027394374023470284,0.027394374023470284
arousal_spike_rows_2_6_train_q90,grouped_video,3,regression,20260626,video_mean_pca_oracle_diagnostic,0.06247532740235329,0.008833851665258408,0.09398857199286734,0.01941299155718662,0.027620855746131087,0.027620855746131087
arousal_spike_rows_2_6_train_q90,grouped_video,3,regression,20260627,video_mean_pca_oracle_diagnostic,0.06063724681735039,0.008665170520544052,0.09308689768460464,0.03796664668225767,0.02952489077820392,0.02952489077820392
arousal_spike_rows_2_6_train_q90,grouped_video,3,regression_plus_binary,20260625,video_mean_pca_oracle_diagnostic,0.06426429003477097,0.008693380281329155,0.09323829836139844,0.014626925980198192,0.01587796410927091,0.03893231218229805
arousal_spike_rows_2_6_train_q90,grouped_video,3,regression_plus_binary,20260626,video_mean_pca_oracle_diagnostic,0.061419758945703506,0.00860602781176567,0.09276867904506171,0.03138220585331635,0.0009431661483548243,0.031414812968720146
arousal_spike_rows_2_6_train_q90,grouped_video,3,regression_plus_binary,20260627,video_mean_pca_oracle_diagnostic,0.062334440648555756,0.008823564276099205,0.09393382924218092,0.03485819826116293,0.04976912113501631,0.05771637340376005
arousal_spike_rows_2_6_train_q90,grouped_video,4,binary,20260625,ar_only_head,2.812385320663452,10.270401954650879,3.2047467847945303,0.2143329593317539,0.20310663790051,0.20310663790051
arousal_spike_rows_2_6_train_q90,grouped_video,4,binary,20260626,ar_only_head,2.8106706142425537,10.154831886291504,3.186664696244571,0.21835196462436743,0.1871429808796443,0.1871429808796443
arousal_spike_rows_2_6_train_q90,grouped_video,4,binary,20260627,ar_only_head,2.960932731628418,12.237205505371094,3.498171737546785,0.20328052534553454,0.18384803584339268,0.18384803584339268
arousal_spike_rows_2_6_train_q90,grouped_video,4,regression,20260625,ar_only_head,0.05534791946411133,0.007331317290663719,0.08562311189546733,0.29899837853454203,0.27049188061763757,0.27049188061763757
arousal_spike_rows_2_6_train_q90,grouped_video,4,regression,20260626,ar_only_head,0.054999057203531265,0.007343458477407694,0.08569398157051458,0.29784326147966134,0.27891116496147483,0.27891116496147483
arousal_spike_rows_2_6_train_q90,grouped_video,4,regression,20260627,ar_only_head,0.055345822125673294,0.00733479717746377,0.0856434304396068,0.2987628313319067,0.27998343174163864,0.27998343174163864
arousal_spike_rows_2_6_train_q90,grouped_video,4,regression_plus_binary,20260625,ar_only_head,0.0577278696000576,0.00733063044026494,0.08561910090782862,0.3037226550453022,0.261635078552503,0.20939582500065873
arousal_spike_rows_2_6_train_q90,grouped_video,4,regression_plus_binary,20260626,ar_only_head,0.05541891232132912,0.0073179081082344055,0.0855447725359908,0.30132852375082547,0.2610217086420727,0.20586987567067314
arousal_spike_rows_2_6_train_q90,grouped_video,4,regression_plus_binary,20260627,ar_only_head,0.055022820830345154,0.007305468432605267,0.08547203304359424,0.3044962620010739,0.269024712276787,0.2026190833991835
arousal_spike_rows_2_6_train_q90,grouped_video,4,binary,20260625,ar_plus_random_pca,2.6296896934509277,7.642724514007568,2.7645477955730065,0.23915214150698372,0.18964753706006235,0.18964753706006235
arousal_spike_rows_2_6_train_q90,grouped_video,4,binary,20260626,ar_plus_random_pca,2.728482484817505,8.3241548538208,2.885161148674507,0.24058539137982837,0.1916059185426245,0.1916059185426245
arousal_spike_rows_2_6_train_q90,grouped_video,4,binary,20260627,ar_plus_random_pca,2.6699233055114746,7.921122074127197,2.814448804673341,0.23890338563350974,0.18872211192734248,0.18872211192734248
arousal_spike_rows_2_6_train_q90,grouped_video,4,regression,20260625,ar_plus_random_pca,0.05644560232758522,0.007488608825951815,0.08653674841332909,0.2681152986559992,0.2147042597651767,0.2147042597651767
arousal_spike_rows_2_6_train_q90,grouped_video,4,regression,20260626,ar_plus_random_pca,0.056683074682950974,0.007614184636622667,0.08725929541672146,0.25074411712195116,0.20647239088504032,0.20647239088504032
arousal_spike_rows_2_6_train_q90,grouped_video,4,regression,20260627,ar_plus_random_pca,0.0557108148932457,0.007632057182490826,0.08736164594655269,0.2504000404472395,0.21114322775672903,0.21114322775672903
arousal_spike_rows_2_6_train_q90,grouped_video,4,regression_plus_binary,20260625,ar_plus_random_pca,0.05551794916391373,0.00761300278827548,0.08725252310549811,0.2543994663194856,0.21772281253979164,0.19174026508568945
arousal_spike_rows_2_6_train_q90,grouped_video,4,regression_plus_binary,20260626,ar_plus_random_pca,0.05690556392073631,0.007618643809109926,0.08728484295174006,0.24761461559914072,0.21560521065944352,0.1964925689647706
arousal_spike_rows_2_6_train_q90,grouped_video,4,regression_plus_binary,20260627,ar_plus_random_pca,0.057672880589962006,0.007819341495633125,0.08842704052286905,0.22552707803308375,0.18084973769095017,0.18935479242688427
arousal_spike_rows_2_6_train_q90,grouped_video,4,binary,20260625,ar_plus_shuffled_pca,2.6222617626190186,7.674698829650879,2.7703246794646432,0.23987635200148413,0.1867470974067745,0.1867470974067745
arousal_spike_rows_2_6_train_q90,grouped_video,4,binary,20260626,ar_plus_shuffled_pca,2.628457546234131,7.690909385681152,2.7732488863571465,0.24005917677043628,0.18904435966140173,0.18904435966140173
arousal_spike_rows_2_6_train_q90,grouped_video,4,binary,20260627,ar_plus_shuffled_pca,2.6762471199035645,7.982510089874268,2.8253336245254768,0.23869639394478712,0.18820761840792663,0.18820761840792663
arousal_spike_rows_2_6_train_q90,grouped_video,4,regression,20260625,ar_plus_shuffled_pca,0.05614571273326874,0.007571775931864977,0.08701595216892692,0.2577945673433641,0.21438592546985508,0.21438592546985508
arousal_spike_rows_2_6_train_q90,grouped_video,4,regression,20260626,ar_plus_shuffled_pca,0.05632876977324486,0.007530243135988712,0.0867769735355452,0.26230814317620177,0.22008793808612093,0.22008793808612093
arousal_spike_rows_2_6_train_q90,grouped_video,4,regression,20260627,ar_plus_shuffled_pca,0.055769745260477066,0.007515151519328356,0.08668997358015722,0.2660045984427742,0.22191209974012574,0.22191209974012574
arousal_spike_rows_2_6_train_q90,grouped_video,4,regression_plus_binary,20260625,ar_plus_shuffled_pca,0.056561265140771866,0.007518446538597345,0.08670897611318765,0.26372977069165865,0.2153206075499989,0.18396094281458006
arousal_spike_rows_2_6_train_q90,grouped_video,4,regression_plus_binary,20260626,ar_plus_shuffled_pca,0.05694940686225891,0.007546459324657917,0.08687035929854277,0.25718624935909556,0.21811287880591032,0.19347776094700805
arousal_spike_rows_2_6_train_q90,grouped_video,4,regression_plus_binary,20260627,ar_plus_shuffled_pca,0.058101292699575424,0.007731687277555466,0.08793001351959105,0.22558508827918036,0.18147348383124587,0.1910387013925288
arousal_spike_rows_2_6_train_q90,grouped_video,4,binary,20260625,diag_only,2.349010705947876,5.573062419891357,2.360733449564215,0.04994657824821163,0.019543540559669843,0.019543540559669843
arousal_spike_rows_2_6_train_q90,grouped_video,4,binary,20260626,diag_only,2.3222227096557617,5.507950305938721,2.346902278736531,0.07522133084678832,0.052268836734881315,0.052268836734881315
arousal_spike_rows_2_6_train_q90,grouped_video,4,binary,20260627,diag_only,2.3677937984466553,5.743711471557617,2.396604154122582,0.07178819110316152,0.05529858496374839,0.05529858496374839
arousal_spike_rows_2_6_train_q90,grouped_video,4,regression,20260625,diag_only,0.059489160776138306,0.007991993799805641,0.08939795187701809,0.08446048518238408,0.0638819551163688,0.0638819551163688
arousal_spike_rows_2_6_train_q90,grouped_video,4,regression,20260626,diag_only,0.059086501598358154,0.007994083687663078,0.08940963979159673,0.08394378688765329,0.0643676830799488,0.0643676830799488
arousal_spike_rows_2_6_train_q90,grouped_video,4,regression,20260627,diag_only,0.059979598969221115,0.008006584830582142,0.08947952185043315,0.07196428410738719,0.04602123163729442,0.04602123163729442
arousal_spike_rows_2_6_train_q90,grouped_video,4,regression_plus_binary,20260625,diag_only,0.058130763471126556,0.008011196739971638,0.0895052888938505,0.08238025391916581,0.05636236679122007,0.04456742217108171
arousal_spike_rows_2_6_train_q90,grouped_video,4,regression_plus_binary,20260626,diag_only,0.05938846245408058,0.008021464571356773,0.08956262932360111,0.07015061562886223,0.044522812174609495,0.030437082816049794
arousal_spike_rows_2_6_train_q90,grouped_video,4,regression_plus_binary,20260627,diag_only,0.06015029922127724,0.008095890283584595,0.08997716534535079,0.05214868764428328,0.03955862540173104,0.04688652119613125
arousal_spike_rows_2_6_train_q90,grouped_video,4,binary,20260625,label_permutation,2.391730546951294,6.215914726257324,2.4931736253733563,-0.029314083267138497,0.015041551766675751,0.015041551766675751
arousal_spike_rows_2_6_train_q90,grouped_video,4,binary,20260626,label_permutation,2.2219741344451904,5.441600322723389,2.332723799064816,-0.024755116913512294,0.010183352267120306,0.010183352267120306
arousal_spike_rows_2_6_train_q90,grouped_video,4,binary,20260627,label_permutation,2.129504919052124,4.679239273071289,2.163154935059273,0.008747347762480071,-0.01563732879673003,-0.01563732879673003
arousal_spike_rows_2_6_train_q90,grouped_video,4,regression,20260625,label_permutation,0.06040837988257408,0.008327445015311241,0.09125483557221087,-0.018254516605225386,-0.02520763862992486,-0.02520763862992486
arousal_spike_rows_2_6_train_q90,grouped_video,4,regression,20260626,label_permutation,0.06077321618795395,0.008778736926615238,0.09369491409150893,-0.029013939037170138,-0.015823219378989395,-0.015823219378989395
arousal_spike_rows_2_6_train_q90,grouped_video,4,regression,20260627,label_permutation,0.06065451353788376,0.008694379590451717,0.0932436571057341,-0.01570240584484096,-0.017749010195206083,-0.017749010195206083
arousal_spike_rows_2_6_train_q90,grouped_video,4,regression_plus_binary,20260625,label_permutation,0.06275922805070877,0.008499913848936558,0.09219497735200415,-0.006795410459465352,-0.01045547895290385,0.0033003118527736245
arousal_spike_rows_2_6_train_q90,grouped_video,4,regression_plus_binary,20260626,label_permutation,0.06062962859869003,0.008406153880059719,0.0916850799206704,-0.017963196177910732,-0.011291466370419778,0.0006877367815289536
arousal_spike_rows_2_6_train_q90,grouped_video,4,regression_plus_binary,20260627,label_permutation,0.0612998865544796,0.008749949745833874,0.09354116604914584,-0.019032461470969566,-0.013933289454354895,-0.014201353641083471
arousal_spike_rows_2_6_train_q90,grouped_video,4,binary,20260625,pca_only_random,2.1536967754364014,4.669510841369629,2.160905097724014,0.0008278876837147143,0.00034410583502973225,0.00034410583502973225
arousal_spike_rows_2_6_train_q90,grouped_video,4,binary,20260626,pca_only_random,2.9137327671051025,9.94834041595459,3.1540989863912943,-0.0013346824203163525,-0.007492382771327391,-0.007492382771327391
arousal_spike_rows_2_6_train_q90,grouped_video,4,binary,20260627,pca_only_random,2.3295137882232666,5.492730617523193,2.3436575299141285,-0.003827081008451461,-0.006003349005119402,-0.006003349005119402
arousal_spike_rows_2_6_train_q90,grouped_video,4,regression,20260625,pca_only_random,0.06134655326604843,0.008205574937164783,0.09058462859207837,-0.0003679849731440888,0.00016753751633980367,0.00016753751633980367
arousal_spike_rows_2_6_train_q90,grouped_video,4,regression,20260626,pca_only_random,0.06172097101807594,0.008598116226494312,0.0927260277726503,-0.009049807086522046,-0.009751414166347328,-0.009751414166347328
arousal_spike_rows_2_6_train_q90,grouped_video,4,regression,20260627,pca_only_random,0.06068861484527588,0.008403634652495384,0.0916713404096143,-0.006087179058915337,-0.006464437720550923,-0.006464437720550923
arousal_spike_rows_2_6_train_q90,grouped_video,4,regression_plus_binary,20260625,pca_only_random,0.07650865614414215,0.010740553960204124,0.10363664390650695,0.005173415853864923,-0.0009611376881068344,-0.0015973674827558918
arousal_spike_rows_2_6_train_q90,grouped_video,4,regression_plus_binary,20260626,pca_only_random,0.06225030496716499,0.008451450616121292,0.09193177152715644,0.0003192927613996487,-6.327268676085836e-05,-0.0035225506585470872
arousal_spike_rows_2_6_train_q90,grouped_video,4,regression_plus_binary,20260627,pca_only_random,0.06563030928373337,0.009669613093137741,0.09833419086532283,-0.00992900256667979,-0.005992993408889328,-0.0054660110122371165
arousal_spike_rows_2_6_train_q90,grouped_video,4,binary,20260625,pca_only_real,2.568202018737793,7.202259063720703,2.683702491656015,0.12398009007199683,0.11682753473633675,0.11682753473633675
arousal_spike_rows_2_6_train_q90,grouped_video,4,binary,20260626,pca_only_real,2.556908369064331,7.084287166595459,2.661632425147293,0.11953391269180054,0.11315506638222052,0.11315506638222052
arousal_spike_rows_2_6_train_q90,grouped_video,4,binary,20260627,pca_only_real,2.465984582901001,6.5129218101501465,2.5520426740456648,0.12216802010920594,0.10907991210245215,0.10907991210245215
arousal_spike_rows_2_6_train_q90,grouped_video,4,regression,20260625,pca_only_real,0.06540520489215851,0.009490127675235271,0.09741728632658206,0.10808970435560124,0.11466965988650096,0.11466965988650096
arousal_spike_rows_2_6_train_q90,grouped_video,4,regression,20260626,pca_only_real,0.0661587044596672,0.00954387802630663,0.09769277366472215,0.10461465946715244,0.11267035954355588,0.11267035954355588
arousal_spike_rows_2_6_train_q90,grouped_video,4,regression,20260627,pca_only_real,0.0639355480670929,0.009047192521393299,0.09511673102768671,0.12216013265278525,0.12341518360335427,0.12341518360335427
arousal_spike_rows_2_6_train_q90,grouped_video,4,regression_plus_binary,20260625,pca_only_real,0.06062023714184761,0.008491919375956059,0.09215161081585095,0.10307831222360019,0.10440038093390813,0.08787619867052147
arousal_spike_rows_2_6_train_q90,grouped_video,4,regression_plus_binary,20260626,pca_only_real,0.058025144040584564,0.008361902087926865,0.09144343654919616,0.13011783941077076,0.1294084303719344,0.1195691574105461
arousal_spike_rows_2_6_train_q90,grouped_video,4,regression_plus_binary,20260627,pca_only_real,0.062486954033374786,0.008524289354681969,0.09232707812273694,0.11323037951539469,0.10904372333214078,0.10142662038007096
arousal_spike_rows_2_6_train_q90,grouped_video,4,binary,20260625,pca_only_shuffled,2.323552131652832,5.448267936706543,2.3341525093075095,0.006208402462473772,0.009417483246009082,0.009417483246009082
arousal_spike_rows_2_6_train_q90,grouped_video,4,binary,20260626,pca_only_shuffled,2.302783250808716,5.341148853302002,2.3110925670128406,0.007042344346016513,0.011878344086797894,0.011878344086797894
arousal_spike_rows_2_6_train_q90,grouped_video,4,binary,20260627,pca_only_shuffled,2.2920539379119873,5.287025451660156,2.2993532681300097,0.012320198491294178,0.010660847693181607,0.010660847693181607
arousal_spike_rows_2_6_train_q90,grouped_video,4,regression,20260625,pca_only_shuffled,0.06240874156355858,0.008213994093239307,0.09063108789614802,0.01060422992462375,0.013992403312762606,0.013992403312762606
arousal_spike_rows_2_6_train_q90,grouped_video,4,regression,20260626,pca_only_shuffled,0.059018250554800034,0.00823238492012024,0.09073249098377184,0.00011352483352661972,0.0018868388129712134,0.0018868388129712134
arousal_spike_rows_2_6_train_q90,grouped_video,4,regression,20260627,pca_only_shuffled,0.05957828462123871,0.008152129128575325,0.09028914180883173,0.013950465517755053,0.014589124949993855,0.014589124949993855
arousal_spike_rows_2_6_train_q90,grouped_video,4,regression_plus_binary,20260625,pca_only_shuffled,0.06041073426604271,0.00829324871301651,0.09106727575269016,0.004780507991725746,0.008835986488597274,0.0064081430636475385
arousal_spike_rows_2_6_train_q90,grouped_video,4,regression_plus_binary,20260626,pca_only_shuffled,0.060667797923088074,0.008123448118567467,0.09013017318616151,0.0031677421631608445,0.0035999034643767304,0.00894855386165792
arousal_spike_rows_2_6_train_q90,grouped_video,4,regression_plus_binary,20260627,pca_only_shuffled,0.06089043244719505,0.008193589746952057,0.09051844975999124,0.0038562294205713777,0.009953894922156358,0.005379060592714581
arousal_spike_rows_2_6_train_q90,grouped_video,4,binary,20260625,quality_only,2.845019817352295,8.125929832458496,2.8506016614845535,0.004816130593256135,0.013685474112674208,0.013685474112674208
arousal_spike_rows_2_6_train_q90,grouped_video,4,binary,20260626,quality_only,2.3449652194976807,5.589219570159912,2.364153034420554,0.07328803178414559,0.06314697793623544,0.06314697793623544
arousal_spike_rows_2_6_train_q90,grouped_video,4,binary,20260627,quality_only,2.3403265476226807,5.569634437561035,2.3600072960821614,0.07206035446415605,0.061110564417756016,0.061110564417756016
arousal_spike_rows_2_6_train_q90,grouped_video,4,regression,20260625,quality_only,0.058749280869960785,0.007992876693606377,0.08940288973856704,0.08435137614331523,0.08096534293380633,0.08096534293380633
arousal_spike_rows_2_6_train_q90,grouped_video,4,regression,20260626,quality_only,0.05965276062488556,0.007990963757038116,0.08939219069380791,0.08178184101597336,0.06390208076637197,0.06390208076637197
arousal_spike_rows_2_6_train_q90,grouped_video,4,regression,20260627,quality_only,0.059454165399074554,0.007980787195265293,0.08933525169419569,0.08938321953026335,0.07315833656448079,0.07315833656448079
arousal_spike_rows_2_6_train_q90,grouped_video,4,regression_plus_binary,20260625,quality_only,0.06134060397744179,0.008458596654236317,0.09197062930216536,0.001961692445666044,-0.00956550952386303,0.01725510611305052
arousal_spike_rows_2_6_train_q90,grouped_video,4,regression_plus_binary,20260626,quality_only,0.057645946741104126,0.008612537756562233,0.09280375938808855,0.0184618729502399,0.049556199049876966,0.0075837555765821485
arousal_spike_rows_2_6_train_q90,grouped_video,4,regression_plus_binary,20260627,quality_only,0.057983964681625366,0.007985806092619896,0.08936333751947662,0.09758284620039112,0.0785901926350793,0.06370054620806395
arousal_spike_rows_2_6_train_q90,grouped_video,4,binary,20260625,real_ar_pca_diag,2.6569173336029053,8.19522476196289,2.862730298502269,0.2689206491867852,0.21661574288166482,0.21661574288166482
arousal_spike_rows_2_6_train_q90,grouped_video,4,binary,20260626,real_ar_pca_diag,2.6314117908477783,7.981270790100098,2.82511429682059,0.2722592068898222,0.21756611452525398,0.21756611452525398
arousal_spike_rows_2_6_train_q90,grouped_video,4,binary,20260627,real_ar_pca_diag,2.688974380493164,8.446589469909668,2.9063016825356702,0.2702141959556975,0.21753619693313905,0.21753619693313905
arousal_spike_rows_2_6_train_q90,grouped_video,4,regression,20260625,real_ar_pca_diag,0.05694686248898506,0.007449576631188393,0.08631092996364013,0.2963075842602598,0.24795815753902445,0.24795815753902445
arousal_spike_rows_2_6_train_q90,grouped_video,4,regression,20260626,real_ar_pca_diag,0.058264605700969696,0.007961371913552284,0.08922652023671149,0.25979351259385414,0.23257924071266645,0.23257924071266645
arousal_spike_rows_2_6_train_q90,grouped_video,4,regression,20260627,real_ar_pca_diag,0.05634474754333496,0.00754117825999856,0.08683995773835083,0.29225100364319806,0.25014649063058225,0.25014649063058225
arousal_spike_rows_2_6_train_q90,grouped_video,4,regression_plus_binary,20260625,real_ar_pca_diag,0.057198356837034225,0.007649450562894344,0.08746113744340595,0.26954943248251645,0.2309310001310785,0.21251227949035756
arousal_spike_rows_2_6_train_q90,grouped_video,4,regression_plus_binary,20260626,real_ar_pca_diag,0.056870464235544205,0.007612285669893026,0.0872484135666261,0.2744978782166427,0.21851491144104065,0.22025170393325116
arousal_spike_rows_2_6_train_q90,grouped_video,4,regression_plus_binary,20260627,real_ar_pca_diag,0.05908699333667755,0.008114950731396675,0.09008302132697746,0.2497341567133132,0.19990925244554597,0.2199706420899245
arousal_spike_rows_2_6_train_q90,grouped_video,4,binary,20260625,shuffled_diag_only,2.289278745651245,5.251999855041504,2.291724210074481,0.0010999114289927626,0.0029953586969814917,0.0029953586969814917
arousal_spike_rows_2_6_train_q90,grouped_video,4,binary,20260626,shuffled_diag_only,2.2816250324249268,5.215652942657471,2.2837804059623315,-0.0011970951686888962,0.001088753422943433,0.001088753422943433
arousal_spike_rows_2_6_train_q90,grouped_video,4,binary,20260627,shuffled_diag_only,2.3832128047943115,5.7138142585754395,2.390358604597946,0.006619195620335586,0.0018175233796147929,0.0018175233796147929
arousal_spike_rows_2_6_train_q90,grouped_video,4,regression,20260625,shuffled_diag_only,0.058942604809999466,0.00815232377499342,0.0902902197084126,-0.00787500801080867,-0.002766615053677372,-0.002766615053677372
arousal_spike_rows_2_6_train_q90,grouped_video,4,regression,20260626,shuffled_diag_only,0.05949218198657036,0.008068541996181011,0.08982506329628169,-0.005041989033973605,-0.0077406854651695025,-0.0077406854651695025
arousal_spike_rows_2_6_train_q90,grouped_video,4,regression,20260627,shuffled_diag_only,0.059183914214372635,0.008061017841100693,0.0897831712577624,0.005685568148966303,0.005560031826757851,0.005560031826757851
arousal_spike_rows_2_6_train_q90,grouped_video,4,regression_plus_binary,20260625,shuffled_diag_only,0.06131603196263313,0.008070104755461216,0.08983376177952929,-0.002980864908809503,-0.0033788768000933,0.0015295541112346966
arousal_spike_rows_2_6_train_q90,grouped_video,4,regression_plus_binary,20260626,shuffled_diag_only,0.05959952250123024,0.00806327722966671,0.08979575284871055,0.002202794004793977,0.0030294304615845575,0.0044899132306035735
arousal_spike_rows_2_6_train_q90,grouped_video,4,regression_plus_binary,20260627,shuffled_diag_only,0.055729467421770096,0.009278961457312107,0.09632736608727609,-0.0028374825823496365,-0.005216677297222993,0.0012031710797741593
arousal_spike_rows_2_6_train_q90,grouped_video,4,binary,20260625,time_only,2.267496109008789,5.170116901397705,2.2737891066230627,0.05794421786499141,0.038294712915173515,0.038294712915173515
arousal_spike_rows_2_6_train_q90,grouped_video,4,binary,20260626,time_only,2.272914409637451,5.193985462188721,2.279031693985128,0.048500332696232405,0.036297531544458826,0.036297531544458826
arousal_spike_rows_2_6_train_q90,grouped_video,4,binary,20260627,time_only,2.263421058654785,5.1503729820251465,2.2694433198529427,0.05393454369933433,0.03740441617726078,0.03740441617726078
arousal_spike_rows_2_6_train_q90,grouped_video,4,regression,20260625,time_only,0.06028751656413078,0.008023516274988651,0.08957408260757489,0.05882733048344767,0.047651993417018125,0.047651993417018125
arousal_spike_rows_2_6_train_q90,grouped_video,4,regression,20260626,time_only,0.05955115705728531,0.008016387932002544,0.08953428355664965,0.062086518112244714,0.057329991789340534,0.057329991789340534
arousal_spike_rows_2_6_train_q90,grouped_video,4,regression,20260627,time_only,0.059086479246616364,0.008015847764909267,0.08953126696807807,0.06389571947219376,0.060921712779169065,0.060921712779169065
arousal_spike_rows_2_6_train_q90,grouped_video,4,regression_plus_binary,20260625,time_only,0.06013176590204239,0.00802895613014698,0.08960444258041551,0.05680597442582764,0.047084389238738346,0.044756129536412406
arousal_spike_rows_2_6_train_q90,grouped_video,4,regression_plus_binary,20260626,time_only,0.059413179755210876,0.008012745529413223,0.08951394041942977,0.06476899928690173,0.05984992592362108,0.03309067468610956
arousal_spike_rows_2_6_train_q90,grouped_video,4,regression_plus_binary,20260627,time_only,0.06096932664513588,0.0080144377425313,0.08952339215272899,0.06866465359921593,0.06417544425768704,0.03543256306995398
arousal_spike_rows_2_6_train_q90,grouped_video,4,binary,20260625,video_mean_pca_oracle_diagnostic,3.049203872680664,10.920849800109863,3.3046709064761446,0.007817342425604803,0.015332603137603769,0.015332603137603769
arousal_spike_rows_2_6_train_q90,grouped_video,4,binary,20260626,video_mean_pca_oracle_diagnostic,3.2257261276245117,12.714274406433105,3.565708121317995,0.011148741677423269,0.01735054173310635,0.01735054173310635
arousal_spike_rows_2_6_train_q90,grouped_video,4,binary,20260627,video_mean_pca_oracle_diagnostic,2.9713826179504395,10.168657302856445,3.1888332196677274,0.01646247439685909,0.04503867247716861,0.04503867247716861
arousal_spike_rows_2_6_train_q90,grouped_video,4,regression,20260625,video_mean_pca_oracle_diagnostic,0.06167725846171379,0.008454901166260242,0.0919505365196976,0.03682847765854807,0.01818291859367255,0.01818291859367255
arousal_spike_rows_2_6_train_q90,grouped_video,4,regression,20260626,video_mean_pca_oracle_diagnostic,0.061522118747234344,0.008549226447939873,0.09246202705943599,0.022856024643141164,0.015759822951460032,0.015759822951460032
arousal_spike_rows_2_6_train_q90,grouped_video,4,regression,20260627,video_mean_pca_oracle_diagnostic,0.06081504002213478,0.008460773155093193,0.09198246112761493,0.03446498204184705,0.017149114949035146,0.017149114949035146
arousal_spike_rows_2_6_train_q90,grouped_video,4,regression_plus_binary,20260625,video_mean_pca_oracle_diagnostic,0.06045440584421158,0.008409468457102776,0.09170315401938352,0.008309717812890796,0.011264840590566916,0.04132467838185642
arousal_spike_rows_2_6_train_q90,grouped_video,4,regression_plus_binary,20260626,video_mean_pca_oracle_diagnostic,0.06010069325566292,0.00834544189274311,0.09135339015462486,0.020828513450217315,0.025132019271750756,0.029816763585115643
arousal_spike_rows_2_6_train_q90,grouped_video,4,regression_plus_binary,20260627,video_mean_pca_oracle_diagnostic,0.06093980744481087,0.008533005602657795,0.09237426915899143,0.011824272009620272,0.026718367612572062,0.03751437750772324
arousal_spike_rows_2_6_train_q90,grouped_video,5,binary,20260625,ar_only_head,3.0134899616241455,12.608659744262695,3.5508674636295137,0.22006809966262064,0.22061478340662447,0.22061478340662447
arousal_spike_rows_2_6_train_q90,grouped_video,5,binary,20260626,ar_only_head,2.9041054248809814,10.65926456451416,3.264852916214475,0.23345631091631647,0.22051814689849553,0.22051814689849553
arousal_spike_rows_2_6_train_q90,grouped_video,5,binary,20260627,ar_only_head,3.134730100631714,14.297477722167969,3.781200566244532,0.2126792897989576,0.2161499309648574,0.2161499309648574
arousal_spike_rows_2_6_train_q90,grouped_video,5,regression,20260625,ar_only_head,0.052606768906116486,0.007108157034963369,0.08430988693482734,0.332450311111281,0.3013607701187709,0.3013607701187709
arousal_spike_rows_2_6_train_q90,grouped_video,5,regression,20260626,ar_only_head,0.05426150932908058,0.007119311951100826,0.08437601525967452,0.32802156619260536,0.29743010362209704,0.29743010362209704
arousal_spike_rows_2_6_train_q90,grouped_video,5,regression,20260627,ar_only_head,0.05344900116324425,0.00710264453664422,0.08427718870871417,0.3300565960311223,0.3036987869858019,0.3036987869858019
arousal_spike_rows_2_6_train_q90,grouped_video,5,regression_plus_binary,20260625,ar_only_head,0.05385534092783928,0.007093894295394421,0.08422525924800957,0.3347096525278533,0.2843874459273124,0.22763156496638304
arousal_spike_rows_2_6_train_q90,grouped_video,5,regression_plus_binary,20260626,ar_only_head,0.055222563445568085,0.0070898146368563175,0.08420103702957772,0.3352212994334553,0.2873258526205557,0.24144471670445994
arousal_spike_rows_2_6_train_q90,grouped_video,5,regression_plus_binary,20260627,ar_only_head,0.05374816432595253,0.00710592046380043,0.08429662190028987,0.32761619500750494,0.279621512667443,0.22923539925283187
arousal_spike_rows_2_6_train_q90,grouped_video,5,binary,20260625,ar_plus_random_pca,2.843744993209839,9.161564826965332,3.026807695735778,0.2535914447930633,0.22026508123475128,0.22026508123475128
arousal_spike_rows_2_6_train_q90,grouped_video,5,binary,20260626,ar_plus_random_pca,2.7418551445007324,8.48655891418457,2.9131699082244706,0.2565255427184307,0.2259537815583679,0.2259537815583679
arousal_spike_rows_2_6_train_q90,grouped_video,5,binary,20260627,ar_plus_random_pca,2.752441883087158,8.482829093933105,2.9125296726270626,0.26031579651419146,0.2284623349048543,0.2284623349048543
arousal_spike_rows_2_6_train_q90,grouped_video,5,regression,20260625,ar_plus_random_pca,0.054749537259340286,0.0072479345835745335,0.08513480242283136,0.30091490341408644,0.24768500653880496,0.24768500653880496
arousal_spike_rows_2_6_train_q90,grouped_video,5,regression,20260626,ar_plus_random_pca,0.05496085062623024,0.007316341623663902,0.08553561611202612,0.29309837347981377,0.23177315903448426,0.23177315903448426
arousal_spike_rows_2_6_train_q90,grouped_video,5,regression,20260627,ar_plus_random_pca,0.055135998874902725,0.007469985634088516,0.08642907863727645,0.2725217582035498,0.2250144023544159,0.2250144023544159
arousal_spike_rows_2_6_train_q90,grouped_video,5,regression_plus_binary,20260625,ar_plus_random_pca,0.054035529494285583,0.007360151968896389,0.08579132805182811,0.2872497685746483,0.23505499294520846,0.2265994165265743
arousal_spike_rows_2_6_train_q90,grouped_video,5,regression_plus_binary,20260626,ar_plus_random_pca,0.05413062497973442,0.007350961212068796,0.08573774671676879,0.2879833249743222,0.23368914708128696,0.2311450365698414
arousal_spike_rows_2_6_train_q90,grouped_video,5,regression_plus_binary,20260627,ar_plus_random_pca,0.05621793493628502,0.007508793845772743,0.08665329679690636,0.26167228847571783,0.20935768207432015,0.2294802071439131
arousal_spike_rows_2_6_train_q90,grouped_video,5,binary,20260625,ar_plus_shuffled_pca,2.8351714611053467,9.07420539855957,3.0123421781994772,0.2564258034212575,0.22921454979903963,0.22921454979903963
arousal_spike_rows_2_6_train_q90,grouped_video,5,binary,20260626,ar_plus_shuffled_pca,2.7466676235198975,8.514201164245605,2.9179104105927594,0.25712660134840587,0.2306209480867668,0.2306209480867668
arousal_spike_rows_2_6_train_q90,grouped_video,5,binary,20260627,ar_plus_shuffled_pca,2.7985033988952637,8.874563217163086,2.979020513048389,0.25837103612623885,0.23267966877580068,0.23267966877580068
arousal_spike_rows_2_6_train_q90,grouped_video,5,regression,20260625,ar_plus_shuffled_pca,0.05434568598866463,0.007307114545255899,0.08548166204079036,0.2959759651315503,0.2470339947242827,0.2470339947242827
arousal_spike_rows_2_6_train_q90,grouped_video,5,regression,20260626,ar_plus_shuffled_pca,0.054763201624155045,0.007218590471893549,0.08496228852787305,0.3076892113091121,0.24450103112623991,0.24450103112623991
arousal_spike_rows_2_6_train_q90,grouped_video,5,regression,20260627,ar_plus_shuffled_pca,0.054376259446144104,0.007294541224837303,0.08540808641362539,0.2946117840151576,0.2480719483384586,0.2480719483384586
arousal_spike_rows_2_6_train_q90,grouped_video,5,regression_plus_binary,20260625,ar_plus_shuffled_pca,0.053807009011507034,0.007290440145879984,0.08538407431061125,0.2981084352259025,0.24714631445084492,0.22958480346824237
arousal_spike_rows_2_6_train_q90,grouped_video,5,regression_plus_binary,20260626,ar_plus_shuffled_pca,0.055269379168748856,0.007252018433064222,0.08515878365185955,0.2995711795635633,0.24900899235752266,0.2339341440172246
arousal_spike_rows_2_6_train_q90,grouped_video,5,regression_plus_binary,20260627,ar_plus_shuffled_pca,0.05537368357181549,0.007457818370312452,0.08635866123506346,0.2686956871672677,0.2126490880713219,0.2283272255180352
arousal_spike_rows_2_6_train_q90,grouped_video,5,binary,20260625,diag_only,2.4052677154541016,5.873851299285889,2.4236029582598486,0.06557519949011553,0.06572021680576402,0.06572021680576402
arousal_spike_rows_2_6_train_q90,grouped_video,5,binary,20260626,diag_only,2.372420072555542,5.740394115447998,2.3959119590352227,0.07351354438151833,0.06603303220627851,0.06603303220627851
arousal_spike_rows_2_6_train_q90,grouped_video,5,binary,20260627,diag_only,2.366039752960205,5.712960243225098,2.3901799604266407,0.07240438556267148,0.06303070365327379,0.06303070365327379
arousal_spike_rows_2_6_train_q90,grouped_video,5,regression,20260625,diag_only,0.05765463039278984,0.007921134121716022,0.08900075348959706,0.07428843546468467,0.05912428336751759,0.05912428336751759
arousal_spike_rows_2_6_train_q90,grouped_video,5,regression,20260626,diag_only,0.05748825520277023,0.00792663637548685,0.08903165939982727,0.0739083267007424,0.04688135001182026,0.04688135001182026
arousal_spike_rows_2_6_train_q90,grouped_video,5,regression,20260627,diag_only,0.05814556032419205,0.00792299397289753,0.0890112013900359,0.07091516279757407,0.05499517478189416,0.05499517478189416
arousal_spike_rows_2_6_train_q90,grouped_video,5,regression_plus_binary,20260625,diag_only,0.05799426883459091,0.008940220810472965,0.09455274089349798,0.016901582504729003,0.02412324589527045,-0.009526130989560734
arousal_spike_rows_2_6_train_q90,grouped_video,5,regression_plus_binary,20260626,diag_only,0.05963608995079994,0.007935632951557636,0.0890821696612607,0.07149327658772184,0.05762858744214385,0.05876603681098851
arousal_spike_rows_2_6_train_q90,grouped_video,5,regression_plus_binary,20260627,diag_only,0.05657104402780533,0.007964729331433773,0.0892453322669246,0.06593573204442567,0.05006890757174485,0.061180611291118646
arousal_spike_rows_2_6_train_q90,grouped_video,5,binary,20260625,label_permutation,2.543360710144043,8.201631546020508,2.863849078778508,0.028693479519770276,0.016837504382096254,0.016837504382096254
arousal_spike_rows_2_6_train_q90,grouped_video,5,binary,20260626,label_permutation,2.3326191902160645,5.958591938018799,2.441022723781735,-0.0013248269726615718,0.0669721618677002,0.0669721618677002
arousal_spike_rows_2_6_train_q90,grouped_video,5,binary,20260627,label_permutation,2.342503309249878,6.256281852722168,2.501256055009596,0.028894998791082507,0.007332446708150617,0.007332446708150617
arousal_spike_rows_2_6_train_q90,grouped_video,5,regression,20260625,label_permutation,0.061205197125673294,0.008158153854310513,0.09032249915890565,0.016048743236892506,-0.009644768788014124,-0.009644768788014124
arousal_spike_rows_2_6_train_q90,grouped_video,5,regression,20260626,label_permutation,0.05932643264532089,0.008550124242901802,0.09246688187076388,-0.014499140553748294,0.012812906603615294,0.012812906603615294
arousal_spike_rows_2_6_train_q90,grouped_video,5,regression,20260627,label_permutation,0.058929577469825745,0.008205961436033249,0.09058676192487095,0.02216910231160992,0.020021282707335913,0.020021282707335913
arousal_spike_rows_2_6_train_q90,grouped_video,5,regression_plus_binary,20260625,label_permutation,0.06132278963923454,0.008268003351986408,0.09092856180533379,0.02518648131524816,0.016168704109978674,0.004079097451410502
arousal_spike_rows_2_6_train_q90,grouped_video,5,regression_plus_binary,20260626,label_permutation,0.05992048606276512,0.008321328088641167,0.09122131378488893,0.019384351496065145,0.021120737395963776,0.019141565998158288
arousal_spike_rows_2_6_train_q90,grouped_video,5,regression_plus_binary,20260627,label_permutation,0.05984622612595558,0.008361343294382095,0.09144038109272126,0.011660333228576266,0.004542783148163246,0.010411357324403715
arousal_spike_rows_2_6_train_q90,grouped_video,5,binary,20260625,pca_only_random,2.1526873111724854,4.66651725769043,2.1602123177341688,0.001566479761094427,0.0029208451913848767,0.0029208451913848767
arousal_spike_rows_2_6_train_q90,grouped_video,5,binary,20260626,pca_only_random,2.3121914863586426,5.387848854064941,2.3211740249418917,-0.00022242920365209932,0.001888413559440833,0.001888413559440833
arousal_spike_rows_2_6_train_q90,grouped_video,5,binary,20260627,pca_only_random,2.196244239807129,4.856969833374023,2.203853405599842,-0.002548095048188489,3.116912704837138e-05,3.116912704837138e-05
arousal_spike_rows_2_6_train_q90,grouped_video,5,regression,20260625,pca_only_random,0.05671386048197746,0.008343926630914211,0.0913450963703811,0.0003280706070734815,-0.0045935703343358706,-0.0045935703343358706
arousal_spike_rows_2_6_train_q90,grouped_video,5,regression,20260626,pca_only_random,0.060281410813331604,0.008160186000168324,0.09033374784745911,-0.0025279549242729327,0.002646121868908506,0.002646121868908506
arousal_spike_rows_2_6_train_q90,grouped_video,5,regression,20260627,pca_only_random,0.05876287445425987,0.00818947609513998,0.09049572418153236,-0.003934073336826861,-0.0039151713867058855,-0.0039151713867058855
arousal_spike_rows_2_6_train_q90,grouped_video,5,regression_plus_binary,20260625,pca_only_random,0.07622330635786057,0.0107584148645401,0.10372277890868573,-0.0007843269346552885,-0.006194676826225347,-0.0023342530992482707
arousal_spike_rows_2_6_train_q90,grouped_video,5,regression_plus_binary,20260626,pca_only_random,0.06084626540541649,0.00807167124003172,0.08984248015294168,0.0069933517481892155,0.008823482809069918,0.006233234081952167
arousal_spike_rows_2_6_train_q90,grouped_video,5,regression_plus_binary,20260627,pca_only_random,0.06107049807906151,0.008240539580583572,0.09077741778979821,0.0013861514721577215,0.005127753065287178,0.0019612179561849592
arousal_spike_rows_2_6_train_q90,grouped_video,5,binary,20260625,pca_only_real,2.5761730670928955,7.29109001159668,2.700201846454572,0.10720671514131196,0.08609499374605041,0.08609499374605041
arousal_spike_rows_2_6_train_q90,grouped_video,5,binary,20260626,pca_only_real,2.54134202003479,7.0016093254089355,2.6460554275012713,0.11509578226391817,0.08986635447758635,0.08986635447758635
arousal_spike_rows_2_6_train_q90,grouped_video,5,binary,20260627,pca_only_real,2.44667911529541,6.381759166717529,2.5262143944482482,0.1163060159016057,0.09124330307101108,0.09124330307101108
arousal_spike_rows_2_6_train_q90,grouped_video,5,regression,20260625,pca_only_real,0.06556902080774307,0.00946393609046936,0.09728276358363469,0.07765106930242054,0.06916603817642675,0.06916603817642675
arousal_spike_rows_2_6_train_q90,grouped_video,5,regression,20260626,pca_only_real,0.06523691117763519,0.009518354199826717,0.09756205307304022,0.06597435775561641,0.07125923321375681,0.07125923321375681
arousal_spike_rows_2_6_train_q90,grouped_video,5,regression,20260627,pca_only_real,0.06573577225208282,0.009425969794392586,0.09708743376149452,0.08308693384240344,0.07236291895380201,0.07236291895380201
arousal_spike_rows_2_6_train_q90,grouped_video,5,regression_plus_binary,20260625,pca_only_real,0.06196500360965729,0.00872599333524704,0.09341302551168675,0.09578367913681224,0.08780828476873641,0.09050335492370991
arousal_spike_rows_2_6_train_q90,grouped_video,5,regression_plus_binary,20260626,pca_only_real,0.061250146478414536,0.008258290588855743,0.09087513735261006,0.10627321659844109,0.08854029462171199,0.09702696388138048
arousal_spike_rows_2_6_train_q90,grouped_video,5,regression_plus_binary,20260627,pca_only_real,0.06303998082876205,0.008775764144957066,0.09367904859122485,0.08678793835301396,0.07243549033177414,0.09516095045701285
arousal_spike_rows_2_6_train_q90,grouped_video,5,binary,20260625,pca_only_shuffled,2.289498805999756,5.279210567474365,2.297653273989434,0.0031045256705919755,-0.0014653776066530758,-0.0014653776066530758
arousal_spike_rows_2_6_train_q90,grouped_video,5,binary,20260626,pca_only_shuffled,2.8983068466186523,8.433916091918945,2.904120536740675,0.0053523612242739275,0.0056759967170598,0.0056759967170598
arousal_spike_rows_2_6_train_q90,grouped_video,5,binary,20260627,pca_only_shuffled,2.3026678562164307,5.343493938446045,2.3115998655576284,0.006967185737540651,0.005928204036529954,0.005928204036529954
arousal_spike_rows_2_6_train_q90,grouped_video,5,regression,20260625,pca_only_shuffled,0.05693220719695091,0.008303209207952023,0.0911219469060666,-0.004484425902061205,-0.001119289979073246,-0.001119289979073246
arousal_spike_rows_2_6_train_q90,grouped_video,5,regression,20260626,pca_only_shuffled,0.0597713328897953,0.008134180679917336,0.09018969275874786,-0.00680444797189389,-0.002517013366851582,-0.002517013366851582
arousal_spike_rows_2_6_train_q90,grouped_video,5,regression,20260627,pca_only_shuffled,0.05926159396767616,0.008091868832707405,0.08995481550593834,-0.006685046519220523,-0.004919340697850424,-0.004919340697850424
arousal_spike_rows_2_6_train_q90,grouped_video,5,regression_plus_binary,20260625,pca_only_shuffled,0.06067822873592377,0.008308643475174904,0.09115176068060837,-0.003950835645398545,-0.007375697830515623,-2.5433292328295653e-05
arousal_spike_rows_2_6_train_q90,grouped_video,5,regression_plus_binary,20260626,pca_only_shuffled,0.0591837540268898,0.008303821086883545,0.09112530431709705,-0.00400426196165933,-0.0004977918284362568,0.0009749709795693407
arousal_spike_rows_2_6_train_q90,grouped_video,5,regression_plus_binary,20260627,pca_only_shuffled,0.05977822095155716,0.008131572045385838,0.09017522966638808,-0.006551617821553207,-0.010240568262571048,0.0004789330639343996
arousal_spike_rows_2_6_train_q90,grouped_video,5,binary,20260625,quality_only,2.3721349239349365,5.705547332763672,2.388628755743276,0.08063858633599658,0.05064308156479698,0.05064308156479698
arousal_spike_rows_2_6_train_q90,grouped_video,5,binary,20260626,quality_only,2.345125675201416,5.5814008712768555,2.362498861645621,0.07892485445054222,0.054033309474708656,0.054033309474708656
arousal_spike_rows_2_6_train_q90,grouped_video,5,binary,20260627,quality_only,2.355673313140869,5.626126766204834,2.3719457764048557,0.07610304217743573,0.04862786146785767,0.04862786146785767
arousal_spike_rows_2_6_train_q90,grouped_video,5,regression,20260625,quality_only,0.058334920555353165,0.007923797704279423,0.08901571605216363,0.06249789721495591,0.045795165923044535,0.045795165923044535
arousal_spike_rows_2_6_train_q90,grouped_video,5,regression,20260626,quality_only,0.05726947635412216,0.007916743867099285,0.08897608592818233,0.07611933676524169,0.05435489778385582,0.05435489778385582
arousal_spike_rows_2_6_train_q90,grouped_video,5,regression,20260627,quality_only,0.058919791132211685,0.007920886389911175,0.08899936173878538,0.06627743780030255,0.04027982882604642,0.04027982882604642
arousal_spike_rows_2_6_train_q90,grouped_video,5,regression_plus_binary,20260625,quality_only,0.06097376346588135,0.00818319246172905,0.090460999672395,0.016537024091612965,0.02250728876498315,-0.02081982219747058
arousal_spike_rows_2_6_train_q90,grouped_video,5,regression_plus_binary,20260626,quality_only,0.06204657629132271,0.008280077017843723,0.09099492852815327,0.00879000330654121,-0.004972798077999545,-0.030043000246772634
arousal_spike_rows_2_6_train_q90,grouped_video,5,regression_plus_binary,20260627,quality_only,0.05799723416566849,0.00790516845881939,0.08891101427168284,0.08103373601744156,0.06066358394040171,0.04502455135357806
arousal_spike_rows_2_6_train_q90,grouped_video,5,binary,20260625,real_ar_pca_diag,2.7204771041870117,8.634783744812012,2.938500254349489,0.2927967666714411,0.24266412695346942,0.24266412695346942
arousal_spike_rows_2_6_train_q90,grouped_video,5,binary,20260626,real_ar_pca_diag,2.7362496852874756,8.632087707519531,2.9380414747786547,0.2918516563469702,0.24212559854404142,0.24212559854404142
arousal_spike_rows_2_6_train_q90,grouped_video,5,binary,20260627,real_ar_pca_diag,2.6825554370880127,8.368385314941406,2.8928161564367354,0.28981196091664685,0.24437559233248637,0.24437559233248637
arousal_spike_rows_2_6_train_q90,grouped_video,5,regression,20260625,real_ar_pca_diag,0.05704742297530174,0.007472998462617397,0.08644650636444134,0.29711323225227326,0.2259872662481856,0.2259872662481856
arousal_spike_rows_2_6_train_q90,grouped_video,5,regression,20260626,real_ar_pca_diag,0.05730254203081131,0.007715531624853611,0.08783809893692833,0.2760997927350454,0.2270387492636024,0.2270387492636024
arousal_spike_rows_2_6_train_q90,grouped_video,5,regression,20260627,real_ar_pca_diag,0.05562121048569679,0.007333672139793634,0.08563686203845651,0.30722667467109016,0.2408427950635698,0.2408427950635698
arousal_spike_rows_2_6_train_q90,grouped_video,5,regression_plus_binary,20260625,real_ar_pca_diag,0.05782264098525047,0.007508929818868637,0.08665408137455868,0.29152143154053467,0.23138758149652908,0.24389399777124354
arousal_spike_rows_2_6_train_q90,grouped_video,5,regression_plus_binary,20260626,real_ar_pca_diag,0.05617733672261238,0.007296877447515726,0.08542176214241735,0.3090589189342217,0.22023781602549763,0.24605745844103089
arousal_spike_rows_2_6_train_q90,grouped_video,5,regression_plus_binary,20260627,real_ar_pca_diag,0.058923251926898956,0.007704721298068762,0.08777654184387057,0.282117437828511,0.19353874576486058,0.24392071634396795
arousal_spike_rows_2_6_train_q90,grouped_video,5,binary,20260625,shuffled_diag_only,2.297927141189575,5.290975093841553,2.3002119671546692,0.0012612416766633067,-0.0009619665450100989,-0.0009619665450100989
arousal_spike_rows_2_6_train_q90,grouped_video,5,binary,20260626,shuffled_diag_only,2.2785396575927734,5.202525615692139,2.280904560846889,-0.0023951957440752703,-0.002558590853666143,-0.002558590853666143
arousal_spike_rows_2_6_train_q90,grouped_video,5,binary,20260627,shuffled_diag_only,2.294173240661621,5.274536609649658,2.296635933196565,-0.0029280857922338076,-0.003030428468870631,-0.003030428468870631
arousal_spike_rows_2_6_train_q90,grouped_video,5,regression,20260625,shuffled_diag_only,0.05891970172524452,0.007989748381078243,0.08938539243678602,0.002839736587675686,0.004805023813282112,0.004805023813282112
arousal_spike_rows_2_6_train_q90,grouped_video,5,regression,20260626,shuffled_diag_only,0.05854608863592148,0.00797189213335514,0.08928545308926387,-0.0055933931393997854,-0.002403322914973595,-0.002403322914973595
arousal_spike_rows_2_6_train_q90,grouped_video,5,regression,20260627,shuffled_diag_only,0.05970919504761696,0.007968440651893616,0.08926612264399982,0.00416901300182911,-0.0004827769550666802,-0.0004827769550666802
arousal_spike_rows_2_6_train_q90,grouped_video,5,regression_plus_binary,20260625,shuffled_diag_only,0.05870158597826958,0.007961226627230644,0.08922570608984075,0.008961810487212724,0.0060614011902825095,-0.0002836015525349234
arousal_spike_rows_2_6_train_q90,grouped_video,5,regression_plus_binary,20260626,shuffled_diag_only,0.05873047187924385,0.007974249310791492,0.08929865234588645,-0.0032053512123891314,0.001002906464885539,0.0003816657944337365
arousal_spike_rows_2_6_train_q90,grouped_video,5,regression_plus_binary,20260627,shuffled_diag_only,0.05957280471920967,0.00801215972751379,0.08951066823297539,-0.005011912646295564,-0.008692494769316047,-0.0011808418181872018
arousal_spike_rows_2_6_train_q90,grouped_video,5,binary,20260625,time_only,2.2705061435699463,5.186610698699951,2.277413159420124,0.03768810483238523,0.027163677422121797,0.027163677422121797
arousal_spike_rows_2_6_train_q90,grouped_video,5,binary,20260626,time_only,2.323084592819214,5.424025535583496,2.3289537426886553,0.006443225465011904,0.046475220768685814,0.046475220768685814
arousal_spike_rows_2_6_train_q90,grouped_video,5,binary,20260627,time_only,2.2906596660614014,5.27495813369751,2.296727701251829,0.03170284854700326,0.03680336457146095,0.03680336457146095
arousal_spike_rows_2_6_train_q90,grouped_video,5,regression,20260625,time_only,0.05995852127671242,0.007985571399331093,0.0893620243690299,0.030449833192331313,0.040620099986721926,0.040620099986721926
arousal_spike_rows_2_6_train_q90,grouped_video,5,regression,20260626,time_only,0.059335097670555115,0.007951445877552032,0.08917088021070574,0.04643738915332648,0.03790566974042035,0.03790566974042035
arousal_spike_rows_2_6_train_q90,grouped_video,5,regression,20260627,time_only,0.05966723710298538,0.007969321683049202,0.08927105736491084,0.03405135290214978,0.034288477229042234,0.034288477229042234
arousal_spike_rows_2_6_train_q90,grouped_video,5,regression_plus_binary,20260625,time_only,0.05976203456521034,0.007962760515511036,0.08923430122722448,0.03935547040327606,0.04228940774147436,0.025784637032184754
arousal_spike_rows_2_6_train_q90,grouped_video,5,regression_plus_binary,20260626,time_only,0.06079484522342682,0.00799039751291275,0.08938902344758416,0.034293334594455785,0.04098008874348799,0.027820774784429
arousal_spike_rows_2_6_train_q90,grouped_video,5,regression_plus_binary,20260627,time_only,0.061270758509635925,0.008000824600458145,0.08944732863790927,0.034456569415434506,0.02914611633114887,0.03381326998033339
arousal_spike_rows_2_6_train_q90,grouped_video,5,binary,20260625,video_mean_pca_oracle_diagnostic,2.838977813720703,9.495203018188477,3.0814287300193195,0.019610117234352298,0.020214737741634823,0.020214737741634823
arousal_spike_rows_2_6_train_q90,grouped_video,5,binary,20260626,video_mean_pca_oracle_diagnostic,2.685357093811035,8.362958908081055,2.8918780935719015,0.009752209707131866,0.01310590204684189,0.01310590204684189
arousal_spike_rows_2_6_train_q90,grouped_video,5,binary,20260627,video_mean_pca_oracle_diagnostic,2.759009838104248,8.573174476623535,2.9279983737399062,0.012541521201468248,0.033845796519346265,0.033845796519346265
arousal_spike_rows_2_6_train_q90,grouped_video,5,regression,20260625,video_mean_pca_oracle_diagnostic,0.06051613390445709,0.008437151089310646,0.09185396610550164,0.01582846245064555,0.011584495182371701,0.011584495182371701
arousal_spike_rows_2_6_train_q90,grouped_video,5,regression,20260626,video_mean_pca_oracle_diagnostic,0.0636545866727829,0.008685077540576458,0.09319376342103831,-0.011507589275243453,-0.01925639375522723,-0.01925639375522723
arousal_spike_rows_2_6_train_q90,grouped_video,5,regression,20260627,video_mean_pca_oracle_diagnostic,0.06077885255217552,0.008514278568327427,0.09227284848928978,-0.0024921971894815063,0.021721258639890374,0.021721258639890374
arousal_spike_rows_2_6_train_q90,grouped_video,5,regression_plus_binary,20260625,video_mean_pca_oracle_diagnostic,0.06189905107021332,0.008489634841680527,0.09213921446203309,-0.008925626771992903,0.02528032285106931,0.02914260092347685
arousal_spike_rows_2_6_train_q90,grouped_video,5,regression_plus_binary,20260626,video_mean_pca_oracle_diagnostic,0.06121763586997986,0.008385351859033108,0.091571566870034,0.008680340510777516,0.002194236574167594,0.006727364190902045
arousal_spike_rows_2_6_train_q90,grouped_video,5,regression_plus_binary,20260627,video_mean_pca_oracle_diagnostic,0.06130941957235336,0.008345578797161579,0.09135413946374614,0.02797547424009323,0.023757041279837708,0.031178006921071328
