target_name,validation_protocol,fold,base_family,pca_width,training_row_count,eval_row_count,pca_algorithm,centering_scaling_policy,explained_variance_ratio_sum,component_checksum,train_row_fingerprint,transform_row_fingerprint,feature_artifact_path,feature_artifact_checksum,dropped_train_rows,dropped_eval_rows,drop_reason
arousal_spike_rows_2_6_train_q90,grouped_video,1,current,64,186467,46622,streaming_randomized_svd_mlx_matmul,train_only_zscore_before_pca,0.9418695195790225,40d175eaf16b1b18c5c9bcaf3a5602f0,f7c9e249c4081071d715f9ab1446ecb6,a4fb8eab5c51b6c0108aa0ad4c48a899,$NEURAL_BRIDGE_EXTERNAL_ROOT/outputs/again_dense_2hz_phase4_pca_bridge_20260625_full/features/arousal_spike_rows_2_6_train_q90__grouped_video__fold1__current__scores_w256.npy,9705be0a0cd42e591927a457e8e13ea3,0,0,
arousal_spike_rows_2_6_train_q90,grouped_video,1,current,128,186467,46622,streaming_randomized_svd_mlx_matmul,train_only_zscore_before_pca,0.9700145061941758,40d175eaf16b1b18c5c9bcaf3a5602f0,f7c9e249c4081071d715f9ab1446ecb6,a4fb8eab5c51b6c0108aa0ad4c48a899,$NEURAL_BRIDGE_EXTERNAL_ROOT/outputs/again_dense_2hz_phase4_pca_bridge_20260625_full/features/arousal_spike_rows_2_6_train_q90__grouped_video__fold1__current__scores_w256.npy,9705be0a0cd42e591927a457e8e13ea3,0,0,
arousal_spike_rows_2_6_train_q90,grouped_video,1,current,192,186467,46622,streaming_randomized_svd_mlx_matmul,train_only_zscore_before_pca,0.9859429984556598,40d175eaf16b1b18c5c9bcaf3a5602f0,f7c9e249c4081071d715f9ab1446ecb6,a4fb8eab5c51b6c0108aa0ad4c48a899,$NEURAL_BRIDGE_EXTERNAL_ROOT/outputs/again_dense_2hz_phase4_pca_bridge_20260625_full/features/arousal_spike_rows_2_6_train_q90__grouped_video__fold1__current__scores_w256.npy,9705be0a0cd42e591927a457e8e13ea3,0,0,
arousal_spike_rows_2_6_train_q90,grouped_video,1,current,256,186467,46622,streaming_randomized_svd_mlx_matmul,train_only_zscore_before_pca,0.9946735432811934,40d175eaf16b1b18c5c9bcaf3a5602f0,f7c9e249c4081071d715f9ab1446ecb6,a4fb8eab5c51b6c0108aa0ad4c48a899,$NEURAL_BRIDGE_EXTERNAL_ROOT/outputs/again_dense_2hz_phase4_pca_bridge_20260625_full/features/arousal_spike_rows_2_6_train_q90__grouped_video__fold1__current__scores_w256.npy,9705be0a0cd42e591927a457e8e13ea3,0,0,
arousal_spike_rows_2_6_train_q90,grouped_video,1,delta,64,186467,46622,streaming_randomized_svd_mlx_matmul,train_only_zscore_before_pca,0.7883751501521556,52032692a0d0855834320aa7803ab8a7,f7c9e249c4081071d715f9ab1446ecb6,a4fb8eab5c51b6c0108aa0ad4c48a899,$NEURAL_BRIDGE_EXTERNAL_ROOT/outputs/again_dense_2hz_phase4_pca_bridge_20260625_full/features/arousal_spike_rows_2_6_train_q90__grouped_video__fold1__delta__scores_w256.npy,e5e49a7e4e722eae391023894d443884,0,0,invalid first row for delta family
arousal_spike_rows_2_6_train_q90,grouped_video,1,delta,128,186467,46622,streaming_randomized_svd_mlx_matmul,train_only_zscore_before_pca,0.9418231309039274,52032692a0d0855834320aa7803ab8a7,f7c9e249c4081071d715f9ab1446ecb6,a4fb8eab5c51b6c0108aa0ad4c48a899,$NEURAL_BRIDGE_EXTERNAL_ROOT/outputs/again_dense_2hz_phase4_pca_bridge_20260625_full/features/arousal_spike_rows_2_6_train_q90__grouped_video__fold1__delta__scores_w256.npy,e5e49a7e4e722eae391023894d443884,0,0,invalid first row for delta family
arousal_spike_rows_2_6_train_q90,grouped_video,1,delta,192,186467,46622,streaming_randomized_svd_mlx_matmul,train_only_zscore_before_pca,0.9904023039978516,52032692a0d0855834320aa7803ab8a7,f7c9e249c4081071d715f9ab1446ecb6,a4fb8eab5c51b6c0108aa0ad4c48a899,$NEURAL_BRIDGE_EXTERNAL_ROOT/outputs/again_dense_2hz_phase4_pca_bridge_20260625_full/features/arousal_spike_rows_2_6_train_q90__grouped_video__fold1__delta__scores_w256.npy,e5e49a7e4e722eae391023894d443884,0,0,invalid first row for delta family
arousal_spike_rows_2_6_train_q90,grouped_video,1,delta,256,186467,46622,streaming_randomized_svd_mlx_matmul,train_only_zscore_before_pca,0.998476646152235,52032692a0d0855834320aa7803ab8a7,f7c9e249c4081071d715f9ab1446ecb6,a4fb8eab5c51b6c0108aa0ad4c48a899,$NEURAL_BRIDGE_EXTERNAL_ROOT/outputs/again_dense_2hz_phase4_pca_bridge_20260625_full/features/arousal_spike_rows_2_6_train_q90__grouped_video__fold1__delta__scores_w256.npy,e5e49a7e4e722eae391023894d443884,0,0,invalid first row for delta family
arousal_spike_rows_2_6_train_q90,grouped_video,1,temporal_mean_2s,64,186467,46622,streaming_randomized_svd_mlx_matmul,train_only_zscore_before_pca,0.9833014537309284,7937e72f70c37ce44cefed84ed89ef80,f7c9e249c4081071d715f9ab1446ecb6,a4fb8eab5c51b6c0108aa0ad4c48a899,$NEURAL_BRIDGE_EXTERNAL_ROOT/outputs/again_dense_2hz_phase4_pca_bridge_20260625_full/features/arousal_spike_rows_2_6_train_q90__grouped_video__fold1__temporal_mean_2s__scores_w256.npy,153ee68e4858a4599d851d55ad19cbb9,0,0,
arousal_spike_rows_2_6_train_q90,grouped_video,1,temporal_mean_2s,128,186467,46622,streaming_randomized_svd_mlx_matmul,train_only_zscore_before_pca,0.9941651089695046,7937e72f70c37ce44cefed84ed89ef80,f7c9e249c4081071d715f9ab1446ecb6,a4fb8eab5c51b6c0108aa0ad4c48a899,$NEURAL_BRIDGE_EXTERNAL_ROOT/outputs/again_dense_2hz_phase4_pca_bridge_20260625_full/features/arousal_spike_rows_2_6_train_q90__grouped_video__fold1__temporal_mean_2s__scores_w256.npy,153ee68e4858a4599d851d55ad19cbb9,0,0,
arousal_spike_rows_2_6_train_q90,grouped_video,1,temporal_mean_2s,192,186467,46622,streaming_randomized_svd_mlx_matmul,train_only_zscore_before_pca,0.9973337430555743,7937e72f70c37ce44cefed84ed89ef80,f7c9e249c4081071d715f9ab1446ecb6,a4fb8eab5c51b6c0108aa0ad4c48a899,$NEURAL_BRIDGE_EXTERNAL_ROOT/outputs/again_dense_2hz_phase4_pca_bridge_20260625_full/features/arousal_spike_rows_2_6_train_q90__grouped_video__fold1__temporal_mean_2s__scores_w256.npy,153ee68e4858a4599d851d55ad19cbb9,0,0,
arousal_spike_rows_2_6_train_q90,grouped_video,1,temporal_mean_2s,256,186467,46622,streaming_randomized_svd_mlx_matmul,train_only_zscore_before_pca,0.9985558841181065,7937e72f70c37ce44cefed84ed89ef80,f7c9e249c4081071d715f9ab1446ecb6,a4fb8eab5c51b6c0108aa0ad4c48a899,$NEURAL_BRIDGE_EXTERNAL_ROOT/outputs/again_dense_2hz_phase4_pca_bridge_20260625_full/features/arousal_spike_rows_2_6_train_q90__grouped_video__fold1__temporal_mean_2s__scores_w256.npy,153ee68e4858a4599d851d55ad19cbb9,0,0,
arousal_spike_rows_2_6_train_q90,grouped_video,2,current,64,186470,46619,streaming_randomized_svd_mlx_matmul,train_only_zscore_before_pca,0.9416784678920448,ca7eb34241dbe4679f5206f0787e2338,4a795fd59bec5839c141113ef0cf9bc8,8e57ce5d47a587a6992862639e9b975a,$NEURAL_BRIDGE_EXTERNAL_ROOT/outputs/again_dense_2hz_phase4_pca_bridge_20260625_full/features/arousal_spike_rows_2_6_train_q90__grouped_video__fold2__current__scores_w256.npy,d4f68a3ecc3295b0dfbfe0a525e3370a,0,0,
arousal_spike_rows_2_6_train_q90,grouped_video,2,current,128,186470,46619,streaming_randomized_svd_mlx_matmul,train_only_zscore_before_pca,0.9698907243951006,ca7eb34241dbe4679f5206f0787e2338,4a795fd59bec5839c141113ef0cf9bc8,8e57ce5d47a587a6992862639e9b975a,$NEURAL_BRIDGE_EXTERNAL_ROOT/outputs/again_dense_2hz_phase4_pca_bridge_20260625_full/features/arousal_spike_rows_2_6_train_q90__grouped_video__fold2__current__scores_w256.npy,d4f68a3ecc3295b0dfbfe0a525e3370a,0,0,
arousal_spike_rows_2_6_train_q90,grouped_video,2,current,192,186470,46619,streaming_randomized_svd_mlx_matmul,train_only_zscore_before_pca,0.98585506616463,ca7eb34241dbe4679f5206f0787e2338,4a795fd59bec5839c141113ef0cf9bc8,8e57ce5d47a587a6992862639e9b975a,$NEURAL_BRIDGE_EXTERNAL_ROOT/outputs/again_dense_2hz_phase4_pca_bridge_20260625_full/features/arousal_spike_rows_2_6_train_q90__grouped_video__fold2__current__scores_w256.npy,d4f68a3ecc3295b0dfbfe0a525e3370a,0,0,
arousal_spike_rows_2_6_train_q90,grouped_video,2,current,256,186470,46619,streaming_randomized_svd_mlx_matmul,train_only_zscore_before_pca,0.9945984038448841,ca7eb34241dbe4679f5206f0787e2338,4a795fd59bec5839c141113ef0cf9bc8,8e57ce5d47a587a6992862639e9b975a,$NEURAL_BRIDGE_EXTERNAL_ROOT/outputs/again_dense_2hz_phase4_pca_bridge_20260625_full/features/arousal_spike_rows_2_6_train_q90__grouped_video__fold2__current__scores_w256.npy,d4f68a3ecc3295b0dfbfe0a525e3370a,0,0,
arousal_spike_rows_2_6_train_q90,grouped_video,2,delta,64,186470,46619,streaming_randomized_svd_mlx_matmul,train_only_zscore_before_pca,0.7882789025567218,12c1b6d26a64c6701f8d8b5173821a84,4a795fd59bec5839c141113ef0cf9bc8,8e57ce5d47a587a6992862639e9b975a,$NEURAL_BRIDGE_EXTERNAL_ROOT/outputs/again_dense_2hz_phase4_pca_bridge_20260625_full/features/arousal_spike_rows_2_6_train_q90__grouped_video__fold2__delta__scores_w256.npy,e422a2ec6f7b74564adea7e1d0e491cf,0,0,invalid first row for delta family
arousal_spike_rows_2_6_train_q90,grouped_video,2,delta,128,186470,46619,streaming_randomized_svd_mlx_matmul,train_only_zscore_before_pca,0.941686039377986,12c1b6d26a64c6701f8d8b5173821a84,4a795fd59bec5839c141113ef0cf9bc8,8e57ce5d47a587a6992862639e9b975a,$NEURAL_BRIDGE_EXTERNAL_ROOT/outputs/again_dense_2hz_phase4_pca_bridge_20260625_full/features/arousal_spike_rows_2_6_train_q90__grouped_video__fold2__delta__scores_w256.npy,e422a2ec6f7b74564adea7e1d0e491cf,0,0,invalid first row for delta family
arousal_spike_rows_2_6_train_q90,grouped_video,2,delta,192,186470,46619,streaming_randomized_svd_mlx_matmul,train_only_zscore_before_pca,0.9903132409976335,12c1b6d26a64c6701f8d8b5173821a84,4a795fd59bec5839c141113ef0cf9bc8,8e57ce5d47a587a6992862639e9b975a,$NEURAL_BRIDGE_EXTERNAL_ROOT/outputs/again_dense_2hz_phase4_pca_bridge_20260625_full/features/arousal_spike_rows_2_6_train_q90__grouped_video__fold2__delta__scores_w256.npy,e422a2ec6f7b74564adea7e1d0e491cf,0,0,invalid first row for delta family
arousal_spike_rows_2_6_train_q90,grouped_video,2,delta,256,186470,46619,streaming_randomized_svd_mlx_matmul,train_only_zscore_before_pca,0.9984550998644689,12c1b6d26a64c6701f8d8b5173821a84,4a795fd59bec5839c141113ef0cf9bc8,8e57ce5d47a587a6992862639e9b975a,$NEURAL_BRIDGE_EXTERNAL_ROOT/outputs/again_dense_2hz_phase4_pca_bridge_20260625_full/features/arousal_spike_rows_2_6_train_q90__grouped_video__fold2__delta__scores_w256.npy,e422a2ec6f7b74564adea7e1d0e491cf,0,0,invalid first row for delta family
arousal_spike_rows_2_6_train_q90,grouped_video,2,temporal_mean_2s,64,186470,46619,streaming_randomized_svd_mlx_matmul,train_only_zscore_before_pca,0.9831803760621174,0a0434ea2ecd613e8596ed79095fde75,4a795fd59bec5839c141113ef0cf9bc8,8e57ce5d47a587a6992862639e9b975a,$NEURAL_BRIDGE_EXTERNAL_ROOT/outputs/again_dense_2hz_phase4_pca_bridge_20260625_full/features/arousal_spike_rows_2_6_train_q90__grouped_video__fold2__temporal_mean_2s__scores_w256.npy,4bf6b76afa27543dc4ba86fdab34ff38,0,0,
arousal_spike_rows_2_6_train_q90,grouped_video,2,temporal_mean_2s,128,186470,46619,streaming_randomized_svd_mlx_matmul,train_only_zscore_before_pca,0.9941079352896574,0a0434ea2ecd613e8596ed79095fde75,4a795fd59bec5839c141113ef0cf9bc8,8e57ce5d47a587a6992862639e9b975a,$NEURAL_BRIDGE_EXTERNAL_ROOT/outputs/again_dense_2hz_phase4_pca_bridge_20260625_full/features/arousal_spike_rows_2_6_train_q90__grouped_video__fold2__temporal_mean_2s__scores_w256.npy,4bf6b76afa27543dc4ba86fdab34ff38,0,0,
arousal_spike_rows_2_6_train_q90,grouped_video,2,temporal_mean_2s,192,186470,46619,streaming_randomized_svd_mlx_matmul,train_only_zscore_before_pca,0.9973052787636371,0a0434ea2ecd613e8596ed79095fde75,4a795fd59bec5839c141113ef0cf9bc8,8e57ce5d47a587a6992862639e9b975a,$NEURAL_BRIDGE_EXTERNAL_ROOT/outputs/again_dense_2hz_phase4_pca_bridge_20260625_full/features/arousal_spike_rows_2_6_train_q90__grouped_video__fold2__temporal_mean_2s__scores_w256.npy,4bf6b76afa27543dc4ba86fdab34ff38,0,0,
arousal_spike_rows_2_6_train_q90,grouped_video,2,temporal_mean_2s,256,186470,46619,streaming_randomized_svd_mlx_matmul,train_only_zscore_before_pca,0.9985416358164463,0a0434ea2ecd613e8596ed79095fde75,4a795fd59bec5839c141113ef0cf9bc8,8e57ce5d47a587a6992862639e9b975a,$NEURAL_BRIDGE_EXTERNAL_ROOT/outputs/again_dense_2hz_phase4_pca_bridge_20260625_full/features/arousal_spike_rows_2_6_train_q90__grouped_video__fold2__temporal_mean_2s__scores_w256.npy,4bf6b76afa27543dc4ba86fdab34ff38,0,0,
arousal_spike_rows_2_6_train_q90,grouped_video,3,current,64,186480,46609,streaming_randomized_svd_mlx_matmul,train_only_zscore_before_pca,0.9419183086158975,5266f4c69bc3ee9e111effcb7a0f1597,2101c0ca097fa51e4274a4c606b25914,96ad82bf3d2e87d89ad2a2ccc6c7ff00,$NEURAL_BRIDGE_EXTERNAL_ROOT/outputs/again_dense_2hz_phase4_pca_bridge_20260625_full/features/arousal_spike_rows_2_6_train_q90__grouped_video__fold3__current__scores_w256.npy,15feafc417975c13c84a105a8735d37d,0,0,
arousal_spike_rows_2_6_train_q90,grouped_video,3,current,128,186480,46609,streaming_randomized_svd_mlx_matmul,train_only_zscore_before_pca,0.9699928701644067,5266f4c69bc3ee9e111effcb7a0f1597,2101c0ca097fa51e4274a4c606b25914,96ad82bf3d2e87d89ad2a2ccc6c7ff00,$NEURAL_BRIDGE_EXTERNAL_ROOT/outputs/again_dense_2hz_phase4_pca_bridge_20260625_full/features/arousal_spike_rows_2_6_train_q90__grouped_video__fold3__current__scores_w256.npy,15feafc417975c13c84a105a8735d37d,0,0,
arousal_spike_rows_2_6_train_q90,grouped_video,3,current,192,186480,46609,streaming_randomized_svd_mlx_matmul,train_only_zscore_before_pca,0.985883741749757,5266f4c69bc3ee9e111effcb7a0f1597,2101c0ca097fa51e4274a4c606b25914,96ad82bf3d2e87d89ad2a2ccc6c7ff00,$NEURAL_BRIDGE_EXTERNAL_ROOT/outputs/again_dense_2hz_phase4_pca_bridge_20260625_full/features/arousal_spike_rows_2_6_train_q90__grouped_video__fold3__current__scores_w256.npy,15feafc417975c13c84a105a8735d37d,0,0,
arousal_spike_rows_2_6_train_q90,grouped_video,3,current,256,186480,46609,streaming_randomized_svd_mlx_matmul,train_only_zscore_before_pca,0.9945975835724239,5266f4c69bc3ee9e111effcb7a0f1597,2101c0ca097fa51e4274a4c606b25914,96ad82bf3d2e87d89ad2a2ccc6c7ff00,$NEURAL_BRIDGE_EXTERNAL_ROOT/outputs/again_dense_2hz_phase4_pca_bridge_20260625_full/features/arousal_spike_rows_2_6_train_q90__grouped_video__fold3__current__scores_w256.npy,15feafc417975c13c84a105a8735d37d,0,0,
arousal_spike_rows_2_6_train_q90,grouped_video,3,delta,64,186480,46609,streaming_randomized_svd_mlx_matmul,train_only_zscore_before_pca,0.7883382781136167,73786d549f93d98e381796bd237be400,2101c0ca097fa51e4274a4c606b25914,96ad82bf3d2e87d89ad2a2ccc6c7ff00,$NEURAL_BRIDGE_EXTERNAL_ROOT/outputs/again_dense_2hz_phase4_pca_bridge_20260625_full/features/arousal_spike_rows_2_6_train_q90__grouped_video__fold3__delta__scores_w256.npy,11e6e901963a5f98dcf3357453af6502,0,0,invalid first row for delta family
arousal_spike_rows_2_6_train_q90,grouped_video,3,delta,128,186480,46609,streaming_randomized_svd_mlx_matmul,train_only_zscore_before_pca,0.9416588459265588,73786d549f93d98e381796bd237be400,2101c0ca097fa51e4274a4c606b25914,96ad82bf3d2e87d89ad2a2ccc6c7ff00,$NEURAL_BRIDGE_EXTERNAL_ROOT/outputs/again_dense_2hz_phase4_pca_bridge_20260625_full/features/arousal_spike_rows_2_6_train_q90__grouped_video__fold3__delta__scores_w256.npy,11e6e901963a5f98dcf3357453af6502,0,0,invalid first row for delta family
arousal_spike_rows_2_6_train_q90,grouped_video,3,delta,192,186480,46609,streaming_randomized_svd_mlx_matmul,train_only_zscore_before_pca,0.9902932216177334,73786d549f93d98e381796bd237be400,2101c0ca097fa51e4274a4c606b25914,96ad82bf3d2e87d89ad2a2ccc6c7ff00,$NEURAL_BRIDGE_EXTERNAL_ROOT/outputs/again_dense_2hz_phase4_pca_bridge_20260625_full/features/arousal_spike_rows_2_6_train_q90__grouped_video__fold3__delta__scores_w256.npy,11e6e901963a5f98dcf3357453af6502,0,0,invalid first row for delta family
arousal_spike_rows_2_6_train_q90,grouped_video,3,delta,256,186480,46609,streaming_randomized_svd_mlx_matmul,train_only_zscore_before_pca,0.9984512115271572,73786d549f93d98e381796bd237be400,2101c0ca097fa51e4274a4c606b25914,96ad82bf3d2e87d89ad2a2ccc6c7ff00,$NEURAL_BRIDGE_EXTERNAL_ROOT/outputs/again_dense_2hz_phase4_pca_bridge_20260625_full/features/arousal_spike_rows_2_6_train_q90__grouped_video__fold3__delta__scores_w256.npy,11e6e901963a5f98dcf3357453af6502,0,0,invalid first row for delta family
arousal_spike_rows_2_6_train_q90,grouped_video,3,temporal_mean_2s,64,186480,46609,streaming_randomized_svd_mlx_matmul,train_only_zscore_before_pca,0.983184884225574,16f6ec42614beb3461d4fce6618649f5,2101c0ca097fa51e4274a4c606b25914,96ad82bf3d2e87d89ad2a2ccc6c7ff00,$NEURAL_BRIDGE_EXTERNAL_ROOT/outputs/again_dense_2hz_phase4_pca_bridge_20260625_full/features/arousal_spike_rows_2_6_train_q90__grouped_video__fold3__temporal_mean_2s__scores_w256.npy,005f3903bfc914c95ac0c6640020c215,0,0,
arousal_spike_rows_2_6_train_q90,grouped_video,3,temporal_mean_2s,128,186480,46609,streaming_randomized_svd_mlx_matmul,train_only_zscore_before_pca,0.9940945276342052,16f6ec42614beb3461d4fce6618649f5,2101c0ca097fa51e4274a4c606b25914,96ad82bf3d2e87d89ad2a2ccc6c7ff00,$NEURAL_BRIDGE_EXTERNAL_ROOT/outputs/again_dense_2hz_phase4_pca_bridge_20260625_full/features/arousal_spike_rows_2_6_train_q90__grouped_video__fold3__temporal_mean_2s__scores_w256.npy,005f3903bfc914c95ac0c6640020c215,0,0,
arousal_spike_rows_2_6_train_q90,grouped_video,3,temporal_mean_2s,192,186480,46609,streaming_randomized_svd_mlx_matmul,train_only_zscore_before_pca,0.9973000195209831,16f6ec42614beb3461d4fce6618649f5,2101c0ca097fa51e4274a4c606b25914,96ad82bf3d2e87d89ad2a2ccc6c7ff00,$NEURAL_BRIDGE_EXTERNAL_ROOT/outputs/again_dense_2hz_phase4_pca_bridge_20260625_full/features/arousal_spike_rows_2_6_train_q90__grouped_video__fold3__temporal_mean_2s__scores_w256.npy,005f3903bfc914c95ac0c6640020c215,0,0,
arousal_spike_rows_2_6_train_q90,grouped_video,3,temporal_mean_2s,256,186480,46609,streaming_randomized_svd_mlx_matmul,train_only_zscore_before_pca,0.998539202172382,16f6ec42614beb3461d4fce6618649f5,2101c0ca097fa51e4274a4c606b25914,96ad82bf3d2e87d89ad2a2ccc6c7ff00,$NEURAL_BRIDGE_EXTERNAL_ROOT/outputs/again_dense_2hz_phase4_pca_bridge_20260625_full/features/arousal_spike_rows_2_6_train_q90__grouped_video__fold3__temporal_mean_2s__scores_w256.npy,005f3903bfc914c95ac0c6640020c215,0,0,
arousal_spike_rows_2_6_train_q90,grouped_video,4,current,64,186452,46637,streaming_randomized_svd_mlx_matmul,train_only_zscore_before_pca,0.9418529795102957,d0db77ec0dc7a5eeec68d54d0083b1f1,7b23c7fe880a51a669b9f9cfd1a2e8a7,ff650ef356acd917264ac90d82ad3d64,$NEURAL_BRIDGE_EXTERNAL_ROOT/outputs/again_dense_2hz_phase4_pca_bridge_20260625_full/features/arousal_spike_rows_2_6_train_q90__grouped_video__fold4__current__scores_w256.npy,eb2c9d2ade67fdae791fe7fd1b2fde0f,0,0,
arousal_spike_rows_2_6_train_q90,grouped_video,4,current,128,186452,46637,streaming_randomized_svd_mlx_matmul,train_only_zscore_before_pca,0.9699695567920554,d0db77ec0dc7a5eeec68d54d0083b1f1,7b23c7fe880a51a669b9f9cfd1a2e8a7,ff650ef356acd917264ac90d82ad3d64,$NEURAL_BRIDGE_EXTERNAL_ROOT/outputs/again_dense_2hz_phase4_pca_bridge_20260625_full/features/arousal_spike_rows_2_6_train_q90__grouped_video__fold4__current__scores_w256.npy,eb2c9d2ade67fdae791fe7fd1b2fde0f,0,0,
arousal_spike_rows_2_6_train_q90,grouped_video,4,current,192,186452,46637,streaming_randomized_svd_mlx_matmul,train_only_zscore_before_pca,0.9858809555584048,d0db77ec0dc7a5eeec68d54d0083b1f1,7b23c7fe880a51a669b9f9cfd1a2e8a7,ff650ef356acd917264ac90d82ad3d64,$NEURAL_BRIDGE_EXTERNAL_ROOT/outputs/again_dense_2hz_phase4_pca_bridge_20260625_full/features/arousal_spike_rows_2_6_train_q90__grouped_video__fold4__current__scores_w256.npy,eb2c9d2ade67fdae791fe7fd1b2fde0f,0,0,
arousal_spike_rows_2_6_train_q90,grouped_video,4,current,256,186452,46637,streaming_randomized_svd_mlx_matmul,train_only_zscore_before_pca,0.9945859132703947,d0db77ec0dc7a5eeec68d54d0083b1f1,7b23c7fe880a51a669b9f9cfd1a2e8a7,ff650ef356acd917264ac90d82ad3d64,$NEURAL_BRIDGE_EXTERNAL_ROOT/outputs/again_dense_2hz_phase4_pca_bridge_20260625_full/features/arousal_spike_rows_2_6_train_q90__grouped_video__fold4__current__scores_w256.npy,eb2c9d2ade67fdae791fe7fd1b2fde0f,0,0,
arousal_spike_rows_2_6_train_q90,grouped_video,4,delta,64,186452,46637,streaming_randomized_svd_mlx_matmul,train_only_zscore_before_pca,0.7884273321599213,09ff83f70c717518c04753d0dde36a61,7b23c7fe880a51a669b9f9cfd1a2e8a7,ff650ef356acd917264ac90d82ad3d64,$NEURAL_BRIDGE_EXTERNAL_ROOT/outputs/again_dense_2hz_phase4_pca_bridge_20260625_full/features/arousal_spike_rows_2_6_train_q90__grouped_video__fold4__delta__scores_w256.npy,a8f9c210e5855d28e7a6bd27d1cec933,0,0,invalid first row for delta family
arousal_spike_rows_2_6_train_q90,grouped_video,4,delta,128,186452,46637,streaming_randomized_svd_mlx_matmul,train_only_zscore_before_pca,0.9417534968800001,09ff83f70c717518c04753d0dde36a61,7b23c7fe880a51a669b9f9cfd1a2e8a7,ff650ef356acd917264ac90d82ad3d64,$NEURAL_BRIDGE_EXTERNAL_ROOT/outputs/again_dense_2hz_phase4_pca_bridge_20260625_full/features/arousal_spike_rows_2_6_train_q90__grouped_video__fold4__delta__scores_w256.npy,a8f9c210e5855d28e7a6bd27d1cec933,0,0,invalid first row for delta family
arousal_spike_rows_2_6_train_q90,grouped_video,4,delta,192,186452,46637,streaming_randomized_svd_mlx_matmul,train_only_zscore_before_pca,0.9903401528409392,09ff83f70c717518c04753d0dde36a61,7b23c7fe880a51a669b9f9cfd1a2e8a7,ff650ef356acd917264ac90d82ad3d64,$NEURAL_BRIDGE_EXTERNAL_ROOT/outputs/again_dense_2hz_phase4_pca_bridge_20260625_full/features/arousal_spike_rows_2_6_train_q90__grouped_video__fold4__delta__scores_w256.npy,a8f9c210e5855d28e7a6bd27d1cec933,0,0,invalid first row for delta family
arousal_spike_rows_2_6_train_q90,grouped_video,4,delta,256,186452,46637,streaming_randomized_svd_mlx_matmul,train_only_zscore_before_pca,0.9984557499654294,09ff83f70c717518c04753d0dde36a61,7b23c7fe880a51a669b9f9cfd1a2e8a7,ff650ef356acd917264ac90d82ad3d64,$NEURAL_BRIDGE_EXTERNAL_ROOT/outputs/again_dense_2hz_phase4_pca_bridge_20260625_full/features/arousal_spike_rows_2_6_train_q90__grouped_video__fold4__delta__scores_w256.npy,a8f9c210e5855d28e7a6bd27d1cec933,0,0,invalid first row for delta family
arousal_spike_rows_2_6_train_q90,grouped_video,4,temporal_mean_2s,64,186452,46637,streaming_randomized_svd_mlx_matmul,train_only_zscore_before_pca,0.9832015843472028,60bcd70bfd02d928350a4256cacb0e6f,7b23c7fe880a51a669b9f9cfd1a2e8a7,ff650ef356acd917264ac90d82ad3d64,$NEURAL_BRIDGE_EXTERNAL_ROOT/outputs/again_dense_2hz_phase4_pca_bridge_20260625_full/features/arousal_spike_rows_2_6_train_q90__grouped_video__fold4__temporal_mean_2s__scores_w256.npy,72ccfd9aaae50f1ebc7873812c7acb95,0,0,
arousal_spike_rows_2_6_train_q90,grouped_video,4,temporal_mean_2s,128,186452,46637,streaming_randomized_svd_mlx_matmul,train_only_zscore_before_pca,0.9941111977474802,60bcd70bfd02d928350a4256cacb0e6f,7b23c7fe880a51a669b9f9cfd1a2e8a7,ff650ef356acd917264ac90d82ad3d64,$NEURAL_BRIDGE_EXTERNAL_ROOT/outputs/again_dense_2hz_phase4_pca_bridge_20260625_full/features/arousal_spike_rows_2_6_train_q90__grouped_video__fold4__temporal_mean_2s__scores_w256.npy,72ccfd9aaae50f1ebc7873812c7acb95,0,0,
arousal_spike_rows_2_6_train_q90,grouped_video,4,temporal_mean_2s,192,186452,46637,streaming_randomized_svd_mlx_matmul,train_only_zscore_before_pca,0.9973064376965746,60bcd70bfd02d928350a4256cacb0e6f,7b23c7fe880a51a669b9f9cfd1a2e8a7,ff650ef356acd917264ac90d82ad3d64,$NEURAL_BRIDGE_EXTERNAL_ROOT/outputs/again_dense_2hz_phase4_pca_bridge_20260625_full/features/arousal_spike_rows_2_6_train_q90__grouped_video__fold4__temporal_mean_2s__scores_w256.npy,72ccfd9aaae50f1ebc7873812c7acb95,0,0,
arousal_spike_rows_2_6_train_q90,grouped_video,4,temporal_mean_2s,256,186452,46637,streaming_randomized_svd_mlx_matmul,train_only_zscore_before_pca,0.998541439158415,60bcd70bfd02d928350a4256cacb0e6f,7b23c7fe880a51a669b9f9cfd1a2e8a7,ff650ef356acd917264ac90d82ad3d64,$NEURAL_BRIDGE_EXTERNAL_ROOT/outputs/again_dense_2hz_phase4_pca_bridge_20260625_full/features/arousal_spike_rows_2_6_train_q90__grouped_video__fold4__temporal_mean_2s__scores_w256.npy,72ccfd9aaae50f1ebc7873812c7acb95,0,0,
arousal_spike_rows_2_6_train_q90,grouped_video,5,current,64,186487,46602,streaming_randomized_svd_mlx_matmul,train_only_zscore_before_pca,0.9416853562429912,95b9b4985c2b6ae3ad4a58f5f22fcfcf,26b9f894bbaf480df45bc2cb1274e60d,aaee81841c1ce39bf2608ed32daec8b5,$NEURAL_BRIDGE_EXTERNAL_ROOT/outputs/again_dense_2hz_phase4_pca_bridge_20260625_full/features/arousal_spike_rows_2_6_train_q90__grouped_video__fold5__current__scores_w256.npy,fffdb9826d0ef404bd57f9036729c1eb,0,0,
arousal_spike_rows_2_6_train_q90,grouped_video,5,current,128,186487,46602,streaming_randomized_svd_mlx_matmul,train_only_zscore_before_pca,0.9699009956155082,95b9b4985c2b6ae3ad4a58f5f22fcfcf,26b9f894bbaf480df45bc2cb1274e60d,aaee81841c1ce39bf2608ed32daec8b5,$NEURAL_BRIDGE_EXTERNAL_ROOT/outputs/again_dense_2hz_phase4_pca_bridge_20260625_full/features/arousal_spike_rows_2_6_train_q90__grouped_video__fold5__current__scores_w256.npy,fffdb9826d0ef404bd57f9036729c1eb,0,0,
arousal_spike_rows_2_6_train_q90,grouped_video,5,current,192,186487,46602,streaming_randomized_svd_mlx_matmul,train_only_zscore_before_pca,0.9858578851419326,95b9b4985c2b6ae3ad4a58f5f22fcfcf,26b9f894bbaf480df45bc2cb1274e60d,aaee81841c1ce39bf2608ed32daec8b5,$NEURAL_BRIDGE_EXTERNAL_ROOT/outputs/again_dense_2hz_phase4_pca_bridge_20260625_full/features/arousal_spike_rows_2_6_train_q90__grouped_video__fold5__current__scores_w256.npy,fffdb9826d0ef404bd57f9036729c1eb,0,0,
arousal_spike_rows_2_6_train_q90,grouped_video,5,current,256,186487,46602,streaming_randomized_svd_mlx_matmul,train_only_zscore_before_pca,0.9945898463738017,95b9b4985c2b6ae3ad4a58f5f22fcfcf,26b9f894bbaf480df45bc2cb1274e60d,aaee81841c1ce39bf2608ed32daec8b5,$NEURAL_BRIDGE_EXTERNAL_ROOT/outputs/again_dense_2hz_phase4_pca_bridge_20260625_full/features/arousal_spike_rows_2_6_train_q90__grouped_video__fold5__current__scores_w256.npy,fffdb9826d0ef404bd57f9036729c1eb,0,0,
arousal_spike_rows_2_6_train_q90,grouped_video,5,delta,64,186487,46602,streaming_randomized_svd_mlx_matmul,train_only_zscore_before_pca,0.7885106598429024,fc634f9c0c414af04cebc5c155d1bc33,26b9f894bbaf480df45bc2cb1274e60d,aaee81841c1ce39bf2608ed32daec8b5,$NEURAL_BRIDGE_EXTERNAL_ROOT/outputs/again_dense_2hz_phase4_pca_bridge_20260625_full/features/arousal_spike_rows_2_6_train_q90__grouped_video__fold5__delta__scores_w256.npy,3fb33fc4a7d9b1af267e11b60642b51b,0,0,invalid first row for delta family
arousal_spike_rows_2_6_train_q90,grouped_video,5,delta,128,186487,46602,streaming_randomized_svd_mlx_matmul,train_only_zscore_before_pca,0.9417890286936517,fc634f9c0c414af04cebc5c155d1bc33,26b9f894bbaf480df45bc2cb1274e60d,aaee81841c1ce39bf2608ed32daec8b5,$NEURAL_BRIDGE_EXTERNAL_ROOT/outputs/again_dense_2hz_phase4_pca_bridge_20260625_full/features/arousal_spike_rows_2_6_train_q90__grouped_video__fold5__delta__scores_w256.npy,3fb33fc4a7d9b1af267e11b60642b51b,0,0,invalid first row for delta family
arousal_spike_rows_2_6_train_q90,grouped_video,5,delta,192,186487,46602,streaming_randomized_svd_mlx_matmul,train_only_zscore_before_pca,0.9903515230062125,fc634f9c0c414af04cebc5c155d1bc33,26b9f894bbaf480df45bc2cb1274e60d,aaee81841c1ce39bf2608ed32daec8b5,$NEURAL_BRIDGE_EXTERNAL_ROOT/outputs/again_dense_2hz_phase4_pca_bridge_20260625_full/features/arousal_spike_rows_2_6_train_q90__grouped_video__fold5__delta__scores_w256.npy,3fb33fc4a7d9b1af267e11b60642b51b,0,0,invalid first row for delta family
arousal_spike_rows_2_6_train_q90,grouped_video,5,delta,256,186487,46602,streaming_randomized_svd_mlx_matmul,train_only_zscore_before_pca,0.9984576996647053,fc634f9c0c414af04cebc5c155d1bc33,26b9f894bbaf480df45bc2cb1274e60d,aaee81841c1ce39bf2608ed32daec8b5,$NEURAL_BRIDGE_EXTERNAL_ROOT/outputs/again_dense_2hz_phase4_pca_bridge_20260625_full/features/arousal_spike_rows_2_6_train_q90__grouped_video__fold5__delta__scores_w256.npy,3fb33fc4a7d9b1af267e11b60642b51b,0,0,invalid first row for delta family
arousal_spike_rows_2_6_train_q90,grouped_video,5,temporal_mean_2s,64,186487,46602,streaming_randomized_svd_mlx_matmul,train_only_zscore_before_pca,0.9831753742317294,b81275ac694b60c477702a36cf68946b,26b9f894bbaf480df45bc2cb1274e60d,aaee81841c1ce39bf2608ed32daec8b5,$NEURAL_BRIDGE_EXTERNAL_ROOT/outputs/again_dense_2hz_phase4_pca_bridge_20260625_full/features/arousal_spike_rows_2_6_train_q90__grouped_video__fold5__temporal_mean_2s__scores_w256.npy,9079e079c490069627b347a6411b7091,0,0,
arousal_spike_rows_2_6_train_q90,grouped_video,5,temporal_mean_2s,128,186487,46602,streaming_randomized_svd_mlx_matmul,train_only_zscore_before_pca,0.9940986983753898,b81275ac694b60c477702a36cf68946b,26b9f894bbaf480df45bc2cb1274e60d,aaee81841c1ce39bf2608ed32daec8b5,$NEURAL_BRIDGE_EXTERNAL_ROOT/outputs/again_dense_2hz_phase4_pca_bridge_20260625_full/features/arousal_spike_rows_2_6_train_q90__grouped_video__fold5__temporal_mean_2s__scores_w256.npy,9079e079c490069627b347a6411b7091,0,0,
arousal_spike_rows_2_6_train_q90,grouped_video,5,temporal_mean_2s,192,186487,46602,streaming_randomized_svd_mlx_matmul,train_only_zscore_before_pca,0.9973032964842308,b81275ac694b60c477702a36cf68946b,26b9f894bbaf480df45bc2cb1274e60d,aaee81841c1ce39bf2608ed32daec8b5,$NEURAL_BRIDGE_EXTERNAL_ROOT/outputs/again_dense_2hz_phase4_pca_bridge_20260625_full/features/arousal_spike_rows_2_6_train_q90__grouped_video__fold5__temporal_mean_2s__scores_w256.npy,9079e079c490069627b347a6411b7091,0,0,
arousal_spike_rows_2_6_train_q90,grouped_video,5,temporal_mean_2s,256,186487,46602,streaming_randomized_svd_mlx_matmul,train_only_zscore_before_pca,0.9985410682237276,b81275ac694b60c477702a36cf68946b,26b9f894bbaf480df45bc2cb1274e60d,aaee81841c1ce39bf2608ed32daec8b5,$NEURAL_BRIDGE_EXTERNAL_ROOT/outputs/again_dense_2hz_phase4_pca_bridge_20260625_full/features/arousal_spike_rows_2_6_train_q90__grouped_video__fold5__temporal_mean_2s__scores_w256.npy,9079e079c490069627b347a6411b7091,0,0,
arousal_spike_rows_2_6_train_q90,blocked_temporal_70_30,1,current,64,162758,70331,streaming_randomized_svd_mlx_matmul,train_only_zscore_before_pca,0.948850819800893,c3937769005430463af13f962e56dc83,03bee464cba9d29aac4ddffb6708399a,7350217eaa43d6d9438391497674948d,$NEURAL_BRIDGE_EXTERNAL_ROOT/outputs/again_dense_2hz_phase4_pca_bridge_20260625_full/features/arousal_spike_rows_2_6_train_q90__blocked_temporal_70_30__fold1__current__scores_w256.npy,0bd3f364309b2db1bbf2060226405710,0,0,
arousal_spike_rows_2_6_train_q90,blocked_temporal_70_30,1,current,128,162758,70331,streaming_randomized_svd_mlx_matmul,train_only_zscore_before_pca,0.9789871670196688,c3937769005430463af13f962e56dc83,03bee464cba9d29aac4ddffb6708399a,7350217eaa43d6d9438391497674948d,$NEURAL_BRIDGE_EXTERNAL_ROOT/outputs/again_dense_2hz_phase4_pca_bridge_20260625_full/features/arousal_spike_rows_2_6_train_q90__blocked_temporal_70_30__fold1__current__scores_w256.npy,0bd3f364309b2db1bbf2060226405710,0,0,
arousal_spike_rows_2_6_train_q90,blocked_temporal_70_30,1,current,192,162758,70331,streaming_randomized_svd_mlx_matmul,train_only_zscore_before_pca,0.9941384898486009,c3937769005430463af13f962e56dc83,03bee464cba9d29aac4ddffb6708399a,7350217eaa43d6d9438391497674948d,$NEURAL_BRIDGE_EXTERNAL_ROOT/outputs/again_dense_2hz_phase4_pca_bridge_20260625_full/features/arousal_spike_rows_2_6_train_q90__blocked_temporal_70_30__fold1__current__scores_w256.npy,0bd3f364309b2db1bbf2060226405710,0,0,
arousal_spike_rows_2_6_train_q90,blocked_temporal_70_30,1,current,256,162758,70331,streaming_randomized_svd_mlx_matmul,train_only_zscore_before_pca,0.9985394267619612,c3937769005430463af13f962e56dc83,03bee464cba9d29aac4ddffb6708399a,7350217eaa43d6d9438391497674948d,$NEURAL_BRIDGE_EXTERNAL_ROOT/outputs/again_dense_2hz_phase4_pca_bridge_20260625_full/features/arousal_spike_rows_2_6_train_q90__blocked_temporal_70_30__fold1__current__scores_w256.npy,0bd3f364309b2db1bbf2060226405710,0,0,
arousal_spike_rows_2_6_train_q90,blocked_temporal_70_30,1,delta,64,162758,70331,streaming_randomized_svd_mlx_matmul,train_only_zscore_before_pca,0.8569837091585865,5ba4c9f6290681a2b0489f640db2530d,03bee464cba9d29aac4ddffb6708399a,7350217eaa43d6d9438391497674948d,$NEURAL_BRIDGE_EXTERNAL_ROOT/outputs/again_dense_2hz_phase4_pca_bridge_20260625_full/features/arousal_spike_rows_2_6_train_q90__blocked_temporal_70_30__fold1__delta__scores_w256.npy,a2997bfe1745d0f1dc8f0cb96255d3d9,0,0,invalid first row for delta family
arousal_spike_rows_2_6_train_q90,blocked_temporal_70_30,1,delta,128,162758,70331,streaming_randomized_svd_mlx_matmul,train_only_zscore_before_pca,0.9839620709491567,5ba4c9f6290681a2b0489f640db2530d,03bee464cba9d29aac4ddffb6708399a,7350217eaa43d6d9438391497674948d,$NEURAL_BRIDGE_EXTERNAL_ROOT/outputs/again_dense_2hz_phase4_pca_bridge_20260625_full/features/arousal_spike_rows_2_6_train_q90__blocked_temporal_70_30__fold1__delta__scores_w256.npy,a2997bfe1745d0f1dc8f0cb96255d3d9,0,0,invalid first row for delta family
arousal_spike_rows_2_6_train_q90,blocked_temporal_70_30,1,delta,192,162758,70331,streaming_randomized_svd_mlx_matmul,train_only_zscore_before_pca,0.99824342069807,5ba4c9f6290681a2b0489f640db2530d,03bee464cba9d29aac4ddffb6708399a,7350217eaa43d6d9438391497674948d,$NEURAL_BRIDGE_EXTERNAL_ROOT/outputs/again_dense_2hz_phase4_pca_bridge_20260625_full/features/arousal_spike_rows_2_6_train_q90__blocked_temporal_70_30__fold1__delta__scores_w256.npy,a2997bfe1745d0f1dc8f0cb96255d3d9,0,0,invalid first row for delta family
arousal_spike_rows_2_6_train_q90,blocked_temporal_70_30,1,delta,256,162758,70331,streaming_randomized_svd_mlx_matmul,train_only_zscore_before_pca,0.9993821575852437,5ba4c9f6290681a2b0489f640db2530d,03bee464cba9d29aac4ddffb6708399a,7350217eaa43d6d9438391497674948d,$NEURAL_BRIDGE_EXTERNAL_ROOT/outputs/again_dense_2hz_phase4_pca_bridge_20260625_full/features/arousal_spike_rows_2_6_train_q90__blocked_temporal_70_30__fold1__delta__scores_w256.npy,a2997bfe1745d0f1dc8f0cb96255d3d9,0,0,invalid first row for delta family
arousal_spike_rows_2_6_train_q90,blocked_temporal_70_30,1,temporal_mean_2s,64,162758,70331,streaming_randomized_svd_mlx_matmul,train_only_zscore_before_pca,0.9862216141894931,e7b5b3e0ac3f41715d550b152a43ee07,03bee464cba9d29aac4ddffb6708399a,7350217eaa43d6d9438391497674948d,$NEURAL_BRIDGE_EXTERNAL_ROOT/outputs/again_dense_2hz_phase4_pca_bridge_20260625_full/features/arousal_spike_rows_2_6_train_q90__blocked_temporal_70_30__fold1__temporal_mean_2s__scores_w256.npy,aafe6802712db2ed030016ea7103b7a6,0,0,
arousal_spike_rows_2_6_train_q90,blocked_temporal_70_30,1,temporal_mean_2s,128,162758,70331,streaming_randomized_svd_mlx_matmul,train_only_zscore_before_pca,0.9957196327322398,e7b5b3e0ac3f41715d550b152a43ee07,03bee464cba9d29aac4ddffb6708399a,7350217eaa43d6d9438391497674948d,$NEURAL_BRIDGE_EXTERNAL_ROOT/outputs/again_dense_2hz_phase4_pca_bridge_20260625_full/features/arousal_spike_rows_2_6_train_q90__blocked_temporal_70_30__fold1__temporal_mean_2s__scores_w256.npy,aafe6802712db2ed030016ea7103b7a6,0,0,
arousal_spike_rows_2_6_train_q90,blocked_temporal_70_30,1,temporal_mean_2s,192,162758,70331,streaming_randomized_svd_mlx_matmul,train_only_zscore_before_pca,0.9981219738168043,e7b5b3e0ac3f41715d550b152a43ee07,03bee464cba9d29aac4ddffb6708399a,7350217eaa43d6d9438391497674948d,$NEURAL_BRIDGE_EXTERNAL_ROOT/outputs/again_dense_2hz_phase4_pca_bridge_20260625_full/features/arousal_spike_rows_2_6_train_q90__blocked_temporal_70_30__fold1__temporal_mean_2s__scores_w256.npy,aafe6802712db2ed030016ea7103b7a6,0,0,
arousal_spike_rows_2_6_train_q90,blocked_temporal_70_30,1,temporal_mean_2s,256,162758,70331,streaming_randomized_svd_mlx_matmul,train_only_zscore_before_pca,0.9990568125736446,e7b5b3e0ac3f41715d550b152a43ee07,03bee464cba9d29aac4ddffb6708399a,7350217eaa43d6d9438391497674948d,$NEURAL_BRIDGE_EXTERNAL_ROOT/outputs/again_dense_2hz_phase4_pca_bridge_20260625_full/features/arousal_spike_rows_2_6_train_q90__blocked_temporal_70_30__fold1__temporal_mean_2s__scores_w256.npy,aafe6802712db2ed030016ea7103b7a6,0,0,
arousal_delta_p2rows_train_q90,grouped_video,1,current,64,189793,47438,streaming_randomized_svd_mlx_matmul,train_only_zscore_before_pca,0.9414076107678493,44f52631b41a3fe6ebd98b94047144fa,7df7b903d88fa195ec0dfb29eb060855,48e908c45d4c4de42c0ab187fb3ed2af,$NEURAL_BRIDGE_EXTERNAL_ROOT/outputs/again_dense_2hz_phase4_pca_bridge_20260625_full/features/arousal_delta_p2rows_train_q90__grouped_video__fold1__current__scores_w256.npy,f6cccf03deb261bfa08f3f334fbf189c,0,0,
arousal_delta_p2rows_train_q90,grouped_video,1,current,128,189793,47438,streaming_randomized_svd_mlx_matmul,train_only_zscore_before_pca,0.9694976846878747,44f52631b41a3fe6ebd98b94047144fa,7df7b903d88fa195ec0dfb29eb060855,48e908c45d4c4de42c0ab187fb3ed2af,$NEURAL_BRIDGE_EXTERNAL_ROOT/outputs/again_dense_2hz_phase4_pca_bridge_20260625_full/features/arousal_delta_p2rows_train_q90__grouped_video__fold1__current__scores_w256.npy,f6cccf03deb261bfa08f3f334fbf189c,0,0,
arousal_delta_p2rows_train_q90,grouped_video,1,current,192,189793,47438,streaming_randomized_svd_mlx_matmul,train_only_zscore_before_pca,0.9854536647331236,44f52631b41a3fe6ebd98b94047144fa,7df7b903d88fa195ec0dfb29eb060855,48e908c45d4c4de42c0ab187fb3ed2af,$NEURAL_BRIDGE_EXTERNAL_ROOT/outputs/again_dense_2hz_phase4_pca_bridge_20260625_full/features/arousal_delta_p2rows_train_q90__grouped_video__fold1__current__scores_w256.npy,f6cccf03deb261bfa08f3f334fbf189c,0,0,
arousal_delta_p2rows_train_q90,grouped_video,1,current,256,189793,47438,streaming_randomized_svd_mlx_matmul,train_only_zscore_before_pca,0.9942735086632348,44f52631b41a3fe6ebd98b94047144fa,7df7b903d88fa195ec0dfb29eb060855,48e908c45d4c4de42c0ab187fb3ed2af,$NEURAL_BRIDGE_EXTERNAL_ROOT/outputs/again_dense_2hz_phase4_pca_bridge_20260625_full/features/arousal_delta_p2rows_train_q90__grouped_video__fold1__current__scores_w256.npy,f6cccf03deb261bfa08f3f334fbf189c,0,0,
arousal_delta_p2rows_train_q90,grouped_video,1,delta,64,189793,47438,streaming_randomized_svd_mlx_matmul,train_only_zscore_before_pca,0.7853404592253652,ccf0540df22b5305707fb74cdb3238c8,7df7b903d88fa195ec0dfb29eb060855,48e908c45d4c4de42c0ab187fb3ed2af,$NEURAL_BRIDGE_EXTERNAL_ROOT/outputs/again_dense_2hz_phase4_pca_bridge_20260625_full/features/arousal_delta_p2rows_train_q90__grouped_video__fold1__delta__scores_w256.npy,85a5d0c64c8d6fb2a11d54f4de2c2a85,0,0,invalid first row for delta family
arousal_delta_p2rows_train_q90,grouped_video,1,delta,128,189793,47438,streaming_randomized_svd_mlx_matmul,train_only_zscore_before_pca,0.9390952927195029,ccf0540df22b5305707fb74cdb3238c8,7df7b903d88fa195ec0dfb29eb060855,48e908c45d4c4de42c0ab187fb3ed2af,$NEURAL_BRIDGE_EXTERNAL_ROOT/outputs/again_dense_2hz_phase4_pca_bridge_20260625_full/features/arousal_delta_p2rows_train_q90__grouped_video__fold1__delta__scores_w256.npy,85a5d0c64c8d6fb2a11d54f4de2c2a85,0,0,invalid first row for delta family
arousal_delta_p2rows_train_q90,grouped_video,1,delta,192,189793,47438,streaming_randomized_svd_mlx_matmul,train_only_zscore_before_pca,0.9894782492498068,ccf0540df22b5305707fb74cdb3238c8,7df7b903d88fa195ec0dfb29eb060855,48e908c45d4c4de42c0ab187fb3ed2af,$NEURAL_BRIDGE_EXTERNAL_ROOT/outputs/again_dense_2hz_phase4_pca_bridge_20260625_full/features/arousal_delta_p2rows_train_q90__grouped_video__fold1__delta__scores_w256.npy,85a5d0c64c8d6fb2a11d54f4de2c2a85,0,0,invalid first row for delta family
arousal_delta_p2rows_train_q90,grouped_video,1,delta,256,189793,47438,streaming_randomized_svd_mlx_matmul,train_only_zscore_before_pca,0.9983596118227731,ccf0540df22b5305707fb74cdb3238c8,7df7b903d88fa195ec0dfb29eb060855,48e908c45d4c4de42c0ab187fb3ed2af,$NEURAL_BRIDGE_EXTERNAL_ROOT/outputs/again_dense_2hz_phase4_pca_bridge_20260625_full/features/arousal_delta_p2rows_train_q90__grouped_video__fold1__delta__scores_w256.npy,85a5d0c64c8d6fb2a11d54f4de2c2a85,0,0,invalid first row for delta family
arousal_delta_p2rows_train_q90,grouped_video,1,temporal_mean_2s,64,189793,47438,streaming_randomized_svd_mlx_matmul,train_only_zscore_before_pca,0.9830415560339092,cf32a5e5ed052aa346793e0aae3ece06,7df7b903d88fa195ec0dfb29eb060855,48e908c45d4c4de42c0ab187fb3ed2af,$NEURAL_BRIDGE_EXTERNAL_ROOT/outputs/again_dense_2hz_phase4_pca_bridge_20260625_full/features/arousal_delta_p2rows_train_q90__grouped_video__fold1__temporal_mean_2s__scores_w256.npy,23945eecbfefb62824f8112af71310b1,0,0,
arousal_delta_p2rows_train_q90,grouped_video,1,temporal_mean_2s,128,189793,47438,streaming_randomized_svd_mlx_matmul,train_only_zscore_before_pca,0.9940092514456143,cf32a5e5ed052aa346793e0aae3ece06,7df7b903d88fa195ec0dfb29eb060855,48e908c45d4c4de42c0ab187fb3ed2af,$NEURAL_BRIDGE_EXTERNAL_ROOT/outputs/again_dense_2hz_phase4_pca_bridge_20260625_full/features/arousal_delta_p2rows_train_q90__grouped_video__fold1__temporal_mean_2s__scores_w256.npy,23945eecbfefb62824f8112af71310b1,0,0,
arousal_delta_p2rows_train_q90,grouped_video,1,temporal_mean_2s,192,189793,47438,streaming_randomized_svd_mlx_matmul,train_only_zscore_before_pca,0.9972624947018843,cf32a5e5ed052aa346793e0aae3ece06,7df7b903d88fa195ec0dfb29eb060855,48e908c45d4c4de42c0ab187fb3ed2af,$NEURAL_BRIDGE_EXTERNAL_ROOT/outputs/again_dense_2hz_phase4_pca_bridge_20260625_full/features/arousal_delta_p2rows_train_q90__grouped_video__fold1__temporal_mean_2s__scores_w256.npy,23945eecbfefb62824f8112af71310b1,0,0,
arousal_delta_p2rows_train_q90,grouped_video,1,temporal_mean_2s,256,189793,47438,streaming_randomized_svd_mlx_matmul,train_only_zscore_before_pca,0.998509489605988,cf32a5e5ed052aa346793e0aae3ece06,7df7b903d88fa195ec0dfb29eb060855,48e908c45d4c4de42c0ab187fb3ed2af,$NEURAL_BRIDGE_EXTERNAL_ROOT/outputs/again_dense_2hz_phase4_pca_bridge_20260625_full/features/arousal_delta_p2rows_train_q90__grouped_video__fold1__temporal_mean_2s__scores_w256.npy,23945eecbfefb62824f8112af71310b1,0,0,
arousal_delta_p2rows_train_q90,grouped_video,2,current,64,189800,47431,streaming_randomized_svd_mlx_matmul,train_only_zscore_before_pca,0.9414468467214938,1b3e5b4db41bff03c5bca9054a0ca4b0,69d22fe9899c53080a522623eca08e59,0f129d2b76fd82e222d995998b58343b,$NEURAL_BRIDGE_EXTERNAL_ROOT/outputs/again_dense_2hz_phase4_pca_bridge_20260625_full/features/arousal_delta_p2rows_train_q90__grouped_video__fold2__current__scores_w256.npy,68757efbf028f26d4faf4311fb6e48f6,0,0,
arousal_delta_p2rows_train_q90,grouped_video,2,current,128,189800,47431,streaming_randomized_svd_mlx_matmul,train_only_zscore_before_pca,0.9695003179195443,1b3e5b4db41bff03c5bca9054a0ca4b0,69d22fe9899c53080a522623eca08e59,0f129d2b76fd82e222d995998b58343b,$NEURAL_BRIDGE_EXTERNAL_ROOT/outputs/again_dense_2hz_phase4_pca_bridge_20260625_full/features/arousal_delta_p2rows_train_q90__grouped_video__fold2__current__scores_w256.npy,68757efbf028f26d4faf4311fb6e48f6,0,0,
arousal_delta_p2rows_train_q90,grouped_video,2,current,192,189800,47431,streaming_randomized_svd_mlx_matmul,train_only_zscore_before_pca,0.9854309409725941,1b3e5b4db41bff03c5bca9054a0ca4b0,69d22fe9899c53080a522623eca08e59,0f129d2b76fd82e222d995998b58343b,$NEURAL_BRIDGE_EXTERNAL_ROOT/outputs/again_dense_2hz_phase4_pca_bridge_20260625_full/features/arousal_delta_p2rows_train_q90__grouped_video__fold2__current__scores_w256.npy,68757efbf028f26d4faf4311fb6e48f6,0,0,
arousal_delta_p2rows_train_q90,grouped_video,2,current,256,189800,47431,streaming_randomized_svd_mlx_matmul,train_only_zscore_before_pca,0.9942405989531246,1b3e5b4db41bff03c5bca9054a0ca4b0,69d22fe9899c53080a522623eca08e59,0f129d2b76fd82e222d995998b58343b,$NEURAL_BRIDGE_EXTERNAL_ROOT/outputs/again_dense_2hz_phase4_pca_bridge_20260625_full/features/arousal_delta_p2rows_train_q90__grouped_video__fold2__current__scores_w256.npy,68757efbf028f26d4faf4311fb6e48f6,0,0,
arousal_delta_p2rows_train_q90,grouped_video,2,delta,64,189800,47431,streaming_randomized_svd_mlx_matmul,train_only_zscore_before_pca,0.7853145658772581,e4bb65a89426d636aa712c6aa0c2299c,69d22fe9899c53080a522623eca08e59,0f129d2b76fd82e222d995998b58343b,$NEURAL_BRIDGE_EXTERNAL_ROOT/outputs/again_dense_2hz_phase4_pca_bridge_20260625_full/features/arousal_delta_p2rows_train_q90__grouped_video__fold2__delta__scores_w256.npy,9ffa78172d7632e39898d2d2dbe19764,0,0,invalid first row for delta family
arousal_delta_p2rows_train_q90,grouped_video,2,delta,128,189800,47431,streaming_randomized_svd_mlx_matmul,train_only_zscore_before_pca,0.9389895271328859,e4bb65a89426d636aa712c6aa0c2299c,69d22fe9899c53080a522623eca08e59,0f129d2b76fd82e222d995998b58343b,$NEURAL_BRIDGE_EXTERNAL_ROOT/outputs/again_dense_2hz_phase4_pca_bridge_20260625_full/features/arousal_delta_p2rows_train_q90__grouped_video__fold2__delta__scores_w256.npy,9ffa78172d7632e39898d2d2dbe19764,0,0,invalid first row for delta family
arousal_delta_p2rows_train_q90,grouped_video,2,delta,192,189800,47431,streaming_randomized_svd_mlx_matmul,train_only_zscore_before_pca,0.9893965069604264,e4bb65a89426d636aa712c6aa0c2299c,69d22fe9899c53080a522623eca08e59,0f129d2b76fd82e222d995998b58343b,$NEURAL_BRIDGE_EXTERNAL_ROOT/outputs/again_dense_2hz_phase4_pca_bridge_20260625_full/features/arousal_delta_p2rows_train_q90__grouped_video__fold2__delta__scores_w256.npy,9ffa78172d7632e39898d2d2dbe19764,0,0,invalid first row for delta family
arousal_delta_p2rows_train_q90,grouped_video,2,delta,256,189800,47431,streaming_randomized_svd_mlx_matmul,train_only_zscore_before_pca,0.998328397708922,e4bb65a89426d636aa712c6aa0c2299c,69d22fe9899c53080a522623eca08e59,0f129d2b76fd82e222d995998b58343b,$NEURAL_BRIDGE_EXTERNAL_ROOT/outputs/again_dense_2hz_phase4_pca_bridge_20260625_full/features/arousal_delta_p2rows_train_q90__grouped_video__fold2__delta__scores_w256.npy,9ffa78172d7632e39898d2d2dbe19764,0,0,invalid first row for delta family
arousal_delta_p2rows_train_q90,grouped_video,2,temporal_mean_2s,64,189800,47431,streaming_randomized_svd_mlx_matmul,train_only_zscore_before_pca,0.983011017257583,b70f59d185d37ea4e6106955a58f9745,69d22fe9899c53080a522623eca08e59,0f129d2b76fd82e222d995998b58343b,$NEURAL_BRIDGE_EXTERNAL_ROOT/outputs/again_dense_2hz_phase4_pca_bridge_20260625_full/features/arousal_delta_p2rows_train_q90__grouped_video__fold2__temporal_mean_2s__scores_w256.npy,2730dae4529fa0f4166a6b136b91356c,0,0,
arousal_delta_p2rows_train_q90,grouped_video,2,temporal_mean_2s,128,189800,47431,streaming_randomized_svd_mlx_matmul,train_only_zscore_before_pca,0.9939877364126735,b70f59d185d37ea4e6106955a58f9745,69d22fe9899c53080a522623eca08e59,0f129d2b76fd82e222d995998b58343b,$NEURAL_BRIDGE_EXTERNAL_ROOT/outputs/again_dense_2hz_phase4_pca_bridge_20260625_full/features/arousal_delta_p2rows_train_q90__grouped_video__fold2__temporal_mean_2s__scores_w256.npy,2730dae4529fa0f4166a6b136b91356c,0,0,
arousal_delta_p2rows_train_q90,grouped_video,2,temporal_mean_2s,192,189800,47431,streaming_randomized_svd_mlx_matmul,train_only_zscore_before_pca,0.9972521708757488,b70f59d185d37ea4e6106955a58f9745,69d22fe9899c53080a522623eca08e59,0f129d2b76fd82e222d995998b58343b,$NEURAL_BRIDGE_EXTERNAL_ROOT/outputs/again_dense_2hz_phase4_pca_bridge_20260625_full/features/arousal_delta_p2rows_train_q90__grouped_video__fold2__temporal_mean_2s__scores_w256.npy,2730dae4529fa0f4166a6b136b91356c,0,0,
arousal_delta_p2rows_train_q90,grouped_video,2,temporal_mean_2s,256,189800,47431,streaming_randomized_svd_mlx_matmul,train_only_zscore_before_pca,0.9985037068112426,b70f59d185d37ea4e6106955a58f9745,69d22fe9899c53080a522623eca08e59,0f129d2b76fd82e222d995998b58343b,$NEURAL_BRIDGE_EXTERNAL_ROOT/outputs/again_dense_2hz_phase4_pca_bridge_20260625_full/features/arousal_delta_p2rows_train_q90__grouped_video__fold2__temporal_mean_2s__scores_w256.npy,2730dae4529fa0f4166a6b136b91356c,0,0,
arousal_delta_p2rows_train_q90,grouped_video,3,current,64,189781,47450,streaming_randomized_svd_mlx_matmul,train_only_zscore_before_pca,0.9413416531365191,82e68c6c4d9b4c3153548f14ac044390,a237d831ad04b175f04eeb1ddb3af371,ce035d4b2ef8810c17cc0d240e3963d9,$NEURAL_BRIDGE_EXTERNAL_ROOT/outputs/again_dense_2hz_phase4_pca_bridge_20260625_full/features/arousal_delta_p2rows_train_q90__grouped_video__fold3__current__scores_w256.npy,531d4203fb979c9e3431ead886eddd70,0,0,
arousal_delta_p2rows_train_q90,grouped_video,3,current,128,189781,47450,streaming_randomized_svd_mlx_matmul,train_only_zscore_before_pca,0.9694671590400638,82e68c6c4d9b4c3153548f14ac044390,a237d831ad04b175f04eeb1ddb3af371,ce035d4b2ef8810c17cc0d240e3963d9,$NEURAL_BRIDGE_EXTERNAL_ROOT/outputs/again_dense_2hz_phase4_pca_bridge_20260625_full/features/arousal_delta_p2rows_train_q90__grouped_video__fold3__current__scores_w256.npy,531d4203fb979c9e3431ead886eddd70,0,0,
arousal_delta_p2rows_train_q90,grouped_video,3,current,192,189781,47450,streaming_randomized_svd_mlx_matmul,train_only_zscore_before_pca,0.9854327851390091,82e68c6c4d9b4c3153548f14ac044390,a237d831ad04b175f04eeb1ddb3af371,ce035d4b2ef8810c17cc0d240e3963d9,$NEURAL_BRIDGE_EXTERNAL_ROOT/outputs/again_dense_2hz_phase4_pca_bridge_20260625_full/features/arousal_delta_p2rows_train_q90__grouped_video__fold3__current__scores_w256.npy,531d4203fb979c9e3431ead886eddd70,0,0,
arousal_delta_p2rows_train_q90,grouped_video,3,current,256,189781,47450,streaming_randomized_svd_mlx_matmul,train_only_zscore_before_pca,0.994250018744496,82e68c6c4d9b4c3153548f14ac044390,a237d831ad04b175f04eeb1ddb3af371,ce035d4b2ef8810c17cc0d240e3963d9,$NEURAL_BRIDGE_EXTERNAL_ROOT/outputs/again_dense_2hz_phase4_pca_bridge_20260625_full/features/arousal_delta_p2rows_train_q90__grouped_video__fold3__current__scores_w256.npy,531d4203fb979c9e3431ead886eddd70,0,0,
arousal_delta_p2rows_train_q90,grouped_video,3,delta,64,189781,47450,streaming_randomized_svd_mlx_matmul,train_only_zscore_before_pca,0.7852636715974977,7e558784fc097dafe3df887e5dea5f9e,a237d831ad04b175f04eeb1ddb3af371,ce035d4b2ef8810c17cc0d240e3963d9,$NEURAL_BRIDGE_EXTERNAL_ROOT/outputs/again_dense_2hz_phase4_pca_bridge_20260625_full/features/arousal_delta_p2rows_train_q90__grouped_video__fold3__delta__scores_w256.npy,cf9351b0c5136933f9938a4ec5598c2e,0,0,invalid first row for delta family
arousal_delta_p2rows_train_q90,grouped_video,3,delta,128,189781,47450,streaming_randomized_svd_mlx_matmul,train_only_zscore_before_pca,0.9390114828747984,7e558784fc097dafe3df887e5dea5f9e,a237d831ad04b175f04eeb1ddb3af371,ce035d4b2ef8810c17cc0d240e3963d9,$NEURAL_BRIDGE_EXTERNAL_ROOT/outputs/again_dense_2hz_phase4_pca_bridge_20260625_full/features/arousal_delta_p2rows_train_q90__grouped_video__fold3__delta__scores_w256.npy,cf9351b0c5136933f9938a4ec5598c2e,0,0,invalid first row for delta family
arousal_delta_p2rows_train_q90,grouped_video,3,delta,192,189781,47450,streaming_randomized_svd_mlx_matmul,train_only_zscore_before_pca,0.9894253006054464,7e558784fc097dafe3df887e5dea5f9e,a237d831ad04b175f04eeb1ddb3af371,ce035d4b2ef8810c17cc0d240e3963d9,$NEURAL_BRIDGE_EXTERNAL_ROOT/outputs/again_dense_2hz_phase4_pca_bridge_20260625_full/features/arousal_delta_p2rows_train_q90__grouped_video__fold3__delta__scores_w256.npy,cf9351b0c5136933f9938a4ec5598c2e,0,0,invalid first row for delta family
arousal_delta_p2rows_train_q90,grouped_video,3,delta,256,189781,47450,streaming_randomized_svd_mlx_matmul,train_only_zscore_before_pca,0.9983290123664714,7e558784fc097dafe3df887e5dea5f9e,a237d831ad04b175f04eeb1ddb3af371,ce035d4b2ef8810c17cc0d240e3963d9,$NEURAL_BRIDGE_EXTERNAL_ROOT/outputs/again_dense_2hz_phase4_pca_bridge_20260625_full/features/arousal_delta_p2rows_train_q90__grouped_video__fold3__delta__scores_w256.npy,cf9351b0c5136933f9938a4ec5598c2e,0,0,invalid first row for delta family
arousal_delta_p2rows_train_q90,grouped_video,3,temporal_mean_2s,64,189781,47450,streaming_randomized_svd_mlx_matmul,train_only_zscore_before_pca,0.9830360293461529,d60de4f938f8e9c5ee891ebfa4d0052c,a237d831ad04b175f04eeb1ddb3af371,ce035d4b2ef8810c17cc0d240e3963d9,$NEURAL_BRIDGE_EXTERNAL_ROOT/outputs/again_dense_2hz_phase4_pca_bridge_20260625_full/features/arousal_delta_p2rows_train_q90__grouped_video__fold3__temporal_mean_2s__scores_w256.npy,367b11e520e3577c49d62856dd6f1a9c,0,0,
arousal_delta_p2rows_train_q90,grouped_video,3,temporal_mean_2s,128,189781,47450,streaming_randomized_svd_mlx_matmul,train_only_zscore_before_pca,0.9940112057123422,d60de4f938f8e9c5ee891ebfa4d0052c,a237d831ad04b175f04eeb1ddb3af371,ce035d4b2ef8810c17cc0d240e3963d9,$NEURAL_BRIDGE_EXTERNAL_ROOT/outputs/again_dense_2hz_phase4_pca_bridge_20260625_full/features/arousal_delta_p2rows_train_q90__grouped_video__fold3__temporal_mean_2s__scores_w256.npy,367b11e520e3577c49d62856dd6f1a9c,0,0,
arousal_delta_p2rows_train_q90,grouped_video,3,temporal_mean_2s,192,189781,47450,streaming_randomized_svd_mlx_matmul,train_only_zscore_before_pca,0.9972660054325267,d60de4f938f8e9c5ee891ebfa4d0052c,a237d831ad04b175f04eeb1ddb3af371,ce035d4b2ef8810c17cc0d240e3963d9,$NEURAL_BRIDGE_EXTERNAL_ROOT/outputs/again_dense_2hz_phase4_pca_bridge_20260625_full/features/arousal_delta_p2rows_train_q90__grouped_video__fold3__temporal_mean_2s__scores_w256.npy,367b11e520e3577c49d62856dd6f1a9c,0,0,
arousal_delta_p2rows_train_q90,grouped_video,3,temporal_mean_2s,256,189781,47450,streaming_randomized_svd_mlx_matmul,train_only_zscore_before_pca,0.9985141785536724,d60de4f938f8e9c5ee891ebfa4d0052c,a237d831ad04b175f04eeb1ddb3af371,ce035d4b2ef8810c17cc0d240e3963d9,$NEURAL_BRIDGE_EXTERNAL_ROOT/outputs/again_dense_2hz_phase4_pca_bridge_20260625_full/features/arousal_delta_p2rows_train_q90__grouped_video__fold3__temporal_mean_2s__scores_w256.npy,367b11e520e3577c49d62856dd6f1a9c,0,0,
arousal_delta_p2rows_train_q90,grouped_video,4,current,64,189784,47447,streaming_randomized_svd_mlx_matmul,train_only_zscore_before_pca,0.9413344821696009,b1f6c4d7cf077974fa9c24b06afd4b68,8fe7841d893e0f38d3796fea93289478,67af8cd30f6b93636f5b163929c73038,$NEURAL_BRIDGE_EXTERNAL_ROOT/outputs/again_dense_2hz_phase4_pca_bridge_20260625_full/features/arousal_delta_p2rows_train_q90__grouped_video__fold4__current__scores_w256.npy,ff1495efd435020fd17c24c4e42b8c8f,0,0,
arousal_delta_p2rows_train_q90,grouped_video,4,current,128,189784,47447,streaming_randomized_svd_mlx_matmul,train_only_zscore_before_pca,0.9694779435799625,b1f6c4d7cf077974fa9c24b06afd4b68,8fe7841d893e0f38d3796fea93289478,67af8cd30f6b93636f5b163929c73038,$NEURAL_BRIDGE_EXTERNAL_ROOT/outputs/again_dense_2hz_phase4_pca_bridge_20260625_full/features/arousal_delta_p2rows_train_q90__grouped_video__fold4__current__scores_w256.npy,ff1495efd435020fd17c24c4e42b8c8f,0,0,
arousal_delta_p2rows_train_q90,grouped_video,4,current,192,189784,47447,streaming_randomized_svd_mlx_matmul,train_only_zscore_before_pca,0.9854557363395111,b1f6c4d7cf077974fa9c24b06afd4b68,8fe7841d893e0f38d3796fea93289478,67af8cd30f6b93636f5b163929c73038,$NEURAL_BRIDGE_EXTERNAL_ROOT/outputs/again_dense_2hz_phase4_pca_bridge_20260625_full/features/arousal_delta_p2rows_train_q90__grouped_video__fold4__current__scores_w256.npy,ff1495efd435020fd17c24c4e42b8c8f,0,0,
arousal_delta_p2rows_train_q90,grouped_video,4,current,256,189784,47447,streaming_randomized_svd_mlx_matmul,train_only_zscore_before_pca,0.9942817255898859,b1f6c4d7cf077974fa9c24b06afd4b68,8fe7841d893e0f38d3796fea93289478,67af8cd30f6b93636f5b163929c73038,$NEURAL_BRIDGE_EXTERNAL_ROOT/outputs/again_dense_2hz_phase4_pca_bridge_20260625_full/features/arousal_delta_p2rows_train_q90__grouped_video__fold4__current__scores_w256.npy,ff1495efd435020fd17c24c4e42b8c8f,0,0,
arousal_delta_p2rows_train_q90,grouped_video,4,delta,64,189784,47447,streaming_randomized_svd_mlx_matmul,train_only_zscore_before_pca,0.7852255548774429,00be463dca7a26654a0f9fb43ed50a06,8fe7841d893e0f38d3796fea93289478,67af8cd30f6b93636f5b163929c73038,$NEURAL_BRIDGE_EXTERNAL_ROOT/outputs/again_dense_2hz_phase4_pca_bridge_20260625_full/features/arousal_delta_p2rows_train_q90__grouped_video__fold4__delta__scores_w256.npy,45d383043ccb036067c31020c6505365,0,0,invalid first row for delta family
arousal_delta_p2rows_train_q90,grouped_video,4,delta,128,189784,47447,streaming_randomized_svd_mlx_matmul,train_only_zscore_before_pca,0.9390293340792334,00be463dca7a26654a0f9fb43ed50a06,8fe7841d893e0f38d3796fea93289478,67af8cd30f6b93636f5b163929c73038,$NEURAL_BRIDGE_EXTERNAL_ROOT/outputs/again_dense_2hz_phase4_pca_bridge_20260625_full/features/arousal_delta_p2rows_train_q90__grouped_video__fold4__delta__scores_w256.npy,45d383043ccb036067c31020c6505365,0,0,invalid first row for delta family
arousal_delta_p2rows_train_q90,grouped_video,4,delta,192,189784,47447,streaming_randomized_svd_mlx_matmul,train_only_zscore_before_pca,0.9894377362022193,00be463dca7a26654a0f9fb43ed50a06,8fe7841d893e0f38d3796fea93289478,67af8cd30f6b93636f5b163929c73038,$NEURAL_BRIDGE_EXTERNAL_ROOT/outputs/again_dense_2hz_phase4_pca_bridge_20260625_full/features/arousal_delta_p2rows_train_q90__grouped_video__fold4__delta__scores_w256.npy,45d383043ccb036067c31020c6505365,0,0,invalid first row for delta family
arousal_delta_p2rows_train_q90,grouped_video,4,delta,256,189784,47447,streaming_randomized_svd_mlx_matmul,train_only_zscore_before_pca,0.998344811942024,00be463dca7a26654a0f9fb43ed50a06,8fe7841d893e0f38d3796fea93289478,67af8cd30f6b93636f5b163929c73038,$NEURAL_BRIDGE_EXTERNAL_ROOT/outputs/again_dense_2hz_phase4_pca_bridge_20260625_full/features/arousal_delta_p2rows_train_q90__grouped_video__fold4__delta__scores_w256.npy,45d383043ccb036067c31020c6505365,0,0,invalid first row for delta family
arousal_delta_p2rows_train_q90,grouped_video,4,temporal_mean_2s,64,189784,47447,streaming_randomized_svd_mlx_matmul,train_only_zscore_before_pca,0.9830694098136054,4a29ffee5a8960def80966bb72a299b7,8fe7841d893e0f38d3796fea93289478,67af8cd30f6b93636f5b163929c73038,$NEURAL_BRIDGE_EXTERNAL_ROOT/outputs/again_dense_2hz_phase4_pca_bridge_20260625_full/features/arousal_delta_p2rows_train_q90__grouped_video__fold4__temporal_mean_2s__scores_w256.npy,664715364adc4c2b7d8337fb8b82784d,0,0,
arousal_delta_p2rows_train_q90,grouped_video,4,temporal_mean_2s,128,189784,47447,streaming_randomized_svd_mlx_matmul,train_only_zscore_before_pca,0.9940325921482437,4a29ffee5a8960def80966bb72a299b7,8fe7841d893e0f38d3796fea93289478,67af8cd30f6b93636f5b163929c73038,$NEURAL_BRIDGE_EXTERNAL_ROOT/outputs/again_dense_2hz_phase4_pca_bridge_20260625_full/features/arousal_delta_p2rows_train_q90__grouped_video__fold4__temporal_mean_2s__scores_w256.npy,664715364adc4c2b7d8337fb8b82784d,0,0,
arousal_delta_p2rows_train_q90,grouped_video,4,temporal_mean_2s,192,189784,47447,streaming_randomized_svd_mlx_matmul,train_only_zscore_before_pca,0.9972777386896399,4a29ffee5a8960def80966bb72a299b7,8fe7841d893e0f38d3796fea93289478,67af8cd30f6b93636f5b163929c73038,$NEURAL_BRIDGE_EXTERNAL_ROOT/outputs/again_dense_2hz_phase4_pca_bridge_20260625_full/features/arousal_delta_p2rows_train_q90__grouped_video__fold4__temporal_mean_2s__scores_w256.npy,664715364adc4c2b7d8337fb8b82784d,0,0,
arousal_delta_p2rows_train_q90,grouped_video,4,temporal_mean_2s,256,189784,47447,streaming_randomized_svd_mlx_matmul,train_only_zscore_before_pca,0.9985219339957919,4a29ffee5a8960def80966bb72a299b7,8fe7841d893e0f38d3796fea93289478,67af8cd30f6b93636f5b163929c73038,$NEURAL_BRIDGE_EXTERNAL_ROOT/outputs/again_dense_2hz_phase4_pca_bridge_20260625_full/features/arousal_delta_p2rows_train_q90__grouped_video__fold4__temporal_mean_2s__scores_w256.npy,664715364adc4c2b7d8337fb8b82784d,0,0,
arousal_delta_p2rows_train_q90,grouped_video,5,current,64,189766,47465,streaming_randomized_svd_mlx_matmul,train_only_zscore_before_pca,0.941339495458528,dd3928e3621a89d38f2c9a61511b4daf,1cff4e1b456bb4759559d70507c134b0,226b04367795118357eda5f32ca0a7a7,$NEURAL_BRIDGE_EXTERNAL_ROOT/outputs/again_dense_2hz_phase4_pca_bridge_20260625_full/features/arousal_delta_p2rows_train_q90__grouped_video__fold5__current__scores_w256.npy,2e0ffecee9052079c464567a71e27a31,0,0,
arousal_delta_p2rows_train_q90,grouped_video,5,current,128,189766,47465,streaming_randomized_svd_mlx_matmul,train_only_zscore_before_pca,0.9694588074042177,dd3928e3621a89d38f2c9a61511b4daf,1cff4e1b456bb4759559d70507c134b0,226b04367795118357eda5f32ca0a7a7,$NEURAL_BRIDGE_EXTERNAL_ROOT/outputs/again_dense_2hz_phase4_pca_bridge_20260625_full/features/arousal_delta_p2rows_train_q90__grouped_video__fold5__current__scores_w256.npy,2e0ffecee9052079c464567a71e27a31,0,0,
arousal_delta_p2rows_train_q90,grouped_video,5,current,192,189766,47465,streaming_randomized_svd_mlx_matmul,train_only_zscore_before_pca,0.9854368677064286,dd3928e3621a89d38f2c9a61511b4daf,1cff4e1b456bb4759559d70507c134b0,226b04367795118357eda5f32ca0a7a7,$NEURAL_BRIDGE_EXTERNAL_ROOT/outputs/again_dense_2hz_phase4_pca_bridge_20260625_full/features/arousal_delta_p2rows_train_q90__grouped_video__fold5__current__scores_w256.npy,2e0ffecee9052079c464567a71e27a31,0,0,
arousal_delta_p2rows_train_q90,grouped_video,5,current,256,189766,47465,streaming_randomized_svd_mlx_matmul,train_only_zscore_before_pca,0.9942536560189562,dd3928e3621a89d38f2c9a61511b4daf,1cff4e1b456bb4759559d70507c134b0,226b04367795118357eda5f32ca0a7a7,$NEURAL_BRIDGE_EXTERNAL_ROOT/outputs/again_dense_2hz_phase4_pca_bridge_20260625_full/features/arousal_delta_p2rows_train_q90__grouped_video__fold5__current__scores_w256.npy,2e0ffecee9052079c464567a71e27a31,0,0,
arousal_delta_p2rows_train_q90,grouped_video,5,delta,64,189766,47465,streaming_randomized_svd_mlx_matmul,train_only_zscore_before_pca,0.7852349392166427,066d34f0d8e4b1bb6a552a9f25ab6a10,1cff4e1b456bb4759559d70507c134b0,226b04367795118357eda5f32ca0a7a7,$NEURAL_BRIDGE_EXTERNAL_ROOT/outputs/again_dense_2hz_phase4_pca_bridge_20260625_full/features/arousal_delta_p2rows_train_q90__grouped_video__fold5__delta__scores_w256.npy,b235134b5c9cf4f20518e958b581bd9e,0,0,invalid first row for delta family
arousal_delta_p2rows_train_q90,grouped_video,5,delta,128,189766,47465,streaming_randomized_svd_mlx_matmul,train_only_zscore_before_pca,0.938996127656877,066d34f0d8e4b1bb6a552a9f25ab6a10,1cff4e1b456bb4759559d70507c134b0,226b04367795118357eda5f32ca0a7a7,$NEURAL_BRIDGE_EXTERNAL_ROOT/outputs/again_dense_2hz_phase4_pca_bridge_20260625_full/features/arousal_delta_p2rows_train_q90__grouped_video__fold5__delta__scores_w256.npy,b235134b5c9cf4f20518e958b581bd9e,0,0,invalid first row for delta family
arousal_delta_p2rows_train_q90,grouped_video,5,delta,192,189766,47465,streaming_randomized_svd_mlx_matmul,train_only_zscore_before_pca,0.9894081791078394,066d34f0d8e4b1bb6a552a9f25ab6a10,1cff4e1b456bb4759559d70507c134b0,226b04367795118357eda5f32ca0a7a7,$NEURAL_BRIDGE_EXTERNAL_ROOT/outputs/again_dense_2hz_phase4_pca_bridge_20260625_full/features/arousal_delta_p2rows_train_q90__grouped_video__fold5__delta__scores_w256.npy,b235134b5c9cf4f20518e958b581bd9e,0,0,invalid first row for delta family
arousal_delta_p2rows_train_q90,grouped_video,5,delta,256,189766,47465,streaming_randomized_svd_mlx_matmul,train_only_zscore_before_pca,0.9983209878372835,066d34f0d8e4b1bb6a552a9f25ab6a10,1cff4e1b456bb4759559d70507c134b0,226b04367795118357eda5f32ca0a7a7,$NEURAL_BRIDGE_EXTERNAL_ROOT/outputs/again_dense_2hz_phase4_pca_bridge_20260625_full/features/arousal_delta_p2rows_train_q90__grouped_video__fold5__delta__scores_w256.npy,b235134b5c9cf4f20518e958b581bd9e,0,0,invalid first row for delta family
arousal_delta_p2rows_train_q90,grouped_video,5,temporal_mean_2s,64,189766,47465,streaming_randomized_svd_mlx_matmul,train_only_zscore_before_pca,0.9830045026197409,0a4ec5e74634dc507cfb2ed4291e5777,1cff4e1b456bb4759559d70507c134b0,226b04367795118357eda5f32ca0a7a7,$NEURAL_BRIDGE_EXTERNAL_ROOT/outputs/again_dense_2hz_phase4_pca_bridge_20260625_full/features/arousal_delta_p2rows_train_q90__grouped_video__fold5__temporal_mean_2s__scores_w256.npy,db4a50a67003ede708a0f828ab8dd21e,0,0,
arousal_delta_p2rows_train_q90,grouped_video,5,temporal_mean_2s,128,189766,47465,streaming_randomized_svd_mlx_matmul,train_only_zscore_before_pca,0.9939949433094226,0a4ec5e74634dc507cfb2ed4291e5777,1cff4e1b456bb4759559d70507c134b0,226b04367795118357eda5f32ca0a7a7,$NEURAL_BRIDGE_EXTERNAL_ROOT/outputs/again_dense_2hz_phase4_pca_bridge_20260625_full/features/arousal_delta_p2rows_train_q90__grouped_video__fold5__temporal_mean_2s__scores_w256.npy,db4a50a67003ede708a0f828ab8dd21e,0,0,
arousal_delta_p2rows_train_q90,grouped_video,5,temporal_mean_2s,192,189766,47465,streaming_randomized_svd_mlx_matmul,train_only_zscore_before_pca,0.9972567235733754,0a4ec5e74634dc507cfb2ed4291e5777,1cff4e1b456bb4759559d70507c134b0,226b04367795118357eda5f32ca0a7a7,$NEURAL_BRIDGE_EXTERNAL_ROOT/outputs/again_dense_2hz_phase4_pca_bridge_20260625_full/features/arousal_delta_p2rows_train_q90__grouped_video__fold5__temporal_mean_2s__scores_w256.npy,db4a50a67003ede708a0f828ab8dd21e,0,0,
arousal_delta_p2rows_train_q90,grouped_video,5,temporal_mean_2s,256,189766,47465,streaming_randomized_svd_mlx_matmul,train_only_zscore_before_pca,0.9985078775347327,0a4ec5e74634dc507cfb2ed4291e5777,1cff4e1b456bb4759559d70507c134b0,226b04367795118357eda5f32ca0a7a7,$NEURAL_BRIDGE_EXTERNAL_ROOT/outputs/again_dense_2hz_phase4_pca_bridge_20260625_full/features/arousal_delta_p2rows_train_q90__grouped_video__fold5__temporal_mean_2s__scores_w256.npy,db4a50a67003ede708a0f828ab8dd21e,0,0,
arousal_delta_p2rows_train_q90,blocked_temporal_70_30,1,current,64,165783,71448,streaming_randomized_svd_mlx_matmul,train_only_zscore_before_pca,0.9484296306110471,85c8654ec26db0137796f4d1294d151f,32953225b87f6f9036cbb12a26e5add7,d229c529e4268b569dae5a2c3123efcd,$NEURAL_BRIDGE_EXTERNAL_ROOT/outputs/again_dense_2hz_phase4_pca_bridge_20260625_full/features/arousal_delta_p2rows_train_q90__blocked_temporal_70_30__fold1__current__scores_w256.npy,3cd933a367ba6f9ca647a802199bf4be,0,0,
arousal_delta_p2rows_train_q90,blocked_temporal_70_30,1,current,128,165783,71448,streaming_randomized_svd_mlx_matmul,train_only_zscore_before_pca,0.9785103340074913,85c8654ec26db0137796f4d1294d151f,32953225b87f6f9036cbb12a26e5add7,d229c529e4268b569dae5a2c3123efcd,$NEURAL_BRIDGE_EXTERNAL_ROOT/outputs/again_dense_2hz_phase4_pca_bridge_20260625_full/features/arousal_delta_p2rows_train_q90__blocked_temporal_70_30__fold1__current__scores_w256.npy,3cd933a367ba6f9ca647a802199bf4be,0,0,
arousal_delta_p2rows_train_q90,blocked_temporal_70_30,1,current,192,165783,71448,streaming_randomized_svd_mlx_matmul,train_only_zscore_before_pca,0.9937667185597832,85c8654ec26db0137796f4d1294d151f,32953225b87f6f9036cbb12a26e5add7,d229c529e4268b569dae5a2c3123efcd,$NEURAL_BRIDGE_EXTERNAL_ROOT/outputs/again_dense_2hz_phase4_pca_bridge_20260625_full/features/arousal_delta_p2rows_train_q90__blocked_temporal_70_30__fold1__current__scores_w256.npy,3cd933a367ba6f9ca647a802199bf4be,0,0,
arousal_delta_p2rows_train_q90,blocked_temporal_70_30,1,current,256,165783,71448,streaming_randomized_svd_mlx_matmul,train_only_zscore_before_pca,0.9984822182201718,85c8654ec26db0137796f4d1294d151f,32953225b87f6f9036cbb12a26e5add7,d229c529e4268b569dae5a2c3123efcd,$NEURAL_BRIDGE_EXTERNAL_ROOT/outputs/again_dense_2hz_phase4_pca_bridge_20260625_full/features/arousal_delta_p2rows_train_q90__blocked_temporal_70_30__fold1__current__scores_w256.npy,3cd933a367ba6f9ca647a802199bf4be,0,0,
arousal_delta_p2rows_train_q90,blocked_temporal_70_30,1,delta,64,165783,71448,streaming_randomized_svd_mlx_matmul,train_only_zscore_before_pca,0.8537153008133347,b0df6af848ed001e3e06bb014c3fe176,32953225b87f6f9036cbb12a26e5add7,d229c529e4268b569dae5a2c3123efcd,$NEURAL_BRIDGE_EXTERNAL_ROOT/outputs/again_dense_2hz_phase4_pca_bridge_20260625_full/features/arousal_delta_p2rows_train_q90__blocked_temporal_70_30__fold1__delta__scores_w256.npy,41a78c59d1c9097789e0aa7a42019c45,0,0,invalid first row for delta family
arousal_delta_p2rows_train_q90,blocked_temporal_70_30,1,delta,128,165783,71448,streaming_randomized_svd_mlx_matmul,train_only_zscore_before_pca,0.9827976673936961,b0df6af848ed001e3e06bb014c3fe176,32953225b87f6f9036cbb12a26e5add7,d229c529e4268b569dae5a2c3123efcd,$NEURAL_BRIDGE_EXTERNAL_ROOT/outputs/again_dense_2hz_phase4_pca_bridge_20260625_full/features/arousal_delta_p2rows_train_q90__blocked_temporal_70_30__fold1__delta__scores_w256.npy,41a78c59d1c9097789e0aa7a42019c45,0,0,invalid first row for delta family
arousal_delta_p2rows_train_q90,blocked_temporal_70_30,1,delta,192,165783,71448,streaming_randomized_svd_mlx_matmul,train_only_zscore_before_pca,0.9981808523165053,b0df6af848ed001e3e06bb014c3fe176,32953225b87f6f9036cbb12a26e5add7,d229c529e4268b569dae5a2c3123efcd,$NEURAL_BRIDGE_EXTERNAL_ROOT/outputs/again_dense_2hz_phase4_pca_bridge_20260625_full/features/arousal_delta_p2rows_train_q90__blocked_temporal_70_30__fold1__delta__scores_w256.npy,41a78c59d1c9097789e0aa7a42019c45,0,0,invalid first row for delta family
arousal_delta_p2rows_train_q90,blocked_temporal_70_30,1,delta,256,165783,71448,streaming_randomized_svd_mlx_matmul,train_only_zscore_before_pca,0.9993729752587657,b0df6af848ed001e3e06bb014c3fe176,32953225b87f6f9036cbb12a26e5add7,d229c529e4268b569dae5a2c3123efcd,$NEURAL_BRIDGE_EXTERNAL_ROOT/outputs/again_dense_2hz_phase4_pca_bridge_20260625_full/features/arousal_delta_p2rows_train_q90__blocked_temporal_70_30__fold1__delta__scores_w256.npy,41a78c59d1c9097789e0aa7a42019c45,0,0,invalid first row for delta family
arousal_delta_p2rows_train_q90,blocked_temporal_70_30,1,temporal_mean_2s,64,165783,71448,streaming_randomized_svd_mlx_matmul,train_only_zscore_before_pca,0.9860459675134526,82a0d25034a478e3107884cf7cac697c,32953225b87f6f9036cbb12a26e5add7,d229c529e4268b569dae5a2c3123efcd,$NEURAL_BRIDGE_EXTERNAL_ROOT/outputs/again_dense_2hz_phase4_pca_bridge_20260625_full/features/arousal_delta_p2rows_train_q90__blocked_temporal_70_30__fold1__temporal_mean_2s__scores_w256.npy,a168ebf48f47b1256baadd94d041f858,0,0,
arousal_delta_p2rows_train_q90,blocked_temporal_70_30,1,temporal_mean_2s,128,165783,71448,streaming_randomized_svd_mlx_matmul,train_only_zscore_before_pca,0.9956540741454012,82a0d25034a478e3107884cf7cac697c,32953225b87f6f9036cbb12a26e5add7,d229c529e4268b569dae5a2c3123efcd,$NEURAL_BRIDGE_EXTERNAL_ROOT/outputs/again_dense_2hz_phase4_pca_bridge_20260625_full/features/arousal_delta_p2rows_train_q90__blocked_temporal_70_30__fold1__temporal_mean_2s__scores_w256.npy,a168ebf48f47b1256baadd94d041f858,0,0,
arousal_delta_p2rows_train_q90,blocked_temporal_70_30,1,temporal_mean_2s,192,165783,71448,streaming_randomized_svd_mlx_matmul,train_only_zscore_before_pca,0.9980858304727499,82a0d25034a478e3107884cf7cac697c,32953225b87f6f9036cbb12a26e5add7,d229c529e4268b569dae5a2c3123efcd,$NEURAL_BRIDGE_EXTERNAL_ROOT/outputs/again_dense_2hz_phase4_pca_bridge_20260625_full/features/arousal_delta_p2rows_train_q90__blocked_temporal_70_30__fold1__temporal_mean_2s__scores_w256.npy,a168ebf48f47b1256baadd94d041f858,0,0,
arousal_delta_p2rows_train_q90,blocked_temporal_70_30,1,temporal_mean_2s,256,165783,71448,streaming_randomized_svd_mlx_matmul,train_only_zscore_before_pca,0.999034834601719,82a0d25034a478e3107884cf7cac697c,32953225b87f6f9036cbb12a26e5add7,d229c529e4268b569dae5a2c3123efcd,$NEURAL_BRIDGE_EXTERNAL_ROOT/outputs/again_dense_2hz_phase4_pca_bridge_20260625_full/features/arousal_delta_p2rows_train_q90__blocked_temporal_70_30__fold1__temporal_mean_2s__scores_w256.npy,a168ebf48f47b1256baadd94d041f858,0,0,
arousal_abs_delta_p4rows_train_q90,grouped_video,1,current,64,188154,47063,streaming_randomized_svd_mlx_matmul,train_only_zscore_before_pca,0.9417963922677594,11959ecb0f960a5b4521d10e1f621022,33404f6b7e67845c39039b9af9dea173,aecba680e5d9f56ed129628ef3c05d7c,$NEURAL_BRIDGE_EXTERNAL_ROOT/outputs/again_dense_2hz_phase4_pca_bridge_20260625_full/features/arousal_abs_delta_p4rows_train_q90__grouped_video__fold1__current__scores_w256.npy,93ac8b8f8e79bd77ef09effe7f833e86,0,0,
arousal_abs_delta_p4rows_train_q90,grouped_video,1,current,128,188154,47063,streaming_randomized_svd_mlx_matmul,train_only_zscore_before_pca,0.9698385027631813,11959ecb0f960a5b4521d10e1f621022,33404f6b7e67845c39039b9af9dea173,aecba680e5d9f56ed129628ef3c05d7c,$NEURAL_BRIDGE_EXTERNAL_ROOT/outputs/again_dense_2hz_phase4_pca_bridge_20260625_full/features/arousal_abs_delta_p4rows_train_q90__grouped_video__fold1__current__scores_w256.npy,93ac8b8f8e79bd77ef09effe7f833e86,0,0,
arousal_abs_delta_p4rows_train_q90,grouped_video,1,current,192,188154,47063,streaming_randomized_svd_mlx_matmul,train_only_zscore_before_pca,0.9857201269235577,11959ecb0f960a5b4521d10e1f621022,33404f6b7e67845c39039b9af9dea173,aecba680e5d9f56ed129628ef3c05d7c,$NEURAL_BRIDGE_EXTERNAL_ROOT/outputs/again_dense_2hz_phase4_pca_bridge_20260625_full/features/arousal_abs_delta_p4rows_train_q90__grouped_video__fold1__current__scores_w256.npy,93ac8b8f8e79bd77ef09effe7f833e86,0,0,
arousal_abs_delta_p4rows_train_q90,grouped_video,1,current,256,188154,47063,streaming_randomized_svd_mlx_matmul,train_only_zscore_before_pca,0.9944493117435045,11959ecb0f960a5b4521d10e1f621022,33404f6b7e67845c39039b9af9dea173,aecba680e5d9f56ed129628ef3c05d7c,$NEURAL_BRIDGE_EXTERNAL_ROOT/outputs/again_dense_2hz_phase4_pca_bridge_20260625_full/features/arousal_abs_delta_p4rows_train_q90__grouped_video__fold1__current__scores_w256.npy,93ac8b8f8e79bd77ef09effe7f833e86,0,0,
arousal_abs_delta_p4rows_train_q90,grouped_video,1,delta,64,188154,47063,streaming_randomized_svd_mlx_matmul,train_only_zscore_before_pca,0.7868078655227715,f027540955b4b13634a5008b65e78e66,33404f6b7e67845c39039b9af9dea173,aecba680e5d9f56ed129628ef3c05d7c,$NEURAL_BRIDGE_EXTERNAL_ROOT/outputs/again_dense_2hz_phase4_pca_bridge_20260625_full/features/arousal_abs_delta_p4rows_train_q90__grouped_video__fold1__delta__scores_w256.npy,4f93f4f0e3e42d52165a863c5bc5c735,0,0,invalid first row for delta family
arousal_abs_delta_p4rows_train_q90,grouped_video,1,delta,128,188154,47063,streaming_randomized_svd_mlx_matmul,train_only_zscore_before_pca,0.9403650271409036,f027540955b4b13634a5008b65e78e66,33404f6b7e67845c39039b9af9dea173,aecba680e5d9f56ed129628ef3c05d7c,$NEURAL_BRIDGE_EXTERNAL_ROOT/outputs/again_dense_2hz_phase4_pca_bridge_20260625_full/features/arousal_abs_delta_p4rows_train_q90__grouped_video__fold1__delta__scores_w256.npy,4f93f4f0e3e42d52165a863c5bc5c735,0,0,invalid first row for delta family
arousal_abs_delta_p4rows_train_q90,grouped_video,1,delta,192,188154,47063,streaming_randomized_svd_mlx_matmul,train_only_zscore_before_pca,0.9898836771391026,f027540955b4b13634a5008b65e78e66,33404f6b7e67845c39039b9af9dea173,aecba680e5d9f56ed129628ef3c05d7c,$NEURAL_BRIDGE_EXTERNAL_ROOT/outputs/again_dense_2hz_phase4_pca_bridge_20260625_full/features/arousal_abs_delta_p4rows_train_q90__grouped_video__fold1__delta__scores_w256.npy,4f93f4f0e3e42d52165a863c5bc5c735,0,0,invalid first row for delta family
arousal_abs_delta_p4rows_train_q90,grouped_video,1,delta,256,188154,47063,streaming_randomized_svd_mlx_matmul,train_only_zscore_before_pca,0.998397448100619,f027540955b4b13634a5008b65e78e66,33404f6b7e67845c39039b9af9dea173,aecba680e5d9f56ed129628ef3c05d7c,$NEURAL_BRIDGE_EXTERNAL_ROOT/outputs/again_dense_2hz_phase4_pca_bridge_20260625_full/features/arousal_abs_delta_p4rows_train_q90__grouped_video__fold1__delta__scores_w256.npy,4f93f4f0e3e42d52165a863c5bc5c735,0,0,invalid first row for delta family
arousal_abs_delta_p4rows_train_q90,grouped_video,1,temporal_mean_2s,64,188154,47063,streaming_randomized_svd_mlx_matmul,train_only_zscore_before_pca,0.983225076395719,61e776ea20e413890af29027cd93dfbe,33404f6b7e67845c39039b9af9dea173,aecba680e5d9f56ed129628ef3c05d7c,$NEURAL_BRIDGE_EXTERNAL_ROOT/outputs/again_dense_2hz_phase4_pca_bridge_20260625_full/features/arousal_abs_delta_p4rows_train_q90__grouped_video__fold1__temporal_mean_2s__scores_w256.npy,2a1efb613b7193b7659f879468374d0e,0,0,
arousal_abs_delta_p4rows_train_q90,grouped_video,1,temporal_mean_2s,128,188154,47063,streaming_randomized_svd_mlx_matmul,train_only_zscore_before_pca,0.9940976455546835,61e776ea20e413890af29027cd93dfbe,33404f6b7e67845c39039b9af9dea173,aecba680e5d9f56ed129628ef3c05d7c,$NEURAL_BRIDGE_EXTERNAL_ROOT/outputs/again_dense_2hz_phase4_pca_bridge_20260625_full/features/arousal_abs_delta_p4rows_train_q90__grouped_video__fold1__temporal_mean_2s__scores_w256.npy,2a1efb613b7193b7659f879468374d0e,0,0,
arousal_abs_delta_p4rows_train_q90,grouped_video,1,temporal_mean_2s,192,188154,47063,streaming_randomized_svd_mlx_matmul,train_only_zscore_before_pca,0.9973030843580889,61e776ea20e413890af29027cd93dfbe,33404f6b7e67845c39039b9af9dea173,aecba680e5d9f56ed129628ef3c05d7c,$NEURAL_BRIDGE_EXTERNAL_ROOT/outputs/again_dense_2hz_phase4_pca_bridge_20260625_full/features/arousal_abs_delta_p4rows_train_q90__grouped_video__fold1__temporal_mean_2s__scores_w256.npy,2a1efb613b7193b7659f879468374d0e,0,0,
arousal_abs_delta_p4rows_train_q90,grouped_video,1,temporal_mean_2s,256,188154,47063,streaming_randomized_svd_mlx_matmul,train_only_zscore_before_pca,0.9985363374523916,61e776ea20e413890af29027cd93dfbe,33404f6b7e67845c39039b9af9dea173,aecba680e5d9f56ed129628ef3c05d7c,$NEURAL_BRIDGE_EXTERNAL_ROOT/outputs/again_dense_2hz_phase4_pca_bridge_20260625_full/features/arousal_abs_delta_p4rows_train_q90__grouped_video__fold1__temporal_mean_2s__scores_w256.npy,2a1efb613b7193b7659f879468374d0e,0,0,
arousal_abs_delta_p4rows_train_q90,grouped_video,2,current,64,188182,47035,streaming_randomized_svd_mlx_matmul,train_only_zscore_before_pca,0.9413687817085867,1c198cb38e377b9518197b13ee3a88e7,a546fb022c3f3e9c62d6f5a256ea254e,fb055fb3684932b5ceb8d73ffbfe1161,$NEURAL_BRIDGE_EXTERNAL_ROOT/outputs/again_dense_2hz_phase4_pca_bridge_20260625_full/features/arousal_abs_delta_p4rows_train_q90__grouped_video__fold2__current__scores_w256.npy,4de9415dfc3348c3231c6377f96cfd3e,0,0,
arousal_abs_delta_p4rows_train_q90,grouped_video,2,current,128,188182,47035,streaming_randomized_svd_mlx_matmul,train_only_zscore_before_pca,0.969606179736457,1c198cb38e377b9518197b13ee3a88e7,a546fb022c3f3e9c62d6f5a256ea254e,fb055fb3684932b5ceb8d73ffbfe1161,$NEURAL_BRIDGE_EXTERNAL_ROOT/outputs/again_dense_2hz_phase4_pca_bridge_20260625_full/features/arousal_abs_delta_p4rows_train_q90__grouped_video__fold2__current__scores_w256.npy,4de9415dfc3348c3231c6377f96cfd3e,0,0,
arousal_abs_delta_p4rows_train_q90,grouped_video,2,current,192,188182,47035,streaming_randomized_svd_mlx_matmul,train_only_zscore_before_pca,0.9855967260432046,1c198cb38e377b9518197b13ee3a88e7,a546fb022c3f3e9c62d6f5a256ea254e,fb055fb3684932b5ceb8d73ffbfe1161,$NEURAL_BRIDGE_EXTERNAL_ROOT/outputs/again_dense_2hz_phase4_pca_bridge_20260625_full/features/arousal_abs_delta_p4rows_train_q90__grouped_video__fold2__current__scores_w256.npy,4de9415dfc3348c3231c6377f96cfd3e,0,0,
arousal_abs_delta_p4rows_train_q90,grouped_video,2,current,256,188182,47035,streaming_randomized_svd_mlx_matmul,train_only_zscore_before_pca,0.9943955511808783,1c198cb38e377b9518197b13ee3a88e7,a546fb022c3f3e9c62d6f5a256ea254e,fb055fb3684932b5ceb8d73ffbfe1161,$NEURAL_BRIDGE_EXTERNAL_ROOT/outputs/again_dense_2hz_phase4_pca_bridge_20260625_full/features/arousal_abs_delta_p4rows_train_q90__grouped_video__fold2__current__scores_w256.npy,4de9415dfc3348c3231c6377f96cfd3e,0,0,
arousal_abs_delta_p4rows_train_q90,grouped_video,2,delta,64,188182,47035,streaming_randomized_svd_mlx_matmul,train_only_zscore_before_pca,0.786872518218755,21f2aa5421a47688b7e3effd3d33ab82,a546fb022c3f3e9c62d6f5a256ea254e,fb055fb3684932b5ceb8d73ffbfe1161,$NEURAL_BRIDGE_EXTERNAL_ROOT/outputs/again_dense_2hz_phase4_pca_bridge_20260625_full/features/arousal_abs_delta_p4rows_train_q90__grouped_video__fold2__delta__scores_w256.npy,4e9ce70ca60229153ec836a141a0846a,0,0,invalid first row for delta family
arousal_abs_delta_p4rows_train_q90,grouped_video,2,delta,128,188182,47035,streaming_randomized_svd_mlx_matmul,train_only_zscore_before_pca,0.9404188365900208,21f2aa5421a47688b7e3effd3d33ab82,a546fb022c3f3e9c62d6f5a256ea254e,fb055fb3684932b5ceb8d73ffbfe1161,$NEURAL_BRIDGE_EXTERNAL_ROOT/outputs/again_dense_2hz_phase4_pca_bridge_20260625_full/features/arousal_abs_delta_p4rows_train_q90__grouped_video__fold2__delta__scores_w256.npy,4e9ce70ca60229153ec836a141a0846a,0,0,invalid first row for delta family
arousal_abs_delta_p4rows_train_q90,grouped_video,2,delta,192,188182,47035,streaming_randomized_svd_mlx_matmul,train_only_zscore_before_pca,0.9899077655168007,21f2aa5421a47688b7e3effd3d33ab82,a546fb022c3f3e9c62d6f5a256ea254e,fb055fb3684932b5ceb8d73ffbfe1161,$NEURAL_BRIDGE_EXTERNAL_ROOT/outputs/again_dense_2hz_phase4_pca_bridge_20260625_full/features/arousal_abs_delta_p4rows_train_q90__grouped_video__fold2__delta__scores_w256.npy,4e9ce70ca60229153ec836a141a0846a,0,0,invalid first row for delta family
arousal_abs_delta_p4rows_train_q90,grouped_video,2,delta,256,188182,47035,streaming_randomized_svd_mlx_matmul,train_only_zscore_before_pca,0.9983968997045963,21f2aa5421a47688b7e3effd3d33ab82,a546fb022c3f3e9c62d6f5a256ea254e,fb055fb3684932b5ceb8d73ffbfe1161,$NEURAL_BRIDGE_EXTERNAL_ROOT/outputs/again_dense_2hz_phase4_pca_bridge_20260625_full/features/arousal_abs_delta_p4rows_train_q90__grouped_video__fold2__delta__scores_w256.npy,4e9ce70ca60229153ec836a141a0846a,0,0,invalid first row for delta family
arousal_abs_delta_p4rows_train_q90,grouped_video,2,temporal_mean_2s,64,188182,47035,streaming_randomized_svd_mlx_matmul,train_only_zscore_before_pca,0.9830574959700535,ce41549673df28c2f58dd45d00126eff,a546fb022c3f3e9c62d6f5a256ea254e,fb055fb3684932b5ceb8d73ffbfe1161,$NEURAL_BRIDGE_EXTERNAL_ROOT/outputs/again_dense_2hz_phase4_pca_bridge_20260625_full/features/arousal_abs_delta_p4rows_train_q90__grouped_video__fold2__temporal_mean_2s__scores_w256.npy,0e19f7bc3e42cb713b84cbbbd58ca4a6,0,0,
arousal_abs_delta_p4rows_train_q90,grouped_video,2,temporal_mean_2s,128,188182,47035,streaming_randomized_svd_mlx_matmul,train_only_zscore_before_pca,0.9940445740817085,ce41549673df28c2f58dd45d00126eff,a546fb022c3f3e9c62d6f5a256ea254e,fb055fb3684932b5ceb8d73ffbfe1161,$NEURAL_BRIDGE_EXTERNAL_ROOT/outputs/again_dense_2hz_phase4_pca_bridge_20260625_full/features/arousal_abs_delta_p4rows_train_q90__grouped_video__fold2__temporal_mean_2s__scores_w256.npy,0e19f7bc3e42cb713b84cbbbd58ca4a6,0,0,
arousal_abs_delta_p4rows_train_q90,grouped_video,2,temporal_mean_2s,192,188182,47035,streaming_randomized_svd_mlx_matmul,train_only_zscore_before_pca,0.9972807629396551,ce41549673df28c2f58dd45d00126eff,a546fb022c3f3e9c62d6f5a256ea254e,fb055fb3684932b5ceb8d73ffbfe1161,$NEURAL_BRIDGE_EXTERNAL_ROOT/outputs/again_dense_2hz_phase4_pca_bridge_20260625_full/features/arousal_abs_delta_p4rows_train_q90__grouped_video__fold2__temporal_mean_2s__scores_w256.npy,0e19f7bc3e42cb713b84cbbbd58ca4a6,0,0,
arousal_abs_delta_p4rows_train_q90,grouped_video,2,temporal_mean_2s,256,188182,47035,streaming_randomized_svd_mlx_matmul,train_only_zscore_before_pca,0.9985262615670342,ce41549673df28c2f58dd45d00126eff,a546fb022c3f3e9c62d6f5a256ea254e,fb055fb3684932b5ceb8d73ffbfe1161,$NEURAL_BRIDGE_EXTERNAL_ROOT/outputs/again_dense_2hz_phase4_pca_bridge_20260625_full/features/arousal_abs_delta_p4rows_train_q90__grouped_video__fold2__temporal_mean_2s__scores_w256.npy,0e19f7bc3e42cb713b84cbbbd58ca4a6,0,0,
arousal_abs_delta_p4rows_train_q90,grouped_video,3,current,64,188189,47028,streaming_randomized_svd_mlx_matmul,train_only_zscore_before_pca,0.9416946322013664,689eb7fbd14aad3a45a79c95f381cc3f,e099433d64d46766d0086a575697cbc1,bf3d4b361b786a81aa6a060d9e2678a7,$NEURAL_BRIDGE_EXTERNAL_ROOT/outputs/again_dense_2hz_phase4_pca_bridge_20260625_full/features/arousal_abs_delta_p4rows_train_q90__grouped_video__fold3__current__scores_w256.npy,7834dba9f319682b6b14ee1b745de6eb,0,0,
arousal_abs_delta_p4rows_train_q90,grouped_video,3,current,128,188189,47028,streaming_randomized_svd_mlx_matmul,train_only_zscore_before_pca,0.9697649702525869,689eb7fbd14aad3a45a79c95f381cc3f,e099433d64d46766d0086a575697cbc1,bf3d4b361b786a81aa6a060d9e2678a7,$NEURAL_BRIDGE_EXTERNAL_ROOT/outputs/again_dense_2hz_phase4_pca_bridge_20260625_full/features/arousal_abs_delta_p4rows_train_q90__grouped_video__fold3__current__scores_w256.npy,7834dba9f319682b6b14ee1b745de6eb,0,0,
arousal_abs_delta_p4rows_train_q90,grouped_video,3,current,192,188189,47028,streaming_randomized_svd_mlx_matmul,train_only_zscore_before_pca,0.9856650761719199,689eb7fbd14aad3a45a79c95f381cc3f,e099433d64d46766d0086a575697cbc1,bf3d4b361b786a81aa6a060d9e2678a7,$NEURAL_BRIDGE_EXTERNAL_ROOT/outputs/again_dense_2hz_phase4_pca_bridge_20260625_full/features/arousal_abs_delta_p4rows_train_q90__grouped_video__fold3__current__scores_w256.npy,7834dba9f319682b6b14ee1b745de6eb,0,0,
arousal_abs_delta_p4rows_train_q90,grouped_video,3,current,256,188189,47028,streaming_randomized_svd_mlx_matmul,train_only_zscore_before_pca,0.994425417966572,689eb7fbd14aad3a45a79c95f381cc3f,e099433d64d46766d0086a575697cbc1,bf3d4b361b786a81aa6a060d9e2678a7,$NEURAL_BRIDGE_EXTERNAL_ROOT/outputs/again_dense_2hz_phase4_pca_bridge_20260625_full/features/arousal_abs_delta_p4rows_train_q90__grouped_video__fold3__current__scores_w256.npy,7834dba9f319682b6b14ee1b745de6eb,0,0,
arousal_abs_delta_p4rows_train_q90,grouped_video,3,delta,64,188189,47028,streaming_randomized_svd_mlx_matmul,train_only_zscore_before_pca,0.7867842664347199,77cd1579910a56440014a772ca46e20b,e099433d64d46766d0086a575697cbc1,bf3d4b361b786a81aa6a060d9e2678a7,$NEURAL_BRIDGE_EXTERNAL_ROOT/outputs/again_dense_2hz_phase4_pca_bridge_20260625_full/features/arousal_abs_delta_p4rows_train_q90__grouped_video__fold3__delta__scores_w256.npy,746ce96540bc80f657877040b61b6f7f,0,0,invalid first row for delta family
arousal_abs_delta_p4rows_train_q90,grouped_video,3,delta,128,188189,47028,streaming_randomized_svd_mlx_matmul,train_only_zscore_before_pca,0.9403794451720153,77cd1579910a56440014a772ca46e20b,e099433d64d46766d0086a575697cbc1,bf3d4b361b786a81aa6a060d9e2678a7,$NEURAL_BRIDGE_EXTERNAL_ROOT/outputs/again_dense_2hz_phase4_pca_bridge_20260625_full/features/arousal_abs_delta_p4rows_train_q90__grouped_video__fold3__delta__scores_w256.npy,746ce96540bc80f657877040b61b6f7f,0,0,invalid first row for delta family
arousal_abs_delta_p4rows_train_q90,grouped_video,3,delta,192,188189,47028,streaming_randomized_svd_mlx_matmul,train_only_zscore_before_pca,0.9898943210094883,77cd1579910a56440014a772ca46e20b,e099433d64d46766d0086a575697cbc1,bf3d4b361b786a81aa6a060d9e2678a7,$NEURAL_BRIDGE_EXTERNAL_ROOT/outputs/again_dense_2hz_phase4_pca_bridge_20260625_full/features/arousal_abs_delta_p4rows_train_q90__grouped_video__fold3__delta__scores_w256.npy,746ce96540bc80f657877040b61b6f7f,0,0,invalid first row for delta family
arousal_abs_delta_p4rows_train_q90,grouped_video,3,delta,256,188189,47028,streaming_randomized_svd_mlx_matmul,train_only_zscore_before_pca,0.9983932845036994,77cd1579910a56440014a772ca46e20b,e099433d64d46766d0086a575697cbc1,bf3d4b361b786a81aa6a060d9e2678a7,$NEURAL_BRIDGE_EXTERNAL_ROOT/outputs/again_dense_2hz_phase4_pca_bridge_20260625_full/features/arousal_abs_delta_p4rows_train_q90__grouped_video__fold3__delta__scores_w256.npy,746ce96540bc80f657877040b61b6f7f,0,0,invalid first row for delta family
arousal_abs_delta_p4rows_train_q90,grouped_video,3,temporal_mean_2s,64,188189,47028,streaming_randomized_svd_mlx_matmul,train_only_zscore_before_pca,0.9831194719580414,bb4a4425a9843c524b13576acc756688,e099433d64d46766d0086a575697cbc1,bf3d4b361b786a81aa6a060d9e2678a7,$NEURAL_BRIDGE_EXTERNAL_ROOT/outputs/again_dense_2hz_phase4_pca_bridge_20260625_full/features/arousal_abs_delta_p4rows_train_q90__grouped_video__fold3__temporal_mean_2s__scores_w256.npy,17a1003be7f0533ff4613511e6f2c7b3,0,0,
arousal_abs_delta_p4rows_train_q90,grouped_video,3,temporal_mean_2s,128,188189,47028,streaming_randomized_svd_mlx_matmul,train_only_zscore_before_pca,0.9940537362103363,bb4a4425a9843c524b13576acc756688,e099433d64d46766d0086a575697cbc1,bf3d4b361b786a81aa6a060d9e2678a7,$NEURAL_BRIDGE_EXTERNAL_ROOT/outputs/again_dense_2hz_phase4_pca_bridge_20260625_full/features/arousal_abs_delta_p4rows_train_q90__grouped_video__fold3__temporal_mean_2s__scores_w256.npy,17a1003be7f0533ff4613511e6f2c7b3,0,0,
arousal_abs_delta_p4rows_train_q90,grouped_video,3,temporal_mean_2s,192,188189,47028,streaming_randomized_svd_mlx_matmul,train_only_zscore_before_pca,0.9972818725915886,bb4a4425a9843c524b13576acc756688,e099433d64d46766d0086a575697cbc1,bf3d4b361b786a81aa6a060d9e2678a7,$NEURAL_BRIDGE_EXTERNAL_ROOT/outputs/again_dense_2hz_phase4_pca_bridge_20260625_full/features/arousal_abs_delta_p4rows_train_q90__grouped_video__fold3__temporal_mean_2s__scores_w256.npy,17a1003be7f0533ff4613511e6f2c7b3,0,0,
arousal_abs_delta_p4rows_train_q90,grouped_video,3,temporal_mean_2s,256,188189,47028,streaming_randomized_svd_mlx_matmul,train_only_zscore_before_pca,0.9985210432845507,bb4a4425a9843c524b13576acc756688,e099433d64d46766d0086a575697cbc1,bf3d4b361b786a81aa6a060d9e2678a7,$NEURAL_BRIDGE_EXTERNAL_ROOT/outputs/again_dense_2hz_phase4_pca_bridge_20260625_full/features/arousal_abs_delta_p4rows_train_q90__grouped_video__fold3__temporal_mean_2s__scores_w256.npy,17a1003be7f0533ff4613511e6f2c7b3,0,0,
arousal_abs_delta_p4rows_train_q90,grouped_video,4,current,64,188170,47047,streaming_randomized_svd_mlx_matmul,train_only_zscore_before_pca,0.9416959468819663,4045601eef0c19eeac79b84ec60438d0,e32fc8afd734ba34e70436b98734c2ad,ac96d6f67c692128b948e06d2310c00c,$NEURAL_BRIDGE_EXTERNAL_ROOT/outputs/again_dense_2hz_phase4_pca_bridge_20260625_full/features/arousal_abs_delta_p4rows_train_q90__grouped_video__fold4__current__scores_w256.npy,ae733282f40e9ffa4cef729f8fc704f5,0,0,
arousal_abs_delta_p4rows_train_q90,grouped_video,4,current,128,188170,47047,streaming_randomized_svd_mlx_matmul,train_only_zscore_before_pca,0.9697634755163517,4045601eef0c19eeac79b84ec60438d0,e32fc8afd734ba34e70436b98734c2ad,ac96d6f67c692128b948e06d2310c00c,$NEURAL_BRIDGE_EXTERNAL_ROOT/outputs/again_dense_2hz_phase4_pca_bridge_20260625_full/features/arousal_abs_delta_p4rows_train_q90__grouped_video__fold4__current__scores_w256.npy,ae733282f40e9ffa4cef729f8fc704f5,0,0,
arousal_abs_delta_p4rows_train_q90,grouped_video,4,current,192,188170,47047,streaming_randomized_svd_mlx_matmul,train_only_zscore_before_pca,0.9856587489464695,4045601eef0c19eeac79b84ec60438d0,e32fc8afd734ba34e70436b98734c2ad,ac96d6f67c692128b948e06d2310c00c,$NEURAL_BRIDGE_EXTERNAL_ROOT/outputs/again_dense_2hz_phase4_pca_bridge_20260625_full/features/arousal_abs_delta_p4rows_train_q90__grouped_video__fold4__current__scores_w256.npy,ae733282f40e9ffa4cef729f8fc704f5,0,0,
arousal_abs_delta_p4rows_train_q90,grouped_video,4,current,256,188170,47047,streaming_randomized_svd_mlx_matmul,train_only_zscore_before_pca,0.99439602628811,4045601eef0c19eeac79b84ec60438d0,e32fc8afd734ba34e70436b98734c2ad,ac96d6f67c692128b948e06d2310c00c,$NEURAL_BRIDGE_EXTERNAL_ROOT/outputs/again_dense_2hz_phase4_pca_bridge_20260625_full/features/arousal_abs_delta_p4rows_train_q90__grouped_video__fold4__current__scores_w256.npy,ae733282f40e9ffa4cef729f8fc704f5,0,0,
arousal_abs_delta_p4rows_train_q90,grouped_video,4,delta,64,188170,47047,streaming_randomized_svd_mlx_matmul,train_only_zscore_before_pca,0.7867941708353878,bf9a71ed00afd93f8943d302441bf59c,e32fc8afd734ba34e70436b98734c2ad,ac96d6f67c692128b948e06d2310c00c,$NEURAL_BRIDGE_EXTERNAL_ROOT/outputs/again_dense_2hz_phase4_pca_bridge_20260625_full/features/arousal_abs_delta_p4rows_train_q90__grouped_video__fold4__delta__scores_w256.npy,a6a5819b3ee7209740a2d6fa3a885808,0,0,invalid first row for delta family
arousal_abs_delta_p4rows_train_q90,grouped_video,4,delta,128,188170,47047,streaming_randomized_svd_mlx_matmul,train_only_zscore_before_pca,0.9403712238680337,bf9a71ed00afd93f8943d302441bf59c,e32fc8afd734ba34e70436b98734c2ad,ac96d6f67c692128b948e06d2310c00c,$NEURAL_BRIDGE_EXTERNAL_ROOT/outputs/again_dense_2hz_phase4_pca_bridge_20260625_full/features/arousal_abs_delta_p4rows_train_q90__grouped_video__fold4__delta__scores_w256.npy,a6a5819b3ee7209740a2d6fa3a885808,0,0,invalid first row for delta family
arousal_abs_delta_p4rows_train_q90,grouped_video,4,delta,192,188170,47047,streaming_randomized_svd_mlx_matmul,train_only_zscore_before_pca,0.9898853590144014,bf9a71ed00afd93f8943d302441bf59c,e32fc8afd734ba34e70436b98734c2ad,ac96d6f67c692128b948e06d2310c00c,$NEURAL_BRIDGE_EXTERNAL_ROOT/outputs/again_dense_2hz_phase4_pca_bridge_20260625_full/features/arousal_abs_delta_p4rows_train_q90__grouped_video__fold4__delta__scores_w256.npy,a6a5819b3ee7209740a2d6fa3a885808,0,0,invalid first row for delta family
arousal_abs_delta_p4rows_train_q90,grouped_video,4,delta,256,188170,47047,streaming_randomized_svd_mlx_matmul,train_only_zscore_before_pca,0.998387978819309,bf9a71ed00afd93f8943d302441bf59c,e32fc8afd734ba34e70436b98734c2ad,ac96d6f67c692128b948e06d2310c00c,$NEURAL_BRIDGE_EXTERNAL_ROOT/outputs/again_dense_2hz_phase4_pca_bridge_20260625_full/features/arousal_abs_delta_p4rows_train_q90__grouped_video__fold4__delta__scores_w256.npy,a6a5819b3ee7209740a2d6fa3a885808,0,0,invalid first row for delta family
arousal_abs_delta_p4rows_train_q90,grouped_video,4,temporal_mean_2s,64,188170,47047,streaming_randomized_svd_mlx_matmul,train_only_zscore_before_pca,0.9831212105751311,8e3d9494b7a23ab0b8266d89fdc8f8a1,e32fc8afd734ba34e70436b98734c2ad,ac96d6f67c692128b948e06d2310c00c,$NEURAL_BRIDGE_EXTERNAL_ROOT/outputs/again_dense_2hz_phase4_pca_bridge_20260625_full/features/arousal_abs_delta_p4rows_train_q90__grouped_video__fold4__temporal_mean_2s__scores_w256.npy,ad070d34330be30ea1be994e7bc0fdff,0,0,
arousal_abs_delta_p4rows_train_q90,grouped_video,4,temporal_mean_2s,128,188170,47047,streaming_randomized_svd_mlx_matmul,train_only_zscore_before_pca,0.9940523839300283,8e3d9494b7a23ab0b8266d89fdc8f8a1,e32fc8afd734ba34e70436b98734c2ad,ac96d6f67c692128b948e06d2310c00c,$NEURAL_BRIDGE_EXTERNAL_ROOT/outputs/again_dense_2hz_phase4_pca_bridge_20260625_full/features/arousal_abs_delta_p4rows_train_q90__grouped_video__fold4__temporal_mean_2s__scores_w256.npy,ad070d34330be30ea1be994e7bc0fdff,0,0,
arousal_abs_delta_p4rows_train_q90,grouped_video,4,temporal_mean_2s,192,188170,47047,streaming_randomized_svd_mlx_matmul,train_only_zscore_before_pca,0.9972772349567078,8e3d9494b7a23ab0b8266d89fdc8f8a1,e32fc8afd734ba34e70436b98734c2ad,ac96d6f67c692128b948e06d2310c00c,$NEURAL_BRIDGE_EXTERNAL_ROOT/outputs/again_dense_2hz_phase4_pca_bridge_20260625_full/features/arousal_abs_delta_p4rows_train_q90__grouped_video__fold4__temporal_mean_2s__scores_w256.npy,ad070d34330be30ea1be994e7bc0fdff,0,0,
arousal_abs_delta_p4rows_train_q90,grouped_video,4,temporal_mean_2s,256,188170,47047,streaming_randomized_svd_mlx_matmul,train_only_zscore_before_pca,0.9985188493334471,8e3d9494b7a23ab0b8266d89fdc8f8a1,e32fc8afd734ba34e70436b98734c2ad,ac96d6f67c692128b948e06d2310c00c,$NEURAL_BRIDGE_EXTERNAL_ROOT/outputs/again_dense_2hz_phase4_pca_bridge_20260625_full/features/arousal_abs_delta_p4rows_train_q90__grouped_video__fold4__temporal_mean_2s__scores_w256.npy,ad070d34330be30ea1be994e7bc0fdff,0,0,
arousal_abs_delta_p4rows_train_q90,grouped_video,5,current,64,188173,47044,streaming_randomized_svd_mlx_matmul,train_only_zscore_before_pca,0.9413733504751478,9d3ab6f1025b416a7068ba49559fa860,88982d1f8863e3d73527fee283a63cf3,d4705e3536e29c03f0633b0864c7fb10,$NEURAL_BRIDGE_EXTERNAL_ROOT/outputs/again_dense_2hz_phase4_pca_bridge_20260625_full/features/arousal_abs_delta_p4rows_train_q90__grouped_video__fold5__current__scores_w256.npy,571aa1afd1345a00ad9ad04771d98e73,0,0,
arousal_abs_delta_p4rows_train_q90,grouped_video,5,current,128,188173,47044,streaming_randomized_svd_mlx_matmul,train_only_zscore_before_pca,0.9696180896804101,9d3ab6f1025b416a7068ba49559fa860,88982d1f8863e3d73527fee283a63cf3,d4705e3536e29c03f0633b0864c7fb10,$NEURAL_BRIDGE_EXTERNAL_ROOT/outputs/again_dense_2hz_phase4_pca_bridge_20260625_full/features/arousal_abs_delta_p4rows_train_q90__grouped_video__fold5__current__scores_w256.npy,571aa1afd1345a00ad9ad04771d98e73,0,0,
arousal_abs_delta_p4rows_train_q90,grouped_video,5,current,192,188173,47044,streaming_randomized_svd_mlx_matmul,train_only_zscore_before_pca,0.9856104452978831,9d3ab6f1025b416a7068ba49559fa860,88982d1f8863e3d73527fee283a63cf3,d4705e3536e29c03f0633b0864c7fb10,$NEURAL_BRIDGE_EXTERNAL_ROOT/outputs/again_dense_2hz_phase4_pca_bridge_20260625_full/features/arousal_abs_delta_p4rows_train_q90__grouped_video__fold5__current__scores_w256.npy,571aa1afd1345a00ad9ad04771d98e73,0,0,
arousal_abs_delta_p4rows_train_q90,grouped_video,5,current,256,188173,47044,streaming_randomized_svd_mlx_matmul,train_only_zscore_before_pca,0.9944229169212532,9d3ab6f1025b416a7068ba49559fa860,88982d1f8863e3d73527fee283a63cf3,d4705e3536e29c03f0633b0864c7fb10,$NEURAL_BRIDGE_EXTERNAL_ROOT/outputs/again_dense_2hz_phase4_pca_bridge_20260625_full/features/arousal_abs_delta_p4rows_train_q90__grouped_video__fold5__current__scores_w256.npy,571aa1afd1345a00ad9ad04771d98e73,0,0,
arousal_abs_delta_p4rows_train_q90,grouped_video,5,delta,64,188173,47044,streaming_randomized_svd_mlx_matmul,train_only_zscore_before_pca,0.7868795939088968,3d53c1df970c38fd3ac831be3bfe48c2,88982d1f8863e3d73527fee283a63cf3,d4705e3536e29c03f0633b0864c7fb10,$NEURAL_BRIDGE_EXTERNAL_ROOT/outputs/again_dense_2hz_phase4_pca_bridge_20260625_full/features/arousal_abs_delta_p4rows_train_q90__grouped_video__fold5__delta__scores_w256.npy,89dff0715b5c90fe13047f470e2bbb2f,0,0,invalid first row for delta family
arousal_abs_delta_p4rows_train_q90,grouped_video,5,delta,128,188173,47044,streaming_randomized_svd_mlx_matmul,train_only_zscore_before_pca,0.9404508368641995,3d53c1df970c38fd3ac831be3bfe48c2,88982d1f8863e3d73527fee283a63cf3,d4705e3536e29c03f0633b0864c7fb10,$NEURAL_BRIDGE_EXTERNAL_ROOT/outputs/again_dense_2hz_phase4_pca_bridge_20260625_full/features/arousal_abs_delta_p4rows_train_q90__grouped_video__fold5__delta__scores_w256.npy,89dff0715b5c90fe13047f470e2bbb2f,0,0,invalid first row for delta family
arousal_abs_delta_p4rows_train_q90,grouped_video,5,delta,192,188173,47044,streaming_randomized_svd_mlx_matmul,train_only_zscore_before_pca,0.9899442794988919,3d53c1df970c38fd3ac831be3bfe48c2,88982d1f8863e3d73527fee283a63cf3,d4705e3536e29c03f0633b0864c7fb10,$NEURAL_BRIDGE_EXTERNAL_ROOT/outputs/again_dense_2hz_phase4_pca_bridge_20260625_full/features/arousal_abs_delta_p4rows_train_q90__grouped_video__fold5__delta__scores_w256.npy,89dff0715b5c90fe13047f470e2bbb2f,0,0,invalid first row for delta family
arousal_abs_delta_p4rows_train_q90,grouped_video,5,delta,256,188173,47044,streaming_randomized_svd_mlx_matmul,train_only_zscore_before_pca,0.99841804832937,3d53c1df970c38fd3ac831be3bfe48c2,88982d1f8863e3d73527fee283a63cf3,d4705e3536e29c03f0633b0864c7fb10,$NEURAL_BRIDGE_EXTERNAL_ROOT/outputs/again_dense_2hz_phase4_pca_bridge_20260625_full/features/arousal_abs_delta_p4rows_train_q90__grouped_video__fold5__delta__scores_w256.npy,89dff0715b5c90fe13047f470e2bbb2f,0,0,invalid first row for delta family
arousal_abs_delta_p4rows_train_q90,grouped_video,5,temporal_mean_2s,64,188173,47044,streaming_randomized_svd_mlx_matmul,train_only_zscore_before_pca,0.9830587095245533,d9cb499848df8f8cb1cde3da11b9cf3c,88982d1f8863e3d73527fee283a63cf3,d4705e3536e29c03f0633b0864c7fb10,$NEURAL_BRIDGE_EXTERNAL_ROOT/outputs/again_dense_2hz_phase4_pca_bridge_20260625_full/features/arousal_abs_delta_p4rows_train_q90__grouped_video__fold5__temporal_mean_2s__scores_w256.npy,3ed73223769206033e285a5fdd7d6390,0,0,
arousal_abs_delta_p4rows_train_q90,grouped_video,5,temporal_mean_2s,128,188173,47044,streaming_randomized_svd_mlx_matmul,train_only_zscore_before_pca,0.9940468092838743,d9cb499848df8f8cb1cde3da11b9cf3c,88982d1f8863e3d73527fee283a63cf3,d4705e3536e29c03f0633b0864c7fb10,$NEURAL_BRIDGE_EXTERNAL_ROOT/outputs/again_dense_2hz_phase4_pca_bridge_20260625_full/features/arousal_abs_delta_p4rows_train_q90__grouped_video__fold5__temporal_mean_2s__scores_w256.npy,3ed73223769206033e285a5fdd7d6390,0,0,
arousal_abs_delta_p4rows_train_q90,grouped_video,5,temporal_mean_2s,192,188173,47044,streaming_randomized_svd_mlx_matmul,train_only_zscore_before_pca,0.9972829145755094,d9cb499848df8f8cb1cde3da11b9cf3c,88982d1f8863e3d73527fee283a63cf3,d4705e3536e29c03f0633b0864c7fb10,$NEURAL_BRIDGE_EXTERNAL_ROOT/outputs/again_dense_2hz_phase4_pca_bridge_20260625_full/features/arousal_abs_delta_p4rows_train_q90__grouped_video__fold5__temporal_mean_2s__scores_w256.npy,3ed73223769206033e285a5fdd7d6390,0,0,
arousal_abs_delta_p4rows_train_q90,grouped_video,5,temporal_mean_2s,256,188173,47044,streaming_randomized_svd_mlx_matmul,train_only_zscore_before_pca,0.9985328872689037,d9cb499848df8f8cb1cde3da11b9cf3c,88982d1f8863e3d73527fee283a63cf3,d4705e3536e29c03f0633b0864c7fb10,$NEURAL_BRIDGE_EXTERNAL_ROOT/outputs/again_dense_2hz_phase4_pca_bridge_20260625_full/features/arousal_abs_delta_p4rows_train_q90__grouped_video__fold5__temporal_mean_2s__scores_w256.npy,3ed73223769206033e285a5fdd7d6390,0,0,
arousal_abs_delta_p4rows_train_q90,blocked_temporal_70_30,1,current,64,164112,71105,streaming_randomized_svd_mlx_matmul,train_only_zscore_before_pca,0.9486664628137514,d4abbe9ba0584b864e5d500becefbcdd,34e203ec5cf5510f5076c4034e96941f,66fa2a8748f7b096e7da5a5a1a8d5ec0,$NEURAL_BRIDGE_EXTERNAL_ROOT/outputs/again_dense_2hz_phase4_pca_bridge_20260625_full/features/arousal_abs_delta_p4rows_train_q90__blocked_temporal_70_30__fold1__current__scores_w256.npy,abdba288c7d2bc909b694e19cd23bde6,0,0,
arousal_abs_delta_p4rows_train_q90,blocked_temporal_70_30,1,current,128,164112,71105,streaming_randomized_svd_mlx_matmul,train_only_zscore_before_pca,0.978774484933105,d4abbe9ba0584b864e5d500becefbcdd,34e203ec5cf5510f5076c4034e96941f,66fa2a8748f7b096e7da5a5a1a8d5ec0,$NEURAL_BRIDGE_EXTERNAL_ROOT/outputs/again_dense_2hz_phase4_pca_bridge_20260625_full/features/arousal_abs_delta_p4rows_train_q90__blocked_temporal_70_30__fold1__current__scores_w256.npy,abdba288c7d2bc909b694e19cd23bde6,0,0,
arousal_abs_delta_p4rows_train_q90,blocked_temporal_70_30,1,current,192,164112,71105,streaming_randomized_svd_mlx_matmul,train_only_zscore_before_pca,0.9939748022526345,d4abbe9ba0584b864e5d500becefbcdd,34e203ec5cf5510f5076c4034e96941f,66fa2a8748f7b096e7da5a5a1a8d5ec0,$NEURAL_BRIDGE_EXTERNAL_ROOT/outputs/again_dense_2hz_phase4_pca_bridge_20260625_full/features/arousal_abs_delta_p4rows_train_q90__blocked_temporal_70_30__fold1__current__scores_w256.npy,abdba288c7d2bc909b694e19cd23bde6,0,0,
arousal_abs_delta_p4rows_train_q90,blocked_temporal_70_30,1,current,256,164112,71105,streaming_randomized_svd_mlx_matmul,train_only_zscore_before_pca,0.9985109144679393,d4abbe9ba0584b864e5d500becefbcdd,34e203ec5cf5510f5076c4034e96941f,66fa2a8748f7b096e7da5a5a1a8d5ec0,$NEURAL_BRIDGE_EXTERNAL_ROOT/outputs/again_dense_2hz_phase4_pca_bridge_20260625_full/features/arousal_abs_delta_p4rows_train_q90__blocked_temporal_70_30__fold1__current__scores_w256.npy,abdba288c7d2bc909b694e19cd23bde6,0,0,
arousal_abs_delta_p4rows_train_q90,blocked_temporal_70_30,1,delta,64,164112,71105,streaming_randomized_svd_mlx_matmul,train_only_zscore_before_pca,0.8557162674715915,53f39bb5b528a898c40aa447f911c261,34e203ec5cf5510f5076c4034e96941f,66fa2a8748f7b096e7da5a5a1a8d5ec0,$NEURAL_BRIDGE_EXTERNAL_ROOT/outputs/again_dense_2hz_phase4_pca_bridge_20260625_full/features/arousal_abs_delta_p4rows_train_q90__blocked_temporal_70_30__fold1__delta__scores_w256.npy,cc3495888cb81f367a9a87f4186ff05e,0,0,invalid first row for delta family
arousal_abs_delta_p4rows_train_q90,blocked_temporal_70_30,1,delta,128,164112,71105,streaming_randomized_svd_mlx_matmul,train_only_zscore_before_pca,0.9833716662071199,53f39bb5b528a898c40aa447f911c261,34e203ec5cf5510f5076c4034e96941f,66fa2a8748f7b096e7da5a5a1a8d5ec0,$NEURAL_BRIDGE_EXTERNAL_ROOT/outputs/again_dense_2hz_phase4_pca_bridge_20260625_full/features/arousal_abs_delta_p4rows_train_q90__blocked_temporal_70_30__fold1__delta__scores_w256.npy,cc3495888cb81f367a9a87f4186ff05e,0,0,invalid first row for delta family
arousal_abs_delta_p4rows_train_q90,blocked_temporal_70_30,1,delta,192,164112,71105,streaming_randomized_svd_mlx_matmul,train_only_zscore_before_pca,0.9982232493776135,53f39bb5b528a898c40aa447f911c261,34e203ec5cf5510f5076c4034e96941f,66fa2a8748f7b096e7da5a5a1a8d5ec0,$NEURAL_BRIDGE_EXTERNAL_ROOT/outputs/again_dense_2hz_phase4_pca_bridge_20260625_full/features/arousal_abs_delta_p4rows_train_q90__blocked_temporal_70_30__fold1__delta__scores_w256.npy,cc3495888cb81f367a9a87f4186ff05e,0,0,invalid first row for delta family
arousal_abs_delta_p4rows_train_q90,blocked_temporal_70_30,1,delta,256,164112,71105,streaming_randomized_svd_mlx_matmul,train_only_zscore_before_pca,0.9993769271413164,53f39bb5b528a898c40aa447f911c261,34e203ec5cf5510f5076c4034e96941f,66fa2a8748f7b096e7da5a5a1a8d5ec0,$NEURAL_BRIDGE_EXTERNAL_ROOT/outputs/again_dense_2hz_phase4_pca_bridge_20260625_full/features/arousal_abs_delta_p4rows_train_q90__blocked_temporal_70_30__fold1__delta__scores_w256.npy,cc3495888cb81f367a9a87f4186ff05e,0,0,invalid first row for delta family
arousal_abs_delta_p4rows_train_q90,blocked_temporal_70_30,1,temporal_mean_2s,64,164112,71105,streaming_randomized_svd_mlx_matmul,train_only_zscore_before_pca,0.9861473117181392,3e7186f9988aef9d07608058d66073c5,34e203ec5cf5510f5076c4034e96941f,66fa2a8748f7b096e7da5a5a1a8d5ec0,$NEURAL_BRIDGE_EXTERNAL_ROOT/outputs/again_dense_2hz_phase4_pca_bridge_20260625_full/features/arousal_abs_delta_p4rows_train_q90__blocked_temporal_70_30__fold1__temporal_mean_2s__scores_w256.npy,3cca080c7533f459af8e6634f7a49262,0,0,
arousal_abs_delta_p4rows_train_q90,blocked_temporal_70_30,1,temporal_mean_2s,128,164112,71105,streaming_randomized_svd_mlx_matmul,train_only_zscore_before_pca,0.9956898717363611,3e7186f9988aef9d07608058d66073c5,34e203ec5cf5510f5076c4034e96941f,66fa2a8748f7b096e7da5a5a1a8d5ec0,$NEURAL_BRIDGE_EXTERNAL_ROOT/outputs/again_dense_2hz_phase4_pca_bridge_20260625_full/features/arousal_abs_delta_p4rows_train_q90__blocked_temporal_70_30__fold1__temporal_mean_2s__scores_w256.npy,3cca080c7533f459af8e6634f7a49262,0,0,
arousal_abs_delta_p4rows_train_q90,blocked_temporal_70_30,1,temporal_mean_2s,192,164112,71105,streaming_randomized_svd_mlx_matmul,train_only_zscore_before_pca,0.9981058828542215,3e7186f9988aef9d07608058d66073c5,34e203ec5cf5510f5076c4034e96941f,66fa2a8748f7b096e7da5a5a1a8d5ec0,$NEURAL_BRIDGE_EXTERNAL_ROOT/outputs/again_dense_2hz_phase4_pca_bridge_20260625_full/features/arousal_abs_delta_p4rows_train_q90__blocked_temporal_70_30__fold1__temporal_mean_2s__scores_w256.npy,3cca080c7533f459af8e6634f7a49262,0,0,
arousal_abs_delta_p4rows_train_q90,blocked_temporal_70_30,1,temporal_mean_2s,256,164112,71105,streaming_randomized_svd_mlx_matmul,train_only_zscore_before_pca,0.999048454177843,3e7186f9988aef9d07608058d66073c5,34e203ec5cf5510f5076c4034e96941f,66fa2a8748f7b096e7da5a5a1a8d5ec0,$NEURAL_BRIDGE_EXTERNAL_ROOT/outputs/again_dense_2hz_phase4_pca_bridge_20260625_full/features/arousal_abs_delta_p4rows_train_q90__blocked_temporal_70_30__fold1__temporal_mean_2s__scores_w256.npy,3cca080c7533f459af8e6634f7a49262,0,0,
