target_name,validation_protocol,feature_name,model_head,loss_name,control_type,folds,seeds,rows_test_total,mean_pr_auc,std_pr_auc,min_pr_auc,max_pr_auc,mean_roc_auc,std_roc_auc,min_roc_auc,max_roc_auc,mean_f1,std_f1,min_f1,max_f1,mean_balanced_accuracy,std_balanced_accuracy,min_balanced_accuracy,max_balanced_accuracy,mean_precision,std_precision,min_precision,max_precision,mean_recall,std_recall,min_recall,max_recall,mean_top_1pct_recall,std_top_1pct_recall,min_top_1pct_recall,max_top_1pct_recall,mean_top_5pct_recall,std_top_5pct_recall,min_top_5pct_recall,max_top_5pct_recall,mean_top_10pct_recall,std_top_10pct_recall,min_top_10pct_recall,max_top_10pct_recall,mean_top_1pct_precision,std_top_1pct_precision,min_top_1pct_precision,max_top_1pct_precision,mean_top_5pct_precision,std_top_5pct_precision,min_top_5pct_precision,max_top_5pct_precision,mean_top_10pct_precision,std_top_10pct_precision,min_top_10pct_precision,max_top_10pct_precision,mean_top_1pct_lift,std_top_1pct_lift,min_top_1pct_lift,max_top_1pct_lift,mean_top_5pct_lift,std_top_5pct_lift,min_top_5pct_lift,max_top_5pct_lift,mean_top_10pct_lift,std_top_10pct_lift,min_top_10pct_lift,max_top_10pct_lift,mean_top_1pct_avg_true_movement_lift,std_top_1pct_avg_true_movement_lift,min_top_1pct_avg_true_movement_lift,max_top_1pct_avg_true_movement_lift,mean_top_5pct_avg_true_movement_lift,std_top_5pct_avg_true_movement_lift,min_top_5pct_avg_true_movement_lift,max_top_5pct_avg_true_movement_lift,mean_top_10pct_avg_true_movement_lift,std_top_10pct_avg_true_movement_lift,min_top_10pct_avg_true_movement_lift,max_top_10pct_avg_true_movement_lift,mean_continuous_mae,std_continuous_mae,min_continuous_mae,max_continuous_mae,mean_continuous_mse,std_continuous_mse,min_continuous_mse,max_continuous_mse,mean_continuous_rmse,std_continuous_rmse,min_continuous_rmse,max_continuous_rmse,mean_continuous_pearson,std_continuous_pearson,min_continuous_pearson,max_continuous_pearson,mean_continuous_spearman,std_continuous_spearman,min_continuous_spearman,max_continuous_spearman,mean_spearman_future_movement,std_spearman_future_movement,min_spearman_future_movement,max_spearman_future_movement
arousal_spike_rows_2_6_train_q90,blocked_temporal_70_30,temporal_mean_2s_then_pca256,gated_ar_pca_mlp,binary,ar_only_head,1,3,210993,0.2623424997964077,0.0012405505731673328,0.26076248244292716,0.26379289279981233,0.7369350372362931,0.0026457400947745508,0.7343348577679135,0.7405651937126191,0.32419341582021693,0.00148951486311848,0.32209579253770837,0.3254094525035096,0.6369037986763887,0.004847740312327669,0.6302489387037322,0.6416579410590677,0.26436893704296094,0.0076829854211081594,0.2566809390225897,0.2748622527323638,0.4208844580777096,0.023418072226608196,0.3889314928425358,0.44440184049079756,0.039280845262440356,0.000964017424930535,0.03859918200408998,0.040644171779141106,0.1660702113156101,0.0005747587578064097,0.16538854805725972,0.16679447852760737,0.29009032038173144,0.0014807555552984616,0.2884713701431493,0.29205010224948874,0.4365530303030303,0.0107137391088871,0.4289772727272727,0.45170454545454547,0.3694436546298929,0.0012786217006191035,0.36792721069092976,0.37105487631504125,0.3226708368874988,0.0016470616242045975,0.3208700597099801,0.3248507250497583,3.9242345570350743,0.09630725783066692,3.8561350419455285,4.060433587214166,3.320979252783103,0.01149370434895738,3.307347731991792,3.335462743623871,2.900532033376109,0.01480566092688303,2.884344602436428,2.9201273445136184,0.1415591537952423,0.003825476712535466,0.13745935261249542,0.1466660350561142,0.09323751429716746,0.0008342070500364372,0.09237045049667358,0.09436386823654175,0.07114168008168538,0.0007577029284328437,0.07036930322647095,0.07217109948396683,3.086581230163574,0.13214375570576278,2.9707424640655518,3.271500587463379,12.768023173014322,2.0069373888321556,11.034847259521484,15.581088066101074,3.562651363869852,0.27484255953292136,3.321874058347409,3.9472886980940567,0.2504491921851957,0.01029789752002424,0.23622307047949934,0.26026098161098676,0.21188667546629272,0.0033704495711584966,0.20759943871802555,0.21583434380254332,0.21188667546629272,0.0033704495711584966,0.20759943871802555,0.21583434380254332
arousal_spike_rows_2_6_train_q90,blocked_temporal_70_30,temporal_mean_2s_then_pca256,gated_ar_pca_mlp,binary,ar_plus_random_pca,1,3,210993,0.22743534312891034,0.002259363263159078,0.2257250302876908,0.2306278497631678,0.7003794423013715,0.0016209559468337335,0.6989196923645984,0.7026400343774993,0.2719236823441635,0.004128520158650206,0.26608531699269383,0.2748890772221945,0.5947600756922451,0.004567310108096529,0.5891857637506972,0.6003731416437188,0.24186464368050875,0.011993014376247776,0.2253371475275848,0.25342687533729086,0.31369291070211314,0.027754178754452494,0.28859918200408996,0.3523773006134969,0.0383009543285617,0.00105568436378356,0.03680981595092025,0.039110429447852764,0.1470688479890934,0.00209063465343989,0.1444274028629857,0.1495398773006135,0.24454669393319697,0.004004318383609128,0.24092535787321062,0.2501278118609407,0.42566287878787873,0.011732492133867277,0.4090909090909091,0.4346590909090909,0.3271727798312956,0.004650874474982575,0.3212965595678135,0.332669889110037,0.27201213155151166,0.004454049905225722,0.2679840773386409,0.278220073926642,3.8263415040938527,0.10546496731429202,3.6773738148354713,3.907209678262688,2.9410006107253133,0.04180734313650313,2.888178467658984,2.9904148735938154,2.4451540419413815,0.04003806031242726,2.408945314839462,2.5009580801808102,0.1417625993490219,0.005318192501936793,0.13429081439971924,0.14624285697937012,0.07927716771761577,0.0009920640587530237,0.07798372209072113,0.08039456605911255,0.054933950304985046,0.0015630063627859406,0.05358535796403885,0.057124972343444824,2.796239137649536,0.025748262275495003,2.7615556716918945,2.823185682296753,8.725125312805176,0.16287521506568664,8.50629711151123,8.896814346313477,2.953703130456922,0.027624806499889652,2.916555693195525,2.982752813478428,0.258088005907073,0.0018969179597577142,0.25655112953144943,0.26076063811693573,0.18472158226819382,0.002080897622191689,0.1832081939081571,0.18766401296592047,0.18472158226819382,0.002080897622191689,0.1832081939081571,0.18766401296592047
arousal_spike_rows_2_6_train_q90,blocked_temporal_70_30,temporal_mean_2s_then_pca256,gated_ar_pca_mlp,binary,ar_plus_shuffled_pca,1,3,210993,0.21966597279674968,0.0020534530690012893,0.21765635430430325,0.2224862928239927,0.6782263719796715,0.0030368896966128838,0.6739383164545694,0.6805789264894766,0.19389759205395798,0.00512932552329986,0.187213775416743,0.1996807944671041,0.5511859093049473,0.0018890918395235324,0.5487377172447893,0.5533361633640181,0.32761130811754136,0.001924750954200184,0.3259988419224088,0.33031674208144796,0.13778118609406953,0.0054745665999349,0.1306237218813906,0.1439161554192229,0.04043115201090661,0.00086895356400695,0.039238241308793456,0.04128323108384458,0.14540729379686435,0.0008435152468142178,0.14481083844580778,0.1466002044989775,0.23824130879345604,0.0032552320202612547,0.2340235173824131,0.2419478527607362,0.44933712121212116,0.009657233927259054,0.43607954545454547,0.4588068181818182,0.32347644773007295,0.0018765036369276379,0.3221495592834802,0.32613022462325847,0.2649985783338072,0.0036208324319767084,0.26030707989764,0.26912141029286324,4.039152488748683,0.08681018907694978,3.9199783373419783,4.124276882610615,2.907773778796493,0.016868146381487523,2.895846198104096,2.9316289401812874,2.3821082582815687,0.03254815513463114,2.3399357408334507,2.419168955432945,0.14400279025236765,0.003127455885082247,0.1395874321460724,0.14643391966819763,0.07675344745318095,0.000819784077256264,0.07602597773075104,0.07789894938468933,0.05219189574321111,0.0005732555019088406,0.05148540437221527,0.05288950353860855,3.5550957520802817,0.04839490484366068,3.5133585929870605,3.622938871383667,13.644083023071289,0.3883814853207339,13.29746150970459,14.186379432678223,3.693418875594073,0.052345319530034566,3.6465684567418433,3.766481041061832,0.23950167969000388,0.0027094526388486287,0.23583090915815436,0.24228879137676848,0.17920263517551085,0.001559423951318743,0.17708959905846192,0.18080597438025675,0.17920263517551085,0.001559423951318743,0.17708959905846192,0.18080597438025675
arousal_spike_rows_2_6_train_q90,blocked_temporal_70_30,temporal_mean_2s_then_pca256,gated_ar_pca_mlp,binary,real_ar_pca_diag,1,3,210993,0.2155353168325332,0.0023150679034557647,0.21359734953836199,0.21878958408815818,0.6792094728471528,0.0030405022578782028,0.6761754421746073,0.6833652330325506,0.19709671147868404,0.0033868689708580722,0.1929704828527555,0.20126624458513828,0.5517430105087944,0.0013407263013677187,0.5501440863163203,0.5534250266219672,0.2882283363597556,0.0019577232665893957,0.28554099951479867,0.2901487942534633,0.14979550102249492,0.004043112956413875,0.14455521472392638,0.15439672801635992,0.03387014314928425,0.0006517151730052144,0.033231083844580775,0.034764826175869123,0.1327965235173824,0.0014346845808182206,0.130879345603272,0.13433026584867075,0.2341939331970007,0.0010135802022299177,0.2331288343558282,0.23555725971370142,0.37642045454545453,0.007242925445444289,0.3693181818181818,0.38636363636363635,0.295422234859255,0.003191632687040618,0.2911572362809212,0.2988342337219221,0.2604966353900104,0.0011274170460970733,0.2593119135626955,0.26201307932897355,3.383694656011805,0.06510764180771242,3.319851360615356,3.473075269566834,2.6555906441572428,0.02869002025974606,2.617251991931681,2.686261565937692,2.341639680932365,0.010134505146862583,2.3309900553141536,2.3552712017236757,0.11762542525927226,0.0025118977557705194,0.11535012722015381,0.12112563848495483,0.06582207977771759,0.0012499621748753487,0.06406688690185547,0.06688155978918076,0.04949213067690531,0.00042441172708119514,0.049133285880088806,0.050088219344615936,3.6223045190175376,0.0352173367283119,3.5765504837036133,3.6622202396392822,14.622666041056315,0.276567401632429,14.267759323120117,14.942475318908691,3.823788147810106,0.03619726126758205,3.777268765009993,3.8655498081008726,0.22813549711745718,0.004597141698640423,0.2234059433630488,0.23436344091562,0.17186683751222107,0.004631465938823902,0.1662313998164403,0.17757542069391524,0.17186683751222107,0.004631465938823902,0.1662313998164403,0.17757542069391524
arousal_spike_rows_2_6_train_q90,blocked_temporal_70_30,temporal_mean_2s_then_pca256,gated_ar_pca_mlp,binary,video_mean_pca_oracle_diagnostic,1,3,210993,0.19488328732202012,0.00019575943841661613,0.19464964754594805,0.19512872283069194,0.6409580681837527,0.0016125444559421018,0.6392443412390981,0.6431179298920565,0.26033043448958226,0.0036758491527455537,0.25514694326575516,0.26326330257215785,0.5955095012998625,0.0031887295761476534,0.5924674401702184,0.5999134804468361,0.19282829764437281,0.0084367709952342,0.18419559791241208,0.2042773909336365,0.40362985685071573,0.026156815222942033,0.36745910020449896,0.4284253578732106,0.03156952965235174,0.0013034303460104251,0.029780163599182004,0.03284764826175869,0.12700238582140422,0.002192344977891718,0.12436094069529652,0.12972903885480572,0.22392638036809817,0.005062167278852799,0.21779141104294478,0.23018916155419222,0.3508522727272727,0.014485850890888576,0.3309659090909091,0.3650568181818182,0.2825324613780684,0.004877141628383509,0.2766562411145863,0.28859823713392097,0.24907591697469433,0.005630707533372806,0.24225191924936024,0.2560420813193062,3.1538587925845882,0.13021528361542506,2.9750975654745306,3.2815453833774866,2.5397227174311006,0.04384128934890592,2.486900574364771,2.5942488005963438,2.2389772899728047,0.050615195747653746,2.177635446411906,2.301597088607889,0.06533409903446834,0.003066713180046246,0.06241612881422043,0.06957178562879562,0.04312014331420263,0.0025640283028591352,0.03976990282535553,0.04599662870168686,0.03434418390194575,0.0021138110472331134,0.03176882117986679,0.0369463711977005,3.0217783451080322,0.04435005688037152,2.9677734375,3.0764031410217285,11.911597887674967,0.5139459323053795,11.400958061218262,12.614852905273438,3.450523289428546,0.07407372534289164,3.376530476867973,3.5517394196750187,0.09030954659128672,0.0026552599930958713,0.08816345582144483,0.09405117385655212,-0.04277934569138427,0.002191138770463839,-0.044683814159532514,-0.03971018359894641,-0.04277934569138427,0.002191138770463839,-0.044683814159532514,-0.03971018359894641
arousal_spike_rows_2_6_train_q90,blocked_temporal_70_30,temporal_mean_2s_then_pca256,gated_ar_pca_mlp,binary,pca_only_real,1,3,210993,0.13143669849796327,0.0015750196003995218,0.1301850911534202,0.13365816485507093,0.5497167003048896,0.0023071598449307005,0.5477999347508662,0.5529617809594691,0.16683008674365288,0.00831534905380557,0.15697201904098457,0.1773117254528122,0.5249165270040539,0.0020867131951261613,0.5220080299881669,0.5268032587712139,0.14253379073735495,0.0037136580824376226,0.13748680042238648,0.14631538012832976,0.20492501704158148,0.032594502714860814,0.17280163599182005,0.24961656441717792,0.016785957736877983,0.0008435152468142186,0.015593047034764827,0.017382413087934562,0.07114860259032038,0.0019727056753221246,0.06927402862985685,0.07387525562372188,0.13479890933878666,0.0014990296596590885,0.1334355828220859,0.13688650306748465,0.18655303030303028,0.00937452172027619,0.17329545454545456,0.19318181818181818,0.15827883612927685,0.0043885269274154875,0.15410861529712824,0.16434461188512936,0.1499383944649796,0.0016673881229986836,0.1484219505260165,0.1522604492465169,1.6769505590800646,0.08426885060183338,1.5577764076733596,1.736537634783417,1.4227899825930688,0.03944906535430201,1.385303300416964,1.477316065758312,1.347816618240859,0.014988378588780696,1.3341850974495484,1.3686898844525537,0.023555909593900044,0.003653615246883792,0.01844394952058792,0.02676323801279068,0.015083938837051392,0.0017962062332803816,0.013414256274700165,0.017576687037944794,0.011914687852064768,0.0008106101737944338,0.011085569858551025,0.01301485300064087,2.6785619258880615,0.10592793290960582,2.538282632827759,2.794224977493286,7.634485244750977,0.6257210487016397,6.811942100524902,8.328347206115723,2.7607010943824206,0.11408204164848107,2.6099697508831214,2.885887594158117,0.06172356927932441,0.0030979509786885078,0.05832682993737417,0.06581830532080117,0.043318833056729004,0.0017992168521253694,0.040947284060301396,0.04530309890719109,0.043318833056729004,0.0017992168521253694,0.040947284060301396,0.04530309890719109
arousal_spike_rows_2_6_train_q90,blocked_temporal_70_30,temporal_mean_2s_then_pca256,gated_ar_pca_mlp,binary,diag_only,1,3,210993,0.1204628259228433,0.009093302663150928,0.10765350768668974,0.12785402177577065,0.5151464205061521,0.023467831839859583,0.4823621819795856,0.5360111201287787,0.18773320541173255,0.002117238952268936,0.1854956753160346,0.19057509131275513,0.5163065574419811,0.016864469560940083,0.49261678295302913,0.5305413063675519,0.1231734482134097,0.010199656244558233,0.10895245751546415,0.13237488807083872,0.4366905248807089,0.1321854930487228,0.3401073619631902,0.6235940695296524,0.012184730743012953,0.0032840988992163876,0.007540899795501023,0.014570552147239263,0.0652692569870484,0.007756494100554708,0.0543200408997955,0.07131901840490798,0.12517041581458757,0.01614762909030988,0.10237730061349694,0.13778118609406953,0.13541666666666666,0.036498280948109404,0.08380681818181818,0.16193181818181818,0.14519950715571983,0.017255277180193353,0.12084162638612454,0.15865794711401762,0.1392285091460525,0.017961195621635565,0.11387546204151265,0.15325561558146147,1.2172788322256305,0.32808801091020995,0.7533508856780999,1.4556271350390406,1.305218115768013,0.15511003314930707,1.0862618130575825,1.4261978627908964,1.2515440026522264,0.16145563001856478,1.0236420144224982,1.3776355699718517,0.00832707310716311,0.011924011869759627,-0.008211042732000351,0.019449397921562195,0.010493334382772446,0.004908575600049424,0.0035580359399318695,0.014220595359802246,0.008297437181075415,0.005756619123424055,0.00018228963017463684,0.012917399406433105,2.315986235936483,0.04320775101757251,2.2620432376861572,2.367816925048828,5.468336900075276,0.24698245103177274,5.156113624572754,5.7600507736206055,2.3378490036659145,0.052904972673326264,2.2707077364937907,2.4000105778143155,0.01213490594901676,0.030672779015564568,-0.03054585044027156,0.04018302849889354,0.018899204504016952,0.018400293949687632,-0.005985903773724573,0.03792998796920727,0.018899204504016952,0.018400293949687632,-0.005985903773724573,0.03792998796920727
arousal_spike_rows_2_6_train_q90,blocked_temporal_70_30,temporal_mean_2s_then_pca256,gated_ar_pca_mlp,binary,quality_only,1,3,210993,0.11768013326991249,0.0044923792822512115,0.11435963740599252,0.12403111012568246,0.5229514975985947,0.0001903747026297832,0.5228055102000355,0.5232203982928962,0.1996964951897452,0.006871181063300057,0.19000584453535943,0.20516484638154536,0.5192910551482446,0.0029799456039928188,0.5153879012994307,0.5226189155567132,0.11786844070033413,0.003772514330060433,0.11464978285423394,0.1231626003939991,0.7452709611451942,0.23334437052075604,0.4155163599182004,0.921140081799591,0.010906612133605999,0.004503542204150213,0.0072852760736196315,0.017254601226993866,0.04997443762781186,0.009706972160555997,0.04128323108384458,0.06352249488752557,0.10382583503749147,0.012802612125065458,0.09228016359918201,0.12167689161554192,0.12121212121212122,0.05005073040521488,0.08096590909090909,0.19176136363636365,0.11117429627523458,0.021594356037586044,0.09183963605345465,0.14131361956212682,0.11548668372666097,0.014240494351224365,0.10264429911856696,0.1353426215524595,1.0895922414327321,0.4499128221023987,0.7278135675195203,1.7237689757041272,0.9993608680129759,0.1941146030776411,0.8255589779237626,1.2702873437402789,1.038125505263266,0.1280097403139009,0.9226835635618523,1.2166132306244923,-0.001982978234688441,0.015424883470735798,-0.013452176004648209,0.019821271300315857,0.0002594652275244395,0.005997461934735856,-0.005296096205711365,0.00858757272362709,0.00272431472937266,0.0036680847013448852,-0.0004366450011730194,0.007866889238357544,2.63542111714681,0.21467973354356645,2.3318369388580322,2.790140151977539,7.046347618103027,1.0808927861504685,5.5177483558654785,7.81630802154541,2.646165157168348,0.2101370483547321,2.348988794325226,2.7957660884890587,0.022820705676400915,0.0044161626823799325,0.017002392048630056,0.027695608952203448,0.030060534613815897,0.009545270990211728,0.017076185988591654,0.03975010091034935,0.030060534613815897,0.009545270990211728,0.017076185988591654,0.03975010091034935
arousal_spike_rows_2_6_train_q90,blocked_temporal_70_30,temporal_mean_2s_then_pca256,gated_ar_pca_mlp,binary,pca_only_shuffled,1,3,210993,0.11242528919628346,0.000523645259913775,0.11186991831180376,0.11312721386684788,0.5022871940728459,0.0022329524928172617,0.49985019571468525,0.5052449156369334,0.16320927809433858,0.016915213800012797,0.15119018604273296,0.1871309082127725,0.5024006885189322,0.0021709784465549146,0.49947831507492835,0.504677056946718,0.11259083812813997,0.001324053676569867,0.11081338573299988,0.11398963730569948,0.3358469665985003,0.14779953205970642,0.2249488752556237,0.5447341513292433,0.011545671438309474,0.0010659505796861623,0.01060838445807771,0.01303680981595092,0.05112474437627812,0.0012695692250981041,0.050102249488752554,0.05291411042944785,0.10186605316973414,0.0010591174927280247,0.10071574642126789,0.1032719836400818,0.12831439393939395,0.0118465871242394,0.11789772727272728,0.14488636363636365,0.11373329542223487,0.0028243132263769026,0.11145862951379017,0.11771396076201308,0.11330679556440149,0.0011780687038817207,0.11202729599090133,0.1148706283764572,1.1534355368291813,0.10649058269873227,1.059798703581056,1.3024032260875629,1.0223640593483128,0.025388135675397917,1.0019167781613467,1.0581468014255038,1.0185301941257567,0.010589819786899953,1.0070285984580882,1.032587699941796,0.00197699045141538,0.0027580876977327013,-0.00067158043384552,0.005781069397926331,0.00028626124064127606,0.0008010611382264588,-0.0007263496518135071,0.0012324675917625427,0.0002634252111117045,0.0003223518157652373,-0.00019243359565734863,0.0004946105182170868,2.9641071955362954,0.3513880268915995,2.4720540046691895,3.2703256607055664,8.983294010162354,2.007080465474985,6.179272174835205,10.766951560974121,2.9766578515441844,0.35043122720829567,2.4858141875118513,3.28130333266739,0.003051634791129331,0.0013884516111760104,0.0019415307609338744,0.0050093444966397066,0.0005542478984878668,0.0025291027077924614,-0.001245592481470367,0.004130914567842383,0.0005542478984878668,0.0025291027077924614,-0.001245592481470367,0.004130914567842383
arousal_spike_rows_2_6_train_q90,blocked_temporal_70_30,temporal_mean_2s_then_pca256,gated_ar_pca_mlp,binary,shuffled_diag_only,1,3,210993,0.11235837079915385,0.0003721301640130099,0.11202824327504146,0.11287837561521774,0.5024456200919131,0.0013732168908110094,0.5005440740330335,0.5037379760297113,0.19917682573273118,0.0003506719316194099,0.19871138189464604,0.19955779653247768,0.5003304367470488,0.0009278012488582099,0.49915946530552996,0.5014286038000554,0.1113145512369183,0.00019444606578793706,0.1110692544150443,0.11154483798040693,0.9453817314246762,0.002483485283195234,0.942101226993865,0.9481083844580777,0.009969325153374233,0.0017431213825390922,0.007668711656441718,0.011886503067484663,0.0516785957736878,0.0008105955006152213,0.05086912065439673,0.05278629856850716,0.10288854805725971,0.0013076013337783578,0.10122699386503067,0.10442229038854806,0.11079545454545454,0.01937241718321855,0.08522727272727272,0.13210227272727273,0.1149654061226424,0.0018032696038707643,0.11316462894512369,0.1174296275234575,0.11444412851862384,0.0014544601699576175,0.11259596246801251,0.11615012794995735,0.9959554081846066,0.17414129255022287,0.7661195447573897,1.1874852943739542,1.033439669991253,0.01620983569910977,1.0172522390515712,1.055590891277133,1.0287538347192398,0.013074340262434696,1.0121404187548297,1.0440892956094645,0.002389678110678991,0.004511650454468957,-0.0038198791444301605,0.00676470622420311,0.0008644995590051016,0.0002734769776483037,0.0005102343857288361,0.001176007091999054,0.0008717825015385946,0.0004541451598745003,0.00032189488410949707,0.0014341101050376892,2.241911013921102,0.014045342075422336,2.2227444648742676,2.256009817123413,5.038510958353679,0.062144288938392,4.953910827636719,5.101426124572754,2.2446199585606297,0.013863620917921166,2.225738265752898,2.2586336853444724,0.005571704113512607,0.0013059549690455224,0.0037405838315579423,0.00669589420565405,0.00470988825597492,0.002311837960095138,0.0015719866753065922,0.007073868846464198,0.00470988825597492,0.002311837960095138,0.0015719866753065922,0.007073868846464198
arousal_spike_rows_2_6_train_q90,blocked_temporal_70_30,temporal_mean_2s_then_pca256,gated_ar_pca_mlp,binary,pca_only_random,1,3,210993,0.10969332227055732,0.0010152487366866492,0.10866171943706013,0.11107395990963716,0.49669658606961314,0.002224223988302037,0.4948471405149454,0.49982481103220733,0.18643315332035612,0.010773038290527885,0.1714637904468413,0.19637265906539847,0.5002317893088545,0.0020012554314428476,0.49863517944476926,0.5030538686006636,0.11161554263890744,0.0009597939718594495,0.11086196796153769,0.11297003167384066,0.6355657805044308,0.20703063271203317,0.35557259713701433,0.8496932515337423,0.009713701431492841,0.0009392215271407887,0.008563394683026585,0.0108640081799591,0.047801635991820045,0.001104420705250147,0.046267893660531696,0.048824130879345604,0.09479379686434902,0.003837668038475987,0.09074642126789366,0.09994887525562372,0.10795454545454546,0.010438166517541954,0.09517045454545454,0.12073863636363637,0.1063406312197896,0.002456919988023071,0.10292863235712255,0.10861529712823428,0.10544024263103023,0.004268682788319042,0.10093829968723343,0.11117429627523458,0.9704180900260272,0.09383009833144726,0.8555001583124187,1.0853360217396357,0.9559103954906725,0.02208558789336027,0.9252394737102231,0.9763576766776387,0.9478166800208316,0.038371770090141456,0.9073481026716276,0.9993608680129759,-0.0036381098131338754,0.0019947209200772563,-0.005647365003824234,-0.0009186826646327972,-0.002056362728277842,0.00024240532012948012,-0.002396121621131897,-0.00184694305062294,-0.0019502217570940654,0.001149136946213615,-0.0032341182231903076,-0.000445440411567688,2.488985617955526,0.32117340140228257,2.252922296524048,2.9430739879608154,6.337982972462972,1.6683949481619387,5.111721515655518,8.696829795837402,2.497161498114613,0.319636394668932,2.26091165587148,2.9490387918502194,-0.0055109777744861725,0.0024675310499826554,-0.008972915259316249,-0.003400132917674529,-0.006894793735085431,0.002315963146291298,-0.010030309261653688,-0.004507319722446519,-0.006894793735085431,0.002315963146291298,-0.010030309261653688,-0.004507319722446519
arousal_spike_rows_2_6_train_q90,blocked_temporal_70_30,temporal_mean_2s_then_pca256,gated_ar_pca_mlp,binary,time_only,1,3,210993,0.10777682947654033,0.001119266539545382,0.10681726274201245,0.10934682389736658,0.4790904621818008,0.0040602379600934175,0.4751978739526367,0.48469245268660793,0.011745297390773448,0.0070928111829028735,0.006239081607187422,0.021759475900795508,0.5005796763850383,0.00025250733254287937,0.5002777960852025,0.5008958168464274,0.1375545216632742,0.010737196050872446,0.12845303867403315,0.15263157894736842,0.00626278118609407,0.003982045482463505,0.0031952965235173825,0.011886503067484663,0.012014314928425357,0.0001807532671744751,0.011886503067484663,0.012269938650306749,0.05014485344239946,0.00043447678200347667,0.04971881390593047,0.050741308793456036,0.0976482617586912,0.0001807532671744743,0.09752044989775051,0.09790388548057259,0.13352272727272727,0.0020088260829163197,0.13210227272727273,0.13636363636363635,0.11155340725997535,0.0009665471545053164,0.1106056297981234,0.1128802957065681,0.1086152971282343,0.0002010539610993832,0.1084731305089565,0.10889963036678987,1.2002539534532441,0.018057610843249958,1.1874852943739542,1.2257912716118236,1.0027687482108034,0.00868842381435496,0.9942490477162342,1.0146963289032005,0.9763576766776388,0.001807301398016423,0.9750797216034535,0.9789135868260095,0.005606612811485927,0.0018352233611477694,0.004204738885164261,0.008199144154787064,-0.0003423728048801422,0.00047238589337545095,-0.000886864960193634,0.00026508793234825134,-0.0005125788350900015,0.0003045682444818408,-0.0009407848119735718,-0.0002581961452960968,2.66457200050354,0.15344878095015255,2.5430867671966553,2.8810412883758545,7.145689964294434,0.8407646809905397,6.4849934577941895,8.33215618133545,2.6686776833507015,0.15443246640640498,2.546565031133937,2.8865474500405237,-0.022338407969772878,0.0034483487652875334,-0.026819456185958105,-0.018431504861045212,-0.004009998792230302,0.003775407337556788,-0.008058048982179393,0.0010290749079007663,-0.004009998792230302,0.003775407337556788,-0.008058048982179393,0.0010290749079007663
arousal_spike_rows_2_6_train_q90,blocked_temporal_70_30,temporal_mean_2s_then_pca256,gated_ar_pca_mlp,binary,label_permutation,1,3,210993,0.10760553901398723,0.002641600110731207,0.10535847636909476,0.11131366098486685,0.4917275260399192,0.009552557137564267,0.4815309264094528,0.5045003967735572,0.07658441521239284,0.027841443598255716,0.055173712456454194,0.1159062885326757,0.496213666059858,0.0018604144700588047,0.49421478086887805,0.4986946809605586,0.10079460858158588,0.004555052758493969,0.094414516586334,0.10475509474436896,0.0707225630538514,0.04349114591128506,0.03744887525562372,0.13215746421267893,0.007924335378323108,0.0008542066145093483,0.00677402862985685,0.008819018404907975,0.04443592365371507,0.0014245273941121757,0.04256134969325153,0.046012269938650305,0.09321745057941377,0.004598070062451279,0.08742331288343558,0.09867075664621677,0.08806818181818182,0.009493341693069798,0.07528409090909091,0.09801136363636363,0.09885318927115912,0.0031690367732538126,0.09468296843901051,0.10235996588001137,0.10368685432660411,0.005114486802476369,0.09724196758601081,0.10975263008245664,0.7916568629159695,0.08533693949581954,0.6767389312023611,0.8810374764709983,0.8886047615835752,0.028486902517857064,0.8511180794074704,0.9201276534134815,0.9320552341058786,0.045974817395828926,0.8741212707428075,0.986581317271122,-0.009253978729248047,0.004975700033542307,-0.015886861830949783,-0.003902830183506012,-0.004706406344970067,0.0008031967616936246,-0.005680885165929794,-0.003713715821504593,-0.002893846482038498,0.001843967474293123,-0.005043968558311462,-0.0005408748984336853,6.049654006958008,2.4734357862322685,2.7195630073547363,8.641898155212402,56.65711816151937,39.00325160751265,7.659358024597168,103.09443664550781,6.8721307445056725,3.0709830986085342,2.76755452061873,10.153543058731165,-0.004528949149641794,0.014363501840947304,-0.023016328155388815,0.012003628528100578,-0.005145916699166225,0.013847669646100144,-0.024688523128843624,0.005721667680489984,-0.005145916699166225,0.013847669646100144,-0.024688523128843624,0.005721667680489984
arousal_spike_rows_2_6_train_q90,blocked_temporal_70_30,temporal_mean_2s_then_pca256,gated_ar_pca_mlp,regression,ar_only_head,1,3,210993,0.2638518340072718,0.0011343901565911531,0.26239758191125956,0.2651655814595834,0.7366803288856462,0.00037251365416380894,0.7362323896206243,0.7371444285765556,0.3233620505835893,0.002976794522045477,0.31975813622621374,0.32704836691547656,0.6319146669342631,0.012637979720857099,0.6215759816495644,0.6497098357703773,0.2811264014019373,0.024232019612117676,0.24685729173451443,0.298346124743271,0.3939587593728698,0.06404095596768368,0.3447085889570552,0.48440695296523517,0.03974948875255623,0.0007230130686979004,0.03872699386503067,0.040260736196319015,0.16952113156100887,0.0019280348498610634,0.16679447852760737,0.1708844580777096,0.29239093387866394,0.0010027779734100204,0.2912832310838446,0.2937116564417178,0.4417613636363637,0.008035304331665305,0.4303977272727273,0.4474431818181818,0.3771206520708938,0.004289151170120263,0.37105487631504125,0.38015353994882,0.3252298360344991,0.0011154016013591058,0.32399772533409155,0.32669889110036965,3.9710529736591376,0.07223044337299983,3.868903701024819,4.022127609976296,3.3899888267891143,0.03855576315768502,3.335462743623871,3.4172518683717357,2.9235352247114466,0.010026496680110967,2.912459614068506,2.936740760478029,0.14989675084749857,0.002638378701496259,0.14617371559143066,0.15197232365608215,0.09794795016447704,0.0007759448557730672,0.09689854085445404,0.09875048696994781,0.07531151672204335,0.00015591569778906336,0.07510492205619812,0.07548154890537262,0.05646017690499624,0.00018626811394923157,0.05623970925807953,0.05669526755809784,0.008275919904311499,7.834694401424697e-06,0.008265851065516472,0.008284959010779858,0.09097207291191972,4.306297550091105e-05,0.09091672599426616,0.09102175020718871,0.3473387388114086,0.0009787669116918152,0.34602198683699015,0.34836670941374764,0.2662094138458913,0.0022762007975907273,0.2631582330408731,0.2686234618319379,0.2662094138458913,0.0022762007975907273,0.2631582330408731,0.2686234618319379
arousal_spike_rows_2_6_train_q90,blocked_temporal_70_30,temporal_mean_2s_then_pca256,gated_ar_pca_mlp,regression,ar_plus_random_pca,1,3,210993,0.229685628836517,0.004248506052847417,0.22437497744312296,0.2347745612917112,0.6847007354671847,0.006739229608194192,0.6758975377170846,0.6922651820460322,0.27136356008394014,0.004886871118836378,0.26540865090062493,0.27737853940175666,0.591176553052234,0.0028360494776495694,0.5877699182354152,0.5947131446840326,0.2613244085986619,0.0049753147159748165,0.2548835020004707,0.266997753340428,0.2822085889570552,0.004854607884541267,0.276840490797546,0.28859918200408996,0.03983469665985003,0.0005934044085371565,0.039238241308793456,0.040644171779141106,0.15375766871165644,0.003416826458037393,0.1491564417177914,0.1573364008179959,0.24944614860259032,0.004910740979352016,0.24591002044989774,0.25639059304703476,0.4427083333333333,0.006594880813060662,0.43607954545454547,0.45170454545454547,0.3420528859823713,0.007601151608667772,0.3318168893943702,0.3500142166619278,0.27746185195716044,0.005462274299466894,0.2735285754904748,0.2851862382712539,3.9795654130453304,0.05928228047844677,3.9199783373419783,4.060433587214166,3.074759908490051,0.06832778550475627,2.982747143148703,3.146325392644433,2.494142319785155,0.049101126502531456,2.458785562732692,2.5635778788158943,0.1432491143544515,0.0037334623066416378,0.14010150730609894,0.14849409461021423,0.08621200422445933,0.003055638741719563,0.08245871961116791,0.08994337916374207,0.06042535106341044,0.002151506553307728,0.05890116095542908,0.06346803903579712,0.05860141043861707,0.0003356016235603429,0.058162905275821686,0.05897791311144829,0.008657748190065226,8.850112700329332e-05,0.008533740416169167,0.008734422735869884,0.09304580195300312,0.00047637064114520734,0.09237824644454541,0.09345813359932822,0.28566434295833587,0.008538080019438092,0.27458795205625497,0.29536587710154594,0.20215955394721996,0.00673553029264611,0.19278898410488227,0.20832651633232405,0.20215955394721996,0.00673553029264611,0.19278898410488227,0.20832651633232405
arousal_spike_rows_2_6_train_q90,blocked_temporal_70_30,temporal_mean_2s_then_pca256,gated_ar_pca_mlp,regression,ar_plus_shuffled_pca,1,3,210993,0.22151413913261242,0.012525568781517187,0.20402154168474562,0.23267737514285258,0.6663014567181018,0.015496529073796674,0.64501192635341,0.6814496142485211,0.27446354735364337,0.010554550782577228,0.25978958562801474,0.28416779431664413,0.6034243782964883,0.007057236937364155,0.5978917968549485,0.6133844021739504,0.21668002636551598,0.026394027026763165,0.18481491488786814,0.24944790202770528,0.39025221540558963,0.05208061061686724,0.3176124744376278,0.4371165644171779,0.03881220177232447,0.00169025514867735,0.03642638036809816,0.04013292433537832,0.15107361963190183,0.011615184883670391,0.13471370143149283,0.1605316973415133,0.24412065439672803,0.01404341607003347,0.22430981595092025,0.2552402862985685,0.43134469696969696,0.018784881084164175,0.40482954545454547,0.4460227272727273,0.33608188797270405,0.025839410443513542,0.29968723343758885,0.35712254762581747,0.27153824282058575,0.015620655008806085,0.24950241683252772,0.2839067386977538,3.8774161404110123,0.16885985065571976,3.6390678375976018,4.009358950897007,3.021085795374264,0.23227397442519826,2.6939292963828043,3.2102231463537025,2.440894191694097,0.1404161921554629,2.242811155195361,2.552076283148226,0.13669133186340332,0.010333080964201095,0.12208354473114014,0.14433911442756653,0.08092169215281804,0.008800950767231164,0.0685235783457756,0.08806952834129333,0.056309779485066734,0.005488865581645182,0.048554323613643646,0.06047236919403076,0.062115504095951714,0.002901343904255679,0.05891752615571022,0.06594078987836838,0.008999569341540337,0.0003397996084335314,0.008731786161661148,0.00947902537882328,0.09484936479663446,0.001779702001824527,0.09344402689129545,0.09736028645614843,0.25576177752758017,0.024515846873580882,0.2211781975882479,0.2751800953781259,0.1905458932195324,0.014688235216119477,0.16991545761035368,0.2029599739490712,0.1905458932195324,0.014688235216119477,0.16991545761035368,0.2029599739490712
arousal_spike_rows_2_6_train_q90,blocked_temporal_70_30,temporal_mean_2s_then_pca256,gated_ar_pca_mlp,regression,real_ar_pca_diag,1,3,210993,0.20403625750030266,0.010371210610888998,0.19276883433553624,0.21780181362883214,0.6450871977457816,0.013164321280358247,0.6268141843369166,0.657309440647351,0.2552321577431658,0.0031911118269964157,0.2522899764459566,0.25966677145551714,0.5851935251281849,0.001414539253235201,0.5838431361536178,0.5871468898550847,0.21943037596856182,0.026775560269258675,0.1914978148589591,0.25553768098007673,0.31705862304021815,0.04315378839384826,0.2639314928425358,0.3696319018404908,0.037576687116564415,0.0020556131700434255,0.03553169734151329,0.040388548057259714,0.13275391956373553,0.010081395435862929,0.1248721881390593,0.1469836400817996,0.2229464894342195,0.011779203481445712,0.21242331288343558,0.2393916155419223,0.4176136363636364,0.022845337276164418,0.39488636363636365,0.44886363636363635,0.2953274571130699,0.02242730676434221,0.27779357406880867,0.32698322433892524,0.2479859728935646,0.01310214501547216,0.2362809212396929,0.26627807790730734,3.7539857693112104,0.20535984355443768,3.549687224042573,4.0348962690555865,2.654738674107786,0.20160211043493753,2.497124214958254,2.9392966706263994,2.2291796344040504,0.11777696332862626,2.12396133329612,2.393609853949237,0.13626896838347116,0.00967310776396473,0.1266159564256668,0.14948999881744385,0.06970057636499405,0.007292971062023778,0.06447736918926239,0.08001410961151123,0.04925465087095896,0.004073106104673925,0.04620147496461868,0.05501135438680649,0.06494085242350896,0.0029509209364251736,0.060861118137836456,0.06774146109819412,0.00985198188573122,0.00041736136551363525,0.009301598183810711,0.010311819612979889,0.09923471623001053,0.002110208634354443,0.09644479345102415,0.10154713000858216,0.22405878145391522,0.01611525679442061,0.20453737450844353,0.24400468278811388,0.15941069206654465,0.012628535449231515,0.14772076136583465,0.17694877511699117,0.15941069206654465,0.012628535449231515,0.14772076136583465,0.17694877511699117
arousal_spike_rows_2_6_train_q90,blocked_temporal_70_30,temporal_mean_2s_then_pca256,gated_ar_pca_mlp,regression,video_mean_pca_oracle_diagnostic,1,3,210993,0.1794712108040366,0.0008385568087765391,0.17876774375377208,0.18064975559192015,0.619858549939203,0.0003596910385647913,0.619354842891543,0.6201718515910676,0.2521988113511718,0.004449449731314102,0.24616368286445012,0.25675888085507703,0.5887584850892065,0.005452977658838651,0.58122067526801,0.5939375372780334,0.1866752768030752,0.0035416559578148846,0.18313854533076138,0.1915150653780557,0.39153033401499665,0.03335086909086908,0.3444529652351738,0.41756134969325154,0.02355998636673483,0.0013255239592794852,0.02262269938650307,0.025434560327198364,0.11993012951601907,0.0017472815826865891,0.11745910020449898,0.12116564417177914,0.2113156100886162,0.0019837162111150026,0.2088445807770961,0.21370143149284254,0.26183712121212116,0.01473139127471974,0.25142045454545453,0.28267045454545453,0.26679935551132594,0.0038870432479215095,0.2613022462325846,0.2695479101506966,0.2350488105392854,0.002206510610714207,0.2323002558999147,0.23770258743247086,2.3536894902824255,0.13242247951716704,2.2600526570343,2.5409631567786763,2.3982956892212504,0.03494116036165238,2.3488814263527487,2.4230028206555017,2.11288572265318,0.019834623947103985,2.088178591218929,2.136740884037974,0.047273543973763786,0.004256531984036585,0.04403749853372574,0.05328737199306488,0.04567013929287592,0.001630540034321167,0.04341500252485275,0.04721455276012421,0.03614011903603872,0.0005687937723127912,0.03557769954204559,0.036919377744197845,0.06450348347425461,0.00040384730248386547,0.06411449611186981,0.06506013125181198,0.009373685345053673,5.8362271686381246e-06,0.00936545804142952,0.009378369897603989,0.09681778987574524,3.014348545681066e-05,0.09677529664862577,0.09684198416804557,0.1256435530463961,0.000575071694629664,0.12489025940837102,0.1262856668165147,-0.0029351982815839614,0.0025738235835509994,-0.006090279893681892,0.00021426706928771977,-0.0029351982815839614,0.0025738235835509994,-0.006090279893681892,0.00021426706928771977
arousal_spike_rows_2_6_train_q90,blocked_temporal_70_30,temporal_mean_2s_then_pca256,gated_ar_pca_mlp,regression,pca_only_real,1,3,210993,0.129150065029621,0.0016194710436388535,0.127690548334823,0.13140834814128832,0.5439518422198472,0.006002050783455356,0.5382534947496923,0.5522492769153413,0.179545970305555,0.00208086900672401,0.1766515682420306,0.1814534443603331,0.5256394269526884,0.0025907802377731835,0.5236050280160033,0.5292955900595575,0.13381138931949377,0.004540322735332006,0.1288986878898688,0.13984835720303285,0.27505112474437626,0.022485444894886478,0.254601226993865,0.3063650306748466,0.015422631220177235,0.0005747587578064096,0.01495398773006135,0.016232106339468304,0.06982788002726655,0.0015206687370121622,0.06774028629856851,0.07131901840490798,0.12989945466939332,0.003804893245018088,0.1248721881390593,0.13407464212678938,0.17140151515151514,0.0063876598310757746,0.16619318181818182,0.18039772727272727,0.1553407259975358,0.003382915040768595,0.1506966164344612,0.15865794711401762,0.14448867405933086,0.004232227004410209,0.13889678703440433,0.14913278362240545,1.540751528900973,0.05741954289102644,1.4939331122769102,1.6216197030698085,1.396378911059904,0.030409483350242326,1.3546323786365146,1.4261978627908964,1.2988283403970857,0.03804406409089656,1.248562107479127,1.3405748728204752,0.021311943729718525,0.0013274506024129036,0.01947823166847229,0.02257709950208664,0.0142851322889328,0.0009691839877290432,0.013016179203987122,0.015368267893791199,0.010873625675837198,0.0011673032938585497,0.009322866797447205,0.01213916391134262,0.0740076353152593,0.008877702607130585,0.06717468798160553,0.08654570579528809,0.01229735929518938,0.0017140252594626446,0.011053534224629402,0.014721076004207134,0.1106352112007939,0.007563685460482117,0.10513578945644249,0.12133044137481383,0.057753739321835564,0.006229302667964011,0.05225634313588058,0.06646400549499473,0.04703119478521256,0.008697199442914087,0.03818026434878139,0.05885312470163565,0.04703119478521256,0.008697199442914087,0.03818026434878139,0.05885312470163565
arousal_spike_rows_2_6_train_q90,blocked_temporal_70_30,temporal_mean_2s_then_pca256,gated_ar_pca_mlp,regression,diag_only,1,3,210993,0.12294832393350584,0.006797544864799958,0.11334046288687633,0.12802916394554706,0.5203334649832102,0.01321472619937218,0.5019441094581047,0.5324120958166387,0.18785211686442885,0.007512395052088739,0.17735145537647343,0.1945010899374165,0.5242920430948543,0.011186117125169983,0.5086147314690939,0.5339637972816983,0.1270318751836695,0.007937830847857466,0.11595627555835168,0.13415462217479873,0.3626022494887526,0.010242507929268499,0.3535276073619632,0.37691717791411045,0.011077027948193591,0.0016378990104585112,0.008819018404907975,0.012653374233128834,0.06539706884798908,0.010225658916496383,0.05099693251533742,0.07374744376278118,0.13130538513974097,0.015605032066063037,0.10953476482617587,0.14532208588957055,0.12310606060606061,0.018203014002595726,0.09801136363636363,0.140625,0.14548384039427542,0.022748238658705643,0.11344896218367927,0.1640602786465738,0.1460525068713866,0.017357658641580495,0.12183679272106909,0.16164344611885129,1.1066171202051185,0.16362936833033745,0.8810374764709983,1.2640972488496933,1.3077740259163835,0.20448701087748294,1.019808149199942,1.4747601556099414,1.3128858462131252,0.15603035402875742,1.09520749857688,1.4530349193487895,0.002186328172683716,0.006014582072125104,-0.006307210773229599,0.006830140948295593,0.01032846545179685,0.007462581129027949,-0.00021241232752799988,0.016049012541770935,0.010023658474286398,0.00572414484368754,0.0020341873168945312,0.015147559344768524,0.06297512104113896,0.00026879793963431603,0.0626373142004013,0.06329499930143356,0.009335752576589584,2.827567866898093e-05,0.009310605935752392,0.009375251829624176,0.09662158758244453,0.000146251966094234,0.09649148115638184,0.09682588408903983,0.025182858718243478,0.016856857739078707,0.0017229692807448221,0.04058100053346416,0.03012011896352898,0.011768941317175777,0.014119433116371365,0.04208852298871877,0.03012011896352898,0.011768941317175777,0.014119433116371365,0.04208852298871877
arousal_spike_rows_2_6_train_q90,blocked_temporal_70_30,temporal_mean_2s_then_pca256,gated_ar_pca_mlp,regression,time_only,1,3,210993,0.11451433291811051,0.0043822420958721,0.10969293860173107,0.12029722317793873,0.5044740050464042,0.009160145213982038,0.4929317354084155,0.5153387043555008,0.19054506171629568,0.009153711362909173,0.17767310409797457,0.19817275268755224,0.49637716138164717,0.003941886591717788,0.4930484851136345,0.5019141782500728,0.11011030318728032,0.0011608170247544307,0.10890403048850907,0.111677765145363,0.7557515337423313,0.19382131062812927,0.48210633946830267,0.9063139059304703,0.010139740967961828,0.0013255239592794852,0.009202453987730062,0.012014314928425357,0.05270109066121336,0.007051951782604378,0.04575664621676891,0.06237218813905931,0.1108980913428766,0.013285194356495365,0.09739263803680982,0.12896216768916155,0.11268939393939394,0.014731391274719733,0.10227272727272728,0.13352272727272727,0.1172400720310871,0.015687935953112495,0.1017912994029002,0.13875462041512654,0.12335323666003223,0.014777276179303349,0.10833096388967871,0.1434461188512937,1.0129802869569933,0.13242247951716685,0.9193434537088678,1.200253953453244,1.0538869511782192,0.1410209897134912,0.9150158331167401,1.2472841524049418,1.108839019368191,0.13283494516444067,0.9738017665292681,1.2894566698530596,-0.00012758498390515646,0.0016902327643576053,-0.0020602457225322723,0.002056919038295746,0.0015636570751667023,0.0035375381956101724,-0.0028987787663936615,0.005753513425588608,0.003344415376583735,0.0034641547818592446,-0.0008329823613166809,0.0076495446264743805,0.08199890702962875,0.019409582798130976,0.06222344934940338,0.10837288200855255,0.011990140502651533,0.003139908847553898,0.009530112147331238,0.01642167568206787,0.10862083481536096,0.013843942598320816,0.09762229329067842,0.12814708612398437,0.003586633390119448,0.013734305067426664,-0.013462934948861204,0.02016938679003837,3.685631198185388e-05,0.0015682148610408524,-0.0012429702629717181,0.0022453612381957673,3.685631198185388e-05,0.0015682148610408524,-0.0012429702629717181,0.0022453612381957673
arousal_spike_rows_2_6_train_q90,blocked_temporal_70_30,temporal_mean_2s_then_pca256,gated_ar_pca_mlp,regression,shuffled_diag_only,1,3,210993,0.1127576256481434,0.0009445698043286156,0.11181590963337706,0.11404896911153634,0.5032503162645102,0.0022344424542967184,0.5013075468062914,0.5063800185667549,0.19883095269079143,0.00039732312279052215,0.1982962741202406,0.19924791689211124,0.49964601885515886,0.0008847166287891542,0.4986629084454607,0.5008078021641944,0.11117065396267918,0.0001867619251810992,0.11096220035941641,0.11141534551615637,0.9402266530334016,0.006932018064003571,0.931237218813906,0.9481083844580777,0.01137525562372188,0.00027610517631253674,0.010991820040899795,0.011630879345603272,0.05223244717109748,0.0019727056753221246,0.050357873210633945,0.05495910020449898,0.10148261758691207,0.0021915168966618456,0.09879856850715746,0.10416666666666667,0.12642045454545456,0.003068532527655238,0.12215909090909091,0.12926136363636365,0.11619751682304995,0.004388526927415499,0.11202729599090133,0.12226329257890248,0.1128802957065681,0.002437649729809815,0.10989479670173444,0.11586579471140177,1.1364106580567948,0.02758345618641621,1.0981046808189254,1.1619479762153746,1.044515280634193,0.03944906535430201,1.0070285984580882,1.0990413637994363,1.0146963289032005,0.021912364921683806,0.9878592723453073,1.0415333854610938,0.003287017345428467,0.0012958588384326627,0.0014897547662258148,0.004495907574892044,0.0017547793686389923,0.0018299788647466988,-0.0001264438033103943,0.004234541207551956,0.0004778715471426646,0.0011328501675897434,-0.0006360895931720734,0.0020320191979408264,0.06365873664617538,0.0001462840900044639,0.0635499581694603,0.06386552006006241,0.009306790617605051,1.0812812405132633e-06,0.009305275976657867,0.00930773001164198,0.0964717087347245,5.604241850760375e-06,0.09646385839607427,0.0964765775286519,0.001229044261772282,0.003206003114815319,-0.0011095553335586626,0.0057622551622831825,0.0003079676197360881,0.0016812794302322905,-0.0011185577763307085,0.0026685978403841806,0.0003079676197360881,0.0016812794302322905,-0.0011185577763307085,0.0026685978403841806
arousal_spike_rows_2_6_train_q90,blocked_temporal_70_30,temporal_mean_2s_then_pca256,gated_ar_pca_mlp,regression,quality_only,1,3,210993,0.11161544665677407,0.0006073962699201542,0.11107362546021043,0.11246360736227556,0.5004472682426985,0.0029034753638087886,0.4970839002228069,0.5041688224579379,0.1915075467484552,0.0021186090784971134,0.18997211314097093,0.19450339940285621,0.5046665110930889,0.0026250421959866394,0.5009567241352404,0.5066413226340327,0.11272422246777884,0.0008435155895920159,0.11154180311434873,0.1134521478323377,0.6386758691206545,0.043317977104541744,0.5849948875255624,0.6910787321063395,0.009585889570552147,0.0002761051763125362,0.009202453987730062,0.009841513292433537,0.05278629856850716,0.0006517151730052113,0.051891615541922294,0.053425357873210635,0.10220688479890934,0.0037486637538273566,0.09726482617586912,0.10633946830265849,0.1065340909090909,0.0030685325276552343,0.10227272727272728,0.109375,0.1174296275234575,0.0014498207317579716,0.11543929485356838,0.11885129371623543,0.11368590654914228,0.004169682287453118,0.10818879727040091,0.11828262723912425,0.9576494309467373,0.027583456186416225,0.9193434537088678,0.983186749105317,1.055590891277133,0.013032635721532482,1.0376995202385375,1.068370442018987,1.0219380743235844,0.03748184112459933,0.9725238114550826,1.0632586217222453,-0.004839288691679637,0.0018222797222902094,-0.0074160099029541016,-0.0035130344331264496,0.0011590781311194103,0.001576267759327561,-0.0010446012020111084,0.0025520846247673035,0.00040714070200920105,0.0019843567774823793,-0.00216076523065567,0.0026713497936725616,0.06268104662497838,9.75878924365716e-05,0.06254418194293976,0.06276484578847885,0.009344103435675303,1.2924244093476241e-05,0.009334485977888107,0.009362372569739819,0.09666487970728682,6.683450510133172e-05,0.09661514362608022,0.09675935391340632,0.004121928946912701,0.005105549003711818,-0.002945124115095714,0.008937062558118252,0.011457293520603375,0.005019170900741694,0.00649208870745095,0.018332864248128907,0.011457293520603375,0.005019170900741694,0.00649208870745095,0.018332864248128907
arousal_spike_rows_2_6_train_q90,blocked_temporal_70_30,temporal_mean_2s_then_pca256,gated_ar_pca_mlp,regression,pca_only_random,1,3,210993,0.11132720662111051,0.0005445127859752626,0.11055791353202457,0.11174155785298191,0.5009843048907766,0.0016326792434420828,0.4987078901150801,0.5024570479190176,0.16049217323687504,0.030471665487976096,0.12561788093702989,0.19985239852398523,0.5003297435731506,0.0018333692605282579,0.4977626503786586,0.5019285498510875,0.11075576248731013,0.001711535212583582,0.10836114200964034,0.1122586439155815,0.4522835719154738,0.3558734897811085,0.1494120654396728,0.9518149284253579,0.010182344921608725,0.0009117644239533357,0.00894683026584867,0.01111963190184049,0.048994546693933196,0.002879472605438957,0.044989775051124746,0.0516359918200409,0.09867075664621677,0.0020949711747007874,0.09598670756646217,0.10109918200408997,0.11316287878787878,0.010133018257117756,0.09943181818181818,0.12357954545454546,0.10899440811297507,0.006405741730154788,0.10008529997156668,0.1148706283764572,0.10975263008245666,0.002330260800520185,0.10676713107762298,0.11245379584873472,1.0172365066500897,0.09108707912082681,0.8938061355502881,1.1108733398982154,0.9797655568754665,0.05758208354083803,0.8996803722265153,1.032587699941796,0.9865813172711219,0.020947031232283354,0.9597442607132287,1.0108624636806443,-0.0010400563478469849,0.0034432423581184255,-0.004963520914316177,0.0034194141626358032,-0.00043254469831784564,0.0023161526167288712,-0.003352552652359009,0.002312764525413513,-0.00019955883423487344,0.0011020676287138939,-0.0011253617703914642,0.0013491585850715637,0.06731838981310527,0.003958525657337538,0.06402070075273514,0.07288499176502228,0.011271246708929539,0.002160527923851351,0.009472455829381943,0.014309586957097054,0.10570252979061684,0.009910696483764369,0.09732654226562219,0.11962268579620278,0.001421822756218545,0.0014286608396628744,0.00021624247495544401,0.003428728216633884,-0.0011384030405969003,0.0016040311899950025,-0.002816008930773921,0.0010227474176846057,-0.0011384030405969003,0.0016040311899950025,-0.002816008930773921,0.0010227474176846057
arousal_spike_rows_2_6_train_q90,blocked_temporal_70_30,temporal_mean_2s_then_pca256,gated_ar_pca_mlp,regression,pca_only_shuffled,1,3,210993,0.11063381910881909,0.0006348396164189012,0.10985753841816369,0.11141256568150246,0.4985262155069443,0.0018542601730790083,0.4971444854618,0.5011472457416057,0.178566965060705,0.004572135681829206,0.17437674254933275,0.1849268346352734,0.49998187149187895,0.0010343388289444345,0.49868020405436475,0.5012106599071129,0.11119295157073088,0.00044347521220382274,0.11061506233043718,0.11169293745514473,0.4580351056578051,0.056161093412567864,0.41168200408997957,0.5370654396728016,0.010608384458077708,0.00045488574693384917,0.009969325153374233,0.010991820040899795,0.048781526925698704,0.0003664930669326271,0.04831288343558282,0.04920756646216769,0.09769086571233809,0.0019644072739261292,0.09611451942740286,0.1004601226993865,0.11789772727272728,0.005055434778423918,0.11079545454545454,0.12215909090909091,0.1085205193820491,0.0008153090007622634,0.10747796417401194,0.10946829684390105,0.10866268600132689,0.0021850330553309606,0.10690929769690077,0.11174296275234574,1.059798703581056,0.045443990721029205,0.9959554081846068,1.0981046808189254,0.9755057066281818,0.007328923483206895,0.9661340360841556,0.9840254071227511,0.9767836617023672,0.01964155928099203,0.9610222157874141,1.0044726883097173,0.0013304539024829865,0.0012599804734160437,-0.00029691681265830994,0.002772688865661621,-0.0005900797744592031,0.00034932290541448265,-0.0008623898029327393,-9.695813059806824e-05,-0.0007465369999408722,0.0006809242461748835,-0.0013463273644447327,0.00020579621195793152,0.06589362273613612,0.0022578854583746935,0.06363281607627869,0.06897687911987305,0.009732869764169058,0.000137702403234956,0.009624160826206207,0.00992715172469616,0.0986528512017993,0.0006962139934689396,0.09810280743284673,0.09963509283729383,0.001678828598035983,0.002701646245066159,-0.0006733981807463812,0.005462356518357081,-0.0015781465687464708,0.0035967010716358673,-0.005664566934730441,0.0030880894132824725,-0.0015781465687464708,0.0035967010716358673,-0.005664566934730441,0.0030880894132824725
arousal_spike_rows_2_6_train_q90,blocked_temporal_70_30,temporal_mean_2s_then_pca256,gated_ar_pca_mlp,regression,label_permutation,1,3,210993,0.10924215029183514,0.012999831612231064,0.0921241097496395,0.1236083169289507,0.4854465100181445,0.043653953349194266,0.42764424597124057,0.5331272897435487,0.189735119752116,0.003367552349082306,0.18610557574336734,0.19422017656379686,0.49834644082234975,0.018445222000209833,0.4772388457727908,0.5221739490330457,0.11231655628920721,0.0062497068773220785,0.10620511758992404,0.12090183184593706,0.6515848670756647,0.14966505140420303,0.49348159509202455,0.8525051124744376,0.011204839809134289,0.002590796829500813,0.007540899795501023,0.01303680981595092,0.048611111111111105,0.01410390356520875,0.028757668711656442,0.060199386503067484,0.09347307430129516,0.025133227425957638,0.058921267893660534,0.11797034764826175,0.12452651515151515,0.028793173855134045,0.08380681818181818,0.14488636363636365,0.1081414083973083,0.031375871906224984,0.06397497867500711,0.13392095535968154,0.1039711875651597,0.02795598114596141,0.06553881148706284,0.13121978959340347,1.1193857792844086,0.25882575541991726,0.7533508856780999,1.3024032260875629,0.9720978264303541,0.2820419794269823,0.575079783383426,1.2038336798826383,0.9346111442542494,0.25130011630580423,0.5891372891994653,1.179552533473116,0.007372277478377025,0.015791683657769777,-0.014835081994533539,0.020523101091384888,-0.00047768155733744305,0.010619120597806626,-0.015418034046888351,0.008310820907354355,-0.0019390285015106201,0.009677781660326172,-0.015397045761346817,0.006946485489606857,0.07421984275182088,0.008537891671922109,0.06570865213871002,0.08589252084493637,0.011695317613581816,0.002273140460094423,0.009699612855911255,0.014875742606818676,0.10765799021012416,0.010250597909323467,0.09848661257202045,0.12196615352965214,-0.012736332199368608,0.05953008588648401,-0.09322748850593117,0.04887807853322382,-0.0052678410731593905,0.04235273856147816,-0.06359886800161235,0.0356768985366783,-0.0052678410731593905,0.04235273856147816,-0.06359886800161235,0.0356768985366783
arousal_spike_rows_2_6_train_q90,blocked_temporal_70_30,temporal_mean_2s_then_pca256,gated_ar_pca_mlp,regression_plus_binary,ar_only_head,1,3,210993,0.2654721819898222,0.002878335920486119,0.2614953419145701,0.2682127880208318,0.7397450987875179,0.003865369965985996,0.7343092369155677,0.7429632114332029,0.3219158097152974,0.0009769035683162728,0.3209425821440425,0.3232516183805582,0.6355497761619479,0.008818820717120717,0.6278894596116074,0.6479032589658751,0.2647966386831123,0.019308642472589968,0.2375921375921376,0.280441400304414,0.4201601908657124,0.052727242380209975,0.37678936605316976,0.4943762781186094,0.040601567825494206,0.0011255832322446238,0.03962167689161554,0.04217791411042945,0.16790218132242674,0.0021446341084957864,0.16487730061349692,0.16960633946830267,0.2911980231765508,0.0008435152468142215,0.29026073619631904,0.29230572597137017,0.4512310606060606,0.012509322740173204,0.4403409090909091,0.46875,0.3735190977158563,0.004771002918644019,0.3667898777367074,0.37731020756326417,0.32390294758790633,0.0009382518184638188,0.3228603923798692,0.3251350582883139,4.0561773675210695,0.11244800327698376,3.958284314579848,4.213657496165644,3.357613964909751,0.042887194053061496,3.2971240913983086,3.391692766888028,2.9116076440190497,0.008434073190743732,2.902235973475023,2.9226832546619894,0.1454103688398997,0.0029448299649709785,0.1414000391960144,0.14838814735412598,0.09450880686442058,0.0011800850553611193,0.09284758567810059,0.09547783434391022,0.07146059473355611,0.00019326329130912734,0.07132120430469513,0.07173389196395874,0.05692340557773908,0.0004308920169426187,0.05631409212946892,0.057235460728406906,0.008252395006517569,4.04167947646787e-06,0.008247229270637035,0.008257096633315086,0.09084269101933985,2.2245950635453092e-05,0.09081425697894045,0.0908685679061527,0.34812487133843906,0.0013359063087872596,0.34701638735279194,0.3500040344379551,0.26982435175301783,0.0009719586549338982,0.2691063569331542,0.27119844424191425,0.21564928232405178,0.0049699515341312,0.2104680288030543,0.22235288687938276
arousal_spike_rows_2_6_train_q90,blocked_temporal_70_30,temporal_mean_2s_then_pca256,gated_ar_pca_mlp,regression_plus_binary,ar_plus_random_pca,1,3,210993,0.23118450509329044,0.002621764608798439,0.2286690998920684,0.23480123863926247,0.7028231795094163,0.002683231065871996,0.699628239796652,0.7061937437240158,0.27333870914081954,0.006936924809234114,0.26596552731522055,0.2826296315069187,0.5956374266450255,0.006900796159262323,0.5893361824866208,0.6052419020685225,0.24390472176490882,0.007537653738658013,0.23418731625367492,0.2525586001980852,0.3135224948875256,0.030292399726156178,0.2908997955010225,0.3563394683026585,0.03868438991138378,0.0004217576234071089,0.0380879345603272,0.038982617586912065,0.1500511247443763,0.003886545525494376,0.1463445807770961,0.1554192229038855,0.24671949556918882,0.004639333857478204,0.2415644171779141,0.2528118609406953,0.4299242424242424,0.004687260860138102,0.42329545454545453,0.43323863636363635,0.33380722206425933,0.008646099571074208,0.3255615581461473,0.345749218083594,0.27442896407923417,0.005160385001550959,0.26869491043502985,0.2812055729314757,3.864647481331722,0.04213442530091695,3.8050604056283692,3.8944410191833985,3.000638514187298,0.07772096484320314,2.9265171198845454,3.1079867404188715,2.466879278202533,0.04638740254909011,2.415335090210389,2.5277951367387037,0.14313867688179016,0.0022651022952736863,0.13996604084968567,0.145108163356781,0.08138095835844676,0.00273847786027336,0.07936704158782959,0.08525270223617554,0.05619795868794123,0.0017095773777926167,0.054072119295597076,0.058258168399333954,0.05959407240152359,0.0009683259571567774,0.0587657168507576,0.06095262989401817,0.008804353885352612,7.794108222900422e-05,0.008719065226614475,0.008907468058168888,0.09383060075541584,0.0004150267827117944,0.09337593494372345,0.09437938365007947,0.26052168398535724,0.01384717639756489,0.24104298663159376,0.272007945175298,0.1867657596141418,0.012235646248136573,0.17196091451135384,0.20192569334993954,0.18921993876932966,0.0032196367347395336,0.18501783380422718,0.1928394860501012
arousal_spike_rows_2_6_train_q90,blocked_temporal_70_30,temporal_mean_2s_then_pca256,gated_ar_pca_mlp,regression_plus_binary,ar_plus_shuffled_pca,1,3,210993,0.22529058200951393,0.0014131150690929006,0.2240602178872909,0.2272695801846254,0.6847927711714555,0.002992108410265573,0.6805875267532407,0.6873028349659194,0.2258138541648577,0.0140470555769392,0.20706540748513466,0.24087591240875914,0.5643471155497797,0.0061394344089122045,0.5562427969212642,0.5710972364960155,0.3156997690552578,0.008846602767771404,0.3068856351404828,0.327796234772979,0.1769768234492161,0.019399447262091488,0.15132924335378323,0.1982361963190184,0.03983469665985004,0.0009117644239533344,0.03859918200408998,0.0407719836400818,0.15098841172460806,0.0020723221722929964,0.14877300613496933,0.15375766871165644,0.2448449216087253,0.0012580796745256856,0.24322597137014315,0.24629345603271985,0.4427083333333333,0.010133018257117765,0.4289772727272727,0.453125,0.33589233248033357,0.004610136103503099,0.33096388967870344,0.3420528859823713,0.2723438536631599,0.0013993766524721147,0.2705430764856412,0.2739550753483082,3.979565413045331,0.091087079120827,3.8561350419455285,4.073202246293456,3.0193818552753506,0.04144114037518877,2.9750794127035904,3.074759908490051,2.448135937114481,0.012579187032849878,2.431948506174799,2.4626194279552487,0.14426966508229574,0.002889742112566115,0.14061182737350464,0.14767690002918243,0.08032413323720296,0.001191989008674141,0.07903438806533813,0.08190904557704926,0.0544656366109848,0.00019029115560331792,0.05431382358074188,0.05473397672176361,0.06198975443840027,0.0018383281102725359,0.05995718389749527,0.06440984457731247,0.009325853548943996,0.00025264901455270136,0.009072775952517986,0.009670821018517017,0.09656165611883526,0.001303885168181744,0.09525112047906831,0.09834033261341461,0.21642187561514503,0.017316829088226193,0.19211287599576032,0.2311480009097828,0.16006070101670822,0.01674413831657975,0.13910593920801734,0.18008914050651442,0.1843079887797474,0.0005324656286867742,0.18371924701776207,0.18500895137471124
arousal_spike_rows_2_6_train_q90,blocked_temporal_70_30,temporal_mean_2s_then_pca256,gated_ar_pca_mlp,regression_plus_binary,real_ar_pca_diag,1,3,210993,0.2218656155688442,0.004986805970496507,0.21495297970214938,0.22653187139809064,0.6835680214995198,0.004918200104806735,0.6800856964551667,0.6905234047324531,0.21107676318112292,0.007434337682360941,0.20498977505112476,0.22154423844168036,0.5576598314649291,0.003203467441447923,0.5548929511714729,0.562149971718505,0.2939279870752285,0.012454333473225426,0.28470802090433994,0.31153450051493303,0.165260736196319,0.011340497051194684,0.15465235173824132,0.18098159509202455,0.03723585548738923,0.001958855475898542,0.034637014314928424,0.03936605316973415,0.13786639400136333,0.003483638564546629,0.13496932515337423,0.14276584867075665,0.2391785957736878,0.0038148979900346986,0.23466257668711657,0.24399284253578732,0.41382575757575757,0.021770007448054254,0.3849431818181818,0.4375,0.3067007866552933,0.00774978337475485,0.30025589991470003,0.31760022746659083,0.2660411335418444,0.004243355398639696,0.261017912994029,0.27139607620130796,3.7199360117664373,0.1956935574934949,3.460306610487544,3.932746996421268,2.756975080042617,0.06966385666281734,2.699041116679546,2.8549516357301634,2.391479928825595,0.038144098739996,2.3463255162043777,2.4396162366199117,0.12919117013613382,0.005474924202505222,0.1216726005077362,0.13455218076705933,0.06964245438575745,0.0025122659746545676,0.0671553909778595,0.07308328151702881,0.051192070047060646,0.0013025946808723524,0.04958716779947281,0.05277768522500992,0.06972939272721608,0.001629425389414239,0.06747136265039444,0.07125654816627502,0.010887895400325457,0.0003573864403481089,0.010444213636219501,0.011319372802972794,0.10433100650607235,0.0017136165718573658,0.10219693555199931,0.1063925411059102,0.1499352958796343,0.013377591200668847,0.1331968981444219,0.16594055724316706,0.10025472299554163,0.010924933524212253,0.08571746383943447,0.11205461409041578,0.1776483041000874,0.00571345471347566,0.170969881191392,0.1849263412339829
arousal_spike_rows_2_6_train_q90,blocked_temporal_70_30,temporal_mean_2s_then_pca256,gated_ar_pca_mlp,regression_plus_binary,video_mean_pca_oracle_diagnostic,1,3,210993,0.195527361460158,0.001058003731923497,0.19405222323294335,0.19648180208665622,0.6420906250456323,0.0013653444481949541,0.64051833965557,0.6438474310100173,0.2590602737518018,0.0018996383669197556,0.25663474692202465,0.26127331392146064,0.5930441179135993,0.0036218514162359014,0.5895054048425103,0.5980204736496915,0.19656396670628506,0.005587958899338559,0.18874360432063672,0.20145871689562386,0.38254089979550104,0.029597393125580424,0.35966257668711654,0.42433537832310836,0.03148432174505794,0.0012004944447516488,0.030035787321063396,0.032975460122699383,0.1306237218813906,0.0014610112644412331,0.12934560327198363,0.13266871165644173,0.2279737559645535,0.0007549439820496491,0.22737730061349692,0.22903885480572597,0.34990530303030304,0.013341858715535383,0.3338068181818182,0.3664772727272727,0.2905885698038101,0.0032501996397464243,0.2877452374182542,0.29513790162069947,0.2535778599184912,0.0008397329706505998,0.2529144156951948,0.25476258174580607,3.145346353198395,0.11993178237759712,3.00063488363311,3.2943140424567763,2.6121401716349393,0.029216486562244983,2.5865810701512317,2.653034734008872,2.2794458673220093,0.007548473869993176,2.273482076975811,2.2900954929402206,0.06555082400639851,0.003709307453399279,0.06138216704130173,0.0703928992152214,0.04627307007710139,0.0014448042005904243,0.04516778886318207,0.04831398278474808,0.035077137251695,0.00031079438083696166,0.03470281511545181,0.03546380251646042,0.06505143890778224,0.0006107778638464784,0.06422226876020432,0.06567562371492386,0.009337074433763822,1.048601532822075e-05,0.009324942715466022,0.00935052614659071,0.09662852316985598,5.425657956507448e-05,0.09656574297061056,0.09669811863004735,0.11803177233858332,0.0025463340211529122,0.11443105097512503,0.11987490763863201,-0.01905800920716454,0.00234125281426938,-0.022338519221129515,-0.017029311608937118,-0.041523911071980404,0.000307529693500666,-0.041908778097555464,-0.04115606433835227
arousal_spike_rows_2_6_train_q90,blocked_temporal_70_30,temporal_mean_2s_then_pca256,gated_ar_pca_mlp,regression_plus_binary,pca_only_real,1,3,210993,0.13214800174937444,0.0014806546801671306,0.13086343017819402,0.13422238890419014,0.550765963496342,0.0026037528087633297,0.5489045523424894,0.5544481512958075,0.1650342833797474,0.003528125626955624,0.16028495102404275,0.16873348241512504,0.5247107490968509,0.0019522511376606018,0.5224003377879346,0.5271749339125142,0.14415944905396516,0.004523066760973394,0.1400607492406345,0.1504617619591159,0.19384798909338785,0.012964488799167463,0.18404907975460122,0.21216768916155418,0.01653033401499659,0.0010505136337711273,0.015337423312883436,0.01789366053169734,0.07123381049761418,0.0016998924116615568,0.06978527607361963,0.0736196319018405,0.13347818677573278,0.003924654380683882,0.12985685071574643,0.13893149284253578,0.18371212121212122,0.011675026520774578,0.17045454545454544,0.19886363636363635,0.15846839162164725,0.0037816201958601166,0.15524594825135057,0.1637759454080182,0.14846933939910908,0.004365438708341026,0.14444128518623828,0.15453511515496163,1.6514132409214846,0.10494840110334828,1.5322390895147795,1.7876122711005762,1.4244939226919826,0.03399349820999977,1.395526941010447,1.4722042454615707,1.3346110824742767,0.039241522213232675,1.2984023553723574,1.3891371656395202,0.024423251549402874,0.003111201408244716,0.020299032330513,0.02781294286251068,0.015041813254356384,0.0008617641366093879,0.01416371762752533,0.01621275395154953,0.01114616667230924,0.0011848452697189168,0.010143104940652847,0.012810103595256805,0.0707741305232048,0.0030984982658003924,0.06640473008155823,0.07324569672346115,0.011814970212678114,0.0010114770993322052,0.010877850465476513,0.013219470158219337,0.10859931878301511,0.004599801359099654,0.1042969341135036,0.11497595469583777,0.043136378659367335,0.011279290733500943,0.03311798105386085,0.058895339377611856,0.03499521243381023,0.011708205532642018,0.023514226373560043,0.05106833990560311,0.043128804964485894,0.002970636578636591,0.04004473722812201,0.047141348329034945
arousal_spike_rows_2_6_train_q90,blocked_temporal_70_30,temporal_mean_2s_then_pca256,gated_ar_pca_mlp,regression_plus_binary,diag_only,1,3,210993,0.11949086112295604,0.00965485210467847,0.10592595452482995,0.12762210479969371,0.5144622244708047,0.0239703938604771,0.481099939915114,0.5363479944642928,0.1897370546138872,0.0020143934353613058,0.1869599073177217,0.19167541098286114,0.5182755288053955,0.016256246653445015,0.4953247424427524,0.53091039897601,0.12374166110776273,0.009912905161952331,0.10979499877311562,0.13194645092940382,0.44670245398773006,0.12904015283566153,0.3502044989775051,0.6290899795501023,0.01141785957736878,0.0020244724557799457,0.008563394683026585,0.01303680981595092,0.06207396046353101,0.013305672405021873,0.0434560327198364,0.07374744376278118,0.12453135650988412,0.01603901644969658,0.10186605316973416,0.13663087934560328,0.1268939393939394,0.02249925070173622,0.09517045454545454,0.14488636363636365,0.13809117619183017,0.029600108301646617,0.09667330110889963,0.1640602786465738,0.13851767604966356,0.017840384518400067,0.11330679556440147,0.15197611600796132,1.1406668777498916,0.20224882427195937,0.8555001583124187,1.3024032260875629,1.2413203620587432,0.2660793988961028,0.8690094504460659,1.4747601556099414,1.2451542272812992,0.16036964258225914,1.0185301941257565,1.366133974304183,0.004907134920358658,0.008950320230167823,-0.007475398480892181,0.013371504843235016,0.008256630351146063,0.009221075148143106,-0.004542399197816849,0.016819700598716736,0.007539031406243642,0.006089679478484471,-0.0010582543909549713,0.012275055050849915,0.0631260375181834,0.0010862582922937735,0.06227150559425354,0.06465886533260345,0.00941012023637692,7.17462231249867e-05,0.00933070294559002,0.00950451847165823,0.09700507016020925,0.00036959381732431834,0.09659556379870672,0.0974911199630932,0.012895456880509528,0.01801250174218709,-0.007805030694644856,0.03610232110782899,0.02187443777331476,0.011411447269249454,0.011350998559523703,0.037732128949798646,0.01692599984337005,0.017971322885193937,-0.006574066748130654,0.03705832530845674
arousal_spike_rows_2_6_train_q90,blocked_temporal_70_30,temporal_mean_2s_then_pca256,gated_ar_pca_mlp,regression_plus_binary,quality_only,1,3,210993,0.11628463276667889,0.004234187958034745,0.11102027876072457,0.1213881361687673,0.5173922136262661,0.010301451162403764,0.5030061817125562,0.5265755583022964,0.1934214238569549,0.005813785402667904,0.18768464345710478,0.2013905163659089,0.5078145548993673,0.008388759342869733,0.4997440920563727,0.5193802343217314,0.11487556866487347,0.004586746649508531,0.11117127624125292,0.12133922552617782,0.6949556918882073,0.23466409272704777,0.41411042944785276,0.9884969325153374,0.01001192910702113,0.004639333857478201,0.0048568507157464216,0.016104294478527608,0.05295671438309476,0.0033105218439097505,0.04920756646216769,0.05725971370143149,0.10693592365371507,0.006400242657877955,0.09815950920245399,0.11324130879345604,0.11126893939393939,0.051559869461519095,0.05397727272727273,0.17897727272727273,0.11780873850819829,0.007364663891597917,0.10946829684390105,0.12738129087290304,0.11894607146242063,0.007119064338248103,0.10918396360534546,0.12595962468012512,1.0002116278777036,0.4634786783100843,0.4852090450130136,1.6088510439905188,1.0589987714749607,0.06620196525562028,0.9840254071227511,1.1450477464701103,1.069222412068444,0.06399423747102853,0.9814694969743804,1.1322681957282565,-0.0030975937843322754,0.014125839134397217,-0.01702694594860077,0.01626824587583542,0.0012126912673314412,0.002188034890866194,-0.001852627843618393,0.003111559897661209,0.0033557936549186707,0.0017391096572381742,0.000913664698600769,0.0048293620347976685,0.06275539969404538,0.001140626344418635,0.06128837540745735,0.06406979262828827,0.009812912903726101,0.0006633229095744319,0.009321736171841621,0.010750639252364635,0.09900480056408421,0.0033109468422207085,0.09654913863852758,0.10368528946945481,0.005429582357146189,0.013656478403968646,-0.009176403996144281,0.023675517349533316,0.020308289844236684,0.012685477865032137,0.010001263327946002,0.03817816761000334,0.019261549532111396,0.007034732450087499,0.009665274144477235,0.02633231015549383
arousal_spike_rows_2_6_train_q90,blocked_temporal_70_30,temporal_mean_2s_then_pca256,gated_ar_pca_mlp,regression_plus_binary,pca_only_shuffled,1,3,210993,0.1129804437604005,0.0005909116202356094,0.11214639860829231,0.11344264738976056,0.5049134077760388,0.0028231408957989624,0.5011061777440845,0.5078581454500818,0.1751865112617245,0.008060868890340361,0.1681778010539753,0.18647706549089313,0.503167438021311,0.0026258081106900837,0.5000776845508641,0.5064962345894151,0.11270505840252763,0.0010487239923152008,0.11128714401638394,0.11379067474292154,0.40422631220177224,0.08084544474627432,0.3283486707566462,0.5162321063394683,0.010224948875255623,0.0008150616253284333,0.009074642126789366,0.0108640081799591,0.05265848670756646,0.0009564563872121528,0.05138036809815951,0.05368098159509203,0.10237730061349692,0.0018813396528476146,0.09982106339468302,0.10429447852760736,0.11363636363636363,0.00905829851785464,0.10085227272727272,0.12073863636363637,0.1171452942849019,0.0021277551246937413,0.11430196189934604,0.11941996019334661,0.11387546204151265,0.002092635974392914,0.11103212965595678,0.11600796133067956,1.0214927263431866,0.08142627723149731,0.9065747946295779,1.0853360217396357,1.0530349811287623,0.019126680173164008,1.0274758796450545,1.0734822623157285,1.0236420144224982,0.018810989355192754,0.9980829129387905,1.0428113405352792,-0.0008621762196222941,0.0015817350376217832,-0.0028213821351528168,0.0010522864758968353,0.001740513990322749,0.0008836083868260419,0.0006477944552898407,0.002811867743730545,0.0009273389975229899,0.0008407093485090946,-0.00025670602917671204,0.0016127228736877441,0.07659811278184255,0.006587244027517968,0.070245161652565,0.08567523956298828,0.01235547661781311,0.0018885229334131394,0.010243162512779236,0.014827040024101734,0.11083404468953272,0.008443409001805844,0.10120851008081898,0.12176633370559259,-0.0032529981039549605,0.001221034058853239,-0.004395836250929622,-0.001560496077834746,-9.321978051578921e-05,0.0009736865471568899,-0.0013596599964328594,0.0010081831152536638,0.0014118219294322568,0.002273094557043239,-0.0009261194341256473,0.00449154139985747
arousal_spike_rows_2_6_train_q90,blocked_temporal_70_30,temporal_mean_2s_then_pca256,gated_ar_pca_mlp,regression_plus_binary,shuffled_diag_only,1,3,210993,0.11190407414069824,0.0004803446103894165,0.11127477758965583,0.11244027558191526,0.5012254448905948,0.0011681361683322019,0.4999587326383044,0.5027771654400883,0.19921654966583172,0.0005826530769329093,0.1987059747150708,0.20003193697769733,0.500372171677372,0.0010965752391034877,0.49941013150494423,0.5019065553819526,0.11132127020052339,0.000227325061059403,0.11112120386350562,0.1116392371219773,0.946745057941377,0.009914188091136181,0.9381390593047034,0.9606339468302658,0.010437968643490116,0.00047057604878950515,0.009841513292433537,0.010991820040899795,0.05108214042263123,0.0014622530931944885,0.049079754601226995,0.05253067484662577,0.10126959781867757,0.0014245273941121779,0.09969325153374232,0.1031441717791411,0.11600378787878789,0.005229811087683362,0.109375,0.12215909090909091,0.11363851767604967,0.003252962240873947,0.10918396360534546,0.11686096104634631,0.1126433513411051,0.0015845183866269091,0.11088996303667899,0.11472846175717942,1.0427738248086695,0.047011483078714,0.983186749105317,1.0981046808189254,1.021512089298856,0.029241319959471594,0.9814694969743804,1.0504790709803915,1.0125664037795583,0.014243451258928622,0.996804957864605,1.0313097448676107,0.0017840204139550526,0.0009491040267637927,0.00045972689986228943,0.002635594457387924,-0.0003997422754764557,0.0012440749733535188,-0.0015093237161636353,0.0013375058770179749,-3.595153490702311e-05,0.0007402652094960473,-0.0010793469846248627,0.0005597956478595734,0.06420885523160298,0.0006457831863192122,0.06359667330980301,0.06510186940431595,0.00934440145889918,3.832622518485352e-05,0.009311259724199772,0.009398114867508411,0.09666624132620506,0.0001981079580971665,0.09649486890088908,0.09694387483234003,-0.003286972335943769,0.00724881360498656,-0.010890471897434233,0.006469443164518071,-0.001782746215716101,0.004888106258203399,-0.007991048249624195,0.0039544854264866895,0.0026576349156166227,0.001800198705600568,0.00016048894780941884,0.0043354742283501346
arousal_spike_rows_2_6_train_q90,blocked_temporal_70_30,temporal_mean_2s_then_pca256,gated_ar_pca_mlp,regression_plus_binary,pca_only_random,1,3,210993,0.11043932548668041,0.0003672261856642304,0.10995951370464521,0.11085133046985542,0.4980647889999374,0.0009134826298684358,0.4968785172952245,0.4991009207377772,0.19128928121279262,0.0027191249639390426,0.1878284202288227,0.19447136310628582,0.49870833007943743,0.002287439012644562,0.4957064440684483,0.5012533401984949,0.11084209463826329,0.0006763212531293823,0.10994284717071681,0.11157390829077066,0.6997273346966598,0.045927615326123016,0.6441717791411042,0.7566462167689162,0.00950068166325835,0.0004820087124652675,0.008819018404907975,0.009841513292433537,0.049420586230402186,0.0008997406306212871,0.04844069529652352,0.05061349693251534,0.0977760736196319,0.0013646572408015465,0.09662576687116564,0.09969325153374232,0.10558712121212122,0.005356869554443543,0.09801136363636363,0.109375,0.10994218557482703,0.0020015839334606086,0.10776229741256753,0.11259596246801251,0.10875746374751209,0.0015179241188557457,0.10747796417401194,0.11088996303667899,0.9491369915605441,0.04815362891533346,0.8810374764709983,0.983186749105317,0.9882852573700358,0.017992510176919475,0.9686899462325265,1.0121404187548297,0.9776356317518241,0.013644826329657888,0.9661340360841556,0.996804957864605,-0.0025160014629364014,0.0012359583866589925,-0.0038332901895046234,-0.0008623935282230377,-0.0007649560769399008,0.001156832177108362,-0.002396676689386368,0.00015340745449066162,-0.00109187513589859,0.0004639062707516776,-0.0017467737197875977,-0.0007305964827537537,0.0727900043129921,0.00603682548545013,0.06425266712903976,0.07707594335079193,0.010675813692311445,0.0007932660267495846,0.009623443707823753,0.011538591235876083,0.10325141536592815,0.003867675948683353,0.09809915243172977,0.10741783481282838,0.0009537786949917042,0.0009241888582659774,-0.00014164501993327083,0.0021189229230013083,0.0009384035250416398,0.00042877752740195135,0.0005358752229524954,0.0015324188397004266,-0.008963084077261554,0.0009924733477493055,-0.009970676784600218,-0.007613076921795456
arousal_spike_rows_2_6_train_q90,blocked_temporal_70_30,temporal_mean_2s_then_pca256,gated_ar_pca_mlp,regression_plus_binary,label_permutation,1,3,210993,0.11012916376982872,0.0002968097768417931,0.10974104355042938,0.11046166551673833,0.49926723714783067,0.0004731369321038569,0.4988465586332858,0.4999281982258478,0.10032153601904244,0.04072045534236477,0.0627596570317334,0.15690541402468766,0.4984183080288464,0.0009404359283318812,0.4976174130665055,0.4997382961819933,0.10603546964727766,0.0038331080696166983,0.10174835196331328,0.11105210048329704,0.12627811860940694,0.1000476001140275,0.04537321063394683,0.26725460122699385,0.008733810497614179,0.0005252568168855633,0.008052147239263804,0.009330265848670756,0.04682174505794138,0.0011636418101352835,0.04575664621676891,0.04844069529652352,0.09824471710974779,0.0015700004918786897,0.09624233128834356,0.10007668711656442,0.09706439393939394,0.005837513260387289,0.08948863636363637,0.10369318181818182,0.10416074305753009,0.002588664635342178,0.1017912994029002,0.10776229741256753,0.10927874135153066,0.001746329805012636,0.10705146431617855,0.11131646289451237,0.8725250370848051,0.052474200551674094,0.8044255219952594,0.9321121127881576,0.9363150843531631,0.02326985844430609,0.9150158331167401,0.9686899462325265,0.9823214670238373,0.015697996103827133,0.9623001708615995,1.0006388230871612,-0.005735484262307485,0.001528378286394513,-0.007771138101816177,-0.0040883757174015045,-0.0030458917220433555,0.0009180438677039217,-0.004077170044183731,-0.0018472038209438324,-0.0013707876205444336,0.0011964273160447816,-0.003062009811401367,-0.0004806444048881531,0.0719131405154864,0.0036765517998911656,0.06913914531469345,0.07710858434438705,0.012305724434554577,0.001375345974976622,0.010506974533200264,0.013845988549292088,0.11075423361379234,0.006262920339273686,0.10250353424736273,0.11766897870421111,-0.0162178392131867,0.014346016919479315,-0.036111832036664834,-0.0028235120462791487,-0.02352476131281049,0.01591575955656136,-0.04535302649837462,-0.007855396587426672,0.0048539852768988605,0.0017968725946043683,0.002699723454657761,0.007098375235012062
arousal_spike_rows_2_6_train_q90,blocked_temporal_70_30,temporal_mean_2s_then_pca256,gated_ar_pca_mlp,regression_plus_binary,time_only,1,3,210993,0.11005156387162045,0.0010541646066652398,0.1085678280259779,0.11091909197980332,0.4890445453476627,0.003396712362584497,0.4842541980901411,0.4917494158854617,0.05978684371039416,0.038621289962232,0.010388325500865693,0.10466643622537158,0.5006758254663752,0.0006437000135043669,0.49979316938179813,0.5013100608396481,0.1282151531827275,0.0227397341907507,0.11035125893689773,0.16030534351145037,0.04916496250852079,0.037404184717576575,0.005368098159509203,0.09675357873210634,0.010949216087252897,0.0008370348800438182,0.009969325153374233,0.012014314928425357,0.050315269256987045,0.00030125544529079485,0.050102249488752554,0.050741308793456036,0.10148261758691207,0.0013566533169811384,0.09956543967280164,0.10250511247443762,0.12168560606060606,0.009302501280486975,0.11079545454545454,0.13352272727272727,0.11193251824471613,0.0006701798703312926,0.11145862951379017,0.1128802957065681,0.1128802957065681,0.001509021261310839,0.11074779641740119,0.11401762866079045,1.0938484611258288,0.08362144907437745,0.9959554081846068,1.200253953453244,1.006176628408631,0.006024337993388251,1.0019167781613467,1.0146963289032005,1.0146963289032005,0.013564797332470973,0.9955270027904196,1.0249199694966837,0.0030578747391700745,0.0035952835378039207,-0.001376330852508545,0.0074296146631240845,0.0005695484578609467,0.0004341795823828448,0.0002560243010520935,0.00118352472782135,0.0012702979147434235,0.0003488882879437327,0.0007807724177837372,0.0015685223042964935,0.0620326374967893,0.006878789589331655,0.05613889545202255,0.07168208062648773,0.0099946865811944,0.00020439203333784674,0.009778744541108608,0.010269063524901867,0.0999682238511096,0.0010201966716503147,0.09888753481156565,0.10133638796060311,-0.011157921836504228,0.013013690803975821,-0.023822965062268203,0.006738843486165911,-0.0011669817293626275,0.01072673872808332,-0.011397107652549717,0.013648739885520676,0.003094902934814431,0.005523365825245476,-0.004352573252203363,0.008858905445521903
arousal_spike_rows_2_6_train_q90,grouped_video,temporal_mean_2s_then_pca256,gated_ar_pca_mlp,binary,real_ar_pca_diag,5,3,699267,0.22905738108131987,0.009345206074816977,0.21381884628690603,0.24231988068928195,0.708872033431828,0.008545399127982271,0.6932308299548277,0.7243862288003579,0.2886629687033222,0.006421525181380891,0.27729157070474436,0.301706759844107,0.627856032193432,0.006679035016931491,0.615147896794844,0.6353989564831324,0.2189944064640873,0.005984187920783703,0.2064494680851064,0.22984117287721442,0.4248179869064679,0.02351993877831751,0.3494311585790573,0.45574502639058057,0.04442703695874346,0.0050679668842148725,0.038345713712106,0.05473684210526316,0.1621815512286261,0.01124860609774141,0.14635615338285485,0.18362573099415205,0.27195605339922596,0.015190042956535482,0.2475406544870508,0.29777777777777775,0.44111349036402575,0.03008038187823765,0.4025695931477516,0.5010706638115632,0.3233553941101111,0.014376764568891719,0.2971698113207547,0.34663234663234666,0.2712749168928871,0.009598438059248884,0.25235849056603776,0.28614328614328616,4.434839090335936,0.5053819833025166,3.8270992942345794,5.4621976783500505,3.242919421681804,0.22487204505785613,2.9264324122786274,3.6710966605703446,2.719309498315913,0.15177604309338363,2.475353435955149,2.977266680969749,0.13220972046256066,0.024398453319481875,0.10457558184862137,0.18003836646676064,0.0782699095706145,0.006759637018001913,0.06698649376630783,0.09162354841828346,0.058395116776227954,0.0038581792976127064,0.05102021247148514,0.06470823660492897,2.6474931557973225,0.04653707286336958,2.5604088306427,2.7362496852874756,8.166497230529785,0.28474934220115633,7.62589168548584,8.634783744812012,2.8572734777856668,0.04985482596891328,2.761501708398139,2.938500254349489,0.2724523003772925,0.010436211558384223,0.2557618543061651,0.2927967666714411,0.22233156513071192,0.01706241847349519,0.2004847940780748,0.24437559233248637,0.22233156513071192,0.01706241847349519,0.2004847940780748,0.24437559233248637
arousal_spike_rows_2_6_train_q90,grouped_video,temporal_mean_2s_then_pca256,gated_ar_pca_mlp,binary,ar_only_head,5,3,699267,0.22484451328434868,0.0119922251786488,0.2093795222797344,0.24682914870141803,0.7110387844307354,0.012608538946903336,0.6877331442840149,0.72638971477712,0.29354668518440064,0.01669671478376451,0.2679036458333333,0.3214518111488685,0.6309506181255383,0.01956372937936899,0.5972327664380918,0.6551450972493753,0.22645577302879377,0.010616368272269631,0.21288543000689586,0.24716477651767846,0.4223905404379772,0.05345148600609455,0.3304557317807669,0.4924541444160669,0.04036487174176467,0.00596094658397426,0.03172053804456936,0.050292397660818715,0.16078372262034232,0.013928071995894653,0.13832563742220438,0.1775438596491228,0.27788430173192574,0.02411043907242595,0.2449307367998394,0.3064327485380117,0.3997144896502498,0.03779643767273013,0.33832976445396146,0.4603854389721627,0.32029207595245335,0.018393356882924667,0.2955812955812956,0.35334476843910806,0.27679231229555723,0.015500603992112174,0.26174640635056856,0.306669526056187,4.0293840224982365,0.5949729231348833,3.165872714602427,5.018685901048123,3.2149507495177985,0.2782576538153727,2.765859989108333,3.54950619792725,2.7785784768232813,0.2409225834596322,2.4492548190310477,3.0638015334409827,0.11068745280305545,0.018165555438764164,0.08582783490419388,0.1490381546318531,0.07408375715216,0.007216449820636739,0.06231718510389328,0.08453257754445076,0.05724044566353162,0.0059856440752539455,0.048844434320926666,0.0640745535492897,2.8766112486521402,0.10457342164576405,2.730625629425049,3.134730100631714,11.09724178314209,1.3569943760932583,9.235133171081543,14.297477722167969,3.3252318710213418,0.20018688040427648,3.0389361906893573,3.781200566244532,0.21087310100774354,0.010553969674194546,0.19001284240605232,0.23345631091631647,0.1912682134388192,0.018416467240725987,0.15626077829757998,0.22061478340662447,0.1912682134388192,0.018416467240725987,0.15626077829757998,0.22061478340662447
arousal_spike_rows_2_6_train_q90,grouped_video,temporal_mean_2s_then_pca256,gated_ar_pca_mlp,binary,ar_plus_shuffled_pca,5,3,699267,0.20372627385598568,0.009055432801703553,0.18765758427244225,0.2172548266340972,0.6735055569688789,0.010971332036415163,0.6553704813372974,0.6870064642404414,0.26141972942229647,0.006597091224780513,0.2461866491717238,0.27057801794847053,0.5984213155941724,0.010038306437241566,0.5820648877958786,0.6180682357394999,0.21874023398624545,0.010529205818717436,0.19149393190849534,0.23094723850663376,0.3272294777095626,0.026147925988270263,0.301345111423409,0.4139772463431623,0.03964947987897121,0.007389206878750338,0.028709094559325438,0.051228070175438595,0.15400962857132272,0.015161606547063201,0.12808672957237502,0.17730994152046783,0.25173372403103533,0.018434411620586455,0.22003613732182292,0.2783625730994152,0.39172019985724493,0.05117409647663199,0.30620985010706636,0.4689507494646681,0.30645302249075834,0.017230039980562425,0.2737022737022737,0.32547169811320753,0.250810908345752,0.009141091733416108,0.23514267324608454,0.2639931374651512,3.9579572265714096,0.737406192556948,2.865315178405994,5.11205680153274,3.0795071212406238,0.30303181033078613,2.561130149566206,3.544829641671747,2.5171023114815965,0.18421930173312268,2.2003141652934657,2.7831479578586027,0.1124138983587424,0.028951796026959357,0.07280001789331436,0.16817637160420418,0.0714209126929442,0.009506506096460645,0.054601654410362244,0.08632426336407661,0.05151304478446642,0.005394692605771719,0.041472427546978,0.05930327996611595,2.7138812859853108,0.07045507523634491,2.6083426475524902,2.839005708694458,8.278665606180827,0.4815798931022239,7.590815544128418,9.10951042175293,2.8760596404354475,0.08334597074334442,2.7551434706977456,3.018196551212815,0.23365952526399061,0.015549161534467558,0.2064555844729996,0.25837103612623885,0.1931546753865091,0.025626696323868253,0.15638237856172152,0.23267966877580068,0.1931546753865091,0.025626696323868253,0.15638237856172152,0.23267966877580068
arousal_spike_rows_2_6_train_q90,grouped_video,temporal_mean_2s_then_pca256,gated_ar_pca_mlp,binary,ar_plus_random_pca,5,3,699267,0.20361946140871165,0.008524769717653684,0.18803330098626883,0.21882987622416136,0.6729159760254471,0.009431814337190486,0.6577400748191451,0.6856248249255643,0.260417945743287,0.0054667585750989055,0.24941930316379657,0.2690805145307289,0.5985493798282189,0.007692296271482137,0.5848636295775392,0.6083503002314063,0.21372747748178328,0.009710990000684634,0.19460067491563554,0.23090964405232736,0.33550771311046973,0.023999160750757184,0.3117847821722546,0.3863174989849777,0.03937879510084104,0.006796524434669754,0.02931138325637422,0.051228070175438595,0.15467220173185908,0.01550441432850027,0.1282874924713913,0.17707602339181286,0.2520261366369414,0.018333338337117543,0.2212407147159205,0.2774269005847953,0.38929336188436825,0.04538537035600595,0.31263383297644537,0.4689507494646681,0.3077962672302295,0.018938381497257878,0.27413127413127414,0.3400514579759863,0.2511398178760843,0.009940705308644632,0.236429950654366,0.26849667595968263,3.9309545436165565,0.6783736524030486,2.9254266856452804,5.11205680153274,3.0927506984431115,0.3098409131904967,2.565144460145464,3.540153085416243,2.520024866421442,0.18318961465373207,2.2123596807968973,2.7737928386725237,0.11232768222689629,0.027690649993786332,0.06644716113805771,0.16649656370282173,0.07130148336291313,0.00971341660022408,0.05453537404537201,0.0866803415119648,0.051074159393707914,0.005098898539389057,0.0415167436003685,0.058357659727334976,2.7074923197428387,0.05326488145961288,2.608853816986084,2.843744993209839,8.20663324991862,0.36777850776542037,7.593206882476807,9.161564826965332,2.8640114776225536,0.06380835340998262,2.7555774136243762,3.026807695735778,0.2345680350762857,0.014534091084023934,0.21036475255921402,0.26031579651419146,0.19268360061633422,0.02411548224732196,0.16188548078398213,0.2284623349048543,0.19268360061633422,0.02411548224732196,0.16188548078398213,0.2284623349048543
arousal_spike_rows_2_6_train_q90,grouped_video,temporal_mean_2s_then_pca256,gated_ar_pca_mlp,binary,pca_only_real,5,3,699267,0.1433903179669058,0.015458044587973117,0.12648767650130294,0.16412599609304904,0.5892265733266776,0.01508567545994943,0.5642303507408404,0.6066241132079745,0.1987865591614652,0.01836666234529747,0.16884572282405677,0.2231922013676706,0.5543533297214345,0.010592771895425644,0.5390147602062983,0.5677933494874114,0.152896935422344,0.014106047488885654,0.13210393964794637,0.17501426126640046,0.2886252656586102,0.0426922292963076,0.21146198830409357,0.3369874137231019,0.02585342221309372,0.004036824688604334,0.01881331403762663,0.03172053804456936,0.09961533979524263,0.01021504373281055,0.07856109158569362,0.11185546082013804,0.17278338841601618,0.015164064593450603,0.14182344428364688,0.19143321153065368,0.259243397573162,0.05050669210267182,0.1948608137044968,0.33832976445396146,0.19953938255825052,0.026473816618369252,0.16295025728987994,0.23723723723723725,0.17300981346472843,0.020478023478774803,0.14711559082135964,0.20227370227370228,2.580783299802056,0.4028949414795644,1.87818913717822,3.165872714602427,1.9918973844984615,0.20450189610068423,1.5706154424992316,2.237061230362083,1.7276874754186844,0.1517278313405366,1.4179911257542752,1.914291052841601,0.05637723729014397,0.012759910677685142,0.037402234971523285,0.07299371063709259,0.03627370670437813,0.00692548167745489,0.024882785975933075,0.04470356926321983,0.02695575331648191,0.005171037558089126,0.01810237020254135,0.03345094993710518,2.4722654978434244,0.06190096414675515,2.378148317337036,2.5761730670928955,6.583738835652669,0.3874441027007927,6.039648532867432,7.29109001159668,2.56478181283601,0.0750539019525136,2.457569639474624,2.700201846454572,0.12528467509088972,0.018207756451417322,0.09695655672363056,0.1490024166479753,0.11266435985949404,0.015290662975672784,0.08609499374605041,0.13835390782818738,0.11266435985949404,0.015290662975672784,0.08609499374605041,0.13835390782818738
arousal_spike_rows_2_6_train_q90,grouped_video,temporal_mean_2s_then_pca256,gated_ar_pca_mlp,binary,quality_only,5,3,699267,0.12073186936197207,0.016022158799891495,0.09226461959557294,0.14861526283072846,0.5418079601513742,0.029208754663016614,0.488495724796782,0.583275199481485,0.18179741048791262,0.01707056683785656,0.15837975738012183,0.21707236962154666,0.5308155247897052,0.02060558945265449,0.5008715648632929,0.5649656790355093,0.11374843719269204,0.010945502096291332,0.09255228975281207,0.1326494201605709,0.4906380402884428,0.15897405955761965,0.3144511060574736,0.9380078941258416,0.019931072237537126,0.005862674022938205,0.010336985734959685,0.026299939771130296,0.0766432157975586,0.019261070703848374,0.04651643580731859,0.10238907849829351,0.13130016691473764,0.02484072964872067,0.09448004961753152,0.16522786589038346,0.19814418272662385,0.057382608511165376,0.10706638115631692,0.28051391862955033,0.1530466388956955,0.03950762053106197,0.09219554030874785,0.2187902187902188,0.13120175895026942,0.026103376958445643,0.09283876500857632,0.17657155116927697,1.9895174282569497,0.5849590255255119,1.0319720533946264,2.624869149448848,1.5325273073439762,0.3851100075882878,0.9299696699008607,2.047298395421262,1.3128884534230376,0.248408411681422,0.944638403017061,1.6522432098873379,0.03952891950805982,0.01459997167920224,0.008592803031206131,0.059671156108379364,0.02070890540877978,0.010448979853137069,0.001510821282863617,0.03522449731826782,0.012610506514708202,0.007141954141324642,0.0006914697587490082,0.022759132087230682,2.372666295369466,0.12760956005013951,2.3094515800476074,2.845019817352295,5.728021589914958,0.6471899511725905,5.405374050140381,8.125929832458496,2.3900850183728033,0.12456000507720769,2.3249460316618924,2.8506016614845535,0.06549477202286158,0.031305342811238805,0.004816130593256135,0.11625963378269641,0.048922173408034175,0.01885791144682566,0.013685474112674208,0.07590846760412022,0.048922173408034175,0.01885791144682566,0.013685474112674208,0.07590846760412022
arousal_spike_rows_2_6_train_q90,grouped_video,temporal_mean_2s_then_pca256,gated_ar_pca_mlp,binary,diag_only,5,3,699267,0.11947905051839784,0.009518092911473774,0.10703032639436254,0.1352146970853201,0.54758753232878,0.020013816765854606,0.505340581353463,0.5682034293011627,0.18630411509208658,0.014710142925585654,0.16416164161641617,0.2075487994472275,0.5374930119373691,0.01510053952365636,0.5074591476312297,0.5517768230335137,0.11808461660518461,0.009097701495361743,0.10181412224392966,0.13221458046767537,0.4449017797681767,0.05701673908683788,0.38205499276411,0.5456735595261996,0.017506215509761357,0.0029233163147778826,0.012404382881951623,0.022083918891788797,0.07124383408984399,0.006958230806786724,0.05747364068637585,0.07809676771732584,0.13463360833739588,0.012848159430599158,0.10915856936117428,0.14900584795321636,0.17416131334760887,0.027970544217432888,0.1284796573875803,0.23554603854389722,0.14217692330899878,0.01368035845670596,0.11921097770154374,0.1668811668811669,0.13428720070196978,0.011749029242117853,0.11323182500536136,0.1551169276979189,1.747507362960549,0.291604375530685,1.2383664640735517,2.2040885987738417,1.424569870340842,0.1391701117284865,1.1490291921441746,1.5615668153311197,1.3462172220366075,0.12848994406817218,1.0913984174901712,1.4898027303831343,0.031207127124071123,0.008794909847026902,0.013280510902404785,0.046583302319049835,0.016774285833040872,0.004094598723107951,0.010117359459400177,0.022121917456388474,0.012704753627379736,0.003563407374457513,0.00630582869052887,0.017288271337747574,2.367014249165853,0.027102673402493224,2.3222227096557617,2.4097249507904053,5.705296929677328,0.14487155147608166,5.4972028732299805,5.9281697273254395,2.3883839444500654,0.030316061262539978,2.3446114546401886,2.4347833019234875,0.06653614132099897,0.02127819163849194,0.023808221907274534,0.09688123112796508,0.05849020968973407,0.018644155822451047,0.019543540559669843,0.0889411666773481,0.05849020968973407,0.018644155822451047,0.019543540559669843,0.0889411666773481
arousal_spike_rows_2_6_train_q90,grouped_video,temporal_mean_2s_then_pca256,gated_ar_pca_mlp,binary,time_only,5,3,699267,0.11233442129538314,0.008756833451155835,0.09426270941755598,0.12289565352683539,0.5253476653363887,0.014467524127361906,0.4902552350351628,0.5419825510715717,0.18114526769288009,0.010151356287679254,0.16464891041162227,0.19213229766975695,0.5104614294499445,0.009137025310345355,0.4957183233795027,0.525446823418176,0.10290516813992391,0.005787729352462443,0.0909830324665055,0.11005116355834296,0.7726995426431754,0.12470802954868378,0.6203508771929824,0.9541209906617946,0.015597853253051627,0.0023077147985734155,0.013099415204678362,0.02027705280064244,0.0708455313273698,0.005086039834896738,0.05871407897457102,0.07894125841653123,0.12642500224324194,0.006825331663086499,0.11370684308455654,0.13865205034510758,0.1563169164882227,0.029067421565680256,0.11991434689507495,0.21627408993576017,0.14160311990500668,0.01192344907517533,0.12178387650085763,0.15444015444015444,0.12654970511401487,0.011406642002986333,0.10770220982621755,0.1465036465036465,1.5570326759522797,0.23028280189065992,1.3071926067846276,2.023754077055982,1.4166124407221994,0.10186140641516607,1.1738283833415308,1.5787236143961265,1.2641373214965907,0.06826934584708291,1.1368733515522615,1.3864907625565361,0.02503487765789032,0.009818262498475604,0.009677402675151825,0.04304172843694687,0.01781243532896042,0.0038076358824901393,0.011686906218528748,0.02201804891228676,0.010701145728429158,0.002733282646412135,0.006725389510393143,0.015991967171430588,2.2913397312164308,0.019456949546341747,2.263421058654785,2.333263635635376,5.277200730641683,0.08829174142022722,5.1503729820251465,5.472378730773926,2.2971359218809075,0.019164734436911395,2.2694433198529427,2.339311593348335,0.045554241621996054,0.01746557992934368,0.004914029209719668,0.06373812144850328,0.04511096113191347,0.007777896156242584,0.027163677422121797,0.05505643127412445,0.04511096113191347,0.007777896156242584,0.027163677422121797,0.05505643127412445
arousal_spike_rows_2_6_train_q90,grouped_video,temporal_mean_2s_then_pca256,gated_ar_pca_mlp,binary,video_mean_pca_oracle_diagnostic,5,3,699267,0.10622984858938106,0.010532089418311656,0.0937642289197236,0.12086191151035204,0.5287380489073427,0.016523196025596123,0.4971037762368271,0.5571477656815168,0.11124147780597839,0.022304449742596898,0.06898754391568189,0.15064586478778727,0.5010400386666783,0.008825080671609644,0.48136466432797115,0.5180192233003261,0.10088421711181934,0.01635763656580889,0.0637042862760519,0.12835906232132646,0.127823622324457,0.03687558155809699,0.075226375667518,0.18229801055623224,0.008822862233610835,0.005955439476058104,0.0,0.01806866091146356,0.044391316737996005,0.011756272756014026,0.020199674947759462,0.05968331303288672,0.09662853966271402,0.01165791327813888,0.07336893429301138,0.11368250101502234,0.09022127052105638,0.06179436050602835,0.0,0.19271948608137046,0.08999125319880037,0.027799124024599182,0.037307032590051456,0.12612612612612611,0.09715118936021754,0.016332394007316835,0.06775300171526587,0.1205749839090324,0.8807507635982506,0.5944841788941572,0.0,1.8033452171785977,0.8876470528586966,0.23513982183053328,0.4039675130954794,1.193640656490839,0.966201136668643,0.11659563997829657,0.7336421502193765,1.1368006252293708,-0.004987763489286105,0.020582203450042153,-0.03930983319878578,0.03628002852201462,-0.0035103078931570052,0.007998692049932263,-0.01691560633480549,0.007764704525470734,-0.0008307956159114838,0.003352681192029298,-0.006518639624118805,0.004185028374195099,3.024002742767334,0.16437254680552887,2.685357093811035,3.2720654010772705,11.222926012674968,1.5714343781268714,8.362958908081055,13.851068496704102,3.3416107852638293,0.2378305541418622,2.8918780935719015,3.7217023654107675,0.02237429242699203,0.021283185722857118,-0.01304001353483091,0.051122255295568034,0.017103425619173458,0.022482271678160536,-0.025308893865668227,0.05917653028304058,0.017103425619173458,0.022482271678160536,-0.025308893865668227,0.05917653028304058
arousal_spike_rows_2_6_train_q90,grouped_video,temporal_mean_2s_then_pca256,gated_ar_pca_mlp,binary,label_permutation,5,3,699267,0.10614131974909355,0.006966541722013972,0.09453612828270877,0.11717813954414892,0.5090454346785468,0.010496307948761845,0.48759761865309065,0.5298761757008267,0.16989125959737245,0.015835067614156588,0.13813553193028133,0.18983700862895495,0.4982566164992788,0.008729329289104705,0.48211902225874503,0.5133552180827716,0.10069243578528095,0.006398920925302831,0.08919083900431823,0.10792388525986936,0.6712847671844648,0.26504827638200207,0.19743642753773,0.9445797807551766,0.012610621830039583,0.0021525684638441004,0.008526187576126675,0.0152046783625731,0.061677656138932085,0.006901321286676933,0.04775687409551375,0.07227464364585424,0.11702764232421356,0.008936544751336909,0.09820136448211701,0.13146198830409356,0.12605281941470378,0.023455331218890364,0.08137044967880086,0.15417558886509636,0.12341721775684039,0.016476207424656043,0.09905660377358491,0.15444015444015444,0.11704150801331584,0.01141351447153843,0.10062218408066938,0.14031323750268182,1.2588265249368005,0.21479156193486396,0.8511399113735535,1.5172771328750139,1.2332817266578657,0.13797876566881073,0.9547688610982171,1.4451518085326556,1.1701718600768272,0.08936736770086394,0.9818451672496805,1.3143942456441469,0.005674479901790619,0.0077554568316825865,-0.012666601687669754,0.020564045757055283,0.006246249377727509,0.004296546871686021,-0.001097302883863449,0.013453811407089233,0.004646878937880198,0.0025470649636620403,8.970499038696289e-05,0.009304828941822052,2.2993419965108237,0.1653440078184521,2.1284289360046387,2.671952486038208,5.868272050221761,1.2125673613025882,4.679239273071289,8.684065818786621,2.4104607975988137,0.24072971038293783,2.163154935059273,2.946873906156594,0.006150344842492718,0.015326872234122128,-0.029314083267138497,0.028894998791082507,0.017790292848000808,0.020247898244884634,-0.01563732879673003,0.0669721618677002,0.017790292848000808,0.020247898244884634,-0.01563732879673003,0.0669721618677002
arousal_spike_rows_2_6_train_q90,grouped_video,temporal_mean_2s_then_pca256,gated_ar_pca_mlp,binary,pca_only_shuffled,5,3,699267,0.1003356787189639,0.006406427511095455,0.09147051492790394,0.10707679338495743,0.5002247253472583,0.003275099505586241,0.4963071207449998,0.5108562138857127,0.1615245796036911,0.011656019184623063,0.14504188583674266,0.1819484240687679,0.500141644765055,0.003517509782566408,0.4966718183925055,0.5114115292895589,0.10014999653353707,0.0064838393194630115,0.09103217585218222,0.10822970692995064,0.46928394389324013,0.16787251560672364,0.23629793214214012,0.8414035087719298,0.010250692143454511,0.0010659134528143341,0.007485380116959065,0.011977263499796996,0.04962462474220779,0.001927386174854752,0.04416783778357759,0.051929824561403506,0.09935182929502034,0.0030055809410964697,0.09496085123469183,0.10481703535249122,0.10278372591006422,0.015101041589273822,0.06852248394004283,0.12633832976445397,0.09919666051741524,0.00622923946860801,0.08919382504288165,0.1093951093951094,0.09938108733331531,0.006763288069494634,0.08946577987556319,0.10984767217335335,1.0232654022162067,0.10639402437840445,0.74696720387693,1.1956489231199918,0.9922738086130677,0.03849790881332793,0.883148327436623,1.0381954887218043,0.9934280123354806,0.030027449813852664,0.9495881388538406,1.0479905258854483,0.0019288380940755208,0.002734599575986749,-0.0023817792534828186,0.007436960935592651,0.0001017617682615916,0.0017879876202997857,-0.00450572744011879,0.002171926200389862,-6.077190240224202e-07,0.001368489868483615,-0.002663731575012207,0.0015869177877902985,2.3584651629130047,0.145674362640897,2.289498805999756,2.8983068466186523,5.632009887695313,0.7561916985011025,5.279210567474365,8.433916091918945,2.368761722339981,0.14483711703925892,2.297653273989434,2.904120536740675,0.0012631511761371564,0.005501766698968301,-0.0084977405412663,0.012320198491294178,-0.00139599679270654,0.007902043097916934,-0.013989939905095748,0.011878344086797894,-0.00139599679270654,0.007902043097916934,-0.013989939905095748,0.011878344086797894
arousal_spike_rows_2_6_train_q90,grouped_video,temporal_mean_2s_then_pca256,gated_ar_pca_mlp,binary,pca_only_random,5,3,699267,0.09991130186953256,0.006831808669484096,0.09090004670968735,0.10775678286417478,0.5000003628052344,0.004044009934699753,0.49393100977965115,0.5085039576994321,0.14541948772909466,0.022517751461391136,0.10492157923201731,0.18612017207961046,0.4994821911934137,0.002931331993047735,0.4942712573069151,0.5047500599965432,0.09945849224581063,0.007199505131113423,0.08575217327243259,0.10942071386775892,0.3711924153515707,0.22931885454872453,0.1351288599953564,0.7992285830288266,0.009606760685919815,0.001258546380233462,0.007251461988304094,0.011774259033698742,0.04895392536743255,0.0029644091855442864,0.044346412816345486,0.05403508771929825,0.0981730056442353,0.0033574576420635953,0.09287206872533085,0.1045974703874724,0.09635974304068523,0.016382672437338784,0.06638115631691649,0.12419700214132762,0.09805366503479712,0.009746315133068168,0.08190394511149228,0.11325611325611326,0.09830896950603381,0.008232203709621279,0.08538940141600515,0.11177858828577558,0.9590004839462515,0.12573631519500655,0.723624478755776,1.175383687134907,0.9788629707282167,0.05925423723852258,0.8868712069107652,1.080284495021337,0.9816419793168767,0.03358220095389769,0.9286609496447803,1.0459522628812916,-0.001068868984778722,0.004169089488508277,-0.010768745094537735,0.0042645931243896484,-0.0006475249926249186,0.0019386717592114857,-0.00527171790599823,0.002965744584798813,-0.0006197579205036163,0.0012654117724922045,-0.0029632113873958588,0.0015860721468925476,2.3879658381144204,0.22346081342004495,2.1526873111724854,2.9137327671051025,6.029749965667724,1.5760524291906688,4.66651725769043,9.94834041595459,2.437628385555705,0.2961719426292984,2.1602123177341688,3.1540989863912943,-0.0005660196190529936,0.0031917463119411453,-0.008312601362665479,0.006208911160489884,-9.008261658652733e-05,0.003930018592451151,-0.007492382771327391,0.006012601688794338,-9.008261658652733e-05,0.003930018592451151,-0.007492382771327391,0.006012601688794338
arousal_spike_rows_2_6_train_q90,grouped_video,temporal_mean_2s_then_pca256,gated_ar_pca_mlp,binary,shuffled_diag_only,5,3,699267,0.09973461992245097,0.0062293757703537475,0.09045621746139063,0.10773217844847549,0.49832820425218055,0.0034732792490408107,0.49203371294656933,0.5039691400574093,0.18122124028118178,0.010583008768133643,0.1679392455082426,0.1924483322895412,0.5007274870142592,0.0016649750841820534,0.49774673450666296,0.504547228159704,0.10020015420445745,0.006495888483378162,0.09213255184851217,0.10699043083696483,0.9510449883354725,0.01263474166143067,0.9086528809476009,0.9672514619883041,0.009965445402545372,0.001972504786769595,0.005887129516849371,0.012447299739008232,0.04909566559101622,0.002837668720151871,0.04156025075458556,0.054502923976608185,0.09814494708411724,0.003813684673703947,0.09101462735082425,0.1031578947368421,0.09950035688793718,0.02097869745332916,0.06209850107066381,0.13276231263383298,0.09822459067742087,0.008215168025272689,0.0767581475128645,0.10725010725010725,0.09816599393214782,0.006968652482105634,0.08404802744425385,0.10875160875160875,0.9947948461448199,0.1969255928521496,0.5876918435674535,1.242304482945256,0.9816954050923976,0.05669076598913078,0.8311515499320784,1.0896376075323444,0.9813600167253526,0.038106976786912175,0.9100877306518846,1.0314018902652469,0.00034069940447807313,0.0052102493314504375,-0.00815064087510109,0.009692903608083725,-5.050376057624817e-05,0.001555452628427565,-0.0028514564037323,0.0020132549107074738,-4.79641060034434e-05,0.000923719610054692,-0.0015975423157215118,0.0016548223793506622,2.2999560515085857,0.030304980345939883,2.2617347240448,2.3832128047943115,5.30365686416626,0.14607188096423535,5.125770568847656,5.7138142585754395,2.3027538360165725,0.03133105292229616,2.2640164683251878,2.390358604597946,0.00015632052496289568,0.003680823235609404,-0.005659694381261708,0.007515144192044806,-0.00040882174512568774,0.002968760164669836,-0.005649893033269208,0.0055575801286659055,-0.00040882174512568774,0.002968760164669836,-0.005649893033269208,0.0055575801286659055
arousal_spike_rows_2_6_train_q90,grouped_video,temporal_mean_2s_then_pca256,gated_ar_pca_mlp,regression,real_ar_pca_diag,5,3,699267,0.22381696942373983,0.007777899541882083,0.21013997616526586,0.23911084493974802,0.6811579980904057,0.009493410831641477,0.6641922280758025,0.6962006722491749,0.277060772725941,0.015439472823000889,0.2392666511951729,0.2957853116850341,0.6079336112036517,0.010413758490074544,0.5814608318940381,0.6184000498332514,0.23711467822163185,0.01240366077431044,0.21368974042027195,0.26268320180383314,0.33731964703738343,0.03924097618120168,0.24116959064327487,0.3747462444173772,0.04690370201214692,0.004910046079748137,0.03978887535525782,0.056140350877192984,0.16644160508163572,0.005311230329756096,0.15619353543465167,0.1726315789473684,0.2677112383975716,0.008116445259829332,0.2528654970760234,0.2811701880659392,0.4659528907922912,0.03027083005922448,0.4197002141327623,0.5139186295503212,0.3326472147226864,0.01830467513711753,0.3007293007293007,0.3586443586443586,0.2678278034027031,0.01863053120552942,0.23192447972538083,0.29493779493779493,4.682099036821326,0.4899137902707966,3.971986253076583,5.602254029076975,3.328102537603778,0.10615972231499199,3.1231336306622395,3.451298516561674,2.6768711340265567,0.0811539659513062,2.528220960037941,2.8115210250495726,0.14633183603485425,0.02244908591405059,0.12020605057477951,0.1942489929497242,0.0834687185784181,0.003829014248123702,0.07599236816167831,0.09086870029568672,0.060036384811004005,0.002638653301200586,0.05590503290295601,0.0661156065762043,0.05813498968879382,0.0013396203232472947,0.05562121048569679,0.06101517379283905,0.007941764096419017,0.00036051854177004787,0.007333672139793634,0.008529948070645332,0.08909352171066773,0.0020269399620590376,0.08563686203845651,0.0923577179809318,0.2761528425505878,0.016732520209727465,0.2513366364670237,0.30722667467109016,0.22479455532454307,0.015636132851717957,0.1929943050445539,0.25014649063058225,0.22479455532454307,0.015636132851717957,0.1929943050445539,0.25014649063058225
arousal_spike_rows_2_6_train_q90,grouped_video,temporal_mean_2s_then_pca256,gated_ar_pca_mlp,regression,ar_only_head,5,3,699267,0.21296291193592007,0.01177080989748579,0.19715103455667027,0.2326833225783404,0.6833224155045564,0.013157141566425399,0.6644597963661933,0.701086641455323,0.28344710781616217,0.013254640472200525,0.26606631191158414,0.3072536687631027,0.6136372476761827,0.01134078152687848,0.5957493356082989,0.6264801958715932,0.23617106879718344,0.011641500602439018,0.22463367431573128,0.2584650112866817,0.35470503530386643,0.018466075326347874,0.3260389480024092,0.3789538970436221,0.04022088730423365,0.007621251074470666,0.030716723549488054,0.05380116959064327,0.15899699568546075,0.01398711130356081,0.13531419393696045,0.1745029239766082,0.27083610279869424,0.020416064793639423,0.23710098373820518,0.289228860864172,0.39743040685224845,0.05302427621534176,0.32762312633832974,0.4925053533190578,0.3167460403309459,0.01924877651372218,0.28914628914628915,0.35334476843910806,0.2700284448145719,0.015295957029172564,0.2533791031967389,0.3000214454214025,4.014969739437446,0.7603976069169307,3.0656868692036157,5.368826777865434,3.1792255007777754,0.279458378104633,2.705645330419472,3.4887109666057032,2.708105439981922,0.20399263086080174,2.3709589682587437,2.8917923978574795,0.12404595737655957,0.03011983112081522,0.09171231836080551,0.18075494840741158,0.07752006476124128,0.007108315130665908,0.06557976454496384,0.08580145612359047,0.05975575869282087,0.005293863331948079,0.050987496972084045,0.06590283662080765,0.05588440671563148,0.0016292054109970696,0.052606768906116486,0.058226246386766434,0.00762788380185763,0.0003516460777063861,0.00710264453664422,0.008039765059947968,0.08731436365795865,0.0020213116690354434,0.08427718870871417,0.08966473699257678,0.28876666959693087,0.029192532554173388,0.25151202633377767,0.332450311111281,0.26925783979070056,0.023998605978717932,0.23704451150498104,0.3036987869858019,0.26925783979070056,0.023998605978717932,0.23704451150498104,0.3036987869858019
arousal_spike_rows_2_6_train_q90,grouped_video,temporal_mean_2s_then_pca256,gated_ar_pca_mlp,regression,ar_plus_shuffled_pca,5,3,699267,0.20061153816753505,0.007944500506672631,0.18645744965184127,0.2149903108221182,0.6655172383600406,0.009141507691140721,0.6487838517798401,0.6788348959832282,0.2590083000819054,0.0059985047096259006,0.24227221233209256,0.2691327579120427,0.5967705962647456,0.007944622542845017,0.5796454894120865,0.608936473848521,0.21543309644962452,0.005313772765544395,0.20292801952013012,0.22613620665837822,0.32502429493583435,0.012718111123463341,0.3005420598273439,0.350592059438124,0.039548574671060814,0.0067193765238329544,0.03172053804456936,0.05333333333333334,0.1498494106505737,0.013071140777293976,0.12648062638024493,0.1695906432748538,0.24810913917275712,0.01676597596325905,0.21662316803854648,0.27017543859649124,0.39186295503211993,0.04882978265949199,0.3361884368308351,0.48822269807280516,0.29841824181446824,0.015340803135048535,0.2702702702702703,0.3181818181818182,0.24727922172018033,0.008400764243445314,0.23149538725595367,0.2616902616902617,3.9478267422451676,0.6701737654804991,3.165872714602427,5.322141327623126,2.99632042072888,0.2612091303452121,2.5290156649321474,3.390503285240127,2.48086130128785,0.16755006689200444,2.1661852047004104,2.7012906649804083,0.11446078245838483,0.027898477997956757,0.087534599006176,0.17582004144787788,0.07032515332102776,0.008194195200733475,0.05537469685077667,0.08239946141839027,0.05261091217398643,0.004500640927239488,0.04291548579931259,0.05905017629265785,0.05701231186588605,0.001588405383311225,0.05434568598866463,0.05921413376927376,0.007852978073060513,0.00038914201928473693,0.007218590471893549,0.008326942101120949,0.0885895579677372,0.0022064206628482205,0.08496228852787305,0.09125207998243628,0.25494613648583786,0.025688429908643305,0.2153503396298249,0.3076892113091121,0.21690652781052167,0.020594601015089593,0.1806309101857801,0.2480719483384586,0.21690652781052167,0.020594601015089593,0.1806309101857801,0.2480719483384586
arousal_spike_rows_2_6_train_q90,grouped_video,temporal_mean_2s_then_pca256,gated_ar_pca_mlp,regression,ar_plus_random_pca,5,3,699267,0.19949181600138505,0.00825959219942447,0.18701079487620836,0.21520455457370366,0.6615235340337544,0.008876738162871153,0.6472943828230759,0.680425664745325,0.2558669425969609,0.008123496372718067,0.24227852783428888,0.2735410569805474,0.5944282552775971,0.007633556617500695,0.5817423543953426,0.6092952561142562,0.21331724531442667,0.009083070983525227,0.2003364428811745,0.23433121958413214,0.3200735255615744,0.011516053743808412,0.3053603694037342,0.3487346180636174,0.03968137399903795,0.006057500479668674,0.030917486448504318,0.050994152046783627,0.15185315409318362,0.013049737763823482,0.1292913069664726,0.17356725146198831,0.2471520833244934,0.015350959107420207,0.22264605500903434,0.2737404225679127,0.3932905067808708,0.04214059256296964,0.3297644539614561,0.4668094218415418,0.30250658646885065,0.016746579303708077,0.27627627627627627,0.338336192109777,0.2465064259269024,0.01051627337960133,0.22570263891868697,0.26656658803345484,3.961113261678692,0.604274141062944,3.085724038283378,5.088714076411586,3.0363846598265316,0.260765453331868,2.5852160130417507,3.4700047415836885,2.471292385245567,0.15340607070407516,2.2264127822175674,2.73722814907799,0.11699635510643323,0.027790245135575844,0.08021863549947739,0.16934049502015114,0.07159535810351372,0.008220282009854214,0.056224338710308075,0.08585560694336891,0.05196359232068062,0.0044168393501576335,0.043535053730010986,0.05850083753466606,0.057251789669195814,0.0015254266367849111,0.054749537259340286,0.05923071876168251,0.007882330163071553,0.00036315073387184406,0.0072479345835745335,0.00831261370331049,0.08875865495513266,0.002057020570450891,0.08513480242283136,0.09117353620053623,0.24957778802284458,0.02537818075154548,0.21150060443807606,0.30091490341408644,0.20977441469690733,0.02108518717225036,0.1769051577619766,0.24768500653880496,0.20977441469690733,0.02108518717225036,0.1769051577619766,0.24768500653880496
arousal_spike_rows_2_6_train_q90,grouped_video,temporal_mean_2s_then_pca256,gated_ar_pca_mlp,regression,pca_only_real,5,3,699267,0.13230104354100886,0.010988538261547965,0.11108639898562714,0.1450978812724103,0.5686414566769632,0.007499725506541145,0.5564009672948722,0.5829392225674244,0.16919585322046696,0.01491566739186358,0.1329859537834164,0.1889976375295309,0.5362073672151516,0.00730511148485522,0.5218054420905904,0.5452026985555958,0.14856360690624076,0.015130983380999705,0.12147912754586163,0.1734388366124893,0.20140594927840982,0.033259038826849024,0.13730994152046783,0.2393777571395403,0.02251697352652051,0.0033803204897335194,0.016842105263157894,0.027861620617599257,0.08729719285111341,0.008455926805768212,0.072046783625731,0.10146273508242395,0.15615647850405515,0.011265884877523044,0.13380116959064328,0.1729742280009287,0.22498215560314064,0.03597996851045851,0.15417558886509636,0.27194860813704497,0.17485759466891546,0.02118611469117886,0.13213213213213212,0.20197255574614065,0.1564202502081726,0.016441180602244945,0.12272044625616821,0.17378245011800042,2.2478017026724335,0.3378949390689568,1.6806762087230924,2.7824034277151535,1.745570857529452,0.16916912592021668,1.440379326695116,2.029124174973845,1.561427231239079,0.11268863999753562,1.337782043609345,1.7296310187134032,0.041780090580383934,0.013500367456196856,0.02289547398686409,0.06367615982890129,0.026498981565237046,0.006408614902072404,0.014658477157354355,0.037276264280080795,0.02062228644887606,0.0043797750861804575,0.012280881404876709,0.026505928486585617,0.06734489848216375,0.0024225252037751587,0.0639355480670929,0.07242032140493393,0.010093871938685576,0.0006873724731792168,0.009047192521393299,0.011335347779095173,0.10041073880374815,0.00339933398933359,0.09511673102768671,0.10646759027561004,0.09577343117809696,0.014429164279936896,0.06597435775561641,0.12216013265278525,0.09350362971714188,0.016111842229246397,0.06916603817642675,0.12341518360335427,0.09350362971714188,0.016111842229246397,0.06916603817642675,0.12341518360335427
arousal_spike_rows_2_6_train_q90,grouped_video,temporal_mean_2s_then_pca256,gated_ar_pca_mlp,regression,diag_only,5,3,699267,0.12330433325158346,0.008628991468311626,0.11373599722420291,0.13847835975351036,0.5532957265466357,0.011335159671091083,0.531372352178692,0.5769238832556508,0.18908549398094493,0.012678207880860706,0.1734804912171615,0.2081136496777973,0.5418923560836129,0.007071848145563815,0.5265250393657699,0.5511988484076523,0.12156389021308638,0.008457321976690713,0.11142172523961662,0.13875395987328407,0.4283844170264323,0.04745611737521478,0.38060781476121563,0.570568159004216,0.02001390607566687,0.0037294979010895762,0.014678519743642754,0.024292310780967677,0.07628816589694791,0.005164093233426611,0.06636344841844118,0.08233918128654971,0.14183884585686968,0.007997423008941006,0.12404382881951623,0.15570442549736094,0.19857244825124906,0.032992818007598484,0.15203426124197003,0.25910064239828695,0.1523272108177768,0.010809573335593075,0.13765008576329332,0.1716001716001716,0.1419080992314559,0.012377185847661383,0.12867252841518337,0.16452166452166453,1.9978461015751363,0.3721796097505488,1.4654003158203694,2.424497458651226,1.5254351247672238,0.10333546307024885,1.3267567290585613,1.6461478019372755,1.4182623968240122,0.07999825318332796,1.2402254744206491,1.5570108563409417,0.039386432617902756,0.008901692574984252,0.025657564401626587,0.05271477997303009,0.01991834615667661,0.0031213156131930605,0.014301083981990814,0.024790160357952118,0.014968324949343999,0.0027907170981656287,0.009788285940885544,0.019964586943387985,0.05969449604550998,0.0013139356975226523,0.05748825520277023,0.061866845935583115,0.008268475656708081,0.0003000738559566355,0.007921134121716022,0.008733044378459454,0.09091626156468388,0.0016459161005554625,0.08900075348959706,0.09345075911119959,0.07977268301122302,0.016023714208310363,0.05012350146972356,0.10927318421049356,0.07265347646885466,0.01653575542165552,0.04602123163729442,0.09910887670614474,0.07265347646885466,0.01653575542165552,0.04602123163729442,0.09910887670614474
arousal_spike_rows_2_6_train_q90,grouped_video,temporal_mean_2s_then_pca256,gated_ar_pca_mlp,regression,quality_only,5,3,699267,0.11608536638592097,0.009023954783878385,0.10273253875605969,0.13578474431092824,0.5358397216608642,0.024853669497171754,0.49448041327360504,0.5632546932015747,0.18083782036717783,0.01042424142325233,0.16154595923210577,0.19939121159299633,0.5225903332432879,0.017001063370962445,0.49534770579649723,0.5505220324063843,0.1089579866682242,0.007081155109397777,0.09735871408955063,0.12151188542743245,0.584348396940893,0.17109140696892225,0.37005847953216375,0.8458479532163743,0.019262571533893914,0.004692570818822491,0.012611122596650816,0.024693836579000202,0.07026092840725147,0.014253020136577274,0.046929915236716975,0.08853643846617146,0.12885342922525084,0.0248493371315629,0.08310936530907587,0.16299048061295565,0.19100642398286938,0.04432910225311926,0.13062098501070663,0.2633832976445396,0.13994608428570693,0.027577947059409205,0.09734133790737565,0.1891891891891892,0.12818059797478,0.022654563143151753,0.08621059403817286,0.16477150826003004,1.9228356840604577,0.46829881734889933,1.259005905141444,2.46457179681075,1.404923660925341,0.28505487210926145,0.9382360669666462,1.7703109654525033,1.2884258598709588,0.24850518358748144,0.8309510678618348,1.6297999666265892,0.037684915711482365,0.010207755574357371,0.021604839712381363,0.05916722118854523,0.016271204253037772,0.007086793359639642,0.0044554248452186584,0.02911791205406189,0.011152750253677369,0.006006839442400731,-0.0005784407258033752,0.01927492395043373,0.05994460458556811,0.0011968734261821046,0.05726947635412216,0.061778608709573746,0.008281440412004789,0.00031195012257503434,0.007916743867099285,0.008722556754946709,0.09098633110469329,0.001711129484262064,0.08897608592818233,0.09339462915471483,0.06450607900336003,0.022362475392891268,0.027955697463021015,0.09391617103253756,0.05075603326841664,0.014093997902143928,0.028334923366110126,0.08096534293380633,0.05075603326841664,0.014093997902143928,0.028334923366110126,0.08096534293380633
arousal_spike_rows_2_6_train_q90,grouped_video,temporal_mean_2s_then_pca256,gated_ar_pca_mlp,regression,time_only,5,3,699267,0.1130766901759924,0.007538393429106883,0.10047422063491837,0.12333474284995437,0.528340306291564,0.010214822161181955,0.5016581773668616,0.5423318796260106,0.18043071913925893,0.010649736476318762,0.16453794139744554,0.1939275220372184,0.5143152516833183,0.008943923380405191,0.4993240325707332,0.5288259379146679,0.10454082236118621,0.007305444037991633,0.09386436319277307,0.11554621848739496,0.6829532157852511,0.12704988503233747,0.5272033728167035,0.9535119772634998,0.015605466505291985,0.003302485020820993,0.009135200974421437,0.020678578598674963,0.06710579966247322,0.005408038252573337,0.055420219244823384,0.07917343858834455,0.12741530434333223,0.005694457735224789,0.11652456354039789,0.1367541211980497,0.15603140613847255,0.03689772544671768,0.09635974304068523,0.22055674518201285,0.13402576798803215,0.011499295796793525,0.11711711711711711,0.1527241527241527,0.12739308418197468,0.008743657722853251,0.10813130229564472,0.14178464178464179,1.5577884892621865,0.3295982570934585,0.9119356193288073,2.063828415215506,1.3418261537638727,0.1081925164700179,1.1083806095986364,1.5833669191443505,1.274038312508533,0.05694153974517416,1.165220640860105,1.367453248351939,0.023170533031225203,0.015028856193306945,-0.008313585072755814,0.04711829125881195,0.013367201884587605,0.004778137160297329,0.0019498951733112335,0.019741736352443695,0.01018088385462761,0.0026292430303598725,0.0040223971009254456,0.01422106847167015,0.06036627441644669,0.0011909593156165725,0.05893677845597267,0.06387988477945328,0.008433771381775538,0.0006224795472434093,0.007951445877552032,0.010507415980100632,0.09177766455059916,0.0032606243900875683,0.08917088021070574,0.10250568755001174,0.04781351157289598,0.016847293522602384,-0.0027098019730867062,0.06389571947219376,0.04356446045382177,0.023237443623953535,-0.03704357234106354,0.06304062032829234,0.04356446045382177,0.023237443623953535,-0.03704357234106354,0.06304062032829234
arousal_spike_rows_2_6_train_q90,grouped_video,temporal_mean_2s_then_pca256,gated_ar_pca_mlp,regression,video_mean_pca_oracle_diagnostic,5,3,699267,0.10807900072896091,0.007091061624917734,0.09237414215256676,0.1184169403259222,0.5200237314746488,0.014590884007648505,0.4905826658409612,0.5389254007748362,0.1550099154722633,0.01407131056344515,0.13112136266855925,0.18388660947407684,0.5136450731612083,0.00629884409066279,0.49870384564318626,0.5256726810774957,0.11048137881539044,0.006801426645620812,0.0984205240573359,0.1193560101682605,0.2688122187180436,0.062078119679748446,0.17158114697004875,0.4003248071457572,0.013091539609125976,0.006204946163656977,0.005146198830409357,0.023914557696772695,0.0525625790969657,0.012952775922317332,0.032046783625731,0.08149524030647783,0.10904572997929059,0.013257947164766887,0.0872514619883041,0.13884374274436964,0.13047822983583152,0.058801270689420704,0.047109207708779445,0.22055674518201285,0.10465532918363106,0.02358304524195903,0.05877305877305877,0.15051457975986277,0.1087597014315618,0.01183307198707809,0.08002574554816563,0.12821612349914235,1.3069814264260005,0.6197188700112538,0.5135399526653893,2.38822960878884,1.0510432938980334,0.25909979643626485,0.6406882070039964,1.6297999666265892,1.0903596551842094,0.13257224242625804,0.8723648641018982,1.3883481197189464,0.003766864538192749,0.017167331140910017,-0.028134945780038834,0.021027274429798126,0.0019989848136901856,0.006580474673171913,-0.01124851405620575,0.013900022953748703,0.002004627138376236,0.0034383865219680407,-0.004938498139381409,0.01060839369893074,0.06274960860610009,0.0016485635391553864,0.06051613390445709,0.06535202264785767,0.008851088459293048,0.00033897097231993286,0.008437151089310646,0.009407388977706432,0.09406306340692934,0.0017968199122441902,0.09185396610550164,0.09699169540587706,0.01655853454977014,0.018005112712351983,-0.015111735571332056,0.03796664668225767,0.005858906150363897,0.019205276235148182,-0.023706804458224602,0.02952489077820392,0.005858906150363897,0.019205276235148182,-0.023706804458224602,0.02952489077820392
arousal_spike_rows_2_6_train_q90,grouped_video,temporal_mean_2s_then_pca256,gated_ar_pca_mlp,regression,label_permutation,5,3,699267,0.10041484568257213,0.007989418555686245,0.08444903411970243,0.11197803256008318,0.4892326933631611,0.01250253379214137,0.4649053581950962,0.5166981273755971,0.14398033943794722,0.018100708377214603,0.11290088521259614,0.18891160193448672,0.49869124769884426,0.006961938267681359,0.4875895255313446,0.5139165619058632,0.0985874472434447,0.008103952727799929,0.0821108179419525,0.10953972743635897,0.29594306228291073,0.14221500084550515,0.1806361736707685,0.7606906243726159,0.012590196635921974,0.002289004056427435,0.009055026700719759,0.017777777777777778,0.05469561425967357,0.006616425444791302,0.03923844903645229,0.06970760233918129,0.10326087979158174,0.009802533843368207,0.07986997910378453,0.12421052631578948,0.1259100642398287,0.024454923972052203,0.0835117773019272,0.1670235546038544,0.10949186137865383,0.014846668454547433,0.07246998284734134,0.13127413127413126,0.10338638871266952,0.012075812618302265,0.07375643224699828,0.12100407637845956,1.2567806549490987,0.22836229029803215,0.904281114007425,1.7740471092077088,1.093662815610293,0.1322147425550765,0.7847185024498394,1.3936137641400799,1.032513196720805,0.09798865013711695,0.798648416694511,1.2418920719520319,0.0085244283080101,0.009016237078014615,-0.002246752381324768,0.02935919538140297,0.0015429082016150157,0.004220060535652156,-0.005661614239215851,0.010802920907735825,-9.031792481740316e-05,0.002835522895826774,-0.005379341542720795,0.005401425063610077,0.061183558652798335,0.0011490433445828546,0.058929577469825745,0.06349418312311172,0.00870975237339735,0.0002919539919811254,0.008158153854310513,0.009231766685843468,0.09331284567229789,0.0015700974285901856,0.09032249915890565,0.09608208306361529,-0.010649404268945038,0.014486016397937585,-0.029013939037170138,0.02216910231160992,-0.009286340571016844,0.011432487333526186,-0.02520763862992486,0.020021282707335913,-0.009286340571016844,0.011432487333526186,-0.02520763862992486,0.020021282707335913
arousal_spike_rows_2_6_train_q90,grouped_video,temporal_mean_2s_then_pca256,gated_ar_pca_mlp,regression,shuffled_diag_only,5,3,699267,0.10024199937431573,0.006658734475630833,0.0905407795832023,0.10758787460700298,0.5003595276080801,0.004499664923581688,0.4924814533049461,0.5096329620801123,0.18091911813644498,0.01081774974791866,0.16686159844054582,0.19235751295336787,0.49997774701319,0.0015443050423300788,0.4974614981148601,0.503153287016872,0.10006894532470133,0.006622123861343147,0.09145299145299145,0.10697296931713146,0.9462532117277791,0.014003274807126641,0.8976638412238991,0.96,0.009723861595458403,0.001129336766812313,0.00812630601346645,0.012246536839991969,0.048476306309522085,0.0028158846480601323,0.041328070582772235,0.05395906553648956,0.10088374837831489,0.004520742791186273,0.09480308566788469,0.1085383502170767,0.09721627408993576,0.013538429943787204,0.07494646680942184,0.13062098501070663,0.09710914050536693,0.009563818350647974,0.07632933104631218,0.11192109777015437,0.1009115170449097,0.007602838173446785,0.0879073756432247,0.11258846236328544,0.9706807633726274,0.11279485214240874,0.8115343330835864,1.2222673138654938,0.9693106412496598,0.05624771544638451,0.8265082451838545,1.0787648170849984,1.0087446710133192,0.045160438375395025,0.948010521396636,1.085197290118068,-0.0006029024720191955,0.004017647474908485,-0.008393470197916031,0.00983947142958641,-0.0006241736312707266,0.002310061957643873,-0.007037375122308731,0.002701837569475174,0.00012587631742159525,0.0013011478896177273,-0.00276033952832222,0.0023163631558418274,0.0604884664217631,0.0012046191218894012,0.05854608863592148,0.06250762194395065,0.008335758869846662,0.000284872257812215,0.007968440651893616,0.008718560449779034,0.09128706335640278,0.0015591451538467963,0.08926612264399982,0.09337323197672358,0.0002352394632236852,0.0051195951012512906,-0.009038841965343509,0.007522233895470875,0.00017919154191005303,0.0041944098487522365,-0.0077406854651695025,0.006458185710266636,0.00017919154191005303,0.0041944098487522365,-0.0077406854651695025,0.006458185710266636
arousal_spike_rows_2_6_train_q90,grouped_video,temporal_mean_2s_then_pca256,gated_ar_pca_mlp,regression,pca_only_shuffled,5,3,699267,0.10017646890068563,0.007235477777159971,0.08909991819317312,0.11143879158339177,0.4989444965048102,0.0059762465999555975,0.49074230887146125,0.5102175380889583,0.15820660242505352,0.01453492954069439,0.13350265017667845,0.18883415435139572,0.49976898815166426,0.0043121292275858985,0.49223158541331713,0.506990260501195,0.0995481298198519,0.006759989647062501,0.0873744308737443,0.10876529273575983,0.44369545933331994,0.18394452633080416,0.19313390885364384,0.847719298245614,0.010190703971266278,0.0012436685776155512,0.006783625730994152,0.012404382881951623,0.049820650508827447,0.003462842277557202,0.04486251808972504,0.05549106106338519,0.09997109216330093,0.004649131281888036,0.09169590643274854,0.1082112025697651,0.1020699500356888,0.015611960730326698,0.06209850107066381,0.1284796573875803,0.0997686610894158,0.010352344474668873,0.08236808236808237,0.11840411840411841,0.10013869670222555,0.009259372449111776,0.08410212400772367,0.11564042051062004,1.0172871354180038,0.1242161172876255,0.6769390285134678,1.2383664640735517,0.9962004665470329,0.06931785274127335,0.8969040816377191,1.1097498348255124,0.9996217326984577,0.046505889279577294,0.916801680235775,1.082088809391586,0.0011597822109858196,0.0029713306477180687,-0.005200110375881195,0.006120998412370682,-7.413824399312338e-06,0.001955351752610268,-0.003510449081659317,0.0035253241658210754,7.129584749539693e-05,0.001520089599966567,-0.0031820088624954224,0.002093549817800522,0.06096782684326172,0.0016377066467005092,0.05693220719695091,0.06321879476308823,0.008490821594993274,0.0002768801530930637,0.008091868832707405,0.008856020867824554,0.09213339140914224,0.0015032572777361189,0.08995481550593834,0.09410643372174166,-0.0007379420404977117,0.007176820405845932,-0.010601592458899278,0.013950465517755053,-0.0013094537816233543,0.007697358708707832,-0.011226140533281026,0.014589124949993855,-0.0013094537816233543,0.007697358708707832,-0.011226140533281026,0.014589124949993855
arousal_spike_rows_2_6_train_q90,grouped_video,temporal_mean_2s_then_pca256,gated_ar_pca_mlp,regression,pca_only_random,5,3,699267,0.09932957265699102,0.006984198805739763,0.09019595938496543,0.10667441522447979,0.4978345260265636,0.003014034345957317,0.4911942529675648,0.5025344555684234,0.13994479249100192,0.021781868463126998,0.1100272431672379,0.18229463370172042,0.4981256089848475,0.0022546091411014125,0.49448522961289604,0.5015734637465448,0.09814133741886946,0.0067926417702326965,0.08851809954751132,0.10685332666690475,0.2974349187666432,0.17318942103238913,0.1381248745231881,0.6496142915144133,0.009651844774431274,0.0010331954905930286,0.008421052631578947,0.01219764316725243,0.04871047691887524,0.002928213250426441,0.04388205247271883,0.05499276410998553,0.0978109005771755,0.004165326193632917,0.08932196508323183,0.1047953216374269,0.0965024982155603,0.012906520545091458,0.07708779443254818,0.12633832976445397,0.09756661832133531,0.0096845851903287,0.08104631217838765,0.11406518010291596,0.09785133837092799,0.007462879803047039,0.08597770154373928,0.11025311025311026,0.9634950318586939,0.10322621967943887,0.8403381043615462,1.2177270230056592,0.9739915216512394,0.058468100220934224,0.8775845974143174,1.099430809749462,0.9780198126314026,0.04162520644810217,0.8932004912516485,1.0477733488408856,-0.000903922567764918,0.003122006142531338,-0.005883950740098953,0.005257356911897659,-0.00030579715967178346,0.0014490868326773767,-0.0028438419103622437,0.0027925707399845123,-0.0005476815005143483,0.001212711807116864,-0.002562057226896286,0.001629464328289032,0.061551466087500256,0.001989186453776758,0.05671386048197746,0.06532273441553116,0.008645265301068624,0.0003357157281654884,0.008160186000168324,0.009430043399333954,0.09296250215115796,0.0017995818582581663,0.09033374784745911,0.09710841054890124,-0.0023680172277787174,0.0029925644921941184,-0.009049807086522046,0.0037711439932983917,-0.0029084031853771944,0.003913621327268408,-0.009751414166347328,0.0062230279949009116,-0.0029084031853771944,0.003913621327268408,-0.009751414166347328,0.0062230279949009116
arousal_spike_rows_2_6_train_q90,grouped_video,temporal_mean_2s_then_pca256,gated_ar_pca_mlp,regression_plus_binary,real_ar_pca_diag,5,3,699267,0.2300639382271638,0.009341878251569105,0.21532099084076797,0.24307601308694926,0.709750378286129,0.008853915453463387,0.6938044134348363,0.7250867618404577,0.28867182734585195,0.007072232665571986,0.2746658657456075,0.3008549328267065,0.6256232830862637,0.009999708476103207,0.6053087299143298,0.6380336801320048,0.22411262041395608,0.010519506811621858,0.2029741427144601,0.24575342465753425,0.4096256579195712,0.03487145572458915,0.3447098976109215,0.45006090133982946,0.045432249355171456,0.005451830801646513,0.03794418791407348,0.05497076023391813,0.16342861024386596,0.011416859033879933,0.14856454527203372,0.18526315789473685,0.27194476002123785,0.015983589915417235,0.24713912868901827,0.29894736842105263,0.4505353319057816,0.027741558442315458,0.40471092077087795,0.5032119914346895,0.32578604088038055,0.013467914303742987,0.30403087478559176,0.3504933504933505,0.27123183589502187,0.010181696106949625,0.25578902229845624,0.28914628914628915,4.535206891263755,0.5439356650385556,3.787024956075055,5.485540403471204,3.267856605703306,0.22825671498517916,2.970589828650459,3.7038325543588697,2.719197577248747,0.15973407882817398,2.471338264120672,2.988960579952348,0.13594652439157168,0.023745907144488668,0.10264395922422409,0.18233225122094154,0.07896948431928953,0.006758893645161235,0.0688418447971344,0.09186770394444466,0.05856922939419747,0.004111131198722858,0.051608629524707794,0.06526903435587883,0.05936563288172086,0.0018240336706191393,0.05617733672261238,0.062703438103199,0.008027375893046458,0.00038747519906613605,0.007296877447515726,0.00859777256846428,0.08956932038823445,0.0021708842060930867,0.08542176214241735,0.09272417467124891,0.26535192232087773,0.017534848538170274,0.24205457086074397,0.3090589189342217,0.20568401458468674,0.01720398486802745,0.17157696760465424,0.23138758149652908,0.22322228304443417,0.016977489302436196,0.20351354744689723,0.24605745844103089
arousal_spike_rows_2_6_train_q90,grouped_video,temporal_mean_2s_then_pca256,gated_ar_pca_mlp,regression_plus_binary,ar_only_head,5,3,699267,0.22468161874635453,0.010927340708971356,0.21036595264223423,0.24547701716516945,0.7094932732955245,0.010190815364658351,0.6858501722322667,0.722303133362157,0.29437458846240977,0.014867995613900807,0.2673605464303139,0.31980987947716855,0.631060629045897,0.01603613642133213,0.5968878697829498,0.6509141360646015,0.22733103647803962,0.015132588320707845,0.20846033065484437,0.2712742980561555,0.4232586673346465,0.04664469259900705,0.3300542059827344,0.47467438494934877,0.04055213974510321,0.006258209865618256,0.03288672350791717,0.051228070175438595,0.1623253217635403,0.012918436974788918,0.14274242120056213,0.18128654970760233,0.2778323782547908,0.023328301879492513,0.24533226259787191,0.3033918128654971,0.4014275517487509,0.04006718422083285,0.3468950749464668,0.4689507494646681,0.3234666791270565,0.01658839742004214,0.30360205831903947,0.354631217838765,0.27677803373762,0.014936860342322184,0.2621754988199957,0.3064550718421617,4.048062886427817,0.6245303239115946,3.282968229583706,5.11205680153274,3.2457751212809764,0.25803803404231457,2.854174821851995,3.624331098015308,2.778059803977049,0.23310265176580414,2.4532699908655244,3.0333973960862246,0.11158153638243676,0.017184500119310598,0.08847498148679733,0.14012791588902473,0.0749319759507974,0.0062166700479984755,0.06535908579826355,0.08536063507199287,0.057377879073222476,0.005753183910957028,0.04876958578824997,0.06413629278540611,0.05637687022487323,0.0016520708112892893,0.05374816432595253,0.05905377119779587,0.007606335170567036,0.0003484029698055887,0.0070898146368563175,0.008032000623643398,0.08719126068467369,0.0020048019314415954,0.08420103702957772,0.08962142948895313,0.29456586841489696,0.027477111842764156,0.2566631590795546,0.3352212994334553,0.25859449819741437,0.02194830432284012,0.2293720552740908,0.2873258526205557,0.19822075910634726,0.024258169031912503,0.15785679383260262,0.24144471670445994
arousal_spike_rows_2_6_train_q90,grouped_video,temporal_mean_2s_then_pca256,gated_ar_pca_mlp,regression_plus_binary,ar_plus_shuffled_pca,5,3,699267,0.20427406886649027,0.008826046037316203,0.1887679097596821,0.21570788270990982,0.6738431578825159,0.010395434810311487,0.6574662177888352,0.6857991574095144,0.2598323351125112,0.006269665239346224,0.24715606841803747,0.26752448626848474,0.5978522565525084,0.009693610309294729,0.5827761424999508,0.6168493918899596,0.2154863711829634,0.009822504190770142,0.19732372619660318,0.23102866779089376,0.3297712378385386,0.027265867350396558,0.2981186685962373,0.3929824561403509,0.03968395316709885,0.007121938466611004,0.029512146155390485,0.051929824561403506,0.15408285911791791,0.014989061368905284,0.12909054406745635,0.17614035087719299,0.25171615672757686,0.01874659825410254,0.2202369002208392,0.2814035087719298,0.39214846538187015,0.04770159415639161,0.3147751605995717,0.4753747323340471,0.30653898201068014,0.015247675593134169,0.27584727584727586,0.323037323037323,0.25075391074063963,0.008520987501621613,0.2353572194807981,0.2618485953248981,3.961399174927477,0.7107305910370085,2.9454638547250425,5.182084976896201,3.0809733463636717,0.2996013306762825,2.5812017024624936,3.5214468603942284,2.5169271879672364,0.18734859843197005,2.2023217512107043,2.813552095213361,0.11258424644668898,0.028131512201286665,0.07325026392936707,0.16284333541989326,0.07154318069418271,0.009141563129240598,0.05517888069152832,0.08552688732743263,0.05149285420775414,0.0052268856894024645,0.042242445051670074,0.0598377026617527,0.05744759092728297,0.0016097469021314464,0.053807009011507034,0.06024780496954918,0.00788530707359314,0.00037066085850764315,0.007252018433064222,0.008360495790839195,0.08877445563449542,0.002098356593180596,0.08515878365185955,0.09143574678887462,0.2462507781821681,0.027318326381592175,0.20553808846309765,0.2995711795635633,0.20636029685057314,0.024246425899489343,0.1722091634553852,0.24900899235752266,0.19381836187965246,0.025247627432267123,0.16037133329642628,0.2339341440172246
arousal_spike_rows_2_6_train_q90,grouped_video,temporal_mean_2s_then_pca256,gated_ar_pca_mlp,regression_plus_binary,ar_plus_random_pca,5,3,699267,0.20289598306087767,0.008516600003912708,0.18669676838414268,0.2175032843917242,0.6720954040030157,0.010456055075512087,0.6533260327941286,0.6861064602857543,0.2581343218879729,0.005748447323295472,0.2449311945281329,0.2707815784444869,0.5969387400113354,0.00784369647637606,0.5813570958515232,0.6093367304433029,0.21153015559837177,0.009121822269277758,0.19604538815863387,0.2288806331771927,0.3327457427729675,0.01963371337560481,0.30194740012045773,0.3706843084556543,0.03936763632811403,0.007097891704514686,0.029512146155390485,0.05076023391812866,0.15393912815291433,0.016523617561982666,0.12648062638024493,0.1775438596491228,0.25099829094077497,0.01853519593234337,0.2206384260188717,0.2785964912280702,0.38886509635974303,0.04648078680102979,0.3147751605995717,0.46466809421841543,0.306195082610177,0.020045008921567832,0.2702702702702703,0.3353344768439108,0.2500388302664897,0.008138712896334048,0.23578631195022529,0.2659232253913789,3.929832383613722,0.708407147595368,2.9454638547250425,5.065371351290431,3.0780901002006544,0.33020668791480223,2.5290156649321474,3.54950619792725,2.5097482573846674,0.1852219338795635,2.2063369230451815,2.7854867376551224,0.11363042121132215,0.02763307858925138,0.07325097918510437,0.1617039181292057,0.07098302866021793,0.009963822411304106,0.05499694496393204,0.08639073744416237,0.05080717032154401,0.005150498382776793,0.041226938366889954,0.058714304119348526,0.05758359010020892,0.002002356847177042,0.054035529494285583,0.06099097803235054,0.007956402096897363,0.0003670052562351935,0.007350961212068796,0.008465498685836792,0.08917471419770481,0.0020669892730808097,0.08573774671676879,0.09200814467120176,0.2373779896159456,0.027347711467518666,0.2023891902183371,0.2879833249743222,0.19761912258476796,0.02399149188650278,0.1614231693453717,0.23505499294520846,0.19317811629829082,0.02624428926658569,0.15366444205244278,0.2311450365698414
arousal_spike_rows_2_6_train_q90,grouped_video,temporal_mean_2s_then_pca256,gated_ar_pca_mlp,regression_plus_binary,pca_only_real,5,3,699267,0.14195579861057722,0.015186603615685716,0.12545740298848176,0.16819317343132897,0.5871814269579966,0.015374996309224427,0.5619180200960304,0.6130908965551752,0.1968276104660591,0.017898991204113247,0.16511672044031125,0.2244262651125751,0.552941128373645,0.010210809964355323,0.5380480046952735,0.568126079062,0.1493805534776573,0.015631628864805697,0.12704781009695754,0.1754981884057971,0.2967473469544776,0.05120347786926777,0.20350877192982456,0.3830694275274056,0.02512686423574061,0.004235023602565571,0.019640272896423405,0.03392892993374824,0.0981725591240846,0.010728694209459407,0.07483977672110813,0.11005340143951707,0.17042052089663323,0.014493399519361792,0.1416167045689477,0.18952017667135113,0.25196288365453245,0.052198444821648024,0.19700214132762311,0.3618843683083512,0.196508343678155,0.026118252746094087,0.15523156089193826,0.2308022308022308,0.17062190117509837,0.01963257113952826,0.14610598583994852,0.20253164556962025,2.5082267523736714,0.4225023989025734,1.96074690144979,3.386281574479811,1.9630466683722811,0.21474062006772196,1.4962178689071628,2.2009264506581294,1.7040603219765411,0.14501815908600985,1.4159240832969076,1.895161105873204,0.05414521371324857,0.01327288806329071,0.03592297062277794,0.0804334506392479,0.035402843604485194,0.007114606307502296,0.02298583835363388,0.04291855916380882,0.025965641190608343,0.004993560187754896,0.018168658018112183,0.03217405825853348,0.061927482734123865,0.0015413839391250793,0.058025144040584564,0.06508740782737732,0.008770281386872133,0.0002860314432372954,0.008258290588855743,0.009245919063687325,0.09363729199054417,0.0015293578880386373,0.09087513735261006,0.09615570219018384,0.11056523810633494,0.015808568054350818,0.08678793835301396,0.14154968801084775,0.1023198409763948,0.015067620073192331,0.07243549033177414,0.1294084303719344,0.10881257681436714,0.01629789397781141,0.08787619867052147,0.13962452836504094
arousal_spike_rows_2_6_train_q90,grouped_video,temporal_mean_2s_then_pca256,gated_ar_pca_mlp,regression_plus_binary,diag_only,5,3,699267,0.11625311503409927,0.0118640378377021,0.08947301828271151,0.13654347337365885,0.5393096238269731,0.02462870391070495,0.49801185266466763,0.5674610025254611,0.18453760247981035,0.01382065446783735,0.1649748513946045,0.20401096522868273,0.531104099815285,0.01893392577712337,0.4997984862219338,0.5484644498136833,0.11458564771426578,0.010260290245770801,0.0916994641229182,0.13413862888945105,0.5184454487097854,0.18215035512162522,0.37295844531734546,0.9646783625730995,0.01595404873228586,0.0045994553757245935,0.005146198830409357,0.02348925918490263,0.06556790976502679,0.011582747450864201,0.04093567251461988,0.07769524191929332,0.12689265794053003,0.018090083282463337,0.08818713450292398,0.14635615338285485,0.15917201998572447,0.0459441068951795,0.047109207708779445,0.2505353319057816,0.13090906392793183,0.022970615824251788,0.07507507507507508,0.16602316602316602,0.1267641536274154,0.018439867675652137,0.08088393048701996,0.15640420510620037,1.5926164948607135,0.45912297567792687,0.5135399526653893,2.344348782332177,1.3110870281647868,0.23167717468874635,0.8183973447131342,1.5535381941726047,1.268817243007859,0.18091620742726602,0.8817199832879775,1.4635301336669129,0.02502134342988332,0.01629546325232876,-0.01671142876148224,0.04970341920852661,0.012339874853690464,0.008634783686556373,-0.00809825211763382,0.022709280252456665,0.009948742389678956,0.006634371418561506,-0.005084063857793808,0.018062449991703033,0.06051489735643069,0.0021189996577049767,0.05657104402780533,0.06598048657178879,0.00841061317672332,0.00036226202729731265,0.007935632951557636,0.009056176990270615,0.09168820403864567,0.001971399728873728,0.0890821696612607,0.09516394795441505,0.06185694478507121,0.030421849341445463,0.00148790344808238,0.10273228958519273,0.05904258304207287,0.02143417644517111,0.020390183930332786,0.09087564120890798,0.046853427497395767,0.025788173671040117,-0.009526130989560734,0.0815159212182252
arousal_spike_rows_2_6_train_q90,grouped_video,temporal_mean_2s_then_pca256,gated_ar_pca_mlp,regression_plus_binary,time_only,5,3,699267,0.11305035288296589,0.008589636675877919,0.09962746010976459,0.12418291710435139,0.5288506084348972,0.013496962240354717,0.5002512764513718,0.5468931990645737,0.181764975399578,0.011310492956953718,0.16366052781469528,0.19602829625841645,0.5144779860817607,0.01101031991508039,0.49456835867096716,0.5285100011676908,0.1042470534667383,0.0074895731577618915,0.09256304841381849,0.1139629372708354,0.7263553348271671,0.10852801081512792,0.599024843278384,0.943353318172421,0.01546229935250895,0.002404603764956699,0.012992285830288266,0.02027705280064244,0.07109804079585595,0.0035163926009286906,0.06666666666666667,0.0787090782447179,0.12722224367336774,0.006634010250379299,0.1151540210874509,0.13844904587900933,0.15488936473947182,0.02969856645012612,0.12633832976445397,0.21627408993576017,0.14223217336424882,0.0110802228996629,0.12226512226512226,0.15701415701415702,0.1272507647407932,0.010241944029613599,0.1138507718696398,0.1462891462891463,1.5434942256605373,0.23991621277415826,1.2969751030454149,2.023754077055982,1.4216592763942417,0.0705071904555498,1.3328185328185327,1.5740803096479028,1.272108848138896,0.0663536061699964,1.1513426487538359,1.384460761440055,0.024560087422529856,0.010047797313187737,0.009677410125732422,0.04304172843694687,0.017391183227300645,0.0032634050294656214,0.010494515299797058,0.021878372877836227,0.010732084264357884,0.0020340284210658465,0.008356396108865738,0.015026021748781204,0.06103767529129982,0.0008316012398390083,0.059413179755210876,0.062273815274238586,0.008291640318930149,0.00027278192599003914,0.007962760515511036,0.008675663731992245,0.09104615679290025,0.0014958783950482968,0.08923430122722448,0.0931432430828573,0.05603673756292692,0.011690177527959445,0.034293334594455785,0.07504282276982333,0.056011027983118494,0.013432921811691147,0.02914611633114887,0.08215656771752478,0.045114483846615934,0.010936420558942403,0.025784637032184754,0.0616460441236458
arousal_spike_rows_2_6_train_q90,grouped_video,temporal_mean_2s_then_pca256,gated_ar_pca_mlp,regression_plus_binary,quality_only,5,3,699267,0.10868120295648898,0.01566911134880358,0.0874486141391908,0.1466563041253187,0.5174341927406301,0.02708579277035915,0.48224570937021144,0.5776934381976581,0.17545074177434236,0.015540363364433957,0.15433348912083916,0.21647832010900056,0.5141432788997904,0.020613531702630406,0.4914630537610912,0.5636737754712261,0.10694039043247319,0.012168138008098687,0.09083471581483081,0.1352325639613478,0.5855991181485523,0.2361034792343884,0.30721521604300184,0.944790202770528,0.014139085937124884,0.0068409883067309645,0.0055723241235198515,0.027705280064244126,0.06002836273963862,0.01850835028207888,0.03668446714650569,0.0945593254366593,0.11145097149710398,0.022971720632485267,0.08538011695906433,0.157197349929733,0.14175588865096359,0.06881273288761829,0.05139186295503212,0.2955032119914347,0.1203308307081892,0.037725363574026845,0.06775300171526587,0.20205920205920205,0.11165134373025745,0.024284279395399205,0.07830937567045698,0.16798970178073375,1.4114002364226765,0.6828293236170595,0.5564806855430307,2.765129333007183,1.2003157527756094,0.3701196171152952,0.7336421502193765,1.8907402828302244,1.1144132133408555,0.2297139758566755,0.8536546257297394,1.5719397731977953,0.020630764216184615,0.024092212255965532,-0.01224466785788536,0.061426013708114624,0.010490091393391292,0.011848765291277902,-0.005272924900054932,0.03022608906030655,0.006133412073055903,0.007910446744228005,-0.004983294755220413,0.021596714854240417,0.06065705468257268,0.0016581074329645358,0.057645946741104126,0.06297269463539124,0.008442292238275211,0.0002595644410093099,0.00790516845881939,0.008748557418584824,0.0918709540009702,0.0014212843581880225,0.08891101427168284,0.09353372342949266,0.04729349028626091,0.03303021422358193,0.001961692445666044,0.1079857935310515,0.042196973265728896,0.028444456528276017,-0.00956550952386303,0.0785901926350793,0.025949001517085672,0.02840962006852351,-0.030043000246772634,0.07108738689817336
arousal_spike_rows_2_6_train_q90,grouped_video,temporal_mean_2s_then_pca256,gated_ar_pca_mlp,regression_plus_binary,label_permutation,5,3,699267,0.10580532179883011,0.005609211902380501,0.09834953305148202,0.11375213139741314,0.5100051711660887,0.010984396443709172,0.49703751984069683,0.5300728427805956,0.1705747552648764,0.012163788260846919,0.15059179048098717,0.18889998573262948,0.5040167862292021,0.009165549741266463,0.49236158129247054,0.5205824825015264,0.10224988109673516,0.0054574876426447755,0.0919075709676368,0.10922406717595808,0.5829596029671061,0.20983911823668316,0.24726069878023568,0.9407226958993098,0.012319958540163415,0.0018589258135445195,0.008062848873268556,0.01567251461988304,0.0612488798735583,0.005504857899079354,0.05023775067190407,0.06866091146356153,0.11702390654634251,0.007688849400443033,0.10353227771010962,0.1281634548409566,0.12319771591720198,0.02126812570045818,0.0835117773019272,0.16488222698072805,0.12255998954112161,0.013985331149583814,0.10420240137221269,0.14671814671814673,0.11698393385571251,0.009835975640786419,0.10298219266251878,0.13344775799184724,1.2298126629385477,0.18545175707601647,0.8049382016478086,1.563962583117322,1.2247153229287582,0.1101298597765036,1.0043672434929296,1.372894218106023,1.1701355391188992,0.076910984375147,1.0353005694053197,1.281552110509797,0.005921906232833863,0.005656968154944233,-0.0057875290513038635,0.01779867708683014,0.006242607533931732,0.003876539207008726,-0.00036565959453582764,0.013426795601844788,0.0048585526645183565,0.0025235630755583876,-0.00023162364959716797,0.009195704013109207,0.06473434939980507,0.0063580001792947205,0.05984622612595558,0.08174847066402435,0.00947596039623022,0.001613282842019356,0.008268003351986408,0.01291769091039896,0.09702572098434675,0.00787209398431675,0.09092856180533379,0.11365602012387624,-0.007856099915836976,0.023607738726107916,-0.05357856090726938,0.04144441233073321,-0.011102386632662997,0.021417245713148653,-0.06439455250956445,0.021120737395963776,0.008426458923842453,0.011763579109806563,-0.014201353641083471,0.027600890916737935
arousal_spike_rows_2_6_train_q90,grouped_video,temporal_mean_2s_then_pca256,gated_ar_pca_mlp,regression_plus_binary,video_mean_pca_oracle_diagnostic,5,3,699267,0.10548107792569916,0.01135347403825958,0.09237647393820121,0.12296429812152654,0.527692901621624,0.018983097056108556,0.49961330000594467,0.5627436541713433,0.11053866048567287,0.028204452858810614,0.06464138876199178,0.16574905824398725,0.5004067992342337,0.00939522597069543,0.48364489520929427,0.523369172217872,0.09814575446067268,0.016672005745013808,0.06360979995504608,0.12885785086731247,0.13200362754883424,0.051255759173522444,0.06570698862317158,0.23223710921640275,0.007880633544623098,0.0042333711302033825,0.0,0.017466372214414775,0.04446507675757749,0.009890709163333396,0.02728964234029357,0.05988631749898498,0.09372237904274283,0.0171184646105309,0.07157894736842105,0.12200568412505075,0.08022840827980013,0.045531068714908,0.0,0.18629550321199143,0.08973323973323971,0.023846565454444836,0.053625053625053626,0.12655512655512655,0.09429079086577002,0.020776558843089602,0.06565114782235572,0.1289146289146289,0.7866748571413471,0.4225413948909934,0.0,1.743233709939311,0.8891288505727651,0.19786303023586777,0.5455822063418383,1.1977006587238013,0.937148197589701,0.17122002142329537,0.7156666177350692,1.2200306710050923,-0.007258361205458641,0.01572483434666153,-0.028409132733941078,0.028681829571723938,-0.003511998305718104,0.006923998692857415,-0.013506297022104263,0.006230391561985016,-0.0021817614634831745,0.005191543995556605,-0.009792469441890717,0.00777888298034668,0.06218315114577611,0.0015515483785521569,0.06010069325566292,0.06598848104476929,0.008742176679273446,0.0003102831713443786,0.00834544189274311,0.009206924587488174,0.09348491105217388,0.0016577348523166865,0.09135339015462486,0.09595272058408857,0.01798433434940263,0.015977713150889025,-0.009324870661493893,0.04469887443235827,0.010184843385359764,0.018179884256243607,-0.02001376078898312,0.04976912113501631,0.016924068949101537,0.026962137988159288,-0.03511486782055107,0.05771637340376005
arousal_spike_rows_2_6_train_q90,grouped_video,temporal_mean_2s_then_pca256,gated_ar_pca_mlp,regression_plus_binary,pca_only_random,5,3,699267,0.10036489877154428,0.0075077803186077595,0.08934561750276253,0.1092117748432582,0.5016741844007002,0.003670037191982981,0.4936307982033983,0.5073862908347802,0.14664025634768216,0.027487415705025223,0.08650293414475115,0.1887054501467261,0.5008130087759877,0.0033495519829932967,0.49308549841480676,0.5063444458522433,0.10029290508791895,0.00927690756227219,0.08130745658835546,0.11245978356244515,0.41036215630013756,0.29863042030467146,0.0924077083817042,0.9519387044346412,0.009342638868301525,0.0014332437158087088,0.006549707602339181,0.011368250101502234,0.04957943382207599,0.004012165716173447,0.04341534008683068,0.058823529411764705,0.09862303027820936,0.004918458307688909,0.0863710239145577,0.10519975908452119,0.09379014989293363,0.018004138677044146,0.059957173447537475,0.11991434689507495,0.09954097689946746,0.013275177872427135,0.08061749571183534,0.12569712569712568,0.0989102417465197,0.01046924083115137,0.0797598627787307,0.11242222698991633,0.9326245184887176,0.1430935616638721,0.6535963033923138,1.134853215164738,0.9913733425047718,0.08024535475103656,0.86797169190747,1.1761929997224112,0.9861423843770769,0.0492000778026357,0.8636546831696458,1.0519750206330074,-0.0021191669007142385,0.004642801281471889,-0.010244283825159073,0.00662584975361824,-0.0005296764274438222,0.0022908818952115297,-0.004425510764122009,0.004513155668973923,-0.0004192454119523366,0.00134946472008612,-0.003454599529504776,0.0015444345772266388,0.064614404241244,0.005010875009677643,0.05979271978139877,0.07650865614414215,0.009160010082026323,0.0008425194525288276,0.00807167124003172,0.0107584148645401,0.09561040563811983,0.0043197703342309655,0.08984248015294168,0.10372277890868573,0.0012580809507426343,0.0047015889906953726,-0.00992900256667979,0.0069933517481892155,0.0010650677105911385,0.004362141942021334,-0.006194676826225347,0.008823482809069918,0.0009668505801064664,0.003521817524824522,-0.0054660110122371165,0.006233234081952167
arousal_spike_rows_2_6_train_q90,grouped_video,temporal_mean_2s_then_pca256,gated_ar_pca_mlp,regression_plus_binary,shuffled_diag_only,5,3,699267,0.10008770879960073,0.006393742744400017,0.09086464334639166,0.10752792308135214,0.49922840132941537,0.003487388210131484,0.49271360137292786,0.5043947395362506,0.1810680758010444,0.010462025845770419,0.16781524325211256,0.19186585513321777,0.5001670858789892,0.0019477044539899457,0.49665162951202657,0.5048872127160342,0.10009064148903819,0.006396334466602803,0.09197185315078348,0.10663799090440666,0.9519724541609704,0.004377798796517384,0.9450072358900145,0.9604678362573099,0.009954802404992339,0.00157714876155067,0.008187134502923977,0.01300208962154632,0.04986234586804985,0.0029118114056593033,0.04425497360941941,0.0552046783625731,0.09959307293729668,0.0034007756258051824,0.09286549707602339,0.10637434023548518,0.09950035688793718,0.017446528042771952,0.07494646680942184,0.1349036402569593,0.09974040445738559,0.008480927348454148,0.08619210977701544,0.11411411411411411,0.09963864706429133,0.00714842956394413,0.08517485518129157,0.1123981123981124,0.993733746971115,0.15747858658137673,0.8169953792403921,1.2984549329337383,0.9970264893492339,0.058186322878217386,0.8850804867857244,1.103667276298855,0.9958413518613782,0.03401410778134466,0.9284955792183742,1.063720585036054,0.001171163966258367,0.0036219731899267784,-0.003193628042936325,0.009497914463281631,0.00042975818117459613,0.0017298764899659998,-0.0021560490131378174,0.0038703717291355133,5.087852478027344e-05,0.0011785344772146267,-0.0022169463336467743,0.0021639280021190643,0.060711885492006935,0.001897206756581181,0.055729467421770096,0.0627284124493599,0.008500922471284866,0.0004795552629318423,0.007961226627230644,0.009694505482912064,0.09216465483933593,0.002568826508532453,0.08922570608984075,0.09846067988243867,-0.00027250250823580315,0.003911394053127117,-0.005904264808948663,0.008961810487212724,-0.0010034817464990072,0.004243546626201365,-0.008692494769316047,0.0060614011902825095,0.00042203617046212676,0.00311079784213438,-0.004971568065994122,0.007281153119609057
arousal_spike_rows_2_6_train_q90,grouped_video,temporal_mean_2s_then_pca256,gated_ar_pca_mlp,regression_plus_binary,pca_only_shuffled,5,3,699267,0.09979426663185764,0.006152010588451863,0.09147924899061588,0.10653484279180939,0.4981949092349315,0.002781631035093515,0.4929880677020738,0.5033272192006255,0.16422613946169048,0.015813986970804647,0.12531519828837778,0.18700966223470147,0.4994091483169544,0.0029256393595708443,0.49402084363359666,0.507344503870794,0.09978286576373391,0.0062769602752049975,0.09035646549627972,0.10671515151515151,0.5112925756495637,0.17419817899185724,0.19181286549707602,0.9363241678726484,0.01050676139584199,0.0012103011711505386,0.008888888888888889,0.014035087719298246,0.04969334179667852,0.0027219358841178904,0.04506699147381242,0.05595542140701184,0.09942825503577539,0.002306793928078002,0.09399106780349167,0.10222222222222223,0.1047822983583155,0.012074421386889652,0.08137044967880086,0.1284796573875803,0.09925360302718793,0.00599386883190454,0.08665808665808666,0.1093951093951094,0.09943854813619099,0.0062354897932444895,0.08989487234499034,0.10920403346921262,1.048828040707986,0.12079800132674563,0.8870235546038544,1.4005635072692437,0.9936496571463154,0.054435583591067954,0.9013204957175724,1.1190364443219603,0.9941927612146091,0.023057344163663562,0.9398905169307119,1.0220467710791674,0.0021687527497609455,0.003994482345319331,-0.004041265696287155,0.012118164449930191,-0.00011815478404362997,0.0020855433806369963,-0.0038800500333309174,0.0037095770239830017,-0.00014095604419708251,0.0010983015011056657,-0.002592019736766815,0.001359548419713974,0.06274378051360448,0.0057882076267232645,0.0591837540268898,0.08399701863527298,0.008739178317288558,0.0008573480869763252,0.008123448118567467,0.01167441438883543,0.09338294455977454,0.004336355916507406,0.09013017318616151,0.10804820400559849,-0.0017512361101064491,0.004212027804055189,-0.00982974356867873,0.004780507991725746,-0.002661370736498868,0.0074149910851427445,-0.012447860233873896,0.009953894922156358,-0.003291602215574875,0.0066394472397933845,-0.013611831213910817,0.00894855386165792
