ar_accuracy,ar_balanced_accuracy,ar_decision_threshold,ar_event_count,ar_f1,ar_fn,ar_fp,ar_positive_class_rate,ar_pr_auc,ar_precision,ar_predicted_positive_count,ar_predicted_positive_rate,ar_recall,ar_tn,ar_top_10pct_recall,ar_top_1pct_recall,ar_top_5pct_recall,ar_top_event_count_recall,ar_tp,event_count,feature_mode,horizon_seconds,interpolation_policy,n,offset_seconds,random_accuracy,random_balanced_accuracy,random_decision_threshold,random_event_count,random_f1,random_fn,random_fp,random_positive_class_rate,random_pr_auc,random_precision,random_predicted_positive_count,random_predicted_positive_rate,random_recall,random_tn,random_top_10pct_recall,random_top_1pct_recall,random_top_5pct_recall,random_top_event_count_recall,random_tp,real_accuracy,real_balanced_accuracy,real_decision_threshold,real_event_count,real_f1,real_fn,real_fp,real_positive_class_rate,real_pr_auc,real_precision,real_predicted_positive_count,real_predicted_positive_rate,real_recall,real_tn,real_top_10pct_recall,real_top_1pct_recall,real_top_5pct_recall,real_top_event_count_recall,real_tp,real_vs_ar_f1_delta,real_vs_ar_pr_auc_delta,real_vs_random_f1_delta,real_vs_random_pr_auc_delta,real_vs_shuffled_f1_delta,real_vs_shuffled_pr_auc_delta,real_vs_timestamp_pr_auc_delta,real_vs_video_time_pr_auc_delta,shuffled_accuracy,shuffled_balanced_accuracy,shuffled_decision_threshold,shuffled_event_count,shuffled_f1,shuffled_fn,shuffled_fp,shuffled_positive_class_rate,shuffled_pr_auc,shuffled_precision,shuffled_predicted_positive_count,shuffled_predicted_positive_rate,shuffled_recall,shuffled_tn,shuffled_top_10pct_recall,shuffled_top_1pct_recall,shuffled_top_5pct_recall,shuffled_top_event_count_recall,shuffled_tp,split,success_all_controls,target,threshold,timestamp_accuracy,timestamp_balanced_accuracy,timestamp_decision_threshold,timestamp_event_count,timestamp_f1,timestamp_fn,timestamp_fp,timestamp_positive_class_rate,timestamp_pr_auc,timestamp_precision,timestamp_predicted_positive_count,timestamp_predicted_positive_rate,timestamp_recall,timestamp_tn,timestamp_top_10pct_recall,timestamp_top_1pct_recall,timestamp_top_5pct_recall,timestamp_top_event_count_recall,timestamp_tp,video_time_accuracy,video_time_balanced_accuracy,video_time_decision_threshold,video_time_event_count,video_time_f1,video_time_fn,video_time_fp,video_time_positive_class_rate,video_time_pr_auc,video_time_precision,video_time_predicted_positive_count,video_time_predicted_positive_rate,video_time_recall,video_time_tn,video_time_top_10pct_recall,video_time_top_1pct_recall,video_time_top_5pct_recall,video_time_top_event_count_recall,video_time_tp
0.4708271787296898,0.5962850362045145,0.20632346950364092,367.0,0.2824236354531798,85.0,1348.0,0.13552437223042835,0.3485604816823522,0.17300613496932515,1630.0,0.6019202363367799,0.7683923705722071,993.0,0.3024523160762943,0.05722070844686648,0.17983651226158037,0.38419618528610355,282.0,367,cortical_pca_64,,nearest,2708,-2,0.43537666174298373,0.5907155585714668,0.2036166464211078,367.0,0.2784332232184993,72.0,1457.0,0.13552437223042835,0.33731754568553096,0.16837899543378995,1752.0,0.6469719350073855,0.8038147138964578,884.0,0.2970027247956403,0.06267029972752043,0.18256130790190736,0.3678474114441417,295.0,0.4032496307237814,0.5939612196748636,0.2662722404649201,367.0,0.2798573975044564,53.0,1563.0,0.13552437223042835,0.334309312850169,0.16728822589238146,1877.0,0.6931314623338257,0.8555858310626703,778.0,0.28065395095367845,0.06267029972752043,0.19346049046321526,0.3405994550408719,314.0,-0.0025662379487234044,-0.014251168832183192,0.0014241742859570916,-0.003008232835361946,-0.047740675448055714,-0.005783958227543684,0.20275460787092053,0.18690475545230395,0.6392171344165436,0.6431315013612339,0.20598149861718562,367.0,0.3275980729525121,129.0,848.0,0.13552437223042835,0.3400932710777127,0.21915285451197053,1086.0,0.4010339734121123,0.6485013623978202,1493.0,0.3106267029972752,0.05449591280653951,0.17438692098092642,0.37329700272479566,238.0,blocked,False,arousal__future_spike_1_3s,0.05,0.691285081240768,0.504371196081695,0.15519250593113548,367.0,0.17878192534381138,276.0,560.0,0.13552437223042835,0.13155470497924848,0.13978494623655913,651.0,0.24039881831610044,0.24795640326975477,1781.0,0.11444141689373297,0.005449591280653951,0.04632152588555858,0.1553133514986376,91.0,0.553175775480059,0.5646460966516789,0.20533440122330246,367.0,0.2603911980440098,154.0,1056.0,0.13552437223042835,0.14740455739786507,0.16784869976359337,1269.0,0.4686115214180207,0.5803814713896458,1285.0,0.0653950953678474,0.008174386920980926,0.043596730245231606,0.09264305177111716,213.0
0.24929378531073446,0.5354976002897763,0.20931227872331287,378.0,0.24769992922859163,28.0,2098.0,0.13347457627118645,0.2909608675676898,0.14297385620915032,2448.0,0.864406779661017,0.9259259259259259,356.0,0.25925925925925924,0.05555555555555555,0.1746031746031746,0.30423280423280424,350.0,378,cortical_pca_64,,nearest,2832,-1,0.23481638418079095,0.52938189674131,0.20021614882876249,378.0,0.24521072796934865,26.0,2141.0,0.13347457627118645,0.28443663900748645,0.14119534697152025,2493.0,0.8802966101694916,0.9312169312169312,313.0,0.25396825396825395,0.05555555555555555,0.164021164021164,0.2962962962962963,352.0,0.3679378531073446,0.5860532205275482,0.2625688643458533,378.0,0.27176566314076483,44.0,1746.0,0.13347457627118645,0.3269335149401694,0.1605769230769231,2080.0,0.7344632768361582,0.8835978835978836,708.0,0.2698412698412698,0.06349206349206349,0.1984126984126984,0.328042328042328,334.0,0.024065733912173204,0.03597264737247963,0.02655493517141619,0.042496875932682976,0.025904444401772253,0.048466028392547544,0.19666365314485545,0.1821019524946736,0.24399717514124294,0.5313223632294537,0.203756904487023,378.0,0.24586121873899258,29.0,2112.0,0.13347457627118645,0.2784674865476219,0.14181227143437627,2461.0,0.868997175141243,0.9232804232804233,342.0,0.24867724867724866,0.05555555555555555,0.164021164021164,0.2857142857142857,349.0,blocked,True,arousal__future_spike_1_3s,0.05,0.7909604519774012,0.510109830403229,0.17451190351725984,378.0,0.13953488372093023,330.0,262.0,0.13347457627118645,0.13026986179531397,0.15483870967741936,310.0,0.1094632768361582,0.12698412698412698,2192.0,0.11375661375661375,0.005291005291005291,0.047619047619047616,0.15079365079365079,48.0,0.544138418079096,0.5612766975847661,0.20575756302261836,378.0,0.25504904789382576,157.0,1134.0,0.13347457627118645,0.14483156244549583,0.16309963099630997,1355.0,0.4784604519774011,0.5846560846560847,1320.0,0.07142857142857142,0.005291005291005291,0.042328042328042326,0.10052910052910052,221.0
0.13870094722598106,0.5002686331943074,0.19100423814519887,392.0,0.2340553549939832,3.0,2543.0,0.13261163734776726,0.19692347474408667,0.13267394270122784,2932.0,0.9918809201623816,0.9923469387755102,21.0,0.16071428571428573,0.03571428571428571,0.11479591836734694,0.18877551020408162,389.0,392,cortical_pca_64,,nearest,2956,0,0.15426251691474965,0.5027559775860422,0.20641029775441203,392.0,0.23453766074709123,9.0,2491.0,0.13261163734776726,0.19358096237450406,0.13326374391092555,2874.0,0.9722598105548038,0.9770408163265306,73.0,0.16581632653061223,0.03571428571428571,0.10714285714285714,0.19642857142857142,383.0,0.2428958051420839,0.5452040020376325,0.23239252669533234,392.0,0.25100401606425704,17.0,2221.0,0.13261163734776726,0.24550366205249566,0.14445300462249616,2596.0,0.878213802435724,0.9566326530612245,343.0,0.21683673469387754,0.04336734693877551,0.14795918367346939,0.25255102040816324,375.0,0.016948661070273846,0.04858018730840899,0.01646635531716581,0.051922699677991596,0.016961462872767702,0.048349161026455895,0.11738818189312347,0.10276038535245863,0.14749661705006767,0.5010168263873411,0.18966360627637127,392.0,0.23404255319148934,7.0,2513.0,0.13261163734776726,0.19715450102603976,0.13285024154589373,2898.0,0.9803788903924222,0.9821428571428571,51.0,0.16326530612244897,0.03571428571428571,0.11989795918367346,0.18877551020408162,385.0,blocked,True,arousal__future_spike_1_3s,0.05,0.8017591339648173,0.5053885828902545,0.1779151943863055,392.0,0.12012012012012012,352.0,234.0,0.13261163734776726,0.12811548015937219,0.145985401459854,274.0,0.09269282814614344,0.10204081632653061,2330.0,0.1096938775510204,0.002551020408163265,0.04336734693877551,0.14285714285714285,40.0,0.6525710419485792,0.5371649049635455,0.25135544917862906,392.0,0.22490566037735846,243.0,784.0,0.13261163734776726,0.14274327670003703,0.15969989281886388,933.0,0.31562922868741544,0.38010204081632654,1780.0,0.07908163265306123,0.0,0.04336734693877551,0.10204081632653061,149.0
0.13294993234100136,0.500195007800312,0.19791238618655949,392.0,0.2342396175679713,0.0,2563.0,0.13261163734776726,0.18275687381681147,0.1326565143824027,2955.0,0.9996617050067659,1.0,1.0,0.14285714285714285,0.03571428571428571,0.08673469387755102,0.17857142857142858,392.0,392,cortical_pca_64,,nearest,2956,1,0.13497970230040596,0.4992040497946449,0.20290429094514126,392.0,0.23374288282888825,2.0,2555.0,0.13261163734776726,0.17912543446144638,0.13242784380305603,2945.0,0.9962787550744249,0.9948979591836735,9.0,0.1377551020408163,0.03316326530612245,0.08418367346938775,0.1683673469387755,390.0,0.17760487144790257,0.5205335254226495,0.23597588784856355,392.0,0.24149765990639632,5.0,2426.0,0.13261163734776726,0.2073185795430902,0.1375755421258443,2813.0,0.9516238159675237,0.9872448979591837,138.0,0.18112244897959184,0.03571428571428571,0.10714285714285714,0.22704081632653061,387.0,0.00725804233842503,0.02456170572627872,0.007754777077508074,0.028193145081643806,0.006346144754881183,0.02868758753257794,0.08131521948048034,0.06481659115236582,0.14614343707713126,0.503478302397402,0.22102545921355798,392.0,0.23515151515151514,4.0,2520.0,0.13261163734776726,0.17863099201051225,0.13342503438789546,2908.0,0.9837618403247632,0.9897959183673469,44.0,0.1377551020408163,0.030612244897959183,0.08418367346938775,0.17857142857142858,388.0,blocked,True,arousal__future_spike_1_3s,0.05,0.7861975642760487,0.507223248113598,0.17687256985781913,392.0,0.1366120218579235,342.0,290.0,0.13261163734776726,0.12600336006260984,0.14705882352941177,340.0,0.11502029769959404,0.12755102040816327,2274.0,0.1096938775510204,0.002551020408163265,0.04081632653061224,0.14540816326530612,50.0,0.5179296346414073,0.5524750071635518,0.19938824374447428,392.0,0.24802110817941952,157.0,1268.0,0.13261163734776726,0.14250198839072437,0.15635395874916833,1503.0,0.5084573748308525,0.5994897959183674,1296.0,0.07908163265306123,0.0,0.04336734693877551,0.09183673469387756,235.0
0.13806497175141244,0.4995296708117502,0.2040737964079764,388.0,0.24074650077760493,1.0,2440.0,0.1370056497175141,0.22050657290521042,0.13689423417049876,2827.0,0.9982344632768362,0.9974226804123711,4.0,0.17783505154639176,0.03865979381443299,0.12886597938144329,0.22938144329896906,387.0,388,cortical_pca_64,,nearest,2832,2,0.14336158192090395,0.5015143334401944,0.21200039435506993,388.0,0.24140087554721698,2.0,2424.0,0.1370056497175141,0.22118982086484879,0.13736654804270462,2810.0,0.992231638418079,0.9948453608247423,20.0,0.18814432989690721,0.03608247422680412,0.13402061855670103,0.23195876288659795,386.0,0.20268361581920905,0.5304638331617932,0.23431440377248489,388.0,0.25231788079470197,7.0,2251.0,0.1370056497175141,0.24682631117259018,0.14475683890577506,2632.0,0.9293785310734464,0.9819587628865979,193.0,0.21649484536082475,0.03608247422680412,0.14175257731958762,0.2603092783505155,381.0,0.011571380017097038,0.026319738267379766,0.010917005247484984,0.0256364903077414,0.010635520468273818,0.022667740327355523,0.10830728735190645,0.09812087446862458,0.14689265536723164,0.5024760828116828,0.20753573557251742,388.0,0.24168236032642815,3.0,2413.0,0.1370056497175141,0.22415857084523466,0.13759828448892067,2798.0,0.9879943502824858,0.9922680412371134,31.0,0.18556701030927836,0.041237113402061855,0.13144329896907217,0.23711340206185566,385.0,blocked,True,arousal__future_spike_1_3s,0.05,0.7030367231638418,0.5059750788803212,0.1570225345945968,388.0,0.17790811339198434,297.0,544.0,0.1370056497175141,0.13851902382068373,0.14330708661417324,635.0,0.2242231638418079,0.2345360824742268,1900.0,0.12628865979381443,0.010309278350515464,0.05154639175257732,0.15979381443298968,91.0,0.5112994350282486,0.5542460391111411,0.2092650988682769,388.0,0.25591397849462366,150.0,1234.0,0.1370056497175141,0.1487054367039656,0.16168478260869565,1472.0,0.519774011299435,0.6134020618556701,1210.0,0.07989690721649484,0.0,0.04896907216494845,0.11597938144329897,238.0
0.4708271787296898,0.5962850362045145,0.20632346950364092,367.0,0.2824236354531798,85.0,1348.0,0.13552437223042835,0.3485604816823522,0.17300613496932515,1630.0,0.6019202363367799,0.7683923705722071,993.0,0.3024523160762943,0.05722070844686648,0.17983651226158037,0.38419618528610355,282.0,367,cortical_pca_64,,linear,2708,-2,0.5638847858197932,0.6121973306081497,0.2332507530480402,367.0,0.296605122096486,118.0,1063.0,0.13552437223042835,0.3384555605740292,0.18978658536585366,1312.0,0.4844903988183161,0.6784741144414169,1278.0,0.29427792915531337,0.05722070844686648,0.18256130790190736,0.3651226158038147,249.0,0.4032496307237814,0.5939612196748636,0.2662722404649201,367.0,0.2798573975044564,53.0,1563.0,0.13552437223042835,0.334309312850169,0.16728822589238146,1877.0,0.6931314623338257,0.8555858310626703,778.0,0.28065395095367845,0.06267029972752043,0.19346049046321526,0.3405994550408719,314.0,-0.0025662379487234044,-0.014251168832183192,-0.01674772459202961,-0.004146247723860186,-0.054498430716402535,-0.005771668398577512,0.20275460787092053,0.18690475545230395,0.6794682422451994,0.6434358730228936,0.24685792040436513,367.0,0.3343558282208589,149.0,719.0,0.13552437223042835,0.34008098124874653,0.23265741728922093,937.0,0.34601181683899557,0.5940054495912807,1622.0,0.3106267029972752,0.05449591280653951,0.18256130790190736,0.35967302452316074,218.0,blocked,False,arousal__future_spike_1_3s,0.05,0.691285081240768,0.504371196081695,0.15519250593113548,367.0,0.17878192534381138,276.0,560.0,0.13552437223042835,0.13155470497924848,0.13978494623655913,651.0,0.24039881831610044,0.24795640326975477,1781.0,0.11444141689373297,0.005449591280653951,0.04632152588555858,0.1553133514986376,91.0,0.553175775480059,0.5646460966516789,0.20533440122330246,367.0,0.2603911980440098,154.0,1056.0,0.13552437223042835,0.14740455739786507,0.16784869976359337,1269.0,0.4686115214180207,0.5803814713896458,1285.0,0.0653950953678474,0.008174386920980926,0.043596730245231606,0.09264305177111716,213.0
0.24929378531073446,0.5354976002897763,0.20931227872331287,378.0,0.24769992922859163,28.0,2098.0,0.13347457627118645,0.2909608675676898,0.14297385620915032,2448.0,0.864406779661017,0.9259259259259259,356.0,0.25925925925925924,0.05555555555555555,0.1746031746031746,0.30423280423280424,350.0,378,cortical_pca_64,,linear,2832,-1,0.3940677966101695,0.5765125936275081,0.23881971238749242,378.0,0.2666666666666667,66.0,1650.0,0.13347457627118645,0.29487029283280836,0.15902140672782875,1962.0,0.6927966101694916,0.8253968253968254,804.0,0.2566137566137566,0.05555555555555555,0.17195767195767195,0.30687830687830686,312.0,0.3679378531073446,0.5860532205275482,0.2625688643458533,378.0,0.27176566314076483,44.0,1746.0,0.13347457627118645,0.3269335149401694,0.1605769230769231,2080.0,0.7344632768361582,0.8835978835978836,708.0,0.2698412698412698,0.06349206349206349,0.1984126984126984,0.328042328042328,334.0,0.024065733912173204,0.03597264737247963,0.005098996474098116,0.03206322210736107,0.026489125868349866,0.031710767657768035,0.19666365314485545,0.1821019524946736,0.2242231638418079,0.5288644390111382,0.20619135145726947,378.0,0.24527653727241497,21.0,2176.0,0.13347457627118645,0.2952227472824014,0.14093959731543623,2533.0,0.8944209039548022,0.9444444444444444,278.0,0.25925925925925924,0.05555555555555555,0.17195767195767195,0.30952380952380953,357.0,blocked,True,arousal__future_spike_1_3s,0.05,0.7909604519774012,0.510109830403229,0.17451190351725984,378.0,0.13953488372093023,330.0,262.0,0.13347457627118645,0.13026986179531397,0.15483870967741936,310.0,0.1094632768361582,0.12698412698412698,2192.0,0.11375661375661375,0.005291005291005291,0.047619047619047616,0.15079365079365079,48.0,0.544138418079096,0.5612766975847661,0.20575756302261836,378.0,0.25504904789382576,157.0,1134.0,0.13347457627118645,0.14483156244549583,0.16309963099630997,1355.0,0.4784604519774011,0.5846560846560847,1320.0,0.07142857142857142,0.005291005291005291,0.042328042328042326,0.10052910052910052,221.0
0.13870094722598106,0.5002686331943074,0.19100423814519887,392.0,0.2340553549939832,3.0,2543.0,0.13261163734776726,0.19692347474408667,0.13267394270122784,2932.0,0.9918809201623816,0.9923469387755102,21.0,0.16071428571428573,0.03571428571428571,0.11479591836734694,0.18877551020408162,389.0,392,cortical_pca_64,,linear,2956,0,0.14682002706359945,0.503868317998026,0.19402783160247183,392.0,0.23529411764705885,4.0,2518.0,0.13261163734776726,0.20027534561858,0.13351686166551963,2906.0,0.983085250338295,0.9897959183673469,46.0,0.15816326530612246,0.03826530612244898,0.1096938775510204,0.18877551020408162,388.0,0.2428958051420839,0.5452040020376325,0.23239252669533234,392.0,0.25100401606425704,17.0,2221.0,0.13261163734776726,0.24550366205249566,0.14445300462249616,2596.0,0.878213802435724,0.9566326530612245,343.0,0.21683673469387754,0.04336734693877551,0.14795918367346939,0.25255102040816324,375.0,0.016948661070273846,0.04858018730840899,0.015709898417198193,0.04522831643391567,0.01491838915294208,0.051848111982331,0.11738818189312347,0.10276038535245863,0.15493910690121787,0.5063875003979751,0.22432740959784797,392.0,0.23608562691131496,6.0,2492.0,0.13261163734776726,0.19365555007016466,0.1341209173036831,2878.0,0.9736129905277402,0.9846938775510204,72.0,0.16326530612244897,0.03571428571428571,0.10459183673469388,0.20408163265306123,386.0,blocked,True,arousal__future_spike_1_3s,0.05,0.8017591339648173,0.5053885828902545,0.1779151943863055,392.0,0.12012012012012012,352.0,234.0,0.13261163734776726,0.12811548015937219,0.145985401459854,274.0,0.09269282814614344,0.10204081632653061,2330.0,0.1096938775510204,0.002551020408163265,0.04336734693877551,0.14285714285714285,40.0,0.6525710419485792,0.5371649049635455,0.25135544917862906,392.0,0.22490566037735846,243.0,784.0,0.13261163734776726,0.14274327670003703,0.15969989281886388,933.0,0.31562922868741544,0.38010204081632654,1780.0,0.07908163265306123,0.0,0.04336734693877551,0.10204081632653061,149.0
0.13294993234100136,0.500195007800312,0.19791238618655949,392.0,0.2342396175679713,0.0,2563.0,0.13261163734776726,0.18275687381681147,0.1326565143824027,2955.0,0.9996617050067659,1.0,1.0,0.14285714285714285,0.03571428571428571,0.08673469387755102,0.17857142857142858,392.0,392,cortical_pca_64,,linear,2956,1,0.13531799729364005,0.5004795599987265,0.19415903794008252,392.0,0.23427201917315757,1.0,2555.0,0.13261163734776726,0.18647169652368478,0.1327223353699932,2946.0,0.996617050067659,0.9974489795918368,9.0,0.15051020408163265,0.030612244897959183,0.10459183673469388,0.1836734693877551,391.0,0.17760487144790257,0.5205335254226495,0.23597588784856355,392.0,0.24149765990639632,5.0,2426.0,0.13261163734776726,0.2073185795430902,0.1375755421258443,2813.0,0.9516238159675237,0.9872448979591837,138.0,0.18112244897959184,0.03571428571428571,0.10714285714285714,0.22704081632653061,387.0,0.00725804233842503,0.02456170572627872,0.007225640733238753,0.020846883019405404,0.006238935477996782,0.028436306053509247,0.08131521948048034,0.06481659115236582,0.14005412719891747,0.5032096692030946,0.21496985745591646,392.0,0.23525872442839954,1.0,2541.0,0.13261163734776726,0.17888227348958094,0.13335607094133697,2932.0,0.9918809201623816,0.9974489795918368,23.0,0.14285714285714285,0.03316326530612245,0.07653061224489796,0.17857142857142858,391.0,blocked,True,arousal__future_spike_1_3s,0.05,0.7861975642760487,0.507223248113598,0.17687256985781913,392.0,0.1366120218579235,342.0,290.0,0.13261163734776726,0.12600336006260984,0.14705882352941177,340.0,0.11502029769959404,0.12755102040816327,2274.0,0.1096938775510204,0.002551020408163265,0.04081632653061224,0.14540816326530612,50.0,0.5179296346414073,0.5524750071635518,0.19938824374447428,392.0,0.24802110817941952,157.0,1268.0,0.13261163734776726,0.14250198839072437,0.15635395874916833,1503.0,0.5084573748308525,0.5994897959183674,1296.0,0.07908163265306123,0.0,0.04336734693877551,0.09183673469387756,235.0
0.13806497175141244,0.4995296708117502,0.2040737964079764,388.0,0.24074650077760493,1.0,2440.0,0.1370056497175141,0.22050657290521042,0.13689423417049876,2827.0,0.9982344632768362,0.9974226804123711,4.0,0.17783505154639176,0.03865979381443299,0.12886597938144329,0.22938144329896906,387.0,388,cortical_pca_64,,linear,2832,2,0.14018361581920905,0.49858901243525067,0.1946384205130839,388.0,0.24024960998439937,3.0,2432.0,0.1370056497175141,0.21207756401820385,0.136670216542421,2817.0,0.9947033898305084,0.9922680412371134,12.0,0.18041237113402062,0.03865979381443299,0.11855670103092783,0.22422680412371135,385.0,0.20268361581920905,0.5304638331617932,0.23431440377248489,388.0,0.25231788079470197,7.0,2251.0,0.1370056497175141,0.24682631117259018,0.14475683890577506,2632.0,0.9293785310734464,0.9819587628865979,193.0,0.21649484536082475,0.03608247422680412,0.14175257731958762,0.2603092783505155,381.0,0.011571380017097038,0.026319738267379766,0.012068270810302595,0.034748747154386334,0.011496474447471094,0.02394142490029466,0.10830728735190645,0.09812087446862458,0.1384180790960452,0.4997342534631414,0.18298774881633287,388.0,0.24082140634723087,1.0,2439.0,0.1370056497175141,0.22288488627229552,0.13694267515923567,2826.0,0.9978813559322034,0.9974226804123711,5.0,0.19845360824742267,0.041237113402061855,0.1211340206185567,0.2345360824742268,387.0,blocked,True,arousal__future_spike_1_3s,0.05,0.7030367231638418,0.5059750788803212,0.1570225345945968,388.0,0.17790811339198434,297.0,544.0,0.1370056497175141,0.13851902382068373,0.14330708661417324,635.0,0.2242231638418079,0.2345360824742268,1900.0,0.12628865979381443,0.010309278350515464,0.05154639175257732,0.15979381443298968,91.0,0.5112994350282486,0.5542460391111411,0.2092650988682769,388.0,0.25591397849462366,150.0,1234.0,0.1370056497175141,0.1487054367039656,0.16168478260869565,1472.0,0.519774011299435,0.6134020618556701,1210.0,0.07989690721649484,0.0,0.04896907216494845,0.11597938144329897,238.0
0.4708271787296898,0.5962850362045145,0.20632346950364092,367.0,0.2824236354531798,85.0,1348.0,0.13552437223042835,0.3485604816823522,0.17300613496932515,1630.0,0.6019202363367799,0.7683923705722071,993.0,0.3024523160762943,0.05722070844686648,0.17983651226158037,0.38419618528610355,282.0,367,cortical_pca_64,,previous,2708,-2,0.3401033973412112,0.5666288772468506,0.20623130352038685,367.0,0.2649115590292061,45.0,1742.0,0.13552437223042835,0.3274210404232641,0.1560077519379845,2064.0,0.7621861152141802,0.8773841961852861,599.0,0.2888283378746594,0.05994550408719346,0.1771117166212534,0.35149863760217986,322.0,0.4032496307237814,0.5939612196748636,0.2662722404649201,367.0,0.2798573975044564,53.0,1563.0,0.13552437223042835,0.334309312850169,0.16728822589238146,1877.0,0.6931314623338257,0.8555858310626703,778.0,0.28065395095367845,0.06267029972752043,0.19346049046321526,0.3405994550408719,314.0,-0.0025662379487234044,-0.014251168832183192,0.014945838475250273,0.006888272426904929,-0.06796868945206536,-0.00738781958307394,0.20275460787092053,0.18690475545230395,0.6953471196454948,0.6549176101412215,0.24739963442862845,367.0,0.34782608695652173,147.0,678.0,0.13552437223042835,0.34169713243324296,0.24498886414253898,898.0,0.3316100443131462,0.5994550408719346,1663.0,0.3024523160762943,0.05994550408719346,0.17983651226158037,0.3651226158038147,220.0,blocked,False,arousal__future_spike_1_3s,0.05,0.691285081240768,0.504371196081695,0.15519250593113548,367.0,0.17878192534381138,276.0,560.0,0.13552437223042835,0.13155470497924848,0.13978494623655913,651.0,0.24039881831610044,0.24795640326975477,1781.0,0.11444141689373297,0.005449591280653951,0.04632152588555858,0.1553133514986376,91.0,0.553175775480059,0.5646460966516789,0.20533440122330246,367.0,0.2603911980440098,154.0,1056.0,0.13552437223042835,0.14740455739786507,0.16784869976359337,1269.0,0.4686115214180207,0.5803814713896458,1285.0,0.0653950953678474,0.008174386920980926,0.043596730245231606,0.09264305177111716,213.0
0.24929378531073446,0.5354976002897763,0.20931227872331287,378.0,0.24769992922859163,28.0,2098.0,0.13347457627118645,0.2909608675676898,0.14297385620915032,2448.0,0.864406779661017,0.9259259259259259,356.0,0.25925925925925924,0.05555555555555555,0.1746031746031746,0.30423280423280424,350.0,378,cortical_pca_64,,previous,2832,-1,0.2397598870056497,0.5333533848203775,0.2048858554107807,378.0,0.24693948933193424,25.0,2128.0,0.13347457627118645,0.27717768254804465,0.1422813381700927,2481.0,0.8760593220338984,0.9338624338624338,326.0,0.24338624338624337,0.05555555555555555,0.1693121693121693,0.29365079365079366,353.0,0.3679378531073446,0.5860532205275482,0.2625688643458533,378.0,0.27176566314076483,44.0,1746.0,0.13347457627118645,0.3269335149401694,0.1605769230769231,2080.0,0.7344632768361582,0.8835978835978836,708.0,0.2698412698412698,0.06349206349206349,0.1984126984126984,0.328042328042328,334.0,0.024065733912173204,0.03597264737247963,0.024826173808830593,0.04975583239212478,0.02159047042878165,0.048191117705226605,0.19666365314485545,0.1821019524946736,0.2443502824858757,0.5404781309426786,0.21665766901067715,378.0,0.2501751927119832,21.0,2119.0,0.13347457627118645,0.2787423972349428,0.14418416801292408,2476.0,0.8742937853107344,0.9444444444444444,335.0,0.23015873015873015,0.05555555555555555,0.164021164021164,0.2857142857142857,357.0,blocked,True,arousal__future_spike_1_3s,0.05,0.7909604519774012,0.510109830403229,0.17451190351725984,378.0,0.13953488372093023,330.0,262.0,0.13347457627118645,0.13026986179531397,0.15483870967741936,310.0,0.1094632768361582,0.12698412698412698,2192.0,0.11375661375661375,0.005291005291005291,0.047619047619047616,0.15079365079365079,48.0,0.544138418079096,0.5612766975847661,0.20575756302261836,378.0,0.25504904789382576,157.0,1134.0,0.13347457627118645,0.14483156244549583,0.16309963099630997,1355.0,0.4784604519774011,0.5846560846560847,1320.0,0.07142857142857142,0.005291005291005291,0.042328042328042326,0.10052910052910052,221.0
0.13870094722598106,0.5002686331943074,0.19100423814519887,392.0,0.2340553549939832,3.0,2543.0,0.13261163734776726,0.19692347474408667,0.13267394270122784,2932.0,0.9918809201623816,0.9923469387755102,21.0,0.16071428571428573,0.03571428571428571,0.11479591836734694,0.18877551020408162,389.0,392,cortical_pca_64,,previous,2956,0,0.16474966170500677,0.5120427266070234,0.22570172027436547,392.0,0.23819808701018202,6.0,2463.0,0.13261163734776726,0.19304325828655425,0.13548613548613547,2849.0,0.9638024357239513,0.9846938775510204,101.0,0.16326530612244897,0.03571428571428571,0.10714285714285714,0.18877551020408162,386.0,0.2428958051420839,0.5452040020376325,0.23239252669533234,392.0,0.25100401606425704,17.0,2221.0,0.13261163734776726,0.24550366205249566,0.14445300462249616,2596.0,0.878213802435724,0.9566326530612245,343.0,0.21683673469387754,0.04336734693877551,0.14795918367346939,0.25255102040816324,375.0,0.016948661070273846,0.04858018730840899,0.012805929054075016,0.05246040376594141,0.01710365154420848,0.04609267787193966,0.11738818189312347,0.10276038535245863,0.14682002706359945,0.5006268107867171,0.20441250897819924,392.0,0.23390036452004856,7.0,2515.0,0.13261163734776726,0.199410984180556,0.13275862068965516,2900.0,0.9810554803788903,0.9821428571428571,49.0,0.16071428571428573,0.03571428571428571,0.11989795918367346,0.19642857142857142,385.0,blocked,True,arousal__future_spike_1_3s,0.05,0.8017591339648173,0.5053885828902545,0.1779151943863055,392.0,0.12012012012012012,352.0,234.0,0.13261163734776726,0.12811548015937219,0.145985401459854,274.0,0.09269282814614344,0.10204081632653061,2330.0,0.1096938775510204,0.002551020408163265,0.04336734693877551,0.14285714285714285,40.0,0.6525710419485792,0.5371649049635455,0.25135544917862906,392.0,0.22490566037735846,243.0,784.0,0.13261163734776726,0.14274327670003703,0.15969989281886388,933.0,0.31562922868741544,0.38010204081632654,1780.0,0.07908163265306123,0.0,0.04336734693877551,0.10204081632653061,149.0
0.13294993234100136,0.500195007800312,0.19791238618655949,392.0,0.2342396175679713,0.0,2563.0,0.13261163734776726,0.18275687381681147,0.1326565143824027,2955.0,0.9996617050067659,1.0,1.0,0.14285714285714285,0.03571428571428571,0.08673469387755102,0.17857142857142858,392.0,392,cortical_pca_64,,previous,2956,1,0.13497970230040596,0.5013650546021841,0.20260270986945267,392.0,0.23466028135288836,0.0,2557.0,0.13261163734776726,0.18081391954313064,0.13292641573414718,2949.0,0.9976319350473613,1.0,7.0,0.14540816326530612,0.030612244897959183,0.08673469387755102,0.18112244897959184,392.0,0.17760487144790257,0.5205335254226495,0.23597588784856355,392.0,0.24149765990639632,5.0,2426.0,0.13261163734776726,0.2073185795430902,0.1375755421258443,2813.0,0.9516238159675237,0.9872448979591837,138.0,0.18112244897959184,0.03571428571428571,0.10714285714285714,0.22704081632653061,387.0,0.00725804233842503,0.02456170572627872,0.006837378553507967,0.026504659999959546,0.006168138389694544,0.023980645732987305,0.08131521948048034,0.06481659115236582,0.14039242219215156,0.5034046770034066,0.23053080127125194,392.0,0.23532952151670178,1.0,2540.0,0.13261163734776726,0.18333793381010288,0.1334015694302286,2931.0,0.9915426251691475,0.9974489795918368,24.0,0.15306122448979592,0.03316326530612245,0.10204081632653061,0.1913265306122449,391.0,blocked,True,arousal__future_spike_1_3s,0.05,0.7861975642760487,0.507223248113598,0.17687256985781913,392.0,0.1366120218579235,342.0,290.0,0.13261163734776726,0.12600336006260984,0.14705882352941177,340.0,0.11502029769959404,0.12755102040816327,2274.0,0.1096938775510204,0.002551020408163265,0.04081632653061224,0.14540816326530612,50.0,0.5179296346414073,0.5524750071635518,0.19938824374447428,392.0,0.24802110817941952,157.0,1268.0,0.13261163734776726,0.14250198839072437,0.15635395874916833,1503.0,0.5084573748308525,0.5994897959183674,1296.0,0.07908163265306123,0.0,0.04336734693877551,0.09183673469387756,235.0
0.13806497175141244,0.4995296708117502,0.2040737964079764,388.0,0.24074650077760493,1.0,2440.0,0.1370056497175141,0.22050657290521042,0.13689423417049876,2827.0,0.9982344632768362,0.9974226804123711,4.0,0.17783505154639176,0.03865979381443299,0.12886597938144329,0.22938144329896906,387.0,388,cortical_pca_64,,previous,2832,2,0.14477401129943504,0.5012485869033357,0.2164732148120222,388.0,0.2412280701754386,3.0,2419.0,0.1370056497175141,0.21847903221086068,0.13730385164051356,2804.0,0.9901129943502824,0.9922680412371134,25.0,0.19329896907216496,0.04381443298969072,0.12628865979381443,0.2190721649484536,385.0,0.20268361581920905,0.5304638331617932,0.23431440377248489,388.0,0.25231788079470197,7.0,2251.0,0.1370056497175141,0.24682631117259018,0.14475683890577506,2632.0,0.9293785310734464,0.9819587628865979,193.0,0.21649484536082475,0.03608247422680412,0.14175257731958762,0.2603092783505155,381.0,0.011571380017097038,0.026319738267379766,0.011089810619263368,0.028347278961729505,0.012191498488224844,0.02377479552479972,0.10830728735190645,0.09812087446862458,0.1507768361581921,0.49930610626486915,0.21158863399136504,388.0,0.24012638230647712,8.0,2397.0,0.1370056497175141,0.22305151564779047,0.13683831472812388,2777.0,0.9805790960451978,0.979381443298969,47.0,0.16752577319587628,0.041237113402061855,0.12886597938144329,0.22164948453608246,380.0,blocked,True,arousal__future_spike_1_3s,0.05,0.7030367231638418,0.5059750788803212,0.1570225345945968,388.0,0.17790811339198434,297.0,544.0,0.1370056497175141,0.13851902382068373,0.14330708661417324,635.0,0.2242231638418079,0.2345360824742268,1900.0,0.12628865979381443,0.010309278350515464,0.05154639175257732,0.15979381443298968,91.0,0.5112994350282486,0.5542460391111411,0.2092650988682769,388.0,0.25591397849462366,150.0,1234.0,0.1370056497175141,0.1487054367039656,0.16168478260869565,1472.0,0.519774011299435,0.6134020618556701,1210.0,0.07989690721649484,0.0,0.04896907216494845,0.11597938144329897,238.0
0.34268833087149186,0.5705206514325971,0.19549486470045568,214.0,0.16822429906542055,34.0,1746.0,0.07902511078286559,0.20200569864711435,0.09345794392523364,1926.0,0.7112259970457903,0.8411214953271028,748.0,0.26635514018691586,0.07476635514018691,0.19626168224299065,0.2383177570093458,180.0,214,cortical_pca_64,,nearest,2708,-2,0.39254062038404725,0.5869057701099462,0.2097672369820819,214.0,0.17543859649122806,39.0,1606.0,0.07902511078286559,0.19983824267995515,0.0982594048287479,1781.0,0.6576809453471196,0.8177570093457944,888.0,0.26635514018691586,0.07476635514018691,0.1822429906542056,0.22897196261682243,175.0,0.31646971935007384,0.5797821313207774,0.2202275652643033,214.0,0.17107030900134346,23.0,1828.0,0.07902511078286559,0.21022710470837913,0.0946012877662209,2019.0,0.7455686853766618,0.8925233644859814,666.0,0.2803738317757009,0.07476635514018691,0.21962616822429906,0.2523364485981308,191.0,0.002846009935922905,0.008221406061264785,-0.004368287489884604,0.010388862028423984,0.0006964329956643256,0.005972222027892771,0.13551417777568261,0.10357478400076309,0.352658788774003,0.5759336426114263,0.17859378583693977,214.0,0.17037387600567913,34.0,1719.0,0.07902511078286559,0.20425488268048636,0.0947867298578199,1899.0,0.7012555391432792,0.8411214953271028,775.0,0.2570093457943925,0.07476635514018691,0.19626168224299065,0.22897196261682243,180.0,blocked,True,arousal__future_spike_1_3s,0.075,0.8452732644017725,0.5101645819124778,0.10147343823964072,214.0,0.10278372591006422,190.0,229.0,0.07902511078286559,0.07471292693269652,0.09486166007905138,253.0,0.09342688330871492,0.11214953271028037,2265.0,0.1261682242990654,0.0,0.037383177570093455,0.08878504672897196,24.0,0.7544313146233382,0.5655086225633108,0.18302395758202994,214.0,0.18002466091245375,141.0,524.0,0.07902511078286559,0.10665232070761604,0.12227805695142378,597.0,0.22045790251107827,0.3411214953271028,1970.0,0.14953271028037382,0.004672897196261682,0.08411214953271028,0.11682242990654206,73.0
0.17019774011299435,0.5271409340374857,0.16660351605046259,222.0,0.15223665223665225,11.0,2339.0,0.07838983050847458,0.16741357018907205,0.08274509803921569,2550.0,0.9004237288135594,0.9504504504504504,271.0,0.22972972972972974,0.05855855855855856,0.17117117117117117,0.20270270270270271,211.0,222,cortical_pca_64,,nearest,2832,-1,0.18926553672316385,0.5292430361395879,0.1800293198516296,222.0,0.15276752767527677,15.0,2281.0,0.07838983050847458,0.1677497029949017,0.08319935691318328,2488.0,0.8785310734463276,0.9324324324324325,329.0,0.22522522522522523,0.05855855855855856,0.16666666666666666,0.20270270270270271,207.0,0.2959039548022599,0.5706119913016464,0.2177126217418166,222.0,0.16638795986622074,23.0,1971.0,0.07838983050847458,0.20151829647489772,0.09170506912442396,2170.0,0.7662429378531074,0.8963963963963963,639.0,0.2747747747747748,0.06756756756756757,0.1981981981981982,0.24324324324324326,199.0,0.014151307629568483,0.03410472628582567,0.01362043219094397,0.03376859347999603,0.011228921852256435,0.03429943779117456,0.12634000647117677,0.0966480891126236,0.2309322033898305,0.5374236305270788,0.1705519865240739,222.0,0.1551590380139643,22.0,2156.0,0.07838983050847458,0.16721885868372316,0.08488964346349745,2356.0,0.8319209039548022,0.9009009009009009,454.0,0.21621621621621623,0.05855855855855856,0.17117117117117117,0.20270270270270271,200.0,blocked,True,arousal__future_spike_1_3s,0.075,0.8463983050847458,0.5107124365745056,0.10135308735547383,222.0,0.10309278350515463,197.0,238.0,0.07838983050847458,0.07517829000372095,0.09505703422053231,263.0,0.09286723163841808,0.11261261261261261,2372.0,0.13513513513513514,0.0,0.03153153153153153,0.0945945945945946,25.0,0.698093220338983,0.5806824065444754,0.1700434555192583,222.0,0.18648905803996194,124.0,731.0,0.07838983050847458,0.10487020736227412,0.11821471652593486,829.0,0.292725988700565,0.44144144144144143,1879.0,0.14414414414414414,0.009009009009009009,0.08108108108108109,0.10810810810810811,98.0
0.08085250338294993,0.49799673303493336,0.1386223696085902,228.0,0.1426317450299779,2.0,2715.0,0.07713125845737483,0.11514677325127667,0.0768446106766406,2941.0,0.9949255751014885,0.9912280701754386,13.0,0.13596491228070176,0.039473684210526314,0.08771929824561403,0.11403508771929824,226.0,228,cortical_pca_64,,nearest,2956,0,0.08491204330175914,0.4961767505273447,0.14250907406650548,228.0,0.14208690136378052,4.0,2701.0,0.07713125845737483,0.11469969123251345,0.07658119658119658,2925.0,0.9895128552097429,0.9824561403508771,27.0,0.13157894736842105,0.03508771929824561,0.09649122807017543,0.11403508771929824,224.0,0.2510148849797023,0.5479851571744611,0.23944583590168605,228.0,0.15625000000000003,23.0,2191.0,0.07713125845737483,0.15752967860337994,0.08555926544240401,2396.0,0.8105548037889039,0.8991228070175439,537.0,0.2149122807017544,0.05701754385964912,0.13157894736842105,0.17543859649122806,205.0,0.013618254970022114,0.04238290535210326,0.014163098636219507,0.04282998737086649,0.011939764780673906,0.04589976508620494,0.08407151066717466,0.05480113327284812,0.08930987821380243,0.5045885424705459,0.15297756903954704,228.0,0.14431023521932612,1.0,2691.0,0.07713125845737483,0.111629913517175,0.07779300891021247,2918.0,0.9871447902571042,0.9956140350877193,37.0,0.12719298245614036,0.03508771929824561,0.09210526315789473,0.10526315789473684,227.0,blocked,True,arousal__future_spike_1_3s,0.075,0.8893775372124493,0.49190332870298914,0.1145239259058014,228.0,0.02967359050445104,223.0,104.0,0.07713125845737483,0.07345816793620527,0.045871559633027525,109.0,0.03687415426251692,0.021929824561403508,2624.0,0.12719298245614036,0.0,0.043859649122807015,0.08771929824561403,5.0,0.7144790257104194,0.5840471780624582,0.175946024782087,228.0,0.18846153846153846,130.0,714.0,0.07713125845737483,0.10272854533053181,0.1206896551724138,812.0,0.2746955345060893,0.4298245614035088,2014.0,0.14035087719298245,0.021929824561403508,0.07894736842105263,0.10526315789473684,98.0
0.08761840324763194,0.4996527241858311,0.14198795348552717,228.0,0.14299332697807438,3.0,2694.0,0.07713125845737483,0.11737335964835822,0.07708119218910586,2919.0,0.9874830852503383,0.9868421052631579,34.0,0.14035087719298245,0.03508771929824561,0.09210526315789473,0.11842105263157894,225.0,228,cortical_pca_64,,nearest,2956,1,0.14343707713125844,0.5178364716777281,0.16786262241986652,228.0,0.1474747474747475,9.0,2523.0,0.07713125845737483,0.12020729582194242,0.07986870897155361,2742.0,0.9276048714479026,0.9605263157894737,205.0,0.15789473684210525,0.039473684210526314,0.10526315789473684,0.13157894736842105,219.0,0.2662381596752368,0.5461844677676596,0.23275881521757247,228.0,0.15570260801868432,28.0,2141.0,0.07713125845737483,0.1462171124994811,0.08543357539513029,2341.0,0.7919485791610285,0.8771929824561403,587.0,0.20175438596491227,0.04824561403508772,0.13157894736842105,0.16228070175438597,200.0,0.012709281040609949,0.02884375285112288,0.008227860543936816,0.026009816677538683,0.007502677924311724,0.02648493025198803,0.07293779279918963,0.043393133051612603,0.17557510148849798,0.5211806091475022,0.16112249509932733,228.0,0.1481999300943726,16.0,2421.0,0.07713125845737483,0.11973218224749307,0.08051652107861755,2633.0,0.8907307171853857,0.9298245614035088,307.0,0.16666666666666666,0.039473684210526314,0.08771929824561403,0.12719298245614036,212.0,blocked,True,arousal__future_spike_1_3s,0.075,0.8947902571041949,0.4908164840253126,0.11212637968959145,228.0,0.01892744479495268,225.0,86.0,0.07713125845737483,0.07327931970029147,0.033707865168539325,89.0,0.030108254397834912,0.013157894736842105,2642.0,0.12719298245614036,0.0,0.03508771929824561,0.09210526315789473,3.0,0.6427604871447903,0.6095012090343159,0.16800626895156326,228.0,0.19756838905775076,98.0,958.0,0.07713125845737483,0.1028239794478685,0.11948529411764706,1088.0,0.3680649526387009,0.5701754385964912,1770.0,0.12719298245614036,0.008771929824561403,0.08333333333333333,0.12719298245614036,130.0
0.08403954802259887,0.5004628564122234,0.14569134107708845,225.0,0.1472715318869165,1.0,2593.0,0.07944915254237288,0.134712280375328,0.0795172168974086,2817.0,0.9947033898305084,0.9955555555555555,14.0,0.18222222222222223,0.04888888888888889,0.11555555555555555,0.14666666666666667,224.0,225,cortical_pca_64,,nearest,2832,2,0.10734463276836158,0.5131210842603248,0.162171295379744,225.0,0.15053763440860216,1.0,2527.0,0.07944915254237288,0.1317625857508406,0.08142493638676845,2751.0,0.9713983050847458,0.9955555555555555,80.0,0.16444444444444445,0.044444444444444446,0.1111111111111111,0.14222222222222222,224.0,0.2605932203389831,0.5577803349955248,0.22809421284400822,225.0,0.16373801916932906,20.0,2074.0,0.07944915254237288,0.16470249662951092,0.08995173321632295,2279.0,0.804731638418079,0.9111111111111111,533.0,0.2311111111111111,0.04,0.1688888888888889,0.21333333333333335,205.0,0.016466487282412567,0.02999021625418291,0.013200384760726908,0.03293991087867032,0.016747663332947277,0.03031081766127036,0.08528633579569567,0.05564770033659813,0.09427966101694915,0.49993351233857564,0.1564642735289841,225.0,0.1469903558363818,4.0,2561.0,0.07944915254237288,0.13439167896824056,0.0794392523364486,2782.0,0.9823446327683616,0.9822222222222222,46.0,0.18222222222222223,0.04888888888888889,0.11555555555555555,0.14666666666666667,221.0,blocked,True,arousal__future_spike_1_3s,0.075,0.8965395480225988,0.497110343945787,0.10715625887984381,225.0,0.033003300330033,220.0,73.0,0.07944915254237288,0.07941616083381525,0.0641025641025641,78.0,0.02754237288135593,0.022222222222222223,2534.0,0.14222222222222222,0.0,0.06222222222222222,0.10222222222222223,5.0,0.6740819209039548,0.6077509269914333,0.1907416364921017,225.0,0.2049956933677864,106.0,817.0,0.07944915254237288,0.10905479629291279,0.12713675213675213,936.0,0.3305084745762712,0.5288888888888889,1790.0,0.1111111111111111,0.0044444444444444444,0.09777777777777778,0.10666666666666667,119.0
0.34268833087149186,0.5705206514325971,0.19549486470045568,214.0,0.16822429906542055,34.0,1746.0,0.07902511078286559,0.20200569864711435,0.09345794392523364,1926.0,0.7112259970457903,0.8411214953271028,748.0,0.26635514018691586,0.07476635514018691,0.19626168224299065,0.2383177570093458,180.0,214,cortical_pca_64,,linear,2708,-2,0.42319054652880356,0.5821860315223827,0.21826621968055107,214.0,0.17441860465116282,49.0,1513.0,0.07902511078286559,0.19732346952832905,0.09833134684147796,1678.0,0.619645494830133,0.7710280373831776,981.0,0.2757009345794392,0.0794392523364486,0.21495327102803738,0.24766355140186916,165.0,0.31646971935007384,0.5797821313207774,0.2202275652643033,214.0,0.17107030900134346,23.0,1828.0,0.07902511078286559,0.21022710470837913,0.0946012877662209,2019.0,0.7455686853766618,0.8925233644859814,666.0,0.2803738317757009,0.07476635514018691,0.21962616822429906,0.2523364485981308,191.0,0.002846009935922905,0.008221406061264785,-0.003348295649819366,0.012903635180050083,-0.010454932674274137,0.008933363404764721,0.13551417777568261,0.10357478400076309,0.43722304283604135,0.5983481851771354,0.20090139924511724,214.0,0.1815252416756176,45.0,1479.0,0.07902511078286559,0.2012937413036144,0.10254854368932038,1648.0,0.6085672082717873,0.7897196261682243,1015.0,0.2803738317757009,0.0794392523364486,0.19158878504672897,0.24766355140186916,169.0,blocked,True,arousal__future_spike_1_3s,0.075,0.8452732644017725,0.5101645819124778,0.10147343823964072,214.0,0.10278372591006422,190.0,229.0,0.07902511078286559,0.07471292693269652,0.09486166007905138,253.0,0.09342688330871492,0.11214953271028037,2265.0,0.1261682242990654,0.0,0.037383177570093455,0.08878504672897196,24.0,0.7544313146233382,0.5655086225633108,0.18302395758202994,214.0,0.18002466091245375,141.0,524.0,0.07902511078286559,0.10665232070761604,0.12227805695142378,597.0,0.22045790251107827,0.3411214953271028,1970.0,0.14953271028037382,0.004672897196261682,0.08411214953271028,0.11682242990654206,73.0
0.17019774011299435,0.5271409340374857,0.16660351605046259,222.0,0.15223665223665225,11.0,2339.0,0.07838983050847458,0.16741357018907205,0.08274509803921569,2550.0,0.9004237288135594,0.9504504504504504,271.0,0.22972972972972974,0.05855855855855856,0.17117117117117117,0.20270270270270271,211.0,222,cortical_pca_64,,linear,2832,-1,0.2507062146892655,0.539908874391633,0.21240425986958222,222.0,0.15592680986475738,26.0,2096.0,0.07838983050847458,0.16178622724124336,0.08551483420593368,2292.0,0.809322033898305,0.8828828828828829,514.0,0.22072072072072071,0.05855855855855856,0.15315315315315314,0.19369369369369369,196.0,0.2959039548022599,0.5706119913016464,0.2177126217418166,222.0,0.16638795986622074,23.0,1971.0,0.07838983050847458,0.20151829647489772,0.09170506912442396,2170.0,0.7662429378531074,0.8963963963963963,639.0,0.2747747747747748,0.06756756756756757,0.1981981981981982,0.24324324324324326,199.0,0.014151307629568483,0.03410472628582567,0.01046115000146336,0.039732069233654355,0.010574006377848638,0.038428284775926025,0.12634000647117677,0.0966480891126236,0.2309322033898305,0.539484311898105,0.19288252121539678,222.0,0.1558139534883721,21.0,2157.0,0.07838983050847458,0.1630900116989717,0.08524173027989822,2358.0,0.8326271186440678,0.9054054054054054,453.0,0.24324324324324326,0.05855855855855856,0.15765765765765766,0.2072072072072072,201.0,blocked,True,arousal__future_spike_1_3s,0.075,0.8463983050847458,0.5107124365745056,0.10135308735547383,222.0,0.10309278350515463,197.0,238.0,0.07838983050847458,0.07517829000372095,0.09505703422053231,263.0,0.09286723163841808,0.11261261261261261,2372.0,0.13513513513513514,0.0,0.03153153153153153,0.0945945945945946,25.0,0.698093220338983,0.5806824065444754,0.1700434555192583,222.0,0.18648905803996194,124.0,731.0,0.07838983050847458,0.10487020736227412,0.11821471652593486,829.0,0.292725988700565,0.44144144144144143,1879.0,0.14414414414414414,0.009009009009009009,0.08108108108108109,0.10810810810810811,98.0
0.08085250338294993,0.49799673303493336,0.1386223696085902,228.0,0.1426317450299779,2.0,2715.0,0.07713125845737483,0.11514677325127667,0.0768446106766406,2941.0,0.9949255751014885,0.9912280701754386,13.0,0.13596491228070176,0.039473684210526314,0.08771929824561403,0.11403508771929824,226.0,228,cortical_pca_64,,linear,2956,0,0.11332882273342354,0.5075532489581726,0.17495752117344646,228.0,0.14486133768352366,6.0,2615.0,0.07713125845737483,0.1137342581055471,0.07825167430384208,2837.0,0.959742895805142,0.9736842105263158,113.0,0.12719298245614036,0.039473684210526314,0.09649122807017543,0.10964912280701754,222.0,0.2510148849797023,0.5479851571744611,0.23944583590168605,228.0,0.15625000000000003,23.0,2191.0,0.07713125845737483,0.15752967860337994,0.08555926544240401,2396.0,0.8105548037889039,0.8991228070175439,537.0,0.2149122807017544,0.05701754385964912,0.13157894736842105,0.17543859649122806,205.0,0.013618254970022114,0.04238290535210326,0.011388662316476367,0.04379542049783283,0.012709330143540698,0.0412837071769359,0.08407151066717466,0.05480113327284812,0.09167794316644114,0.5018521376755672,0.14985635591661145,228.0,0.14354066985645933,3.0,2682.0,0.07713125845737483,0.11624597142644404,0.07739938080495357,2907.0,0.9834235453315291,0.9868421052631579,46.0,0.14912280701754385,0.043859649122807015,0.08771929824561403,0.11403508771929824,225.0,blocked,True,arousal__future_spike_1_3s,0.075,0.8893775372124493,0.49190332870298914,0.1145239259058014,228.0,0.02967359050445104,223.0,104.0,0.07713125845737483,0.07345816793620527,0.045871559633027525,109.0,0.03687415426251692,0.021929824561403508,2624.0,0.12719298245614036,0.0,0.043859649122807015,0.08771929824561403,5.0,0.7144790257104194,0.5840471780624582,0.175946024782087,228.0,0.18846153846153846,130.0,714.0,0.07713125845737483,0.10272854533053181,0.1206896551724138,812.0,0.2746955345060893,0.4298245614035088,2014.0,0.14035087719298245,0.021929824561403508,0.07894736842105263,0.10526315789473684,98.0
0.08761840324763194,0.4996527241858311,0.14198795348552717,228.0,0.14299332697807438,3.0,2694.0,0.07713125845737483,0.11737335964835822,0.07708119218910586,2919.0,0.9874830852503383,0.9868421052631579,34.0,0.14035087719298245,0.03508771929824561,0.09210526315789473,0.11842105263157894,225.0,228,cortical_pca_64,,linear,2956,1,0.10926928281461434,0.5093732314657612,0.14336163152797915,228.0,0.145407335280753,4.0,2629.0,0.07713125845737483,0.12051171382244893,0.07851384507535927,2853.0,0.9651556156968877,0.9824561403508771,99.0,0.15789473684210525,0.03508771929824561,0.10087719298245613,0.13157894736842105,224.0,0.2662381596752368,0.5461844677676596,0.23275881521757247,228.0,0.15570260801868432,28.0,2141.0,0.07713125845737483,0.1462171124994811,0.08543357539513029,2341.0,0.7919485791610285,0.8771929824561403,587.0,0.20175438596491227,0.04824561403508772,0.13157894736842105,0.16228070175438597,200.0,0.012709281040609949,0.02884375285112288,0.010295272737931321,0.02570539867703217,0.011558463874540181,0.028306420421207415,0.07293779279918963,0.043393133051612603,0.10013531799729364,0.504424551113855,0.1399709194970578,228.0,0.14414414414414414,4.0,2656.0,0.07713125845737483,0.11791069207827369,0.07777777777777778,2880.0,0.9742895805142084,0.9824561403508771,72.0,0.14912280701754385,0.03508771929824561,0.09649122807017543,0.12280701754385964,224.0,blocked,True,arousal__future_spike_1_3s,0.075,0.8947902571041949,0.4908164840253126,0.11212637968959145,228.0,0.01892744479495268,225.0,86.0,0.07713125845737483,0.07327931970029147,0.033707865168539325,89.0,0.030108254397834912,0.013157894736842105,2642.0,0.12719298245614036,0.0,0.03508771929824561,0.09210526315789473,3.0,0.6427604871447903,0.6095012090343159,0.16800626895156326,228.0,0.19756838905775076,98.0,958.0,0.07713125845737483,0.1028239794478685,0.11948529411764706,1088.0,0.3680649526387009,0.5701754385964912,1770.0,0.12719298245614036,0.008771929824561403,0.08333333333333333,0.12719298245614036,130.0
0.08403954802259887,0.5004628564122234,0.14569134107708845,225.0,0.1472715318869165,1.0,2593.0,0.07944915254237288,0.134712280375328,0.0795172168974086,2817.0,0.9947033898305084,0.9955555555555555,14.0,0.18222222222222223,0.04888888888888889,0.11555555555555555,0.14666666666666667,224.0,225,cortical_pca_64,,linear,2832,2,0.10840395480225988,0.5096355964710395,0.17211777379182827,225.0,0.1495453014482991,3.0,2522.0,0.07944915254237288,0.13220940417113944,0.08090379008746355,2744.0,0.9689265536723164,0.9866666666666667,85.0,0.18666666666666668,0.04888888888888889,0.11555555555555555,0.15555555555555556,222.0,0.2605932203389831,0.5577803349955248,0.22809421284400822,225.0,0.16373801916932906,20.0,2074.0,0.07944915254237288,0.16470249662951092,0.08995173321632295,2279.0,0.804731638418079,0.9111111111111111,533.0,0.2311111111111111,0.04,0.1688888888888889,0.21333333333333335,205.0,0.016466487282412567,0.02999021625418291,0.014192717721029952,0.03249309245837148,0.016679195639917294,0.032206112471620585,0.08528633579569567,0.05564770033659813,0.09887005649717515,0.5003963687507991,0.1547171136515357,225.0,0.14705882352941177,5.0,2547.0,0.07944915254237288,0.13249638415789033,0.0795084929526563,2767.0,0.97704802259887,0.9777777777777777,60.0,0.17777777777777778,0.04888888888888889,0.10666666666666667,0.1511111111111111,220.0,blocked,True,arousal__future_spike_1_3s,0.075,0.8965395480225988,0.497110343945787,0.10715625887984381,225.0,0.033003300330033,220.0,73.0,0.07944915254237288,0.07941616083381525,0.0641025641025641,78.0,0.02754237288135593,0.022222222222222223,2534.0,0.14222222222222222,0.0,0.06222222222222222,0.10222222222222223,5.0,0.6740819209039548,0.6077509269914333,0.1907416364921017,225.0,0.2049956933677864,106.0,817.0,0.07944915254237288,0.10905479629291279,0.12713675213675213,936.0,0.3305084745762712,0.5288888888888889,1790.0,0.1111111111111111,0.0044444444444444444,0.09777777777777778,0.10666666666666667,119.0
0.34268833087149186,0.5705206514325971,0.19549486470045568,214.0,0.16822429906542055,34.0,1746.0,0.07902511078286559,0.20200569864711435,0.09345794392523364,1926.0,0.7112259970457903,0.8411214953271028,748.0,0.26635514018691586,0.07476635514018691,0.19626168224299065,0.2383177570093458,180.0,214,cortical_pca_64,,previous,2708,-2,0.465288035450517,0.5836812087327343,0.20991573920612214,214.0,0.17633674630261661,59.0,1389.0,0.07902511078286559,0.20188324466160945,0.10038860103626943,1544.0,0.5701624815361891,0.7242990654205608,1105.0,0.27102803738317754,0.0794392523364486,0.19158878504672897,0.24766355140186916,155.0,0.31646971935007384,0.5797821313207774,0.2202275652643033,214.0,0.17107030900134346,23.0,1828.0,0.07902511078286559,0.21022710470837913,0.0946012877662209,2019.0,0.7455686853766618,0.8925233644859814,666.0,0.2803738317757009,0.07476635514018691,0.21962616822429906,0.2523364485981308,191.0,0.002846009935922905,0.008221406061264785,-0.005266437301273158,0.00834386004676968,0.0078050028788944625,0.010146762099407264,0.13551417777568261,0.10357478400076309,0.30354505169867063,0.5578135188002609,0.186258665955774,214.0,0.163265306122449,30.0,1856.0,0.07902511078286559,0.20008034260897187,0.09019607843137255,2040.0,0.7533234859675036,0.8598130841121495,638.0,0.27102803738317754,0.07476635514018691,0.19626168224299065,0.2383177570093458,184.0,blocked,True,arousal__future_spike_1_3s,0.075,0.8452732644017725,0.5101645819124778,0.10147343823964072,214.0,0.10278372591006422,190.0,229.0,0.07902511078286559,0.07471292693269652,0.09486166007905138,253.0,0.09342688330871492,0.11214953271028037,2265.0,0.1261682242990654,0.0,0.037383177570093455,0.08878504672897196,24.0,0.7544313146233382,0.5655086225633108,0.18302395758202994,214.0,0.18002466091245375,141.0,524.0,0.07902511078286559,0.10665232070761604,0.12227805695142378,597.0,0.22045790251107827,0.3411214953271028,1970.0,0.14953271028037382,0.004672897196261682,0.08411214953271028,0.11682242990654206,73.0
0.17019774011299435,0.5271409340374857,0.16660351605046259,222.0,0.15223665223665225,11.0,2339.0,0.07838983050847458,0.16741357018907205,0.08274509803921569,2550.0,0.9004237288135594,0.9504504504504504,271.0,0.22972972972972974,0.05855855855855856,0.17117117117117117,0.20270270270270271,211.0,222,cortical_pca_64,,previous,2832,-1,0.2595338983050847,0.5570622346484415,0.19058560489027848,222.0,0.1615353858456617,20.0,2077.0,0.07838983050847458,0.17569861172044754,0.088635366388767,2279.0,0.804731638418079,0.9099099099099099,533.0,0.23873873873873874,0.06756756756756757,0.17117117117117117,0.21171171171171171,202.0,0.2959039548022599,0.5706119913016464,0.2177126217418166,222.0,0.16638795986622074,23.0,1971.0,0.07838983050847458,0.20151829647489772,0.09170506912442396,2170.0,0.7662429378531074,0.8963963963963963,639.0,0.2747747747747748,0.06756756756756757,0.1981981981981982,0.24324324324324326,199.0,0.014151307629568483,0.03410472628582567,0.004852574020559025,0.02581968475445018,0.013795367273628178,0.04040271388519398,0.12634000647117677,0.0966480891126236,0.192090395480226,0.5287149218183701,0.18495619402011937,222.0,0.15259259259259256,16.0,2272.0,0.07838983050847458,0.16111558258970374,0.08313155770782889,2478.0,0.875,0.9279279279279279,338.0,0.22522522522522523,0.05855855855855856,0.16216216216216217,0.1891891891891892,206.0,blocked,True,arousal__future_spike_1_3s,0.075,0.8463983050847458,0.5107124365745056,0.10135308735547383,222.0,0.10309278350515463,197.0,238.0,0.07838983050847458,0.07517829000372095,0.09505703422053231,263.0,0.09286723163841808,0.11261261261261261,2372.0,0.13513513513513514,0.0,0.03153153153153153,0.0945945945945946,25.0,0.698093220338983,0.5806824065444754,0.1700434555192583,222.0,0.18648905803996194,124.0,731.0,0.07838983050847458,0.10487020736227412,0.11821471652593486,829.0,0.292725988700565,0.44144144144144143,1879.0,0.14414414414414414,0.009009009009009009,0.08108108108108109,0.10810810810810811,98.0
0.08085250338294993,0.49799673303493336,0.1386223696085902,228.0,0.1426317450299779,2.0,2715.0,0.07713125845737483,0.11514677325127667,0.0768446106766406,2941.0,0.9949255751014885,0.9912280701754386,13.0,0.13596491228070176,0.039473684210526314,0.08771929824561403,0.11403508771929824,226.0,228,cortical_pca_64,,previous,2956,0,0.13768606224627875,0.5147206359006019,0.19865715202431625,228.0,0.14663542015400066,9.0,2540.0,0.07713125845737483,0.11546896031663924,0.07937658571946357,2759.0,0.9333558863328822,0.9605263157894737,188.0,0.14912280701754385,0.03508771929824561,0.10526315789473684,0.11403508771929824,219.0,0.2510148849797023,0.5479851571744611,0.23944583590168605,228.0,0.15625000000000003,23.0,2191.0,0.07713125845737483,0.15752967860337994,0.08555926544240401,2396.0,0.8105548037889039,0.8991228070175439,537.0,0.2149122807017544,0.05701754385964912,0.13157894736842105,0.17543859649122806,205.0,0.013618254970022114,0.04238290535210326,0.009614579845999366,0.0420607182867407,0.012571839080459779,0.04231721604161237,0.08407151066717466,0.05480113327284812,0.09269282814614344,0.5024019910480012,0.15199906364464755,228.0,0.14367816091954025,3.0,2679.0,0.07713125845737483,0.11521246256176756,0.07747933884297521,2904.0,0.9824086603518268,0.9868421052631579,49.0,0.14035087719298245,0.03508771929824561,0.10964912280701754,0.11842105263157894,225.0,blocked,True,arousal__future_spike_1_3s,0.075,0.8893775372124493,0.49190332870298914,0.1145239259058014,228.0,0.02967359050445104,223.0,104.0,0.07713125845737483,0.07345816793620527,0.045871559633027525,109.0,0.03687415426251692,0.021929824561403508,2624.0,0.12719298245614036,0.0,0.043859649122807015,0.08771929824561403,5.0,0.7144790257104194,0.5840471780624582,0.175946024782087,228.0,0.18846153846153846,130.0,714.0,0.07713125845737483,0.10272854533053181,0.1206896551724138,812.0,0.2746955345060893,0.4298245614035088,2014.0,0.14035087719298245,0.021929824561403508,0.07894736842105263,0.10526315789473684,98.0
0.08761840324763194,0.4996527241858311,0.14198795348552717,228.0,0.14299332697807438,3.0,2694.0,0.07713125845737483,0.11737335964835822,0.07708119218910586,2919.0,0.9874830852503383,0.9868421052631579,34.0,0.14035087719298245,0.03508771929824561,0.09210526315789473,0.11842105263157894,225.0,228,cortical_pca_64,,previous,2956,1,0.12855209742895804,0.5097719555486958,0.18130774429719593,228.0,0.14532183145321828,9.0,2567.0,0.07713125845737483,0.11545892449376174,0.07860732232591529,2786.0,0.942489851150203,0.9605263157894737,161.0,0.14912280701754385,0.03508771929824561,0.11403508771929824,0.12719298245614036,219.0,0.2662381596752368,0.5461844677676596,0.23275881521757247,228.0,0.15570260801868432,28.0,2141.0,0.07713125845737483,0.1462171124994811,0.08543357539513029,2341.0,0.7919485791610285,0.8771929824561403,587.0,0.20175438596491227,0.04824561403508772,0.13157894736842105,0.16228070175438597,200.0,0.012709281040609949,0.02884375285112288,0.010380776565466043,0.03075818800571936,0.009408719852234376,0.025286192012950376,0.07293779279918963,0.043393133051612603,0.11163734776725305,0.5126659206667695,0.14793397392354662,228.0,0.14629388816644995,3.0,2623.0,0.07713125845737483,0.12093092048653073,0.07900280898876405,2848.0,0.9634641407307172,0.9868421052631579,105.0,0.15350877192982457,0.043859649122807015,0.10087719298245613,0.12719298245614036,225.0,blocked,True,arousal__future_spike_1_3s,0.075,0.8947902571041949,0.4908164840253126,0.11212637968959145,228.0,0.01892744479495268,225.0,86.0,0.07713125845737483,0.07327931970029147,0.033707865168539325,89.0,0.030108254397834912,0.013157894736842105,2642.0,0.12719298245614036,0.0,0.03508771929824561,0.09210526315789473,3.0,0.6427604871447903,0.6095012090343159,0.16800626895156326,228.0,0.19756838905775076,98.0,958.0,0.07713125845737483,0.1028239794478685,0.11948529411764706,1088.0,0.3680649526387009,0.5701754385964912,1770.0,0.12719298245614036,0.008771929824561403,0.08333333333333333,0.12719298245614036,130.0
0.08403954802259887,0.5004628564122234,0.14569134107708845,225.0,0.1472715318869165,1.0,2593.0,0.07944915254237288,0.134712280375328,0.0795172168974086,2817.0,0.9947033898305084,0.9955555555555555,14.0,0.18222222222222223,0.04888888888888889,0.11555555555555555,0.14666666666666667,224.0,225,cortical_pca_64,,previous,2832,2,0.10451977401129943,0.505495460938499,0.15556425277361488,225.0,0.1484217595701813,4.0,2532.0,0.07944915254237288,0.1347902767369305,0.08027606247729749,2753.0,0.9721045197740112,0.9822222222222222,75.0,0.2088888888888889,0.04,0.13777777777777778,0.16444444444444445,221.0,0.2605932203389831,0.5577803349955248,0.22809421284400822,225.0,0.16373801916932906,20.0,2074.0,0.07944915254237288,0.16470249662951092,0.08995173321632295,2279.0,0.804731638418079,0.9111111111111111,533.0,0.2311111111111111,0.04,0.1688888888888889,0.21333333333333335,205.0,0.016466487282412567,0.02999021625418291,0.015316259599147758,0.029912219892580416,0.015166590597900487,0.033913649041297844,0.08528633579569567,0.05564770033659813,0.10557909604519775,0.5060708349315944,0.15889651235575117,225.0,0.14857142857142858,4.0,2529.0,0.07944915254237288,0.13078884758821308,0.08036363636363636,2750.0,0.971045197740113,0.9822222222222222,78.0,0.18222222222222223,0.035555555555555556,0.12444444444444444,0.15555555555555556,221.0,blocked,True,arousal__future_spike_1_3s,0.075,0.8965395480225988,0.497110343945787,0.10715625887984381,225.0,0.033003300330033,220.0,73.0,0.07944915254237288,0.07941616083381525,0.0641025641025641,78.0,0.02754237288135593,0.022222222222222223,2534.0,0.14222222222222222,0.0,0.06222222222222222,0.10222222222222223,5.0,0.6740819209039548,0.6077509269914333,0.1907416364921017,225.0,0.2049956933677864,106.0,817.0,0.07944915254237288,0.10905479629291279,0.12713675213675213,936.0,0.3305084745762712,0.5288888888888889,1790.0,0.1111111111111111,0.0044444444444444444,0.09777777777777778,0.10666666666666667,119.0
0.7518277822908205,0.5112901543367604,0.24535043812493867,619.0,0.05271317829457364,602.0,9.0,0.25142160844841593,0.3322584040608365,0.6538461538461539,26.0,0.010560519902518278,0.027463651050080775,1834.0,0.15993537964458804,0.025848142164781908,0.10016155088852989,0.3150242326332795,17.0,619,cortical_pca_64,3,nearest,2462,-2,0.7510154346060114,0.5096746454514616,0.2588546750470462,619.0,0.04665629860031104,604.0,9.0,0.25142160844841593,0.32825789416235673,0.625,24.0,0.00974817221770918,0.024232633279483037,1834.0,0.15993537964458804,0.025848142164781908,0.09854604200323101,0.31017770597738287,15.0,0.7607636068237206,0.5440815661056945,0.2613204009415491,619.0,0.18533886583679118,552.0,37.0,0.25142160844841593,0.40173562886215053,0.6442307692307693,104.0,0.04224207961007311,0.10823909531502424,1806.0,0.2084006462035541,0.03231017770597738,0.12116316639741519,0.3877221324717286,67.0,0.13262568754221754,0.06947722480131402,0.13868256723648015,0.0734777346997938,0.1447138658367912,0.0726007741802287,0.12319717606534031,0.05189256535345882,0.7506092607636068,0.5083304333648604,0.2509406797519203,619.0,0.040624999999999994,606.0,8.0,0.25142160844841593,0.32913485468192183,0.6190476190476191,21.0,0.008529650690495532,0.0210016155088853,1835.0,0.1567043618739903,0.025848142164781908,0.10016155088852989,0.308562197092084,13.0,blocked,True,arousal__future_change_p3s_movement,0.05,0.25142160844841593,0.5,0.20298485423084484,619.0,0.4018175916910094,0.0,1843.0,0.25142160844841593,0.2785384527968102,0.25142160844841593,2462.0,1.0,1.0,0.0,0.1308562197092084,0.014539579967689823,0.06462035541195477,0.27140549273021003,619.0,0.4394800974817222,0.5741104839777107,0.23259949437927457,619.0,0.43116240725474037,96.0,1284.0,0.25142160844841593,0.3498430635086917,0.2894299944659657,1807.0,0.7339561332250203,0.8449111470113085,559.0,0.1631663974151858,0.01938610662358643,0.08723747980613894,0.3376413570274637,523.0
0.7528046421663442,0.5072715274852527,0.24343879099502044,643.0,0.03619909502262444,631.0,8.0,0.24874274661508705,0.3071726638523509,0.6,20.0,0.007736943907156673,0.01866251944012442,1934.0,0.14930015552099535,0.024883359253499222,0.08864696734059098,0.27993779160186627,12.0,643,cortical_pca_64,3,nearest,2585,-1,0.75357833655706,0.507786460543955,0.2517707962949603,643.0,0.036308623298033284,631.0,6.0,0.24874274661508705,0.3063781478453735,0.6666666666666666,18.0,0.006963249516441006,0.01866251944012442,1936.0,0.15241057542768274,0.024883359253499222,0.08864696734059098,0.28771384136858474,12.0,0.7578336557059961,0.5298637149176828,0.2673223550415221,643.0,0.13535911602209946,594.0,32.0,0.24874274661508705,0.3759314668988495,0.6049382716049383,81.0,0.031334622823984526,0.07620528771384137,1910.0,0.17729393468118196,0.029548989113530325,0.1166407465007776,0.36391912908242613,49.0,0.09916002099947502,0.06875880304649856,0.09905049272406619,0.069553319053476,0.08752653007292159,0.06712803962319025,0.10214972235705783,0.031554023167574496,0.75357833655706,0.5098670143332378,0.2336217743244148,643.0,0.04783258594917787,627.0,10.0,0.24874274661508705,0.30880342727565924,0.6153846153846154,26.0,0.010058027079303675,0.024883359253499222,1932.0,0.15396578538102643,0.024883359253499222,0.08864696734059098,0.2954898911353033,16.0,blocked,True,arousal__future_change_p3s_movement,0.05,0.24874274661508705,0.498439584658038,0.2149670398008877,643.0,0.3972687771570454,3.0,1939.0,0.24874274661508705,0.27378174454179166,0.24815820085304383,2579.0,0.997678916827853,0.995334370139969,3.0,0.12286158631415241,0.013996889580093312,0.06531881804043546,0.27060653188180406,640.0,0.4584139264990329,0.5797309374664653,0.2558550923706986,643.0,0.42996742671009774,115.0,1285.0,0.24874274661508705,0.344377443731275,0.2912300055157198,1813.0,0.7013539651837524,0.8211508553654744,657.0,0.16329704510108864,0.01866251944012442,0.08398133748055987,0.3312597200622084,528.0
0.7596011816838996,0.5253096747681109,0.24293227028555497,668.0,0.11428571428571428,626.0,25.0,0.2466765140324963,0.3375655719523798,0.6268656716417911,67.0,0.024741506646971934,0.06287425149700598,2015.0,0.17365269461077845,0.02694610778443114,0.10329341317365269,0.31736526946107785,42.0,668,cortical_pca_64,3,nearest,2708,0,0.7566469719350074,0.5223420805447928,0.254782009789381,668.0,0.10825439783491203,628.0,31.0,0.2466765140324963,0.3297607531651875,0.5633802816901409,71.0,0.02621861152141802,0.059880239520958084,2009.0,0.16167664670658682,0.02694610778443114,0.10329341317365269,0.3068862275449102,40.0,0.7573855243722304,0.5444786896794646,0.2633961838689926,668.0,0.20170109356014582,585.0,72.0,0.2466765140324963,0.38581406501614784,0.535483870967742,155.0,0.05723781388478582,0.12425149700598802,1968.0,0.18263473053892215,0.03143712574850299,0.1122754491017964,0.38323353293413176,83.0,0.08741537927443153,0.04824849306376805,0.09344669572523379,0.05605331185096035,0.0977339252974919,0.047889197866723354,0.11175760708315935,0.04527989970236562,0.7581240768094535,0.522315662792063,0.23406620540391104,668.0,0.10396716826265391,630.0,25.0,0.2466765140324963,0.3379248671494245,0.6031746031746031,63.0,0.02326440177252585,0.05688622754491018,2015.0,0.17065868263473055,0.02844311377245509,0.1062874251497006,0.3158682634730539,38.0,blocked,True,arousal__future_change_p3s_movement,0.05,0.24741506646971936,0.4989799812140425,0.21794876539552183,668.0,0.3948931116389549,3.0,2035.0,0.2466765140324963,0.2740564579329885,0.2462962962962963,2700.0,0.9970457902511078,0.9955089820359282,5.0,0.1317365269461078,0.01347305389221557,0.06736526946107785,0.2634730538922156,665.0,0.46454948301329396,0.5816822237877186,0.26197777541834466,668.0,0.42823343848580436,125.0,1325.0,0.2466765140324963,0.3405341653137822,0.2906852248394004,1868.0,0.689807976366322,0.812874251497006,715.0,0.1601796407185629,0.017964071856287425,0.08832335329341318,0.33682634730538924,543.0
0.7610782865583456,0.532330926382529,0.24139671274823446,668.0,0.14304635761589404,614.0,33.0,0.2466765140324963,0.345878575348456,0.6206896551724138,87.0,0.03212703101920236,0.08083832335329341,2007.0,0.17664670658682635,0.02844311377245509,0.10329341317365269,0.3263473053892216,54.0,668,cortical_pca_64,3,nearest,2708,1,0.7588626292466765,0.5238126687800869,0.2536303506197076,668.0,0.10914051841746249,628.0,25.0,0.2466765140324963,0.33585794630527577,0.6153846153846154,65.0,0.024002954209748892,0.059880239520958084,2015.0,0.1661676646706587,0.02694610778443114,0.09880239520958084,0.3203592814371258,40.0,0.7525849335302807,0.5770341669601973,0.26404590138013095,668.0,0.3149284253578732,514.0,156.0,0.2466765140324963,0.4038295307043447,0.4967741935483871,310.0,0.11447562776957164,0.23053892215568864,1884.0,0.20359281437125748,0.03293413173652695,0.11526946107784432,0.405688622754491,154.0,0.17188206774197914,0.05795095535588868,0.20578790694041071,0.06797158439906892,0.2044162959778193,0.06269368651122775,0.12215751665002728,0.06586607188372062,0.7562776957163959,0.5226003874603733,0.24322140416434845,668.0,0.11051212938005389,627.0,33.0,0.2466765140324963,0.34113584419311693,0.5540540540540541,74.0,0.027326440177252585,0.061377245508982034,2007.0,0.17664670658682635,0.02844311377245509,0.10778443113772455,0.3188622754491018,41.0,blocked,True,arousal__future_change_p3s_movement,0.05,0.24630723781388478,0.49824468709639547,0.21757069496551326,668.0,0.39454167902699494,3.0,2038.0,0.2466765140324963,0.2816720140543174,0.24602293747687753,2703.0,0.9981536189069424,0.9955089820359282,2.0,0.15119760479041916,0.011976047904191617,0.0718562874251497,0.26047904191616766,665.0,0.44534711964549484,0.5674269108841141,0.2617091225888914,668.0,0.418280402788536,128.0,1374.0,0.2466765140324963,0.33796345882062406,0.28213166144200624,1914.0,0.706794682422452,0.8083832335329342,666.0,0.16467065868263472,0.017964071856287425,0.08532934131736528,0.3338323353293413,540.0
0.7562776957163959,0.5110220735000587,0.24183396677437619,668.0,0.051724137931034475,650.0,10.0,0.2466765140324963,0.3135035714535831,0.6428571428571429,28.0,0.0103397341211226,0.02694610778443114,2030.0,0.16167664670658682,0.02694610778443114,0.09131736526946108,0.2949101796407186,18.0,668,cortical_pca_64,3,nearest,2708,2,0.7555391432791728,0.5095250675120347,0.2408477582290713,668.0,0.046109510086455335,652.0,10.0,0.2466765140324963,0.30909271587402504,0.6153846153846154,26.0,0.009601181683899557,0.023952095808383235,2030.0,0.15269461077844312,0.025449101796407185,0.08982035928143713,0.28892215568862273,16.0,0.759970457902511,0.5346160619936597,0.25290197440292833,668.0,0.15584415584415584,608.0,42.0,0.2466765140324963,0.3594597168006881,0.5882352941176471,102.0,0.03766617429837518,0.08982035928143713,1998.0,0.1751497005988024,0.03143712574850299,0.1062874251497006,0.3398203592814371,60.0,0.10412001791312137,0.045956145347105015,0.1097346457577005,0.050367000926663075,0.11242881575732516,0.0500853319725002,0.09344104984474028,0.024379012372851727,0.7559084194977843,0.5092667605964541,0.2585580399203087,668.0,0.04341534008683068,653.0,8.0,0.2466765140324963,0.3093743848281879,0.6521739130434783,23.0,0.008493353028064993,0.02245508982035928,2032.0,0.15718562874251496,0.025449101796407185,0.08682634730538923,0.2904191616766467,15.0,blocked,True,arousal__future_change_p3s_movement,0.05,0.37481536189069425,0.5160825408007514,0.24216093363101676,668.0,0.38548094373865693,137.0,1556.0,0.2466765140324963,0.26601866695594784,0.25443219932918065,2087.0,0.7706794682422452,0.7949101796407185,484.0,0.10329341317365269,0.011976047904191617,0.058383233532934134,0.27095808383233533,531.0,0.4449778434268833,0.5651681930257133,0.2674173299257565,668.0,0.41631067961165047,132.0,1371.0,0.2466765140324963,0.3350807044278364,0.281069743051914,1907.0,0.7042097488921714,0.8023952095808383,669.0,0.1691616766467066,0.01347305389221557,0.08832335329341318,0.33682634730538924,536.0
0.7518277822908205,0.5112901543367604,0.24535043812493867,619.0,0.05271317829457364,602.0,9.0,0.25142160844841593,0.3322584040608365,0.6538461538461539,26.0,0.010560519902518278,0.027463651050080775,1834.0,0.15993537964458804,0.025848142164781908,0.10016155088852989,0.3150242326332795,17.0,619,cortical_pca_64,3,linear,2462,-2,0.7510154346060114,0.5112840183833165,0.24659353586504376,619.0,0.055469953775038515,601.0,12.0,0.25142160844841593,0.334403025211779,0.6,30.0,0.012185215272136474,0.029079159935379646,1831.0,0.1583198707592892,0.024232633279483037,0.10016155088852989,0.32148626817447495,18.0,0.7607636068237206,0.5440815661056945,0.2613204009415491,619.0,0.18533886583679118,552.0,37.0,0.25142160844841593,0.40173562886215053,0.6442307692307693,104.0,0.04224207961007311,0.10823909531502424,1806.0,0.2084006462035541,0.03231017770597738,0.12116316639741519,0.3877221324717286,67.0,0.13262568754221754,0.06947722480131402,0.12986891206175266,0.06733260365037153,0.12961131165722461,0.07535168214049431,0.12319717606534031,0.05189256535345882,0.752233956133225,0.5120979087794099,0.23074915284593342,619.0,0.05572755417956656,601.0,9.0,0.25142160844841593,0.3263839467216562,0.6666666666666666,27.0,0.010966693744922826,0.029079159935379646,1834.0,0.1518578352180937,0.025848142164781908,0.09531502423263329,0.32148626817447495,18.0,blocked,True,arousal__future_change_p3s_movement,0.05,0.25142160844841593,0.5,0.20298485423084484,619.0,0.4018175916910094,0.0,1843.0,0.25142160844841593,0.2785384527968102,0.25142160844841593,2462.0,1.0,1.0,0.0,0.1308562197092084,0.014539579967689823,0.06462035541195477,0.27140549273021003,619.0,0.4394800974817222,0.5741104839777107,0.23259949437927457,619.0,0.43116240725474037,96.0,1284.0,0.25142160844841593,0.3498430635086917,0.2894299944659657,1807.0,0.7339561332250203,0.8449111470113085,559.0,0.1631663974151858,0.01938610662358643,0.08723747980613894,0.3376413570274637,523.0
0.7528046421663442,0.5072715274852527,0.24343879099502044,643.0,0.03619909502262444,631.0,8.0,0.24874274661508705,0.3071726638523509,0.6,20.0,0.007736943907156673,0.01866251944012442,1934.0,0.14930015552099535,0.024883359253499222,0.08864696734059098,0.27993779160186627,12.0,643,cortical_pca_64,3,linear,2585,-1,0.7531914893617021,0.5090894093565659,0.23076409709472445,643.0,0.04491017964071856,628.0,10.0,0.24874274661508705,0.3050157129036421,0.6,25.0,0.009671179883945842,0.02332814930015552,1932.0,0.14307931570762053,0.024883359253499222,0.09020217729393468,0.2892690513219285,15.0,0.7578336557059961,0.5298637149176828,0.2673223550415221,643.0,0.13535911602209946,594.0,32.0,0.24874274661508705,0.3759314668988495,0.6049382716049383,81.0,0.031334622823984526,0.07620528771384137,1910.0,0.17729393468118196,0.029548989113530325,0.1166407465007776,0.36391912908242613,49.0,0.09916002099947502,0.06875880304649856,0.0904489363813809,0.07091575399520739,0.0817078492560786,0.07122939371550346,0.10214972235705783,0.031554023167574496,0.7543520309477756,0.5114222242865815,0.2337144488060877,643.0,0.05365126676602086,625.0,10.0,0.24874274661508705,0.304702073183346,0.6428571428571429,28.0,0.010831721470019342,0.027993779160186624,1932.0,0.14152410575427682,0.026438569206842923,0.08864696734059098,0.27838258164852253,18.0,blocked,True,arousal__future_change_p3s_movement,0.05,0.24874274661508705,0.498439584658038,0.2149670398008877,643.0,0.3972687771570454,3.0,1939.0,0.24874274661508705,0.27378174454179166,0.24815820085304383,2579.0,0.997678916827853,0.995334370139969,3.0,0.12286158631415241,0.013996889580093312,0.06531881804043546,0.27060653188180406,640.0,0.4584139264990329,0.5797309374664653,0.2558550923706986,643.0,0.42996742671009774,115.0,1285.0,0.24874274661508705,0.344377443731275,0.2912300055157198,1813.0,0.7013539651837524,0.8211508553654744,657.0,0.16329704510108864,0.01866251944012442,0.08398133748055987,0.3312597200622084,528.0
0.7596011816838996,0.5253096747681109,0.24293227028555497,668.0,0.11428571428571428,626.0,25.0,0.2466765140324963,0.3375655719523798,0.6268656716417911,67.0,0.024741506646971934,0.06287425149700598,2015.0,0.17365269461077845,0.02694610778443114,0.10329341317365269,0.31736526946107785,42.0,668,cortical_pca_64,3,linear,2708,0,0.7603397341211225,0.525296465891746,0.26047476052995394,668.0,0.1121751025991792,627.0,22.0,0.2466765140324963,0.34061551928759315,0.6507936507936508,63.0,0.02326440177252585,0.061377245508982034,2018.0,0.1721556886227545,0.02844311377245509,0.09880239520958084,0.3263473053892216,41.0,0.7573855243722304,0.5444786896794646,0.2633961838689926,668.0,0.20170109356014582,585.0,72.0,0.2466765140324963,0.38581406501614784,0.535483870967742,155.0,0.05723781388478582,0.12425149700598802,1968.0,0.18263473053892215,0.03143712574850299,0.1122754491017964,0.38323353293413176,83.0,0.08741537927443153,0.04824849306376805,0.08952599096096661,0.045198545728554695,0.04211293397198623,0.048223204507914674,0.11175760708315935,0.04527989970236562,0.7588626292466765,0.5348875777856053,0.2418336306313889,668.0,0.15958815958815958,606.0,47.0,0.2466765140324963,0.33759086050823317,0.5688073394495413,109.0,0.04025110782865583,0.09281437125748503,1993.0,0.15718562874251496,0.02694610778443114,0.10329341317365269,0.3143712574850299,62.0,blocked,True,arousal__future_change_p3s_movement,0.05,0.24741506646971936,0.4989799812140425,0.21794876539552183,668.0,0.3948931116389549,3.0,2035.0,0.2466765140324963,0.2740564579329885,0.2462962962962963,2700.0,0.9970457902511078,0.9955089820359282,5.0,0.1317365269461078,0.01347305389221557,0.06736526946107785,0.2634730538922156,665.0,0.46454948301329396,0.5816822237877186,0.26197777541834466,668.0,0.42823343848580436,125.0,1325.0,0.2466765140324963,0.3405341653137822,0.2906852248394004,1868.0,0.689807976366322,0.812874251497006,715.0,0.1601796407185629,0.017964071856287425,0.08832335329341318,0.33682634730538924,543.0
0.7610782865583456,0.532330926382529,0.24139671274823446,668.0,0.14304635761589404,614.0,33.0,0.2466765140324963,0.345878575348456,0.6206896551724138,87.0,0.03212703101920236,0.08083832335329341,2007.0,0.17664670658682635,0.02844311377245509,0.10329341317365269,0.3263473053892216,54.0,668,cortical_pca_64,3,linear,2708,1,0.757754800590842,0.5316352588939768,0.2541160832261483,668.0,0.14805194805194807,611.0,45.0,0.2466765140324963,0.35042212437989295,0.5588235294117647,102.0,0.03766617429837518,0.08532934131736528,1995.0,0.17964071856287425,0.02844311377245509,0.10778443113772455,0.32934131736526945,57.0,0.7525849335302807,0.5770341669601973,0.26404590138013095,668.0,0.3149284253578732,514.0,156.0,0.2466765140324963,0.4038295307043447,0.4967741935483871,310.0,0.11447562776957164,0.23053892215568864,1884.0,0.20359281437125748,0.03293413173652695,0.11526946107784432,0.405688622754491,154.0,0.17188206774197914,0.05795095535588868,0.1668764773059251,0.053407406324451734,0.20305939397997413,0.06143243177613833,0.12215751665002728,0.06586607188372062,0.7596011816838996,0.5248062698133146,0.2547677683350164,668.0,0.11186903137789904,627.0,24.0,0.2466765140324963,0.34239709892820636,0.6307692307692307,65.0,0.024002954209748892,0.061377245508982034,2016.0,0.17365269461077845,0.02844311377245509,0.10179640718562874,0.3218562874251497,41.0,blocked,True,arousal__future_change_p3s_movement,0.05,0.24630723781388478,0.49824468709639547,0.21757069496551326,668.0,0.39454167902699494,3.0,2038.0,0.2466765140324963,0.2816720140543174,0.24602293747687753,2703.0,0.9981536189069424,0.9955089820359282,2.0,0.15119760479041916,0.011976047904191617,0.0718562874251497,0.26047904191616766,665.0,0.44534711964549484,0.5674269108841141,0.2617091225888914,668.0,0.418280402788536,128.0,1374.0,0.2466765140324963,0.33796345882062406,0.28213166144200624,1914.0,0.706794682422452,0.8083832335329342,666.0,0.16467065868263472,0.017964071856287425,0.08532934131736528,0.3338323353293413,540.0
0.7562776957163959,0.5110220735000587,0.24183396677437619,668.0,0.051724137931034475,650.0,10.0,0.2466765140324963,0.3135035714535831,0.6428571428571429,28.0,0.0103397341211226,0.02694610778443114,2030.0,0.16167664670658682,0.02694610778443114,0.09131736526946108,0.2949101796407186,18.0,668,cortical_pca_64,3,linear,2708,2,0.7559084194977843,0.5092667605964541,0.26190207410178895,668.0,0.04341534008683068,653.0,8.0,0.2466765140324963,0.30653301212063533,0.6521739130434783,23.0,0.008493353028064993,0.02245508982035928,2032.0,0.15419161676646706,0.025449101796407185,0.08383233532934131,0.27844311377245506,15.0,0.759970457902511,0.5346160619936597,0.25290197440292833,668.0,0.15584415584415584,608.0,42.0,0.2466765140324963,0.3594597168006881,0.5882352941176471,102.0,0.03766617429837518,0.08982035928143713,1998.0,0.1751497005988024,0.03143712574850299,0.1062874251497006,0.3398203592814371,60.0,0.10412001791312137,0.045956145347105015,0.11242881575732516,0.05292670468005278,0.09861954926332608,0.04549883980965963,0.09344104984474028,0.024379012372851727,0.7566469719350074,0.5122739814488669,0.258283166093595,668.0,0.05722460658082976,648.0,11.0,0.2466765140324963,0.3139608769910285,0.6451612903225806,31.0,0.011447562776957163,0.029940119760479042,2029.0,0.15868263473053892,0.02694610778443114,0.09131736526946108,0.29790419161676646,20.0,blocked,True,arousal__future_change_p3s_movement,0.05,0.37481536189069425,0.5160825408007514,0.24216093363101676,668.0,0.38548094373865693,137.0,1556.0,0.2466765140324963,0.26601866695594784,0.25443219932918065,2087.0,0.7706794682422452,0.7949101796407185,484.0,0.10329341317365269,0.011976047904191617,0.058383233532934134,0.27095808383233533,531.0,0.4449778434268833,0.5651681930257133,0.2674173299257565,668.0,0.41631067961165047,132.0,1371.0,0.2466765140324963,0.3350807044278364,0.281069743051914,1907.0,0.7042097488921714,0.8023952095808383,669.0,0.1691616766467066,0.01347305389221557,0.08832335329341318,0.33682634730538924,536.0
0.7518277822908205,0.5112901543367604,0.24535043812493867,619.0,0.05271317829457364,602.0,9.0,0.25142160844841593,0.3322584040608365,0.6538461538461539,26.0,0.010560519902518278,0.027463651050080775,1834.0,0.15993537964458804,0.025848142164781908,0.10016155088852989,0.3150242326332795,17.0,619,cortical_pca_64,3,previous,2462,-2,0.7514216084484159,0.5110188575380626,0.23446671078287118,619.0,0.05263157894736842,602.0,10.0,0.25142160844841593,0.3259469635982649,0.6296296296296297,27.0,0.010966693744922826,0.027463651050080775,1833.0,0.14539579967689822,0.025848142164781908,0.09854604200323101,0.31017770597738287,17.0,0.7607636068237206,0.5440815661056945,0.2613204009415491,619.0,0.18533886583679118,552.0,37.0,0.25142160844841593,0.40173562886215053,0.6442307692307693,104.0,0.04224207961007311,0.10823909531502424,1806.0,0.2084006462035541,0.03231017770597738,0.12116316639741519,0.3877221324717286,67.0,0.13262568754221754,0.06947722480131402,0.13270728688942277,0.07578866526388561,0.11857103579126765,0.07745607902435137,0.12319717606534031,0.05189256535345882,0.7502030869212023,0.5128872553617276,0.2188967341076167,619.0,0.06676783004552353,597.0,18.0,0.25142160844841593,0.32427954983779916,0.55,40.0,0.016246953696181964,0.035541195476575124,1825.0,0.16155088852988692,0.025848142164781908,0.09208400646203554,0.308562197092084,22.0,blocked,True,arousal__future_change_p3s_movement,0.05,0.25142160844841593,0.5,0.20298485423084484,619.0,0.4018175916910094,0.0,1843.0,0.25142160844841593,0.2785384527968102,0.25142160844841593,2462.0,1.0,1.0,0.0,0.1308562197092084,0.014539579967689823,0.06462035541195477,0.27140549273021003,619.0,0.4394800974817222,0.5741104839777107,0.23259949437927457,619.0,0.43116240725474037,96.0,1284.0,0.25142160844841593,0.3498430635086917,0.2894299944659657,1807.0,0.7339561332250203,0.8449111470113085,559.0,0.1631663974151858,0.01938610662358643,0.08723747980613894,0.3376413570274637,523.0
0.7528046421663442,0.5072715274852527,0.24343879099502044,643.0,0.03619909502262444,631.0,8.0,0.24874274661508705,0.3071726638523509,0.6,20.0,0.007736943907156673,0.01866251944012442,1934.0,0.14930015552099535,0.024883359253499222,0.08864696734059098,0.27993779160186627,12.0,643,cortical_pca_64,3,previous,2585,-1,0.7528046421663442,0.506751389037932,0.25733582704314945,643.0,0.033282904689863835,632.0,7.0,0.24874274661508705,0.30494951444783847,0.6111111111111112,18.0,0.006963249516441006,0.017107309486780714,1935.0,0.14152410575427682,0.024883359253499222,0.08553654743390357,0.2892690513219285,11.0,0.7578336557059961,0.5298637149176828,0.2673223550415221,643.0,0.13535911602209946,594.0,32.0,0.24874274661508705,0.3759314668988495,0.6049382716049383,81.0,0.031334622823984526,0.07620528771384137,1910.0,0.17729393468118196,0.029548989113530325,0.1166407465007776,0.36391912908242613,49.0,0.09916002099947502,0.06875880304649856,0.10207621133223563,0.07098195245101102,0.09916002099947502,0.07344961413586487,0.10214972235705783,0.031554023167574496,0.7528046421663442,0.5072715274852527,0.26109298546969595,643.0,0.03619909502262444,631.0,8.0,0.24874274661508705,0.3024818527629846,0.6,20.0,0.007736943907156673,0.01866251944012442,1934.0,0.14307931570762053,0.02177293934681182,0.08398133748055987,0.2846034214618974,12.0,blocked,True,arousal__future_change_p3s_movement,0.05,0.24874274661508705,0.498439584658038,0.2149670398008877,643.0,0.3972687771570454,3.0,1939.0,0.24874274661508705,0.27378174454179166,0.24815820085304383,2579.0,0.997678916827853,0.995334370139969,3.0,0.12286158631415241,0.013996889580093312,0.06531881804043546,0.27060653188180406,640.0,0.4584139264990329,0.5797309374664653,0.2558550923706986,643.0,0.42996742671009774,115.0,1285.0,0.24874274661508705,0.344377443731275,0.2912300055157198,1813.0,0.7013539651837524,0.8211508553654744,657.0,0.16329704510108864,0.01866251944012442,0.08398133748055987,0.3312597200622084,528.0
0.7596011816838996,0.5253096747681109,0.24293227028555497,668.0,0.11428571428571428,626.0,25.0,0.2466765140324963,0.3375655719523798,0.6268656716417911,67.0,0.024741506646971934,0.06287425149700598,2015.0,0.17365269461077845,0.02694610778443114,0.10329341317365269,0.31736526946107785,42.0,668,cortical_pca_64,3,previous,2708,0,0.7588626292466765,0.5238126687800869,0.244557718412057,668.0,0.10914051841746249,628.0,25.0,0.2466765140324963,0.3324878711631537,0.6153846153846154,65.0,0.024002954209748892,0.059880239520958084,2015.0,0.1661676646706587,0.02844311377245509,0.10479041916167664,0.3068862275449102,40.0,0.7573855243722304,0.5444786896794646,0.2633961838689926,668.0,0.20170109356014582,585.0,72.0,0.2466765140324963,0.38581406501614784,0.535483870967742,155.0,0.05723781388478582,0.12425149700598802,1968.0,0.18263473053892215,0.03143712574850299,0.1122754491017964,0.38323353293413176,83.0,0.08741537927443153,0.04824849306376805,0.09256057514268333,0.05332619385299414,0.08089572443262903,0.04903061625641342,0.11175760708315935,0.04527989970236562,0.7581240768094535,0.525839497475637,0.2511445292733123,668.0,0.12080536912751678,623.0,32.0,0.2466765140324963,0.3367834487597344,0.5844155844155844,77.0,0.02843426883308715,0.06736526946107785,2008.0,0.1721556886227545,0.02694610778443114,0.10479041916167664,0.3143712574850299,45.0,blocked,True,arousal__future_change_p3s_movement,0.05,0.24741506646971936,0.4989799812140425,0.21794876539552183,668.0,0.3948931116389549,3.0,2035.0,0.2466765140324963,0.2740564579329885,0.2462962962962963,2700.0,0.9970457902511078,0.9955089820359282,5.0,0.1317365269461078,0.01347305389221557,0.06736526946107785,0.2634730538922156,665.0,0.46454948301329396,0.5816822237877186,0.26197777541834466,668.0,0.42823343848580436,125.0,1325.0,0.2466765140324963,0.3405341653137822,0.2906852248394004,1868.0,0.689807976366322,0.812874251497006,715.0,0.1601796407185629,0.017964071856287425,0.08832335329341318,0.33682634730538924,543.0
0.7610782865583456,0.532330926382529,0.24139671274823446,668.0,0.14304635761589404,614.0,33.0,0.2466765140324963,0.345878575348456,0.6206896551724138,87.0,0.03212703101920236,0.08083832335329341,2007.0,0.17664670658682635,0.02844311377245509,0.10329341317365269,0.3263473053892216,54.0,668,cortical_pca_64,3,previous,2708,1,0.7573855243722304,0.5273629212163907,0.23914121148571377,668.0,0.12980132450331125,619.0,38.0,0.2466765140324963,0.3462171960640007,0.5632183908045977,87.0,0.03212703101920236,0.07335329341317365,2002.0,0.1781437125748503,0.02844311377245509,0.1062874251497006,0.3278443113772455,49.0,0.7525849335302807,0.5770341669601973,0.26404590138013095,668.0,0.3149284253578732,514.0,156.0,0.2466765140324963,0.4038295307043447,0.4967741935483871,310.0,0.11447562776957164,0.23053892215568864,1884.0,0.20359281437125748,0.03293413173652695,0.11526946107784432,0.405688622754491,154.0,0.17188206774197914,0.05795095535588868,0.18512710085456194,0.05761233464034399,0.21067602480917633,0.061048028436524904,0.12215751665002728,0.06586607188372062,0.7588626292466765,0.5228058588704944,0.274265457513484,668.0,0.10425240054869686,630.0,23.0,0.2466765140324963,0.3427815022678198,0.6229508196721312,61.0,0.022525849335302807,0.05688622754491018,2017.0,0.1721556886227545,0.02844311377245509,0.09880239520958084,0.3323353293413174,38.0,blocked,True,arousal__future_change_p3s_movement,0.05,0.24630723781388478,0.49824468709639547,0.21757069496551326,668.0,0.39454167902699494,3.0,2038.0,0.2466765140324963,0.2816720140543174,0.24602293747687753,2703.0,0.9981536189069424,0.9955089820359282,2.0,0.15119760479041916,0.011976047904191617,0.0718562874251497,0.26047904191616766,665.0,0.44534711964549484,0.5674269108841141,0.2617091225888914,668.0,0.418280402788536,128.0,1374.0,0.2466765140324963,0.33796345882062406,0.28213166144200624,1914.0,0.706794682422452,0.8083832335329342,666.0,0.16467065868263472,0.017964071856287425,0.08532934131736528,0.3338323353293413,540.0
0.7562776957163959,0.5110220735000587,0.24183396677437619,668.0,0.051724137931034475,650.0,10.0,0.2466765140324963,0.3135035714535831,0.6428571428571429,28.0,0.0103397341211226,0.02694610778443114,2030.0,0.16167664670658682,0.02694610778443114,0.09131736526946108,0.2949101796407186,18.0,668,cortical_pca_64,3,previous,2708,2,0.7573855243722304,0.5132675824820947,0.24277210727819962,668.0,0.06008583690987124,647.0,10.0,0.2466765140324963,0.3201991092595602,0.6774193548387096,31.0,0.011447562776957163,0.03143712574850299,2030.0,0.15868263473053892,0.02844311377245509,0.09730538922155689,0.29191616766467066,21.0,0.759970457902511,0.5346160619936597,0.25290197440292833,668.0,0.15584415584415584,608.0,42.0,0.2466765140324963,0.3594597168006881,0.5882352941176471,102.0,0.03766617429837518,0.08982035928143713,1998.0,0.1751497005988024,0.03143712574850299,0.1062874251497006,0.3398203592814371,60.0,0.10412001791312137,0.045956145347105015,0.0957583189342846,0.03926060754112792,0.0957583189342846,0.04094028196975025,0.09344104984474028,0.024379012372851727,0.7573855243722304,0.5132675824820947,0.2500097655499402,668.0,0.06008583690987124,647.0,10.0,0.2466765140324963,0.31851943483093786,0.6774193548387096,31.0,0.011447562776957163,0.03143712574850299,2030.0,0.15718562874251496,0.02844311377245509,0.09431137724550898,0.3083832335329341,21.0,blocked,True,arousal__future_change_p3s_movement,0.05,0.37481536189069425,0.5160825408007514,0.24216093363101676,668.0,0.38548094373865693,137.0,1556.0,0.2466765140324963,0.26601866695594784,0.25443219932918065,2087.0,0.7706794682422452,0.7949101796407185,484.0,0.10329341317365269,0.011976047904191617,0.058383233532934134,0.27095808383233533,531.0,0.4449778434268833,0.5651681930257133,0.2674173299257565,668.0,0.41631067961165047,132.0,1371.0,0.2466765140324963,0.3350807044278364,0.281069743051914,1907.0,0.7042097488921714,0.8023952095808383,669.0,0.1691616766467066,0.01347305389221557,0.08832335329341318,0.33682634730538924,536.0
0.8497156783103168,0.5571513353115727,0.1456560167068934,337.0,0.21940928270042195,285.0,85.0,0.13688058489033306,0.2564277050579481,0.3795620437956204,137.0,0.05564581640942323,0.1543026706231454,2040.0,0.228486646884273,0.04154302670623145,0.14540059347181009,0.2789317507418398,52.0,337,cortical_pca_64,3,nearest,2462,-2,0.8651502843216897,0.5386280328155001,0.22414346541487368,337.0,0.15306122448979592,307.0,25.0,0.13688058489033306,0.23300816617758446,0.5454545454545454,55.0,0.022339561332250204,0.08902077151335312,2100.0,0.19287833827893175,0.03560830860534125,0.14540059347181009,0.2433234421364985,30.0,0.8354995938261576,0.6075901553499738,0.2167720754636396,337.0,0.3283582089552239,238.0,167.0,0.13688058489033306,0.30683499949230214,0.37218045112781956,266.0,0.10804224207961008,0.29376854599406527,1958.0,0.2789317507418398,0.050445103857566766,0.18397626112759644,0.34124629080118696,99.0,0.10894892625480193,0.050407294434354044,0.17529698446542796,0.07382683331471768,0.12746535181236673,0.056519188623718575,0.1299800778302328,0.06968115568760355,0.8545897644191714,0.551236166870309,0.1607174214147544,337.0,0.20089285714285715,292.0,66.0,0.13688058489033306,0.25031581086858357,0.40540540540540543,111.0,0.04508529650690495,0.13353115727002968,2059.0,0.22255192878338279,0.04451038575667656,0.1513353115727003,0.258160237388724,45.0,blocked,True,arousal__future_change_p3s_movement,0.075,0.4207961007311129,0.5084224122883575,0.13846931290947312,337.0,0.22918918918918918,125.0,1301.0,0.13688058489033306,0.17685492166206934,0.14011896893588896,1513.0,0.6145410235580828,0.629080118694362,824.0,0.12166172106824925,0.032640949554896145,0.08011869436201781,0.1543026706231454,212.0,0.5922014622258327,0.6014746028975388,0.22919307861766786,337.0,0.29196050775740484,130.0,874.0,0.13688058489033306,0.2371538438046986,0.19148936170212766,1081.0,0.43907392363931763,0.6142433234421365,1251.0,0.2195845697329377,0.032640949554896145,0.13056379821958458,0.2818991097922849,207.0
0.860348162475822,0.5386671518137035,0.16255633041650475,352.0,0.1585081585081585,318.0,43.0,0.13617021276595745,0.2391474154369314,0.44155844155844154,77.0,0.029787234042553193,0.09659090909090909,2190.0,0.2215909090909091,0.03125,0.14488636363636365,0.2585227272727273,34.0,352,cortical_pca_64,3,nearest,2585,-1,0.8634429400386847,0.5296895991939096,0.19959996070593647,352.0,0.12406947890818862,327.0,26.0,0.13617021276595745,0.23149867366525068,0.49019607843137253,51.0,0.019729206963249517,0.07102272727272728,2207.0,0.21022727272727273,0.03977272727272727,0.1278409090909091,0.2585227272727273,25.0,0.8529980657640233,0.5655228392297358,0.23498677141561025,352.0,0.23999999999999996,292.0,88.0,0.13617021276595745,0.29406238838977067,0.40540540540540543,148.0,0.05725338491295938,0.17045454545454544,2145.0,0.2727272727272727,0.048295454545454544,0.15056818181818182,0.3210227272727273,60.0,0.08149184149184147,0.05491497295283926,0.11593052109181134,0.06256371472451999,0.11192118226600983,0.059848676316183014,0.12123626459546794,0.06237340781483808,0.8630560928433268,0.5306622257053292,0.21359205639419168,352.0,0.12807881773399013,326.0,28.0,0.13617021276595745,0.23421371207358765,0.48148148148148145,54.0,0.020889748549323017,0.07386363636363637,2205.0,0.21875,0.03409090909090909,0.13352272727272727,0.26136363636363635,26.0,blocked,True,arousal__future_change_p3s_movement,0.075,0.5620889748549323,0.5108108486341245,0.143129805570474,352.0,0.21497919556171988,197.0,935.0,0.13617021276595745,0.17282612379430273,0.14220183486238533,1090.0,0.42166344294003866,0.4403409090909091,1298.0,0.11647727272727272,0.03125,0.07670454545454546,0.15056818181818182,155.0,0.5833655705996131,0.5913289296909987,0.22781311869358084,352.0,0.28247834776815456,140.0,937.0,0.13617021276595745,0.2316889805749326,0.18450826805918188,1149.0,0.4444874274661509,0.6022727272727273,1296.0,0.21022727272727273,0.028409090909090908,0.13068181818181818,0.2869318181818182,212.0
0.4911373707533235,0.5979136196232533,0.16910912965865874,363.0,0.28154327424400416,93.0,1285.0,0.13404726735598227,0.27288642023704773,0.17363344051446947,1555.0,0.5742245199409158,0.743801652892562,1060.0,0.26721763085399447,0.046831955922865015,0.15426997245179064,0.2975206611570248,270.0,363,cortical_pca_64,3,nearest,2708,0,0.577917282127031,0.600288404494646,0.18966934787141485,363.0,0.2860712054965647,134.0,1009.0,0.13404726735598227,0.2674899128671761,0.18497576736672053,1238.0,0.4571639586410635,0.6308539944903582,1336.0,0.24517906336088155,0.046831955922865015,0.15977961432506887,0.3002754820936639,229.0,0.6488183161004432,0.612121799503075,0.1860216878797707,363.0,0.30022075055187636,159.0,792.0,0.13404726735598227,0.2852639343855053,0.20481927710843373,996.0,0.36779911373707536,0.5619834710743802,1553.0,0.256198347107438,0.05234159779614325,0.17079889807162535,0.3002754820936639,204.0,0.0186774763078722,0.012377514148457558,0.014149545055311685,0.017774021518329186,0.020699929102931725,0.017774595622937983,0.11553655449102562,0.05966102138275359,0.5336041358936484,0.593329104183921,0.17392084466214677,363.0,0.27952082144894463,118.0,1145.0,0.13404726735598227,0.2674893387625673,0.17625899280575538,1390.0,0.5132939438700148,0.6749311294765841,1200.0,0.25068870523415976,0.049586776859504134,0.15702479338842976,0.2892561983471074,245.0,blocked,True,arousal__future_change_p3s_movement,0.075,0.5406203840472673,0.5135585355395396,0.1416798783796075,363.0,0.2176100628930818,190.0,1054.0,0.13404726735598227,0.16972737989447967,0.14099429502852487,1227.0,0.4531019202363368,0.4765840220385675,1291.0,0.1349862258953168,0.03305785123966942,0.0881542699724518,0.1652892561983471,173.0,0.6432791728212703,0.5914606424782816,0.25744130812307675,363.0,0.28125000000000006,174.0,792.0,0.13404726735598227,0.2256029130027517,0.1926605504587156,981.0,0.36225997045790254,0.5206611570247934,1553.0,0.21212121212121213,0.030303030303030304,0.12947658402203857,0.2727272727272727,189.0
0.8415805022156573,0.5918688728729434,0.1701473066938237,363.0,0.2978723404255319,272.0,157.0,0.13404726735598227,0.2973141902472127,0.36693548387096775,248.0,0.0915805022156573,0.25068870523415976,2188.0,0.2644628099173554,0.046831955922865015,0.17079889807162535,0.32231404958677684,91.0,363,cortical_pca_64,3,nearest,2708,1,0.8574593796159528,0.567275781658414,0.20546722780461865,363.0,0.24313725490196084,301.0,85.0,0.13404726735598227,0.2777104781984515,0.4217687074829932,147.0,0.05428360413589365,0.17079889807162535,2260.0,0.26170798898071623,0.03856749311294766,0.15702479338842976,0.3140495867768595,62.0,0.8397341211225997,0.5873102022355754,0.18473141477351776,363.0,0.2885245901639344,275.0,159.0,0.13404726735598227,0.2866184350608307,0.3562753036437247,247.0,0.09121122599704579,0.24242424242424243,2186.0,0.24793388429752067,0.049586776859504134,0.162534435261708,0.30303030303030304,88.0,-0.00934775026159751,-0.010695755186381994,0.045387335261973555,0.008907956862379163,-0.04141053495191355,0.00756270093572825,0.12436132402532746,0.06650973081086348,0.73301329394387,0.6304669098427579,0.17017510306270592,363.0,0.32993512511584794,185.0,538.0,0.13404726735598227,0.27905573412510243,0.24860335195530725,716.0,0.26440177252584934,0.4903581267217631,1807.0,0.26721763085399447,0.0440771349862259,0.1487603305785124,0.3168044077134986,178.0,blocked,False,arousal__future_change_p3s_movement,0.075,0.5974889217134417,0.5266031119491092,0.1459610101732224,363.0,0.2225392296718973,207.0,883.0,0.13404726735598227,0.16225711103550322,0.15014436958614052,1039.0,0.3836779911373708,0.4297520661157025,1462.0,0.09917355371900827,0.03581267217630854,0.06611570247933884,0.12672176308539945,156.0,0.6410635155096012,0.5913455156331683,0.2626298206083207,363.0,0.28106508875739644,173.0,799.0,0.13404726735598227,0.2201087042499672,0.19211324570273003,989.0,0.3652141802067947,0.5234159779614325,1546.0,0.21763085399449036,0.030303030303030304,0.1322314049586777,0.2699724517906336,190.0
0.8622599704579025,0.5653908732606154,0.18381544823868842,363.0,0.2372188139059305,305.0,68.0,0.13404726735598227,0.29441321443161916,0.4603174603174603,126.0,0.0465288035450517,0.15977961432506887,2277.0,0.2699724517906336,0.0440771349862259,0.1763085399449036,0.3168044077134986,58.0,363,cortical_pca_64,3,nearest,2708,2,0.8641063515509602,0.5501582994120308,0.19340154360081954,363.0,0.1929824561403509,319.0,49.0,0.13404726735598227,0.2869541851478104,0.4731182795698925,93.0,0.03434268833087149,0.12121212121212122,2296.0,0.2699724517906336,0.046831955922865015,0.162534435261708,0.3140495867768595,44.0,0.8552437223042836,0.5683248456654155,0.2149038728616182,363.0,0.2461538461538462,299.0,93.0,0.13404726735598227,0.27872020399871944,0.40764331210191085,157.0,0.057976366322008865,0.1763085399449036,2252.0,0.256198347107438,0.049586776859504134,0.162534435261708,0.30303030303030304,64.0,0.008935032247915697,-0.015693010432899723,0.0531713900134953,-0.008233981149090963,0.03719862227324919,0.008611892178556901,0.10669876784267285,0.060571562103371224,0.8629985228951256,0.555339594823991,0.1921945641614654,363.0,0.208955223880597,314.0,57.0,0.13404726735598227,0.27010831182016254,0.46226415094339623,106.0,0.03914327917282127,0.1349862258953168,2288.0,0.24517906336088155,0.046831955922865015,0.15702479338842976,0.2975206611570248,49.0,blocked,False,arousal__future_change_p3s_movement,0.075,0.46639586410635153,0.5137764542106469,0.14038581918750914,363.0,0.22520107238605896,153.0,1292.0,0.13404726735598227,0.1720214361560466,0.13981358189081225,1502.0,0.5546528803545052,0.5785123966942148,1053.0,0.09917355371900827,0.0440771349862259,0.0743801652892562,0.1349862258953168,210.0,0.473781388478582,0.5727578165841396,0.20777012464589478,363.0,0.2650850954100052,106.0,1319.0,0.13404726735598227,0.21814864189534822,0.16307106598984772,1576.0,0.5819793205317577,0.7079889807162535,1026.0,0.209366391184573,0.030303030303030304,0.12947658402203857,0.2699724517906336,257.0
0.8497156783103168,0.5571513353115727,0.1456560167068934,337.0,0.21940928270042195,285.0,85.0,0.13688058489033306,0.2564277050579481,0.3795620437956204,137.0,0.05564581640942323,0.1543026706231454,2040.0,0.228486646884273,0.04154302670623145,0.14540059347181009,0.2789317507418398,52.0,337,cortical_pca_64,3,linear,2462,-2,0.859463850528026,0.5403274567987433,0.19543956113176872,337.0,0.1642512077294686,303.0,43.0,0.13688058489033306,0.2348329161814871,0.44155844155844154,77.0,0.03127538586515029,0.10089020771513353,2082.0,0.19881305637982197,0.04154302670623145,0.1394658753709199,0.2344213649851632,34.0,0.8354995938261576,0.6075901553499738,0.2167720754636396,337.0,0.3283582089552239,238.0,167.0,0.13688058489033306,0.30683499949230214,0.37218045112781956,266.0,0.10804224207961008,0.29376854599406527,1958.0,0.2789317507418398,0.050445103857566766,0.18397626112759644,0.34124629080118696,99.0,0.10894892625480193,0.050407294434354044,0.16410700122575528,0.07200208331081503,0.16250455041863854,0.05592940554851139,0.1299800778302328,0.06968115568760355,0.8610885458976442,0.5412686332693315,0.20089739707816853,337.0,0.16585365853658535,303.0,39.0,0.13688058489033306,0.25090559394379075,0.4657534246575342,73.0,0.029650690495532088,0.10089020771513353,2086.0,0.2195845697329377,0.03560830860534125,0.1394658753709199,0.26706231454005935,34.0,blocked,True,arousal__future_change_p3s_movement,0.075,0.4207961007311129,0.5084224122883575,0.13846931290947312,337.0,0.22918918918918918,125.0,1301.0,0.13688058489033306,0.17685492166206934,0.14011896893588896,1513.0,0.6145410235580828,0.629080118694362,824.0,0.12166172106824925,0.032640949554896145,0.08011869436201781,0.1543026706231454,212.0,0.5922014622258327,0.6014746028975388,0.22919307861766786,337.0,0.29196050775740484,130.0,874.0,0.13688058489033306,0.2371538438046986,0.19148936170212766,1081.0,0.43907392363931763,0.6142433234421365,1251.0,0.2195845697329377,0.032640949554896145,0.13056379821958458,0.2818991097922849,207.0
0.860348162475822,0.5386671518137035,0.16255633041650475,352.0,0.1585081585081585,318.0,43.0,0.13617021276595745,0.2391474154369314,0.44155844155844154,77.0,0.029787234042553193,0.09659090909090909,2190.0,0.2215909090909091,0.03125,0.14488636363636365,0.2585227272727273,34.0,352,cortical_pca_64,3,linear,2585,-1,0.8588007736943907,0.5413611173309449,0.18314080373810795,352.0,0.1685649202733485,315.0,50.0,0.13617021276595745,0.24207559200194917,0.42528735632183906,87.0,0.033655705996131526,0.10511363636363637,2183.0,0.2159090909090909,0.03977272727272727,0.14488636363636365,0.24147727272727273,37.0,0.8529980657640233,0.5655228392297358,0.23498677141561025,352.0,0.23999999999999996,292.0,88.0,0.13617021276595745,0.29406238838977067,0.40540540540540543,148.0,0.05725338491295938,0.17045454545454544,2145.0,0.2727272727272727,0.048295454545454544,0.15056818181818182,0.3210227272727273,60.0,0.08149184149184147,0.05491497295283926,0.07143507972665147,0.0519867963878215,0.048731808731808685,0.050448120267551244,0.12123626459546794,0.06237340781483808,0.8495164410058027,0.5467560456784595,0.15890107533916353,352.0,0.19126819126819128,306.0,83.0,0.13617021276595745,0.24361426812221942,0.35658914728682173,129.0,0.049903288201160544,0.13068181818181818,2150.0,0.2215909090909091,0.03977272727272727,0.13352272727272727,0.26136363636363635,46.0,blocked,True,arousal__future_change_p3s_movement,0.075,0.5620889748549323,0.5108108486341245,0.143129805570474,352.0,0.21497919556171988,197.0,935.0,0.13617021276595745,0.17282612379430273,0.14220183486238533,1090.0,0.42166344294003866,0.4403409090909091,1298.0,0.11647727272727272,0.03125,0.07670454545454546,0.15056818181818182,155.0,0.5833655705996131,0.5913289296909987,0.22781311869358084,352.0,0.28247834776815456,140.0,937.0,0.13617021276595745,0.2316889805749326,0.18450826805918188,1149.0,0.4444874274661509,0.6022727272727273,1296.0,0.21022727272727273,0.028409090909090908,0.13068181818181818,0.2869318181818182,212.0
0.4911373707533235,0.5979136196232533,0.16910912965865874,363.0,0.28154327424400416,93.0,1285.0,0.13404726735598227,0.27288642023704773,0.17363344051446947,1555.0,0.5742245199409158,0.743801652892562,1060.0,0.26721763085399447,0.046831955922865015,0.15426997245179064,0.2975206611570248,270.0,363,cortical_pca_64,3,linear,2708,0,0.5306499261447563,0.6149071642965809,0.16756136564900245,363.0,0.29428095502498614,98.0,1173.0,0.13404726735598227,0.27632032035070897,0.18428372739916551,1438.0,0.5310192023633677,0.7300275482093664,1172.0,0.2396694214876033,0.046831955922865015,0.1652892561983471,0.3002754820936639,265.0,0.6488183161004432,0.612121799503075,0.1860216878797707,363.0,0.30022075055187636,159.0,792.0,0.13404726735598227,0.2852639343855053,0.20481927710843373,996.0,0.36779911373707536,0.5619834710743802,1553.0,0.256198347107438,0.05234159779614325,0.17079889807162535,0.3002754820936639,204.0,0.0186774763078722,0.012377514148457558,0.005939795526890224,0.008943614034796321,0.01781589671845113,0.0190732701619008,0.11553655449102562,0.05966102138275359,0.5195716395864106,0.5980328581414063,0.19940895512267653,363.0,0.28240485383342523,107.0,1194.0,0.13404726735598227,0.2661906642236045,0.17655172413793102,1450.0,0.5354505169867061,0.7052341597796143,1151.0,0.24242424242424243,0.046831955922865015,0.15702479338842976,0.29201101928374656,256.0,blocked,True,arousal__future_change_p3s_movement,0.075,0.5406203840472673,0.5135585355395396,0.1416798783796075,363.0,0.2176100628930818,190.0,1054.0,0.13404726735598227,0.16972737989447967,0.14099429502852487,1227.0,0.4531019202363368,0.4765840220385675,1291.0,0.1349862258953168,0.03305785123966942,0.0881542699724518,0.1652892561983471,173.0,0.6432791728212703,0.5914606424782816,0.25744130812307675,363.0,0.28125000000000006,174.0,792.0,0.13404726735598227,0.2256029130027517,0.1926605504587156,981.0,0.36225997045790254,0.5206611570247934,1553.0,0.21212121212121213,0.030303030303030304,0.12947658402203857,0.2727272727272727,189.0
0.8415805022156573,0.5918688728729434,0.1701473066938237,363.0,0.2978723404255319,272.0,157.0,0.13404726735598227,0.2973141902472127,0.36693548387096775,248.0,0.0915805022156573,0.25068870523415976,2188.0,0.2644628099173554,0.046831955922865015,0.17079889807162535,0.32231404958677684,91.0,363,cortical_pca_64,3,linear,2708,1,0.8548744460856721,0.5692758169013257,0.17181561643735505,363.0,0.24856596558317398,298.0,95.0,0.13404726735598227,0.27481321600771724,0.40625,160.0,0.059084194977843424,0.1790633608815427,2250.0,0.25068870523415976,0.04132231404958678,0.15702479338842976,0.30578512396694213,65.0,0.8397341211225997,0.5873102022355754,0.18473141477351776,363.0,0.2885245901639344,275.0,159.0,0.13404726735598227,0.2866184350608307,0.3562753036437247,247.0,0.09121122599704579,0.24242424242424243,2186.0,0.24793388429752067,0.049586776859504134,0.162534435261708,0.30303030303030304,88.0,-0.00934775026159751,-0.010695755186381994,0.03995862458076041,0.011805219053113436,-0.017189695550351325,0.005554927551373712,0.12436132402532746,0.06650973081086348,0.8205317577548006,0.5983424083831139,0.17886449174260244,363.0,0.3057142857142857,256.0,230.0,0.13404726735598227,0.28106350750945697,0.31750741839762614,337.0,0.12444608567208272,0.29476584022038566,2115.0,0.24242424242424243,0.046831955922865015,0.162534435261708,0.3085399449035813,107.0,blocked,False,arousal__future_change_p3s_movement,0.075,0.5974889217134417,0.5266031119491092,0.1459610101732224,363.0,0.2225392296718973,207.0,883.0,0.13404726735598227,0.16225711103550322,0.15014436958614052,1039.0,0.3836779911373708,0.4297520661157025,1462.0,0.09917355371900827,0.03581267217630854,0.06611570247933884,0.12672176308539945,156.0,0.6410635155096012,0.5913455156331683,0.2626298206083207,363.0,0.28106508875739644,173.0,799.0,0.13404726735598227,0.2201087042499672,0.19211324570273003,989.0,0.3652141802067947,0.5234159779614325,1546.0,0.21763085399449036,0.030303030303030304,0.1322314049586777,0.2699724517906336,190.0
0.8622599704579025,0.5653908732606154,0.18381544823868842,363.0,0.2372188139059305,305.0,68.0,0.13404726735598227,0.29441321443161916,0.4603174603174603,126.0,0.0465288035450517,0.15977961432506887,2277.0,0.2699724517906336,0.0440771349862259,0.1763085399449036,0.3168044077134986,58.0,363,cortical_pca_64,3,linear,2708,2,0.8626292466765141,0.5481412300950972,0.19287075344007137,363.0,0.18777292576419213,320.0,52.0,0.13404726735598227,0.28467293133986493,0.45263157894736844,95.0,0.03508124076809453,0.1184573002754821,2293.0,0.2699724517906336,0.04132231404958678,0.16804407713498623,0.32231404958677684,43.0,0.8552437223042836,0.5683248456654155,0.2149038728616182,363.0,0.2461538461538462,299.0,93.0,0.13404726735598227,0.27872020399871944,0.40764331210191085,157.0,0.057976366322008865,0.1763085399449036,2252.0,0.256198347107438,0.049586776859504134,0.162534435261708,0.30303030303030304,64.0,0.008935032247915697,-0.015693010432899723,0.05838092038965406,-0.005952727341145492,-0.015330252786083104,0.009472991645849305,0.10669876784267285,0.060571562103371224,0.845642540620384,0.5744230441652423,0.17986442307013492,363.0,0.2614840989399293,289.0,129.0,0.13404726735598227,0.26924721235287014,0.3645320197044335,203.0,0.07496307237813885,0.20385674931129477,2216.0,0.24517906336088155,0.046831955922865015,0.14325068870523416,0.3002754820936639,74.0,blocked,False,arousal__future_change_p3s_movement,0.075,0.46639586410635153,0.5137764542106469,0.14038581918750914,363.0,0.22520107238605896,153.0,1292.0,0.13404726735598227,0.1720214361560466,0.13981358189081225,1502.0,0.5546528803545052,0.5785123966942148,1053.0,0.09917355371900827,0.0440771349862259,0.0743801652892562,0.1349862258953168,210.0,0.473781388478582,0.5727578165841396,0.20777012464589478,363.0,0.2650850954100052,106.0,1319.0,0.13404726735598227,0.21814864189534822,0.16307106598984772,1576.0,0.5819793205317577,0.7079889807162535,1026.0,0.209366391184573,0.030303030303030304,0.12947658402203857,0.2699724517906336,257.0
0.8497156783103168,0.5571513353115727,0.1456560167068934,337.0,0.21940928270042195,285.0,85.0,0.13688058489033306,0.2564277050579481,0.3795620437956204,137.0,0.05564581640942323,0.1543026706231454,2040.0,0.228486646884273,0.04154302670623145,0.14540059347181009,0.2789317507418398,52.0,337,cortical_pca_64,3,previous,2462,-2,0.8598700243704306,0.5480530633618432,0.21059741962791054,337.0,0.18823529411764706,297.0,48.0,0.13688058489033306,0.25995768317927714,0.45454545454545453,88.0,0.03574329813160033,0.11869436201780416,2077.0,0.2314540059347181,0.03857566765578635,0.142433234421365,0.2818991097922849,40.0,0.8354995938261576,0.6075901553499738,0.2167720754636396,337.0,0.3283582089552239,238.0,167.0,0.13688058489033306,0.30683499949230214,0.37218045112781956,266.0,0.10804224207961008,0.29376854599406527,1958.0,0.2789317507418398,0.050445103857566766,0.18397626112759644,0.34124629080118696,99.0,0.10894892625480193,0.050407294434354044,0.14012291483757683,0.046877316313025,0.15509088222255063,0.062474295119946927,0.1299800778302328,0.06968115568760355,0.8643379366368806,0.5443993716180834,0.1816913098410007,337.0,0.17326732673267325,302.0,32.0,0.13688058489033306,0.24436070437235521,0.5223880597014925,67.0,0.027213647441104792,0.10385756676557864,2093.0,0.22255192878338279,0.03560830860534125,0.142433234421365,0.27596439169139464,35.0,blocked,True,arousal__future_change_p3s_movement,0.075,0.4207961007311129,0.5084224122883575,0.13846931290947312,337.0,0.22918918918918918,125.0,1301.0,0.13688058489033306,0.17685492166206934,0.14011896893588896,1513.0,0.6145410235580828,0.629080118694362,824.0,0.12166172106824925,0.032640949554896145,0.08011869436201781,0.1543026706231454,212.0,0.5922014622258327,0.6014746028975388,0.22919307861766786,337.0,0.29196050775740484,130.0,874.0,0.13688058489033306,0.2371538438046986,0.19148936170212766,1081.0,0.43907392363931763,0.6142433234421365,1251.0,0.2195845697329377,0.032640949554896145,0.13056379821958458,0.2818991097922849,207.0
0.860348162475822,0.5386671518137035,0.16255633041650475,352.0,0.1585081585081585,318.0,43.0,0.13617021276595745,0.2391474154369314,0.44155844155844154,77.0,0.029787234042553193,0.09659090909090909,2190.0,0.2215909090909091,0.03125,0.14488636363636365,0.2585227272727273,34.0,352,cortical_pca_64,3,previous,2585,-1,0.8618955512572534,0.533580105239588,0.18370668628018869,352.0,0.13975903614457832,323.0,34.0,0.13617021276595745,0.2363681673241626,0.4603174603174603,63.0,0.02437137330754352,0.08238636363636363,2199.0,0.2215909090909091,0.03409090909090909,0.14772727272727273,0.2556818181818182,29.0,0.8529980657640233,0.5655228392297358,0.23498677141561025,352.0,0.23999999999999996,292.0,88.0,0.13617021276595745,0.29406238838977067,0.40540540540540543,148.0,0.05725338491295938,0.17045454545454544,2145.0,0.2727272727272727,0.048295454545454544,0.15056818181818182,0.3210227272727273,60.0,0.08149184149184147,0.05491497295283926,0.10024096385542164,0.057694221065608065,0.10967418546365909,0.07129776791044573,0.12123626459546794,0.06237340781483808,0.8657640232108317,0.5322296238244514,0.19045189161269918,352.0,0.13032581453634087,326.0,21.0,0.13617021276595745,0.22276462047932494,0.5531914893617021,47.0,0.01818181818181818,0.07386363636363637,2212.0,0.19886363636363635,0.03125,0.125,0.2528409090909091,26.0,blocked,True,arousal__future_change_p3s_movement,0.075,0.5620889748549323,0.5108108486341245,0.143129805570474,352.0,0.21497919556171988,197.0,935.0,0.13617021276595745,0.17282612379430273,0.14220183486238533,1090.0,0.42166344294003866,0.4403409090909091,1298.0,0.11647727272727272,0.03125,0.07670454545454546,0.15056818181818182,155.0,0.5833655705996131,0.5913289296909987,0.22781311869358084,352.0,0.28247834776815456,140.0,937.0,0.13617021276595745,0.2316889805749326,0.18450826805918188,1149.0,0.4444874274661509,0.6022727272727273,1296.0,0.21022727272727273,0.028409090909090908,0.13068181818181818,0.2869318181818182,212.0
0.4911373707533235,0.5979136196232533,0.16910912965865874,363.0,0.28154327424400416,93.0,1285.0,0.13404726735598227,0.27288642023704773,0.17363344051446947,1555.0,0.5742245199409158,0.743801652892562,1060.0,0.26721763085399447,0.046831955922865015,0.15426997245179064,0.2975206611570248,270.0,363,cortical_pca_64,3,previous,2708,0,0.6015509601181684,0.6022925514105976,0.20001850157017537,363.0,0.28872775214238633,144.0,935.0,0.13404726735598227,0.26561551558683194,0.18977469670710573,1154.0,0.4261447562776957,0.6033057851239669,1410.0,0.24242424242424243,0.0440771349862259,0.15702479338842976,0.29201101928374656,219.0,0.6488183161004432,0.612121799503075,0.1860216878797707,363.0,0.30022075055187636,159.0,792.0,0.13404726735598227,0.2852639343855053,0.20481927710843373,996.0,0.36779911373707536,0.5619834710743802,1553.0,0.256198347107438,0.05234159779614325,0.17079889807162535,0.3002754820936639,204.0,0.0186774763078722,0.012377514148457558,0.01149299840949003,0.01964841879867335,-0.0060337426185047005,0.007359455845703966,0.11553655449102562,0.05966102138275359,0.6436484490398818,0.6196144425452431,0.1794397171596646,363.0,0.30625449317038106,150.0,815.0,0.13404726735598227,0.2779044785398013,0.20719844357976655,1028.0,0.37961595273264404,0.5867768595041323,1530.0,0.2534435261707989,0.046831955922865015,0.17079889807162535,0.3168044077134986,213.0,blocked,True,arousal__future_change_p3s_movement,0.075,0.5406203840472673,0.5135585355395396,0.1416798783796075,363.0,0.2176100628930818,190.0,1054.0,0.13404726735598227,0.16972737989447967,0.14099429502852487,1227.0,0.4531019202363368,0.4765840220385675,1291.0,0.1349862258953168,0.03305785123966942,0.0881542699724518,0.1652892561983471,173.0,0.6432791728212703,0.5914606424782816,0.25744130812307675,363.0,0.28125000000000006,174.0,792.0,0.13404726735598227,0.2256029130027517,0.1926605504587156,981.0,0.36225997045790254,0.5206611570247934,1553.0,0.21212121212121213,0.030303030303030304,0.12947658402203857,0.2727272727272727,189.0
0.8415805022156573,0.5918688728729434,0.1701473066938237,363.0,0.2978723404255319,272.0,157.0,0.13404726735598227,0.2973141902472127,0.36693548387096775,248.0,0.0915805022156573,0.25068870523415976,2188.0,0.2644628099173554,0.046831955922865015,0.17079889807162535,0.32231404958677684,91.0,363,cortical_pca_64,3,previous,2708,1,0.853397341211226,0.5637661750280475,0.19364695271506266,363.0,0.23506743737957614,302.0,95.0,0.13404726735598227,0.28135125238200454,0.391025641025641,156.0,0.05760709010339734,0.16804407713498623,2250.0,0.26721763085399447,0.0440771349862259,0.1487603305785124,0.31955922865013775,61.0,0.8397341211225997,0.5873102022355754,0.18473141477351776,363.0,0.2885245901639344,275.0,159.0,0.13404726735598227,0.2866184350608307,0.3562753036437247,247.0,0.09121122599704579,0.24242424242424243,2186.0,0.24793388429752067,0.049586776859504134,0.162534435261708,0.30303030303030304,88.0,-0.00934775026159751,-0.010695755186381994,0.05345715278435825,0.005267182678826143,0.011228229678665769,0.013827249928369867,0.12436132402532746,0.06650973081086348,0.8460118168389956,0.5816214088941362,0.17980817510505648,363.0,0.2772963604852686,283.0,134.0,0.13404726735598227,0.2727911851324608,0.37383177570093457,214.0,0.07902511078286559,0.22038567493112948,2211.0,0.25895316804407714,0.04132231404958678,0.15151515151515152,0.31129476584022037,80.0,blocked,False,arousal__future_change_p3s_movement,0.075,0.5974889217134417,0.5266031119491092,0.1459610101732224,363.0,0.2225392296718973,207.0,883.0,0.13404726735598227,0.16225711103550322,0.15014436958614052,1039.0,0.3836779911373708,0.4297520661157025,1462.0,0.09917355371900827,0.03581267217630854,0.06611570247933884,0.12672176308539945,156.0,0.6410635155096012,0.5913455156331683,0.2626298206083207,363.0,0.28106508875739644,173.0,799.0,0.13404726735598227,0.2201087042499672,0.19211324570273003,989.0,0.3652141802067947,0.5234159779614325,1546.0,0.21763085399449036,0.030303030303030304,0.1322314049586777,0.2699724517906336,190.0
0.8622599704579025,0.5653908732606154,0.18381544823868842,363.0,0.2372188139059305,305.0,68.0,0.13404726735598227,0.29441321443161916,0.4603174603174603,126.0,0.0465288035450517,0.15977961432506887,2277.0,0.2699724517906336,0.0440771349862259,0.1763085399449036,0.3168044077134986,58.0,363,cortical_pca_64,3,previous,2708,2,0.8648449039881831,0.5435995935317509,0.19520721938590813,363.0,0.17194570135746606,325.0,41.0,0.13404726735598227,0.28716056537438656,0.4810126582278481,79.0,0.029172821270310192,0.1046831955922865,2304.0,0.2534435261707989,0.04132231404958678,0.1652892561983471,0.31955922865013775,38.0,0.8552437223042836,0.5683248456654155,0.2149038728616182,363.0,0.2461538461538462,299.0,93.0,0.13404726735598227,0.27872020399871944,0.40764331210191085,157.0,0.057976366322008865,0.1763085399449036,2252.0,0.256198347107438,0.049586776859504134,0.162534435261708,0.30303030303030304,64.0,0.008935032247915697,-0.015693010432899723,0.07420814479638013,-0.008440361375667116,0.02623683370571342,-0.005584911375453083,0.10669876784267285,0.060571562103371224,0.8611521418020679,0.558930260151427,0.1974372340669817,363.0,0.21991701244813278,310.0,66.0,0.13404726735598227,0.2843051153741725,0.44537815126050423,119.0,0.04394387001477105,0.14600550964187328,2279.0,0.256198347107438,0.04132231404958678,0.15702479338842976,0.31955922865013775,53.0,blocked,False,arousal__future_change_p3s_movement,0.075,0.46639586410635153,0.5137764542106469,0.14038581918750914,363.0,0.22520107238605896,153.0,1292.0,0.13404726735598227,0.1720214361560466,0.13981358189081225,1502.0,0.5546528803545052,0.5785123966942148,1053.0,0.09917355371900827,0.0440771349862259,0.0743801652892562,0.1349862258953168,210.0,0.473781388478582,0.5727578165841396,0.20777012464589478,363.0,0.2650850954100052,106.0,1319.0,0.13404726735598227,0.21814864189534822,0.16307106598984772,1576.0,0.5819793205317577,0.7079889807162535,1026.0,0.209366391184573,0.030303030303030304,0.12947658402203857,0.2699724517906336,257.0
0.4708271787296898,0.5962850362045145,0.20632346950364092,367.0,0.2824236354531798,85.0,1348.0,0.13552437223042835,0.3485604816823522,0.17300613496932515,1630.0,0.6019202363367799,0.7683923705722071,993.0,0.3024523160762943,0.05722070844686648,0.17983651226158037,0.38419618528610355,282.0,367,cortical_pca64_delta,,nearest,2708,-2,0.552437223042836,0.5998321591066489,0.2617615204090971,367.0,0.28705882352941176,123.0,1089.0,0.13552437223042835,0.3084428642814825,0.18304576144036008,1333.0,0.49224519940915806,0.6648501362397821,1252.0,0.2561307901907357,0.05722070844686648,0.17438692098092642,0.3133514986376022,244.0,0.7296898079763663,0.6575487081954543,0.3074648994664938,367.0,0.35901926444833626,162.0,570.0,0.13552437223042835,0.35933303024675756,0.2645161290322581,775.0,0.2861890694239291,0.55858310626703,1771.0,0.3024523160762943,0.05722070844686648,0.2016348773841962,0.3760217983651226,205.0,0.07659562899515648,0.010772548564405349,0.0719604409189245,0.05089016596527507,0.0449451903742622,0.05118225167794477,0.22777832526750907,0.2119284728488925,0.6580502215657311,0.6241551213005458,0.26651175883816214,367.0,0.31407407407407406,155.0,771.0,0.13552437223042835,0.3081507785688128,0.21566632756866735,983.0,0.3629985228951256,0.5776566757493188,1570.0,0.26430517711171664,0.05722070844686648,0.16621253405994552,0.3215258855585831,212.0,blocked,True,arousal__future_spike_1_3s,0.05,0.691285081240768,0.504371196081695,0.15519250593113548,367.0,0.17878192534381138,276.0,560.0,0.13552437223042835,0.13155470497924848,0.13978494623655913,651.0,0.24039881831610044,0.24795640326975477,1781.0,0.11444141689373297,0.005449591280653951,0.04632152588555858,0.1553133514986376,91.0,0.553175775480059,0.5646460966516789,0.20533440122330246,367.0,0.2603911980440098,154.0,1056.0,0.13552437223042835,0.14740455739786507,0.16784869976359337,1269.0,0.4686115214180207,0.5803814713896458,1285.0,0.0653950953678474,0.008174386920980926,0.043596730245231606,0.09264305177111716,213.0
0.24929378531073446,0.5354976002897763,0.20931227872331287,378.0,0.24769992922859163,28.0,2098.0,0.13347457627118645,0.2909608675676898,0.14297385620915032,2448.0,0.864406779661017,0.9259259259259259,356.0,0.25925925925925924,0.05555555555555555,0.1746031746031746,0.30423280423280424,350.0,378,cortical_pca64_delta,,nearest,2832,-1,0.5010593220338984,0.5789414108485014,0.25689131350668315,378.0,0.26825479026411186,119.0,1294.0,0.13347457627118645,0.27952744950972797,0.16677398583386993,1553.0,0.5483757062146892,0.6851851851851852,1160.0,0.24074074074074073,0.05291005291005291,0.15873015873015872,0.30158730158730157,259.0,0.7598870056497176,0.6488402478622528,0.309233391958704,378.0,0.3560606060606061,190.0,490.0,0.13347457627118645,0.3489190290218063,0.27728613569321536,678.0,0.23940677966101695,0.4973544973544973,1964.0,0.28835978835978837,0.06084656084656084,0.2037037037037037,0.35714285714285715,188.0,0.10836067683201445,0.05795816145411653,0.08780581579649421,0.06939157951207836,0.08968316571353452,0.07087138249130642,0.21864916722649236,0.2040874665763105,0.4028954802259887,0.5760113064514043,0.2633426015143846,378.0,0.26637744034707156,71.0,1620.0,0.13347457627118645,0.2780476465304999,0.1593149974052932,1927.0,0.6804378531073446,0.8121693121693122,834.0,0.24867724867724866,0.05291005291005291,0.15608465608465608,0.2804232804232804,307.0,blocked,True,arousal__future_spike_1_3s,0.05,0.7909604519774012,0.510109830403229,0.17451190351725984,378.0,0.13953488372093023,330.0,262.0,0.13347457627118645,0.13026986179531397,0.15483870967741936,310.0,0.1094632768361582,0.12698412698412698,2192.0,0.11375661375661375,0.005291005291005291,0.047619047619047616,0.15079365079365079,48.0,0.544138418079096,0.5612766975847661,0.20575756302261836,378.0,0.25504904789382576,157.0,1134.0,0.13347457627118645,0.14483156244549583,0.16309963099630997,1355.0,0.4784604519774011,0.5846560846560847,1320.0,0.07142857142857142,0.005291005291005291,0.042328042328042326,0.10052910052910052,221.0
0.13870094722598106,0.5002686331943074,0.19100423814519887,392.0,0.2340553549939832,3.0,2543.0,0.13261163734776726,0.19692347474408667,0.13267394270122784,2932.0,0.9918809201623816,0.9923469387755102,21.0,0.16071428571428573,0.03571428571428571,0.11479591836734694,0.18877551020408162,389.0,392,cortical_pca64_delta,,nearest,2956,0,0.19046008119079838,0.519299802604349,0.2601148941437895,392.0,0.24055855284036815,13.0,2380.0,0.13261163734776726,0.18457931682424558,0.1373686118158753,2759.0,0.9333558863328822,0.9668367346938775,184.0,0.15816326530612246,0.03571428571428571,0.09693877551020408,0.17091836734693877,379.0,0.36705006765899867,0.5811152854277437,0.3033525534015416,392.0,0.2677103718199609,50.0,1821.0,0.13261163734776726,0.2535945140320483,0.15811373092926492,2163.0,0.7317320703653586,0.8724489795918368,743.0,0.24489795918367346,0.04081632653061224,0.1556122448979592,0.288265306122449,342.0,0.033655016825977685,0.05667103928796163,0.027151818979592734,0.06901519720780272,0.02435462414144668,0.060515826786693205,0.12547903387267612,0.11085123733201127,0.20060893098782137,0.5262305390174791,0.25231965760655956,392.0,0.2433557476785142,12.0,2351.0,0.13261163734776726,0.1930786872453551,0.13914317099963383,2731.0,0.9238836265223275,0.9693877551020408,213.0,0.15306122448979592,0.03316326530612245,0.11224489795918367,0.19642857142857142,380.0,blocked,True,arousal__future_spike_1_3s,0.05,0.8017591339648173,0.5053885828902545,0.1779151943863055,392.0,0.12012012012012012,352.0,234.0,0.13261163734776726,0.12811548015937219,0.145985401459854,274.0,0.09269282814614344,0.10204081632653061,2330.0,0.1096938775510204,0.002551020408163265,0.04336734693877551,0.14285714285714285,40.0,0.6525710419485792,0.5371649049635455,0.25135544917862906,392.0,0.22490566037735846,243.0,784.0,0.13261163734776726,0.14274327670003703,0.15969989281886388,933.0,0.31562922868741544,0.38010204081632654,1780.0,0.07908163265306123,0.0,0.04336734693877551,0.10204081632653061,149.0
0.13294993234100136,0.500195007800312,0.19791238618655949,392.0,0.2342396175679713,0.0,2563.0,0.13261163734776726,0.18275687381681147,0.1326565143824027,2955.0,0.9996617050067659,1.0,1.0,0.14285714285714285,0.03571428571428571,0.08673469387755102,0.17857142857142858,392.0,392,cortical_pca64_delta,,nearest,2956,1,0.16779431664411368,0.5105562895985227,0.24510417280199293,392.0,0.23744575325480477,9.0,2451.0,0.13261163734776726,0.17908346989474982,0.13514467184191956,2834.0,0.9587280108254398,0.9770408163265306,113.0,0.15051020408163265,0.02806122448979592,0.08418367346938775,0.1913265306122449,383.0,0.4759810554803789,0.6093317202075839,0.29398619096785195,392.0,0.28584601198709086,82.0,1467.0,0.13261163734776726,0.28310592878488583,0.17445132245357345,1777.0,0.601150202976996,0.7908163265306123,1097.0,0.25510204081632654,0.04846938775510204,0.1683673469387755,0.30612244897959184,310.0,0.05160639441911957,0.10034905496807436,0.048400258732286094,0.104022458890136,0.049839960549874496,0.11438827424731002,0.157102568722276,0.14060394039416146,0.14580514208389717,0.5054442994046293,0.24250625746673302,392.0,0.23600605143721637,2.0,2523.0,0.13261163734776726,0.1687176545375758,0.13388259526261587,2913.0,0.9854533152909337,0.9948979591836735,41.0,0.1326530612244898,0.02806122448979592,0.08163265306122448,0.17346938775510204,390.0,blocked,True,arousal__future_spike_1_3s,0.05,0.7861975642760487,0.507223248113598,0.17687256985781913,392.0,0.1366120218579235,342.0,290.0,0.13261163734776726,0.12600336006260984,0.14705882352941177,340.0,0.11502029769959404,0.12755102040816327,2274.0,0.1096938775510204,0.002551020408163265,0.04081632653061224,0.14540816326530612,50.0,0.5179296346414073,0.5524750071635518,0.19938824374447428,392.0,0.24802110817941952,157.0,1268.0,0.13261163734776726,0.14250198839072437,0.15635395874916833,1503.0,0.5084573748308525,0.5994897959183674,1296.0,0.07908163265306123,0.0,0.04336734693877551,0.09183673469387756,235.0
0.13806497175141244,0.4995296708117502,0.2040737964079764,388.0,0.24074650077760493,1.0,2440.0,0.1370056497175141,0.22050657290521042,0.13689423417049876,2827.0,0.9982344632768362,0.9974226804123711,4.0,0.17783505154639176,0.03865979381443299,0.12886597938144329,0.22938144329896906,387.0,388,cortical_pca64_delta,,nearest,2832,2,0.18926553672316385,0.518353383839236,0.25272961529517135,388.0,0.24721311475409835,11.0,2285.0,0.1370056497175141,0.21079331198069334,0.1416228399699474,2662.0,0.9399717514124294,0.9716494845360825,159.0,0.18814432989690721,0.03865979381443299,0.11597938144329897,0.211340206185567,377.0,0.3428672316384181,0.5650678286398839,0.278848490578933,388.0,0.2664564446196295,50.0,1811.0,0.1370056497175141,0.28215000599618634,0.15728245695672405,2149.0,0.7588276836158192,0.8711340206185567,633.0,0.23969072164948454,0.04381443298969072,0.16237113402061856,0.30670103092783507,338.0,0.025709943842024546,0.06164343309097592,0.019243329865531122,0.071356694015493,0.023093612761222432,0.07469222753067903,0.1436309821755026,0.13344456929222073,0.15466101694915255,0.5069769011422883,0.23291774970641294,388.0,0.24336283185840704,3.0,2391.0,0.1370056497175141,0.2074577784655073,0.13868876080691642,2776.0,0.980225988700565,0.9922680412371134,53.0,0.18556701030927836,0.030927835051546393,0.11855670103092783,0.22422680412371135,385.0,blocked,True,arousal__future_spike_1_3s,0.05,0.7030367231638418,0.5059750788803212,0.1570225345945968,388.0,0.17790811339198434,297.0,544.0,0.1370056497175141,0.13851902382068373,0.14330708661417324,635.0,0.2242231638418079,0.2345360824742268,1900.0,0.12628865979381443,0.010309278350515464,0.05154639175257732,0.15979381443298968,91.0,0.5112994350282486,0.5542460391111411,0.2092650988682769,388.0,0.25591397849462366,150.0,1234.0,0.1370056497175141,0.1487054367039656,0.16168478260869565,1472.0,0.519774011299435,0.6134020618556701,1210.0,0.07989690721649484,0.0,0.04896907216494845,0.11597938144329897,238.0
0.4708271787296898,0.5962850362045145,0.20632346950364092,367.0,0.2824236354531798,85.0,1348.0,0.13552437223042835,0.3485604816823522,0.17300613496932515,1630.0,0.6019202363367799,0.7683923705722071,993.0,0.3024523160762943,0.05722070844686648,0.17983651226158037,0.38419618528610355,282.0,367,cortical_pca64_delta,,linear,2708,-2,0.5358197932053176,0.592518509638048,0.2620283940965668,367.0,0.281303602058319,121.0,1136.0,0.13552437223042835,0.2787563891472913,0.17800289435600578,1382.0,0.5103397341211225,0.670299727520436,1205.0,0.23160762942779292,0.05449591280653951,0.1553133514986376,0.27520435967302453,246.0,0.7296898079763663,0.6575487081954543,0.3074648994664938,367.0,0.35901926444833626,162.0,570.0,0.13552437223042835,0.35933303024675756,0.2645161290322581,775.0,0.2861890694239291,0.55858310626703,1771.0,0.3024523160762943,0.05722070844686648,0.2016348773841962,0.3760217983651226,205.0,0.07659562899515648,0.010772548564405349,0.07771566239001726,0.08057664109946627,0.06897072075901584,0.059365391504528076,0.22777832526750907,0.2119284728488925,0.5679468242245199,0.6030586151147592,0.23361059186876104,367.0,0.2900485436893204,128.0,1042.0,0.13552437223042835,0.2999676387422295,0.1865729898516784,1281.0,0.47304283604135894,0.6512261580381471,1299.0,0.2670299727520436,0.051771117166212535,0.16621253405994552,0.3215258855585831,239.0,blocked,True,arousal__future_spike_1_3s,0.05,0.691285081240768,0.504371196081695,0.15519250593113548,367.0,0.17878192534381138,276.0,560.0,0.13552437223042835,0.13155470497924848,0.13978494623655913,651.0,0.24039881831610044,0.24795640326975477,1781.0,0.11444141689373297,0.005449591280653951,0.04632152588555858,0.1553133514986376,91.0,0.553175775480059,0.5646460966516789,0.20533440122330246,367.0,0.2603911980440098,154.0,1056.0,0.13552437223042835,0.14740455739786507,0.16784869976359337,1269.0,0.4686115214180207,0.5803814713896458,1285.0,0.0653950953678474,0.008174386920980926,0.043596730245231606,0.09264305177111716,213.0
0.24929378531073446,0.5354976002897763,0.20931227872331287,378.0,0.24769992922859163,28.0,2098.0,0.13347457627118645,0.2909608675676898,0.14297385620915032,2448.0,0.864406779661017,0.9259259259259259,356.0,0.25925925925925924,0.05555555555555555,0.1746031746031746,0.30423280423280424,350.0,378,cortical_pca64_delta,,linear,2832,-1,0.4643361581920904,0.5879645800183697,0.2669449738605964,378.0,0.27381522259454283,92.0,1425.0,0.13347457627118645,0.2878166506249384,0.16715371127995324,1711.0,0.6041666666666666,0.7566137566137566,1029.0,0.2566137566137566,0.05291005291005291,0.15608465608465608,0.3148148148148148,286.0,0.7598870056497176,0.6488402478622528,0.309233391958704,378.0,0.3560606060606061,190.0,490.0,0.13347457627118645,0.3489190290218063,0.27728613569321536,678.0,0.23940677966101695,0.4973544973544973,1964.0,0.28835978835978837,0.06084656084656084,0.2037037037037037,0.35714285714285715,188.0,0.10836067683201445,0.05795816145411653,0.08224538346606325,0.06110237839686794,0.09066205533596838,0.07164773217848314,0.21864916722649236,0.2040874665763105,0.4272598870056497,0.5744039533770585,0.23818478560445866,378.0,0.2653985507246377,85.0,1537.0,0.13347457627118645,0.2772712968433232,0.16010928961748633,1830.0,0.6461864406779662,0.7751322751322751,917.0,0.24338624338624337,0.05291005291005291,0.15343915343915343,0.2962962962962963,293.0,blocked,True,arousal__future_spike_1_3s,0.05,0.7909604519774012,0.510109830403229,0.17451190351725984,378.0,0.13953488372093023,330.0,262.0,0.13347457627118645,0.13026986179531397,0.15483870967741936,310.0,0.1094632768361582,0.12698412698412698,2192.0,0.11375661375661375,0.005291005291005291,0.047619047619047616,0.15079365079365079,48.0,0.544138418079096,0.5612766975847661,0.20575756302261836,378.0,0.25504904789382576,157.0,1134.0,0.13347457627118645,0.14483156244549583,0.16309963099630997,1355.0,0.4784604519774011,0.5846560846560847,1320.0,0.07142857142857142,0.005291005291005291,0.042328042328042326,0.10052910052910052,221.0
0.13870094722598106,0.5002686331943074,0.19100423814519887,392.0,0.2340553549939832,3.0,2543.0,0.13261163734776726,0.19692347474408667,0.13267394270122784,2932.0,0.9918809201623816,0.9923469387755102,21.0,0.16071428571428573,0.03571428571428571,0.11479591836734694,0.18877551020408162,389.0,392,cortical_pca64_delta,,linear,2956,0,0.26116373477672533,0.5341243751790888,0.2627590256862559,392.0,0.24533517622667586,37.0,2147.0,0.13261163734776726,0.20446809669413846,0.1418864908073541,2502.0,0.8464140730717186,0.9056122448979592,417.0,0.1836734693877551,0.04081632653061224,0.11224489795918367,0.22193877551020408,355.0,0.36705006765899867,0.5811152854277437,0.3033525534015416,392.0,0.2677103718199609,50.0,1821.0,0.13261163734776726,0.2535945140320483,0.15811373092926492,2163.0,0.7317320703653586,0.8724489795918368,743.0,0.24489795918367346,0.04081632653061224,0.1556122448979592,0.288265306122449,342.0,0.033655016825977685,0.05667103928796163,0.02237519559328502,0.049126417337909845,0.03400109863700351,0.06275613092853521,0.12547903387267612,0.11085123733201127,0.17253044654939106,0.5024813747651947,0.22397945450918288,392.0,0.23370927318295737,19.0,2427.0,0.13261163734776726,0.1908383831035131,0.1332142857142857,2800.0,0.9472259810554804,0.951530612244898,137.0,0.1683673469387755,0.03316326530612245,0.10459183673469388,0.17857142857142858,373.0,blocked,True,arousal__future_spike_1_3s,0.05,0.8017591339648173,0.5053885828902545,0.1779151943863055,392.0,0.12012012012012012,352.0,234.0,0.13261163734776726,0.12811548015937219,0.145985401459854,274.0,0.09269282814614344,0.10204081632653061,2330.0,0.1096938775510204,0.002551020408163265,0.04336734693877551,0.14285714285714285,40.0,0.6525710419485792,0.5371649049635455,0.25135544917862906,392.0,0.22490566037735846,243.0,784.0,0.13261163734776726,0.14274327670003703,0.15969989281886388,933.0,0.31562922868741544,0.38010204081632654,1780.0,0.07908163265306123,0.0,0.04336734693877551,0.10204081632653061,149.0
0.13294993234100136,0.500195007800312,0.19791238618655949,392.0,0.2342396175679713,0.0,2563.0,0.13261163734776726,0.18275687381681147,0.1326565143824027,2955.0,0.9996617050067659,1.0,1.0,0.14285714285714285,0.03571428571428571,0.08673469387755102,0.17857142857142858,392.0,392,cortical_pca64_delta,,linear,2956,1,0.15493910690121787,0.5053069979942054,0.2426161154003367,392.0,0.2356181150550795,7.0,2491.0,0.13261163734776726,0.17563106792696734,0.1338664812239221,2876.0,0.972936400541272,0.9821428571428571,73.0,0.1326530612244898,0.030612244897959183,0.08418367346938775,0.17857142857142858,385.0,0.4759810554803789,0.6093317202075839,0.29398619096785195,392.0,0.28584601198709086,82.0,1467.0,0.13261163734776726,0.28310592878488583,0.17445132245357345,1777.0,0.601150202976996,0.7908163265306123,1097.0,0.25510204081632654,0.04846938775510204,0.1683673469387755,0.30612244897959184,310.0,0.05160639441911957,0.10034905496807436,0.05022789693201135,0.10747486085791849,0.046069060314228416,0.09710812876881264,0.157102568722276,0.14060394039416146,0.16982408660351828,0.5160483460154732,0.24075182602397693,392.0,0.23977695167286245,5.0,2449.0,0.13261163734776726,0.1859978000160732,0.13645980253878703,2836.0,0.959404600811908,0.9872448979591837,115.0,0.1556122448979592,0.02806122448979592,0.09948979591836735,0.18877551020408162,387.0,blocked,True,arousal__future_spike_1_3s,0.05,0.7861975642760487,0.507223248113598,0.17687256985781913,392.0,0.1366120218579235,342.0,290.0,0.13261163734776726,0.12600336006260984,0.14705882352941177,340.0,0.11502029769959404,0.12755102040816327,2274.0,0.1096938775510204,0.002551020408163265,0.04081632653061224,0.14540816326530612,50.0,0.5179296346414073,0.5524750071635518,0.19938824374447428,392.0,0.24802110817941952,157.0,1268.0,0.13261163734776726,0.14250198839072437,0.15635395874916833,1503.0,0.5084573748308525,0.5994897959183674,1296.0,0.07908163265306123,0.0,0.04336734693877551,0.09183673469387756,235.0
0.13806497175141244,0.4995296708117502,0.2040737964079764,388.0,0.24074650077760493,1.0,2440.0,0.1370056497175141,0.22050657290521042,0.13689423417049876,2827.0,0.9982344632768362,0.9974226804123711,4.0,0.17783505154639176,0.03865979381443299,0.12886597938144329,0.22938144329896906,387.0,388,cortical_pca64_delta,,linear,2832,2,0.22916666666666666,0.5230419120252418,0.2745328985136048,388.0,0.24801929038925247,28.0,2155.0,0.1370056497175141,0.22233170735989177,0.14314115308151093,2515.0,0.8880649717514124,0.9278350515463918,289.0,0.18556701030927836,0.041237113402061855,0.12628865979381443,0.22422680412371135,360.0,0.3428672316384181,0.5650678286398839,0.278848490578933,388.0,0.2664564446196295,50.0,1811.0,0.1370056497175141,0.28215000599618634,0.15728245695672405,2149.0,0.7588276836158192,0.8711340206185567,633.0,0.23969072164948454,0.04381443298969072,0.16237113402061856,0.30670103092783507,338.0,0.025709943842024546,0.06164343309097592,0.018437154230377006,0.059818298636294565,0.020231887823831674,0.061191391209158896,0.1436309821755026,0.13344456929222073,0.18926553672316385,0.5161852295543895,0.234491941027008,388.0,0.2462245567957978,13.0,2283.0,0.1370056497175141,0.22095861478702744,0.14108352144469527,2658.0,0.9385593220338984,0.9664948453608248,161.0,0.18814432989690721,0.03865979381443299,0.12886597938144329,0.2268041237113402,375.0,blocked,True,arousal__future_spike_1_3s,0.05,0.7030367231638418,0.5059750788803212,0.1570225345945968,388.0,0.17790811339198434,297.0,544.0,0.1370056497175141,0.13851902382068373,0.14330708661417324,635.0,0.2242231638418079,0.2345360824742268,1900.0,0.12628865979381443,0.010309278350515464,0.05154639175257732,0.15979381443298968,91.0,0.5112994350282486,0.5542460391111411,0.2092650988682769,388.0,0.25591397849462366,150.0,1234.0,0.1370056497175141,0.1487054367039656,0.16168478260869565,1472.0,0.519774011299435,0.6134020618556701,1210.0,0.07989690721649484,0.0,0.04896907216494845,0.11597938144329897,238.0
0.4708271787296898,0.5962850362045145,0.20632346950364092,367.0,0.2824236354531798,85.0,1348.0,0.13552437223042835,0.3485604816823522,0.17300613496932515,1630.0,0.6019202363367799,0.7683923705722071,993.0,0.3024523160762943,0.05722070844686648,0.17983651226158037,0.38419618528610355,282.0,367,cortical_pca64_delta,,previous,2708,-2,0.5480059084194978,0.6041620351348489,0.26919863681060935,367.0,0.29002320185614844,117.0,1107.0,0.13552437223042835,0.304968024908465,0.18422991893883567,1357.0,0.5011078286558346,0.6811989100817438,1234.0,0.25340599455040874,0.05994550408719346,0.1771117166212534,0.3215258855585831,250.0,0.7296898079763663,0.6575487081954543,0.3074648994664938,367.0,0.35901926444833626,162.0,570.0,0.13552437223042835,0.35933303024675756,0.2645161290322581,775.0,0.2861890694239291,0.55858310626703,1771.0,0.3024523160762943,0.05722070844686648,0.2016348773841962,0.3760217983651226,205.0,0.07659562899515648,0.010772548564405349,0.06899606259218782,0.05436500533829258,0.10002645869294058,0.07036748295974288,0.22777832526750907,0.2119284728488925,0.353397341211226,0.5559368769256018,0.2499795540692926,367.0,0.2589928057553957,61.0,1690.0,0.13552437223042835,0.2889655472870147,0.1533066132264529,1996.0,0.7370753323485968,0.8337874659400545,651.0,0.2506811989100817,0.05722070844686648,0.16076294277929154,0.32697547683923706,306.0,blocked,True,arousal__future_spike_1_3s,0.05,0.691285081240768,0.504371196081695,0.15519250593113548,367.0,0.17878192534381138,276.0,560.0,0.13552437223042835,0.13155470497924848,0.13978494623655913,651.0,0.24039881831610044,0.24795640326975477,1781.0,0.11444141689373297,0.005449591280653951,0.04632152588555858,0.1553133514986376,91.0,0.553175775480059,0.5646460966516789,0.20533440122330246,367.0,0.2603911980440098,154.0,1056.0,0.13552437223042835,0.14740455739786507,0.16784869976359337,1269.0,0.4686115214180207,0.5803814713896458,1285.0,0.0653950953678474,0.008174386920980926,0.043596730245231606,0.09264305177111716,213.0
0.24929378531073446,0.5354976002897763,0.20931227872331287,378.0,0.24769992922859163,28.0,2098.0,0.13347457627118645,0.2909608675676898,0.14297385620915032,2448.0,0.864406779661017,0.9259259259259259,356.0,0.25925925925925924,0.05555555555555555,0.1746031746031746,0.30423280423280424,350.0,378,cortical_pca64_delta,,previous,2832,-1,0.4445621468926554,0.5687216206776109,0.283248073958797,378.0,0.2618488972313468,99.0,1474.0,0.13347457627118645,0.2663527479200846,0.15915573302909297,1753.0,0.618997175141243,0.7380952380952381,980.0,0.23544973544973544,0.05555555555555555,0.14285714285714285,0.2777777777777778,279.0,0.7598870056497176,0.6488402478622528,0.309233391958704,378.0,0.3560606060606061,190.0,490.0,0.13347457627118645,0.3489190290218063,0.27728613569321536,678.0,0.23940677966101695,0.4973544973544973,1964.0,0.28835978835978837,0.06084656084656084,0.2037037037037037,0.35714285714285715,188.0,0.10836067683201445,0.05795816145411653,0.09421170882925928,0.0825662811017217,0.10528178986122916,0.09073462926531123,0.21864916722649236,0.2040874665763105,0.3206214689265537,0.5453228289414108,0.24730783969911824,378.0,0.2507788161993769,56.0,1868.0,0.13347457627118645,0.2581843997564951,0.14703196347031963,2190.0,0.7733050847457628,0.8518518518518519,586.0,0.22486772486772486,0.05026455026455026,0.14814814814814814,0.2619047619047619,322.0,blocked,True,arousal__future_spike_1_3s,0.05,0.7909604519774012,0.510109830403229,0.17451190351725984,378.0,0.13953488372093023,330.0,262.0,0.13347457627118645,0.13026986179531397,0.15483870967741936,310.0,0.1094632768361582,0.12698412698412698,2192.0,0.11375661375661375,0.005291005291005291,0.047619047619047616,0.15079365079365079,48.0,0.544138418079096,0.5612766975847661,0.20575756302261836,378.0,0.25504904789382576,157.0,1134.0,0.13347457627118645,0.14483156244549583,0.16309963099630997,1355.0,0.4784604519774011,0.5846560846560847,1320.0,0.07142857142857142,0.005291005291005291,0.042328042328042326,0.10052910052910052,221.0
0.13870094722598106,0.5002686331943074,0.19100423814519887,392.0,0.2340553549939832,3.0,2543.0,0.13261163734776726,0.19692347474408667,0.13267394270122784,2932.0,0.9918809201623816,0.9923469387755102,21.0,0.16071428571428573,0.03571428571428571,0.11479591836734694,0.18877551020408162,389.0,392,cortical_pca64_delta,,previous,2956,0,0.22462787550744248,0.5238685567830876,0.24967202277665781,392.0,0.24156187954996686,27.0,2265.0,0.13261163734776726,0.19302351527333914,0.13878326996197718,2630.0,0.8897158322056834,0.9311224489795918,299.0,0.1836734693877551,0.030612244897959183,0.10714285714285714,0.21173469387755103,365.0,0.36705006765899867,0.5811152854277437,0.3033525534015416,392.0,0.2677103718199609,50.0,1821.0,0.13261163734776726,0.2535945140320483,0.15811373092926492,2163.0,0.7317320703653586,0.8724489795918368,743.0,0.24489795918367346,0.04081632653061224,0.1556122448979592,0.288265306122449,342.0,0.033655016825977685,0.05667103928796163,0.026148492269994023,0.060570998758709166,0.024493634324047164,0.05837065370679895,0.12547903387267612,0.11085123733201127,0.21684709066305818,0.5269468942022988,0.24762499956956907,392.0,0.24321673749591372,20.0,2295.0,0.13261163734776726,0.19522386032524935,0.13948256467941508,2667.0,0.902232746955345,0.9489795918367347,269.0,0.18112244897959184,0.03316326530612245,0.10459183673469388,0.20918367346938777,372.0,blocked,True,arousal__future_spike_1_3s,0.05,0.8017591339648173,0.5053885828902545,0.1779151943863055,392.0,0.12012012012012012,352.0,234.0,0.13261163734776726,0.12811548015937219,0.145985401459854,274.0,0.09269282814614344,0.10204081632653061,2330.0,0.1096938775510204,0.002551020408163265,0.04336734693877551,0.14285714285714285,40.0,0.6525710419485792,0.5371649049635455,0.25135544917862906,392.0,0.22490566037735846,243.0,784.0,0.13261163734776726,0.14274327670003703,0.15969989281886388,933.0,0.31562922868741544,0.38010204081632654,1780.0,0.07908163265306123,0.0,0.04336734693877551,0.10204081632653061,149.0
0.13294993234100136,0.500195007800312,0.19791238618655949,392.0,0.2342396175679713,0.0,2563.0,0.13261163734776726,0.18275687381681147,0.1326565143824027,2955.0,0.9996617050067659,1.0,1.0,0.14285714285714285,0.03571428571428571,0.08673469387755102,0.17857142857142858,392.0,392,cortical_pca64_delta,,previous,2956,1,0.19824086603518268,0.5259459868190646,0.24880428090400786,392.0,0.24329501915708812,11.0,2359.0,0.13261163734776726,0.19594212529098004,0.13905109489051096,2740.0,0.9269282814614344,0.9719387755102041,205.0,0.16326530612244897,0.03316326530612245,0.10204081632653061,0.20153061224489796,381.0,0.4759810554803789,0.6093317202075839,0.29398619096785195,392.0,0.28584601198709086,82.0,1467.0,0.13261163734776726,0.28310592878488583,0.17445132245357345,1777.0,0.601150202976996,0.7908163265306123,1097.0,0.25510204081632654,0.04846938775510204,0.1683673469387755,0.30612244897959184,310.0,0.05160639441911957,0.10034905496807436,0.04255099283000274,0.08716380349390579,0.050839892036050466,0.10625051669302604,0.157102568722276,0.14060394039416146,0.15426251691474965,0.5038364799898118,0.24869862499055298,392.0,0.2350061199510404,8.0,2492.0,0.13261163734776726,0.1768554120918598,0.13351877607788595,2876.0,0.972936400541272,0.9795918367346939,72.0,0.14540816326530612,0.02806122448979592,0.08928571428571429,0.1836734693877551,384.0,blocked,True,arousal__future_spike_1_3s,0.05,0.7861975642760487,0.507223248113598,0.17687256985781913,392.0,0.1366120218579235,342.0,290.0,0.13261163734776726,0.12600336006260984,0.14705882352941177,340.0,0.11502029769959404,0.12755102040816327,2274.0,0.1096938775510204,0.002551020408163265,0.04081632653061224,0.14540816326530612,50.0,0.5179296346414073,0.5524750071635518,0.19938824374447428,392.0,0.24802110817941952,157.0,1268.0,0.13261163734776726,0.14250198839072437,0.15635395874916833,1503.0,0.5084573748308525,0.5994897959183674,1296.0,0.07908163265306123,0.0,0.04336734693877551,0.09183673469387756,235.0
0.13806497175141244,0.4995296708117502,0.2040737964079764,388.0,0.24074650077760493,1.0,2440.0,0.1370056497175141,0.22050657290521042,0.13689423417049876,2827.0,0.9982344632768362,0.9974226804123711,4.0,0.17783505154639176,0.03865979381443299,0.12886597938144329,0.22938144329896906,387.0,388,cortical_pca64_delta,,previous,2832,2,0.22916666666666666,0.5197896805979718,0.26359831008666157,388.0,0.24646185709354507,31.0,2152.0,0.1370056497175141,0.22500780031339285,0.1422877640494221,2509.0,0.8859463276836158,0.9201030927835051,292.0,0.2036082474226804,0.04639175257731959,0.12886597938144329,0.24484536082474226,357.0,0.3428672316384181,0.5650678286398839,0.278848490578933,388.0,0.2664564446196295,50.0,1811.0,0.1370056497175141,0.28215000599618634,0.15728245695672405,2149.0,0.7588276836158192,0.8711340206185567,633.0,0.23969072164948454,0.04381443298969072,0.16237113402061856,0.30670103092783507,338.0,0.025709943842024546,0.06164343309097592,0.019994587526084406,0.05714220568279349,0.02013171413939427,0.06532245447846982,0.1436309821755026,0.13344456929222073,0.1853813559322034,0.5161029746739332,0.23982483553513986,388.0,0.2463247304802352,11.0,2296.0,0.1370056497175141,0.21682755151771652,0.14104002992891881,2673.0,0.9438559322033898,0.9716494845360825,148.0,0.19072164948453607,0.03350515463917526,0.12371134020618557,0.24742268041237114,377.0,blocked,True,arousal__future_spike_1_3s,0.05,0.7030367231638418,0.5059750788803212,0.1570225345945968,388.0,0.17790811339198434,297.0,544.0,0.1370056497175141,0.13851902382068373,0.14330708661417324,635.0,0.2242231638418079,0.2345360824742268,1900.0,0.12628865979381443,0.010309278350515464,0.05154639175257732,0.15979381443298968,91.0,0.5112994350282486,0.5542460391111411,0.2092650988682769,388.0,0.25591397849462366,150.0,1234.0,0.1370056497175141,0.1487054367039656,0.16168478260869565,1472.0,0.519774011299435,0.6134020618556701,1210.0,0.07989690721649484,0.0,0.04896907216494845,0.11597938144329897,238.0
0.34268833087149186,0.5705206514325971,0.19549486470045568,214.0,0.16822429906542055,34.0,1746.0,0.07902511078286559,0.20200569864711435,0.09345794392523364,1926.0,0.7112259970457903,0.8411214953271028,748.0,0.26635514018691586,0.07476635514018691,0.19626168224299065,0.2383177570093458,180.0,214,cortical_pca64_delta,,nearest,2708,-2,0.5923190546528804,0.5949756050034101,0.20662957479744157,214.0,0.18823529411764703,86.0,1018.0,0.07902511078286559,0.1906587937688754,0.11169284467713787,1146.0,0.42319054652880356,0.5981308411214953,1476.0,0.2803738317757009,0.07476635514018691,0.18691588785046728,0.22897196261682243,128.0,0.8681683899556869,0.6165769810161209,0.2510087241864244,214.0,0.2758620689655172,146.0,211.0,0.07902511078286559,0.22176647449459086,0.24372759856630824,279.0,0.10302806499261448,0.3177570093457944,2283.0,0.3130841121495327,0.07476635514018691,0.21495327102803738,0.2757009345794392,68.0,0.10763776990009663,0.019760775847476514,0.08762677484787015,0.03110768072571546,0.11292118471315751,0.03464481554216514,0.14705354756189434,0.11511415378697482,0.3777695716395864,0.5553908820421347,0.20499040482074404,214.0,0.16294088425235967,50.0,1635.0,0.07902511078286559,0.18712165895242572,0.09116175653140633,1799.0,0.664327917282127,0.7663551401869159,859.0,0.2897196261682243,0.06542056074766354,0.19158878504672897,0.2523364485981308,164.0,blocked,True,arousal__future_spike_1_3s,0.075,0.8452732644017725,0.5101645819124778,0.10147343823964072,214.0,0.10278372591006422,190.0,229.0,0.07902511078286559,0.07471292693269652,0.09486166007905138,253.0,0.09342688330871492,0.11214953271028037,2265.0,0.1261682242990654,0.0,0.037383177570093455,0.08878504672897196,24.0,0.7544313146233382,0.5655086225633108,0.18302395758202994,214.0,0.18002466091245375,141.0,524.0,0.07902511078286559,0.10665232070761604,0.12227805695142378,597.0,0.22045790251107827,0.3411214953271028,1970.0,0.14953271028037382,0.004672897196261682,0.08411214953271028,0.11682242990654206,73.0
0.17019774011299435,0.5271409340374857,0.16660351605046259,222.0,0.15223665223665225,11.0,2339.0,0.07838983050847458,0.16741357018907205,0.08274509803921569,2550.0,0.9004237288135594,0.9504504504504504,271.0,0.22972972972972974,0.05855855855855856,0.17117117117117117,0.20270270270270271,211.0,222,cortical_pca64_delta,,nearest,2832,-1,0.2757768361581921,0.555571088329709,0.22334696607142543,222.0,0.16114519427402862,25.0,2026.0,0.07838983050847458,0.14598947684125543,0.08861898335582546,2223.0,0.784957627118644,0.8873873873873874,584.0,0.21171171171171171,0.05855855855855856,0.13063063063063063,0.18468468468468469,197.0,0.8029661016949152,0.6520037278657969,0.27588600393965507,222.0,0.2734375,117.0,441.0,0.07838983050847458,0.22706804287992666,0.19230769230769232,546.0,0.19279661016949154,0.47297297297297297,2169.0,0.32432432432432434,0.06756756756756757,0.22072072072072071,0.26126126126126126,105.0,0.12120084776334775,0.05965447269085461,0.11229230572597138,0.08107856603867122,0.10028574902723736,0.05696969622485751,0.1518897528762057,0.12219783551765254,0.3997175141242938,0.5836595215905561,0.2285913973362973,222.0,0.17315175097276264,44.0,1656.0,0.07838983050847458,0.17009834665506915,0.0970556161395856,1834.0,0.6475988700564972,0.8018018018018018,954.0,0.25675675675675674,0.05405405405405406,0.17117117117117117,0.22522522522522523,178.0,blocked,True,arousal__future_spike_1_3s,0.075,0.8463983050847458,0.5107124365745056,0.10135308735547383,222.0,0.10309278350515463,197.0,238.0,0.07838983050847458,0.07517829000372095,0.09505703422053231,263.0,0.09286723163841808,0.11261261261261261,2372.0,0.13513513513513514,0.0,0.03153153153153153,0.0945945945945946,25.0,0.698093220338983,0.5806824065444754,0.1700434555192583,222.0,0.18648905803996194,124.0,731.0,0.07838983050847458,0.10487020736227412,0.11821471652593486,829.0,0.292725988700565,0.44144144144144143,1879.0,0.14414414414414414,0.009009009009009009,0.08108108108108109,0.10810810810810811,98.0
0.08085250338294993,0.49799673303493336,0.1386223696085902,228.0,0.1426317450299779,2.0,2715.0,0.07713125845737483,0.11514677325127667,0.0768446106766406,2941.0,0.9949255751014885,0.9912280701754386,13.0,0.13596491228070176,0.039473684210526314,0.08771929824561403,0.11403508771929824,226.0,228,cortical_pca64_delta,,nearest,2956,0,0.14580514208389717,0.513090368884087,0.2254723192292366,228.0,0.1460940142035847,12.0,2513.0,0.07713125845737483,0.1093616508496323,0.079149871747893,2729.0,0.9232070365358592,0.9473684210526315,215.0,0.14035087719298245,0.03070175438596491,0.07017543859649122,0.11842105263157894,216.0,0.34100135317997293,0.5806612388743119,0.24802345999377337,228.0,0.16823228010247654,31.0,1917.0,0.07713125845737483,0.16139440204096872,0.09318826868495743,2114.0,0.7151556156968877,0.8640350877192983,811.0,0.2324561403508772,0.05263157894736842,0.14035087719298245,0.18859649122807018,197.0,0.025600535072498626,0.04624762878969205,0.02213826589889184,0.05203275119133642,0.02080717071169902,0.04811041421897137,0.08793623410476345,0.058665856710436906,0.14309878213802435,0.51765318722025,0.19112401197707796,228.0,0.14742510939077752,9.0,2524.0,0.07713125845737483,0.11328398782199735,0.07983959168793292,2743.0,0.9279431664411367,0.9605263157894737,204.0,0.16666666666666666,0.02631578947368421,0.10087719298245613,0.12280701754385964,219.0,blocked,True,arousal__future_spike_1_3s,0.075,0.8893775372124493,0.49190332870298914,0.1145239259058014,228.0,0.02967359050445104,223.0,104.0,0.07713125845737483,0.07345816793620527,0.045871559633027525,109.0,0.03687415426251692,0.021929824561403508,2624.0,0.12719298245614036,0.0,0.043859649122807015,0.08771929824561403,5.0,0.7144790257104194,0.5840471780624582,0.175946024782087,228.0,0.18846153846153846,130.0,714.0,0.07713125845737483,0.10272854533053181,0.1206896551724138,812.0,0.2746955345060893,0.4298245614035088,2014.0,0.14035087719298245,0.021929824561403508,0.07894736842105263,0.10526315789473684,98.0
0.08761840324763194,0.4996527241858311,0.14198795348552717,228.0,0.14299332697807438,3.0,2694.0,0.07713125845737483,0.11737335964835822,0.07708119218910586,2919.0,0.9874830852503383,0.9868421052631579,34.0,0.14035087719298245,0.03508771929824561,0.09210526315789473,0.11842105263157894,225.0,228,cortical_pca64_delta,,nearest,2956,1,0.2273342354533153,0.5331455471523383,0.19553630514175374,228.0,0.1515601783060921,24.0,2260.0,0.07713125845737483,0.11701383217654707,0.08279220779220779,2464.0,0.8335588633288228,0.8947368421052632,468.0,0.17982456140350878,0.03070175438596491,0.10964912280701754,0.12719298245614036,204.0,0.7540595399188093,0.6135302515820342,0.2594639761745445,228.0,0.21911922663802363,126.0,601.0,0.07713125845737483,0.19963950950960876,0.14509246088193456,703.0,0.23782138024357238,0.4473684210526316,2127.0,0.2719298245614035,0.07017543859649122,0.18859649122807018,0.23684210526315788,102.0,0.07612589965994926,0.08226614986125054,0.06755904833193152,0.0826256773330617,0.06259748750758884,0.08200792972311205,0.1263601898093173,0.09681553006174026,0.24526387009472259,0.5488887173946597,0.19981599263407648,228.0,0.1565217391304348,21.0,2210.0,0.07713125845737483,0.11763157978649671,0.08564335953661564,2417.0,0.81765899864682,0.9078947368421053,518.0,0.16228070175438597,0.03070175438596491,0.10087719298245613,0.14473684210526316,207.0,blocked,True,arousal__future_spike_1_3s,0.075,0.8947902571041949,0.4908164840253126,0.11212637968959145,228.0,0.01892744479495268,225.0,86.0,0.07713125845737483,0.07327931970029147,0.033707865168539325,89.0,0.030108254397834912,0.013157894736842105,2642.0,0.12719298245614036,0.0,0.03508771929824561,0.09210526315789473,3.0,0.6427604871447903,0.6095012090343159,0.16800626895156326,228.0,0.19756838905775076,98.0,958.0,0.07713125845737483,0.1028239794478685,0.11948529411764706,1088.0,0.3680649526387009,0.5701754385964912,1770.0,0.12719298245614036,0.008771929824561403,0.08333333333333333,0.12719298245614036,130.0
0.08403954802259887,0.5004628564122234,0.14569134107708845,225.0,0.1472715318869165,1.0,2593.0,0.07944915254237288,0.134712280375328,0.0795172168974086,2817.0,0.9947033898305084,0.9955555555555555,14.0,0.18222222222222223,0.04888888888888889,0.11555555555555555,0.14666666666666667,224.0,225,cortical_pca64_delta,,nearest,2832,2,0.2132768361581921,0.534110727528449,0.20798124415678948,225.0,0.15606060606060607,19.0,2209.0,0.07944915254237288,0.13659577613891638,0.08530020703933748,2415.0,0.8527542372881356,0.9155555555555556,398.0,0.19111111111111112,0.04888888888888889,0.12444444444444444,0.16,206.0,0.4240819209039548,0.575514640071602,0.2657453464757302,225.0,0.17250126839167937,55.0,1576.0,0.07944915254237288,0.16931152522363374,0.09736540664375716,1746.0,0.6165254237288136,0.7555555555555555,1031.0,0.27111111111111114,0.044444444444444446,0.13777777777777778,0.2311111111111111,170.0,0.025229736504762873,0.03459924484830573,0.016440662331073302,0.03271574908471736,0.021106846080922392,0.04886320284219807,0.08989536438981849,0.060256728930720954,0.17266949152542374,0.518146017133359,0.2157523082668997,225.0,0.15139442231075698,16.0,2327.0,0.07944915254237288,0.12044832238143567,0.08241324921135647,2536.0,0.8954802259887006,0.9288888888888889,280.0,0.15555555555555556,0.035555555555555556,0.11555555555555555,0.13777777777777778,209.0,blocked,True,arousal__future_spike_1_3s,0.075,0.8965395480225988,0.497110343945787,0.10715625887984381,225.0,0.033003300330033,220.0,73.0,0.07944915254237288,0.07941616083381525,0.0641025641025641,78.0,0.02754237288135593,0.022222222222222223,2534.0,0.14222222222222222,0.0,0.06222222222222222,0.10222222222222223,5.0,0.6740819209039548,0.6077509269914333,0.1907416364921017,225.0,0.2049956933677864,106.0,817.0,0.07944915254237288,0.10905479629291279,0.12713675213675213,936.0,0.3305084745762712,0.5288888888888889,1790.0,0.1111111111111111,0.0044444444444444444,0.09777777777777778,0.10666666666666667,119.0
0.34268833087149186,0.5705206514325971,0.19549486470045568,214.0,0.16822429906542055,34.0,1746.0,0.07902511078286559,0.20200569864711435,0.09345794392523364,1926.0,0.7112259970457903,0.8411214953271028,748.0,0.26635514018691586,0.07476635514018691,0.19626168224299065,0.2383177570093458,180.0,214,cortical_pca64_delta,,linear,2708,-2,0.4069423929098966,0.56909292582572,0.20101414604435855,214.0,0.16873706004140787,51.0,1555.0,0.07902511078286559,0.18483361300881754,0.09487776484284051,1718.0,0.6344165435745938,0.7616822429906542,939.0,0.22897196261682243,0.07476635514018691,0.17757009345794392,0.2102803738317757,163.0,0.8681683899556869,0.6165769810161209,0.2510087241864244,214.0,0.2758620689655172,146.0,211.0,0.07902511078286559,0.22176647449459086,0.24372759856630824,279.0,0.10302806499261448,0.3177570093457944,2283.0,0.3130841121495327,0.07476635514018691,0.21495327102803738,0.2757009345794392,68.0,0.10763776990009663,0.019760775847476514,0.10712500892410931,0.03693286148577332,0.11185497676693562,0.033688400188181505,0.14705354756189434,0.11511415378697482,0.30354505169867063,0.5599494862436203,0.20150782458741023,214.0,0.16400709219858156,29.0,1857.0,0.07902511078286559,0.18807807430640935,0.09059745347698335,2042.0,0.7540620384047267,0.8644859813084113,637.0,0.2570093457943925,0.07476635514018691,0.20093457943925233,0.22897196261682243,185.0,blocked,True,arousal__future_spike_1_3s,0.075,0.8452732644017725,0.5101645819124778,0.10147343823964072,214.0,0.10278372591006422,190.0,229.0,0.07902511078286559,0.07471292693269652,0.09486166007905138,253.0,0.09342688330871492,0.11214953271028037,2265.0,0.1261682242990654,0.0,0.037383177570093455,0.08878504672897196,24.0,0.7544313146233382,0.5655086225633108,0.18302395758202994,214.0,0.18002466091245375,141.0,524.0,0.07902511078286559,0.10665232070761604,0.12227805695142378,597.0,0.22045790251107827,0.3411214953271028,1970.0,0.14953271028037382,0.004672897196261682,0.08411214953271028,0.11682242990654206,73.0
0.17019774011299435,0.5271409340374857,0.16660351605046259,222.0,0.15223665223665225,11.0,2339.0,0.07838983050847458,0.16741357018907205,0.08274509803921569,2550.0,0.9004237288135594,0.9504504504504504,271.0,0.22972972972972974,0.05855855855855856,0.17117117117117117,0.20270270270270271,211.0,222,cortical_pca64_delta,,linear,2832,-1,0.1984463276836158,0.5301025163094129,0.22594660232035124,222.0,0.15298507462686567,17.0,2253.0,0.07838983050847458,0.14074188142699523,0.08340113913751017,2458.0,0.8679378531073446,0.9234234234234234,357.0,0.20270270270270271,0.04504504504504504,0.13963963963963963,0.16216216216216217,205.0,0.8029661016949152,0.6520037278657969,0.27588600393965507,222.0,0.2734375,117.0,441.0,0.07838983050847458,0.22706804287992666,0.19230769230769232,546.0,0.19279661016949154,0.47297297297297297,2169.0,0.32432432432432434,0.06756756756756757,0.22072072072072071,0.26126126126126126,105.0,0.12120084776334775,0.05965447269085461,0.12045242537313433,0.08632616145293143,0.12238233524620512,0.07432209828766029,0.1518897528762057,0.12219783551765254,0.19032485875706215,0.5236357046701875,0.1989420086216382,222.0,0.15105516475379488,18.0,2275.0,0.07838983050847458,0.15274594459226637,0.08229124647035095,2479.0,0.8753531073446328,0.918918918918919,335.0,0.1981981981981982,0.04954954954954955,0.14414414414414414,0.18018018018018017,204.0,blocked,True,arousal__future_spike_1_3s,0.075,0.8463983050847458,0.5107124365745056,0.10135308735547383,222.0,0.10309278350515463,197.0,238.0,0.07838983050847458,0.07517829000372095,0.09505703422053231,263.0,0.09286723163841808,0.11261261261261261,2372.0,0.13513513513513514,0.0,0.03153153153153153,0.0945945945945946,25.0,0.698093220338983,0.5806824065444754,0.1700434555192583,222.0,0.18648905803996194,124.0,731.0,0.07838983050847458,0.10487020736227412,0.11821471652593486,829.0,0.292725988700565,0.44144144144144143,1879.0,0.14414414414414414,0.009009009009009009,0.08108108108108109,0.10810810810810811,98.0
0.08085250338294993,0.49799673303493336,0.1386223696085902,228.0,0.1426317450299779,2.0,2715.0,0.07713125845737483,0.11514677325127667,0.0768446106766406,2941.0,0.9949255751014885,0.9912280701754386,13.0,0.13596491228070176,0.039473684210526314,0.08771929824561403,0.11403508771929824,226.0,228,cortical_pca64_delta,,linear,2956,0,0.15460081190798375,0.5258945567731645,0.20859728956543072,228.0,0.1497107859816264,8.0,2491.0,0.07713125845737483,0.11435781081624108,0.08115086683880487,2711.0,0.9171177266576455,0.9649122807017544,237.0,0.14035087719298245,0.039473684210526314,0.09649122807017543,0.11842105263157894,220.0,0.34100135317997293,0.5806612388743119,0.24802345999377337,228.0,0.16823228010247654,31.0,1917.0,0.07713125845737483,0.16139440204096872,0.09318826868495743,2114.0,0.7151556156968877,0.8640350877192983,811.0,0.2324561403508772,0.05263157894736842,0.14035087719298245,0.18859649122807018,197.0,0.025600535072498626,0.04624762878969205,0.018521494120850135,0.04703659122472764,0.021183376223893075,0.045339341936036184,0.08793623410476345,0.058665856710436906,0.14445196211096076,0.5163766270514997,0.19972618412970988,228.0,0.14704890387858346,10.0,2519.0,0.07713125845737483,0.11605506010493254,0.07964925100474973,2737.0,0.9259133964817321,0.956140350877193,209.0,0.15350877192982457,0.03070175438596491,0.11842105263157894,0.13596491228070176,218.0,blocked,True,arousal__future_spike_1_3s,0.075,0.8893775372124493,0.49190332870298914,0.1145239259058014,228.0,0.02967359050445104,223.0,104.0,0.07713125845737483,0.07345816793620527,0.045871559633027525,109.0,0.03687415426251692,0.021929824561403508,2624.0,0.12719298245614036,0.0,0.043859649122807015,0.08771929824561403,5.0,0.7144790257104194,0.5840471780624582,0.175946024782087,228.0,0.18846153846153846,130.0,714.0,0.07713125845737483,0.10272854533053181,0.1206896551724138,812.0,0.2746955345060893,0.4298245614035088,2014.0,0.14035087719298245,0.021929824561403508,0.07894736842105263,0.10526315789473684,98.0
0.08761840324763194,0.4996527241858311,0.14198795348552717,228.0,0.14299332697807438,3.0,2694.0,0.07713125845737483,0.11737335964835822,0.07708119218910586,2919.0,0.9874830852503383,0.9868421052631579,34.0,0.14035087719298245,0.03508771929824561,0.09210526315789473,0.11842105263157894,225.0,228,cortical_pca64_delta,,linear,2956,1,0.20399188092016238,0.538586201574317,0.19823616004900105,228.0,0.1532925512774379,15.0,2338.0,0.07713125845737483,0.11367196467125475,0.08349666797334379,2551.0,0.8629905277401895,0.9342105263157895,390.0,0.15789473684210525,0.039473684210526314,0.10526315789473684,0.12719298245614036,213.0,0.7540595399188093,0.6135302515820342,0.2594639761745445,228.0,0.21911922663802363,126.0,601.0,0.07713125845737483,0.19963950950960876,0.14509246088193456,703.0,0.23782138024357238,0.4473684210526316,2127.0,0.2719298245614035,0.07017543859649122,0.18859649122807018,0.23684210526315788,102.0,0.07612589965994926,0.08226614986125054,0.06582667536058573,0.08596754483835402,0.07037054845684634,0.08297805476032769,0.1263601898093173,0.09681553006174026,0.18301759133964818,0.523203169213356,0.18594436347250573,228.0,0.1487486781811773,17.0,2398.0,0.07713125845737483,0.11666145474928108,0.08087389804522806,2609.0,0.8826116373477673,0.9254385964912281,330.0,0.16666666666666666,0.04824561403508772,0.10526315789473684,0.13157894736842105,211.0,blocked,True,arousal__future_spike_1_3s,0.075,0.8947902571041949,0.4908164840253126,0.11212637968959145,228.0,0.01892744479495268,225.0,86.0,0.07713125845737483,0.07327931970029147,0.033707865168539325,89.0,0.030108254397834912,0.013157894736842105,2642.0,0.12719298245614036,0.0,0.03508771929824561,0.09210526315789473,3.0,0.6427604871447903,0.6095012090343159,0.16800626895156326,228.0,0.19756838905775076,98.0,958.0,0.07713125845737483,0.1028239794478685,0.11948529411764706,1088.0,0.3680649526387009,0.5701754385964912,1770.0,0.12719298245614036,0.008771929824561403,0.08333333333333333,0.12719298245614036,130.0
0.08403954802259887,0.5004628564122234,0.14569134107708845,225.0,0.1472715318869165,1.0,2593.0,0.07944915254237288,0.134712280375328,0.0795172168974086,2817.0,0.9947033898305084,0.9955555555555555,14.0,0.18222222222222223,0.04888888888888889,0.11555555555555555,0.14666666666666667,224.0,225,cortical_pca64_delta,,linear,2832,2,0.18891242937853106,0.524937987469633,0.2003478633843717,225.0,0.15333579063767047,17.0,2280.0,0.07944915254237288,0.13186304893440734,0.08360128617363344,2488.0,0.8785310734463276,0.9244444444444444,327.0,0.19555555555555557,0.035555555555555556,0.13333333333333333,0.16,208.0,0.4240819209039548,0.575514640071602,0.2657453464757302,225.0,0.17250126839167937,55.0,1576.0,0.07944915254237288,0.16931152522363374,0.09736540664375716,1746.0,0.6165254237288136,0.7555555555555555,1031.0,0.27111111111111114,0.044444444444444446,0.13777777777777778,0.2311111111111111,170.0,0.025229736504762873,0.03459924484830573,0.019165477754008897,0.0374484762892264,0.020996843612918314,0.04261322423196118,0.08989536438981849,0.060256728930720954,0.15360169491525424,0.5179414397135916,0.22116113585357558,225.0,0.15150442477876105,11.0,2386.0,0.07944915254237288,0.12669830099167256,0.0823076923076923,2600.0,0.9180790960451978,0.9511111111111111,221.0,0.19111111111111112,0.022222222222222223,0.1111111111111111,0.17333333333333334,214.0,blocked,True,arousal__future_spike_1_3s,0.075,0.8965395480225988,0.497110343945787,0.10715625887984381,225.0,0.033003300330033,220.0,73.0,0.07944915254237288,0.07941616083381525,0.0641025641025641,78.0,0.02754237288135593,0.022222222222222223,2534.0,0.14222222222222222,0.0,0.06222222222222222,0.10222222222222223,5.0,0.6740819209039548,0.6077509269914333,0.1907416364921017,225.0,0.2049956933677864,106.0,817.0,0.07944915254237288,0.10905479629291279,0.12713675213675213,936.0,0.3305084745762712,0.5288888888888889,1790.0,0.1111111111111111,0.0044444444444444444,0.09777777777777778,0.10666666666666667,119.0
0.34268833087149186,0.5705206514325971,0.19549486470045568,214.0,0.16822429906542055,34.0,1746.0,0.07902511078286559,0.20200569864711435,0.09345794392523364,1926.0,0.7112259970457903,0.8411214953271028,748.0,0.26635514018691586,0.07476635514018691,0.19626168224299065,0.2383177570093458,180.0,214,cortical_pca64_delta,,previous,2708,-2,0.7957902511078286,0.6157300886613855,0.22096163607554864,214.0,0.23724137931034478,128.0,425.0,0.07902511078286559,0.2081109664448388,0.16829745596868884,511.0,0.18870014771048743,0.40186915887850466,2069.0,0.2850467289719626,0.07476635514018691,0.20093457943925233,0.2570093457943925,86.0,0.8681683899556869,0.6165769810161209,0.2510087241864244,214.0,0.2758620689655172,146.0,211.0,0.07902511078286559,0.22176647449459086,0.24372759856630824,279.0,0.10302806499261448,0.3177570093457944,2283.0,0.3130841121495327,0.07476635514018691,0.21495327102803738,0.2757009345794392,68.0,0.10763776990009663,0.019760775847476514,0.0386206896551724,0.013655508049752046,0.07905355832721928,0.02646030110253786,0.14705354756189434,0.11511415378697482,0.6654357459379616,0.5983594271110478,0.23972996168455693,214.0,0.1968085106382979,103.0,803.0,0.07902511078286559,0.195306173392053,0.12144420131291028,914.0,0.3375184638109306,0.5186915887850467,1691.0,0.2570093457943925,0.07476635514018691,0.20093457943925233,0.24766355140186916,111.0,blocked,True,arousal__future_spike_1_3s,0.075,0.8452732644017725,0.5101645819124778,0.10147343823964072,214.0,0.10278372591006422,190.0,229.0,0.07902511078286559,0.07471292693269652,0.09486166007905138,253.0,0.09342688330871492,0.11214953271028037,2265.0,0.1261682242990654,0.0,0.037383177570093455,0.08878504672897196,24.0,0.7544313146233382,0.5655086225633108,0.18302395758202994,214.0,0.18002466091245375,141.0,524.0,0.07902511078286559,0.10665232070761604,0.12227805695142378,597.0,0.22045790251107827,0.3411214953271028,1970.0,0.14953271028037382,0.004672897196261682,0.08411214953271028,0.11682242990654206,73.0
0.17019774011299435,0.5271409340374857,0.16660351605046259,222.0,0.15223665223665225,11.0,2339.0,0.07838983050847458,0.16741357018907205,0.08274509803921569,2550.0,0.9004237288135594,0.9504504504504504,271.0,0.22972972972972974,0.05855855855855856,0.17117117117117117,0.20270270270270271,211.0,222,cortical_pca64_delta,,previous,2832,-1,0.2662429378531073,0.5607020813917366,0.21645985108644647,222.0,0.16277195809830783,20.0,2058.0,0.07838983050847458,0.15930115334209005,0.08938053097345133,2260.0,0.7980225988700564,0.9099099099099099,552.0,0.22522522522522523,0.05405405405405406,0.14414414414414414,0.1981981981981982,202.0,0.8029661016949152,0.6520037278657969,0.27588600393965507,222.0,0.2734375,117.0,441.0,0.07838983050847458,0.22706804287992666,0.19230769230769232,546.0,0.19279661016949154,0.47297297297297297,2169.0,0.32432432432432434,0.06756756756756757,0.22072072072072071,0.26126126126126126,105.0,0.12120084776334775,0.05965447269085461,0.11066554190169217,0.0677668895378366,0.1124700271059216,0.0727070861172043,0.1518897528762057,0.12219783551765254,0.2895480225988701,0.5547996272134204,0.21251658785988697,222.0,0.1609674728940784,29.0,1983.0,0.07838983050847458,0.15436095676272235,0.08869485294117647,2176.0,0.768361581920904,0.8693693693693694,627.0,0.20270270270270271,0.05855855855855856,0.14864864864864866,0.17567567567567569,193.0,blocked,True,arousal__future_spike_1_3s,0.075,0.8463983050847458,0.5107124365745056,0.10135308735547383,222.0,0.10309278350515463,197.0,238.0,0.07838983050847458,0.07517829000372095,0.09505703422053231,263.0,0.09286723163841808,0.11261261261261261,2372.0,0.13513513513513514,0.0,0.03153153153153153,0.0945945945945946,25.0,0.698093220338983,0.5806824065444754,0.1700434555192583,222.0,0.18648905803996194,124.0,731.0,0.07838983050847458,0.10487020736227412,0.11821471652593486,829.0,0.292725988700565,0.44144144144144143,1879.0,0.14414414414414414,0.009009009009009009,0.08108108108108109,0.10810810810810811,98.0
0.08085250338294993,0.49799673303493336,0.1386223696085902,228.0,0.1426317450299779,2.0,2715.0,0.07713125845737483,0.11514677325127667,0.0768446106766406,2941.0,0.9949255751014885,0.9912280701754386,13.0,0.13596491228070176,0.039473684210526314,0.08771929824561403,0.11403508771929824,226.0,228,cortical_pca64_delta,,previous,2956,0,0.2158322056833559,0.5269138755980861,0.23493771206181957,228.0,0.1496698459280998,24.0,2294.0,0.07713125845737483,0.12117378953529537,0.08166533226581266,2498.0,0.8450608930987822,0.8947368421052632,434.0,0.14912280701754385,0.04824561403508772,0.09210526315789473,0.13157894736842105,204.0,0.34100135317997293,0.5806612388743119,0.24802345999377337,228.0,0.16823228010247654,31.0,1917.0,0.07713125845737483,0.16139440204096872,0.09318826868495743,2114.0,0.7151556156968877,0.8640350877192983,811.0,0.2324561403508772,0.05263157894736842,0.14035087719298245,0.18859649122807018,197.0,0.025600535072498626,0.04624762878969205,0.018562434174376752,0.04022061250567335,0.018267816705177325,0.04564983465562569,0.08793623410476345,0.058665856710436906,0.19079837618403248,0.5274187117353502,0.1822318907332972,228.0,0.1499644633972992,17.0,2375.0,0.07713125845737483,0.11574456738534303,0.08159319412219644,2586.0,0.874830852503383,0.9254385964912281,353.0,0.17543859649122806,0.03508771929824561,0.08771929824561403,0.14473684210526316,211.0,blocked,True,arousal__future_spike_1_3s,0.075,0.8893775372124493,0.49190332870298914,0.1145239259058014,228.0,0.02967359050445104,223.0,104.0,0.07713125845737483,0.07345816793620527,0.045871559633027525,109.0,0.03687415426251692,0.021929824561403508,2624.0,0.12719298245614036,0.0,0.043859649122807015,0.08771929824561403,5.0,0.7144790257104194,0.5840471780624582,0.175946024782087,228.0,0.18846153846153846,130.0,714.0,0.07713125845737483,0.10272854533053181,0.1206896551724138,812.0,0.2746955345060893,0.4298245614035088,2014.0,0.14035087719298245,0.021929824561403508,0.07894736842105263,0.10526315789473684,98.0
0.08761840324763194,0.4996527241858311,0.14198795348552717,228.0,0.14299332697807438,3.0,2694.0,0.07713125845737483,0.11737335964835822,0.07708119218910586,2919.0,0.9874830852503383,0.9868421052631579,34.0,0.14035087719298245,0.03508771929824561,0.09210526315789473,0.11842105263157894,225.0,228,cortical_pca64_delta,,previous,2956,1,0.2104194857916103,0.5400589082677368,0.19824141344998927,228.0,0.15373459028281364,16.0,2318.0,0.07713125845737483,0.11924654472521341,0.08379446640316206,2530.0,0.8558863328822733,0.9298245614035088,410.0,0.18421052631578946,0.03508771929824561,0.10964912280701754,0.15789473684210525,212.0,0.7540595399188093,0.6135302515820342,0.2594639761745445,228.0,0.21911922663802363,126.0,601.0,0.07713125845737483,0.19963950950960876,0.14509246088193456,703.0,0.23782138024357238,0.4473684210526316,2127.0,0.2719298245614035,0.07017543859649122,0.18859649122807018,0.23684210526315788,102.0,0.07612589965994926,0.08226614986125054,0.06538463635521,0.08039296478439535,0.06691439022266094,0.08029145760051205,0.1263601898093173,0.09681553006174026,0.19350473612990526,0.5349140813911613,0.1970695414399549,228.0,0.1522048364153627,14.0,2370.0,0.07713125845737483,0.11934805190909671,0.08281733746130031,2584.0,0.8741542625169147,0.9385964912280702,358.0,0.19736842105263158,0.03070175438596491,0.12719298245614036,0.15350877192982457,214.0,blocked,True,arousal__future_spike_1_3s,0.075,0.8947902571041949,0.4908164840253126,0.11212637968959145,228.0,0.01892744479495268,225.0,86.0,0.07713125845737483,0.07327931970029147,0.033707865168539325,89.0,0.030108254397834912,0.013157894736842105,2642.0,0.12719298245614036,0.0,0.03508771929824561,0.09210526315789473,3.0,0.6427604871447903,0.6095012090343159,0.16800626895156326,228.0,0.19756838905775076,98.0,958.0,0.07713125845737483,0.1028239794478685,0.11948529411764706,1088.0,0.3680649526387009,0.5701754385964912,1770.0,0.12719298245614036,0.008771929824561403,0.08333333333333333,0.12719298245614036,130.0
0.08403954802259887,0.5004628564122234,0.14569134107708845,225.0,0.1472715318869165,1.0,2593.0,0.07944915254237288,0.134712280375328,0.0795172168974086,2817.0,0.9947033898305084,0.9955555555555555,14.0,0.18222222222222223,0.04888888888888889,0.11555555555555555,0.14666666666666667,224.0,225,cortical_pca64_delta,,previous,2832,2,0.2768361581920904,0.5462984273110856,0.22406955713740603,225.0,0.15996718621821163,30.0,2018.0,0.07944915254237288,0.15230308162099085,0.08811568007230004,2213.0,0.7814265536723164,0.8666666666666667,589.0,0.21333333333333335,0.04,0.16444444444444445,0.18666666666666668,195.0,0.4240819209039548,0.575514640071602,0.2657453464757302,225.0,0.17250126839167937,55.0,1576.0,0.07944915254237288,0.16931152522363374,0.09736540664375716,1746.0,0.6165254237288136,0.7555555555555555,1031.0,0.27111111111111114,0.044444444444444446,0.13777777777777778,0.2311111111111111,170.0,0.025229736504762873,0.03459924484830573,0.012534082173467742,0.017008443602642892,0.021452317342728344,0.04635460096858053,0.08989536438981849,0.060256728930720954,0.1426553672316384,0.5160567702339854,0.214421881564839,225.0,0.15104895104895102,9.0,2419.0,0.07944915254237288,0.12295692425505321,0.08197343453510436,2635.0,0.9304378531073446,0.96,188.0,0.17333333333333334,0.03111111111111111,0.10222222222222223,0.15555555555555556,216.0,blocked,True,arousal__future_spike_1_3s,0.075,0.8965395480225988,0.497110343945787,0.10715625887984381,225.0,0.033003300330033,220.0,73.0,0.07944915254237288,0.07941616083381525,0.0641025641025641,78.0,0.02754237288135593,0.022222222222222223,2534.0,0.14222222222222222,0.0,0.06222222222222222,0.10222222222222223,5.0,0.6740819209039548,0.6077509269914333,0.1907416364921017,225.0,0.2049956933677864,106.0,817.0,0.07944915254237288,0.10905479629291279,0.12713675213675213,936.0,0.3305084745762712,0.5288888888888889,1790.0,0.1111111111111111,0.0044444444444444444,0.09777777777777778,0.10666666666666667,119.0
0.7518277822908205,0.5112901543367604,0.24535043812493867,619.0,0.05271317829457364,602.0,9.0,0.25142160844841593,0.3322584040608365,0.6538461538461539,26.0,0.010560519902518278,0.027463651050080775,1834.0,0.15993537964458804,0.025848142164781908,0.10016155088852989,0.3150242326332795,17.0,619,cortical_pca64_delta,3,nearest,2462,-2,0.7485783915515841,0.5085833223032266,0.2574620647084967,619.0,0.04915514592933948,603.0,16.0,0.25142160844841593,0.30730352074046324,0.5,32.0,0.012997562956945572,0.025848142164781908,1827.0,0.13893376413570274,0.022617124394184167,0.07592891760904685,0.30048465266558966,16.0,0.7465475223395613,0.5372684663710305,0.2983856802500678,619.0,0.1875,547.0,77.0,0.25142160844841593,0.35596498904119167,0.48322147651006714,149.0,0.060519902518277824,0.11631663974151858,1766.0,0.172859450726979,0.022617124394184167,0.09693053311793215,0.3505654281098546,72.0,0.13478682170542636,0.02370658498035516,0.13834485407066052,0.04866146830072843,0.1352726574500768,0.037159478326269146,0.07742653624438145,0.006121925532499961,0.7493907392363932,0.5096623735445738,0.2769938288556879,619.0,0.05222734254992319,602.0,15.0,0.25142160844841593,0.3188055107149225,0.53125,32.0,0.012997562956945572,0.027463651050080775,1828.0,0.15508885298869143,0.022617124394184167,0.08239095315024232,0.3150242326332795,17.0,blocked,True,arousal__future_change_p3s_movement,0.05,0.25142160844841593,0.5,0.20298485423084484,619.0,0.4018175916910094,0.0,1843.0,0.25142160844841593,0.2785384527968102,0.25142160844841593,2462.0,1.0,1.0,0.0,0.1308562197092084,0.014539579967689823,0.06462035541195477,0.27140549273021003,619.0,0.4394800974817222,0.5741104839777107,0.23259949437927457,619.0,0.43116240725474037,96.0,1284.0,0.25142160844841593,0.3498430635086917,0.2894299944659657,1807.0,0.7339561332250203,0.8449111470113085,559.0,0.1631663974151858,0.01938610662358643,0.08723747980613894,0.3376413570274637,523.0
0.7528046421663442,0.5072715274852527,0.24343879099502044,643.0,0.03619909502262444,631.0,8.0,0.24874274661508705,0.3071726638523509,0.6,20.0,0.007736943907156673,0.01866251944012442,1934.0,0.14930015552099535,0.024883359253499222,0.08864696734059098,0.27993779160186627,12.0,643,cortical_pca64_delta,3,nearest,2585,-1,0.7516441005802708,0.5096199585811232,0.2717633476475312,643.0,0.053097345132743355,625.0,17.0,0.24874274661508705,0.299400238170418,0.5142857142857142,35.0,0.013539651837524178,0.027993779160186624,1925.0,0.13374805598755832,0.026438569206842923,0.07465007776049767,0.29082426127527217,18.0,0.7439071566731141,0.5346386579386981,0.26046076981004096,643.0,0.18673218673218672,567.0,95.0,0.24874274661508705,0.33822162029387115,0.4444444444444444,171.0,0.06615087040618955,0.1181959564541213,1847.0,0.15863141524105753,0.02332814930015552,0.09642301710730948,0.3390357698289269,76.0,0.15053309170956228,0.031048956441520226,0.13363484159944336,0.03882138212345315,0.15053309170956228,0.04451650647286093,0.06443987575207949,-0.00615582343740384,0.7528046421663442,0.5072715274852527,0.25724305503265005,643.0,0.03619909502262444,631.0,8.0,0.24874274661508705,0.2937051138210102,0.6,20.0,0.007736943907156673,0.01866251944012442,1934.0,0.13063763608087092,0.024883359253499222,0.07153965785381027,0.28149300155520995,12.0,blocked,True,arousal__future_change_p3s_movement,0.05,0.24874274661508705,0.498439584658038,0.2149670398008877,643.0,0.3972687771570454,3.0,1939.0,0.24874274661508705,0.27378174454179166,0.24815820085304383,2579.0,0.997678916827853,0.995334370139969,3.0,0.12286158631415241,0.013996889580093312,0.06531881804043546,0.27060653188180406,640.0,0.4584139264990329,0.5797309374664653,0.2558550923706986,643.0,0.42996742671009774,115.0,1285.0,0.24874274661508705,0.344377443731275,0.2912300055157198,1813.0,0.7013539651837524,0.8211508553654744,657.0,0.16329704510108864,0.01866251944012442,0.08398133748055987,0.3312597200622084,528.0
0.7596011816838996,0.5253096747681109,0.24293227028555497,668.0,0.11428571428571428,626.0,25.0,0.2466765140324963,0.3375655719523798,0.6268656716417911,67.0,0.024741506646971934,0.06287425149700598,2015.0,0.17365269461077845,0.02694610778443114,0.10329341317365269,0.31736526946107785,42.0,668,cortical_pca64_delta,3,nearest,2708,0,0.7507385524372231,0.5294954209228602,0.29765646469508583,668.0,0.15519399249061325,606.0,69.0,0.2466765140324963,0.32768070613062267,0.4732824427480916,131.0,0.0483751846381093,0.09281437125748503,1971.0,0.15419161676646706,0.02694610778443114,0.09580838323353294,0.3143712574850299,62.0,0.7112259970457903,0.5802908888106141,0.28750771909005113,668.0,0.3547854785478548,453.0,329.0,0.2466765140324963,0.3762385240677223,0.3952205882352941,544.0,0.20088626292466766,0.3218562874251497,1711.0,0.19461077844311378,0.029940119760479042,0.10778443113772455,0.3652694610778443,215.0,0.24049976426214054,0.038672952115342496,0.19959148605724156,0.04855781793709962,0.2965330513633888,0.07879448131598654,0.1021820661347338,0.03570435875394007,0.7492614475627769,0.5078754256193495,0.26237477758428923,668.0,0.058252427184466014,647.0,32.0,0.2466765140324963,0.29744404275173575,0.39622641509433965,53.0,0.019571639586410634,0.03143712574850299,2008.0,0.13622754491017963,0.020958083832335328,0.07934131736526946,0.29191616766467066,21.0,blocked,True,arousal__future_change_p3s_movement,0.05,0.24741506646971936,0.4989799812140425,0.21794876539552183,668.0,0.3948931116389549,3.0,2035.0,0.2466765140324963,0.2740564579329885,0.2462962962962963,2700.0,0.9970457902511078,0.9955089820359282,5.0,0.1317365269461078,0.01347305389221557,0.06736526946107785,0.2634730538922156,665.0,0.46454948301329396,0.5816822237877186,0.26197777541834466,668.0,0.42823343848580436,125.0,1325.0,0.2466765140324963,0.3405341653137822,0.2906852248394004,1868.0,0.689807976366322,0.812874251497006,715.0,0.1601796407185629,0.017964071856287425,0.08832335329341318,0.33682634730538924,543.0
0.7610782865583456,0.532330926382529,0.24139671274823446,668.0,0.14304635761589404,614.0,33.0,0.2466765140324963,0.345878575348456,0.6206896551724138,87.0,0.03212703101920236,0.08083832335329341,2007.0,0.17664670658682635,0.02844311377245509,0.10329341317365269,0.3263473053892216,54.0,668,cortical_pca64_delta,3,nearest,2708,1,0.7548005908419497,0.5236336151226958,0.2909221619021021,668.0,0.11936339522546421,623.0,41.0,0.2466765140324963,0.3244661185325218,0.5232558139534884,86.0,0.03175775480059084,0.06736526946107785,1999.0,0.15419161676646706,0.025449101796407185,0.09730538922155689,0.3158682634730539,45.0,0.7396602658788775,0.5442922977574264,0.31639853337437,668.0,0.2311886586695747,562.0,143.0,0.2466765140324963,0.35393724359259154,0.42570281124497994,249.0,0.09194977843426884,0.15868263473053892,1897.0,0.1781437125748503,0.025449101796407185,0.10029940119760479,0.36377245508982037,106.0,0.08814230105368065,0.008058668244135536,0.11182526344411048,0.02947112506006977,0.1096562940724809,0.026945881896582646,0.07226522953827413,0.01597378477196748,0.7544313146233382,0.5238919220382764,0.2660070686847679,668.0,0.1215323645970938,622.0,43.0,0.2466765140324963,0.3269913616960089,0.5168539325842697,89.0,0.03286558345642541,0.0688622754491018,1997.0,0.15718562874251496,0.02694610778443114,0.08383233532934131,0.3248502994011976,46.0,blocked,True,arousal__future_change_p3s_movement,0.05,0.24630723781388478,0.49824468709639547,0.21757069496551326,668.0,0.39454167902699494,3.0,2038.0,0.2466765140324963,0.2816720140543174,0.24602293747687753,2703.0,0.9981536189069424,0.9955089820359282,2.0,0.15119760479041916,0.011976047904191617,0.0718562874251497,0.26047904191616766,665.0,0.44534711964549484,0.5674269108841141,0.2617091225888914,668.0,0.418280402788536,128.0,1374.0,0.2466765140324963,0.33796345882062406,0.28213166144200624,1914.0,0.706794682422452,0.8083832335329342,666.0,0.16467065868263472,0.017964071856287425,0.08532934131736528,0.3338323353293413,540.0
0.7562776957163959,0.5110220735000587,0.24183396677437619,668.0,0.051724137931034475,650.0,10.0,0.2466765140324963,0.3135035714535831,0.6428571428571429,28.0,0.0103397341211226,0.02694610778443114,2030.0,0.16167664670658682,0.02694610778443114,0.09131736526946108,0.2949101796407186,18.0,668,cortical_pca64_delta,3,nearest,2708,2,0.7536927621861153,0.5067893624515675,0.2879071801771117,668.0,0.03751803751803752,655.0,12.0,0.2466765140324963,0.2924705544573772,0.52,25.0,0.009231905465288036,0.019461077844311378,2028.0,0.14221556886227546,0.023952095808383235,0.0748502994011976,0.27994011976047906,13.0,0.7548005908419497,0.5321914993542327,0.3174241636019367,668.0,0.15736040609137056,606.0,58.0,0.2466765140324963,0.34202750935464526,0.5166666666666667,120.0,0.04431314623338257,0.09281437125748503,1982.0,0.16467065868263472,0.02694610778443114,0.10479041916167664,0.33682634730538924,62.0,0.10563626816033608,0.02852393790106217,0.11984236857333304,0.04955695489726808,0.11967924667108071,0.04582645086765863,0.07600884239869743,0.0069468049268088805,0.7548005908419497,0.5075246565692145,0.29461740627159877,668.0,0.03768115942028986,655.0,9.0,0.2466765140324963,0.29620105848698663,0.5909090909090909,22.0,0.00812407680945347,0.019461077844311378,2031.0,0.1377245508982036,0.02245508982035928,0.07934131736526946,0.27844311377245506,13.0,blocked,True,arousal__future_change_p3s_movement,0.05,0.37481536189069425,0.5160825408007514,0.24216093363101676,668.0,0.38548094373865693,137.0,1556.0,0.2466765140324963,0.26601866695594784,0.25443219932918065,2087.0,0.7706794682422452,0.7949101796407185,484.0,0.10329341317365269,0.011976047904191617,0.058383233532934134,0.27095808383233533,531.0,0.4449778434268833,0.5651681930257133,0.2674173299257565,668.0,0.41631067961165047,132.0,1371.0,0.2466765140324963,0.3350807044278364,0.281069743051914,1907.0,0.7042097488921714,0.8023952095808383,669.0,0.1691616766467066,0.01347305389221557,0.08832335329341318,0.33682634730538924,536.0
0.7518277822908205,0.5112901543367604,0.24535043812493867,619.0,0.05271317829457364,602.0,9.0,0.25142160844841593,0.3322584040608365,0.6538461538461539,26.0,0.010560519902518278,0.027463651050080775,1834.0,0.15993537964458804,0.025848142164781908,0.10016155088852989,0.3150242326332795,17.0,619,cortical_pca64_delta,3,linear,2462,-2,0.7506092607636068,0.5131585521604254,0.27787298714419234,619.0,0.06686930091185411,597.0,17.0,0.25142160844841593,0.31522419167723736,0.5641025641025641,39.0,0.015840779853777416,0.035541195476575124,1826.0,0.1583198707592892,0.0210016155088853,0.08723747980613894,0.3134087237479806,22.0,0.7465475223395613,0.5372684663710305,0.2983856802500678,619.0,0.1875,547.0,77.0,0.25142160844841593,0.35596498904119167,0.48322147651006714,149.0,0.060519902518277824,0.11631663974151858,1766.0,0.172859450726979,0.022617124394184167,0.09693053311793215,0.3505654281098546,72.0,0.13478682170542636,0.02370658498035516,0.12063069908814589,0.040740797363954306,0.08705686853766617,0.029306915010541612,0.07742653624438145,0.006121925532499961,0.7526401299756296,0.5209525278813342,0.26552584357076003,619.0,0.10044313146233383,585.0,24.0,0.25142160844841593,0.32665807403065006,0.5862068965517241,58.0,0.023558082859463852,0.05492730210016155,1819.0,0.1470113085621971,0.024232633279483037,0.09693053311793215,0.3069466882067851,34.0,blocked,True,arousal__future_change_p3s_movement,0.05,0.25142160844841593,0.5,0.20298485423084484,619.0,0.4018175916910094,0.0,1843.0,0.25142160844841593,0.2785384527968102,0.25142160844841593,2462.0,1.0,1.0,0.0,0.1308562197092084,0.014539579967689823,0.06462035541195477,0.27140549273021003,619.0,0.4394800974817222,0.5741104839777107,0.23259949437927457,619.0,0.43116240725474037,96.0,1284.0,0.25142160844841593,0.3498430635086917,0.2894299944659657,1807.0,0.7339561332250203,0.8449111470113085,559.0,0.1631663974151858,0.01938610662358643,0.08723747980613894,0.3376413570274637,523.0
0.7528046421663442,0.5072715274852527,0.24343879099502044,643.0,0.03619909502262444,631.0,8.0,0.24874274661508705,0.3071726638523509,0.6,20.0,0.007736943907156673,0.01866251944012442,1934.0,0.14930015552099535,0.024883359253499222,0.08864696734059098,0.27993779160186627,12.0,643,cortical_pca64_delta,3,linear,2585,-1,0.7516441005802708,0.5090998201338025,0.28550494074797816,643.0,0.05029585798816568,626.0,16.0,0.24874274661508705,0.2928077616548537,0.5151515151515151,33.0,0.01276595744680851,0.026438569206842923,1926.0,0.1181959564541213,0.02177293934681182,0.06998444790046657,0.2892690513219285,17.0,0.7439071566731141,0.5346386579386981,0.26046076981004096,643.0,0.18673218673218672,567.0,95.0,0.24874274661508705,0.33822162029387115,0.4444444444444444,171.0,0.06615087040618955,0.1181959564541213,1847.0,0.15863141524105753,0.02332814930015552,0.09642301710730948,0.3390357698289269,76.0,0.15053309170956228,0.031048956441520226,0.13643632874402103,0.045413858639017424,0.1447531762374341,0.044489227642900864,0.06443987575207949,-0.00615582343740384,0.7528046421663442,0.5083118043798941,0.2752554545690766,643.0,0.041979010494752625,629.0,10.0,0.24874274661508705,0.2937323926509703,0.5833333333333334,24.0,0.009284332688588007,0.02177293934681182,1932.0,0.12286158631415241,0.024883359253499222,0.06998444790046657,0.27060653188180406,14.0,blocked,True,arousal__future_change_p3s_movement,0.05,0.24874274661508705,0.498439584658038,0.2149670398008877,643.0,0.3972687771570454,3.0,1939.0,0.24874274661508705,0.27378174454179166,0.24815820085304383,2579.0,0.997678916827853,0.995334370139969,3.0,0.12286158631415241,0.013996889580093312,0.06531881804043546,0.27060653188180406,640.0,0.4584139264990329,0.5797309374664653,0.2558550923706986,643.0,0.42996742671009774,115.0,1285.0,0.24874274661508705,0.344377443731275,0.2912300055157198,1813.0,0.7013539651837524,0.8211508553654744,657.0,0.16329704510108864,0.01866251944012442,0.08398133748055987,0.3312597200622084,528.0
0.7596011816838996,0.5253096747681109,0.24293227028555497,668.0,0.11428571428571428,626.0,25.0,0.2466765140324963,0.3375655719523798,0.6268656716417911,67.0,0.024741506646971934,0.06287425149700598,2015.0,0.17365269461077845,0.02694610778443114,0.10329341317365269,0.31736526946107785,42.0,668,cortical_pca64_delta,3,linear,2708,0,0.7529542097488922,0.5158638605142656,0.2844513719592304,668.0,0.08731241473396999,636.0,33.0,0.2466765140324963,0.3217754298956975,0.49230769230769234,65.0,0.024002954209748892,0.04790419161676647,2007.0,0.1601796407185629,0.025449101796407185,0.08982035928143713,0.3248502994011976,32.0,0.7112259970457903,0.5802908888106141,0.28750771909005113,668.0,0.3547854785478548,453.0,329.0,0.2466765140324963,0.3762385240677223,0.3952205882352941,544.0,0.20088626292466766,0.3218562874251497,1711.0,0.19461077844311378,0.029940119760479042,0.10778443113772455,0.3652694610778443,215.0,0.24049976426214054,0.038672952115342496,0.2674730638138848,0.05446309417202477,0.1950896610573605,0.03822507826053256,0.1021820661347338,0.03570435875394007,0.7551698670605613,0.5329400023482447,0.25940495671498087,668.0,0.1596958174904943,605.0,58.0,0.2466765140324963,0.3380134458071897,0.5206611570247934,121.0,0.044682422451994094,0.09431137724550898,1982.0,0.1631736526946108,0.02694610778443114,0.10179640718562874,0.3248502994011976,63.0,blocked,True,arousal__future_change_p3s_movement,0.05,0.24741506646971936,0.4989799812140425,0.21794876539552183,668.0,0.3948931116389549,3.0,2035.0,0.2466765140324963,0.2740564579329885,0.2462962962962963,2700.0,0.9970457902511078,0.9955089820359282,5.0,0.1317365269461078,0.01347305389221557,0.06736526946107785,0.2634730538922156,665.0,0.46454948301329396,0.5816822237877186,0.26197777541834466,668.0,0.42823343848580436,125.0,1325.0,0.2466765140324963,0.3405341653137822,0.2906852248394004,1868.0,0.689807976366322,0.812874251497006,715.0,0.1601796407185629,0.017964071856287425,0.08832335329341318,0.33682634730538924,543.0
0.7610782865583456,0.532330926382529,0.24139671274823446,668.0,0.14304635761589404,614.0,33.0,0.2466765140324963,0.345878575348456,0.6206896551724138,87.0,0.03212703101920236,0.08083832335329341,2007.0,0.17664670658682635,0.02844311377245509,0.10329341317365269,0.3263473053892216,54.0,668,cortical_pca64_delta,3,linear,2708,1,0.7540620384047267,0.5311978983210051,0.2729821411730912,668.0,0.1548223350253807,607.0,59.0,0.2466765140324963,0.33807571571933204,0.5083333333333333,120.0,0.04431314623338257,0.09131736526946108,1981.0,0.17065868263473055,0.02844311377245509,0.10029940119760479,0.31736526946107785,61.0,0.7396602658788775,0.5442922977574264,0.31639853337437,668.0,0.2311886586695747,562.0,143.0,0.2466765140324963,0.35393724359259154,0.42570281124497994,249.0,0.09194977843426884,0.15868263473053892,1897.0,0.1781437125748503,0.025449101796407185,0.10029940119760479,0.36377245508982037,106.0,0.08814230105368065,0.008058668244135536,0.07636632364419399,0.015861527873259507,0.0814424657761737,0.02239251095063982,0.07226522953827413,0.01597378477196748,0.7525849335302807,0.5292106962545498,0.2852749702948946,668.0,0.149746192893401,609.0,61.0,0.2466765140324963,0.3315447326419517,0.49166666666666664,120.0,0.04431314623338257,0.08832335329341318,1979.0,0.16467065868263472,0.02245508982035928,0.09730538922155689,0.34281437125748504,59.0,blocked,True,arousal__future_change_p3s_movement,0.05,0.24630723781388478,0.49824468709639547,0.21757069496551326,668.0,0.39454167902699494,3.0,2038.0,0.2466765140324963,0.2816720140543174,0.24602293747687753,2703.0,0.9981536189069424,0.9955089820359282,2.0,0.15119760479041916,0.011976047904191617,0.0718562874251497,0.26047904191616766,665.0,0.44534711964549484,0.5674269108841141,0.2617091225888914,668.0,0.418280402788536,128.0,1374.0,0.2466765140324963,0.33796345882062406,0.28213166144200624,1914.0,0.706794682422452,0.8083832335329342,666.0,0.16467065868263472,0.017964071856287425,0.08532934131736528,0.3338323353293413,540.0
0.7562776957163959,0.5110220735000587,0.24183396677437619,668.0,0.051724137931034475,650.0,10.0,0.2466765140324963,0.3135035714535831,0.6428571428571429,28.0,0.0103397341211226,0.02694610778443114,2030.0,0.16167664670658682,0.02694610778443114,0.09131736526946108,0.2949101796407186,18.0,668,cortical_pca64_delta,3,linear,2708,2,0.7559084194977843,0.5137974051896208,0.29130664326851163,668.0,0.06770098730606489,644.0,17.0,0.2466765140324963,0.3188052366012432,0.5853658536585366,41.0,0.015140324963072379,0.03592814371257485,2023.0,0.14820359281437126,0.02844311377245509,0.09580838323353294,0.31736526946107785,24.0,0.7548005908419497,0.5321914993542327,0.3174241636019367,668.0,0.15736040609137056,606.0,58.0,0.2466765140324963,0.34202750935464526,0.5166666666666667,120.0,0.04431314623338257,0.09281437125748503,1982.0,0.16467065868263472,0.02694610778443114,0.10479041916167664,0.33682634730538924,62.0,0.10563626816033608,0.02852393790106217,0.08965941878530567,0.02322227275340205,0.08965941878530567,0.04659870316366593,0.07600884239869743,0.0069468049268088805,0.7559084194977843,0.5137974051896208,0.25091220110765583,668.0,0.06770098730606489,644.0,17.0,0.2466765140324963,0.29542880619097933,0.5853658536585366,41.0,0.015140324963072379,0.03592814371257485,2023.0,0.14520958083832336,0.023952095808383235,0.08532934131736528,0.26646706586826346,24.0,blocked,True,arousal__future_change_p3s_movement,0.05,0.37481536189069425,0.5160825408007514,0.24216093363101676,668.0,0.38548094373865693,137.0,1556.0,0.2466765140324963,0.26601866695594784,0.25443219932918065,2087.0,0.7706794682422452,0.7949101796407185,484.0,0.10329341317365269,0.011976047904191617,0.058383233532934134,0.27095808383233533,531.0,0.4449778434268833,0.5651681930257133,0.2674173299257565,668.0,0.41631067961165047,132.0,1371.0,0.2466765140324963,0.3350807044278364,0.281069743051914,1907.0,0.7042097488921714,0.8023952095808383,669.0,0.1691616766467066,0.01347305389221557,0.08832335329341318,0.33682634730538924,536.0
0.7518277822908205,0.5112901543367604,0.24535043812493867,619.0,0.05271317829457364,602.0,9.0,0.25142160844841593,0.3322584040608365,0.6538461538461539,26.0,0.010560519902518278,0.027463651050080775,1834.0,0.15993537964458804,0.025848142164781908,0.10016155088852989,0.3150242326332795,17.0,619,cortical_pca64_delta,3,previous,2462,-2,0.7502030869212023,0.509132051854066,0.2961965996612786,619.0,0.046511627906976744,604.0,11.0,0.25142160844841593,0.3058119452652659,0.5769230769230769,26.0,0.010560519902518278,0.024232633279483037,1832.0,0.13731825525040386,0.024232633279483037,0.0791599353796446,0.2988691437802908,15.0,0.7465475223395613,0.5372684663710305,0.2983856802500678,619.0,0.1875,547.0,77.0,0.25142160844841593,0.35596498904119167,0.48322147651006714,149.0,0.060519902518277824,0.11631663974151858,1766.0,0.172859450726979,0.022617124394184167,0.09693053311793215,0.3505654281098546,72.0,0.13478682170542636,0.02370658498035516,0.14098837209302326,0.050153043775925776,0.1345404984423676,0.02974739492752354,0.07742653624438145,0.006121925532499961,0.7530463038180342,0.5121040447328538,0.2834360616503586,619.0,0.052959501557632405,602.0,6.0,0.25142160844841593,0.32621759411366813,0.7391304347826086,23.0,0.00934199837530463,0.027463651050080775,1837.0,0.1470113085621971,0.029079159935379646,0.09693053311793215,0.3182552504038772,17.0,blocked,True,arousal__future_change_p3s_movement,0.05,0.25142160844841593,0.5,0.20298485423084484,619.0,0.4018175916910094,0.0,1843.0,0.25142160844841593,0.2785384527968102,0.25142160844841593,2462.0,1.0,1.0,0.0,0.1308562197092084,0.014539579967689823,0.06462035541195477,0.27140549273021003,619.0,0.4394800974817222,0.5741104839777107,0.23259949437927457,619.0,0.43116240725474037,96.0,1284.0,0.25142160844841593,0.3498430635086917,0.2894299944659657,1807.0,0.7339561332250203,0.8449111470113085,559.0,0.1631663974151858,0.01938610662358643,0.08723747980613894,0.3376413570274637,523.0
0.7528046421663442,0.5072715274852527,0.24343879099502044,643.0,0.03619909502262444,631.0,8.0,0.24874274661508705,0.3071726638523509,0.6,20.0,0.007736943907156673,0.01866251944012442,1934.0,0.14930015552099535,0.024883359253499222,0.08864696734059098,0.27993779160186627,12.0,643,cortical_pca64_delta,3,previous,2585,-1,0.7528046421663442,0.5088319428272148,0.28825496382011506,643.0,0.044843049327354265,628.0,11.0,0.24874274661508705,0.3088730144012478,0.5769230769230769,26.0,0.010058027079303675,0.02332814930015552,1931.0,0.14930015552099535,0.02332814930015552,0.08709175738724728,0.2954898911353033,15.0,0.7439071566731141,0.5346386579386981,0.26046076981004096,643.0,0.18673218673218672,567.0,95.0,0.24874274661508705,0.33822162029387115,0.4444444444444444,171.0,0.06615087040618955,0.1181959564541213,1847.0,0.15863141524105753,0.02332814930015552,0.09642301710730948,0.3390357698289269,76.0,0.15053309170956228,0.031048956441520226,0.14188913740483244,0.029348605892623336,0.15661170480447587,0.04235942070356946,0.06443987575207949,-0.00615582343740384,0.7508704061895551,0.5049439179438555,0.29101194540586084,643.0,0.030120481927710847,633.0,11.0,0.24874274661508705,0.2958621995903017,0.47619047619047616,21.0,0.008123791102514507,0.015552099533437015,1931.0,0.14618973561430793,0.02021772939346812,0.07620528771384137,0.28615863141524106,10.0,blocked,True,arousal__future_change_p3s_movement,0.05,0.24874274661508705,0.498439584658038,0.2149670398008877,643.0,0.3972687771570454,3.0,1939.0,0.24874274661508705,0.27378174454179166,0.24815820085304383,2579.0,0.997678916827853,0.995334370139969,3.0,0.12286158631415241,0.013996889580093312,0.06531881804043546,0.27060653188180406,640.0,0.4584139264990329,0.5797309374664653,0.2558550923706986,643.0,0.42996742671009774,115.0,1285.0,0.24874274661508705,0.344377443731275,0.2912300055157198,1813.0,0.7013539651837524,0.8211508553654744,657.0,0.16329704510108864,0.01866251944012442,0.08398133748055987,0.3312597200622084,528.0
0.7596011816838996,0.5253096747681109,0.24293227028555497,668.0,0.11428571428571428,626.0,25.0,0.2466765140324963,0.3375655719523798,0.6268656716417911,67.0,0.024741506646971934,0.06287425149700598,2015.0,0.17365269461077845,0.02694610778443114,0.10329341317365269,0.31736526946107785,42.0,668,cortical_pca64_delta,3,previous,2708,0,0.7551698670605613,0.5238787131619115,0.27431362813791726,668.0,0.1195219123505976,623.0,40.0,0.2466765140324963,0.32779281760110196,0.5294117647058824,85.0,0.03138847858197932,0.06736526946107785,2000.0,0.15269461077844312,0.025449101796407185,0.08982035928143713,0.3278443113772455,45.0,0.7112259970457903,0.5802908888106141,0.28750771909005113,668.0,0.3547854785478548,453.0,329.0,0.2466765140324963,0.3762385240677223,0.3952205882352941,544.0,0.20088626292466766,0.3218562874251497,1711.0,0.19461077844311378,0.029940119760479042,0.10778443113772455,0.3652694610778443,215.0,0.24049976426214054,0.038672952115342496,0.2352635661972572,0.04844570646662033,0.23011015387253014,0.06757794952654539,0.1021820661347338,0.03570435875394007,0.7511078286558346,0.5226928495949278,0.2513303593320314,668.0,0.12467532467532466,620.0,54.0,0.2466765140324963,0.3086605745411769,0.47058823529411764,102.0,0.03766617429837518,0.0718562874251497,1986.0,0.14520958083832336,0.02694610778443114,0.09131736526946108,0.3023952095808383,48.0,blocked,True,arousal__future_change_p3s_movement,0.05,0.24741506646971936,0.4989799812140425,0.21794876539552183,668.0,0.3948931116389549,3.0,2035.0,0.2466765140324963,0.2740564579329885,0.2462962962962963,2700.0,0.9970457902511078,0.9955089820359282,5.0,0.1317365269461078,0.01347305389221557,0.06736526946107785,0.2634730538922156,665.0,0.46454948301329396,0.5816822237877186,0.26197777541834466,668.0,0.42823343848580436,125.0,1325.0,0.2466765140324963,0.3405341653137822,0.2906852248394004,1868.0,0.689807976366322,0.812874251497006,715.0,0.1601796407185629,0.017964071856287425,0.08832335329341318,0.33682634730538924,543.0
0.7610782865583456,0.532330926382529,0.24139671274823446,668.0,0.14304635761589404,614.0,33.0,0.2466765140324963,0.345878575348456,0.6206896551724138,87.0,0.03212703101920236,0.08083832335329341,2007.0,0.17664670658682635,0.02844311377245509,0.10329341317365269,0.3263473053892216,54.0,668,cortical_pca64_delta,3,previous,2708,1,0.7522156573116692,0.5415507220852414,0.29866396917896954,668.0,0.200238379022646,584.0,87.0,0.2466765140324963,0.3444668725743388,0.49122807017543857,171.0,0.06314623338257017,0.12574850299401197,1953.0,0.16766467065868262,0.025449101796407185,0.10179640718562874,0.344311377245509,84.0,0.7396602658788775,0.5442922977574264,0.31639853337437,668.0,0.2311886586695747,562.0,143.0,0.2466765140324963,0.35393724359259154,0.42570281124497994,249.0,0.09194977843426884,0.15868263473053892,1897.0,0.1781437125748503,0.025449101796407185,0.10029940119760479,0.36377245508982037,106.0,0.08814230105368065,0.008058668244135536,0.030950279646928702,0.009470371018252766,0.12112154457561496,0.019641591398485703,0.07226522953827413,0.01597378477196748,0.7551698670605613,0.5218650933427262,0.2718592205141244,668.0,0.11006711409395974,627.0,36.0,0.2466765140324963,0.33429565219410584,0.5324675324675324,77.0,0.02843426883308715,0.061377245508982034,2004.0,0.1661676646706587,0.02694610778443114,0.09281437125748503,0.3338323353293413,41.0,blocked,True,arousal__future_change_p3s_movement,0.05,0.24630723781388478,0.49824468709639547,0.21757069496551326,668.0,0.39454167902699494,3.0,2038.0,0.2466765140324963,0.2816720140543174,0.24602293747687753,2703.0,0.9981536189069424,0.9955089820359282,2.0,0.15119760479041916,0.011976047904191617,0.0718562874251497,0.26047904191616766,665.0,0.44534711964549484,0.5674269108841141,0.2617091225888914,668.0,0.418280402788536,128.0,1374.0,0.2466765140324963,0.33796345882062406,0.28213166144200624,1914.0,0.706794682422452,0.8083832335329342,666.0,0.16467065868263472,0.017964071856287425,0.08532934131736528,0.3338323353293413,540.0
0.7562776957163959,0.5110220735000587,0.24183396677437619,668.0,0.051724137931034475,650.0,10.0,0.2466765140324963,0.3135035714535831,0.6428571428571429,28.0,0.0103397341211226,0.02694610778443114,2030.0,0.16167664670658682,0.02694610778443114,0.09131736526946108,0.2949101796407186,18.0,668,cortical_pca64_delta,3,previous,2708,2,0.7548005908419497,0.5191029705295291,0.27484304481468336,668.0,0.09782608695652174,632.0,32.0,0.2466765140324963,0.31998802326863485,0.5294117647058824,68.0,0.025110782865583457,0.05389221556886228,2008.0,0.14520958083832336,0.02694610778443114,0.10029940119760479,0.30389221556886226,36.0,0.7548005908419497,0.5321914993542327,0.3174241636019367,668.0,0.15736040609137056,606.0,58.0,0.2466765140324963,0.34202750935464526,0.5166666666666667,120.0,0.04431314623338257,0.09281437125748503,1982.0,0.16467065868263472,0.02694610778443114,0.10479041916167664,0.33682634730538924,62.0,0.10563626816033608,0.02852393790106217,0.059534319134848815,0.022039486086010418,0.08820411286868729,0.04835581426965746,0.07600884239869743,0.0069468049268088805,0.7514771048744461,0.5113596336738289,0.2776938839811468,668.0,0.06915629322268327,643.0,30.0,0.2466765140324963,0.2936716950849878,0.45454545454545453,55.0,0.02031019202363368,0.0374251497005988,2010.0,0.1407185628742515,0.02245508982035928,0.08383233532934131,0.28892215568862273,25.0,blocked,True,arousal__future_change_p3s_movement,0.05,0.37481536189069425,0.5160825408007514,0.24216093363101676,668.0,0.38548094373865693,137.0,1556.0,0.2466765140324963,0.26601866695594784,0.25443219932918065,2087.0,0.7706794682422452,0.7949101796407185,484.0,0.10329341317365269,0.011976047904191617,0.058383233532934134,0.27095808383233533,531.0,0.4449778434268833,0.5651681930257133,0.2674173299257565,668.0,0.41631067961165047,132.0,1371.0,0.2466765140324963,0.3350807044278364,0.281069743051914,1907.0,0.7042097488921714,0.8023952095808383,669.0,0.1691616766467066,0.01347305389221557,0.08832335329341318,0.33682634730538924,536.0
0.8497156783103168,0.5571513353115727,0.1456560167068934,337.0,0.21940928270042195,285.0,85.0,0.13688058489033306,0.2564277050579481,0.3795620437956204,137.0,0.05564581640942323,0.1543026706231454,2040.0,0.228486646884273,0.04154302670623145,0.14540059347181009,0.2789317507418398,52.0,337,cortical_pca64_delta,3,nearest,2462,-2,0.855808285946385,0.5244775702565893,0.2243241485727693,337.0,0.11471321695760597,314.0,41.0,0.13688058489033306,0.2075749477332276,0.359375,64.0,0.025995125913891144,0.06824925816023739,2084.0,0.18991097922848665,0.03560830860534125,0.10979228486646884,0.22255192878338279,23.0,0.8505280259951259,0.5388961424332344,0.2411137739357735,337.0,0.16742081447963802,300.0,68.0,0.13688058489033306,0.21412553222956535,0.3523809523809524,105.0,0.042648253452477664,0.10979228486646884,2057.0,0.19881305637982197,0.02967359050445104,0.12166172106824925,0.2403560830860534,37.0,-0.05198846822078393,-0.04230217282838275,0.05270759752203205,0.006550584496337747,0.029149209541366405,-0.0022304834950600816,0.037270610567496004,-0.023028311575133242,0.8582453290008123,0.5321312620003491,0.1987420507240717,337.0,0.13827160493827162,309.0,40.0,0.13688058489033306,0.21635601572462543,0.4117647058823529,68.0,0.02761982128350934,0.0830860534124629,2085.0,0.20771513353115728,0.032640949554896145,0.12166172106824925,0.24629080118694363,28.0,blocked,False,arousal__future_change_p3s_movement,0.075,0.4207961007311129,0.5084224122883575,0.13846931290947312,337.0,0.22918918918918918,125.0,1301.0,0.13688058489033306,0.17685492166206934,0.14011896893588896,1513.0,0.6145410235580828,0.629080118694362,824.0,0.12166172106824925,0.032640949554896145,0.08011869436201781,0.1543026706231454,212.0,0.5922014622258327,0.6014746028975388,0.22919307861766786,337.0,0.29196050775740484,130.0,874.0,0.13688058489033306,0.2371538438046986,0.19148936170212766,1081.0,0.43907392363931763,0.6142433234421365,1251.0,0.2195845697329377,0.032640949554896145,0.13056379821958458,0.2818991097922849,207.0
0.860348162475822,0.5386671518137035,0.16255633041650475,352.0,0.1585081585081585,318.0,43.0,0.13617021276595745,0.2391474154369314,0.44155844155844154,77.0,0.029787234042553193,0.09659090909090909,2190.0,0.2215909090909091,0.03125,0.14488636363636365,0.2585227272727273,34.0,352,cortical_pca64_delta,3,nearest,2585,-1,0.8626692456479691,0.5292417711598746,0.24018753865249026,352.0,0.1234567901234568,327.0,28.0,0.13617021276595745,0.2179690075416218,0.4716981132075472,53.0,0.020502901353965184,0.07102272727272728,2205.0,0.19318181818181818,0.03409090909090909,0.11931818181818182,0.23863636363636365,25.0,0.8471953578336557,0.5274644536497984,0.2606432985753296,352.0,0.13566739606126915,321.0,74.0,0.13617021276595745,0.2158490542745642,0.29523809523809524,105.0,0.04061895551257253,0.08806818181818182,2159.0,0.1903409090909091,0.03125,0.11079545454545454,0.23863636363636365,31.0,-0.022840762446889346,-0.02329836116236722,0.012210605937812355,-0.002119953267057606,0.004599434896220611,-0.005515493313083875,0.043022930480261456,-0.0158399263003684,0.8615087040618955,0.5309631101656964,0.2519001723910507,352.0,0.13106796116504854,325.0,33.0,0.13617021276595745,0.22136454758764806,0.45,60.0,0.02321083172147002,0.07670454545454546,2200.0,0.20454545454545456,0.03409090909090909,0.13352272727272727,0.2471590909090909,27.0,blocked,False,arousal__future_change_p3s_movement,0.075,0.5620889748549323,0.5108108486341245,0.143129805570474,352.0,0.21497919556171988,197.0,935.0,0.13617021276595745,0.17282612379430273,0.14220183486238533,1090.0,0.42166344294003866,0.4403409090909091,1298.0,0.11647727272727272,0.03125,0.07670454545454546,0.15056818181818182,155.0,0.5833655705996131,0.5913289296909987,0.22781311869358084,352.0,0.28247834776815456,140.0,937.0,0.13617021276595745,0.2316889805749326,0.18450826805918188,1149.0,0.4444874274661509,0.6022727272727273,1296.0,0.21022727272727273,0.028409090909090908,0.13068181818181818,0.2869318181818182,212.0
0.4911373707533235,0.5979136196232533,0.16910912965865874,363.0,0.28154327424400416,93.0,1285.0,0.13404726735598227,0.27288642023704773,0.17363344051446947,1555.0,0.5742245199409158,0.743801652892562,1060.0,0.26721763085399447,0.046831955922865015,0.15426997245179064,0.2975206611570248,270.0,363,cortical_pca64_delta,3,nearest,2708,0,0.672082717872969,0.5801511920914906,0.2251138195662199,363.0,0.270935960591133,198.0,690.0,0.13404726735598227,0.2358611153209177,0.19298245614035087,855.0,0.3157311669128508,0.45454545454545453,1655.0,0.2231404958677686,0.03856749311294766,0.13774104683195593,0.2644628099173554,165.0,0.6602658788774003,0.5838058820419744,0.2389917881865592,363.0,0.2744479495268139,189.0,731.0,0.13404726735598227,0.250297780771678,0.19226519337016573,905.0,0.3341949778434269,0.4793388429752066,1614.0,0.23415977961432508,0.04132231404958678,0.162534435261708,0.2727272727272727,174.0,-0.007095324717190266,-0.02258863946536971,0.0035119889356808875,0.014436665450760333,-0.012607717810543595,-0.010942627202411737,0.08057040087719836,0.02469486776892632,0.6074593796159528,0.5998831110092983,0.2173827518212869,363.0,0.2870556673373575,149.0,914.0,0.13404726735598227,0.26124040797408976,0.18971631205673758,1128.0,0.41654357459379615,0.5895316804407713,1431.0,0.2396694214876033,0.0440771349862259,0.15702479338842976,0.2837465564738292,214.0,blocked,False,arousal__future_change_p3s_movement,0.075,0.5406203840472673,0.5135585355395396,0.1416798783796075,363.0,0.2176100628930818,190.0,1054.0,0.13404726735598227,0.16972737989447967,0.14099429502852487,1227.0,0.4531019202363368,0.4765840220385675,1291.0,0.1349862258953168,0.03305785123966942,0.0881542699724518,0.1652892561983471,173.0,0.6432791728212703,0.5914606424782816,0.25744130812307675,363.0,0.28125000000000006,174.0,792.0,0.13404726735598227,0.2256029130027517,0.1926605504587156,981.0,0.36225997045790254,0.5206611570247934,1553.0,0.21212121212121213,0.030303030303030304,0.12947658402203857,0.2727272727272727,189.0
0.8415805022156573,0.5918688728729434,0.1701473066938237,363.0,0.2978723404255319,272.0,157.0,0.13404726735598227,0.2973141902472127,0.36693548387096775,248.0,0.0915805022156573,0.25068870523415976,2188.0,0.2644628099173554,0.046831955922865015,0.17079889807162535,0.32231404958677684,91.0,363,cortical_pca64_delta,3,nearest,2708,1,0.854135893648449,0.5490581331829636,0.24067275886493877,363.0,0.1955193482688391,315.0,80.0,0.13404726735598227,0.2454592900223433,0.375,128.0,0.047267355982274745,0.1322314049586777,2265.0,0.22038567493112948,0.0440771349862259,0.13774104683195593,0.2644628099173554,48.0,0.8652141802067946,0.5414844314437259,0.25034111310757823,363.0,0.16475972540045766,327.0,38.0,0.13404726735598227,0.22772137158373906,0.4864864864864865,74.0,0.027326440177252585,0.09917355371900827,2307.0,0.19008264462809918,0.049586776859504134,0.14049586776859505,0.2369146005509642,36.0,-0.13311261502507424,-0.06959281866347361,-0.030759622868381437,-0.017737918438604228,-0.1331529880720281,-0.004135221844990128,0.06546426054823584,0.007612667333771861,0.7267355982274741,0.6023941684728659,0.21008112651454292,363.0,0.29791271347248577,206.0,534.0,0.13404726735598227,0.2318565934287292,0.2272069464544139,691.0,0.2551698670605613,0.4325068870523416,1811.0,0.21487603305785125,0.03581267217630854,0.12672176308539945,0.2644628099173554,157.0,blocked,False,arousal__future_change_p3s_movement,0.075,0.5974889217134417,0.5266031119491092,0.1459610101732224,363.0,0.2225392296718973,207.0,883.0,0.13404726735598227,0.16225711103550322,0.15014436958614052,1039.0,0.3836779911373708,0.4297520661157025,1462.0,0.09917355371900827,0.03581267217630854,0.06611570247933884,0.12672176308539945,156.0,0.6410635155096012,0.5913455156331683,0.2626298206083207,363.0,0.28106508875739644,173.0,799.0,0.13404726735598227,0.2201087042499672,0.19211324570273003,989.0,0.3652141802067947,0.5234159779614325,1546.0,0.21763085399449036,0.030303030303030304,0.1322314049586777,0.2699724517906336,190.0
0.8622599704579025,0.5653908732606154,0.18381544823868842,363.0,0.2372188139059305,305.0,68.0,0.13404726735598227,0.29441321443161916,0.4603174603174603,126.0,0.0465288035450517,0.15977961432506887,2277.0,0.2699724517906336,0.0440771349862259,0.1763085399449036,0.3168044077134986,58.0,363,cortical_pca64_delta,3,nearest,2708,2,0.8530280649926145,0.5472542834822347,0.2624828198872904,363.0,0.1910569105691057,316.0,82.0,0.13404726735598227,0.23893773401771717,0.3643410852713178,129.0,0.047636632200886264,0.12947658402203857,2263.0,0.21763085399449036,0.046831955922865015,0.1322314049586777,0.2699724517906336,47.0,0.8585672082717873,0.5527809594295348,0.24404232753126318,363.0,0.20374220374220373,314.0,69.0,0.13404726735598227,0.24643398805779582,0.4152542372881356,118.0,0.04357459379615953,0.1349862258953168,2276.0,0.21487603305785125,0.0440771349862259,0.14600550964187328,0.23415977961432508,49.0,-0.03347661016372677,-0.04797922637382335,0.012685293173098022,0.007496254040078643,-0.009850029267505,0.0025394516770227415,0.07441255190174922,0.0282853461624476,0.8504431314623339,0.5550752729857208,0.23334091365733117,363.0,0.21359223300970873,308.0,97.0,0.13404726735598227,0.24389453638077307,0.3618421052631579,152.0,0.056129985228951254,0.15151515151515152,2248.0,0.2369146005509642,0.0440771349862259,0.13774104683195593,0.2727272727272727,55.0,blocked,False,arousal__future_change_p3s_movement,0.075,0.46639586410635153,0.5137764542106469,0.14038581918750914,363.0,0.22520107238605896,153.0,1292.0,0.13404726735598227,0.1720214361560466,0.13981358189081225,1502.0,0.5546528803545052,0.5785123966942148,1053.0,0.09917355371900827,0.0440771349862259,0.0743801652892562,0.1349862258953168,210.0,0.473781388478582,0.5727578165841396,0.20777012464589478,363.0,0.2650850954100052,106.0,1319.0,0.13404726735598227,0.21814864189534822,0.16307106598984772,1576.0,0.5819793205317577,0.7079889807162535,1026.0,0.209366391184573,0.030303030303030304,0.12947658402203857,0.2699724517906336,257.0
0.8497156783103168,0.5571513353115727,0.1456560167068934,337.0,0.21940928270042195,285.0,85.0,0.13688058489033306,0.2564277050579481,0.3795620437956204,137.0,0.05564581640942323,0.1543026706231454,2040.0,0.228486646884273,0.04154302670623145,0.14540059347181009,0.2789317507418398,52.0,337,cortical_pca64_delta,3,linear,2462,-2,0.8521527213647441,0.5498244021644266,0.22802742391108954,337.0,0.19823788546255505,292.0,72.0,0.13688058489033306,0.2315472783234072,0.38461538461538464,117.0,0.04752233956133225,0.13353115727002968,2053.0,0.19584569732937684,0.03857566765578635,0.13649851632047477,0.24925816023738873,45.0,0.8505280259951259,0.5388961424332344,0.2411137739357735,337.0,0.16742081447963802,300.0,68.0,0.13688058489033306,0.21412553222956535,0.3523809523809524,105.0,0.042648253452477664,0.10979228486646884,2057.0,0.19881305637982197,0.02967359050445104,0.12166172106824925,0.2403560830860534,37.0,-0.05198846822078393,-0.04230217282838275,-0.030817070982917028,-0.017421746093841867,-0.0029827729643081557,0.00310316659859472,0.037270610567496004,-0.023028311575133242,0.8497156783103168,0.5396739396055158,0.2175430278686199,337.0,0.17040358744394618,299.0,71.0,0.13688058489033306,0.21102236563097063,0.3486238532110092,109.0,0.044272948822095856,0.11275964391691394,2054.0,0.19584569732937684,0.026706231454005934,0.11869436201780416,0.2403560830860534,38.0,blocked,False,arousal__future_change_p3s_movement,0.075,0.4207961007311129,0.5084224122883575,0.13846931290947312,337.0,0.22918918918918918,125.0,1301.0,0.13688058489033306,0.17685492166206934,0.14011896893588896,1513.0,0.6145410235580828,0.629080118694362,824.0,0.12166172106824925,0.032640949554896145,0.08011869436201781,0.1543026706231454,212.0,0.5922014622258327,0.6014746028975388,0.22919307861766786,337.0,0.29196050775740484,130.0,874.0,0.13688058489033306,0.2371538438046986,0.19148936170212766,1081.0,0.43907392363931763,0.6142433234421365,1251.0,0.2195845697329377,0.032640949554896145,0.13056379821958458,0.2818991097922849,207.0
0.860348162475822,0.5386671518137035,0.16255633041650475,352.0,0.1585081585081585,318.0,43.0,0.13617021276595745,0.2391474154369314,0.44155844155844154,77.0,0.029787234042553193,0.09659090909090909,2190.0,0.2215909090909091,0.03125,0.14488636363636365,0.2585227272727273,34.0,352,cortical_pca64_delta,3,linear,2585,-1,0.8618955512572534,0.5192216188983431,0.21658821404403086,352.0,0.08695652173913043,335.0,22.0,0.13617021276595745,0.1985080145484125,0.4358974358974359,39.0,0.015087040618955513,0.048295454545454544,2211.0,0.17045454545454544,0.036931818181818184,0.09659090909090909,0.20170454545454544,17.0,0.8471953578336557,0.5274644536497984,0.2606432985753296,352.0,0.13566739606126915,321.0,74.0,0.13617021276595745,0.2158490542745642,0.29523809523809524,105.0,0.04061895551257253,0.08806818181818182,2159.0,0.1903409090909091,0.03125,0.11079545454545454,0.23863636363636365,31.0,-0.022840762446889346,-0.02329836116236722,0.04871087432213872,0.017341039726151697,-0.0213764838463521,0.005050917154138745,0.043022930480261456,-0.0158399263003684,0.8588007736943907,0.5377714957456337,0.2358051089757838,352.0,0.15704387990762125,318.0,47.0,0.13617021276595745,0.21079813712042544,0.41975308641975306,81.0,0.031334622823984526,0.09659090909090909,2186.0,0.17613636363636365,0.03125,0.10511363636363637,0.22727272727272727,34.0,blocked,False,arousal__future_change_p3s_movement,0.075,0.5620889748549323,0.5108108486341245,0.143129805570474,352.0,0.21497919556171988,197.0,935.0,0.13617021276595745,0.17282612379430273,0.14220183486238533,1090.0,0.42166344294003866,0.4403409090909091,1298.0,0.11647727272727272,0.03125,0.07670454545454546,0.15056818181818182,155.0,0.5833655705996131,0.5913289296909987,0.22781311869358084,352.0,0.28247834776815456,140.0,937.0,0.13617021276595745,0.2316889805749326,0.18450826805918188,1149.0,0.4444874274661509,0.6022727272727273,1296.0,0.21022727272727273,0.028409090909090908,0.13068181818181818,0.2869318181818182,212.0
0.4911373707533235,0.5979136196232533,0.16910912965865874,363.0,0.28154327424400416,93.0,1285.0,0.13404726735598227,0.27288642023704773,0.17363344051446947,1555.0,0.5742245199409158,0.743801652892562,1060.0,0.26721763085399447,0.046831955922865015,0.15426997245179064,0.2975206611570248,270.0,363,cortical_pca64_delta,3,linear,2708,0,0.8360413589364845,0.536281990284704,0.25448169908951557,363.0,0.17164179104477612,317.0,127.0,0.13404726735598227,0.21722032899447755,0.2658959537572254,173.0,0.0638847858197932,0.12672176308539945,2218.0,0.18732782369146006,0.04132231404958678,0.10743801652892562,0.24793388429752067,46.0,0.6602658788774003,0.5838058820419744,0.2389917881865592,363.0,0.2744479495268139,189.0,731.0,0.13404726735598227,0.250297780771678,0.19226519337016573,905.0,0.3341949778434269,0.4793388429752066,1614.0,0.23415977961432508,0.04132231404958678,0.162534435261708,0.2727272727272727,174.0,-0.007095324717190266,-0.02258863946536971,0.10280615848203778,0.03307745177720048,-0.004047277873522992,0.006889993849510806,0.08057040087719836,0.02469486776892632,0.5254800590841949,0.5921308451837624,0.21972275629690888,363.0,0.2784952274003369,115.0,1170.0,0.13404726735598227,0.24340778692216722,0.17489421720733428,1418.0,0.5236336779911374,0.6831955922865014,1175.0,0.21763085399449036,0.04132231404958678,0.12947658402203857,0.2837465564738292,248.0,blocked,False,arousal__future_change_p3s_movement,0.075,0.5406203840472673,0.5135585355395396,0.1416798783796075,363.0,0.2176100628930818,190.0,1054.0,0.13404726735598227,0.16972737989447967,0.14099429502852487,1227.0,0.4531019202363368,0.4765840220385675,1291.0,0.1349862258953168,0.03305785123966942,0.0881542699724518,0.1652892561983471,173.0,0.6432791728212703,0.5914606424782816,0.25744130812307675,363.0,0.28125000000000006,174.0,792.0,0.13404726735598227,0.2256029130027517,0.1926605504587156,981.0,0.36225997045790254,0.5206611570247934,1553.0,0.21212121212121213,0.030303030303030304,0.12947658402203857,0.2727272727272727,189.0
0.8415805022156573,0.5918688728729434,0.1701473066938237,363.0,0.2978723404255319,272.0,157.0,0.13404726735598227,0.2973141902472127,0.36693548387096775,248.0,0.0915805022156573,0.25068870523415976,2188.0,0.2644628099173554,0.046831955922865015,0.17079889807162535,0.32231404958677684,91.0,363,cortical_pca64_delta,3,linear,2708,1,0.8530280649926145,0.570538100524532,0.24718267229405438,363.0,0.2518796992481203,296.0,102.0,0.13404726735598227,0.27374143256690875,0.39644970414201186,169.0,0.06240768094534712,0.18457300275482094,2243.0,0.2727272727272727,0.0440771349862259,0.15151515151515152,0.3168044077134986,67.0,0.8652141802067946,0.5414844314437259,0.25034111310757823,363.0,0.16475972540045766,327.0,38.0,0.13404726735598227,0.22772137158373906,0.4864864864864865,74.0,0.027326440177252585,0.09917355371900827,2307.0,0.19008264462809918,0.049586776859504134,0.14049586776859505,0.2369146005509642,36.0,-0.13311261502507424,-0.06959281866347361,-0.08711997384766265,-0.046020060983169686,-0.070919489002161,-0.01494817325249631,0.06546426054823584,0.007612667333771861,0.8275480059084195,0.5616469012669827,0.20162666830810466,363.0,0.23567921440261866,291.0,176.0,0.13404726735598227,0.24266954483623537,0.2903225806451613,248.0,0.0915805022156573,0.19834710743801653,2169.0,0.20385674931129477,0.03856749311294766,0.14325068870523416,0.26721763085399447,72.0,blocked,False,arousal__future_change_p3s_movement,0.075,0.5974889217134417,0.5266031119491092,0.1459610101732224,363.0,0.2225392296718973,207.0,883.0,0.13404726735598227,0.16225711103550322,0.15014436958614052,1039.0,0.3836779911373708,0.4297520661157025,1462.0,0.09917355371900827,0.03581267217630854,0.06611570247933884,0.12672176308539945,156.0,0.6410635155096012,0.5913455156331683,0.2626298206083207,363.0,0.28106508875739644,173.0,799.0,0.13404726735598227,0.2201087042499672,0.19211324570273003,989.0,0.3652141802067947,0.5234159779614325,1546.0,0.21763085399449036,0.030303030303030304,0.1322314049586777,0.2699724517906336,190.0
0.8622599704579025,0.5653908732606154,0.18381544823868842,363.0,0.2372188139059305,305.0,68.0,0.13404726735598227,0.29441321443161916,0.4603174603174603,126.0,0.0465288035450517,0.15977961432506887,2277.0,0.2699724517906336,0.0440771349862259,0.1763085399449036,0.3168044077134986,58.0,363,cortical_pca64_delta,3,linear,2708,2,0.8382570162481536,0.5596809341721146,0.24447205005360775,363.0,0.22887323943661972,298.0,140.0,0.13404726735598227,0.25015598951132506,0.3170731707317073,205.0,0.07570162481536188,0.1790633608815427,2205.0,0.23415977961432508,0.0440771349862259,0.13774104683195593,0.27548209366391185,65.0,0.8585672082717873,0.5527809594295348,0.24404232753126318,363.0,0.20374220374220373,314.0,69.0,0.13404726735598227,0.24643398805779582,0.4152542372881356,118.0,0.04357459379615953,0.1349862258953168,2276.0,0.21487603305785125,0.0440771349862259,0.14600550964187328,0.23415977961432508,49.0,-0.03347661016372677,-0.04797922637382335,-0.025131035694415993,-0.0037220014535292445,-0.09219275560738974,-0.028594464948887233,0.07441255190174922,0.0282853461624476,0.8401033973412112,0.5910159944081246,0.20639950350942948,363.0,0.29593495934959346,272.0,161.0,0.13404726735598227,0.27502845300668305,0.3611111111111111,252.0,0.0930576070901034,0.25068870523415976,2184.0,0.2699724517906336,0.04132231404958678,0.14325068870523416,0.3168044077134986,91.0,blocked,False,arousal__future_change_p3s_movement,0.075,0.46639586410635153,0.5137764542106469,0.14038581918750914,363.0,0.22520107238605896,153.0,1292.0,0.13404726735598227,0.1720214361560466,0.13981358189081225,1502.0,0.5546528803545052,0.5785123966942148,1053.0,0.09917355371900827,0.0440771349862259,0.0743801652892562,0.1349862258953168,210.0,0.473781388478582,0.5727578165841396,0.20777012464589478,363.0,0.2650850954100052,106.0,1319.0,0.13404726735598227,0.21814864189534822,0.16307106598984772,1576.0,0.5819793205317577,0.7079889807162535,1026.0,0.209366391184573,0.030303030303030304,0.12947658402203857,0.2699724517906336,257.0
0.8497156783103168,0.5571513353115727,0.1456560167068934,337.0,0.21940928270042195,285.0,85.0,0.13688058489033306,0.2564277050579481,0.3795620437956204,137.0,0.05564581640942323,0.1543026706231454,2040.0,0.228486646884273,0.04154302670623145,0.14540059347181009,0.2789317507418398,52.0,337,cortical_pca64_delta,3,previous,2462,-2,0.8574329813160032,0.5403993716180834,0.2431619659373762,337.0,0.16627078384798102,302.0,49.0,0.13688058489033306,0.22613816507314685,0.4166666666666667,84.0,0.03411860276198213,0.10385756676557864,2076.0,0.21068249258160238,0.03857566765578635,0.13353115727002968,0.26112759643916916,35.0,0.8505280259951259,0.5388961424332344,0.2411137739357735,337.0,0.16742081447963802,300.0,68.0,0.13688058489033306,0.21412553222956535,0.3523809523809524,105.0,0.042648253452477664,0.10979228486646884,2057.0,0.19881305637982197,0.02967359050445104,0.12166172106824925,0.2403560830860534,37.0,-0.05198846822078393,-0.04230217282838275,0.0011500306316570008,-0.012012632843581506,-0.12983282041535388,-0.05207037972449277,0.037270610567496004,-0.023028311575133242,0.8233143785540211,0.5917926339675337,0.18997148647850268,337.0,0.2972536348949919,245.0,190.0,0.13688058489033306,0.2661959119540581,0.3262411347517731,282.0,0.11454102355808286,0.27299703264094954,1935.0,0.2551928783382789,0.03857566765578635,0.142433234421365,0.29673590504451036,92.0,blocked,False,arousal__future_change_p3s_movement,0.075,0.4207961007311129,0.5084224122883575,0.13846931290947312,337.0,0.22918918918918918,125.0,1301.0,0.13688058489033306,0.17685492166206934,0.14011896893588896,1513.0,0.6145410235580828,0.629080118694362,824.0,0.12166172106824925,0.032640949554896145,0.08011869436201781,0.1543026706231454,212.0,0.5922014622258327,0.6014746028975388,0.22919307861766786,337.0,0.29196050775740484,130.0,874.0,0.13688058489033306,0.2371538438046986,0.19148936170212766,1081.0,0.43907392363931763,0.6142433234421365,1251.0,0.2195845697329377,0.032640949554896145,0.13056379821958458,0.2818991097922849,207.0
0.860348162475822,0.5386671518137035,0.16255633041650475,352.0,0.1585081585081585,318.0,43.0,0.13617021276595745,0.2391474154369314,0.44155844155844154,77.0,0.029787234042553193,0.09659090909090909,2190.0,0.2215909090909091,0.03125,0.14488636363636365,0.2585227272727273,34.0,352,cortical_pca64_delta,3,previous,2585,-1,0.851063829787234,0.528507053291536,0.20733770172857705,352.0,0.1348314606741573,322.0,63.0,0.13617021276595745,0.22053135571566135,0.3225806451612903,93.0,0.03597678916827853,0.08522727272727272,2170.0,0.21022727272727273,0.03409090909090909,0.11647727272727272,0.2528409090909091,30.0,0.8471953578336557,0.5274644536497984,0.2606432985753296,352.0,0.13566739606126915,321.0,74.0,0.13617021276595745,0.2158490542745642,0.29523809523809524,105.0,0.04061895551257253,0.08806818181818182,2159.0,0.1903409090909091,0.03125,0.11079545454545454,0.23863636363636365,31.0,-0.022840762446889346,-0.02329836116236722,0.0008359353871118524,-0.004682301441097159,-0.011252035218351691,-0.0008023260375618069,0.043022930480261456,-0.0158399263003684,0.8607350096711799,0.5353014442454098,0.22098465007433934,352.0,0.14691943127962084,321.0,39.0,0.13617021276595745,0.216651380312126,0.44285714285714284,70.0,0.027079303675048357,0.08806818181818182,2194.0,0.19318181818181818,0.028409090909090908,0.11931818181818182,0.23863636363636365,31.0,blocked,False,arousal__future_change_p3s_movement,0.075,0.5620889748549323,0.5108108486341245,0.143129805570474,352.0,0.21497919556171988,197.0,935.0,0.13617021276595745,0.17282612379430273,0.14220183486238533,1090.0,0.42166344294003866,0.4403409090909091,1298.0,0.11647727272727272,0.03125,0.07670454545454546,0.15056818181818182,155.0,0.5833655705996131,0.5913289296909987,0.22781311869358084,352.0,0.28247834776815456,140.0,937.0,0.13617021276595745,0.2316889805749326,0.18450826805918188,1149.0,0.4444874274661509,0.6022727272727273,1296.0,0.21022727272727273,0.028409090909090908,0.13068181818181818,0.2869318181818182,212.0
0.4911373707533235,0.5979136196232533,0.16910912965865874,363.0,0.28154327424400416,93.0,1285.0,0.13404726735598227,0.27288642023704773,0.17363344051446947,1555.0,0.5742245199409158,0.743801652892562,1060.0,0.26721763085399447,0.046831955922865015,0.15426997245179064,0.2975206611570248,270.0,363,cortical_pca64_delta,3,previous,2708,0,0.5214180206794683,0.5979347653703149,0.2345740587706382,363.0,0.2823920265780731,108.0,1188.0,0.13404726735598227,0.23810846305306493,0.17671517671517672,1443.0,0.5328655834564254,0.7024793388429752,1157.0,0.21763085399449036,0.0440771349862259,0.12121212121212122,0.2534435261707989,255.0,0.6602658788774003,0.5838058820419744,0.2389917881865592,363.0,0.2744479495268139,189.0,731.0,0.13404726735598227,0.250297780771678,0.19226519337016573,905.0,0.3341949778434269,0.4793388429752066,1614.0,0.23415977961432508,0.04132231404958678,0.162534435261708,0.2727272727272727,174.0,-0.007095324717190266,-0.02258863946536971,-0.007944077051259213,0.01218931771861309,0.019389125997402112,0.02033026529130763,0.08057040087719836,0.02469486776892632,0.4154357459379616,0.5553677891534066,0.2079596029779399,363.0,0.2550588235294118,92.0,1491.0,0.13404726735598227,0.2299675154803704,0.15380249716231556,1762.0,0.6506646971935007,0.7465564738292011,854.0,0.1928374655647383,0.046831955922865015,0.12947658402203857,0.2396694214876033,271.0,blocked,False,arousal__future_change_p3s_movement,0.075,0.5406203840472673,0.5135585355395396,0.1416798783796075,363.0,0.2176100628930818,190.0,1054.0,0.13404726735598227,0.16972737989447967,0.14099429502852487,1227.0,0.4531019202363368,0.4765840220385675,1291.0,0.1349862258953168,0.03305785123966942,0.0881542699724518,0.1652892561983471,173.0,0.6432791728212703,0.5914606424782816,0.25744130812307675,363.0,0.28125000000000006,174.0,792.0,0.13404726735598227,0.2256029130027517,0.1926605504587156,981.0,0.36225997045790254,0.5206611570247934,1553.0,0.21212121212121213,0.030303030303030304,0.12947658402203857,0.2727272727272727,189.0
0.8415805022156573,0.5918688728729434,0.1701473066938237,363.0,0.2978723404255319,272.0,157.0,0.13404726735598227,0.2973141902472127,0.36693548387096775,248.0,0.0915805022156573,0.25068870523415976,2188.0,0.2644628099173554,0.046831955922865015,0.17079889807162535,0.32231404958677684,91.0,363,cortical_pca64_delta,3,previous,2708,1,0.8197932053175776,0.5757963429605221,0.2566304599146936,363.0,0.26506024096385544,275.0,213.0,0.13404726735598227,0.24204647412809,0.292358803986711,301.0,0.11115214180206795,0.24242424242424243,2132.0,0.23415977961432508,0.03581267217630854,0.1487603305785124,0.2809917355371901,88.0,0.8652141802067946,0.5414844314437259,0.25034111310757823,363.0,0.16475972540045766,327.0,38.0,0.13404726735598227,0.22772137158373906,0.4864864864864865,74.0,0.027326440177252585,0.09917355371900827,2307.0,0.19008264462809918,0.049586776859504134,0.14049586776859505,0.2369146005509642,36.0,-0.13311261502507424,-0.06959281866347361,-0.10030051556339778,-0.014325102544350932,-0.01131250936252201,-0.0211238559096818,0.06546426054823584,0.007612667333771861,0.8652141802067946,0.5449770040000705,0.23889723492833595,363.0,0.17607223476297967,324.0,41.0,0.13404726735598227,0.24884522749342086,0.4875,80.0,0.029542097488921712,0.10743801652892562,2304.0,0.23415977961432508,0.04132231404958678,0.1487603305785124,0.27823691460055094,39.0,blocked,False,arousal__future_change_p3s_movement,0.075,0.5974889217134417,0.5266031119491092,0.1459610101732224,363.0,0.2225392296718973,207.0,883.0,0.13404726735598227,0.16225711103550322,0.15014436958614052,1039.0,0.3836779911373708,0.4297520661157025,1462.0,0.09917355371900827,0.03581267217630854,0.06611570247933884,0.12672176308539945,156.0,0.6410635155096012,0.5913455156331683,0.2626298206083207,363.0,0.28106508875739644,173.0,799.0,0.13404726735598227,0.2201087042499672,0.19211324570273003,989.0,0.3652141802067947,0.5234159779614325,1546.0,0.21763085399449036,0.030303030303030304,0.1322314049586777,0.2699724517906336,190.0
0.8622599704579025,0.5653908732606154,0.18381544823868842,363.0,0.2372188139059305,305.0,68.0,0.13404726735598227,0.29441321443161916,0.4603174603174603,126.0,0.0465288035450517,0.15977961432506887,2277.0,0.2699724517906336,0.0440771349862259,0.1763085399449036,0.3168044077134986,58.0,363,cortical_pca64_delta,3,previous,2708,2,0.829394387001477,0.5696981444606953,0.24650999469415472,363.0,0.25242718446601947,285.0,177.0,0.13404726735598227,0.23974287927134946,0.3058823529411765,255.0,0.09416543574593796,0.21487603305785125,2168.0,0.2231404958677686,0.03581267217630854,0.14049586776859505,0.26721763085399447,78.0,0.8585672082717873,0.5527809594295348,0.24404232753126318,363.0,0.20374220374220373,314.0,69.0,0.13404726735598227,0.24643398805779582,0.4152542372881356,118.0,0.04357459379615953,0.1349862258953168,2276.0,0.21487603305785125,0.0440771349862259,0.14600550964187328,0.23415977961432508,49.0,-0.03347661016372677,-0.04797922637382335,-0.048684980723815746,0.006691108786446354,0.06308286308286307,0.025252694281502452,0.07441255190174922,0.0282853461624476,0.8556129985228951,0.5312839580139445,0.2172995862905202,363.0,0.14065934065934066,331.0,60.0,0.13404726735598227,0.22118129377629336,0.34782608695652173,92.0,0.033973412112259974,0.0881542699724518,2285.0,0.2066115702479339,0.030303030303030304,0.12121212121212122,0.26170798898071623,32.0,blocked,False,arousal__future_change_p3s_movement,0.075,0.46639586410635153,0.5137764542106469,0.14038581918750914,363.0,0.22520107238605896,153.0,1292.0,0.13404726735598227,0.1720214361560466,0.13981358189081225,1502.0,0.5546528803545052,0.5785123966942148,1053.0,0.09917355371900827,0.0440771349862259,0.0743801652892562,0.1349862258953168,210.0,0.473781388478582,0.5727578165841396,0.20777012464589478,363.0,0.2650850954100052,106.0,1319.0,0.13404726735598227,0.21814864189534822,0.16307106598984772,1576.0,0.5819793205317577,0.7079889807162535,1026.0,0.209366391184573,0.030303030303030304,0.12947658402203857,0.2699724517906336,257.0
