target_name,validation_protocol,fold,loss_name,seed,control_type,top_1pct_precision,top_1pct_recall,top_1pct_lift,top_1pct_avg_true_movement,top_1pct_avg_true_movement_lift,top_5pct_precision,top_5pct_recall,top_5pct_lift,top_5pct_avg_true_movement,top_5pct_avg_true_movement_lift,top_10pct_precision,top_10pct_recall,top_10pct_lift,top_10pct_avg_true_movement,top_10pct_avg_true_movement_lift
arousal_spike_rows_2_6_train_q90,blocked_temporal_70_30,1,binary,20260625,ar_only_head,0.4289772727272727,0.03859918200408998,3.8561350419455285,0.19139298796653748,0.1405520737171173,0.37105487631504125,0.16679447852760737,3.335462743623871,0.14520478248596191,0.09436386823654175,0.322291725902758,0.28974948875255624,2.8971241531782814,0.12172555178403854,0.07088463753461838
arousal_spike_rows_2_6_train_q90,blocked_temporal_70_30,1,binary,20260626,ar_only_head,0.45170454545454547,0.040644171779141106,4.060433587214166,0.19750694930553436,0.1466660350561142,0.36792721069092976,0.16538854805725972,3.307347731991792,0.14321136474609375,0.09237045049667358,0.3248507250497583,0.29205010224948874,2.9201273445136184,0.123012013733387,0.07217109948396683
arousal_spike_rows_2_6_train_q90,blocked_temporal_70_30,1,binary,20260627,ar_only_head,0.4289772727272727,0.03859918200408998,3.8561350419455285,0.1883002668619156,0.13745935261249542,0.3693488768837077,0.1660276073619632,3.320127282733646,0.14381913840770721,0.09297822415828705,0.3208700597099801,0.2884713701431493,2.884344602436428,0.12121021747589111,0.07036930322647095
arousal_spike_rows_2_6_train_q90,blocked_temporal_70_30,1,regression,20260625,ar_only_head,0.4474431818181818,0.040260736196319015,4.022127609976296,0.20281323790550232,0.15197232365608215,0.37105487631504125,0.16679447852760737,3.335462743623871,0.1477394551038742,0.09689854085445404,0.32399772533409155,0.2912832310838446,2.912459614068506,0.1259458363056183,0.07510492205619812
arousal_spike_rows_2_6_train_q90,blocked_temporal_70_30,1,regression,20260626,ar_only_head,0.4303977272727273,0.03872699386503067,3.868903701024819,0.19701462984085083,0.14617371559143066,0.38015353994882,0.1708844580777096,3.4172518683717357,0.1490357369184494,0.09819482266902924,0.3249928916690361,0.2921779141104294,2.921405299587804,0.1261889934539795,0.07534807920455933
arousal_spike_rows_2_6_train_q90,blocked_temporal_70_30,1,regression,20260627,ar_only_head,0.4474431818181818,0.040260736196319015,4.022127609976296,0.20238512754440308,0.1515442132949829,0.38015353994882,0.1708844580777096,3.4172518683717357,0.14959140121936798,0.09875048696994781,0.32669889110036965,0.2937116564417178,2.936740760478029,0.12632246315479279,0.07548154890537262
arousal_spike_rows_2_6_train_q90,blocked_temporal_70_30,1,regression_plus_binary,20260625,ar_only_head,0.4446022727272727,0.04000511247443763,3.996590291817717,0.19922906160354614,0.14838814735412598,0.3667898777367074,0.16487730061349692,3.2971240913983086,0.14368849992752075,0.09284758567810059,0.3228603923798692,0.29026073619631904,2.902235973475023,0.12216760218143463,0.07132668793201447
arousal_spike_rows_2_6_train_q90,blocked_temporal_70_30,1,regression_plus_binary,20260626,ar_only_head,0.46875,0.04217791411042945,4.213657496165644,0.19728383421897888,0.14644291996955872,0.37731020756326417,0.16960633946830267,3.391692766888028,0.14604191482067108,0.09520100057125092,0.3251350582883139,0.29230572597137017,2.9226832546619894,0.1225748062133789,0.07173389196395874
arousal_spike_rows_2_6_train_q90,blocked_temporal_70_30,1,regression_plus_binary,20260627,ar_only_head,0.4403409090909091,0.03962167689161554,3.958284314579848,0.19224095344543457,0.1414000391960144,0.3764572078475974,0.16922290388548059,3.3840250364429156,0.14631874859333038,0.09547783434391022,0.32371339209553596,0.2910276073619632,2.9099037039201354,0.1221621185541153,0.07132120430469513
arousal_spike_rows_2_6_train_q90,blocked_temporal_70_30,1,binary,20260625,ar_plus_random_pca,0.4090909090909091,0.03680981595092025,3.6773738148354713,0.1851317286491394,0.13429081439971924,0.3275518908160364,0.147239263803681,2.9444084909231414,0.13123548030853271,0.08039456605911255,0.2698322433892522,0.24258691206543967,2.425558730803872,0.10493243485689163,0.054091520607471466
arousal_spike_rows_2_6_train_q90,blocked_temporal_70_30,1,binary,20260626,ar_plus_random_pca,0.43323863636363635,0.038982617586912065,3.8944410191833985,0.19559504091739655,0.14475412666797638,0.3212965595678135,0.1444274028629857,2.888178467658984,0.1288246363401413,0.07798372209072113,0.2679840773386409,0.24092535787321062,2.408945314839462,0.10442627221345901,0.05358535796403885
arousal_spike_rows_2_6_train_q90,blocked_temporal_70_30,1,binary,20260627,ar_plus_random_pca,0.4346590909090909,0.039110429447852764,3.907209678262688,0.19708377122879028,0.14624285697937012,0.332669889110037,0.1495398773006135,2.9904148735938154,0.13029412925243378,0.07945321500301361,0.278220073926642,0.2501278118609407,2.5009580801808102,0.10796588659286499,0.057124972343444824
arousal_spike_rows_2_6_train_q90,blocked_temporal_70_30,1,regression,20260625,ar_plus_random_pca,0.45170454545454547,0.040644171779141106,4.060433587214166,0.1993350088596344,0.14849409461021423,0.3500142166619278,0.1573364008179959,3.146325392644433,0.14078429341316223,0.08994337916374207,0.2851862382712539,0.25639059304703476,2.5635778788158943,0.11430895328521729,0.06346803903579712
arousal_spike_rows_2_6_train_q90,blocked_temporal_70_30,1,regression,20260626,ar_plus_random_pca,0.43607954545454547,0.039238241308793456,3.9199783373419783,0.1909424215555191,0.14010150730609894,0.3318168893943702,0.1491564417177914,2.982747143148703,0.13329963386058807,0.08245871961116791,0.2735285754904748,0.24591002044989774,2.458785562732692,0.10974207520484924,0.05890116095542908
arousal_spike_rows_2_6_train_q90,blocked_temporal_70_30,1,regression,20260627,ar_plus_random_pca,0.4403409090909091,0.03962167689161554,3.958284314579848,0.1919926553964615,0.14115174114704132,0.34432755189081604,0.154780163599182,3.095207189677017,0.13707482814788818,0.08623391389846802,0.2736707421097526,0.24603783231083845,2.4600635178068777,0.10974776744842529,0.05890685319900513
arousal_spike_rows_2_6_train_q90,blocked_temporal_70_30,1,regression_plus_binary,20260625,ar_plus_random_pca,0.42329545454545453,0.0380879345603272,3.8050604056283692,0.19080695509910583,0.13996604084968567,0.3255615581461473,0.1463445807770961,2.9265171198845454,0.13020795583724976,0.07936704158782959,0.27338640887119703,0.24578220858895705,2.4575076076585067,0.10710450261831284,0.05626358836889267
arousal_spike_rows_2_6_train_q90,blocked_temporal_70_30,1,regression_plus_binary,20260626,ar_plus_random_pca,0.43323863636363635,0.038982617586912065,3.8944410191833985,0.19518274068832397,0.1443418264389038,0.33011088996303667,0.14838957055214724,2.967411682258478,0.1303640455007553,0.07952313125133514,0.26869491043502985,0.2415644171779141,2.415335090210389,0.10491303354501724,0.054072119295597076
arousal_spike_rows_2_6_train_q90,blocked_temporal_70_30,1,regression_plus_binary,20260627,ar_plus_random_pca,0.43323863636363635,0.038982617586912065,3.8944410191833985,0.19594907760620117,0.145108163356781,0.345749218083594,0.1554192229038855,3.1079867404188715,0.1360936164855957,0.08525270223617554,0.2812055729314757,0.2528118609406953,2.5277951367387037,0.10909908264875412,0.058258168399333954
arousal_spike_rows_2_6_train_q90,blocked_temporal_70_30,1,binary,20260625,ar_plus_shuffled_pca,0.453125,0.0407719836400818,4.073202246293456,0.1968279331922531,0.14598701894283295,0.3221495592834802,0.14481083844580778,2.895846198104096,0.12717632949352264,0.07633541524410248,0.2655672448109184,0.2387525562372188,2.3872200785783106,0.10304169356822968,0.05220077931880951
arousal_spike_rows_2_6_train_q90,blocked_temporal_70_30,1,binary,20260626,ar_plus_shuffled_pca,0.43607954545454547,0.039238241308793456,3.9199783373419783,0.19042834639549255,0.1395874321460724,0.3221495592834802,0.14481083844580778,2.895846198104096,0.1268668919801712,0.07602597773075104,0.26030707989764,0.2340235173824131,2.3399357408334507,0.10232631862163544,0.05148540437221527
arousal_spike_rows_2_6_train_q90,blocked_temporal_70_30,1,binary,20260627,ar_plus_shuffled_pca,0.4588068181818182,0.04128323108384458,4.124276882610615,0.1972748339176178,0.14643391966819763,0.32613022462325847,0.1466002044989775,2.9316289401812874,0.1287398636341095,0.07789894938468933,0.26912141029286324,0.2419478527607362,2.419168955432945,0.10373041778802872,0.05288950353860855
arousal_spike_rows_2_6_train_q90,blocked_temporal_70_30,1,regression,20260625,ar_plus_shuffled_pca,0.4431818181818182,0.03987730061349693,3.9838216327384273,0.19449225068092346,0.1436513364315033,0.35143588285470573,0.1579754601226994,3.159104943386287,0.13701288402080536,0.08617196977138519,0.2812055729314757,0.2528118609406953,2.5277951367387037,0.11074355989694595,0.05990264564752579
arousal_spike_rows_2_6_train_q90,blocked_temporal_70_30,1,regression,20260626,ar_plus_shuffled_pca,0.40482954545454547,0.03642638036809816,3.6390678375976018,0.1729244589805603,0.12208354473114014,0.29968723343758885,0.13471370143149283,2.6939292963828043,0.11936449259519577,0.0685235783457756,0.24950241683252772,0.22430981595092025,2.242811155195361,0.09939523786306381,0.048554323613643646
arousal_spike_rows_2_6_train_q90,blocked_temporal_70_30,1,regression,20260627,ar_plus_shuffled_pca,0.4460227272727273,0.04013292433537832,4.009358950897007,0.1951800286769867,0.14433911442756653,0.35712254762581747,0.1605316973415133,3.2102231463537025,0.1389104425907135,0.08806952834129333,0.2839067386977538,0.2552402862985685,2.552076283148226,0.11131328344345093,0.06047236919403076
arousal_spike_rows_2_6_train_q90,blocked_temporal_70_30,1,regression_plus_binary,20260625,ar_plus_shuffled_pca,0.4460227272727273,0.04013292433537832,4.009358950897007,0.1953611820936203,0.14452026784420013,0.33466022177992605,0.15043456032719837,3.0083062446324105,0.13086988031864166,0.0800289660692215,0.2705430764856412,0.24322597137014315,2.431948506174799,0.10519002377986908,0.054349109530448914
arousal_spike_rows_2_6_train_q90,blocked_temporal_70_30,1,regression_plus_binary,20260626,ar_plus_shuffled_pca,0.4289772727272727,0.03859918200408998,3.8561350419455285,0.1914527416229248,0.14061182737350464,0.33096388967870344,0.14877300613496933,2.9750794127035904,0.1298753023147583,0.07903438806533813,0.27253340915553026,0.24501533742331288,2.4498398772133947,0.10515473783016205,0.05431382358074188
arousal_spike_rows_2_6_train_q90,blocked_temporal_70_30,1,regression_plus_binary,20260627,ar_plus_shuffled_pca,0.453125,0.0407719836400818,4.073202246293456,0.1985178142786026,0.14767690002918243,0.3420528859823713,0.15375766871165644,3.074759908490051,0.13274995982646942,0.08190904557704926,0.2739550753483082,0.24629345603271985,2.4626194279552487,0.10557489097118378,0.05473397672176361
arousal_spike_rows_2_6_train_q90,blocked_temporal_70_30,1,binary,20260625,diag_only,0.16193181818181818,0.014570552147239263,1.4556271350390406,0.07029031217098236,0.019449397921562195,0.15609894796701734,0.07016871165644172,1.4031946714555594,0.06454228609800339,0.013701371848583221,0.15325561558146147,0.13778118609406953,1.3776355699718517,0.06375831365585327,0.012917399406433105
arousal_spike_rows_2_6_train_q90,blocked_temporal_70_30,1,binary,20260626,diag_only,0.08380681818181818,0.007540899795501023,0.7533508856780999,0.042629871517419815,-0.008211042732000351,0.12084162638612454,0.0543200408997955,1.0862618130575825,0.054398950189352036,0.0035580359399318695,0.11387546204151265,0.10237730061349694,1.0236420144224982,0.0510232038795948,0.00018228963017463684
arousal_spike_rows_2_6_train_q90,blocked_temporal_70_30,1,binary,20260627,diag_only,0.16051136363636365,0.014442740286298569,1.442858475959751,0.06458377838134766,0.01374286413192749,0.15865794711401762,0.07131901840490798,1.4261978627908964,0.06506150960922241,0.014220595359802246,0.1505544498151834,0.13535276073619631,1.3533544235623292,0.06263353675603867,0.0117926225066185
arousal_spike_rows_2_6_train_q90,blocked_temporal_70_30,1,regression,20260625,diag_only,0.13068181818181818,0.011758691206543968,1.1747166352946643,0.05767105519771576,0.006830140948295593,0.1589422803525732,0.07144683026584867,1.4287537729392672,0.06598971039056778,0.015148796141147614,0.15467728177423942,0.1390593047034765,1.3904151207137057,0.0637301430106163,0.012889228761196136
arousal_spike_rows_2_6_train_q90,blocked_temporal_70_30,1,regression,20260626,diag_only,0.140625,0.012653374233128834,1.2640972488496933,0.05687696859240532,0.006036054342985153,0.1640602786465738,0.07374744376278118,1.4747601556099414,0.0668899267911911,0.016049012541770935,0.16164344611885129,0.14532208588957055,1.4530349193487895,0.06598847359418869,0.015147559344768524
arousal_spike_rows_2_6_train_q90,blocked_temporal_70_30,1,regression,20260627,diag_only,0.09801136363636363,0.008819018404907975,0.8810374764709983,0.04453370347619057,-0.006307210773229599,0.11344896218367927,0.05099693251533742,1.019808149199942,0.050628501921892166,-0.00021241232752799988,0.12183679272106909,0.10953476482617587,1.09520749857688,0.0528751015663147,0.0020341873168945312
arousal_spike_rows_2_6_train_q90,blocked_temporal_70_30,1,regression_plus_binary,20260625,diag_only,0.09517045454545454,0.008563394683026585,0.8555001583124187,0.043365515768527985,-0.007475398480892181,0.09667330110889963,0.0434560327198364,0.8690094504460659,0.04629851505160332,-0.004542399197816849,0.11330679556440147,0.10186605316973416,1.0185301941257565,0.049782659858465195,-0.0010582543909549713
arousal_spike_rows_2_6_train_q90,blocked_temporal_70_30,1,regression_plus_binary,20260626,diag_only,0.14488636363636365,0.01303680981595092,1.3024032260875629,0.06421241909265518,0.013371504843235016,0.15353994882001706,0.06901840490797546,1.3801914801202224,0.06333350390195847,0.0124925896525383,0.1502701165766278,0.13509713701431492,1.3507985134139584,0.06224120780825615,0.011400293558835983
arousal_spike_rows_2_6_train_q90,blocked_temporal_70_30,1,regression_plus_binary,20260627,diag_only,0.140625,0.012653374233128834,1.2640972488496933,0.059666212648153305,0.008825298398733139,0.1640602786465738,0.07374744376278118,1.4747601556099414,0.0676606148481369,0.016819700598716736,0.15197611600796132,0.13663087934560328,1.366133974304183,0.06311596930027008,0.012275055050849915
arousal_spike_rows_2_6_train_q90,blocked_temporal_70_30,1,binary,20260625,label_permutation,0.09090909090909091,0.0081799591002045,0.8171941810745492,0.04286867007613182,-0.007972244173288345,0.09468296843901051,0.04256134969325153,0.8511180794074704,0.04611629620194435,-0.004724618047475815,0.09724196758601081,0.08742331288343558,0.8741212707428075,0.045796945691108704,-0.005043968558311462
arousal_spike_rows_2_6_train_q90,blocked_temporal_70_30,1,binary,20260626,label_permutation,0.07528409090909091,0.00677402862985685,0.6767389312023611,0.03495405241847038,-0.015886861830949783,0.0995166334944555,0.044734151329243355,0.8945685519297737,0.04516002908349037,-0.005680885165929794,0.10406596531134489,0.09355828220858896,0.9354631143037062,0.04774421826004982,-0.003096695989370346
arousal_spike_rows_2_6_train_q90,blocked_temporal_70_30,1,binary,20260627,label_permutation,0.09801136363636363,0.008819018404907975,0.8810374764709983,0.046938084065914154,-0.003902830183506012,0.10235996588001137,0.046012269938650305,0.9201276534134815,0.04712719842791557,-0.003713715821504593,0.10975263008245664,0.09867075664621677,0.986581317271122,0.05030003935098648,-0.0005408748984336853
arousal_spike_rows_2_6_train_q90,blocked_temporal_70_30,1,regression,20260625,label_permutation,0.08380681818181818,0.007540899795501023,0.7533508856780999,0.03600583225488663,-0.014835081994533539,0.06397497867500711,0.028757668711656442,0.575079783383426,0.035422880202531815,-0.015418034046888351,0.06553881148706284,0.058921267893660534,0.5891372891994653,0.03544386848807335,-0.015397045761346817
arousal_spike_rows_2_6_train_q90,blocked_temporal_70_30,1,regression,20260626,label_permutation,0.14488636363636365,0.01303680981595092,1.3024032260875629,0.07136401534080505,0.020523101091384888,0.1265282911572363,0.05687627811860941,1.1373800160249983,0.056515082716941833,0.0056741684675216675,0.11515496161501279,0.10352760736196319,1.0351436100901668,0.053474389016628265,0.0026334747672080994
arousal_spike_rows_2_6_train_q90,blocked_temporal_70_30,1,regression,20260627,label_permutation,0.14488636363636365,0.01303680981595092,1.3024032260875629,0.06726972758769989,0.016428813338279724,0.13392095535968154,0.060199386503067484,1.2038336798826383,0.05915173515677452,0.008310820907354355,0.13121978959340347,0.11797034764826175,1.179552533473116,0.05778739973902702,0.006946485489606857
arousal_spike_rows_2_6_train_q90,blocked_temporal_70_30,1,regression_plus_binary,20260625,label_permutation,0.09801136363636363,0.008819018404907975,0.8810374764709983,0.04306977614760399,-0.007771138101816177,0.10292863235712255,0.046267893660531696,0.9252394737102231,0.046763744205236435,-0.004077170044183731,0.11131646289451237,0.10007668711656442,1.0006388230871612,0.050271205604076385,-0.0005697086453437805
arousal_spike_rows_2_6_train_q90,blocked_temporal_70_30,1,regression_plus_binary,20260626,label_permutation,0.08948863636363637,0.008052147239263804,0.8044255219952594,0.04549397528171539,-0.005346938967704773,0.1017912994029002,0.04575664621676891,0.9150158331167401,0.047627612948417664,-0.0032133013010025024,0.10946829684390105,0.09841513292433537,0.9840254071227511,0.05036026984453201,-0.0004806444048881531
arousal_spike_rows_2_6_train_q90,blocked_temporal_70_30,1,regression_plus_binary,20260627,label_permutation,0.10369318181818182,0.009330265848670756,0.9321121127881576,0.04675253853201866,-0.0040883757174015045,0.10776229741256753,0.04844069529652352,0.9686899462325265,0.048993710428476334,-0.0018472038209438324,0.10705146431617855,0.09624233128834356,0.9623001708615995,0.0477789044380188,-0.003062009811401367
arousal_spike_rows_2_6_train_q90,blocked_temporal_70_30,1,binary,20260625,pca_only_random,0.09517045454545454,0.008563394683026585,0.8555001583124187,0.04519354924559593,-0.005647365003824234,0.10292863235712255,0.046267893660531696,0.9252394737102231,0.04844479262828827,-0.002396121621131897,0.10093829968723343,0.09074642126789366,0.9073481026716276,0.04760679602622986,-0.0032341182231903076
arousal_spike_rows_2_6_train_q90,blocked_temporal_70_30,1,binary,20260626,pca_only_random,0.10795454545454546,0.009713701431492843,0.9704180900260272,0.04649263247847557,-0.004348281770944595,0.10861529712823428,0.048824130879345604,0.9763576766776387,0.048993971198797226,-0.00184694305062294,0.10420813193062269,0.09368609406952966,0.9367410693778916,0.048669807612895966,-0.0021711066365242004
arousal_spike_rows_2_6_train_q90,blocked_temporal_70_30,1,binary,20260627,pca_only_random,0.12073863636363637,0.0108640081799591,1.0853360217396357,0.04992223158478737,-0.0009186826646327972,0.10747796417401194,0.04831288343558282,0.9661340360841556,0.048914890736341476,-0.0019260235130786896,0.11117429627523458,0.09994887525562372,0.9993608680129759,0.05039547383785248,-0.000445440411567688
arousal_spike_rows_2_6_train_q90,blocked_temporal_70_30,1,regression,20260625,pca_only_random,0.12357954545454546,0.01111963190184049,1.1108733398982154,0.05426032841205597,0.0034194141626358032,0.10008529997156668,0.044989775051124746,0.8996803722265153,0.04748836159706116,-0.003352552652359009,0.10676713107762298,0.09598670756646217,0.9597442607132287,0.0497155524790287,-0.0011253617703914642
arousal_spike_rows_2_6_train_q90,blocked_temporal_70_30,1,regression,20260626,pca_only_random,0.09943181818181818,0.00894683026584867,0.8938061355502881,0.04587739333510399,-0.004963520914316177,0.1148706283764572,0.0516359918200409,1.032587699941796,0.05315367877483368,0.002312764525413513,0.11245379584873472,0.10109918200408997,1.0108624636806443,0.05219007283449173,0.0013491585850715637
arousal_spike_rows_2_6_train_q90,blocked_temporal_70_30,1,regression,20260627,pca_only_random,0.11647727272727272,0.010480572597137014,1.047030044501766,0.049264851957559586,-0.0015760622918605804,0.11202729599090133,0.050357873210633945,1.0070285984580882,0.050583068281412125,-0.0002578459680080414,0.11003696332101223,0.09892638036809816,0.9891372274194927,0.050018440932035446,-0.0008224733173847198
arousal_spike_rows_2_6_train_q90,blocked_temporal_70_30,1,regression_plus_binary,20260625,pca_only_random,0.09801136363636363,0.008819018404907975,0.8810374764709983,0.04700762405991554,-0.0038332901895046234,0.10776229741256753,0.04844069529652352,0.9686899462325265,0.0484442375600338,-0.002396676689386368,0.10747796417401194,0.09662576687116564,0.9661340360841556,0.04909414052963257,-0.0017467737197875977
arousal_spike_rows_2_6_train_q90,blocked_temporal_70_30,1,regression_plus_binary,20260626,pca_only_random,0.109375,0.009841513292433537,0.983186749105317,0.04798859357833862,-0.002852320671081543,0.10946829684390105,0.04920756646216769,0.9840254071227511,0.05078931525349617,-5.159899592399597e-05,0.10790446403184532,0.09700920245398773,0.9699679013067118,0.05011031776666641,-0.0007305964827537537
arousal_spike_rows_2_6_train_q90,blocked_temporal_70_30,1,regression_plus_binary,20260627,pca_only_random,0.109375,0.009841513292433537,0.983186749105317,0.04997852072119713,-0.0008623935282230377,0.11259596246801251,0.05061349693251534,1.0121404187548297,0.05099432170391083,0.00015340745449066162,0.11088996303667899,0.09969325153374232,0.996804957864605,0.05004265904426575,-0.0007982552051544189
arousal_spike_rows_2_6_train_q90,blocked_temporal_70_30,1,binary,20260625,pca_only_real,0.17329545454545456,0.015593047034764827,1.5577764076733596,0.06928486377000809,0.01844394952058792,0.15410861529712824,0.06927402862985685,1.385303300416964,0.06510178744792938,0.014260873198509216,0.14913278362240545,0.13407464212678938,1.3405748728204752,0.06248455494642258,0.011643640697002411
arousal_spike_rows_2_6_train_q90,blocked_temporal_70_30,1,binary,20260626,pca_only_real,0.19318181818181818,0.017382413087934562,1.736537634783417,0.07760415226221085,0.02676323801279068,0.16434461188512936,0.07387525562372188,1.477316065758312,0.06841760128736496,0.017576687037944794,0.1522604492465169,0.13688650306748465,1.3686898844525537,0.06385576725006104,0.01301485300064087
arousal_spike_rows_2_6_train_q90,blocked_temporal_70_30,1,binary,20260627,pca_only_real,0.19318181818181818,0.017382413087934562,1.736537634783417,0.0763014554977417,0.025460541248321533,0.15638328120557293,0.07029652351738241,1.4057505816039302,0.06425517052412033,0.013414256274700165,0.1484219505260165,0.1334355828220859,1.3341850974495484,0.06192648410797119,0.011085569858551025
arousal_spike_rows_2_6_train_q90,blocked_temporal_70_30,1,regression,20260625,pca_only_real,0.16761363636363635,0.015081799591002046,1.5067017713561999,0.07272141426801682,0.02188050001859665,0.15666761444412852,0.07042433537832311,1.408306491752301,0.06620918214321136,0.015368267893791199,0.14913278362240545,0.13407464212678938,1.3405748728204752,0.06298007816076279,0.01213916391134262
arousal_spike_rows_2_6_train_q90,blocked_temporal_70_30,1,regression,20260626,pca_only_real,0.16619318181818182,0.01495398773006135,1.4939331122769102,0.07031914591789246,0.01947823166847229,0.15865794711401762,0.07131901840490798,1.4261978627908964,0.06531186401844025,0.01447094976902008,0.1454364515211828,0.13075153374233128,1.307348040891655,0.06199976056814194,0.011158846318721771
arousal_spike_rows_2_6_train_q90,blocked_temporal_70_30,1,regression,20260627,pca_only_real,0.18039772727272727,0.016232106339468304,1.6216197030698085,0.0734180137515068,0.02257709950208664,0.1506966164344612,0.06774028629856851,1.3546323786365146,0.06385709345340729,0.013016179203987122,0.13889678703440433,0.1248721881390593,1.248562107479127,0.06016378104686737,0.009322866797447205
arousal_spike_rows_2_6_train_q90,blocked_temporal_70_30,1,regression_plus_binary,20260625,pca_only_real,0.18181818181818182,0.016359918200409,1.6343883621490984,0.0759986937046051,0.025157779455184937,0.1637759454080182,0.0736196319018405,1.4722042454615707,0.0670536682009697,0.01621275395154953,0.15453511515496163,0.13893149284253578,1.3891371656395202,0.06365101784467697,0.012810103595256805
arousal_spike_rows_2_6_train_q90,blocked_temporal_70_30,1,regression_plus_binary,20260626,pca_only_real,0.17045454545454544,0.015337423312883436,1.5322390895147795,0.07113994657993317,0.020299032330513,0.15524594825135057,0.06978527607361963,1.395526941010447,0.0650046318769455,0.01416371762752533,0.14444128518623828,0.12985685071574643,1.2984023553723574,0.06098401919007301,0.010143104940652847
arousal_spike_rows_2_6_train_q90,blocked_temporal_70_30,1,regression_plus_binary,20260627,pca_only_real,0.19886363636363635,0.01789366053169734,1.7876122711005762,0.07865385711193085,0.02781294286251068,0.15638328120557293,0.07029652351738241,1.4057505816039302,0.06558988243341446,0.014748968183994293,0.14643161785612738,0.13164621676891616,1.3162937264109529,0.06132620573043823,0.010485291481018066
arousal_spike_rows_2_6_train_q90,blocked_temporal_70_30,1,binary,20260625,pca_only_shuffled,0.12215909090909091,0.010991820040899795,1.0981046808189254,0.050169333815574646,-0.00067158043384552,0.11771396076201308,0.05291411042944785,1.0581468014255038,0.05207338184118271,0.0012324675917625427,0.1148706283764572,0.1032719836400818,1.032587699941796,0.05132901296019554,0.00048809871077537537
arousal_spike_rows_2_6_train_q90,blocked_temporal_70_30,1,binary,20260626,pca_only_shuffled,0.11789772727272728,0.01060838445807771,1.059798703581056,0.051662396639585495,0.000821482390165329,0.11145862951379017,0.050102249488752554,1.0019167781613467,0.05011456459760666,-0.0007263496518135071,0.11202729599090133,0.10071574642126789,1.0070285984580882,0.05064848065376282,-0.00019243359565734863
arousal_spike_rows_2_6_train_q90,blocked_temporal_70_30,1,binary,20260627,pca_only_shuffled,0.14488636363636365,0.01303680981595092,1.3024032260875629,0.0566219836473465,0.005781069397926331,0.11202729599090133,0.050357873210633945,1.0070285984580882,0.05119358003139496,0.0003526657819747925,0.1130224623258459,0.10161042944785276,1.015974283977386,0.05133552476763725,0.0004946105182170868
arousal_spike_rows_2_6_train_q90,blocked_temporal_70_30,1,regression,20260625,pca_only_shuffled,0.11079545454545454,0.009969325153374233,0.9959554081846068,0.050543997436761856,-0.00029691681265830994,0.10861529712823428,0.048824130879345604,0.9763576766776387,0.050030022859573364,-0.0008108913898468018,0.10733579755473414,0.09649795501022494,0.9648560810099702,0.04949458688497543,-0.0013463273644447327
arousal_spike_rows_2_6_train_q90,blocked_temporal_70_30,1,regression,20260626,pca_only_shuffled,0.12073863636363637,0.0108640081799591,1.0853360217396357,0.05361360311508179,0.002772688865661621,0.10946829684390105,0.04920756646216769,0.9840254071227511,0.04997852444648743,-0.0008623898029327393,0.10690929769690077,0.09611451942740286,0.9610222157874141,0.04974183440208435,-0.0010990798473358154
arousal_spike_rows_2_6_train_q90,blocked_temporal_70_30,1,regression,20260627,pca_only_shuffled,0.12215909090909091,0.010991820040899795,1.0981046808189254,0.052356503903865814,0.0015155896544456482,0.10747796417401194,0.04831288343558282,0.9661340360841556,0.0507439561188221,-9.695813059806824e-05,0.11174296275234574,0.1004601226993865,1.0044726883097173,0.0510467104613781,0.00020579621195793152
arousal_spike_rows_2_6_train_q90,blocked_temporal_70_30,1,regression_plus_binary,20260625,pca_only_shuffled,0.11931818181818182,0.010736196319018405,1.0725673626603458,0.051893200725317,0.0010522864758968353,0.11941996019334661,0.05368098159509203,1.0734822623157285,0.05365278199315071,0.002811867743730545,0.11600796133067956,0.10429447852760736,1.0428113405352792,0.052266914397478104,0.0014260001480579376
arousal_spike_rows_2_6_train_q90,blocked_temporal_70_30,1,regression_plus_binary,20260626,pca_only_shuffled,0.10085227272727272,0.009074642126789366,0.9065747946295779,0.04801953211426735,-0.0028213821351528168,0.11771396076201308,0.05291411042944785,1.0581468014255038,0.05260279402136803,0.0017618797719478607,0.11458629513790163,0.1030163599182004,1.0300317897934252,0.05245363712310791,0.0016127228736877441
arousal_spike_rows_2_6_train_q90,blocked_temporal_70_30,1,regression_plus_binary,20260627,pca_only_shuffled,0.12073863636363637,0.0108640081799591,1.0853360217396357,0.050023481249809265,-0.0008174329996109009,0.11430196189934604,0.05138036809815951,1.0274758796450545,0.05148870870471001,0.0006477944552898407,0.11103212965595678,0.09982106339468302,0.9980829129387905,0.050584208220243454,-0.00025670602917671204
arousal_spike_rows_2_6_train_q90,blocked_temporal_70_30,1,binary,20260625,quality_only,0.19176136363636365,0.017254601226993866,1.7237689757041272,0.07066218554973602,0.019821271300315857,0.14131361956212682,0.06352249488752557,1.2702873437402789,0.059428486973047256,0.00858757272362709,0.1353426215524595,0.12167689161554192,1.2166132306244923,0.05870780348777771,0.007866889238357544
arousal_spike_rows_2_6_train_q90,blocked_temporal_70_30,1,binary,20260626,quality_only,0.09090909090909091,0.0081799591002045,0.8171941810745492,0.03738873824477196,-0.013452176004648209,0.09183963605345465,0.04128323108384458,0.8255589779237626,0.0455448180437088,-0.005296096205711365,0.1084731305089565,0.09752044989775051,0.9750797216034535,0.05158361420035362,0.0007426999509334564
arousal_spike_rows_2_6_train_q90,blocked_temporal_70_30,1,binary,20260627,quality_only,0.08096590909090909,0.0072852760736196315,0.7278135675195203,0.038522884249687195,-0.012318029999732971,0.10036963321012227,0.04511758691206544,0.9022362823748862,0.04832783341407776,-0.0025130808353424072,0.10264429911856696,0.09228016359918201,0.9226835635618523,0.05040426924824715,-0.0004366450011730194
arousal_spike_rows_2_6_train_q90,blocked_temporal_70_30,1,regression,20260625,quality_only,0.10227272727272728,0.009202453987730062,0.9193434537088678,0.043424904346466064,-0.0074160099029541016,0.11799829400056866,0.053041922290388545,1.0607027115738745,0.05339299887418747,0.0025520846247673035,0.11828262723912425,0.10633946830265849,1.0632586217222453,0.05351226404309273,0.0026713497936725616
arousal_spike_rows_2_6_train_q90,blocked_temporal_70_30,1,regression,20260626,quality_only,0.10795454545454546,0.009713701431492843,0.9704180900260272,0.04725209251046181,-0.0035888217389583588,0.11885129371623543,0.053425357873210635,1.068370442018987,0.0528106652200222,0.0019697509706020355,0.11458629513790163,0.1030163599182004,1.0300317897934252,0.05155175179243088,0.0007108375430107117
arousal_spike_rows_2_6_train_q90,blocked_temporal_70_30,1,regression,20260627,quality_only,0.109375,0.009841513292433537,0.983186749105317,0.047327879816293716,-0.0035130344331264496,0.11543929485356838,0.051891615541922294,1.0376995202385375,0.04979631304740906,-0.0010446012020111084,0.10818879727040091,0.09726482617586912,0.9725238114550826,0.048680149018764496,-0.00216076523065567
arousal_spike_rows_2_6_train_q90,blocked_temporal_70_30,1,regression_plus_binary,20260625,quality_only,0.17897727272727273,0.016104294478527608,1.6088510439905188,0.06710916012525558,0.01626824587583542,0.12738129087290304,0.05725971370143149,1.1450477464701103,0.053952474147081375,0.003111559897661209,0.12595962468012512,0.11324130879345604,1.1322681957282565,0.055670276284217834,0.0048293620347976685
arousal_spike_rows_2_6_train_q90,blocked_temporal_70_30,1,regression_plus_binary,20260626,quality_only,0.05397727272727273,0.0048568507157464216,0.4852090450130136,0.0338139683008194,-0.01702694594860077,0.11657662780779073,0.05240286298568507,1.0479231608320205,0.053220055997371674,0.0023791417479515076,0.1216946261017913,0.10940695296523517,1.0939295435026948,0.05516526848077774,0.0043243542313575745
arousal_spike_rows_2_6_train_q90,blocked_temporal_70_30,1,regression_plus_binary,20260627,quality_only,0.10085227272727272,0.009074642126789366,0.9065747946295779,0.04230683296918869,-0.008534081280231476,0.10946829684390105,0.04920756646216769,0.9840254071227511,0.04898828640580177,-0.001852627843618393,0.10918396360534546,0.09815950920245399,0.9814694969743804,0.051754578948020935,0.000913664698600769
arousal_spike_rows_2_6_train_q90,blocked_temporal_70_30,1,binary,20260625,real_ar_pca_diag,0.38636363636363635,0.034764826175869123,3.473075269566834,0.171966552734375,0.12112563848495483,0.29627523457492183,0.1331799591002045,2.6632583746023553,0.11772247403860092,0.06688155978918076,0.26201307932897355,0.23555725971370142,2.3552712017236757,0.1009291335940361,0.050088219344615936
arousal_spike_rows_2_6_train_q90,blocked_temporal_70_30,1,binary,20260626,real_ar_pca_diag,0.3693181818181818,0.033231083844580775,3.319851360615356,0.1672414243221283,0.11640051007270813,0.2988342337219221,0.13433026584867075,2.686261565937692,0.11735870689153671,0.06651779264211655,0.2593119135626955,0.2331288343558282,2.3309900553141536,0.10009580105543137,0.0492548868060112
arousal_spike_rows_2_6_train_q90,blocked_temporal_70_30,1,binary,20260627,real_ar_pca_diag,0.37357954545454547,0.033614519427402866,3.3581573378532257,0.16619104146957397,0.11535012722015381,0.2911572362809212,0.130879345603272,2.617251991931681,0.11490780115127563,0.06406688690185547,0.2601649132783622,0.2338957055214724,2.3386577857592656,0.09997420012950897,0.049133285880088806
arousal_spike_rows_2_6_train_q90,blocked_temporal_70_30,1,regression,20260625,real_ar_pca_diag,0.44886363636363635,0.040388548057259714,4.0348962690555865,0.200330913066864,0.14948999881744385,0.32698322433892524,0.1469836400817996,2.9392966706263994,0.1308550238609314,0.08001410961151123,0.26627807790730734,0.2393916155419223,2.393609853949237,0.10585226863622665,0.05501135438680649
arousal_spike_rows_2_6_train_q90,blocked_temporal_70_30,1,regression,20260626,real_ar_pca_diag,0.4090909090909091,0.03680981595092025,3.6773738148354713,0.18354186415672302,0.13270094990730286,0.27779357406880867,0.1248721881390593,2.497124214958254,0.11531828343868256,0.06447736918926239,0.2362809212396929,0.21242331288343558,2.12396133329612,0.09704238921403885,0.04620147496461868
arousal_spike_rows_2_6_train_q90,blocked_temporal_70_30,1,regression,20260627,real_ar_pca_diag,0.39488636363636365,0.03553169734151329,3.549687224042573,0.17745687067508698,0.1266159564256668,0.2812055729314757,0.12640593047034765,2.5277951367387037,0.11545116454362869,0.06461025029420853,0.2413989195336935,0.2170245398773006,2.169967715966794,0.09739203751087189,0.04655112326145172
arousal_spike_rows_2_6_train_q90,blocked_temporal_70_30,1,regression_plus_binary,20260625,real_ar_pca_diag,0.4190340909090909,0.037704498977505115,3.7667544283904997,0.18218964338302612,0.13134872913360596,0.30025589991470003,0.13496932515337423,2.699041116679546,0.11799630522727966,0.0671553909778595,0.26570941143019616,0.23888036809815952,2.3884980336524957,0.10205227136611938,0.05121135711669922
arousal_spike_rows_2_6_train_q90,blocked_temporal_70_30,1,regression_plus_binary,20260626,real_ar_pca_diag,0.3849431818181818,0.034637014314928424,3.460306610487544,0.17251351475715637,0.1216726005077362,0.30224623258458916,0.1358640081799591,2.7169324877181418,0.1195296049118042,0.06868869066238403,0.261017912994029,0.23466257668711657,2.3463255162043777,0.10042808204889297,0.04958716779947281
arousal_spike_rows_2_6_train_q90,blocked_temporal_70_30,1,regression_plus_binary,20260627,real_ar_pca_diag,0.4375,0.03936605316973415,3.932746996421268,0.1853930950164795,0.13455218076705933,0.31760022746659083,0.14276584867075665,2.8549516357301634,0.12392419576644897,0.07308328151702881,0.27139607620130796,0.24399284253578732,2.4396162366199117,0.10361859947443008,0.05277768522500992
arousal_spike_rows_2_6_train_q90,blocked_temporal_70_30,1,binary,20260625,shuffled_diag_only,0.13210227272727273,0.011886503067484663,1.1874852943739542,0.057605620473623276,0.00676470622420311,0.1174296275234575,0.05278629856850716,1.055590891277133,0.05174817144870758,0.0009072571992874146,0.11458629513790163,0.1030163599182004,1.0300317897934252,0.05170025676488876,0.0008593425154685974
arousal_spike_rows_2_6_train_q90,blocked_temporal_70_30,1,binary,20260626,shuffled_diag_only,0.11505681818181818,0.010352760736196318,1.0342613854224763,0.05506512150168419,0.004224207252264023,0.11430196189934604,0.05138036809815951,1.0274758796450545,0.051351148635149,0.0005102343857288361,0.11259596246801251,0.10122699386503067,1.0121404187548297,0.05116280913352966,0.00032189488410949707
arousal_spike_rows_2_6_train_q90,blocked_temporal_70_30,1,binary,20260627,shuffled_diag_only,0.08522727272727272,0.007668711656441718,0.7661195447573897,0.047021035104990005,-0.0038198791444301605,0.11316462894512369,0.05086912065439673,1.0172522390515712,0.05201692134141922,0.001176007091999054,0.11615012794995735,0.10442229038854806,1.0440892956094645,0.052275024354457855,0.0014341101050376892
arousal_spike_rows_2_6_train_q90,blocked_temporal_70_30,1,regression,20260625,shuffled_diag_only,0.12215909090909091,0.010991820040899795,1.0981046808189254,0.05233066901564598,0.0014897547662258148,0.11202729599090133,0.050357873210633945,1.0070285984580882,0.05071447044610977,-0.0001264438033103943,0.10989479670173444,0.09879856850715746,0.9878592723453073,0.05020482465624809,-0.0006360895931720734
arousal_spike_rows_2_6_train_q90,blocked_temporal_70_30,1,regression,20260626,shuffled_diag_only,0.12926136363636365,0.011630879345603272,1.1619479762153746,0.05533682182431221,0.004495907574892044,0.11430196189934604,0.05138036809815951,1.0274758796450545,0.05199715495109558,0.001156240701675415,0.1128802957065681,0.10148261758691207,1.0146963289032005,0.05087859928607941,3.768503665924072e-05
arousal_spike_rows_2_6_train_q90,blocked_temporal_70_30,1,regression,20260627,shuffled_diag_only,0.1278409090909091,0.011503067484662576,1.1491793171360847,0.05471630394458771,0.0038753896951675415,0.12226329257890248,0.05495910020449898,1.0990413637994363,0.05507545545697212,0.004234541207551956,0.11586579471140177,0.10416666666666667,1.0415333854610938,0.05287293344736099,0.0020320191979408264
arousal_spike_rows_2_6_train_q90,blocked_temporal_70_30,1,regression_plus_binary,20260625,shuffled_diag_only,0.12215909090909091,0.010991820040899795,1.0981046808189254,0.05347650870680809,0.002635594457387924,0.11686096104634631,0.05253067484662577,1.0504790709803915,0.05217842012643814,0.0013375058770179749,0.11231162922945692,0.10097137014314929,1.009584508606459,0.051252610981464386,0.00041169673204421997
arousal_spike_rows_2_6_train_q90,blocked_temporal_70_30,1,regression_plus_binary,20260626,shuffled_diag_only,0.11647727272727272,0.010480572597137014,1.047030044501766,0.05309765413403511,0.0022567398846149445,0.1148706283764572,0.0516359918200409,1.032587699941796,0.04933159053325653,-0.0015093237161636353,0.11472846175717942,0.1031441717791411,1.0313097448676107,0.05140070989727974,0.0005597956478595734
arousal_spike_rows_2_6_train_q90,blocked_temporal_70_30,1,regression_plus_binary,20260627,shuffled_diag_only,0.109375,0.009841513292433537,0.983186749105317,0.051300641149282455,0.00045972689986228943,0.10918396360534546,0.049079754601226995,0.9814694969743804,0.04981350526213646,-0.0010274089872837067,0.11088996303667899,0.09969325153374232,0.996804957864605,0.0497615672647953,-0.0010793469846248627
arousal_spike_rows_2_6_train_q90,blocked_temporal_70_30,1,binary,20260625,time_only,0.13210227272727273,0.011886503067484663,1.1874852943739542,0.05904005840420723,0.008199144154787064,0.1128802957065681,0.050741308793456036,1.0146963289032005,0.05110600218176842,0.00026508793234825134,0.1084731305089565,0.09752044989775051,0.9750797216034535,0.05050215870141983,-0.0003387555480003357
arousal_spike_rows_2_6_train_q90,blocked_temporal_70_30,1,binary,20260626,time_only,0.13636363636363635,0.012269938650306749,1.2257912716118236,0.05504565313458443,0.004204738885164261,0.11117429627523458,0.04997443762781186,0.9993608680129759,0.05043557286262512,-0.00040534138679504395,0.10889963036678987,0.09790388548057259,0.9789135868260095,0.05058271810412407,-0.0002581961452960968
arousal_spike_rows_2_6_train_q90,blocked_temporal_70_30,1,binary,20260627,time_only,0.13210227272727273,0.011886503067484663,1.1874852943739542,0.05525686964392662,0.0044159553945064545,0.1106056297981234,0.04971881390593047,0.9942490477162342,0.04995404928922653,-0.000886864960193634,0.1084731305089565,0.09752044989775051,0.9750797216034535,0.049900129437446594,-0.0009407848119735718
arousal_spike_rows_2_6_train_q90,blocked_temporal_70_30,1,regression,20260625,time_only,0.13352272727272727,0.012014314928425357,1.200253953453244,0.05289783328771591,0.002056919038295746,0.13875462041512654,0.06237218813905931,1.2472841524049418,0.056594427675008774,0.005753513425588608,0.1434461188512937,0.12896216768916155,1.2894566698530596,0.058490458875894547,0.0076495446264743805
arousal_spike_rows_2_6_train_q90,blocked_temporal_70_30,1,regression,20260626,time_only,0.10227272727272728,0.009202453987730062,0.9193434537088678,0.05046148598194122,-0.00037942826747894287,0.11117429627523458,0.04997443762781186,0.9993608680129759,0.05267715081572533,0.0018362365663051605,0.11828262723912425,0.10633946830265849,1.0632586217222453,0.05405759811401367,0.003216683864593506
arousal_spike_rows_2_6_train_q90,blocked_temporal_70_30,1,regression,20260627,time_only,0.10227272727272728,0.009202453987730062,0.9193434537088678,0.048780668526887894,-0.0020602457225322723,0.1017912994029002,0.04575664621676891,0.9150158331167401,0.047942135483026505,-0.0028987787663936615,0.10833096388967871,0.09739263803680982,0.9738017665292681,0.050007931888103485,-0.0008329823613166809
arousal_spike_rows_2_6_train_q90,blocked_temporal_70_30,1,regression_plus_binary,20260625,time_only,0.11079545454545454,0.009969325153374233,0.9959554081846068,0.04946458339691162,-0.001376330852508545,0.11145862951379017,0.050102249488752554,1.0019167781613467,0.05111001059412956,0.00026909634470939636,0.11387546204151265,0.10237730061349694,1.0236420144224982,0.05240943655371666,0.0015685223042964935
arousal_spike_rows_2_6_train_q90,blocked_temporal_70_30,1,regression_plus_binary,20260626,time_only,0.13352272727272727,0.012014314928425357,1.200253953453244,0.05827052891254425,0.0074296146631240845,0.1128802957065681,0.050741308793456036,1.0146963289032005,0.05109693855047226,0.0002560243010520935,0.11401762866079045,0.10250511247443762,1.0249199694966837,0.052302513271570206,0.0014615990221500397
arousal_spike_rows_2_6_train_q90,blocked_temporal_70_30,1,regression_plus_binary,20260627,time_only,0.12073863636363637,0.0108640081799591,1.0853360217396357,0.05396125465631485,0.003120340406894684,0.11145862951379017,0.050102249488752554,1.0019167781613467,0.052024438977241516,0.00118352472782135,0.11074779641740119,0.09956543967280164,0.9955270027904196,0.0516216866672039,0.0007807724177837372
arousal_spike_rows_2_6_train_q90,blocked_temporal_70_30,1,binary,20260625,video_mean_pca_oracle_diagnostic,0.3309659090909091,0.029780163599182004,2.9750975654745306,0.1132570430636406,0.06241612881422043,0.28859823713392097,0.12972903885480572,2.5942488005963438,0.09683754295110703,0.04599662870168686,0.24225191924936024,0.21779141104294478,2.177635446411906,0.08260973542928696,0.03176882117986679
arousal_spike_rows_2_6_train_q90,blocked_temporal_70_30,1,binary,20260626,video_mean_pca_oracle_diagnostic,0.3650568181818182,0.03284764826175869,3.2815453833774866,0.12041269987821579,0.06957178562879562,0.28234290588569805,0.12691717791411042,2.5380187773321867,0.09443481266498566,0.04359389841556549,0.24893375035541654,0.22379856850715746,2.2376993348986196,0.08515827357769012,0.03431735932826996
arousal_spike_rows_2_6_train_q90,blocked_temporal_70_30,1,binary,20260627,video_mean_pca_oracle_diagnostic,0.3565340909090909,0.03208077709611452,3.2049334289017475,0.11485529690980911,0.06401438266038895,0.2766562411145863,0.12436094069529652,2.486900574364771,0.0906108170747757,0.03976990282535553,0.2560420813193062,0.23018916155419222,2.301597088607889,0.08778728544712067,0.0369463711977005
arousal_spike_rows_2_6_train_q90,blocked_temporal_70_30,1,regression,20260625,video_mean_pca_oracle_diagnostic,0.25142045454545453,0.02262269938650307,2.2600526570343,0.0953366756439209,0.04449576139450073,0.2613022462325846,0.11745910020449898,2.3488814263527487,0.09425591677427292,0.04341500252485275,0.23514358828547058,0.21140081799591,2.113737692702637,0.08676419407129288,0.03592327982187271
arousal_spike_rows_2_6_train_q90,blocked_temporal_70_30,1,regression,20260626,video_mean_pca_oracle_diagnostic,0.25142045454545453,0.02262269938650307,2.2600526570343,0.0948784127831459,0.04403749853372574,0.2695479101506966,0.12116564417177914,2.4230028206555017,0.09722177684307098,0.04638086259365082,0.23770258743247086,0.21370143149284254,2.136740884037974,0.08776029199361801,0.036919377744197845
arousal_spike_rows_2_6_train_q90,blocked_temporal_70_30,1,regression,20260627,video_mean_pca_oracle_diagnostic,0.28267045454545453,0.025434560327198364,2.5409631567786763,0.10412828624248505,0.05328737199306488,0.2695479101506966,0.12116564417177914,2.4230028206555017,0.09805546700954437,0.04721455276012421,0.2323002558999147,0.2088445807770961,2.088178591218929,0.08641861379146576,0.03557769954204559
arousal_spike_rows_2_6_train_q90,blocked_temporal_70_30,1,regression_plus_binary,20260625,video_mean_pca_oracle_diagnostic,0.3494318181818182,0.03144171779141104,3.141090133505298,0.11571832001209259,0.06487740576267242,0.2877452374182542,0.12934560327198363,2.5865810701512317,0.09617835283279419,0.04533743858337402,0.2529144156951948,0.22737730061349692,2.273482076975811,0.08554372936487198,0.03470281511545181
arousal_spike_rows_2_6_train_q90,blocked_temporal_70_30,1,regression_plus_binary,20260626,video_mean_pca_oracle_diagnostic,0.3338068181818182,0.030035787321063396,3.00063488363311,0.1122230812907219,0.06138216704130173,0.29513790162069947,0.13266871165644173,2.653034734008872,0.09915489703416824,0.04831398278474808,0.2530565823144726,0.22750511247443764,2.2747600320499965,0.08590570837259293,0.03506479412317276
arousal_spike_rows_2_6_train_q90,blocked_temporal_70_30,1,regression_plus_binary,20260627,video_mean_pca_oracle_diagnostic,0.3664772727272727,0.032975460122699383,3.2943140424567763,0.12123381346464157,0.0703928992152214,0.28888257037247655,0.12985685071574643,2.5968047107447148,0.09600870311260223,0.04516778886318207,0.25476258174580607,0.22903885480572597,2.2900954929402206,0.08630471676588058,0.03546380251646042
arousal_spike_rows_2_6_train_q90,grouped_video,1,binary,20260625,ar_only_head,0.430406852248394,0.04155468265453793,4.148527654646398,0.1705339252948761,0.12008350342512131,0.35291595197255576,0.17014678519743642,3.401622392570704,0.13100503385066986,0.08055461198091507,0.3055972549860605,0.294604093446351,2.9455355017490414,0.11374770849943161,0.06329728662967682
arousal_spike_rows_2_6_train_q90,grouped_video,1,binary,20260626,ar_only_head,0.4282655246252677,0.04134794293983874,4.1278882135785055,0.16812816262245178,0.11767774075269699,0.35334476843910806,0.17035352491213562,3.405755591103597,0.13150246441364288,0.08105204254388809,0.306669526056187,0.295637792019847,2.95587071403588,0.1145249754190445,0.0640745535492897
arousal_spike_rows_2_6_train_q90,grouped_video,1,binary,20260627,ar_only_head,0.4346895074946467,0.041968162083936326,4.189806536782183,0.17607352137565613,0.12562309950590134,0.3520583190394511,0.16973330576803805,3.3933559955049186,0.1309521347284317,0.08050171285867691,0.30495389234398457,0.2939838743022535,2.939334374376938,0.11390525102615356,0.06345482915639877
arousal_spike_rows_2_6_train_q90,grouped_video,1,regression,20260625,ar_only_head,0.4132762312633833,0.03990076493694439,3.9834121261032576,0.18093274533748627,0.13048232346773148,0.34991423670668953,0.16869960719454208,3.372690002840455,0.13563327491283417,0.08518285304307938,0.2985202659232254,0.28778168286127764,2.8773231006559055,0.11635325849056244,0.06590283662080765
arousal_spike_rows_2_6_train_q90,grouped_video,1,regression,20260626,ar_only_head,0.42398286937901497,0.040934463510440354,4.0866093314427205,0.1822831928730011,0.1318327710032463,0.3490566037735849,0.16828612776514368,3.3644236057746695,0.1355101317167282,0.08505970984697342,0.29787690328114946,0.28716146371718004,2.871121973283802,0.11630953848361969,0.0658591166138649
arousal_spike_rows_2_6_train_q90,grouped_video,1,regression,20260627,ar_only_head,0.41755888650963596,0.040314244366342775,4.024691008239043,0.18294905126094818,0.1324986293911934,0.35334476843910806,0.17035352491213562,3.405755591103597,0.13528433442115784,0.08483391255140305,0.3000214454214025,0.289228860864172,2.8917923978574795,0.1160968765616417,0.0656464546918869
arousal_spike_rows_2_6_train_q90,grouped_video,1,regression_plus_binary,20260625,ar_only_head,0.42184154175588867,0.04072772379574116,4.065969890374828,0.17272870242595673,0.12227828055620193,0.354631217838765,0.1709737440562332,3.4181551867022746,0.13278713822364807,0.08233671635389328,0.3064550718421617,0.2954310523051478,2.953803671578512,0.11409715563058853,0.06364673376083374
arousal_spike_rows_2_6_train_q90,grouped_video,1,regression_plus_binary,20260626,ar_only_head,0.43683083511777304,0.04217490179863552,4.210445977850076,0.1784345954656601,0.1279841735959053,0.35377358490566035,0.17056026462683482,3.409888789636489,0.13241858780384064,0.08196816593408585,0.3040960754878833,0.2931569154434567,2.931066204547467,0.11340934038162231,0.06295891851186752
arousal_spike_rows_2_6_train_q90,grouped_video,1,regression_plus_binary,20260627,ar_only_head,0.4282655246252677,0.04134794293983874,4.1278882135785055,0.17764630913734436,0.12719588726758957,0.3503430531732418,0.16890634690924128,3.3768232013733472,0.1307404339313507,0.08029001206159592,0.30473943812995924,0.2937771345875543,2.93726733191957,0.11372101306915283,0.06327059119939804
arousal_spike_rows_2_6_train_q90,grouped_video,1,binary,20260625,ar_plus_random_pca,0.4089935760171306,0.039487285507546,3.9421332439674726,0.16921216249465942,0.11876174062490463,0.3293310463121784,0.15877610088898078,3.174296473261605,0.12418249249458313,0.07373207062482834,0.26613767960540424,0.2565639859416994,2.5651996895933755,0.1041211187839508,0.053670696914196014
arousal_spike_rows_2_6_train_q90,grouped_video,1,binary,20260626,ar_plus_random_pca,0.4132762312633833,0.03990076493694439,3.9834121261032576,0.1699731945991516,0.11952277272939682,0.32890222984562606,0.15856936117428158,3.170163274728712,0.12593196332454681,0.07548154145479202,0.26570877117735364,0.25615050651230103,2.56106560467864,0.10413653403520584,0.05368611216545105
arousal_spike_rows_2_6_train_q90,grouped_video,1,binary,20260627,ar_plus_random_pca,0.3961456102783726,0.03824684721935084,3.8182965975601175,0.16484102606773376,0.11439060419797897,0.3400514579759863,0.16394459375646062,3.2776264365839225,0.12979333102703094,0.07934290915727615,0.26849667595968263,0.2588381228033905,2.587937156624421,0.10539288818836212,0.05494246631860733
arousal_spike_rows_2_6_train_q90,grouped_video,1,regression,20260625,ar_plus_random_pca,0.43254817987152033,0.04176142236923713,4.169167095714291,0.17864000797271729,0.1281895861029625,0.338336192109777,0.16311763489766384,3.2610936424523516,0.13047559559345245,0.08002517372369766,0.26656658803345484,0.2569774653710978,2.569333774508111,0.10838978737592697,0.05793936550617218
arousal_spike_rows_2_6_train_q90,grouped_video,1,regression,20260626,ar_plus_random_pca,0.4025695931477516,0.038867066363448416,3.880214920763795,0.16725040972232819,0.1167999878525734,0.31432246998284735,0.151540210874509,3.0296345246103598,0.12242545187473297,0.07197503000497818,0.25584387733218955,0.2466404796361381,2.4659816516397233,0.10365292429924011,0.05320250242948532
arousal_spike_rows_2_6_train_q90,grouped_video,1,regression,20260627,ar_plus_random_pca,0.43254817987152033,0.04176142236923713,4.169167095714291,0.1712953895330429,0.12084496766328812,0.3237564322469983,0.15608848459789126,3.1205648923339995,0.12539458274841309,0.0749441608786583,0.25777396525841734,0.24850113706843086,2.4845850337560336,0.1036517545580864,0.053201332688331604
arousal_spike_rows_2_6_train_q90,grouped_video,1,regression_plus_binary,20260625,ar_plus_random_pca,0.39400428265524623,0.038040107504651643,3.7976571564922246,0.16042976081371307,0.10997933894395828,0.3340480274442539,0.1610502377506719,3.2197616571234247,0.12607166171073914,0.07562123984098434,0.2594895989706198,0.2501550547860244,2.5011213734149758,0.10189274698495865,0.05144232511520386
arousal_spike_rows_2_6_train_q90,grouped_video,1,regression_plus_binary,20260626,ar_plus_random_pca,0.41113490364025695,0.039694025222245195,3.962772685035365,0.17118234932422638,0.12073192745447159,0.32032590051457976,0.15443456688029772,3.0874993040708576,0.12338168919086456,0.07293126732110977,0.25734505683036674,0.24808765763903246,2.4804509488412982,0.10185588896274567,0.051405467092990875
arousal_spike_rows_2_6_train_q90,grouped_video,1,regression_plus_binary,20260627,ar_plus_random_pca,0.37687366167023556,0.03638618978705809,3.632541627949085,0.158427432179451,0.1079770103096962,0.3353344768439108,0.1616704568947695,3.232161252722103,0.12811881303787231,0.07766839116811752,0.2659232253913789,0.2563572462270002,2.5631326471360074,0.10362539440393448,0.05317497253417969
arousal_spike_rows_2_6_train_q90,grouped_video,1,binary,20260625,ar_plus_shuffled_pca,0.3961456102783726,0.03824684721935084,3.8182965975601175,0.16101041436195374,0.11055999249219894,0.32547169811320753,0.15691544345668804,3.13709768646557,0.1263446807861328,0.07589425891637802,0.2639931374651512,0.2544965887947075,2.544529265019698,0.10401098430156708,0.053560562431812286
arousal_spike_rows_2_6_train_q90,grouped_video,1,binary,20260626,ar_plus_shuffled_pca,0.41113490364025695,0.039694025222245195,3.962772685035365,0.16509653627872467,0.11464611440896988,0.3211835334476844,0.1548480463096961,3.095765701136643,0.12325311452150345,0.07280269265174866,0.25777396525841734,0.24850113706843086,2.4845850337560336,0.10205304622650146,0.051602624356746674
arousal_spike_rows_2_6_train_q90,grouped_video,1,binary,20260627,ar_plus_shuffled_pca,0.4346895074946467,0.041968162083936326,4.189806536782183,0.1717497855424881,0.1212993636727333,0.32075471698113206,0.1546413065949969,3.0916325026037503,0.12446362525224686,0.07401320338249207,0.26292086639502465,0.2534628902212115,2.5341940527328592,0.10406922549009323,0.05361880362033844
arousal_spike_rows_2_6_train_q90,grouped_video,1,regression,20260625,ar_plus_shuffled_pca,0.4068522483940043,0.03928054579284681,3.92149380289958,0.15783189237117767,0.10738147050142288,0.3100343053173242,0.14947281372751706,2.9883025392814324,0.12187372893095016,0.07142330706119537,0.25176924726570876,0.24271242505685342,2.4267078449497363,0.10361018776893616,0.053159765899181366
arousal_spike_rows_2_6_train_q90,grouped_video,1,regression,20260626,ar_plus_shuffled_pca,0.39400428265524623,0.038040107504651643,3.7976571564922246,0.153864324092865,0.1034139022231102,0.31646655231560894,0.15257390944800497,3.0503005172748234,0.12291684746742249,0.0724664255976677,0.2562727857602402,0.24705395906553648,2.4701157365544595,0.10408014804124832,0.05362972617149353
arousal_spike_rows_2_6_train_q90,grouped_video,1,regression,20260627,ar_plus_shuffled_pca,0.43897216274089934,0.04238164151333471,4.231085418917968,0.17140263319015503,0.12095221132040024,0.3181818181818182,0.15340086830680175,3.066833311406394,0.12554356455802917,0.07509314268827438,0.2560583315462149,0.24684721935083728,2.4680486940970914,0.105538509786129,0.05508808791637421
arousal_spike_rows_2_6_train_q90,grouped_video,1,regression_plus_binary,20260625,ar_plus_shuffled_pca,0.4004282655246253,0.03866032664874922,3.8595754796959025,0.16025514900684357,0.10980472713708878,0.32075471698113206,0.1546413065949969,3.0916325026037503,0.12461382150650024,0.07416339963674545,0.2618485953248981,0.25242919164771555,2.5238588404460205,0.10294866561889648,0.05249824374914169
arousal_spike_rows_2_6_train_q90,grouped_video,1,regression_plus_binary,20260626,ar_plus_shuffled_pca,0.4068522483940043,0.03928054579284681,3.92149380289958,0.1610095351934433,0.11055911332368851,0.31689536878216124,0.15278064916270415,3.054433715807716,0.12304941564798355,0.07259899377822876,0.25069697619558223,0.24167872648335745,2.4163726326628976,0.10031259804964066,0.049862176179885864
arousal_spike_rows_2_6_train_q90,grouped_video,1,regression_plus_binary,20260627,ar_plus_shuffled_pca,0.4068522483940043,0.03928054579284681,3.92149380289958,0.16461995244026184,0.11416953057050705,0.3160377358490566,0.15236716973330577,3.0461673187419303,0.1229659840464592,0.0725155621767044,0.26163414111087285,0.25222245193301635,2.5217917979886533,0.10286781191825867,0.052417390048503876
arousal_spike_rows_2_6_train_q90,grouped_video,1,binary,20260625,diag_only,0.1284796573875803,0.012404382881951623,1.2383664640735517,0.06373093277215958,0.013280510902404785,0.11921097770154374,0.05747364068637585,1.1490291921441746,0.06056778132915497,0.010117359459400177,0.12202444778039888,0.11763489766384122,1.1761471582422487,0.058951497077941895,0.008501075208187103
arousal_spike_rows_2_6_train_q90,grouped_video,1,binary,20260626,diag_only,0.14132762312633834,0.013644821170146785,1.362203110480907,0.07247727364301682,0.022026851773262024,0.12006861063464837,0.05788712011577424,1.1572955892099601,0.06064921244978905,0.010198790580034256,0.11752090928586746,0.11329336365515816,1.132739266637526,0.057770658284425735,0.007320236414670944
arousal_spike_rows_2_6_train_q90,grouped_video,1,binary,20260627,diag_only,0.14346895074946467,0.013851560884845978,1.3828425515487992,0.07257478684186935,0.022124364972114563,0.129073756432247,0.06222865412445731,1.244092758400707,0.06370264291763306,0.013252221047878265,0.11323182500536136,0.10915856936117428,1.0913984174901712,0.05675625056028366,0.00630582869052887
arousal_spike_rows_2_6_train_q90,grouped_video,1,regression,20260625,diag_only,0.15845824411134904,0.015298738887740335,1.527318639024047,0.07657822966575623,0.026127807796001434,0.16337907375643224,0.0787678313003928,1.574748641032124,0.0729813426733017,0.022530920803546906,0.14861677031953677,0.14327062228654125,1.4324604229558495,0.06667307764291763,0.016222655773162842
arousal_spike_rows_2_6_train_q90,grouped_video,1,regression,20260626,diag_only,0.15203426124197003,0.014678519743642754,1.4654003158203694,0.0778416246175766,0.027391202747821808,0.13765008576329332,0.06636344841844118,1.3267567290585613,0.06539802998304367,0.01494760811328888,0.12867252841518337,0.12404382881951623,1.2402254744206491,0.060238707810640335,0.009788285940885544
arousal_spike_rows_2_6_train_q90,grouped_video,1,regression,20260627,diag_only,0.15417558886509636,0.014885259458341947,1.486039756888262,0.07610798627138138,0.025657564401626587,0.14193825042881647,0.06843084556543312,1.3680887143874885,0.0647515058517456,0.014301083981990814,0.14046751018657516,0.1354145131279719,1.353912809575875,0.06316248327493668,0.012712061405181885
arousal_spike_rows_2_6_train_q90,grouped_video,1,regression_plus_binary,20260625,diag_only,0.14132762312633834,0.013644821170146785,1.362203110480907,0.07089715451002121,0.02044673264026642,0.11106346483704975,0.053545586107091175,1.0704984200192131,0.05874913930892944,0.008298717439174652,0.10808492386875403,0.10419681620839363,1.041789398513345,0.05515022575855255,0.00469980388879776
arousal_spike_rows_2_6_train_q90,grouped_video,1,regression_plus_binary,20260626,diag_only,0.14775160599571735,0.014265040314244366,1.4241214336845844,0.07283739000558853,0.02238696813583374,0.12478559176672384,0.06016125697746537,1.2027607730717798,0.05996420234441757,0.00951378047466278,0.11794981771391808,0.11370684308455654,1.1368733515522615,0.05661499500274658,0.006164573132991791
arousal_spike_rows_2_6_train_q90,grouped_video,1,regression_plus_binary,20260627,diag_only,0.139186295503212,0.013438081455447592,1.3415636694130142,0.07076941430568695,0.02031899243593216,0.11578044596912522,0.05581972296878231,1.115963603881033,0.05809750035405159,0.007647078484296799,0.1190220887840446,0.11474054165805252,1.1472085638391003,0.05791309103369713,0.007462669163942337
arousal_spike_rows_2_6_train_q90,grouped_video,1,binary,20260625,label_permutation,0.14132762312633834,0.013644821170146785,1.362203110480907,0.06018062308430672,0.009730201214551926,0.14193825042881647,0.06843084556543312,1.3680887143874885,0.06236253306269646,0.011912111192941666,0.1269568947029809,0.12238991110192268,1.223689134761707,0.05795340985059738,0.00750298798084259
arousal_spike_rows_2_6_train_q90,grouped_video,1,binary,20260626,label_permutation,0.09635974304068523,0.009303287161463718,0.9287748480551637,0.046766456216573715,-0.003683965653181076,0.09905660377358491,0.04775687409551375,0.9547688610982171,0.04935311898589134,-0.001097302883863449,0.10186575166202017,0.09820136448211701,0.9818451672496805,0.050540126860141754,8.970499038696289e-05
arousal_spike_rows_2_6_train_q90,grouped_video,1,binary,20260627,label_permutation,0.139186295503212,0.013438081455447592,1.3415636694130142,0.05743313580751419,0.006982713937759399,0.12564322469982847,0.06057473640686376,1.2110271701375652,0.05708947777748108,0.006639055907726288,0.12073772249624705,0.11639445937564606,1.1637449034980423,0.055734824389219284,0.005284402519464493
arousal_spike_rows_2_6_train_q90,grouped_video,1,regression,20260625,label_permutation,0.12633832976445397,0.01219764316725243,1.2177270230056592,0.05581449344754219,0.005364071577787399,0.1153516295025729,0.055612983254083106,1.1118304053481403,0.05125672370195389,0.0008063018321990967,0.10980055758095647,0.10585073392598718,1.058325738172287,0.050670310854911804,0.00021988898515701294
arousal_spike_rows_2_6_train_q90,grouped_video,1,regression,20260626,label_permutation,0.14775160599571735,0.014265040314244366,1.4241214336845844,0.05752923712134361,0.007078815251588821,0.12521440823327615,0.06036799669216456,1.2068939716046725,0.05370984598994255,0.0032594241201877594,0.11344627921938666,0.10936530907587348,1.0934654599475389,0.05075592175126076,0.0003054998815059662
arousal_spike_rows_2_6_train_q90,grouped_video,1,regression,20260627,label_permutation,0.10278372591006424,0.009923506305561299,0.9906931712588413,0.05344874784350395,0.0029983259737491608,0.11449399656946826,0.05519950382468472,1.1035640082823548,0.053556863218545914,0.0031064413487911224,0.10636929015655158,0.10254289849080009,1.025253058854403,0.05121029168367386,0.0007598698139190674
arousal_spike_rows_2_6_train_q90,grouped_video,1,regression_plus_binary,20260625,label_permutation,0.0835117773019272,0.008062848873268556,0.8049382016478086,0.04466289281845093,-0.0057875290513038635,0.10420240137221269,0.05023775067190407,1.0043672434929296,0.050084762275218964,-0.00036565959453582764,0.10829937808277933,0.10440355592309282,1.043856440970713,0.05238094553351402,0.0019305236637592316
arousal_spike_rows_2_6_train_q90,grouped_video,1,regression_plus_binary,20260626,label_permutation,0.11777301927194861,0.011370684308455654,1.135169258734089,0.05619628727436066,0.0057458654046058655,0.10763293310463122,0.051891668389497624,1.0374328317560713,0.0519079864025116,0.0014575645327568054,0.11022946600900707,0.10626421335538556,1.0624598230870226,0.05239858478307724,0.0019481629133224487
arousal_spike_rows_2_6_train_q90,grouped_video,1,regression_plus_binary,20260627,label_permutation,0.13704496788008566,0.013231341740748397,1.3209242283451217,0.05900769680738449,0.0085572749376297,0.12564322469982847,0.06057473640686376,1.2110271701375652,0.057028912007808685,0.006578490138053894,0.12331117306455072,0.11887533595203639,1.1885494129864553,0.05633678287267685,0.005886361002922058
arousal_spike_rows_2_6_train_q90,grouped_video,1,binary,20260625,pca_only_random,0.09850107066381156,0.009510026876162911,0.9494142891230561,0.04959837347269058,-0.000852048397064209,0.09348198970840481,0.04506925780442423,0.9010372801706118,0.048827867954969406,-0.0016225539147853851,0.09864893845164058,0.09510026876162911,0.9508395303891642,0.049931012094020844,-0.0005194097757339478
arousal_spike_rows_2_6_train_q90,grouped_video,1,binary,20260626,pca_only_random,0.10706638115631692,0.010336985734959685,1.0319720533946264,0.05085114762187004,0.00040072575211524963,0.10120068610634649,0.04879057266900972,0.9754348537626806,0.04885709658265114,-0.001593325287103653,0.10057902637786832,0.09696092619392185,0.9694429125054739,0.049749407917261124,-0.0007010139524936676
arousal_spike_rows_2_6_train_q90,grouped_video,1,binary,20260627,pca_only_random,0.08565310492505353,0.008269588587967749,0.825577642715701,0.04610185697674751,-0.0043485648930072784,0.1072041166380789,0.05168492867479843,1.0332996332231785,0.053416166454553604,0.002965744584798813,0.10658374437057688,0.10274963820549927,1.027320101311771,0.05189259722828865,0.0014421753585338593
arousal_spike_rows_2_6_train_q90,grouped_video,1,regression,20260625,pca_only_random,0.12633832976445397,0.01219764316725243,1.2177270230056592,0.05436573550105095,0.003915313631296158,0.11406518010291596,0.05499276410998553,1.099430809749462,0.053242992609739304,0.0027925707399845123,0.10572592751447565,0.1019226793467025,1.0190519314822999,0.05153349041938782,0.0010830685496330261
arousal_spike_rows_2_6_train_q90,grouped_video,1,regression,20260626,pca_only_random,0.10492505353319058,0.010130246020260492,1.0113326123267339,0.0526735894382,0.0022231675684452057,0.11063464837049743,0.053338846392391975,1.0663652214863204,0.05228497460484505,0.0018345527350902557,0.10358138537422261,0.09985528219971057,0.9983815069086225,0.05001998320221901,-0.00043043866753578186
arousal_spike_rows_2_6_train_q90,grouped_video,1,regression,20260627,pca_only_random,0.12205567451820129,0.011784163737854042,1.1764481408698741,0.05570777878165245,0.005257356911897659,0.10248713550600343,0.0494107918131073,0.9878344493613587,0.051217079162597656,0.000766657292842865,0.10079348059189364,0.09716766590862104,0.9715099549628418,0.050016701221466064,-0.0004337206482887268
arousal_spike_rows_2_6_train_q90,grouped_video,1,regression_plus_binary,20260625,pca_only_random,0.07922912205567452,0.007649369443870168,0.7636593195120235,0.04305632412433624,-0.007394097745418549,0.09005145797598628,0.04341534008683068,0.86797169190747,0.04669220373034477,-0.003758218139410019,0.09822003002358996,0.09468678933223072,0.9467054454744287,0.04950105771422386,-0.0009493641555309296
arousal_spike_rows_2_6_train_q90,grouped_video,1,regression_plus_binary,20260626,pca_only_random,0.10706638115631692,0.010336985734959685,1.0319720533946264,0.05159034952521324,0.0011399276554584503,0.10205831903945112,0.049204052098408106,0.983701250828466,0.04912452772259712,-0.001325894147157669,0.10443920223032382,0.10068224105850734,1.0066496767380935,0.051232486963272095,0.0007820650935173035
arousal_spike_rows_2_6_train_q90,grouped_video,1,regression_plus_binary,20260627,pca_only_random,0.11563169164882227,0.011163944593756461,1.1145298176661964,0.05707627162337303,0.00662584975361824,0.1016295025728988,0.04899731238370891,0.9795680522955733,0.05065640062093735,0.00020597875118255615,0.10272356851812138,0.09902832334091378,0.9901133370791514,0.04986300319433212,-0.0005874186754226685
arousal_spike_rows_2_6_train_q90,grouped_video,1,binary,20260625,pca_only_real,0.20985010706638116,0.020260492040520984,2.0226652246534678,0.09142060577869415,0.04097018390893936,0.1783876500857633,0.08600372131486458,1.7194105896833691,0.07902926951646805,0.028578847646713257,0.15312030881406818,0.1476121562952243,1.4758683145605722,0.07034876942634583,0.019898347556591034
arousal_spike_rows_2_6_train_q90,grouped_video,1,binary,20260626,pca_only_real,0.21841541755888652,0.02108745089931776,2.105222988925038,0.09238533675670624,0.04193491488695145,0.17710120068610635,0.085383502170767,1.7070109940846911,0.07807812094688416,0.027627699077129364,0.15826720995067553,0.15257390944800497,1.5254773335373981,0.07144398987293243,0.020993568003177643
arousal_spike_rows_2_6_train_q90,grouped_video,1,binary,20260627,pca_only_real,0.1948608137044968,0.01881331403762663,1.87818913717822,0.08785265684127808,0.037402234971523285,0.16295025728987994,0.07856109158569362,1.5706154424992316,0.07533320784568787,0.024882785975933075,0.14711559082135964,0.14182344428364688,1.4179911257542752,0.06855279207229614,0.01810237020254135
arousal_spike_rows_2_6_train_q90,grouped_video,1,regression,20260625,pca_only_real,0.24839400428265523,0.02398180690510647,2.394175163875533,0.09602615982294083,0.045575737953186035,0.17753001715265868,0.0855902418854662,1.7111441926175839,0.0759923905134201,0.025541968643665314,0.15955393523482736,0.15381434773620012,1.5378795882816045,0.07143504917621613,0.020984627306461334
arousal_spike_rows_2_6_train_q90,grouped_video,1,regression,20260626,pca_only_real,0.27194860813704497,0.0262559437667976,2.621209015622351,0.10538987815380096,0.05493945628404617,0.20197255574614065,0.09737440562332024,1.9467365089924684,0.08314961940050125,0.03269919753074646,0.17092000857816855,0.1647715526152574,1.6474328385220953,0.0732814148068428,0.022830992937088013
arousal_spike_rows_2_6_train_q90,grouped_video,1,regression,20260627,pca_only_real,0.2698072805139186,0.02604920405209841,2.6005695745544584,0.10122290253639221,0.05077248066663742,0.18696397941680962,0.09013851560884846,1.8020745603412236,0.07670243829488754,0.02625201642513275,0.16748874115376367,0.1614637171800703,1.6143601592042114,0.07270005345344543,0.022249631583690643
arousal_spike_rows_2_6_train_q90,grouped_video,1,regression_plus_binary,20260625,pca_only_real,0.20342612419700215,0.019640272896423405,1.96074690144979,0.08861279487609863,0.03816237300634384,0.16852487135506003,0.08124870787678314,1.6243470234268367,0.07671459764242172,0.02626417577266693,0.1533347630280935,0.1478188960099235,1.47793535701794,0.07002893090248108,0.019578509032726288
arousal_spike_rows_2_6_train_q90,grouped_video,1,regression_plus_binary,20260626,pca_only_real,0.20770877944325483,0.02005375232582179,2.0020257835855753,0.09396476298570633,0.04351434111595154,0.1758147512864494,0.08476328302666943,1.694611398486013,0.07821546494960785,0.027765043079853058,0.15505039674029594,0.14947281372751706,1.4944716966768818,0.07005379348993301,0.019603371620178223
arousal_spike_rows_2_6_train_q90,grouped_video,1,regression_plus_binary,20260627,pca_only_real,0.20985010706638116,0.020260492040520984,2.0226652246534678,0.09626929461956024,0.04581887274980545,0.15523156089193826,0.07483977672110813,1.4962178689071628,0.07343626022338867,0.02298583835363388,0.14690113660733434,0.1416167045689477,1.4159240832969076,0.06861907988786697,0.018168658018112183
arousal_spike_rows_2_6_train_q90,grouped_video,1,binary,20260625,pca_only_shuffled,0.10920770877944326,0.01054372544965888,1.052611494462519,0.054355438798666,0.003905016928911209,0.10548885077186965,0.05085796981600165,1.0167668390916078,0.05120499059557915,0.0007545687258243561,0.10872828651082994,0.10481703535249122,1.0479905258854483,0.05170239880681038,0.0012519769370555878
arousal_spike_rows_2_6_train_q90,grouped_video,1,binary,20260626,pca_only_shuffled,0.10278372591006424,0.009923506305561299,0.9906931712588413,0.04806864261627197,-0.0023817792534828186,0.10591766723842196,0.051064709530700844,1.0209000376245005,0.051429759711027145,0.0009793378412723541,0.10572592751447565,0.1019226793467025,1.0190519314822999,0.05139937996864319,0.0009489580988883972
arousal_spike_rows_2_6_train_q90,grouped_video,1,binary,20260627,pca_only_shuffled,0.1006423982869379,0.009716766590862104,0.9700537301909488,0.05017673596739769,-0.00027368590235710144,0.10205831903945112,0.049204052098408106,0.983701250828466,0.04953400418162346,-0.0009164176881313324,0.10165129744799485,0.09799462476741783,0.9797781247923126,0.04957772046327591,-0.0008727014064788818
arousal_spike_rows_2_6_train_q90,grouped_video,1,regression,20260625,pca_only_shuffled,0.1006423982869379,0.009716766590862104,0.9700537301909488,0.049381934106349945,-0.0010684877634048462,0.11063464837049743,0.053338846392391975,1.0663652214863204,0.051731593906879425,0.0012811720371246338,0.10915719493888056,0.1052305147818896,1.0521246108001838,0.05254397168755531,0.002093549817800522
arousal_spike_rows_2_6_train_q90,grouped_video,1,regression,20260626,pca_only_shuffled,0.1284796573875803,0.012404382881951623,1.2383664640735517,0.05657142028212547,0.006120998412370682,0.09305317324185249,0.04486251808972504,0.8969040816377191,0.046939972788095474,-0.003510449081659317,0.1033669311601973,0.09964854248501137,0.9963144644512546,0.05000091344118118,-0.0004495084285736084
arousal_spike_rows_2_6_train_q90,grouped_video,1,regression,20260627,pca_only_shuffled,0.10278372591006424,0.009923506305561299,0.9906931712588413,0.048359211534261703,-0.0020912103354930878,0.09777015437392796,0.04713665495141617,0.9423692654995388,0.04883132129907608,-0.001619100570678711,0.10508256487239974,0.10130246020260492,1.0128508041101967,0.051287803798913956,0.0008373819291591644
arousal_spike_rows_2_6_train_q90,grouped_video,1,regression_plus_binary,20260625,pca_only_shuffled,0.09850107066381156,0.009510026876162911,0.9494142891230561,0.04919973388314247,-0.00125068798661232,0.09734133790737565,0.046929915236716975,0.9382360669666462,0.046570371836423874,-0.0038800500333309174,0.10186575166202017,0.09820136448211701,0.9818451672496805,0.0497019961476326,-0.0007484257221221924
arousal_spike_rows_2_6_train_q90,grouped_video,1,regression_plus_binary,20260626,pca_only_shuffled,0.11349036402569593,0.010957204879057266,1.093890376598304,0.051465705037117004,0.0010152831673622131,0.10334476843910806,0.049824271242505686,0.9961008464271441,0.05046013370156288,9.71183180809021e-06,0.103152476946172,0.09944180277031217,0.9942474219938869,0.05010731890797615,-0.00034310296177864075
arousal_spike_rows_2_6_train_q90,grouped_video,1,regression_plus_binary,20260627,pca_only_shuffled,0.11563169164882227,0.011163944593756461,1.1145298176661964,0.05468725040555,0.004236828535795212,0.10291595197255575,0.04961753152780649,0.9919676478942515,0.05070730671286583,0.0002568848431110382,0.10208020587604547,0.09840810419681621,0.9839122097070482,0.050553373992443085,0.00010295212268829346
arousal_spike_rows_2_6_train_q90,grouped_video,1,binary,20260625,quality_only,0.11777301927194861,0.011370684308455654,1.135169258734089,0.0694461464881897,0.018995724618434906,0.11706689536878216,0.056439942112879886,1.128363199479711,0.058516986668109894,0.008066564798355103,0.10165129744799485,0.09799462476741783,0.9797781247923126,0.05299542099237442,0.002544999122619629
arousal_spike_rows_2_6_train_q90,grouped_video,1,binary,20260626,quality_only,0.1349036402569593,0.013024602026049204,1.3002847872772292,0.07524339109659195,0.024792969226837158,0.09948542024013722,0.04796361381021294,0.9589020596311097,0.056369442492723465,0.005919020622968674,0.10122238901994424,0.09758114533801944,0.9756440398775771,0.053158264607191086,0.0027078427374362946
arousal_spike_rows_2_6_train_q90,grouped_video,1,binary,20260627,quality_only,0.10706638115631692,0.010336985734959685,1.0319720533946264,0.06925122439861298,0.018800802528858185,0.09648370497427101,0.04651643580731859,0.9299696699008607,0.05508628487586975,0.00463586300611496,0.09800557580956466,0.09448004961753152,0.944638403017061,0.05318308249115944,0.002732660621404648
arousal_spike_rows_2_6_train_q90,grouped_video,1,regression,20260625,quality_only,0.13062098501070663,0.012611122596650816,1.259005905141444,0.07745647430419922,0.027006052434444427,0.11449399656946826,0.05519950382468472,1.1035640082823548,0.059139639139175415,0.008689217269420624,0.103152476946172,0.09944180277031217,0.9942474219938869,0.053321801126003265,0.002871379256248474
arousal_spike_rows_2_6_train_q90,grouped_video,1,regression,20260626,quality_only,0.16274089935760172,0.01571221831713872,1.5685975211598322,0.08514818549156189,0.0346977636218071,0.10034305317324185,0.04837709323961133,0.9671684566968952,0.05573594570159912,0.00528552383184433,0.09114304096075487,0.08786437874715733,0.8784930443812929,0.05136958137154579,0.0009191595017910004
arousal_spike_rows_2_6_train_q90,grouped_video,1,regression,20260627,quality_only,0.139186295503212,0.013438081455447592,1.3415636694130142,0.0793195441365242,0.02886912226676941,0.09734133790737565,0.046929915236716975,0.9382360669666462,0.05490584671497345,0.0044554248452186584,0.08621059403817286,0.08310936530907587,0.8309510678618348,0.049871981143951416,-0.0005784407258033752
arousal_spike_rows_2_6_train_q90,grouped_video,1,regression_plus_binary,20260625,quality_only,0.11991434689507495,0.011577424023154847,1.1558086998019814,0.07040661573410034,0.01995619386434555,0.11363636363636363,0.054786024395286334,1.0952976112165693,0.05985642224550247,0.00940600037574768,0.1074415612266781,0.10357659706429605,1.0355882711412419,0.05525974929332733,0.00480932742357254
arousal_spike_rows_2_6_train_q90,grouped_video,1,regression_plus_binary,20260626,quality_only,0.11991434689507495,0.011577424023154847,1.1558086998019814,0.07162308692932129,0.021172665059566498,0.09862778730703259,0.047550134380814554,0.9506356625653243,0.05674752965569496,0.00629710778594017,0.10122238901994424,0.09758114533801944,0.9756440398775771,0.053570836782455444,0.003120414912700653
arousal_spike_rows_2_6_train_q90,grouped_video,1,regression_plus_binary,20260627,quality_only,0.11991434689507495,0.011577424023154847,1.1558086998019814,0.07063960283994675,0.020189180970191956,0.09819897084048028,0.04734339466611536,0.9465024640324317,0.05523528531193733,0.004784863442182541,0.09993566373579241,0.09634070704982427,0.9632417851333707,0.05210821330547333,0.0016577914357185364
arousal_spike_rows_2_6_train_q90,grouped_video,1,binary,20260625,real_ar_pca_diag,0.4411134903640257,0.042588381228033906,4.251724859985861,0.17339293658733368,0.12294251471757889,0.3280445969125214,0.15815588174488318,3.1618968776629264,0.12838679552078247,0.07793637365102768,0.2800772035170491,0.270002067397147,2.6995574493222794,0.10957523435354233,0.05912481248378754
arousal_spike_rows_2_6_train_q90,grouped_video,1,binary,20260626,real_ar_pca_diag,0.4625267665952891,0.044655778375025844,4.458119270664786,0.1884123533964157,0.13796193152666092,0.3190394511149228,0.15381434773620012,3.07509970847218,0.12446803599596024,0.07401761412620544,0.2747158481664165,0.26483357452966716,2.6478813878880856,0.1071465015411377,0.056696079671382904
arousal_spike_rows_2_6_train_q90,grouped_video,1,binary,20260627,real_ar_pca_diag,0.41541755888650966,0.04010750465164358,4.0040515671711505,0.16613547503948212,0.11568505316972733,0.31217838765008576,0.15050651230101303,3.008968531945896,0.12442762404680252,0.07397720217704773,0.273000214454214,0.2631796568120736,2.6313450482291434,0.10707453638315201,0.05662411451339722
arousal_spike_rows_2_6_train_q90,grouped_video,1,regression,20260625,real_ar_pca_diag,0.49464668094218417,0.04775687409551375,4.767710886683174,0.1972508430480957,0.1468004211783409,0.35291595197255576,0.17014678519743642,3.401622392570704,0.13532356917858124,0.08487314730882645,0.28865537207806136,0.2782716559851147,2.7822391476169894,0.11273925006389618,0.06228882819414139
arousal_spike_rows_2_6_train_q90,grouped_video,1,regression,20260626,real_ar_pca_diag,0.5053533190578159,0.04879057266900972,4.870908092022637,0.1960490345954895,0.1455986127257347,0.35334476843910806,0.17035352491213562,3.405755591103597,0.13390281796455383,0.08345239609479904,0.27771820716277074,0.26772793053545585,2.6768199822912337,0.10929912328720093,0.058848701417446136
arousal_spike_rows_2_6_train_q90,grouped_video,1,regression,20260627,real_ar_pca_diag,0.5010706638115632,0.04837709323961133,4.829629209886852,0.19082076847553253,0.14037034660577774,0.3426243567753002,0.1651850320446558,3.302425627781279,0.13040724396705627,0.07995682209730148,0.27728929873472014,0.26731445110605745,2.6726858973764984,0.10935898870229721,0.05890856683254242
arousal_spike_rows_2_6_train_q90,grouped_video,1,regression_plus_binary,20260625,real_ar_pca_diag,0.4475374732334047,0.043208600372131485,4.313643183189538,0.17632527649402618,0.1258748546242714,0.3216123499142367,0.1550547860243953,3.099898899669536,0.12690968811511993,0.07645926624536514,0.275788119236543,0.2658672731031631,2.6582166001749243,0.10840598493814468,0.05795556306838989
arousal_spike_rows_2_6_train_q90,grouped_video,1,regression_plus_binary,20260626,real_ar_pca_diag,0.4346895074946467,0.041968162083936326,4.189806536782183,0.1802244633436203,0.1297740414738655,0.31861063464837047,0.15360760802150092,3.0709665099392867,0.125639408826828,0.07518898695707321,0.27321466866823935,0.2633863965267728,2.6334120906865115,0.10643701255321503,0.055986590683460236
arousal_spike_rows_2_6_train_q90,grouped_video,1,regression_plus_binary,20260627,real_ar_pca_diag,0.43683083511777304,0.04217490179863552,4.210445977850076,0.17778629064559937,0.12733586877584457,0.31732418524871353,0.15298738887740335,3.0585669143406085,0.1231718361377716,0.07272141426801682,0.26892558438773323,0.2592516022327889,2.5920712415391565,0.10603649169206619,0.0555860698223114
arousal_spike_rows_2_6_train_q90,grouped_video,1,binary,20260625,shuffled_diag_only,0.11777301927194861,0.011370684308455654,1.135169258734089,0.05486344173550606,0.0044130198657512665,0.10291595197255575,0.04961753152780649,0.9919676478942515,0.05071140080690384,0.00026097893714904785,0.10229466009007077,0.0986148439115154,0.9859792521644158,0.0504525788128376,2.1569430828094482e-06
arousal_spike_rows_2_6_train_q90,grouped_video,1,binary,20260626,shuffled_diag_only,0.0835117773019272,0.008062848873268556,0.8049382016478086,0.046700723469257355,-0.0037496984004974365,0.10548885077186965,0.05085796981600165,1.0167668390916078,0.05101250857114792,0.0005620867013931274,0.10679819858460218,0.10295637792019847,1.0293871437691386,0.05164137855172157,0.0011909566819667816
arousal_spike_rows_2_6_train_q90,grouped_video,1,binary,20260627,shuffled_diag_only,0.07494646680942184,0.00723589001447178,0.7223804373762384,0.04255123436450958,-0.007899187505245209,0.10377358490566038,0.05003101095720488,1.0002340449600369,0.05194976553320885,0.0014993436634540558,0.09950675530774179,0.09592722762042588,0.9591077002186351,0.05067546293139458,0.00022504106163978577
arousal_spike_rows_2_6_train_q90,grouped_video,1,regression,20260625,shuffled_diag_only,0.11563169164882227,0.011163944593756461,1.1145298176661964,0.051417239010334015,0.0009668171405792236,0.11192109777015437,0.05395906553648956,1.0787648170849984,0.053152259439229965,0.002701837569475174,0.11258846236328544,0.1085383502170767,1.085197290118068,0.05276678502559662,0.0023163631558418274
arousal_spike_rows_2_6_train_q90,grouped_video,1,regression,20260626,shuffled_diag_only,0.10278372591006424,0.009923506305561299,0.9906931712588413,0.047468677163124084,-0.002981744706630707,0.10849056603773585,0.05230514781889601,1.0456992288218567,0.05297074094414711,0.0025203190743923187,0.10679819858460218,0.10295637792019847,1.0293871437691386,0.05196741595864296,0.0015169940888881683
arousal_spike_rows_2_6_train_q90,grouped_video,1,regression,20260627,shuffled_diag_only,0.09635974304068523,0.009303287161463718,0.9287748480551637,0.04894457012414932,-0.0015058517456054688,0.10248713550600343,0.0494107918131073,0.9878344493613587,0.050218623131513596,-0.00023179873824119568,0.10486811065837444,0.10109572048790573,1.0107837616528288,0.04913325980305672,-0.0013171620666980743
arousal_spike_rows_2_6_train_q90,grouped_video,1,regression_plus_binary,20260625,shuffled_diag_only,0.10706638115631692,0.010336985734959685,1.0319720533946264,0.052413515746593475,0.001963093876838684,0.10463121783876501,0.050444490386603265,1.0085004420258223,0.05221433565020561,0.001763913780450821,0.10208020587604547,0.09840810419681621,0.9839122097070482,0.050894711166620255,0.00044428929686546326
arousal_spike_rows_2_6_train_q90,grouped_video,1,regression_plus_binary,20260626,shuffled_diag_only,0.08779443254817987,0.008476328302666942,0.8462170837835936,0.051646601408720016,0.0011961795389652252,0.10420240137221269,0.05023775067190407,1.0043672434929296,0.04986456036567688,-0.0005858615040779114,0.10272356851812138,0.09902832334091378,0.9901133370791514,0.04965319111943245,-0.0007972307503223419
arousal_spike_rows_2_6_train_q90,grouped_video,1,regression_plus_binary,20260627,shuffled_diag_only,0.08993576017130621,0.008683068017366137,0.8668565248514861,0.04739879071712494,-0.0030516311526298523,0.09562607204116638,0.046102956377920196,0.9217032728350754,0.04867422953248024,-0.0017761923372745514,0.10036457216384302,0.09675418647922265,0.9673758700481062,0.0497526116669178,-0.0006978102028369904
arousal_spike_rows_2_6_train_q90,grouped_video,1,binary,20260625,time_only,0.14132762312633834,0.013644821170146785,1.362203110480907,0.0770249143242836,0.02657449245452881,0.1483704974271012,0.07153194128592102,1.4300866923808793,0.07052803039550781,0.02007760852575302,0.1376796054042462,0.13272689683688235,1.3270412576300945,0.06508331745862961,0.014632895588874817
arousal_spike_rows_2_6_train_q90,grouped_video,1,binary,20260626,time_only,0.14346895074946467,0.013851560884845978,1.3828425515487992,0.07278705388307571,0.022336632013320923,0.12178387650085763,0.05871407897457102,1.1738283833415308,0.06235472857952118,0.011904306709766388,0.11794981771391808,0.11370684308455654,1.1368733515522615,0.05832144245505333,0.007871020585298538
arousal_spike_rows_2_6_train_q90,grouped_video,1,binary,20260627,time_only,0.13704496788008566,0.013231341740748397,1.3209242283451217,0.07456529140472412,0.02411486953496933,0.14150943396226415,0.06822410585073392,1.3639555158545957,0.06828248500823975,0.017832063138484955,0.13553506326399314,0.13065949968989043,1.306370833056417,0.06317911297082901,0.012728691101074219
arousal_spike_rows_2_6_train_q90,grouped_video,1,regression,20260625,time_only,0.10920770877944326,0.01054372544965888,1.052611494462519,0.05289134010672569,0.0024409182369709015,0.1260720411663808,0.060781476121562955,1.2151603686704582,0.05784160643815994,0.007391184568405151,0.13489170062191722,0.13003928054579283,1.3001697056843136,0.06264517456293106,0.01219475269317627
arousal_spike_rows_2_6_train_q90,grouped_video,1,regression,20260626,time_only,0.145610278372591,0.014058300599545173,1.4034819926166917,0.07908347249031067,0.028633050620555878,0.12478559176672384,0.06016125697746537,1.2027607730717798,0.06184936314821243,0.011398941278457642,0.12888698262920867,0.12425056853421543,1.2422925168780168,0.0614374615252018,0.010987039655447006
arousal_spike_rows_2_6_train_q90,grouped_video,1,regression,20260627,time_only,0.1349036402569593,0.013024602026049204,1.3002847872772292,0.07275034487247467,0.02229992300271988,0.13336192109777015,0.06429605127144924,1.2854247437296342,0.06582615524530411,0.015375733375549316,0.13617842590606904,0.131279718833988,1.31257196042852,0.0632755234837532,0.012825101613998413
arousal_spike_rows_2_6_train_q90,grouped_video,1,regression_plus_binary,20260625,time_only,0.14132762312633834,0.013644821170146785,1.362203110480907,0.07679872959852219,0.026348307728767395,0.1432246998284734,0.06905106470953071,1.3804883099861667,0.06928782165050507,0.018837399780750275,0.13939523911644863,0.13438081455447592,1.3435775972890363,0.06392338126897812,0.013472959399223328
arousal_spike_rows_2_6_train_q90,grouped_video,1,regression_plus_binary,20260626,time_only,0.14132762312633834,0.013644821170146785,1.362203110480907,0.07585864514112473,0.025408223271369934,0.1423670668953688,0.06863758528013231,1.3722219129203812,0.06878457963466644,0.01833415776491165,0.11945099721209522,0.1151540210874509,1.1513426487538359,0.05880681797862053,0.008356396108865738
arousal_spike_rows_2_6_train_q90,grouped_video,1,regression_plus_binary,20260627,time_only,0.1349036402569593,0.013024602026049204,1.3002847872772292,0.07421714812517166,0.02376672625541687,0.1423670668953688,0.06863758528013231,1.3722219129203812,0.06877662241458893,0.018326200544834137,0.12331117306455072,0.11887533595203639,1.1885494129864553,0.06123676896095276,0.010786347091197968
arousal_spike_rows_2_6_train_q90,grouped_video,1,binary,20260625,video_mean_pca_oracle_diagnostic,0.09421841541755889,0.009096547446764523,0.9081354069872712,0.04594830051064491,-0.0045021213591098785,0.08876500857632934,0.0427951209427331,0.8555720963087919,0.043640319257974625,-0.006810102611780167,0.09371649152905855,0.09034525532354766,0.903297553869706,0.04831843078136444,-0.0021319910883903503
arousal_spike_rows_2_6_train_q90,grouped_video,1,binary,20260626,video_mean_pca_oracle_diagnostic,0.09207708779443255,0.00888980773206533,0.8874959659193786,0.04505140706896782,-0.005399014800786972,0.07761578044596913,0.037419888360554064,0.7481089344535814,0.04228755459189415,-0.008162867277860641,0.09564657945528629,0.09220591275584039,0.9219009359860156,0.04967875778675079,-0.0007716640830039978
arousal_spike_rows_2_6_train_q90,grouped_video,1,binary,20260627,video_mean_pca_oracle_diagnostic,0.055674518201284794,0.0053752325821790365,0.5366254677652057,0.029936658218503,-0.020513763651251793,0.08662092624356775,0.04176142236923713,0.8349061036443283,0.042811404913663864,-0.007639016956090927,0.11173064550718421,0.10771139135827992,1.0769291202885969,0.05063202977180481,0.0001816079020500183
arousal_spike_rows_2_6_train_q90,grouped_video,1,regression,20260625,video_mean_pca_oracle_diagnostic,0.14775160599571735,0.014265040314244366,1.4241214336845844,0.06919389963150024,0.018743477761745453,0.10849056603773585,0.05230514781889601,1.0456992288218567,0.05218177288770676,0.0017313510179519653,0.09800557580956466,0.09448004961753152,0.944638403017061,0.04971174895763397,-0.0007386729121208191
arousal_spike_rows_2_6_train_q90,grouped_video,1,regression,20260626,video_mean_pca_oracle_diagnostic,0.11349036402569593,0.010957204879057266,1.093890376598304,0.04947676882147789,-0.0009736530482769012,0.09819897084048028,0.04734339466611536,0.9465024640324317,0.05197308957576752,0.0015226677060127258,0.11151619129315891,0.10750465164358074,1.0748620778312292,0.05420895293354988,0.0037585310637950897
arousal_spike_rows_2_6_train_q90,grouped_video,1,regression,20260627,video_mean_pca_oracle_diagnostic,0.12205567451820129,0.011784163737854042,1.1764481408698741,0.05784234404563904,0.007391922175884247,0.11963979416809606,0.057680380401075045,1.1531623906770674,0.051024336367845535,0.000573914498090744,0.12180999356637358,0.11742815794914203,1.174080115784881,0.050309132784605026,-0.00014128908514976501
arousal_spike_rows_2_6_train_q90,grouped_video,1,regression_plus_binary,20260625,video_mean_pca_oracle_diagnostic,0.09207708779443255,0.00888980773206533,0.8874959659193786,0.05574918910861015,0.005298767238855362,0.09133790737564322,0.044035559230928265,0.8803712875061481,0.04506437107920647,-0.005386050790548325,0.08470941453999571,0.08166218730618152,0.8164817706602605,0.044907424598932266,-0.005542997270822525
arousal_spike_rows_2_6_train_q90,grouped_video,1,regression_plus_binary,20260626,video_mean_pca_oracle_diagnostic,0.059957173447537475,0.005788712011577424,0.5779043499009907,0.0447174608707428,-0.005732960999011993,0.05660377358490566,0.02728964234029357,0.5455822063418383,0.03694412484765053,-0.013506297022104263,0.08149260132961612,0.07856109158569362,0.7854761337997443,0.04382316768169403,-0.0066272541880607605
arousal_spike_rows_2_6_train_q90,grouped_video,1,regression_plus_binary,20260627,video_mean_pca_oracle_diagnostic,0.034261241970021415,0.0033078354351870993,0.3302310570862804,0.033004287630319595,-0.017446134239435196,0.08190394511149228,0.039487285507546,0.7894409197825084,0.03861619532108307,-0.011834226548671722,0.08556723139609693,0.0824891461649783,0.8247499404897315,0.04246993735432625,-0.007980484515428543
arousal_spike_rows_2_6_train_q90,grouped_video,2,binary,20260625,ar_only_head,0.3747323340471092,0.03552578156719448,3.546416297389806,0.1481502503156662,0.09792866185307503,0.31746031746031744,0.15022330491270808,3.004401652391908,0.1200658529996872,0.06984426453709602,0.2672672672672673,0.25294356475842467,2.52938139113535,0.10224895179271698,0.05202736333012581
arousal_spike_rows_2_6_train_q90,grouped_video,2,binary,20260626,ar_only_head,0.3490364025695932,0.03308972797401543,3.303233465568791,0.13978782296180725,0.08956623449921608,0.31145431145431146,0.14738124238733252,2.94756162113044,0.11821961402893066,0.06799802556633949,0.2644787644787645,0.2503045066991474,2.5029913766210967,0.1013818308711052,0.05116024240851402
arousal_spike_rows_2_6_train_q90,grouped_video,2,binary,20260627,ar_only_head,0.3576017130620985,0.033901745838408444,3.384294409509129,0.1403157114982605,0.09009412303566933,0.3183183183183183,0.15062931384490458,3.012521656857832,0.11902524530887604,0.06880365684628487,0.26404976404976405,0.24989849776695086,2.4989313743881345,0.10149216651916504,0.05127057805657387
arousal_spike_rows_2_6_train_q90,grouped_video,2,regression,20260625,ar_only_head,0.3576017130620985,0.033901745838408444,3.384294409509129,0.14803527295589447,0.0978136844933033,0.31402831402831405,0.14859926918392205,2.9719216345282122,0.1255900263786316,0.07536843791604042,0.2698412698412698,0.2553796183516037,2.5537414045331217,0.10670528560876846,0.05648369714617729
arousal_spike_rows_2_6_train_q90,grouped_video,2,regression,20260626,ar_only_head,0.3618843683083512,0.03430775477060495,3.4248248814792985,0.14999406039714813,0.09977247193455696,0.3131703131703132,0.14819326025172555,2.9638016300622883,0.12461570650339127,0.0743941180408001,0.2691977691977692,0.254770604953309,2.5476514011836793,0.10664470493793488,0.056423116475343704
arousal_spike_rows_2_6_train_q90,grouped_video,2,regression,20260627,ar_only_head,0.3533190578158458,0.03349573690621194,3.3437639375389603,0.14959494769573212,0.09937335923314095,0.3148863148863149,0.14900527811611855,2.980041638994136,0.12603387236595154,0.07581228390336037,0.27134277134277135,0.2568006496142915,2.5679514123484894,0.10689587146043777,0.0566742829978466
arousal_spike_rows_2_6_train_q90,grouped_video,2,regression_plus_binary,20260625,ar_only_head,0.3533190578158458,0.03349573690621194,3.3437639375389603,0.14402395486831665,0.09380236640572548,0.32003432003432003,0.1514413317092976,3.0287616657896805,0.12106852233409882,0.07084693387150764,0.2651222651222651,0.25091352009744217,2.5090813799705396,0.10218455642461777,0.051962967962026596
arousal_spike_rows_2_6_train_q90,grouped_video,2,regression_plus_binary,20260626,ar_only_head,0.3468950749464668,0.03288672350791717,3.282968229583706,0.14150914549827576,0.09128755703568459,0.3135993135993136,0.1483962647178238,2.96786163229525,0.1196703314781189,0.06944874301552773,0.26576576576576577,0.2515225334957369,2.515171383319983,0.10197368264198303,0.05175209417939186
arousal_spike_rows_2_6_train_q90,grouped_video,2,regression_plus_binary,20260627,ar_only_head,0.3618843683083512,0.03430775477060495,3.4248248814792985,0.14678321778774261,0.09656162932515144,0.3204633204633205,0.15164433617539586,3.0328216680226427,0.12199210375547409,0.07177051529288292,0.26833976833976836,0.25395858708891594,2.5395313967177553,0.1030246913433075,0.052803102880716324
arousal_spike_rows_2_6_train_q90,grouped_video,2,binary,20260625,ar_plus_random_pca,0.3511777301927195,0.03329273244011368,3.3234987015538753,0.1443513184785843,0.09412973001599312,0.311025311025311,0.14717823792123427,2.9435016188974776,0.11947447061538696,0.06925288215279579,0.2546117546117546,0.2409663012586277,2.40961132526297,0.09987440705299377,0.0496528185904026
arousal_spike_rows_2_6_train_q90,grouped_video,2,binary,20260626,ar_plus_random_pca,0.39400428265524623,0.03735282176207876,3.7288034212555674,0.15427766740322113,0.10405607894062996,0.3063063063063063,0.14494518879415347,2.898841594334895,0.1197604387998581,0.06953885033726692,0.25697125697125694,0.24319935038570847,2.4319413375442607,0.10035805404186249,0.050136465579271317
arousal_spike_rows_2_6_train_q90,grouped_video,2,binary,20260627,ar_plus_random_pca,0.3683083511777302,0.034916768168899714,3.485620589434552,0.1503371000289917,0.10011551156640053,0.3075933075933076,0.14555420219244825,2.9110216010337817,0.11846239119768143,0.06824080273509026,0.2526812526812527,0.2391392610637434,2.3913413152146408,0.10068518668413162,0.05046359822154045
arousal_spike_rows_2_6_train_q90,grouped_video,2,regression,20260625,ar_plus_random_pca,0.3683083511777302,0.034916768168899714,3.485620589434552,0.15096764266490936,0.10074605420231819,0.3063063063063063,0.14494518879415347,2.898841594334895,0.12038704007863998,0.07016545161604881,0.25611325611325614,0.24238733252131547,2.423821333078337,0.10407011955976486,0.05384853109717369
arousal_spike_rows_2_6_train_q90,grouped_video,2,regression,20260626,ar_plus_random_pca,0.38329764453961457,0.03633779943158749,3.6274772413301446,0.1513059139251709,0.10108432546257973,0.29429429429429427,0.13926106374340236,2.785161531811958,0.11700423806905746,0.0667826496064663,0.24302874302874303,0.23000406008932198,2.2999912649729946,0.09915357828140259,0.04893198981881142
arousal_spike_rows_2_6_train_q90,grouped_video,2,regression,20260627,ar_plus_random_pca,0.37687366167023556,0.035728786033292735,3.566681533374891,0.1528848260641098,0.10266323760151863,0.31188331188331186,0.14758424685343077,2.9516216233634016,0.1227477490901947,0.07252616062760353,0.25611325611325614,0.24238733252131547,2.423821333078337,0.10304620116949081,0.05282461270689964
arousal_spike_rows_2_6_train_q90,grouped_video,2,regression_plus_binary,20260625,ar_plus_random_pca,0.3490364025695932,0.03308972797401543,3.303233465568791,0.14716249704360962,0.09694090858101845,0.30373230373230375,0.14372716199756394,2.874481580937123,0.11687544733285904,0.06665385887026787,0.25332475332475335,0.23974827446203817,2.3974313185640836,0.0997898131608963,0.04956822469830513
arousal_spike_rows_2_6_train_q90,grouped_video,2,regression_plus_binary,20260626,ar_plus_random_pca,0.37259100642398285,0.03532277710109622,3.5261510614047213,0.15169239044189453,0.10147080197930336,0.3058773058773059,0.14474218432805522,2.8947815921019333,0.11853193491697311,0.06831034645438194,0.2558987558987559,0.24218432805521722,2.4217913319618556,0.10087604075670242,0.05065445229411125
arousal_spike_rows_2_6_train_q90,grouped_video,2,regression_plus_binary,20260627,ar_plus_random_pca,0.37259100642398285,0.03532277710109622,3.5261510614047213,0.15022413432598114,0.10000254586338997,0.3045903045903046,0.14413317092976047,2.8826015854030476,0.11674220114946365,0.06652061268687248,0.25225225225225223,0.2387332521315469,2.387281312981678,0.09956781566143036,0.04934622719883919
arousal_spike_rows_2_6_train_q90,grouped_video,2,binary,20260625,ar_plus_shuffled_pca,0.3554603854389722,0.033698741372310194,3.364029173524045,0.14435157179832458,0.09412998333573341,0.3161733161733162,0.14961429151441333,2.9922216456930224,0.12047000229358673,0.07024841383099556,0.25825825825825827,0.244417377182298,2.4441213442431473,0.10115916281938553,0.05093757435679436
arousal_spike_rows_2_6_train_q90,grouped_video,2,binary,20260626,ar_plus_shuffled_pca,0.37044967880085655,0.03511977263499797,3.5058858254196372,0.1442250907421112,0.09400350227952003,0.3131703131703132,0.14819326025172555,2.9638016300622883,0.11973288655281067,0.0695112980902195,0.25911625911625913,0.24522939504669103,2.4522413487090713,0.10179220139980316,0.05157061293721199
arousal_spike_rows_2_6_train_q90,grouped_video,2,binary,20260627,ar_plus_shuffled_pca,0.35974304068522484,0.0341047503045067,3.404559645494214,0.14291730523109436,0.09269571676850319,0.31145431145431146,0.14738124238733252,2.94756162113044,0.12120077759027481,0.07097918912768364,0.2578292578292578,0.2440113682501015,2.4400613420101847,0.10122919082641602,0.051007602363824844
arousal_spike_rows_2_6_train_q90,grouped_video,2,regression,20260625,ar_plus_shuffled_pca,0.3618843683083512,0.03430775477060495,3.4248248814792985,0.14837494492530823,0.09815335646271706,0.3088803088803089,0.146163215590743,2.9232016077326675,0.12143406271934509,0.07121247425675392,0.2616902616902617,0.24766544863987008,2.4766013621068437,0.10524436831474304,0.05502277985215187
arousal_spike_rows_2_6_train_q90,grouped_video,2,regression,20260626,ar_plus_shuffled_pca,0.37044967880085655,0.03511977263499797,3.5058858254196372,0.14867408573627472,0.09845249727368355,0.3028743028743029,0.14332115306536744,2.866361576471199,0.11764401942491531,0.06742243096232414,0.24817674817674817,0.23487616727568006,2.348711291768539,0.10032010078430176,0.05009851232171059
arousal_spike_rows_2_6_train_q90,grouped_video,2,regression,20260627,ar_plus_shuffled_pca,0.3854389721627409,0.03654080389768575,3.647742477315229,0.14991727471351624,0.09969568625092506,0.30930930930930933,0.14636622005684125,2.9272616099656297,0.12136707454919815,0.07114548608660698,0.25975975975975973,0.24583840844498578,2.4583313520585137,0.10361115634441376,0.053389567881822586
arousal_spike_rows_2_6_train_q90,grouped_video,2,regression_plus_binary,20260625,ar_plus_shuffled_pca,0.37901498929336186,0.035931790499390985,3.586946769359975,0.15131087601184845,0.10108928754925728,0.31402831402831405,0.14859926918392205,2.9719216345282122,0.12014423310756683,0.06992264464497566,0.2574002574002574,0.243605359317905,2.436001339777223,0.10109380632638931,0.05087221786379814
arousal_spike_rows_2_6_train_q90,grouped_video,2,regression_plus_binary,20260626,ar_plus_shuffled_pca,0.37044967880085655,0.03511977263499797,3.5058858254196372,0.14862693846225739,0.09840534999966621,0.31145431145431146,0.14738124238733252,2.94756162113044,0.12038321793079376,0.07016162946820259,0.25997425997426,0.24604141291108406,2.4603613531749953,0.10189083218574524,0.05166924372315407
arousal_spike_rows_2_6_train_q90,grouped_video,2,regression_plus_binary,20260627,ar_plus_shuffled_pca,0.3640256959314775,0.03451075923670321,3.4450901174643827,0.14433063566684723,0.09410904720425606,0.3135993135993136,0.1483962647178238,2.96786163229525,0.12041138112545013,0.07018979266285896,0.25933075933075933,0.24543239951278928,2.454271349825552,0.10174310207366943,0.05152151361107826
arousal_spike_rows_2_6_train_q90,grouped_video,2,binary,20260625,diag_only,0.18629550321199143,0.01766138855054811,1.7630755307023607,0.08054401725530624,0.030322428792715073,0.15572715572715573,0.07369062119366626,1.47378081056522,0.06839383393526077,0.0181722454726696,0.15057915057915058,0.1425091352009744,1.4250607837696754,0.06529407203197479,0.015072483569383621
arousal_spike_rows_2_6_train_q90,grouped_video,2,binary,20260626,diag_only,0.1734475374732334,0.016443361753958587,1.641484114791853,0.08232881873846054,0.03210723027586937,0.14543114543114544,0.06881851400730817,1.376340756974131,0.06512390822172165,0.014902319759130478,0.12784212784212784,0.12099066179455949,1.2098806654226875,0.058747030794620514,0.008525442332029343
arousal_spike_rows_2_6_train_q90,grouped_video,2,binary,20260627,diag_only,0.14989293361884368,0.014210312626877792,1.4185665189559225,0.07316100597381592,0.022939417511224747,0.13813813813813813,0.06536743808363785,1.3073207190137763,0.06354952603578568,0.013327937573194504,0.13513513513513514,0.1278928136419001,1.2789007033830422,0.06129445880651474,0.011072870343923569
arousal_spike_rows_2_6_train_q90,grouped_video,2,regression,20260625,diag_only,0.16488222698072805,0.01563134388956557,1.5604231708515146,0.08040574193000793,0.030184153467416763,0.16773916773916775,0.07937474624441737,1.587460873088157,0.0721103698015213,0.02188878133893013,0.16023166023166024,0.15164433617539586,1.5164108340113214,0.06806409358978271,0.017842505127191544
arousal_spike_rows_2_6_train_q90,grouped_video,2,regression,20260626,diag_only,0.16916488222698073,0.01603735282176208,1.600953642821684,0.08277639746665955,0.032554809004068375,0.1716001716001716,0.08120178643930166,1.6240008931848153,0.07347019761800766,0.02324860915541649,0.16237666237666237,0.1536743808363784,1.5367108451761315,0.06916564702987671,0.018944058567285538
arousal_spike_rows_2_6_train_q90,grouped_video,2,regression,20260627,diag_only,0.17558886509635974,0.01664636622005684,1.6617493507769376,0.08439585566520691,0.03417426720261574,0.16773916773916775,0.07937474624441737,1.587460873088157,0.07240638136863708,0.022184792906045914,0.16452166452166453,0.15570442549736094,1.5570108563409417,0.07018617540597916,0.019964586943387985
arousal_spike_rows_2_6_train_q90,grouped_video,2,regression_plus_binary,20260625,diag_only,0.1670235546038544,0.015834348355663823,1.5806884068365994,0.07704547792673111,0.02682388946413994,0.15057915057915058,0.0712545676004872,1.4250607837696754,0.06659466028213501,0.01637307181954384,0.14285714285714285,0.13520097442143728,1.3519807435763587,0.06319349259138107,0.012971904128789902
arousal_spike_rows_2_6_train_q90,grouped_video,2,regression_plus_binary,20260626,diag_only,0.15203426124197003,0.014413317092976045,1.4388317549410072,0.07499147206544876,0.02476988360285759,0.145002145002145,0.0686155095412099,1.372280754741169,0.06574024260044098,0.015518654137849808,0.13406263406263405,0.12687779131140886,1.2687506978006369,0.06133463606238365,0.01111304759979248
arousal_spike_rows_2_6_train_q90,grouped_video,2,regression_plus_binary,20260627,diag_only,0.15203426124197003,0.014413317092976045,1.4388317549410072,0.0779130831360817,0.027691494673490524,0.14114114114114115,0.06678846934632562,1.3357407346445107,0.06505618244409561,0.01483459398150444,0.13041613041613043,0.12342671538773853,1.2342406788204596,0.0595482774078846,0.009326688945293427
arousal_spike_rows_2_6_train_q90,grouped_video,2,binary,20260625,label_permutation,0.15417558886509636,0.014616321559074299,1.4590969909260916,0.07078563421964645,0.020564045757055283,0.13341913341913342,0.06313438895655704,1.2626606944511938,0.06045035272836685,0.01022876426577568,0.12655512655512655,0.11977263499796996,1.1977006587238013,0.05638929083943367,0.006167702376842499
arousal_spike_rows_2_6_train_q90,grouped_video,2,binary,20260626,label_permutation,0.08993576017130621,0.008526187576126675,0.8511399113735535,0.046213261783123016,-0.004008326679468155,0.1021021021021021,0.04831506293138449,0.9662805314449652,0.04936022683978081,-0.0008613616228103638,0.11175461175461175,0.10576532683719042,1.057630581686611,0.05103323236107826,0.0008116438984870911
arousal_spike_rows_2_6_train_q90,grouped_video,2,binary,20260627,label_permutation,0.13062098501070663,0.012383272431993504,1.236179395090161,0.05767722427845001,0.007455635815858841,0.12183612183612183,0.05765326837190418,1.1530406341612187,0.052879028022289276,0.002657439559698105,0.11175461175461175,0.10576532683719042,1.057630581686611,0.05102851241827011,0.0008069239556789398
arousal_spike_rows_2_6_train_q90,grouped_video,2,regression,20260625,label_permutation,0.13062098501070663,0.012383272431993504,1.236179395090161,0.055983442813158035,0.005761854350566864,0.10853710853710853,0.0513601299228583,1.0271805649393957,0.04797900468111038,-0.002242583781480789,0.09995709995709996,0.09460008120178644,0.945980520280155,0.04691757634282112,-0.00330401211977005
arousal_spike_rows_2_6_train_q90,grouped_video,2,regression,20260626,label_permutation,0.1670235546038544,0.015834348355663823,1.5806884068365994,0.06986161321401596,0.01964002475142479,0.11840411840411841,0.05602923264311815,1.1205606162975226,0.05380551144480705,0.0035839229822158813,0.11368511368511368,0.10759236703207471,1.07590059173494,0.05192038416862488,0.0016987957060337067
arousal_spike_rows_2_6_train_q90,grouped_video,2,regression,20260627,label_permutation,0.14132762312633834,0.013398294762484775,1.3375055750155842,0.05842863395810127,0.008207045495510101,0.11883311883311884,0.056232237109216404,1.1246206185304846,0.051502589136362076,0.0012810006737709045,0.11325611325611326,0.1071863580998782,1.0718405895019782,0.05038585513830185,0.0001642666757106781
arousal_spike_rows_2_6_train_q90,grouped_video,2,regression_plus_binary,20260625,label_permutation,0.14775160599571735,0.014007308160779537,1.3983012829708379,0.05964165925979614,0.009420070797204971,0.13685113685113684,0.06475842468534308,1.2951407123148901,0.057192619889974594,0.006971031427383423,0.12483912483912483,0.11814859926918392,1.181460649791953,0.05464513972401619,0.004423551261425018
arousal_spike_rows_2_6_train_q90,grouped_video,2,regression_plus_binary,20260626,label_permutation,0.13062098501070663,0.012383272431993504,1.236179395090161,0.05644341930747032,0.00622183084487915,0.11926211926211926,0.056435241575314654,1.1286806207634466,0.052209869027137756,0.001988280564546585,0.1093951093951094,0.10353227771010962,1.0353005694053197,0.049989964812994,-0.00023162364959716797
arousal_spike_rows_2_6_train_q90,grouped_video,2,regression_plus_binary,20260627,label_permutation,0.11991434689507495,0.011368250101502234,1.134853215164738,0.05609852820634842,0.005876939743757248,0.12784212784212784,0.060495330897279743,1.2098806654226875,0.053373776376247406,0.0031521879136562347,0.11668811668811668,0.11043442955745027,1.1043206073656744,0.052314966917037964,0.0020933784544467926
arousal_spike_rows_2_6_train_q90,grouped_video,2,binary,20260625,pca_only_random,0.12419700214132762,0.011774259033698742,1.175383687134907,0.05448618158698082,0.0042645931243896484,0.10810810810810811,0.05115712545676005,1.0231205627064337,0.050111815333366394,-0.00010977312922477722,0.10403260403260403,0.09845716605765327,0.9845505414932942,0.0484747588634491,-0.0017468295991420746
arousal_spike_rows_2_6_train_q90,grouped_video,2,binary,20260626,pca_only_random,0.11563169164882227,0.010962241169305725,1.0943227431945688,0.054325204342603683,0.004103615880012512,0.11325611325611326,0.0535931790499391,1.0718405895019782,0.05176669359207153,0.001545105129480362,0.10853710853710853,0.1027202598457166,1.0271805649393957,0.05145745351910591,0.00123586505651474
arousal_spike_rows_2_6_train_q90,grouped_video,2,binary,20260627,pca_only_random,0.11563169164882227,0.010962241169305725,1.0943227431945688,0.05352095514535904,0.003299366682767868,0.10253110253110254,0.048518067397482746,0.9703405336779272,0.04920085519552231,-0.001020733267068863,0.10338910338910338,0.0978481526593585,0.9784605381438511,0.04916008189320564,-0.0010615065693855286
arousal_spike_rows_2_6_train_q90,grouped_video,2,regression,20260625,pca_only_random,0.09635974304068523,0.009135200974421437,0.9119356193288073,0.05008269473910332,-0.000138893723487854,0.09309309309309309,0.04405196914332115,0.8810204845527623,0.049028486013412476,-0.0011931024491786957,0.09438009438009438,0.08932196508323183,0.8932004912516485,0.04815559461712837,-0.002065993845462799
arousal_spike_rows_2_6_train_q90,grouped_video,2,regression,20260626,pca_only_random,0.09421841541755889,0.008932196508323184,0.8916703833437227,0.045833732932806015,-0.004387855529785156,0.10510510510510511,0.04973609419407227,0.9947005470756994,0.050418756902217865,0.00019716843962669373,0.11025311025311026,0.10434429557450264,1.0434205738712439,0.0518510527908802,0.001629464328289032
arousal_spike_rows_2_6_train_q90,grouped_video,2,regression,20260627,pca_only_random,0.09850107066381156,0.00933820544051969,0.9322008553138919,0.04810737073421478,-0.0021142177283763885,0.10467610467610468,0.04953308972797402,0.9906405448427373,0.05072014778852463,0.0004985593259334564,0.10188760188760189,0.09642712139667073,0.9642505303284841,0.04888322204351425,-0.0013383664190769196
arousal_spike_rows_2_6_train_q90,grouped_video,2,regression_plus_binary,20260625,pca_only_random,0.10492505353319058,0.009947218838814454,0.9929965632691458,0.04782983660697937,-0.002391751855611801,0.11196911196911197,0.052984165651644335,1.059660582803092,0.05013539269566536,-8.619576692581177e-05,0.1066066066066066,0.10089321965083232,1.0089105548910664,0.04876243323087692,-0.0014591552317142487
arousal_spike_rows_2_6_train_q90,grouped_video,2,regression_plus_binary,20260626,pca_only_random,0.11991434689507495,0.011368250101502234,1.134853215164738,0.05216606333851814,0.0019444748759269714,0.10767910767910768,0.050954120990661794,1.0190605604734717,0.05010214447975159,-0.00011944398283958435,0.10639210639210639,0.10069021518473406,1.0068805537745855,0.05049844831228256,0.000276859849691391
arousal_spike_rows_2_6_train_q90,grouped_video,2,regression_plus_binary,20260627,pca_only_random,0.09635974304068523,0.009135200974421437,0.9119356193288073,0.04745720326900482,-0.0027643851935863495,0.10467610467610468,0.04953308972797402,0.9906405448427373,0.04816566780209541,-0.002055920660495758,0.10703560703560704,0.10129922858302882,1.0129705571240286,0.04959225654602051,-0.0006293319165706635
arousal_spike_rows_2_6_train_q90,grouped_video,2,binary,20260625,pca_only_real,0.31263383297644537,0.029638652050345108,2.9587244538223523,0.12037352472543716,0.07015193626284599,0.22737022737022736,0.10759236703207471,2.15180118346988,0.09140707552433014,0.04118548706173897,0.19884169884169883,0.1881851400730816,1.8818110349779047,0.08229927718639374,0.032077688723802567
arousal_spike_rows_2_6_train_q90,grouped_video,2,binary,20260626,pca_only_real,0.30620985010706636,0.029029638652050344,2.8979287458670986,0.12248814851045609,0.07226656004786491,0.22822822822822822,0.10799837596427121,2.1599211879358045,0.0927181988954544,0.042496610432863235,0.1956241956241956,0.1851400730816078,1.8513610182306894,0.08156868070363998,0.03134709224104881
arousal_spike_rows_2_6_train_q90,grouped_video,2,binary,20260627,pca_only_real,0.284796573875803,0.026999593991067803,2.6952763860162525,0.10899758338928223,0.058775994926691055,0.23637923637923638,0.11185546082013804,2.237061230362083,0.094925157725811,0.04470356926321983,0.20227370227370228,0.19143321153065368,1.914291052841601,0.08367253839969635,0.03345094993710518
arousal_spike_rows_2_6_train_q90,grouped_video,2,regression,20260625,pca_only_real,0.19914346895074947,0.018879415347137638,1.8846669466128685,0.07311706244945526,0.02289547398686409,0.17417417417417416,0.08241981323589119,1.6483609065825875,0.0721408873796463,0.02191929891705513,0.16001716001716002,0.1514413317092976,1.5143808328948403,0.0688784196972847,0.018656831234693527
arousal_spike_rows_2_6_train_q90,grouped_video,2,regression,20260626,pca_only_real,0.24839400428265523,0.023548518067397484,2.350767374269814,0.09813512116670609,0.047913532704114914,0.18833118833118834,0.08911896061713358,1.782340980270335,0.08153756707906723,0.03131597861647606,0.1670956670956671,0.15814047909054,1.5813708697387139,0.07154978066682816,0.021328192204236984
arousal_spike_rows_2_6_train_q90,grouped_video,2,regression,20260627,pca_only_real,0.19914346895074947,0.018879415347137638,1.8846669466128685,0.07611875236034393,0.025897163897752762,0.16773916773916775,0.07937474624441737,1.587460873088157,0.07008619606494904,0.019864607602357864,0.15293865293865294,0.14474218432805522,1.4473907960509667,0.06624820083379745,0.016026612371206284
arousal_spike_rows_2_6_train_q90,grouped_video,2,regression_plus_binary,20260625,pca_only_real,0.2955032119914347,0.028014616321559074,2.7966025659416758,0.11444015055894852,0.06421856209635735,0.22994422994422994,0.10881039382866423,2.1761611968676524,0.0931401476264,0.04291855916380882,0.19712569712569714,0.18656110434429557,1.8655710260460567,0.08195819705724716,0.03173660859465599
arousal_spike_rows_2_6_train_q90,grouped_video,2,regression_plus_binary,20260626,pca_only_real,0.2505353319057816,0.023751522533495738,2.371032610254899,0.10016418248414993,0.04994259402155876,0.2157872157872158,0.10211124644742184,2.042181123179905,0.0884464830160141,0.03822489455342293,0.18468468468468469,0.17478684531059682,1.7478309612901575,0.07871918380260468,0.028497595340013504
arousal_spike_rows_2_6_train_q90,grouped_video,2,regression_plus_binary,20260627,pca_only_real,0.2569593147751606,0.024360535931790498,2.4318283182101528,0.10336310416460037,0.0531415157020092,0.2205062205062205,0.10434429557450264,2.0868411477424877,0.09097763895988464,0.04075605049729347,0.18833118833118834,0.17823792123426715,1.782340980270335,0.07994407415390015,0.029722485691308975
arousal_spike_rows_2_6_train_q90,grouped_video,2,binary,20260625,pca_only_shuffled,0.11134903640256959,0.010556232237109216,1.0537922712243994,0.051936835050582886,0.0017152465879917145,0.10725010725010725,0.05075111652456354,1.0150005582405095,0.04907378554344177,-0.0011478029191493988,0.10403260403260403,0.09845716605765327,0.9845505414932942,0.04868153855204582,-0.0015400499105453491
arousal_spike_rows_2_6_train_q90,grouped_video,2,binary,20260626,pca_only_shuffled,0.12633832976445397,0.011977263499796996,1.1956489231199918,0.051156677305698395,0.0009350888431072235,0.10296010296010295,0.048721071863580996,0.9744005359108892,0.05011110007762909,-0.00011048838496208191,0.1021021021021021,0.09663012586276898,0.9662805314449652,0.04937237873673439,-0.000849209725856781
arousal_spike_rows_2_6_train_q90,grouped_video,2,binary,20260627,pca_only_shuffled,0.11563169164882227,0.010962241169305725,1.0943227431945688,0.04964577779173851,-0.0005758106708526611,0.10253110253110254,0.048518067397482746,0.9703405336779272,0.04790281876921654,-0.002318769693374634,0.1006006006006006,0.0952090946000812,0.9520705236295979,0.047557856887578964,-0.002663731575012207
arousal_spike_rows_2_6_train_q90,grouped_video,2,regression,20260625,pca_only_shuffled,0.10492505353319058,0.009947218838814454,0.9929965632691458,0.04774864763021469,-0.00247294083237648,0.10682110682110682,0.05054811205846529,1.0109405560075475,0.04974479228258133,-0.0004767961800098419,0.10381810381810382,0.09825416159155502,0.9825205403768132,0.0493016317486763,-0.0009199567139148712
arousal_spike_rows_2_6_train_q90,grouped_video,2,regression,20260626,pca_only_shuffled,0.11134903640256959,0.010556232237109216,1.0537922712243994,0.05312677472829819,0.002905186265707016,0.11411411411411411,0.053999187982135606,1.0799605939679022,0.052436187863349915,0.0022145994007587433,0.11025311025311026,0.10434429557450264,1.0434205738712439,0.05175279825925827,0.001531209796667099
arousal_spike_rows_2_6_train_q90,grouped_video,2,regression,20260627,pca_only_shuffled,0.10492505353319058,0.009947218838814454,0.9929965632691458,0.05105600506067276,0.0008344165980815887,0.10510510510510511,0.04973609419407227,0.9947005470756994,0.049451593309640884,-0.0007699951529502869,0.1111111111111111,0.10515631343889566,1.0515405783371679,0.05130509287118912,0.0010835044085979462
arousal_spike_rows_2_6_train_q90,grouped_video,2,regression_plus_binary,20260625,pca_only_shuffled,0.11991434689507495,0.011368250101502234,1.134853215164738,0.05391281470656395,0.0036912262439727783,0.10167310167310167,0.04811205846528624,0.9622205292120031,0.049328044056892395,-0.0008935444056987762,0.09931359931359932,0.09399106780349167,0.9398905169307119,0.04807627946138382,-0.0021453090012073517
arousal_spike_rows_2_6_train_q90,grouped_video,2,regression_plus_binary,20260626,pca_only_shuffled,0.1006423982869379,0.009541209906617946,0.9524660912989764,0.05145944282412529,0.0012378543615341187,0.09523809523809523,0.04506699147381242,0.9013204957175724,0.04755669832229614,-0.0026648901402950287,0.10081510081510081,0.09541209906617945,0.954100524746079,0.047629568725824356,-0.002592019736766815
arousal_spike_rows_2_6_train_q90,grouped_video,2,regression_plus_binary,20260627,pca_only_shuffled,0.11349036402569593,0.01075923670320747,1.074057507209484,0.04755889251828194,-0.0026626959443092346,0.09952809952809953,0.04709703613479497,0.9419205180471929,0.047419801354408264,-0.002801787108182907,0.10403260403260403,0.09845716605765327,0.9845505414932942,0.04929318651556969,-0.0009284019470214844
arousal_spike_rows_2_6_train_q90,grouped_video,2,binary,20260625,quality_only,0.18629550321199143,0.01766138855054811,1.7630755307023607,0.09427306056022644,0.04405147209763527,0.14114114114114115,0.06678846934632562,1.3357407346445107,0.07138919085264206,0.021167602390050888,0.1244101244101244,0.11774259033698742,1.177400647558991,0.06239517778158188,0.012173589318990707
arousal_spike_rows_2_6_train_q90,grouped_video,2,binary,20260626,quality_only,0.17987152034261242,0.01705237515225335,1.702279822747107,0.09222295135259628,0.04200136289000511,0.145002145002145,0.0686155095412099,1.372280754741169,0.07081903517246246,0.020597446709871292,0.12805662805662807,0.12119366626065774,1.2119106665391686,0.062301866710186005,0.012080278247594833
arousal_spike_rows_2_6_train_q90,grouped_video,2,binary,20260627,quality_only,0.18201284796573874,0.017255379618351604,1.7225450587321913,0.09135448187589645,0.04113289341330528,0.1437151437151437,0.06800649614291514,1.3601007480422829,0.07138926535844803,0.021167676895856857,0.12827112827112827,0.12139667072675599,1.2139406676556495,0.0632423684000969,0.013020779937505722
arousal_spike_rows_2_6_train_q90,grouped_video,2,regression,20260625,quality_only,0.15203426124197003,0.014413317092976045,1.4388317549410072,0.08026566356420517,0.030044075101614,0.12827112827112827,0.06069833536337799,1.2139406676556495,0.06560847908258438,0.01538689061999321,0.12290862290862291,0.11632155907429964,1.163190639743624,0.06142980232834816,0.011208213865756989
arousal_spike_rows_2_6_train_q90,grouped_video,2,regression,20260626,quality_only,0.1349036402569593,0.012789281364190013,1.27670986706033,0.07182642817497253,0.021604839712381363,0.12269412269412269,0.05805927730410069,1.161160638627143,0.06417542695999146,0.013953838497400284,0.12033462033462033,0.11388550548112059,1.1388306263458516,0.0603068582713604,0.010085269808769226
arousal_spike_rows_2_6_train_q90,grouped_video,2,regression,20260627,quality_only,0.13704496788008566,0.012992285830288266,1.2969751030454149,0.07368290424346924,0.023461315780878067,0.12655512655512655,0.05988631749898498,1.1977006587238013,0.065139539539814,0.014917951077222824,0.12097812097812098,0.11449451887941535,1.1449206296952947,0.060120806097984314,0.009899217635393143
arousal_spike_rows_2_6_train_q90,grouped_video,2,regression_plus_binary,20260625,quality_only,0.1777301927194861,0.016849370686155097,1.6820145867620224,0.09120651334524155,0.040984924882650375,0.14157014157014158,0.06699147381242387,1.3398007368774727,0.07068800926208496,0.02046642079949379,0.12333762333762334,0.11672756800649614,1.167250641976586,0.06178952008485794,0.01156793162226677
arousal_spike_rows_2_6_train_q90,grouped_video,2,regression_plus_binary,20260626,quality_only,0.18629550321199143,0.01766138855054811,1.7630755307023607,0.09399985522031784,0.04377826675772667,0.14071214071214072,0.06658546488022736,1.3316807324115487,0.06994982063770294,0.01972823217511177,0.12033462033462033,0.11388550548112059,1.1388306263458516,0.061852648854255676,0.011631060391664505
arousal_spike_rows_2_6_train_q90,grouped_video,2,regression_plus_binary,20260627,quality_only,0.17987152034261242,0.01705237515225335,1.702279822747107,0.0933426022529602,0.043121013790369034,0.14457314457314457,0.06841250507511165,1.3682207525082068,0.07091531902551651,0.02069373056292534,0.12655512655512655,0.11977263499796996,1.1977006587238013,0.062150560319423676,0.011928971856832504
arousal_spike_rows_2_6_train_q90,grouped_video,2,binary,20260625,real_ar_pca_diag,0.44539614561027835,0.042224928948436866,4.215169084897598,0.17556095123291016,0.12533936277031898,0.34663234663234666,0.16402760860738935,3.280481804233327,0.13179339468479156,0.0815718062222004,0.28614328614328616,0.27080795777507105,2.7080214893856795,0.11072979122400284,0.06050820276141167
arousal_spike_rows_2_6_train_q90,grouped_video,2,binary,20260626,real_ar_pca_diag,0.44967880085653106,0.04263093788063337,4.255699556867768,0.17811527848243713,0.12789369001984596,0.3436293436293436,0.16260657734470157,3.2520617886025924,0.1315973550081253,0.08137576654553413,0.2829257829257829,0.2677628907835972,2.677571472638464,0.10981549322605133,0.05959390476346016
arousal_spike_rows_2_6_train_q90,grouped_video,2,binary,20260627,real_ar_pca_diag,0.43897216274089934,0.0416159155501421,4.1543733769423445,0.1740831583738327,0.12386156991124153,0.34534534534534533,0.1634185952090946,3.268301797534441,0.13151025772094727,0.0812886692583561,0.28356928356928357,0.268371904181892,2.683661475987907,0.1089678555727005,0.05874626711010933
arousal_spike_rows_2_6_train_q90,grouped_video,2,regression,20260625,real_ar_pca_diag,0.4582441113490364,0.04344295574502639,4.336760500808106,0.19002260267734528,0.1398010142147541,0.3586443586443586,0.1697117336581405,3.3941618667562636,0.1410902887582779,0.09086870029568672,0.29493779493779493,0.2791311408850995,2.7912515351614013,0.11633719503879547,0.0661156065762043
arousal_spike_rows_2_6_train_q90,grouped_video,2,regression,20260626,real_ar_pca_diag,0.4197002141327623,0.03978887535525782,3.971986253076583,0.1819605976343155,0.13173900917172432,0.3359073359073359,0.15895249695493302,3.1789817484092757,0.1343466341495514,0.08412504568696022,0.2769197769197769,0.2620787657328461,2.6207314413769955,0.11144283413887024,0.06122124567627907
arousal_spike_rows_2_6_train_q90,grouped_video,2,regression,20260627,real_ar_pca_diag,0.4582441113490364,0.04344295574502639,4.336760500808106,0.18795466423034668,0.1377330757677555,0.3560703560703561,0.16849370686155096,3.3698018533584917,0.13899198174476624,0.08877039328217506,0.28421278421278423,0.2689809175801868,2.6897514793373505,0.11289667338132858,0.06267508491873741
arousal_spike_rows_2_6_train_q90,grouped_video,2,regression_plus_binary,20260625,real_ar_pca_diag,0.4582441113490364,0.04344295574502639,4.336760500808106,0.1791672259569168,0.12894563749432564,0.3436293436293436,0.16260657734470157,3.2520617886025924,0.12991783022880554,0.07969624176621437,0.28914628914628915,0.2736500203004466,2.7364415050164137,0.11027761548757553,0.06005602702498436
arousal_spike_rows_2_6_train_q90,grouped_video,2,regression_plus_binary,20260626,real_ar_pca_diag,0.44325481798715205,0.04202192448233861,4.194903848912514,0.18255817890167236,0.1323365904390812,0.3504933504933505,0.16585464880227366,3.3170218243299856,0.1345866620540619,0.08436507359147072,0.28893178893178895,0.27344701583434833,2.734411503899933,0.1113843023777008,0.061162713915109634
arousal_spike_rows_2_6_train_q90,grouped_video,2,regression_plus_binary,20260627,real_ar_pca_diag,0.44967880085653106,0.04263093788063337,4.255699556867768,0.17773865163326263,0.12751706317067146,0.3474903474903475,0.16443361753958588,3.2886018086992514,0.13290171325206757,0.0826801247894764,0.287001287001287,0.27161997563946405,2.716141493851604,0.11136573553085327,0.0611441470682621
arousal_spike_rows_2_6_train_q90,grouped_video,2,binary,20260625,shuffled_diag_only,0.10278372591006424,0.0097442143727162,0.9727313272840611,0.048778679221868515,-0.0014429092407226562,0.10124410124410124,0.04790905399918798,0.958160526979041,0.04837708920240402,-0.001844499260187149,0.0990990990990991,0.09378806333739342,0.9378605158142308,0.04862404614686966,-0.0015975423157215118
arousal_spike_rows_2_6_train_q90,grouped_video,2,binary,20260626,shuffled_diag_only,0.1006423982869379,0.009541209906617946,0.9524660912989764,0.05742254853248596,0.007200960069894791,0.10596310596310596,0.05014210312626878,1.0028205515416233,0.052234843373298645,0.0020132549107074738,0.10875160875160875,0.10292326431181487,1.0292105660558766,0.051876410841941833,0.0016548223793506622
arousal_spike_rows_2_6_train_q90,grouped_video,2,binary,20260627,shuffled_diag_only,0.06209850107066381,0.005887129516849371,0.5876918435674535,0.04207094758749008,-0.00815064087510109,0.09824109824109824,0.046488022736500205,0.9297405113483067,0.04988117143511772,-0.0003404170274734497,0.09738309738309739,0.0921640276086074,0.9216205068823827,0.04917190968990326,-0.001049678772687912
arousal_spike_rows_2_6_train_q90,grouped_video,2,regression,20260625,shuffled_diag_only,0.09635974304068523,0.009135200974421437,0.9119356193288073,0.052337467670440674,0.0021158792078495026,0.1021021021021021,0.04831506293138449,0.9662805314449652,0.04995705932378769,-0.00026452913880348206,0.10188760188760189,0.09642712139667073,0.9642505303284841,0.049582649022340775,-0.0006389394402503967
arousal_spike_rows_2_6_train_q90,grouped_video,2,regression,20260626,shuffled_diag_only,0.09421841541755889,0.008932196508323184,0.8916703833437227,0.048144761472940445,-0.0020768269896507263,0.1021021021021021,0.04831506293138449,0.9662805314449652,0.04853251948952675,-0.0016890689730644226,0.11218361218361218,0.10617133576938692,1.061690583919573,0.05080423876643181,0.0005826503038406372
arousal_spike_rows_2_6_train_q90,grouped_video,2,regression,20260627,shuffled_diag_only,0.09421841541755889,0.008932196508323184,0.8916703833437227,0.049116671085357666,-0.0011049173772335052,0.10338910338910338,0.04892407632967925,0.9784605381438511,0.0510406568646431,0.0008190684020519257,0.10017160017160018,0.09480308566788469,0.948010521396636,0.049437880516052246,-0.0007837079465389252
arousal_spike_rows_2_6_train_q90,grouped_video,2,regression_plus_binary,20260625,shuffled_diag_only,0.09635974304068523,0.009135200974421437,0.9119356193288073,0.049035873264074326,-0.0011857151985168457,0.09352209352209352,0.04425497360941941,0.8850804867857244,0.048065539449453354,-0.0021560490131378174,0.10317460317460317,0.09764514819326026,0.9764305370273701,0.04998070374131203,-0.0002408847212791443
arousal_spike_rows_2_6_train_q90,grouped_video,2,regression_plus_binary,20260626,shuffled_diag_only,0.11563169164882227,0.010962241169305725,1.0943227431945688,0.0597195029258728,0.009497914463281631,0.11282711282711283,0.05339017458384084,1.067780587269016,0.054091960191726685,0.0038703717291355133,0.1123981123981124,0.10637434023548518,1.063720585036054,0.052385516464710236,0.0021639280021190643
arousal_spike_rows_2_6_train_q90,grouped_video,2,regression_plus_binary,20260627,shuffled_diag_only,0.08993576017130621,0.008526187576126675,0.8511399113735535,0.0498882420361042,-0.000333346426486969,0.09952809952809953,0.04709703613479497,0.9419205180471929,0.04991167038679123,-0.000309918075799942,0.10510510510510511,0.09947218838814453,0.9947005470756994,0.05125557631254196,0.0010339878499507904
arousal_spike_rows_2_6_train_q90,grouped_video,2,binary,20260625,time_only,0.14989293361884368,0.014210312626877792,1.4185665189559225,0.07375843077898026,0.023536842316389084,0.1522951522951523,0.07206658546488023,1.4413007927015238,0.07063056528568268,0.020408976823091507,0.1465036465036465,0.13865205034510758,1.3864907625565361,0.06621355563402176,0.015991967171430588
arousal_spike_rows_2_6_train_q90,grouped_video,2,binary,20260626,time_only,0.16059957173447537,0.015225334957369063,1.5198926988813455,0.07474903017282486,0.02452744171023369,0.1522951522951523,0.07206658546488023,1.4413007927015238,0.07067026197910309,0.020448673516511917,0.1392106392106392,0.13174989849776694,1.3174707245961812,0.06345579773187637,0.013234209269285202
arousal_spike_rows_2_6_train_q90,grouped_video,2,binary,20260627,time_only,0.14989293361884368,0.014210312626877792,1.4185665189559225,0.07404538989067078,0.023823801428079605,0.15444015444015444,0.0730816077953715,1.4616008038663337,0.07028552144765854,0.020063932985067368,0.14285714285714285,0.13520097442143728,1.3519807435763587,0.06460943073034286,0.014387842267751694
arousal_spike_rows_2_6_train_q90,grouped_video,2,regression,20260625,time_only,0.18201284796573874,0.017255379618351604,1.7225450587321913,0.07458045333623886,0.02435886487364769,0.14071214071214072,0.06658546488022736,1.3316807324115487,0.062386661767959595,0.012165073305368423,0.13041613041613043,0.12342671538773853,1.2342406788204596,0.05789053812623024,0.007668949663639069
arousal_spike_rows_2_6_train_q90,grouped_video,2,regression,20260626,time_only,0.09635974304068523,0.009135200974421437,0.9119356193288073,0.04190800338983536,-0.008313585072755814,0.11711711711711711,0.055420219244823384,1.1083806095986364,0.052171483635902405,0.0019498951733112335,0.12312312312312312,0.11652456354039789,1.165220640860105,0.05424398556351662,0.0040223971009254456
arousal_spike_rows_2_6_train_q90,grouped_video,2,regression,20260627,time_only,0.14346895074946467,0.013601299228583028,1.3577708110006685,0.06918688118457794,0.01896529272198677,0.14114114114114115,0.06678846934632562,1.3357407346445107,0.06502430886030197,0.0148027203977108,0.14178464178464179,0.134185952090946,1.3418307379939536,0.06444265693426132,0.01422106847167015
arousal_spike_rows_2_6_train_q90,grouped_video,2,regression_plus_binary,20260625,time_only,0.14989293361884368,0.014210312626877792,1.4185665189559225,0.07209354639053345,0.021871957927942276,0.154011154011154,0.07287860332927325,1.4575408016333717,0.06708329170942307,0.016861703246831894,0.13942513942513943,0.1319529029638652,1.3195007257126625,0.06226170435547829,0.012040115892887115
arousal_spike_rows_2_6_train_q90,grouped_video,2,regression_plus_binary,20260626,time_only,0.15203426124197003,0.014413317092976045,1.4388317549410072,0.07080263644456863,0.020581047981977463,0.15701415701415702,0.07429963459196103,1.4859608172641061,0.06940165907144547,0.019180070608854294,0.14242814242814242,0.13479496548924078,1.3479207413433967,0.06433512270450592,0.01411353424191475
arousal_spike_rows_2_6_train_q90,grouped_video,2,regression_plus_binary,20260627,time_only,0.13704496788008566,0.012992285830288266,1.2969751030454149,0.07036503404378891,0.02014344558119774,0.15315315315315314,0.07247259439707673,1.4494207971674475,0.07078272849321365,0.020561140030622482,0.1462891462891463,0.13844904587900933,1.384460761440055,0.06524761021137238,0.015026021748781204
arousal_spike_rows_2_6_train_q90,grouped_video,2,binary,20260625,video_mean_pca_oracle_diagnostic,0.12633832976445397,0.011977263499796996,1.1956489231199918,0.05697072297334671,0.006749134510755539,0.11883311883311884,0.056232237109216404,1.1246206185304846,0.05291024595499039,0.0026886574923992157,0.11818961818961819,0.11185546082013804,1.1185306151810415,0.0536908283829689,0.0034692399203777313
arousal_spike_rows_2_6_train_q90,grouped_video,2,binary,20260626,video_mean_pca_oracle_diagnostic,0.06638115631691649,0.006293138449045879,0.6282223155376228,0.0420084111392498,-0.00821317732334137,0.12612612612612611,0.05968331303288672,1.193640656490839,0.05444996431469917,0.004228375852108002,0.12012012012012012,0.11368250101502234,1.1368006252293708,0.05415816232562065,0.00393657386302948
arousal_spike_rows_2_6_train_q90,grouped_video,2,binary,20260627,video_mean_pca_oracle_diagnostic,0.07708779443254818,0.007308160779537149,0.7295484954630458,0.04587255045771599,-0.004349038004875183,0.11668811668811668,0.055217214778725134,1.1043206073656744,0.05452412739396095,0.0043025389313697815,0.11818961818961819,0.11185546082013804,1.1185306151810415,0.05440661683678627,0.004185028374195099
arousal_spike_rows_2_6_train_q90,grouped_video,2,regression,20260625,video_mean_pca_oracle_diagnostic,0.10706638115631692,0.010150223304912708,1.0132617992542303,0.05645960941910744,0.006238020956516266,0.13728013728013727,0.06496142915144133,1.2992007145478521,0.06176833063364029,0.011546742171049118,0.11861861861861862,0.11226146975233454,1.1225906174140037,0.05241888016462326,0.0021972917020320892
arousal_spike_rows_2_6_train_q90,grouped_video,2,regression,20260626,video_mean_pca_oracle_diagnostic,0.1670235546038544,0.015834348355663823,1.5806884068365994,0.06435167789459229,0.014130089432001114,0.11282711282711283,0.05339017458384084,1.067780587269016,0.04880055412650108,-0.0014210343360900879,0.12162162162162163,0.11510353227771011,1.1510106330447378,0.04983900487422943,-0.0003825835883617401
arousal_spike_rows_2_6_train_q90,grouped_video,2,regression,20260627,video_mean_pca_oracle_diagnostic,0.11991434689507495,0.011368250101502234,1.134853215164738,0.06443879753351212,0.014217209070920944,0.09738309738309739,0.0460820138043037,0.9216205068823827,0.04547770321369171,-0.00474388524889946,0.11475761475761476,0.10860738936256598,1.0860505973173453,0.051905855536460876,0.0016842670738697052
arousal_spike_rows_2_6_train_q90,grouped_video,2,regression_plus_binary,20260625,video_mean_pca_oracle_diagnostic,0.07708779443254818,0.007308160779537149,0.7295484954630458,0.04587255045771599,-0.004349038004875183,0.11883311883311884,0.056232237109216404,1.1246206185304846,0.05645198002457619,0.006230391561985016,0.11926211926211926,0.11287048315062931,1.1286806207634466,0.05311528965830803,0.002893701195716858
arousal_spike_rows_2_6_train_q90,grouped_video,2,regression_plus_binary,20260626,video_mean_pca_oracle_diagnostic,0.11777301927194861,0.011165245635403978,1.1145879791796534,0.03623657673597336,-0.013985011726617813,0.12655512655512655,0.05988631749898498,1.1977006587238013,0.05486452952027321,0.004642941057682037,0.11969111969111969,0.11327649208282582,1.1327406229964085,0.05232587829232216,0.0021042898297309875
arousal_spike_rows_2_6_train_q90,grouped_video,2,regression_plus_binary,20260627,video_mean_pca_oracle_diagnostic,0.07708779443254818,0.007308160779537149,0.7295484954630458,0.04587255045771599,-0.004349038004875183,0.11025311025311026,0.05217214778725132,1.0434205738712439,0.053247641772031784,0.003026053309440613,0.1289146289146289,0.12200568412505075,1.2200306710050923,0.05800047144293785,0.00777888298034668
arousal_spike_rows_2_6_train_q90,grouped_video,3,binary,20260625,ar_only_head,0.37044967880085655,0.03473198152981329,3.4664302507988602,0.14553062617778778,0.09601738303899765,0.2955812955812956,0.13832563742220438,2.765859989108333,0.11183042824268341,0.06231718510389328,0.2664664235142673,0.24934752057819715,2.493421709210296,0.09937195479869843,0.049858711659908295
arousal_spike_rows_2_6_train_q90,grouped_video,3,binary,20260626,ar_only_head,0.33832976445396146,0.03172053804456936,3.165872714602427,0.13970614969730377,0.09019290655851364,0.30115830115830117,0.14093555510941577,2.8180460266386786,0.11471006274223328,0.06519681960344315,0.26174640635056856,0.2449307367998394,2.4492548190310477,0.09854911267757416,0.04903586953878403
arousal_spike_rows_2_6_train_q90,grouped_video,3,binary,20260627,ar_only_head,0.3554603854389722,0.033326641236699456,3.3261700672405246,0.135341078042984,0.08582783490419388,0.29944229944229944,0.14013250351335074,2.801988784321649,0.1144704818725586,0.06495723873376846,0.2623900450547093,0.24553302549688819,2.4552775767827635,0.0983576774597168,0.048844434320926666
arousal_spike_rows_2_6_train_q90,grouped_video,3,regression,20260625,ar_only_head,0.3468950749464668,0.03252358964063441,3.246021390921476,0.1469995528459549,0.09748630970716476,0.2947232947232947,0.13792411162417184,2.757831367949818,0.11585713922977448,0.06634389609098434,0.25531001930916114,0.23890784982935154,2.389027241513891,0.10127677023410797,0.05176352709531784
arousal_spike_rows_2_6_train_q90,grouped_video,3,regression,20260626,ar_only_head,0.32762312633832974,0.030716723549488054,3.0656868692036157,0.14292959868907928,0.09341635555028915,0.28914628914628915,0.13531419393696045,2.705645330419472,0.11509300768375397,0.06557976454496384,0.2533791031967389,0.23710098373820518,2.3709589682587437,0.10050074011087418,0.050987496972084045
arousal_spike_rows_2_6_train_q90,grouped_video,3,regression,20260627,ar_only_head,0.3297644539614561,0.030917486448504318,3.085724038283378,0.14122556149959564,0.09171231836080551,0.29386529386529386,0.13752258582613933,2.7498027467913033,0.11565109342336655,0.06613785028457642,0.25488092683973396,0.23850632403131902,2.3850120696794135,0.1013488620519638,0.051835618913173676
arousal_spike_rows_2_6_train_q90,grouped_video,3,regression_plus_binary,20260625,ar_only_head,0.3511777301927195,0.032925115438666934,3.286095729081,0.13798822462558746,0.08847498148679733,0.305019305019305,0.14274242120056213,2.854174821851995,0.11487232893705368,0.06535908579826355,0.2621754988199957,0.24533226259787191,2.4532699908655244,0.0982828289270401,0.04876958578824997
arousal_spike_rows_2_6_train_q90,grouped_video,3,regression_plus_binary,20260626,ar_only_head,0.37259100642398285,0.03493274442882955,3.486467419878622,0.1436028778553009,0.09408963471651077,0.31016731016731014,0.14515157598875728,2.902346548803083,0.11705249547958374,0.06753925234079361,0.2645355074018451,0.2475406544870508,2.475353435955149,0.09898732602596283,0.0494740828871727
arousal_spike_rows_2_6_train_q90,grouped_video,3,regression_plus_binary,20260627,ar_only_head,0.3640256959314775,0.034129692832764506,3.406318743559573,0.1432730108499527,0.09375976771116257,0.311025311025311,0.1455531017867898,2.910375169961598,0.117319256067276,0.06780601292848587,0.26582278481012656,0.24874523188114836,2.48739895145858,0.09929416328668594,0.04978092014789581
arousal_spike_rows_2_6_train_q90,grouped_video,3,binary,20260625,ar_plus_random_pca,0.31263383297644537,0.02931138325637422,2.9254266856452804,0.11596040427684784,0.06644716113805771,0.2805662805662806,0.13129893595663522,2.6253591188343246,0.10451258718967438,0.05499934405088425,0.236429950654366,0.2212407147159205,2.2123596807968973,0.09102998673915863,0.0415167436003685
arousal_spike_rows_2_6_train_q90,grouped_video,3,binary,20260626,ar_plus_random_pca,0.32119914346895073,0.03011443485243927,3.005575361964329,0.12719470262527466,0.07768145948648453,0.27413127413127414,0.1282874924713913,2.565144460145464,0.10404861718416214,0.05453537404537201,0.23728813559322035,0.22204376631198555,2.2203900244658517,0.09148143976926804,0.041968196630477905
arousal_spike_rows_2_6_train_q90,grouped_video,3,binary,20260627,ar_plus_random_pca,0.3147751605995717,0.029512146155390485,2.9454638547250425,0.12269476056098938,0.07318151742219925,0.27627627627627627,0.1292913069664726,2.5852160130417507,0.10420127958059311,0.05468803644180298,0.24072087534863762,0.22525597269624573,2.2525113991416683,0.092213936150074,0.042700693011283875
arousal_spike_rows_2_6_train_q90,grouped_video,3,regression,20260625,ar_plus_random_pca,0.3554603854389722,0.033326641236699456,3.3261700672405246,0.13783401250839233,0.0883207693696022,0.28485628485628484,0.13330656494679782,2.665502224626898,0.10901317000389099,0.05949992686510086,0.2411499678180648,0.22565749849427827,2.2565265709761455,0.09435919672250748,0.044845953583717346
arousal_spike_rows_2_6_train_q90,grouped_video,3,regression,20260626,ar_plus_random_pca,0.34475374732334046,0.03232282674161815,3.2259842218417134,0.13270698487758636,0.08319374173879623,0.2878592878592879,0.13471190523991167,2.6936023986817,0.10945838689804077,0.05994514375925064,0.24308088393048702,0.2274643645854246,2.274594844231293,0.09439023584127426,0.04487699270248413
arousal_spike_rows_2_6_train_q90,grouped_video,3,regression,20260627,ar_plus_random_pca,0.3297644539614561,0.030917486448504318,3.085724038283378,0.12973187863826752,0.08021863549947739,0.27627627627627627,0.1292913069664726,2.5852160130417507,0.1057375818490982,0.056224338710308075,0.2379317742973611,0.22264605500903434,2.2264127822175674,0.09304829686880112,0.043535053730010986
arousal_spike_rows_2_6_train_q90,grouped_video,3,regression_plus_binary,20260625,ar_plus_random_pca,0.31905781584582443,0.029913671953423007,2.9855381928845675,0.12321849912405014,0.07370525598526001,0.2702702702702703,0.12648062638024493,2.5290156649321474,0.10474186390638351,0.055228620767593384,0.23578631195022529,0.2206384260188717,2.2063369230451815,0.09074018150568008,0.041226938366889954
arousal_spike_rows_2_6_train_q90,grouped_video,3,regression_plus_binary,20260626,ar_plus_random_pca,0.32762312633832974,0.030716723549488054,3.0656868692036157,0.13058023154735565,0.08106698840856552,0.2732732732732733,0.12788596667335878,2.5571158389869493,0.10451018810272217,0.05499694496393204,0.23707358935850675,0.22184300341296928,2.218382438548613,0.09142976254224777,0.04191651940345764
arousal_spike_rows_2_6_train_q90,grouped_video,3,regression_plus_binary,20260627,ar_plus_random_pca,0.3147751605995717,0.029512146155390485,2.9454638547250425,0.1227642223238945,0.07325097918510437,0.2775632775632776,0.12989359566352138,2.597258944779523,0.1046336367726326,0.05512039363384247,0.24157906028749196,0.22605902429231078,2.2605417428106227,0.09202640503644943,0.0425131618976593
arousal_spike_rows_2_6_train_q90,grouped_video,3,binary,20260625,ar_plus_shuffled_pca,0.31263383297644537,0.02931138325637422,2.9254266856452804,0.12231326103210449,0.07280001789331436,0.2737022737022737,0.12808672957237502,2.561130149566206,0.10411489754915237,0.054601654410362244,0.23578631195022529,0.2206384260188717,2.2063369230451815,0.09098567068576813,0.041472427546978
arousal_spike_rows_2_6_train_q90,grouped_video,3,binary,20260626,ar_plus_shuffled_pca,0.33190578158458245,0.03111824934752058,3.10576120736314,0.12735867500305176,0.07784543186426163,0.27713427713427713,0.1296928327645051,2.5932446342002655,0.10551711916923523,0.0560038760304451,0.23943359794035615,0.22405139530214815,2.240465883638237,0.09253764152526855,0.043024398386478424
arousal_spike_rows_2_6_train_q90,grouped_video,3,binary,20260627,ar_plus_shuffled_pca,0.30620985010706636,0.028709094559325438,2.865315178405994,0.12504400312900543,0.0755307599902153,0.27713427713427713,0.1296928327645051,2.5932446342002655,0.10492493212223053,0.0554116889834404,0.23514267324608454,0.22003613732182292,2.2003141652934657,0.09113165736198425,0.04161841422319412
arousal_spike_rows_2_6_train_q90,grouped_video,3,regression,20260625,ar_plus_shuffled_pca,0.3618843683083512,0.03392892993374824,3.386281574479811,0.14421817660331726,0.09470493346452713,0.2775632775632776,0.12989359566352138,2.597258944779523,0.10717824846506119,0.05766500532627106,0.24458270757348208,0.22886970487853844,2.2886479456519626,0.09621363878250122,0.04670039564371109
arousal_spike_rows_2_6_train_q90,grouped_video,3,regression,20260626,ar_plus_shuffled_pca,0.33832976445396146,0.03172053804456936,3.165872714602427,0.13704784214496613,0.087534599006176,0.2702702702702703,0.12648062638024493,2.5290156649321474,0.1048879399895668,0.05537469685077667,0.23149538725595367,0.21662316803854648,2.1661852047004104,0.09242872893810272,0.04291548579931259
arousal_spike_rows_2_6_train_q90,grouped_video,3,regression,20260627,ar_plus_shuffled_pca,0.3426124197002141,0.03212206384260189,3.205947052761951,0.1381269097328186,0.08861366659402847,0.27627627627627627,0.1292913069664726,2.5852160130417507,0.10688972473144531,0.05737648159265518,0.23492812701137095,0.21983537442280668,2.198306579376227,0.09441457688808441,0.04490133374929428
arousal_spike_rows_2_6_train_q90,grouped_video,3,regression_plus_binary,20260625,ar_plus_shuffled_pca,0.3147751605995717,0.029512146155390485,2.9454638547250425,0.12491481751203537,0.07540157437324524,0.27927927927927926,0.13069664725958643,2.6133161870965522,0.1068221926689148,0.057308949530124664,0.2379317742973611,0.22264605500903434,2.2264127822175674,0.0917556881904602,0.042242445051670074
arousal_spike_rows_2_6_train_q90,grouped_video,3,regression_plus_binary,20260626,ar_plus_shuffled_pca,0.3297644539614561,0.030917486448504318,3.085724038283378,0.1281529814004898,0.07863973826169968,0.2801372801372801,0.13109817305761895,2.621344808255067,0.10647082328796387,0.05695758014917374,0.2353572194807981,0.2202369002208392,2.2023217512107043,0.09193833917379379,0.04242509603500366
arousal_spike_rows_2_6_train_q90,grouped_video,3,regression_plus_binary,20260627,ar_plus_shuffled_pca,0.3147751605995717,0.029512146155390485,2.9454638547250425,0.1227635070681572,0.07325026392936707,0.27584727584727586,0.12909054406745635,2.5812017024624936,0.10469212383031845,0.05517888069152832,0.2398626904097833,0.2244529211001807,2.2444810554727144,0.09283190965652466,0.04331866651773453
arousal_spike_rows_2_6_train_q90,grouped_video,3,binary,20260625,diag_only,0.23554603854389722,0.022083918891788797,2.2040885987738417,0.09609654545783997,0.046583302319049835,0.15958815958815958,0.07468379843404939,1.4933235354837442,0.06917135417461395,0.019658111035823822,0.14653507830937568,0.1371210600281068,1.371181181473939,0.06432662159204483,0.0148133784532547
arousal_spike_rows_2_6_train_q90,grouped_video,3,binary,20260626,diag_only,0.1777301927194861,0.016663320618349728,1.6630850336202623,0.0768570601940155,0.027343817055225372,0.1613041613041613,0.07548685003011443,1.5093807778007737,0.07157755643129349,0.022064313292503357,0.14932417936065223,0.1397309777153182,1.3972797983980405,0.06564418226480484,0.01613093912601471
arousal_spike_rows_2_6_train_q90,grouped_video,3,binary,20260627,diag_only,0.21841541755888652,0.020477815699658702,2.043791246135744,0.09351971000432968,0.04400646686553955,0.1668811668811669,0.07809676771732584,1.5615668153311197,0.07140754163265228,0.021894298493862152,0.1551169276979189,0.14515157598875728,1.4514846181634815,0.06644890457391739,0.01693566143512726
arousal_spike_rows_2_6_train_q90,grouped_video,3,regression,20260625,diag_only,0.24197002141327623,0.022686207588837583,2.2642001060131283,0.09828808158636093,0.0487748384475708,0.1625911625911626,0.07608913872716322,1.5214237095385459,0.07430340349674225,0.024790160357952118,0.1518987341772152,0.14214013250351334,1.4213708294049032,0.06880023330450058,0.01928699016571045
arousal_spike_rows_2_6_train_q90,grouped_video,3,regression,20260626,diag_only,0.23554603854389722,0.022083918891788797,2.2040885987738417,0.09380309283733368,0.04428984969854355,0.148005148005148,0.06926320016061031,1.384937149843795,0.06705166399478912,0.017538420855998993,0.1405277837373954,0.13149969885565146,1.3149687757912591,0.06328440457582474,0.013771161437034607
arousal_spike_rows_2_6_train_q90,grouped_video,3,regression,20260627,diag_only,0.25910064239828695,0.024292310780967677,2.424497458651226,0.10222802311182022,0.05271477997303009,0.14714714714714713,0.0688616743625778,1.37690852868528,0.0668349415063858,0.017321698367595673,0.14438961596223987,0.13511343103794418,1.3511053223015534,0.06407929211854935,0.014566048979759216
arousal_spike_rows_2_6_train_q90,grouped_video,3,regression_plus_binary,20260625,diag_only,0.2505353319057816,0.02348925918490263,2.344348782332177,0.09921666234731674,0.04970341920852661,0.154011154011154,0.07207388074683799,1.4411374979533982,0.0683513879776001,0.018838144838809967,0.15640420510620037,0.14635615338285485,1.4635301336669129,0.06757569313049316,0.018062449991703033
arousal_spike_rows_2_6_train_q90,grouped_video,3,regression_plus_binary,20260626,diag_only,0.09850107066381156,0.009235093354748043,0.9217097776690609,0.04509072005748749,-0.004422523081302643,0.09309309309309309,0.04356554908652881,0.8711053956988507,0.04141499102115631,-0.00809825211763382,0.10662947865264964,0.09977916081108211,0.9977702008675662,0.046704038977622986,-0.0028092041611671448
arousal_spike_rows_2_6_train_q90,grouped_video,3,regression_plus_binary,20260627,diag_only,0.22269807280513917,0.020879341497691228,2.083865584295268,0.09527195990085602,0.04575871676206589,0.16602316602316602,0.07769524191929332,1.5535381941726047,0.0722225233912468,0.022709280252456665,0.15533147393263247,0.14535233888777355,1.4534922040807199,0.06737193465232849,0.01785869151353836
arousal_spike_rows_2_6_train_q90,grouped_video,3,binary,20260625,label_permutation,0.14346895074946467,0.01345111423408954,1.3424903283440672,0.05597816780209541,0.006464924663305283,0.145002145002145,0.06785785986749648,1.3568369757889933,0.05964372679591179,0.010130483657121658,0.1317313881141386,0.12326841999598474,1.232657753184478,0.05619744956493378,0.006684206426143646
arousal_spike_rows_2_6_train_q90,grouped_video,3,binary,20260626,label_permutation,0.15203426124197003,0.014254165830154587,1.4226390046631159,0.05912332236766815,0.009610079228878021,0.15444015444015444,0.07227464364585424,1.4451518085326556,0.06296705454587936,0.013453811407089233,0.14031323750268182,0.13129893595663522,1.3129611898740206,0.05881807208061218,0.009304828941822052
arousal_spike_rows_2_6_train_q90,grouped_video,3,binary,20260627,label_permutation,0.15203426124197003,0.014254165830154587,1.4226390046631159,0.060597486793994904,0.011084243655204773,0.14071214071214072,0.06585023087733387,1.3166938699964197,0.05959909036755562,0.010085847228765488,0.12765500965458057,0.11945392491467577,1.1945136207569456,0.056108031421899796,0.006594788283109665
arousal_spike_rows_2_6_train_q90,grouped_video,3,regression,20260625,label_permutation,0.15631691648822268,0.01465569162818711,1.4627133428226402,0.06237069144845009,0.012857448309659958,0.13127413127413126,0.06143344709897611,1.2283790372527572,0.05421627685427666,0.0047030337154865265,0.12100407637845956,0.11323027504517165,1.13227845732255,0.05233491584658623,0.002821672707796097
arousal_spike_rows_2_6_train_q90,grouped_video,3,regression,20260626,label_permutation,0.11991434689507495,0.011242722344910661,1.1220814684666829,0.04772486165165901,-0.0017883814871311188,0.11068211068211069,0.05179682794619554,1.0356921294484034,0.04703748971223831,-0.002475753426551819,0.10748766359150397,0.10058221240714715,1.0058005445365203,0.04669076204299927,-0.002822481095790863
arousal_spike_rows_2_6_train_q90,grouped_video,3,regression,20260627,label_permutation,0.11777301927194861,0.011041959445894398,1.1020442993869208,0.050011325627565384,0.0004980824887752533,0.10424710424710425,0.04878538446095162,0.9754774707595426,0.04631849750876427,-0.0031947456300258636,0.10405492383608668,0.09737000602288697,0.9736791698607035,0.04753600433468819,-0.001977238804101944
arousal_spike_rows_2_6_train_q90,grouped_video,3,regression_plus_binary,20260625,label_permutation,0.14775160599571735,0.013852640032122063,1.3825646665035916,0.06019172444939613,0.010678481310606003,0.14671814671814673,0.06866091146356153,1.372894218106023,0.06294003874063492,0.013426795601844788,0.13344775799184724,0.12487452318811483,1.2487184405223866,0.05870894715189934,0.009195704013109207
arousal_spike_rows_2_6_train_q90,grouped_video,3,regression_plus_binary,20260626,label_permutation,0.12419700214132762,0.011644248142943184,1.1621558066262072,0.05274293199181557,0.0032296888530254364,0.138996138996139,0.06504717928126882,1.3006366276793901,0.059177178889513016,0.009663935750722885,0.13258957305299293,0.12407147159204979,1.2406880968534324,0.05780031159520149,0.008287068456411362
arousal_spike_rows_2_6_train_q90,grouped_video,3,regression_plus_binary,20260627,label_permutation,0.16488222698072805,0.015458743224252159,1.542862019141689,0.06731192022562027,0.01779867708683014,0.14586014586014587,0.06825938566552901,1.364865596947508,0.0615362823009491,0.012023039162158966,0.1328041192877065,0.12427223449106604,1.242695682770671,0.0570649690926075,0.0075517259538173676
arousal_spike_rows_2_6_train_q90,grouped_video,3,binary,20260625,pca_only_random,0.11134903640256959,0.010439670748845614,1.041932792147634,0.051314495503902435,0.0018012523651123047,0.10810810810810811,0.05059225055209797,1.011606265972859,0.05062973499298096,0.0011164918541908264,0.10405492383608668,0.09737000602288697,0.9736791698607035,0.0488756000995636,-0.000637643039226532
arousal_spike_rows_2_6_train_q90,grouped_video,3,binary,20260626,pca_only_random,0.09207708779443255,0.008632804657699257,0.8615982704297744,0.04581726714968681,-0.0036959759891033173,0.10853710853710853,0.050793013451114234,1.0156205765521162,0.05026134476065636,0.0007481016218662262,0.11177858828577558,0.1045974703874724,1.0459522628812916,0.05109931528568268,0.0015860721468925476
arousal_spike_rows_2_6_train_q90,grouped_video,3,binary,20260627,pca_only_random,0.10278372591006424,0.009636619152780567,0.9617841158285854,0.051821187138557434,0.0023079439997673035,0.0978120978120978,0.04577394097570769,0.9152628120706818,0.048574939370155334,-0.0009383037686347961,0.10212400772366445,0.09556313993174062,0.9556108966055563,0.04930359125137329,-0.0002096518874168396
arousal_spike_rows_2_6_train_q90,grouped_video,3,regression,20260625,pca_only_random,0.09421841541755889,0.00883356755671552,0.8816354395095366,0.0477963462471962,-0.001716896891593933,0.10381810381810382,0.048584621561935354,0.9714631601802852,0.049794234335422516,0.00028099119663238525,0.10319673889723235,0.09656695442682192,0.9656488261917492,0.0494491308927536,-6.411224603652954e-05
arousal_spike_rows_2_6_train_q90,grouped_video,3,regression,20260626,pca_only_random,0.09207708779443255,0.008632804657699257,0.8615982704297744,0.044064782559871674,-0.005448460578918457,0.10296010296010295,0.04818309576390283,0.9634345390217703,0.04666940122842789,-0.0028438419103622437,0.10856039476507187,0.10158602690222847,1.015838474122713,0.04864925891160965,-0.000863984227180481
arousal_spike_rows_2_6_train_q90,grouped_video,3,regression,20260627,pca_only_random,0.10278372591006424,0.009636619152780567,0.9617841158285854,0.04765518009662628,-0.0018580630421638489,0.1021021021021021,0.04778156996587031,0.9554059178632557,0.04833218827843666,-0.0011810548603534698,0.09826217549881999,0.0919494077494479,0.9194743500952621,0.046951185911893845,-0.002562057226896286
arousal_spike_rows_2_6_train_q90,grouped_video,3,regression_plus_binary,20260625,pca_only_random,0.11991434689507495,0.011242722344910661,1.1220814684666829,0.054646819829940796,0.005133576691150665,0.12569712569712568,0.058823529411764705,1.1761929997224112,0.05402639880776405,0.004513155668973923,0.11242222698991633,0.10519975908452119,1.0519750206330074,0.05105767771601677,0.0015444345772266388
arousal_spike_rows_2_6_train_q90,grouped_video,3,regression_plus_binary,20260626,pca_only_random,0.08779443254817987,0.008231278859666733,0.82152393227025,0.04469819739460945,-0.004815045744180679,0.1154011154011154,0.05400521983537442,1.0798495458202344,0.051053039729595184,0.0015397965908050537,0.11113494958163485,0.10399518169042361,1.039929505129576,0.05098956450819969,0.0014763213694095612
arousal_spike_rows_2_6_train_q90,grouped_video,3,regression_plus_binary,20260627,pca_only_random,0.10706638115631692,0.01003814495081309,1.00185845398811,0.050635818392038345,0.0011225752532482147,0.1154011154011154,0.05400521983537442,1.0798495458202344,0.05220085009932518,0.0026876069605350494,0.111564042051062,0.10439670748845613,1.043944676964053,0.05090654268860817,0.001393299549818039
arousal_spike_rows_2_6_train_q90,grouped_video,3,binary,20260625,pca_only_real,0.3297644539614561,0.030917486448504318,3.085724038283378,0.12020009011030197,0.07068684697151184,0.23723723723723725,0.11102188315599278,2.2199137503293294,0.09307864308357239,0.04356539994478226,0.19952799828363013,0.18670949608512347,1.8670549030318644,0.08097005635499954,0.03145681321620941
arousal_spike_rows_2_6_train_q90,grouped_video,3,binary,20260626,pca_only_real,0.3297644539614561,0.030917486448504318,3.085724038283378,0.12250695377588272,0.07299371063709259,0.22136422136422138,0.10359365589239108,2.0713842588968068,0.08962199836969376,0.040108755230903625,0.19459343488521777,0.18209194940774945,1.8208804269353773,0.08024460822343826,0.030731365084648132
arousal_spike_rows_2_6_train_q90,grouped_video,3,binary,20260627,pca_only_real,0.33832976445396146,0.03172053804456936,3.165872714602427,0.12210822105407715,0.07259497791528702,0.22651222651222652,0.10600281068058623,2.119555985847895,0.09074155986309052,0.041228316724300385,0.189873417721519,0.1776751656293917,1.776713536756129,0.07856752723455429,0.02905428409576416
arousal_spike_rows_2_6_train_q90,grouped_video,3,regression,20260625,pca_only_real,0.24839400428265523,0.02328849628588637,2.3243116132524144,0.08918778598308563,0.0396745428442955,0.1891891891891892,0.08853643846617146,1.7703109654525033,0.0777919739484787,0.028278730809688568,0.17335335764857326,0.16221642240513953,1.6221294211287594,0.0733378678560257,0.023824624717235565
arousal_spike_rows_2_6_train_q90,grouped_video,3,regression,20260626,pca_only_real,0.22483940042826553,0.02108010439670749,2.1039027533750305,0.08474218100309372,0.03522893786430359,0.19648219648219648,0.0919494077494479,1.8385542452998784,0.07768592983484268,0.02817268669605255,0.17378245011800042,0.16261794820317205,1.6261445929632365,0.07160206884145737,0.022088825702667236
arousal_spike_rows_2_6_train_q90,grouped_video,3,regression,20260627,pca_only_real,0.2334047109207709,0.021883155992772536,2.1840514296940796,0.08866828680038452,0.03915504366159439,0.1921921921921922,0.08994177875928529,1.7984111395073048,0.07843206077814102,0.02891881763935089,0.1731388114138597,0.16201565950612326,1.620121835211521,0.07327337563037872,0.023760132491588593
arousal_spike_rows_2_6_train_q90,grouped_video,3,regression_plus_binary,20260625,pca_only_real,0.3618843683083512,0.03392892993374824,3.386281574479811,0.12994669377803802,0.0804334506392479,0.2308022308022308,0.10801043967074885,2.159699091640469,0.09229176491498947,0.04277852177619934,0.20253164556962025,0.18952017667135113,1.895161105873204,0.08168730139732361,0.03217405825853348
arousal_spike_rows_2_6_train_q90,grouped_video,3,regression_plus_binary,20260626,pca_only_real,0.3426124197002141,0.03212206384260189,3.205947052761951,0.1293567568063736,0.07984351366758347,0.22737022737022736,0.10640433647861876,2.1275846070064097,0.09191279858350754,0.04239955544471741,0.19244797253808196,0.18008432041758682,1.8008045677629918,0.07923679053783417,0.029723547399044037
arousal_spike_rows_2_6_train_q90,grouped_video,3,regression_plus_binary,20260627,pca_only_real,0.32548179871520344,0.030515960650471793,3.045649700123854,0.12053973972797394,0.07102649658918381,0.22565422565422566,0.1056012848825537,2.11152736468938,0.09063142538070679,0.041118182241916656,0.19330615747693627,0.18088737201365188,1.8088349114319457,0.07967124134302139,0.030157998204231262
arousal_spike_rows_2_6_train_q90,grouped_video,3,binary,20260625,pca_only_shuffled,0.11349036402569593,0.010640433647861875,1.0619699612273963,0.050842028111219406,0.0013287849724292755,0.10124410124410124,0.04738004416783778,0.9473772967047409,0.04819705709815025,-0.0013161860406398773,0.10534220124436816,0.09857458341698454,0.9857246853641348,0.04891866818070412,-0.0005945749580860138
arousal_spike_rows_2_6_train_q90,grouped_video,3,binary,20260626,pca_only_shuffled,0.11349036402569593,0.010640433647861875,1.0619699612273963,0.051075417548418045,0.0015621744096279144,0.1093951093951094,0.051194539249146756,1.023649197710631,0.05084826797246933,0.0013350248336791992,0.10984767217335335,0.10279060429632604,1.0278839896261445,0.05081094801425934,0.0012977048754692078
arousal_spike_rows_2_6_train_q90,grouped_video,3,binary,20260627,pca_only_shuffled,0.11991434689507495,0.011242722344910661,1.1220814684666829,0.052471552044153214,0.002958308905363083,0.09438009438009438,0.04416783778357759,0.883148327436623,0.04500751569867134,-0.00450572744011879,0.1014803690195237,0.09496085123469183,0.9495881388538406,0.04706714674830437,-0.0024460963904857635
arousal_spike_rows_2_6_train_q90,grouped_video,3,regression,20260625,pca_only_shuffled,0.10920770877944326,0.010238907849829351,1.021895623067872,0.05067604407668114,0.0011628009378910065,0.10853710853710853,0.050793013451114234,1.0156205765521162,0.049735549837350845,0.00022230669856071472,0.10105127655009655,0.0945593254366593,0.9455729670193636,0.04749961569905281,-0.00201362743973732
arousal_spike_rows_2_6_train_q90,grouped_video,3,regression,20260626,pca_only_shuffled,0.1284796573875803,0.012045773940975708,1.2022301447857318,0.05405993014574051,0.004546687006950378,0.11840411840411841,0.05541056012848825,1.107949719875036,0.053038567304611206,0.0035253241658210754,0.11564042051062004,0.1082112025697651,1.082088809391586,0.05087859556078911,0.0013653524219989777
arousal_spike_rows_2_6_train_q90,grouped_video,3,regression,20260627,pca_only_shuffled,0.10492505353319058,0.009837382051796828,0.9818212849083476,0.050437916070222855,0.000924672931432724,0.09738309738309739,0.04557317807669143,0.9112485014914246,0.04796477034687996,-0.0015484727919101715,0.1014803690195237,0.09496085123469183,0.9495881388538406,0.047901805490255356,-0.0016114376485347748
arousal_spike_rows_2_6_train_q90,grouped_video,3,regression_plus_binary,20260625,pca_only_shuffled,0.11563169164882227,0.010841196546878137,1.0820071303071586,0.05320992320775986,0.0036966800689697266,0.10296010296010295,0.04818309576390283,0.9634345390217703,0.04866987466812134,-0.0008433684706687927,0.10748766359150397,0.10058221240714715,1.0058005445365203,0.04998555779457092,0.00047231465578079224
arousal_spike_rows_2_6_train_q90,grouped_video,3,regression_plus_binary,20260626,pca_only_shuffled,0.09850107066381156,0.009235093354748043,0.9217097776690609,0.045471977442502975,-0.004041265696287155,0.1093951093951094,0.051194539249146756,1.023649197710631,0.05017127841711044,0.0006580352783203125,0.10920403346921262,0.10218831559927725,1.021861231874429,0.050090476870536804,0.0005772337317466736
arousal_spike_rows_2_6_train_q90,grouped_video,3,regression_plus_binary,20260627,pca_only_shuffled,0.1006423982869379,0.009435856253764304,0.9417469467488232,0.0485873706638813,-0.0009258724749088287,0.10767910767910768,0.05039148765308171,1.0075919553936017,0.0503498800098896,0.000836636871099472,0.1083458485303583,0.10138526400321221,1.0138308882054747,0.050393931567668915,0.0008806884288787842
arousal_spike_rows_2_6_train_q90,grouped_video,3,binary,20260625,quality_only,0.28051391862955033,0.026299939771130296,2.624869149448848,0.1076105460524559,0.05809730291366577,0.2187902187902188,0.10238907849829351,2.047298395421262,0.08473774045705795,0.03522449731826782,0.17657155116927697,0.16522786589038346,1.6522432098873379,0.071265809237957,0.02175256609916687
arousal_spike_rows_2_6_train_q90,grouped_video,3,binary,20260626,quality_only,0.2762312633832976,0.02589841397309777,2.584794811289323,0.1053813174366951,0.05586807429790497,0.2097812097812098,0.09817305761895202,1.9629978732568574,0.08279884606599808,0.03328560292720795,0.1716369877708646,0.16061031921300944,1.6060687337908508,0.07164449989795685,0.022131256759166718
arousal_spike_rows_2_6_train_q90,grouped_video,3,binary,20260627,quality_only,0.2698072805139186,0.025296125276048985,2.5246833040500367,0.1091843992471695,0.059671156108379364,0.2157872157872158,0.10098373820517968,2.0191982213664605,0.08281662315130234,0.03330338001251221,0.17506972752628192,0.16382252559726962,1.638190108466668,0.07227237522602081,0.022759132087230682
arousal_spike_rows_2_6_train_q90,grouped_video,3,regression,20260625,quality_only,0.25481798715203424,0.023890784982935155,2.384423120491701,0.1010655015707016,0.05155225843191147,0.1866151866151866,0.08733186107207389,1.7462251019769588,0.07512570172548294,0.02561245858669281,0.16477150826003004,0.15418590644448907,1.5418259844392168,0.06828684359788895,0.018773600459098816
arousal_spike_rows_2_6_train_q90,grouped_video,3,regression,20260626,quality_only,0.25267665952890794,0.02369002208391889,2.3643859514119394,0.0992509052157402,0.04973766207695007,0.1891891891891892,0.08853643846617146,1.7703109654525033,0.07863115519285202,0.02911791205406189,0.15533147393263247,0.14535233888777355,1.4534922040807199,0.06606733798980713,0.016554094851017
arousal_spike_rows_2_6_train_q90,grouped_video,3,regression,20260627,quality_only,0.2633832976445396,0.024693836579000202,2.46457179681075,0.10868046432733536,0.05916722118854523,0.16731016731016732,0.0782975306163421,1.5655811259103771,0.07012449949979782,0.02061125636100769,0.1484659944217979,0.13892792611925317,1.3892494547290861,0.06292826682329178,0.013415023684501648
arousal_spike_rows_2_6_train_q90,grouped_video,3,regression_plus_binary,20260625,quality_only,0.09850107066381156,0.009235093354748043,0.9217097776690609,0.04794582724571228,-0.0015674158930778503,0.09566709566709566,0.04477012648062638,0.895191259174395,0.047042135149240494,-0.002471107989549637,0.09740399055996567,0.09114635615338286,0.9114440064263079,0.046676021069288254,-0.002837222069501877
arousal_spike_rows_2_6_train_q90,grouped_video,3,regression_plus_binary,20260626,quality_only,0.08993576017130621,0.008432041758682996,0.8415611013500122,0.04507487267255783,-0.0044383704662323,0.11840411840411841,0.05541056012848825,1.107949719875036,0.05483004450798035,0.005316801369190216,0.12121862261317314,0.11343103794418792,1.1342860432397885,0.05409299582242966,0.004579752683639526
arousal_spike_rows_2_6_train_q90,grouped_video,3,regression_plus_binary,20260627,quality_only,0.2955032119914347,0.027705280064244126,2.765129333007183,0.11093925684690475,0.061426013708114624,0.20205920205920205,0.0945593254366593,1.8907402828302244,0.07973933219909668,0.03022608906030655,0.16798970178073375,0.157197349929733,1.5719397731977953,0.07110995799303055,0.021596714854240417
arousal_spike_rows_2_6_train_q90,grouped_video,3,binary,20260625,real_ar_pca_diag,0.4089935760171306,0.038345713712106,3.8270992942345794,0.1540888249874115,0.10457558184862137,0.31874731874731876,0.1491668339690825,2.982632760388231,0.11937592923641205,0.06986268609762192,0.2716155331473933,0.25416583015458744,2.541603771224022,0.10363270342350006,0.05411946028470993
arousal_spike_rows_2_6_train_q90,grouped_video,3,binary,20260626,real_ar_pca_diag,0.41541755888650966,0.03894800240915479,3.8872108014738664,0.15538544952869415,0.10587220638990402,0.3127413127413127,0.14635615338285485,2.9264324122786274,0.11649973690509796,0.06698649376630783,0.2645355074018451,0.2475406544870508,2.475353435955149,0.10053345561027527,0.05102021247148514
arousal_spike_rows_2_6_train_q90,grouped_video,3,binary,20260627,real_ar_pca_diag,0.4282655246252677,0.04015257980325236,4.00743381595244,0.1586817055940628,0.10916846245527267,0.3166023166023166,0.1481630194740012,2.962561207491944,0.11901053041219711,0.06949728727340698,0.268182793391976,0.25095362377032726,2.5094823965482047,0.10231604427099228,0.05280280113220215
arousal_spike_rows_2_6_train_q90,grouped_video,3,regression,20260625,real_ar_pca_diag,0.44325481798715205,0.04155792009636619,4.147693999510775,0.17399652302265167,0.12448327988386154,0.3406263406263406,0.15940574181891187,3.187362599930357,0.1288170963525772,0.07930385321378708,0.28191375241364514,0.263802449307368,2.6379678952514727,0.10907720029354095,0.059563957154750824
arousal_spike_rows_2_6_train_q90,grouped_video,3,regression,20260626,real_ar_pca_diag,0.45610278372591007,0.04276249749046376,4.267917013989348,0.17533466219902039,0.12582141906023026,0.34191334191334194,0.16000803051596066,3.1994055316681296,0.12823157012462616,0.07871832698583603,0.2746191804333834,0.2569765107408151,2.5697099740653617,0.10693035274744034,0.05741710960865021
arousal_spike_rows_2_6_train_q90,grouped_video,3,regression,20260627,real_ar_pca_diag,0.4261241970021413,0.0399518169042361,3.987396646872677,0.16971929371356964,0.12020605057477951,0.3337623337623338,0.15619353543465167,3.1231336306622395,0.12550561130046844,0.07599236816167831,0.27933919759708215,0.26139329451917287,2.6138768642446095,0.10737112164497375,0.057857878506183624
arousal_spike_rows_2_6_train_q90,grouped_video,3,regression_plus_binary,20260625,real_ar_pca_diag,0.40471092077087795,0.03794418791407348,3.787024956075055,0.1561388075351715,0.10662556439638138,0.31746031746031744,0.14856454527203372,2.970589828650459,0.11835508793592453,0.0688418447971344,0.2653936923406994,0.24834370608311584,2.4833837796241034,0.10184876620769501,0.05233552306890488
arousal_spike_rows_2_6_train_q90,grouped_video,3,regression_plus_binary,20260626,real_ar_pca_diag,0.4346895074946467,0.04075486850030115,4.067545323191726,0.16179364919662476,0.11228040605783463,0.31874731874731876,0.1491668339690825,2.982632760388231,0.11845056712627411,0.06893732398748398,0.26410641493241793,0.24713912868901827,2.471338264120672,0.10112187266349792,0.051608629524707794
arousal_spike_rows_2_6_train_q90,grouped_video,3,regression_plus_binary,20260627,real_ar_pca_diag,0.41541755888650966,0.03894800240915479,3.8872108014738664,0.15215720236301422,0.10264395922422409,0.32217932217932216,0.1507729371612126,3.01474724502229,0.12053453922271729,0.07102129608392715,0.26753915468783523,0.25035133507327845,2.503459638796489,0.10212545841932297,0.05261221528053284
arousal_spike_rows_2_6_train_q90,grouped_video,3,binary,20260625,shuffled_diag_only,0.1284796573875803,0.012045773940975708,1.2022301447857318,0.059206146746873856,0.009692903608083725,0.10424710424710425,0.04878538446095162,0.9754774707595426,0.04899752140045166,-0.0005157217383384705,0.10577129371379532,0.09897610921501707,0.9897398571986118,0.04917645826935768,-0.00033678486943244934
arousal_spike_rows_2_6_train_q90,grouped_video,3,binary,20260626,shuffled_diag_only,0.12419700214132762,0.011644248142943184,1.1621558066262072,0.05315374210476875,0.0036404989659786224,0.10725010725010725,0.05019072475406545,1.0035776448143443,0.05100195109844208,0.001488707959651947,0.10190946148895087,0.09536237703272435,0.9536033106883178,0.049506332725286484,-6.910413503646851e-06
arousal_spike_rows_2_6_train_q90,grouped_video,3,binary,20260627,shuffled_diag_only,0.13276231263383298,0.012447299739008232,1.242304482945256,0.05241907015442848,0.0029058270156383514,0.10167310167310167,0.047580807066854046,0.9513916072839983,0.04878649860620499,-0.000726744532585144,0.10555674747908174,0.09877534631600081,0.9877322712813733,0.04929889366030693,-0.00021434947848320007
arousal_spike_rows_2_6_train_q90,grouped_video,3,regression,20260625,shuffled_diag_only,0.09850107066381156,0.009235093354748043,0.9217097776690609,0.047175291925668716,-0.002337951213121414,0.09652509652509653,0.0451716522786589,0.9032198803329098,0.04836993291974068,-0.0011433102190494537,0.10190946148895087,0.09536237703272435,0.9536033106883178,0.04939718171954155,-0.00011606141924858093
arousal_spike_rows_2_6_train_q90,grouped_video,3,regression,20260626,shuffled_diag_only,0.1006423982869379,0.009435856253764304,0.9417469467488232,0.050383061170578,0.0008698180317878723,0.10467610467610468,0.048986147359967876,0.9794917813388,0.05064861476421356,0.0011353716254234314,0.11027676464278052,0.10319213009435856,1.0318991614606219,0.05164242163300514,0.0021291784942150116
arousal_spike_rows_2_6_train_q90,grouped_video,3,regression,20260627,shuffled_diag_only,0.13062098501070663,0.012246536839991969,1.2222673138654938,0.05935271456837654,0.00983947142958641,0.10381810381810382,0.048584621561935354,0.9714631601802852,0.05039934813976288,0.0008861050009727478,0.10448401630551384,0.0977715318209195,0.9776943416951805,0.049871109426021576,0.0003578662872314453
arousal_spike_rows_2_6_train_q90,grouped_video,3,regression_plus_binary,20260625,shuffled_diag_only,0.09207708779443255,0.008632804657699257,0.8615982704297744,0.04784705862402916,-0.001666184514760971,0.10510510510510511,0.04918691025898414,0.9835060919180574,0.05107055976986885,0.00155731663107872,0.10577129371379532,0.09897610921501707,0.9897398571986118,0.05000659078359604,0.0004933476448059082
arousal_spike_rows_2_6_train_q90,grouped_video,3,regression_plus_binary,20260626,shuffled_diag_only,0.1284796573875803,0.012045773940975708,1.2022301447857318,0.05468645319342613,0.005173210054636002,0.1111111111111111,0.05199759084521181,1.0397064400276606,0.05200416222214699,0.0024909190833568573,0.10748766359150397,0.10058221240714715,1.0058005445365203,0.04962485656142235,0.00011161342263221741
arousal_spike_rows_2_6_train_q90,grouped_video,3,regression_plus_binary,20260627,shuffled_diag_only,0.1349036402569593,0.012648062638024492,1.2623416520250184,0.05060386285185814,0.0010906197130680084,0.11411411411411411,0.053402931138325636,1.0678066140824622,0.04962725192308426,0.00011400878429412842,0.10319673889723235,0.09656695442682192,0.9656488261917492,0.04790830984711647,-0.0016049332916736603
arousal_spike_rows_2_6_train_q90,grouped_video,3,binary,20260625,time_only,0.21627408993576017,0.02027705280064244,2.023754077055982,0.092554971575737,0.04304172843694687,0.14972114972114972,0.07006625175667537,1.4009943921608246,0.06800545752048492,0.018492214381694794,0.12851319459343488,0.12025697651074081,1.2025439644258997,0.05950001999735832,0.009986776858568192
arousal_spike_rows_2_6_train_q90,grouped_video,3,binary,20260626,time_only,0.20770877944325483,0.019474001204577394,1.9436054007369332,0.08907235413789749,0.03955911099910736,0.15015015015015015,0.07026701465569163,1.405008702740082,0.0681217834353447,0.018608540296554565,0.12658227848101267,0.11845011041959445,1.1844756911707526,0.05777626484632492,0.00826302170753479
arousal_spike_rows_2_6_train_q90,grouped_video,3,binary,20260627,time_only,0.20985010706638116,0.019674764103593655,1.9636425698166953,0.09077960252761841,0.04126635938882828,0.14972114972114972,0.07006625175667537,1.4009943921608246,0.06801056861877441,0.018497325479984283,0.13044411070585712,0.12206384260188717,1.2206122376810469,0.059043269604444504,0.009530026465654373
arousal_spike_rows_2_6_train_q90,grouped_video,3,regression,20260625,time_only,0.21841541755888652,0.020477815699658702,2.043791246135744,0.09567146748304367,0.04615822434425354,0.15015015015015015,0.07026701465569163,1.405008702740082,0.06756541877985,0.018052175641059875,0.13430594293070156,0.12567757478417987,1.2567487841913407,0.06004560366272926,0.010532360523939133
arousal_spike_rows_2_6_train_q90,grouped_video,3,regression,20260626,time_only,0.22055674518201285,0.020678578598674963,2.063828415215506,0.09663153439760208,0.04711829125881195,0.15057915057915058,0.07046777755470789,1.4090230133193393,0.06825843453407288,0.018745191395282745,0.1349495816348423,0.12627986348122866,1.2627715419430565,0.060138583183288574,0.010625340044498444
arousal_spike_rows_2_6_train_q90,grouped_video,3,regression,20260627,time_only,0.21841541755888652,0.020477815699658702,2.043791246135744,0.09295954555273056,0.04344630241394043,0.1527241527241527,0.0714715920497892,1.429094566215626,0.06925497949123383,0.019741736352443695,0.13237502681827934,0.12387070869303353,1.2386805109361938,0.06020766496658325,0.010694421827793121
arousal_spike_rows_2_6_train_q90,grouped_video,3,regression_plus_binary,20260625,time_only,0.20556745182012848,0.019273238305561134,1.9235682316571707,0.08868035674095154,0.03916711360216141,0.15015015015015015,0.07026701465569163,1.405008702740082,0.06704127788543701,0.01752803474664688,0.12872774082814847,0.12045773940975708,1.2045515503431383,0.05863477662205696,0.00912153348326683
arousal_spike_rows_2_6_train_q90,grouped_video,3,regression_plus_binary,20260626,time_only,0.21627408993576017,0.02027705280064244,2.023754077055982,0.092554971575737,0.04304172843694687,0.14972114972114972,0.07006625175667537,1.4009943921608246,0.06800545752048492,0.018492214381694794,0.12915683329757563,0.1208592652077896,1.2085667221776153,0.059025708585977554,0.009512465447187424
arousal_spike_rows_2_6_train_q90,grouped_video,3,regression_plus_binary,20260627,time_only,0.21627408993576017,0.02027705280064244,2.023754077055982,0.092554971575737,0.04304172843694687,0.14972114972114972,0.07006625175667537,1.4009943921608246,0.06800545752048492,0.018492214381694794,0.13216048058356575,0.12366994579401727,1.2366729250189552,0.059468526393175125,0.009955283254384995
arousal_spike_rows_2_6_train_q90,grouped_video,3,binary,20260625,video_mean_pca_oracle_diagnostic,0.19271948608137046,0.01806866091146356,1.8033452171785977,0.08579327166080475,0.03628002852201462,0.12526812526812528,0.05862276651274844,1.172178689143154,0.057277947664260864,0.007764704525470734,0.0993349066723879,0.0929532222445292,0.929512279681455,0.049677446484565735,0.00016420334577560425
arousal_spike_rows_2_6_train_q90,grouped_video,3,binary,20260626,video_mean_pca_oracle_diagnostic,0.18201284796573874,0.017064846416382253,1.7031593717797866,0.06755031645298004,0.01803707331418991,0.11411411411411411,0.053402931138325636,1.0678066140824622,0.055286284536123276,0.005773041397333145,0.09289851963098048,0.08693033527404136,0.8692847021642981,0.04716644063591957,-0.0023468025028705597
arousal_spike_rows_2_6_train_q90,grouped_video,3,binary,20260627,video_mean_pca_oracle_diagnostic,0.16274089935760172,0.015257980325235896,1.522824850061927,0.0630250796675682,0.013511836528778076,0.11454311454311454,0.0536036940373419,1.0718209246617196,0.05391613021492958,0.00440288707613945,0.1205749839090324,0.11282874924713913,1.1282632854880728,0.05288662761449814,0.003373384475708008
arousal_spike_rows_2_6_train_q90,grouped_video,3,regression,20260625,video_mean_pca_oracle_diagnostic,0.17130620985010706,0.016061031921300945,1.6029735263809755,0.07054051756858826,0.021027274429798126,0.08451308451308451,0.039550291106203575,0.7908191841137032,0.04883314669132233,-0.000680096447467804,0.09869126796824716,0.09235093354748043,0.9234895219297393,0.049589090049266815,7.584691047668457e-05
arousal_spike_rows_2_6_train_q90,grouped_video,3,regression,20260626,video_mean_pca_oracle_diagnostic,0.057815845824411134,0.005420598273439069,0.5410035651535793,0.04779869690537453,-0.0017145462334156036,0.09051909051909052,0.04236097169243124,0.8470195322233065,0.05063870921730995,0.0011254660785198212,0.104913108774941,0.09817305761895202,0.9817095135296577,0.05213566869497299,0.0026224255561828613
arousal_spike_rows_2_6_train_q90,grouped_video,3,regression,20260627,video_mean_pca_oracle_diagnostic,0.18201284796573874,0.017064846416382253,1.7031593717797866,0.06766811013221741,0.018154866993427277,0.08837408837408837,0.04135715719734993,0.8269479793270197,0.05004355311393738,0.0005303099751472473,0.1038403776013731,0.09716924312387071,0.9716715839434649,0.05070732533931732,0.0011940822005271912
arousal_spike_rows_2_6_train_q90,grouped_video,3,regression_plus_binary,20260625,video_mean_pca_oracle_diagnostic,0.12633832976445397,0.011845011041959445,1.1821929757059697,0.05491545423865318,0.005402211099863052,0.11025311025311026,0.05159606504717928,1.0316778188691458,0.050544314086437225,0.0010310709476470947,0.08689122505900021,0.08130897410158602,0.8130722964816183,0.04634909704327583,-0.0031641460955142975
arousal_spike_rows_2_6_train_q90,grouped_video,3,regression_plus_binary,20260626,video_mean_pca_oracle_diagnostic,0.12633832976445397,0.011845011041959445,1.1821929757059697,0.07819507271051407,0.028681829571723938,0.12483912483912483,0.05842200361373218,1.1681643785638967,0.05507896468043327,0.005565721541643143,0.12593863977687192,0.11784782172254567,1.178452933419037,0.055978260934352875,0.006465017795562744
arousal_spike_rows_2_6_train_q90,grouped_video,3,regression_plus_binary,20260627,video_mean_pca_oracle_diagnostic,0.18629550321199143,0.017466372214414775,1.743233709939311,0.06827955693006516,0.018766313791275024,0.09952809952809953,0.04657699257177274,0.9313200543877115,0.049285151064395905,-0.00022809207439422607,0.10791675606093112,0.10098373820517968,1.0098157163709975,0.049272675067186356,-0.00024056807160377502
arousal_spike_rows_2_6_train_q90,grouped_video,4,binary,20260625,ar_only_head,0.4068522483940043,0.04411423264453216,4.405472093882326,0.16442707180976868,0.11532874777913094,0.30831903945111494,0.1669375435337822,3.338536113972985,0.12158986926078796,0.07249154523015022,0.2684391080617496,0.2906895751102856,2.9067087723881624,0.10744014382362366,0.058341819792985916
arousal_spike_rows_2_6_train_q90,grouped_video,4,binary,20260626,ar_only_head,0.4197002141327623,0.04550731367541212,4.544592265268084,0.1632450670003891,0.11414674296975136,0.3078902229845626,0.1667053633619689,3.333892809224761,0.12229172140359879,0.07319339737296104,0.27208404802744424,0.2946366380311121,2.9461768627480653,0.10774343460798264,0.058645110577344894
arousal_spike_rows_2_6_train_q90,grouped_video,4,binary,20260627,ar_only_head,0.3961456102783726,0.04295333178546552,4.289538617727528,0.15706172585487366,0.10796340182423592,0.3130360205831904,0.1694915254237288,3.3896124662034484,0.12331464886665344,0.0742163248360157,0.27122641509433965,0.2937079173438588,2.936890253251618,0.10705672204494476,0.05795839801430702
arousal_spike_rows_2_6_train_q90,grouped_video,4,regression,20260625,ar_only_head,0.38329764453961457,0.04156025075458556,4.150418446341771,0.16315555572509766,0.11405723169445992,0.305746140651801,0.16554446250290225,3.3106762854836416,0.12509290874004364,0.0759945847094059,0.26393653516295024,0.2858137915022057,2.857954072531811,0.10971688479185104,0.0606185607612133
arousal_spike_rows_2_6_train_q90,grouped_video,4,regression,20260626,ar_only_head,0.3897216274089936,0.04225679127002554,4.2199785320346495,0.1661372035741806,0.11703887954354286,0.30831903945111494,0.1669375435337822,3.338536113972985,0.12534725666046143,0.07624893262982368,0.26350771869639794,0.2853494311585791,2.8533107677835874,0.10941789299249649,0.06031956896185875
arousal_spike_rows_2_6_train_q90,grouped_video,4,regression,20260627,ar_only_head,0.39828693790149894,0.04318551195727885,4.312725312958488,0.17078877985477448,0.12169045582413673,0.30831903945111494,0.1669375435337822,3.338536113972985,0.12589628994464874,0.076797965914011,0.2585763293310463,0.2800092872068725,2.7999127631790124,0.10873402655124664,0.0596357025206089
arousal_spike_rows_2_6_train_q90,grouped_video,4,regression_plus_binary,20260625,ar_only_head,0.4089935760171306,0.044346412816345486,4.428658789113285,0.1635344922542572,0.11443616822361946,0.30360205831903947,0.1643835616438356,3.2874597617425225,0.12107926607131958,0.07198094204068184,0.27101200686106347,0.2934757371720455,2.934568600877506,0.10812880843877792,0.05903048440814018
arousal_spike_rows_2_6_train_q90,grouped_video,4,regression_plus_binary,20260626,ar_only_head,0.4089935760171306,0.044346412816345486,4.428658789113285,0.16194848716259003,0.11285016313195229,0.31217838765008576,0.16902716508010215,3.3803258567070005,0.12276185303926468,0.07366352900862694,0.2692967409948542,0.2916182957975389,2.91599538188461,0.10713668912649155,0.058038365095853806
arousal_spike_rows_2_6_train_q90,grouped_video,4,regression_plus_binary,20260627,ar_only_head,0.3961456102783726,0.04295333178546552,4.289538617727528,0.1565389335155487,0.10744060948491096,0.3130360205831904,0.1694915254237288,3.3896124662034484,0.12299065291881561,0.07389232888817787,0.27101200686106347,0.2934757371720455,2.934568600877506,0.10824283957481384,0.0591445155441761
arousal_spike_rows_2_6_train_q90,grouped_video,4,binary,20260625,ar_plus_random_pca,0.4025695931477516,0.0436498723009055,4.359098703420407,0.16419561207294464,0.1150972880423069,0.30060034305317324,0.16275830044114234,3.254956628504955,0.12140164524316788,0.07230332121253014,0.24206689536878215,0.2621314139772463,2.6211455303723925,0.10068182647228241,0.05158350244164467
arousal_spike_rows_2_6_train_q90,grouped_video,4,binary,20260626,ar_plus_random_pca,0.4004282655246253,0.043417692129092175,4.335912008189448,0.1617208570241928,0.11262253299355507,0.3014579759862779,0.163222660784769,3.264243238001403,0.12131211161613464,0.0722137875854969,0.24506861063464838,0.2653819363826329,2.65364866360996,0.10152844339609146,0.05243011936545372
arousal_spike_rows_2_6_train_q90,grouped_video,4,binary,20260627,ar_plus_random_pca,0.41113490364025695,0.04457859298815881,4.451845484344245,0.1692981719970703,0.12019984796643257,0.3031732418524871,0.1641513814720223,3.2828164569942984,0.12297829985618591,0.07387997582554817,0.2444253859348199,0.2646853958671929,2.646683706487624,0.10155849903821945,0.05246017500758171
arousal_spike_rows_2_6_train_q90,grouped_video,4,regression,20260625,ar_plus_random_pca,0.3747323340471092,0.04063153006733225,4.057671665417932,0.16295455396175385,0.1138562299311161,0.3096054888507719,0.1676340840492222,3.3524660282176573,0.1237998679280281,0.07470154389739037,0.25278730703259006,0.2737404225679127,2.73722814907799,0.10529308021068573,0.05619475618004799
arousal_spike_rows_2_6_train_q90,grouped_video,4,regression,20260626,ar_plus_random_pca,0.36616702355460384,0.03970280938007894,3.9649248844940934,0.15941795706748962,0.11031963303685188,0.2868782161234991,0.15532853494311585,3.10637087656179,0.11946000903844833,0.07036168500781059,0.23542024013722126,0.2549338286510332,2.5491743067749217,0.10156910866498947,0.05247078463435173
arousal_spike_rows_2_6_train_q90,grouped_video,4,regression,20260627,ar_plus_random_pca,0.3618843683083512,0.03923844903645229,3.9185514940321746,0.15912258625030518,0.11002426221966743,0.28430531732418524,0.1539354539122359,3.0785110480724467,0.1185540109872818,0.06945568695664406,0.24099485420240138,0.2609705131181797,2.6095372685018328,0.10150818526744843,0.052409861236810684
arousal_spike_rows_2_6_train_q90,grouped_video,4,regression_plus_binary,20260625,ar_plus_random_pca,0.39828693790149894,0.04318551195727885,4.312725312958488,0.16295838356018066,0.11386005952954292,0.2993138936535163,0.16206175992570235,3.241026714260283,0.1202210932970047,0.07112276926636696,0.2444253859348199,0.2646853958671929,2.646683706487624,0.10180006176233292,0.052701737731695175
arousal_spike_rows_2_6_train_q90,grouped_video,4,regression_plus_binary,20260626,ar_plus_random_pca,0.40471092077087795,0.04388205247271883,4.382285398651367,0.1725446581840515,0.12344633415341377,0.29631217838765006,0.16043649872300905,3.2085235810227157,0.12040834873914719,0.07131002470850945,0.24742710120068612,0.2679359182725795,2.6791868397251912,0.10254716873168945,0.05344884470105171
arousal_spike_rows_2_6_train_q90,grouped_video,4,regression_plus_binary,20260627,ar_plus_random_pca,0.4197002141327623,0.04550731367541212,4.544592265268084,0.1734713613986969,0.12437303736805916,0.30360205831903947,0.1643835616438356,3.2874597617425225,0.12268324196338654,0.0735849179327488,0.24421097770154374,0.2644532156953796,2.644362054113512,0.1014118641614914,0.05231354013085365
arousal_spike_rows_2_6_train_q90,grouped_video,4,binary,20260625,ar_plus_shuffled_pca,0.4025695931477516,0.0436498723009055,4.359098703420407,0.1666724681854248,0.11757414415478706,0.2950257289879931,0.15973995820756906,3.194593666778044,0.1195097267627716,0.07041140273213387,0.24356775300171526,0.2637566751799396,2.637397096991176,0.10164528340101242,0.05254695937037468
arousal_spike_rows_2_6_train_q90,grouped_video,4,binary,20260626,ar_plus_shuffled_pca,0.3961456102783726,0.04295333178546552,4.289538617727528,0.1636044979095459,0.11450617387890816,0.30403087478559176,0.16461574181564895,3.2921030664907462,0.12237279117107391,0.07327446714043617,0.2469982847341338,0.2674715579289529,2.6745435349769675,0.10233199596405029,0.05323367193341255
arousal_spike_rows_2_6_train_q90,grouped_video,4,binary,20260627,ar_plus_shuffled_pca,0.39828693790149894,0.04318551195727885,4.312725312958488,0.16570566594600677,0.11660734191536903,0.30360205831903947,0.1643835616438356,3.2874597617425225,0.12319157272577286,0.07409324869513512,0.24635506003430532,0.2667750174135129,2.6675785778546315,0.10183487087488174,0.052736546844244
arousal_spike_rows_2_6_train_q90,grouped_video,4,regression,20260625,ar_plus_shuffled_pca,0.3361884368308351,0.03645228697469236,3.6403111512606587,0.14826789498329163,0.09916957095265388,0.2855917667238422,0.1546319944276759,3.0924409623171183,0.1178169846534729,0.06871866062283516,0.2397084048027444,0.2595774320872997,2.5956073542571607,0.10138099640607834,0.0522826723754406
arousal_spike_rows_2_6_train_q90,grouped_video,4,regression,20260626,ar_plus_shuffled_pca,0.3554603854389722,0.0385419085210123,3.8489914083392955,0.15416818857192993,0.10506986454129219,0.28945111492281306,0.1567216159739958,3.134230705051134,0.11909804493188858,0.06999972090125084,0.24356775300171526,0.2637566751799396,2.637397096991176,0.1033947616815567,0.05429643765091896
arousal_spike_rows_2_6_train_q90,grouped_video,4,regression,20260627,ar_plus_shuffled_pca,0.3640256959314775,0.03947062920826561,3.9417381892631336,0.15983565151691437,0.11073732748627663,0.2864493996569468,0.15509635477130254,3.101727571813566,0.11986076831817627,0.07076244428753853,0.241852487135506,0.261899233805433,2.6188238779982806,0.10258442163467407,0.05348609760403633
arousal_spike_rows_2_6_train_q90,grouped_video,4,regression_plus_binary,20260625,ar_plus_shuffled_pca,0.39400428265524623,0.0427211516136522,4.266351922496568,0.16399244964122772,0.11489412561058998,0.3014579759862779,0.163222660784769,3.264243238001403,0.12149916589260101,0.07240084186196327,0.24635506003430532,0.2667750174135129,2.6675785778546315,0.10229367762804031,0.05319535359740257
arousal_spike_rows_2_6_train_q90,grouped_video,4,regression_plus_binary,20260626,ar_plus_shuffled_pca,0.3961456102783726,0.04295333178546552,4.289538617727528,0.16510704159736633,0.11600871756672859,0.30360205831903947,0.1643835616438356,3.2874597617425225,0.12251362949609756,0.07341530546545982,0.2444253859348199,0.2646853958671929,2.646683706487624,0.10166820138692856,0.05256987735629082
arousal_spike_rows_2_6_train_q90,grouped_video,4,regression_plus_binary,20260627,ar_plus_shuffled_pca,0.41113490364025695,0.04457859298815881,4.451845484344245,0.16869032382965088,0.11959199979901314,0.305746140651801,0.16554446250290225,3.3106762854836416,0.12230228632688522,0.07320396229624748,0.24764150943396226,0.2681680984443928,2.681508492099303,0.10254021733999252,0.05344189330935478
arousal_spike_rows_2_6_train_q90,grouped_video,4,binary,20260625,diag_only,0.15203426124197003,0.016484792198746226,1.6462553613981326,0.07593632489442825,0.026838000863790512,0.13250428816466553,0.07174367309031808,1.4347811672011856,0.061642006039619446,0.012543682008981705,0.1271440823327616,0.137682841885303,1.376739857848387,0.05957184359431267,0.010473519563674927
arousal_spike_rows_2_6_train_q90,grouped_video,4,binary,20260626,diag_only,0.16488222698072805,0.01787787322962619,1.78537553278389,0.0802932009100914,0.03119487687945366,0.1423670668953688,0.0770838170420246,1.5415771764103354,0.07122024148702621,0.022121917456388474,0.13657804459691253,0.1478987694450894,1.4788925623093128,0.06638659536838531,0.017288271337747574
arousal_spike_rows_2_6_train_q90,grouped_video,4,binary,20260627,diag_only,0.17987152034261242,0.01950313443231948,1.9476823994006074,0.08950333297252655,0.04040500894188881,0.14065180102915953,0.0761550963547713,1.5230039574174399,0.07045114040374756,0.021352816373109818,0.13336192109777015,0.1444160668678895,1.4440677766976333,0.06525497138500214,0.016156647354364395
arousal_spike_rows_2_6_train_q90,grouped_video,4,regression,20260625,diag_only,0.20342612419700215,0.02205711632226608,2.202736046941163,0.09408426284790039,0.04498593881726265,0.14751286449399656,0.07986997910378453,1.597296833389022,0.07155762612819672,0.022459302097558975,0.1305746140651801,0.14139772463431624,1.4138862958341778,0.06305380165576935,0.013955477625131607
arousal_spike_rows_2_6_train_q90,grouped_video,4,regression,20260626,diag_only,0.21627408993576017,0.023450197353146043,2.3418562183269205,0.09939289093017578,0.05029456689953804,0.14922813036020582,0.08079869979103785,1.6158700523819176,0.07201743870973587,0.02291911467909813,0.13036020583190394,0.1411655444625029,1.411564643460066,0.06311086565256119,0.014012541621923447
arousal_spike_rows_2_6_train_q90,grouped_video,4,regression,20260627,diag_only,0.20985010706638116,0.02275365683770606,2.272296132634042,0.09574657678604126,0.04664825275540352,0.13936535162950256,0.07545855583933132,1.5090740431727678,0.0665503442287445,0.017452020198106766,0.12993138936535162,0.14070118411887625,1.406921338711842,0.06156580522656441,0.012467481195926666
arousal_spike_rows_2_6_train_q90,grouped_video,4,regression_plus_binary,20260625,diag_only,0.1670235546038544,0.018110053401439518,1.80856222801485,0.08007828891277313,0.03097996488213539,0.1350771869639794,0.07313675412119805,1.4626409956905289,0.06500178575515747,0.01590346172451973,0.1320754716981132,0.1430229858370095,1.4301378624529617,0.06392420828342438,0.014825884252786636
arousal_spike_rows_2_6_train_q90,grouped_video,4,regression_plus_binary,20260626,diag_only,0.15417558886509636,0.016716972370559555,1.669442056629092,0.07522478699684143,0.02612646296620369,0.1423670668953688,0.0770838170420246,1.5415771764103354,0.06864899396896362,0.019550669938325882,0.13250428816466553,0.14348734618063616,1.4347811672011856,0.06346730887889862,0.01436898484826088
arousal_spike_rows_2_6_train_q90,grouped_video,4,regression_plus_binary,20260627,diag_only,0.1948608137044968,0.02112839563501277,2.1099892660173247,0.08329983800649643,0.03420151397585869,0.13550600343053174,0.07336893429301138,1.467284300438753,0.06593545526266098,0.01683713123202324,0.1310034305317324,0.1418620849779429,1.418529600582402,0.06421474367380142,0.015116419643163681
arousal_spike_rows_2_6_train_q90,grouped_video,4,binary,20260625,label_permutation,0.12419700214132762,0.013466449965172975,1.3448283233956575,0.05929572880268097,0.010197404772043228,0.1183533447684391,0.0640817274204783,1.281552110509797,0.05629618838429451,0.007197864353656769,0.10849056603773585,0.11748316693754353,1.1747561013006471,0.05366946756839752,0.004571143537759781
arousal_spike_rows_2_6_train_q90,grouped_video,4,binary,20260626,label_permutation,0.08137044967880086,0.008822846528906431,0.8810944187764653,0.03643172234296799,-0.012666601687669754,0.11406518010291596,0.06175992570234502,1.235119063027558,0.05105789378285408,0.001959569752216339,0.11042024013722126,0.11957278848386348,1.1956509726676545,0.0523599274456501,0.0032616034150123596
arousal_spike_rows_2_6_train_q90,grouped_video,4,binary,20260627,label_permutation,0.12419700214132762,0.013466449965172975,1.3448283233956575,0.05790179595351219,0.00880347192287445,0.1179245283018868,0.06384954724866497,1.276908805761573,0.05446811765432358,0.005369793623685837,0.11234991423670669,0.12166241003018342,1.2165458440346621,0.053489383310079575,0.0043910592794418335
arousal_spike_rows_2_6_train_q90,grouped_video,4,regression,20260625,label_permutation,0.09421841541755889,0.010215927559786394,1.020214590162223,0.04893409460783005,-0.00016422942280769348,0.09090909090909091,0.04922219642442535,0.9843806066234672,0.04656423255801201,-0.0025340914726257324,0.08876500857632934,0.09612259113071743,0.9611640828823477,0.04643210768699646,-0.002666216343641281
arousal_spike_rows_2_6_train_q90,grouped_video,4,regression,20260626,label_permutation,0.0835117773019272,0.009055026700719759,0.904281114007425,0.04685157164931297,-0.002246752381324768,0.07246998284734134,0.03923844903645229,0.7847185024498394,0.04343670979142189,-0.005661614239215851,0.07375643224699828,0.07986997910378453,0.798648416694511,0.043718982487916946,-0.005379341542720795
arousal_spike_rows_2_6_train_q90,grouped_video,4,regression,20260627,label_permutation,0.11991434689507495,0.01300208962154632,1.2984549329337383,0.05893784388899803,0.00983951985836029,0.09862778730703259,0.05340143951706524,1.0679600920914973,0.05091763660311699,0.001819312572479248,0.08897941680960549,0.09635477130253077,0.9634857352564595,0.047420933842659,-0.0016773901879787445
arousal_spike_rows_2_6_train_q90,grouped_video,4,regression_plus_binary,20260625,label_permutation,0.11134903640256959,0.012073368934293012,1.2057081520098998,0.05467817932367325,0.005579855293035507,0.12478559176672384,0.0675644299976782,1.3512016817331554,0.05824664607644081,0.00914832204580307,0.1183533447684391,0.1281634548409566,1.281552110509797,0.05621495097875595,0.00711662694811821
arousal_spike_rows_2_6_train_q90,grouped_video,4,regression_plus_binary,20260626,label_permutation,0.11134903640256959,0.012073368934293012,1.2057081520098998,0.05702933296561241,0.00793100893497467,0.10891938250428816,0.0589737636405851,1.179399406048871,0.0518549382686615,0.002756614238023758,0.11234991423670669,0.12166241003018342,1.2165458440346621,0.05387680232524872,0.004778478294610977
arousal_spike_rows_2_6_train_q90,grouped_video,4,regression_plus_binary,20260627,label_permutation,0.10278372591006424,0.011144648247039703,1.1129613710860613,0.051284946501255035,0.0021866224706172943,0.11878216123499143,0.06431390759229162,1.2861954152580208,0.05614311620593071,0.007044792175292969,0.1138507718696398,0.1232876712328767,1.2327974106534458,0.054403096437454224,0.0053047724068164825
arousal_spike_rows_2_6_train_q90,grouped_video,4,binary,20260625,pca_only_random,0.09207708779443255,0.009983747387973066,0.9970278949312633,0.046689704060554504,-0.0024086199700832367,0.08190394511149228,0.044346412816345486,0.8868712069107652,0.04382660612463951,-0.00527171790599823,0.08962264150943396,0.09705131181797075,0.9704506923787953,0.04746108874678612,-0.0016372352838516235
arousal_spike_rows_2_6_train_q90,grouped_video,4,binary,20260626,pca_only_random,0.09850107066381156,0.01068028790341305,1.066587980624142,0.051987264305353165,0.0028889402747154236,0.08619210977701544,0.04666821453447875,0.9333042543930042,0.0483604297041893,-0.0007378943264484406,0.08576329331046312,0.09287206872533085,0.9286609496447803,0.047577835619449615,-0.0015204884111881256
arousal_spike_rows_2_6_train_q90,grouped_video,4,binary,20260627,pca_only_random,0.08565310492505353,0.009287206872533085,0.9274678092383843,0.04607049748301506,-0.0030278265476226807,0.08361921097770154,0.04527513350359879,0.9054444259036608,0.04659644141793251,-0.0025018826127052307,0.09155231560891938,0.0991409333642907,0.991345563745803,0.04889746010303497,-0.00020086392760276794
arousal_spike_rows_2_6_train_q90,grouped_video,4,regression,20260625,pca_only_random,0.08993576017130621,0.00975156721615974,0.9738411997003037,0.050648946315050125,0.001550622284412384,0.08704974271012007,0.04713257487810541,0.9425908638894521,0.04884842783212662,-0.00024989619851112366,0.08983704974271012,0.09728349198978407,0.9727723447529074,0.04884682968258858,-0.0002514943480491638
arousal_spike_rows_2_6_train_q90,grouped_video,4,regression,20260626,pca_only_random,0.08993576017130621,0.00975156721615974,0.9738411997003037,0.0473736897110939,-0.0017246343195438385,0.08104631217838765,0.04388205247271883,0.8775845974143174,0.0478060282766819,-0.001292295753955841,0.08983704974271012,0.09728349198978407,0.9727723447529074,0.04908342286944389,-1.4901161193847656e-05
arousal_spike_rows_2_6_train_q90,grouped_video,4,regression,20260627,pca_only_random,0.08779443254817987,0.009519387044346413,0.9506545044693441,0.05000729113817215,0.0009089671075344086,0.0879073756432247,0.04759693522173206,0.9518774733858999,0.04859788343310356,-0.0005004405975341797,0.08597770154373928,0.09310424889714418,0.9309826020188923,0.04702892526984215,-0.0020693987607955933
arousal_spike_rows_2_6_train_q90,grouped_video,4,regression_plus_binary,20260625,pca_only_random,0.0728051391862955,0.007894125841653122,0.7883476378526267,0.04640146344900131,-0.002696860581636429,0.09133790737564322,0.04945437659623868,0.989023911371691,0.05048953369259834,0.0013912096619606018,0.08662092624356775,0.09380078941258417,0.9379475591412281,0.0475459098815918,-0.0015524141490459442
arousal_spike_rows_2_6_train_q90,grouped_video,4,regression_plus_binary,20260626,pca_only_random,0.09421841541755889,0.010215927559786394,1.020214590162223,0.047787558287382126,-0.0013107657432556152,0.08404802744425385,0.04550731367541212,0.9100877306518846,0.04698299244046211,-0.0021153315901756287,0.08683533447684391,0.0940329695843975,0.94026921151534,0.04774509742856026,-0.0013532266020774841
arousal_spike_rows_2_6_train_q90,grouped_video,4,regression_plus_binary,20260627,pca_only_random,0.08137044967880086,0.008822846528906431,0.8810944187764653,0.04220744967460632,-0.006890874356031418,0.08061749571183534,0.0436498723009055,0.8729412926660935,0.04467281326651573,-0.004425510764122009,0.0797598627787307,0.0863710239145577,0.8636546831696458,0.045643724501132965,-0.003454599529504776
arousal_spike_rows_2_6_train_q90,grouped_video,4,binary,20260625,pca_only_real,0.2462526766595289,0.02670071975853262,2.666469951560355,0.10757167637348175,0.05847335234284401,0.1946826758147513,0.10540979800325052,2.1080603556936515,0.09000694751739502,0.04090862348675728,0.1676672384219554,0.1815648943580218,1.8155321565555456,0.08011971414089203,0.031021390110254288
arousal_spike_rows_2_6_train_q90,grouped_video,4,binary,20260626,pca_only_real,0.2462526766595289,0.02670071975853262,2.666469951560355,0.10981415212154388,0.06071582809090614,0.1951114922813036,0.10564197817506385,2.112703660441875,0.0909905955195427,0.04189227148890495,0.16638078902229847,0.18017181332714186,1.801602242310874,0.07977191358804703,0.030673589557409286
arousal_spike_rows_2_6_train_q90,grouped_video,4,binary,20260627,pca_only_real,0.2334047109207709,0.025307638727652657,2.527349780174598,0.10271181911230087,0.05361349508166313,0.19725557461406518,0.10680287903413048,2.1359201841829947,0.08871736377477646,0.03961903974413872,0.1676672384219554,0.1815648943580218,1.8155321565555456,0.07857630401849747,0.029477979987859726
arousal_spike_rows_2_6_train_q90,grouped_video,4,regression,20260625,pca_only_real,0.2569593147751606,0.027861620617599257,2.7824034277151535,0.11041795462369919,0.06131963059306145,0.18267581475128644,0.09890875319247736,1.978047822743382,0.08365687727928162,0.034558553248643875,0.15973413379073756,0.1729742280009287,1.7296310187134032,0.07536307722330093,0.026264753192663193
arousal_spike_rows_2_6_train_q90,grouped_video,4,regression,20260626,pca_only_real,0.2291220556745182,0.024843278384026005,2.4809763897126786,0.10598127543926239,0.05688295140862465,0.1676672384219554,0.0907824471790109,1.8155321565555456,0.08038746565580368,0.03128914162516594,0.14965694682675815,0.16206175992570235,1.6205133571301416,0.07326820492744446,0.024169880896806717
arousal_spike_rows_2_6_train_q90,grouped_video,4,regression,20260627,pca_only_real,0.2462526766595289,0.02670071975853262,2.666469951560355,0.11277448385953903,0.06367615982890129,0.1873927958833619,0.10146273508242395,2.029124174973845,0.08637458831071854,0.037276264280080795,0.1580188679245283,0.1711167866264221,1.7110577997205076,0.07560425251722336,0.026505928486585617
arousal_spike_rows_2_6_train_q90,grouped_video,4,regression_plus_binary,20260625,pca_only_real,0.20985010706638116,0.02275365683770606,2.272296132634042,0.09780634194612503,0.04870801791548729,0.18481989708404803,0.100069654051544,2.0012643464845015,0.08618800342082977,0.03708967939019203,0.16337907375643224,0.1769212909217553,1.7690991090733064,0.07558485865592957,0.026486534625291824
arousal_spike_rows_2_6_train_q90,grouped_video,4,regression_plus_binary,20260626,pca_only_real,0.2398286937901499,0.02600417924309264,2.5969098658674765,0.1035647764801979,0.054466452449560165,0.2032590051457976,0.11005340143951707,2.2009264506581294,0.0914844200015068,0.042386095970869064,0.16530874785591768,0.17901091246807524,1.7899939804403142,0.07911847531795502,0.030020151287317276
arousal_spike_rows_2_6_train_q90,grouped_video,4,regression_plus_binary,20260627,pca_only_real,0.21627408993576017,0.023450197353146043,2.3418562183269205,0.0966663658618927,0.04756804183125496,0.19811320754716982,0.10726723937775715,2.1452067936794426,0.09008222073316574,0.040983896702528,0.1676672384219554,0.1815648943580218,1.8155321565555456,0.07902852445840836,0.029930200427770615
arousal_spike_rows_2_6_train_q90,grouped_video,4,binary,20260625,pca_only_shuffled,0.09850107066381156,0.01068028790341305,1.066587980624142,0.05487873777747154,0.005780413746833801,0.09348198970840481,0.050615277455305314,1.0122404351128107,0.05096881091594696,0.0018704868853092194,0.09048027444253859,0.09798003250522405,0.9797373018752432,0.049825627356767654,0.0007273033261299133
arousal_spike_rows_2_6_train_q90,grouped_video,4,binary,20260626,pca_only_shuffled,0.09207708779443255,0.009983747387973066,0.9970278949312633,0.04854341968894005,-0.0005549043416976929,0.08919382504288165,0.04829347573717205,0.9658073876305715,0.04990604892373085,0.0008077248930931091,0.09090909090909091,0.0984443928488507,0.9843806066234672,0.04901687800884247,-8.144602179527283e-05
arousal_spike_rows_2_6_train_q90,grouped_video,4,binary,20260627,pca_only_shuffled,0.08137044967880086,0.008822846528906431,0.8810944187764653,0.052772026509046555,0.0036737024784088135,0.09262435677530018,0.05015091711167866,1.0029538256163628,0.04970593750476837,0.0006076134741306305,0.09605488850771869,0.10401671697237055,1.040100263602154,0.05068524181842804,0.0015869177877902985
arousal_spike_rows_2_6_train_q90,grouped_video,4,regression,20260625,pca_only_shuffled,0.10706638115631692,0.011609008590666357,1.1593347615479805,0.054954808205366135,0.0058564841747283936,0.10248713550600343,0.05549106106338519,1.1097498348255124,0.052298542112112045,0.003200218081474304,0.09305317324185249,0.10076619456698398,1.0075971303645865,0.05025963485240936,0.0011613108217716217
arousal_spike_rows_2_6_train_q90,grouped_video,4,regression,20260626,pca_only_shuffled,0.09421841541755889,0.010215927559786394,1.020214590162223,0.05114060640335083,0.002042282372713089,0.09391080617495712,0.05084745762711865,1.0168837398610344,0.0502520427107811,0.0011537186801433563,0.09412521440823328,0.10192709542605062,1.0192053922351465,0.050580818206071854,0.0014824941754341125
arousal_spike_rows_2_6_train_q90,grouped_video,4,regression,20260627,pca_only_shuffled,0.08993576017130621,0.00975156721615974,0.9738411997003037,0.05057554692029953,0.001477222889661789,0.09090909090909091,0.04922219642442535,0.9843806066234672,0.04958204925060272,0.0004837252199649811,0.09369639794168096,0.10146273508242395,1.0145620874869226,0.04986646771430969,0.0007681436836719513
arousal_spike_rows_2_6_train_q90,grouped_video,4,regression_plus_binary,20260625,pca_only_shuffled,0.09850107066381156,0.01068028790341305,1.066587980624142,0.05173809081315994,0.0026397667825222015,0.09691252144082332,0.052472718829811936,1.0493868730986018,0.050766490399837494,0.0016681663691997528,0.09283876500857632,0.10053401439517065,1.0052754779904747,0.0493253730237484,0.00022704899311065674
arousal_spike_rows_2_6_train_q90,grouped_video,4,regression_plus_binary,20260626,pca_only_shuffled,0.1006423982869379,0.010912468075226375,1.0897746758551017,0.05243341252207756,0.0033350884914398193,0.10334476843910806,0.05595542140701184,1.1190364443219603,0.05264026299118996,0.0035419389605522156,0.09283876500857632,0.10053401439517065,1.0052754779904747,0.049906034022569656,0.0008077099919319153
arousal_spike_rows_2_6_train_q90,grouped_video,4,regression_plus_binary,20260627,pca_only_shuffled,0.09635974304068523,0.010448107731599722,1.0434012853931827,0.05127553269267082,0.002177208662033081,0.09391080617495712,0.05084745762711865,1.0168837398610344,0.05003276839852333,0.0009344443678855896,0.09283876500857632,0.10053401439517065,1.0052754779904747,0.050204452127218246,0.0011061280965805054
arousal_spike_rows_2_6_train_q90,grouped_video,4,binary,20260625,quality_only,0.11134903640256959,0.012073368934293012,1.2057081520098998,0.05769112706184387,0.008592803031206131,0.09219554030874785,0.04991873693986534,0.9983105208681388,0.05060914531350136,0.001510821282863617,0.09283876500857632,0.10053401439517065,1.0052754779904747,0.04978979378938675,0.0006914697587490082
arousal_spike_rows_2_6_train_q90,grouped_video,4,binary,20260626,quality_only,0.21627408993576017,0.023450197353146043,2.3418562183269205,0.0928536206483841,0.04375529661774635,0.15823327615780447,0.08567448339911772,1.7133794520946197,0.07268614321947098,0.023587819188833237,0.12821612349914235,0.13884374274436964,1.3883481197189464,0.06305531412363052,0.013956990092992783
arousal_spike_rows_2_6_train_q90,grouped_video,4,binary,20260627,quality_only,0.20770877944325483,0.022521476665892732,2.2491094374030824,0.09129026532173157,0.042191941291093826,0.16080617495711835,0.08706756442999768,1.7412392805839632,0.07354749739170074,0.024449173361063004,0.12778730703259006,0.138379382400743,1.3837048149707227,0.062419477850198746,0.013321153819561005
arousal_spike_rows_2_6_train_q90,grouped_video,4,regression,20260625,quality_only,0.20342612419700215,0.02205711632226608,2.202736046941163,0.08869028836488724,0.039591964334249496,0.15051457975986277,0.08149524030647783,1.6297999666265892,0.06938628852367401,0.02028796449303627,0.14472555746140653,0.1567216159739958,1.567115352525567,0.06655363738536835,0.017455313354730606
arousal_spike_rows_2_6_train_q90,grouped_video,4,regression,20260626,quality_only,0.1948608137044968,0.02112839563501277,2.1099892660173247,0.08987877517938614,0.0407804511487484,0.1595197255574614,0.0863710239145577,1.7273093663392916,0.07172291725873947,0.02262459322810173,0.14751286449399656,0.15973995820756906,1.597296833389022,0.06505682319402695,0.015958499163389206
arousal_spike_rows_2_6_train_q90,grouped_video,4,regression,20260627,quality_only,0.21413276231263384,0.023218017181332713,2.318669523095961,0.09126513451337814,0.0421668104827404,0.16295025728987994,0.08822846528906432,1.7644558043250826,0.07272524386644363,0.023626919835805893,0.15051457975986277,0.16299048061295565,1.6297999666265892,0.06837324798107147,0.01927492395043373
arousal_spike_rows_2_6_train_q90,grouped_video,4,regression_plus_binary,20260625,quality_only,0.07494646680942184,0.00812630601346645,0.8115343330835864,0.048218876123428345,-0.0008794479072093964,0.06775300171526587,0.03668446714650569,0.7336421502193765,0.04416234418749809,-0.0049359798431396484,0.08297598627787307,0.0898537264917576,0.898479468781325,0.04768078401684761,-0.0014175400137901306
arousal_spike_rows_2_6_train_q90,grouped_video,4,regression_plus_binary,20260626,quality_only,0.05139186295503212,0.0055723241235198515,0.5564806855430307,0.03978212922811508,-0.00931619480252266,0.08576329331046312,0.046436034362665427,0.9286609496447803,0.050060171633958817,0.0009618476033210754,0.08640651801029159,0.09356860924077084,0.9356259067671161,0.04894514009356499,-0.0001531839370727539
arousal_spike_rows_2_6_train_q90,grouped_video,4,regression_plus_binary,20260627,quality_only,0.22269807280513917,0.024146737868586024,2.4114163040197996,0.09619318693876266,0.047094862908124924,0.16852487135506003,0.09124680752263757,1.8248187660519932,0.07581597566604614,0.0267176516354084,0.13357632933104632,0.1446482470397028,1.4463894290717454,0.06392665952444077,0.014828335493803024
arousal_spike_rows_2_6_train_q90,grouped_video,4,binary,20260625,real_ar_pca_diag,0.4132762312633833,0.04481077315997214,4.475032179575205,0.17346744239330292,0.12436911836266518,0.3027444253859348,0.16391920130020896,3.2781731522460746,0.12572161853313446,0.07662329450249672,0.25235849056603776,0.273276062224286,2.7325848443297662,0.10605122894048691,0.05695290490984917
arousal_spike_rows_2_6_train_q90,grouped_video,4,binary,20260626,real_ar_pca_diag,0.42184154175588867,0.04573949384722545,4.5677789604990435,0.1772497147321701,0.12815139070153236,0.3194682675814751,0.1729742280009287,3.4592620374268064,0.12936678528785706,0.08026846125721931,0.26136363636363635,0.2830276294404458,2.830094244042468,0.10840445756912231,0.05930613353848457
arousal_spike_rows_2_6_train_q90,grouped_video,4,binary,20260627,real_ar_pca_diag,0.4025695931477516,0.0436498723009055,4.359098703420407,0.17288556694984436,0.12378724291920662,0.2971698113207547,0.1609008590666357,3.2178101905191636,0.12429507076740265,0.07519674673676491,0.25493138936535165,0.276062224286046,2.76044467281911,0.10676568001508713,0.05766735598444939
arousal_spike_rows_2_6_train_q90,grouped_video,4,regression,20260625,real_ar_pca_diag,0.47751605995717344,0.05177617831437195,5.170633036503993,0.1995973289012909,0.15049900487065315,0.31861063464837047,0.17250986765730206,3.4499754279303585,0.13493427634239197,0.08583595231175423,0.2596483704974271,0.2811701880659392,2.8115210250495726,0.1119033619761467,0.06280503794550896
arousal_spike_rows_2_6_train_q90,grouped_video,4,regression,20260626,real_ar_pca_diag,0.4282655246252677,0.046436034362665427,4.637339046191922,0.1827702522277832,0.13367192819714546,0.30831903945111494,0.1669375435337822,3.338536113972985,0.13092881441116333,0.08183049038052559,0.24742710120068612,0.2679359182725795,2.6791868397251912,0.10749673843383789,0.05839841440320015
arousal_spike_rows_2_6_train_q90,grouped_video,4,regression,20260627,real_ar_pca_diag,0.4346895074946467,0.04713257487810541,4.706899131884801,0.1834597885608673,0.13436146453022957,0.31432246998284735,0.1701880659391688,3.40354238044812,0.13310235738754272,0.08400403335690498,0.2515008576329331,0.2723473415370327,2.7232982348333183,0.11048395931720734,0.061385635286569595
arousal_spike_rows_2_6_train_q90,grouped_video,4,regression_plus_binary,20260625,real_ar_pca_diag,0.4346895074946467,0.04713257487810541,4.706899131884801,0.18460965156555176,0.13551132753491402,0.30403087478559176,0.16461574181564895,3.2921030664907462,0.12628130614757538,0.07718298211693764,0.25578902229845624,0.2769909449732993,2.769731282315557,0.10738015174865723,0.058281827718019485
arousal_spike_rows_2_6_train_q90,grouped_video,4,regression_plus_binary,20260626,real_ar_pca_diag,0.44539614561027835,0.04829347573717205,4.822832608039599,0.1863594949245453,0.13726117089390755,0.32246998284734135,0.174599489203622,3.491765170664374,0.13195081055164337,0.08285248652100563,0.26286449399656947,0.2846528906431391,2.846345810661252,0.10999272018671036,0.06089439615607262
arousal_spike_rows_2_6_train_q90,grouped_video,4,regression_plus_binary,20260627,real_ar_pca_diag,0.45610278372591007,0.04945437659623868,4.938766084194397,0.1854526698589325,0.13635434582829475,0.307032590051458,0.16624100301834224,3.3246061997283136,0.12771785259246826,0.07861952856183052,0.2564322469982847,0.2776874854887393,2.776696239437893,0.1077844575047493,0.05868613347411156
arousal_spike_rows_2_6_train_q90,grouped_video,4,binary,20260625,shuffled_diag_only,0.10920770877944326,0.011841188762479684,1.1825214567789402,0.0530393049120903,0.00394098088145256,0.09005145797598628,0.0487578360807987,0.9750939971270194,0.05039084702730179,0.0012925229966640472,0.09005145797598628,0.0975156721615974,0.9750939971270194,0.04899151995778084,-0.00010680407285690308
arousal_spike_rows_2_6_train_q90,grouped_video,4,binary,20260626,shuffled_diag_only,0.08993576017130621,0.00975156721615974,0.9738411997003037,0.049909066408872604,0.0008107423782348633,0.0767581475128645,0.04156025075458556,0.8311515499320784,0.04624686762690544,-0.0028514564037323,0.08404802744425385,0.09101462735082425,0.9100877306518846,0.048653166741132736,-0.0004451572895050049
arousal_spike_rows_2_6_train_q90,grouped_video,4,binary,20260627,shuffled_diag_only,0.11134903640256959,0.012073368934293012,1.2057081520098998,0.05201690271496773,0.0029185786843299866,0.09819897084048028,0.053169259345251914,1.0633167873432736,0.04989863932132721,0.0008003152906894684,0.09326758147512865,0.1009983747387973,1.0099187827386986,0.049569662660360336,0.0004713386297225952
arousal_spike_rows_2_6_train_q90,grouped_video,4,regression,20260625,shuffled_diag_only,0.07494646680942184,0.00812630601346645,0.8115343330835864,0.04070485383272171,-0.008393470197916031,0.07632933104631218,0.041328070582772235,0.8265082451838545,0.04206094890832901,-0.007037375122308731,0.0879073756432247,0.09519387044346413,0.9518774733858999,0.04633798450231552,-0.00276033952832222
arousal_spike_rows_2_6_train_q90,grouped_video,4,regression,20260626,shuffled_diag_only,0.10492505353319058,0.01137682841885303,1.136148066317021,0.052855875343084335,0.0037575513124465942,0.08576329331046312,0.046436034362665427,0.9286609496447803,0.046807073056697845,-0.0022912509739398956,0.08833619210977701,0.09565823078709078,0.9565207781341237,0.04831937327980995,-0.0007789507508277893
arousal_spike_rows_2_6_train_q90,grouped_video,4,regression,20260627,shuffled_diag_only,0.1006423982869379,0.010912468075226375,1.0897746758551017,0.048838384449481964,-0.000259939581155777,0.09391080617495712,0.05084745762711865,1.0168837398610344,0.04903898760676384,-5.933642387390137e-05,0.09326758147512865,0.1009983747387973,1.0099187827386986,0.04940455034375191,0.00030622631311416626
arousal_spike_rows_2_6_train_q90,grouped_video,4,regression_plus_binary,20260625,shuffled_diag_only,0.07922912205567452,0.008590666357093104,0.8579077235455056,0.04881769046187401,-0.0002806335687637329,0.08619210977701544,0.04666821453447875,0.9333042543930042,0.0477483794093132,-0.0013499446213245392,0.08962264150943396,0.09705131181797075,0.9704506923787953,0.04860340431332588,-0.0004949197173118591
arousal_spike_rows_2_6_train_q90,grouped_video,4,regression_plus_binary,20260626,shuffled_diag_only,0.11991434689507495,0.01300208962154632,1.2984549329337383,0.057356152683496475,0.008257828652858734,0.09348198970840481,0.050615277455305314,1.0122404351128107,0.04932708293199539,0.00022875890135765076,0.09369639794168096,0.10146273508242395,1.0145620874869226,0.04967499524354935,0.0005766712129116058
arousal_spike_rows_2_6_train_q90,grouped_video,4,regression_plus_binary,20260627,shuffled_diag_only,0.09850107066381156,0.01068028790341305,1.066587980624142,0.04863234981894493,-0.00046597421169281006,0.09262435677530018,0.05015091711167866,1.0029538256163628,0.05074894055724144,0.0016506165266036987,0.09433962264150944,0.10215927559786395,1.0215270446092584,0.051125627011060715,0.0020273029804229736
arousal_spike_rows_2_6_train_q90,grouped_video,4,binary,20260625,time_only,0.14775160599571735,0.016020431855119574,1.5998819709362133,0.07590105384588242,0.026802729815244675,0.14493996569468268,0.07847689807290457,1.5694370048996789,0.0708492249250412,0.021750900894403458,0.11963979416809606,0.12955653587183655,1.2954820247544685,0.05987699329853058,0.010778669267892838
arousal_spike_rows_2_6_train_q90,grouped_video,4,binary,20260626,time_only,0.14775160599571735,0.016020431855119574,1.5998819709362133,0.07372439652681351,0.024626072496175766,0.14451114922813035,0.07824471790109125,1.5647937001514547,0.07080422341823578,0.021705899387598038,0.11856775300171526,0.1283956350127699,1.2838737628839088,0.05912035331130028,0.010022029280662537
arousal_spike_rows_2_6_train_q90,grouped_video,4,binary,20260627,time_only,0.145610278372591,0.015788251683306245,1.5766952757052535,0.072516068816185,0.023417744785547256,0.1457975986277873,0.07894125841653123,1.5787236143961265,0.0711163729429245,0.02201804891228676,0.11728130360205832,0.12700255398188995,1.2699438486392371,0.05882404372096062,0.009725719690322876
arousal_spike_rows_2_6_train_q90,grouped_video,4,regression,20260625,time_only,0.16274089935760172,0.017645693057812863,1.7621888375529307,0.07911154627799988,0.030013222247362137,0.14622641509433962,0.07917343858834455,1.5833669191443505,0.06712625920772552,0.018027935177087784,0.12628644939965694,0.1367541211980497,1.367453248351939,0.061505600810050964,0.012407276779413223
arousal_spike_rows_2_6_train_q90,grouped_video,4,regression,20260626,time_only,0.15417558886509636,0.016716972370559555,1.669442056629092,0.07764432579278946,0.028546001762151718,0.12778730703259006,0.0691896912003715,1.3837048149707227,0.06305800378322601,0.013959679752588272,0.12478559176672384,0.1351288599953564,1.3512016817331554,0.06077967584133148,0.01168135181069374
arousal_spike_rows_2_6_train_q90,grouped_video,4,regression,20260627,time_only,0.145610278372591,0.015788251683306245,1.5766952757052535,0.0746014416217804,0.025503117591142654,0.13078902229845626,0.07081495240306478,1.41620794820829,0.0669209361076355,0.017822612076997757,0.12135506003430532,0.13141397724634316,1.3140552437473643,0.06099496781826019,0.011896643787622452
arousal_spike_rows_2_6_train_q90,grouped_video,4,regression_plus_binary,20260625,time_only,0.13704496788008566,0.014859530996052937,1.4839484947814152,0.0676625445485115,0.018564220517873764,0.13893653516295026,0.075226375667518,1.5044307384245441,0.06867124140262604,0.019572917371988297,0.1138507718696398,0.1232876712328767,1.2327974106534458,0.05878642201423645,0.009688097983598709
arousal_spike_rows_2_6_train_q90,grouped_video,4,regression_plus_binary,20260626,time_only,0.14775160599571735,0.016020431855119574,1.5998819709362133,0.07590106129646301,0.02680273726582527,0.13979416809605488,0.07569073601114465,1.5137173479209918,0.06803332269191742,0.01893499866127968,0.1234991423670669,0.13373577896447644,1.3372717674884838,0.0607292465865612,0.011630922555923462
arousal_spike_rows_2_6_train_q90,grouped_video,4,regression_plus_binary,20260627,time_only,0.145610278372591,0.015788251683306245,1.5766952757052535,0.07468785345554352,0.025589529424905777,0.145368782161235,0.0787090782447179,1.5740803096479028,0.07097669690847397,0.021878372877836227,0.1194253859348199,0.1293243557000232,1.2931603723803566,0.05982954800128937,0.010731223970651627
arousal_spike_rows_2_6_train_q90,grouped_video,4,binary,20260625,video_mean_pca_oracle_diagnostic,0.15845824411134904,0.017181332714186207,1.7158154470910112,0.07114891707897186,0.02205059304833412,0.0767581475128645,0.04156025075458556,0.8311515499320784,0.043218959122896194,-0.005879364907741547,0.08168953687821612,0.08846064546087765,0.8845495545366532,0.04337812587618828,-0.005720198154449463
arousal_spike_rows_2_6_train_q90,grouped_video,4,binary,20260626,video_mean_pca_oracle_diagnostic,0.08993576017130621,0.00975156721615974,0.9738411997003037,0.03104051761329174,-0.018057806417346,0.08876500857632934,0.048061295565358715,0.9611640828823477,0.050528623163700104,0.0014302991330623627,0.08919382504288165,0.0965869514743441,0.9658073876305715,0.04796810820698738,-0.00113021582365036
arousal_spike_rows_2_6_train_q90,grouped_video,4,binary,20260627,video_mean_pca_oracle_diagnostic,0.004282655246252677,0.0004643603436266543,0.046373390461919226,0.03699791058897972,-0.01210041344165802,0.037307032590051456,0.020199674947759462,0.4039675130954794,0.03620682284235954,-0.012891501188278198,0.06775300171526587,0.07336893429301138,0.7336421502193765,0.042579684406518936,-0.006518639624118805
arousal_spike_rows_2_6_train_q90,grouped_video,4,regression,20260625,video_mean_pca_oracle_diagnostic,0.20342612419700215,0.02205711632226608,2.202736046941163,0.06385235488414764,0.014754030853509903,0.15051457975986277,0.08149524030647783,1.6297999666265892,0.06299834698438644,0.013900022953748703,0.12821612349914235,0.13884374274436964,1.3883481197189464,0.05970671772956848,0.01060839369893074
arousal_spike_rows_2_6_train_q90,grouped_video,4,regression,20260626,video_mean_pca_oracle_diagnostic,0.20342612419700215,0.02205711632226608,2.202736046941163,0.06385235488414764,0.014754030853509903,0.12221269296740996,0.06617134896679823,1.323341853243812,0.059258416295051575,0.010160092264413834,0.10634648370497427,0.11516136521941026,1.1515395775595276,0.052826765924692154,0.003728441894054413
arousal_spike_rows_2_6_train_q90,grouped_video,4,regression,20260627,video_mean_pca_oracle_diagnostic,0.22055674518201285,0.023914557696772695,2.38822960878884,0.06328340619802475,0.014185082167387009,0.12735849056603774,0.06895751102855815,1.3790615102224988,0.058569252490997314,0.009470928460359573,0.11470840480274443,0.12421639192013002,1.2420840201498937,0.05556465685367584,0.006466332823038101
arousal_spike_rows_2_6_train_q90,grouped_video,4,regression_plus_binary,20260625,video_mean_pca_oracle_diagnostic,0.023554603854389723,0.0025539818899465985,0.25505364754055576,0.04080422967672348,-0.00829409435391426,0.08404802744425385,0.04550731367541212,0.9100877306518846,0.047350019216537476,-0.0017483048141002655,0.09198113207547169,0.09960529370791735,0.9959888684940268,0.047804176807403564,-0.0012941472232341766
arousal_spike_rows_2_6_train_q90,grouped_video,4,regression_plus_binary,20260626,video_mean_pca_oracle_diagnostic,0.08993576017130621,0.00975156721615974,0.9738411997003037,0.03104051761329174,-0.018057806417346,0.08576329331046312,0.046436034362665427,0.9286609496447803,0.04785922169685364,-0.0012391023337841034,0.06925385934819897,0.07499419549570467,0.7498937168381601,0.04432736337184906,-0.004770960658788681
arousal_spike_rows_2_6_train_q90,grouped_video,4,regression_plus_binary,20260627,video_mean_pca_oracle_diagnostic,0.08993576017130621,0.00975156721615974,0.9738411997003037,0.03104051761329174,-0.018057806417346,0.07761578044596913,0.04202461109821221,0.8404381594285263,0.0458284430205822,-0.003269881010055542,0.10141509433962265,0.10982122126770374,1.0981415729549528,0.04999438673257828,0.0008960627019405365
arousal_spike_rows_2_6_train_q90,grouped_video,5,binary,20260625,ar_only_head,0.4603854389721627,0.050292397660818715,5.018685901048123,0.19693925976753235,0.1490381546318531,0.3256113256113256,0.1775438596491228,3.54950619792725,0.13243368268013,0.08453257754445076,0.2810555674747908,0.3064327485380117,3.0638015334409827,0.11185338348150253,0.06395227834582329
arousal_spike_rows_2_6_train_q90,grouped_video,5,binary,20260626,ar_only_head,0.43683083511777304,0.047719298245614036,4.761915924715429,0.1757069230079651,0.12780581787228584,0.3226083226083226,0.175906432748538,3.516770304138725,0.12983067333698273,0.08192956820130348,0.27826646642351427,0.3033918128654971,3.0333973960862246,0.1110149472951889,0.06311384215950966
arousal_spike_rows_2_6_train_q90,grouped_video,5,binary,20260627,ar_only_head,0.43683083511777304,0.047719298245614036,4.761915924715429,0.18091854453086853,0.13301743939518929,0.3251823251823252,0.17730994152046783,3.544829641671747,0.13156849145889282,0.08366738632321358,0.27719373524994634,0.3022222222222222,3.0217034971036254,0.1114724725484848,0.06357136741280556
arousal_spike_rows_2_6_train_q90,grouped_video,5,regression,20260625,ar_only_head,0.4925053533190578,0.05380116959064327,5.368826777865434,0.22865605354309082,0.18075494840741158,0.31746031746031744,0.17309941520467836,3.4606516290726814,0.13306106626987457,0.08515996113419533,0.26496459987127224,0.28888888888888886,2.888393048701995,0.11286947876214981,0.06496837362647057
arousal_spike_rows_2_6_train_q90,grouped_video,5,regression,20260626,ar_only_head,0.4753747323340471,0.051929824561403506,5.182084976896201,0.22188976407051086,0.17398865893483162,0.31917631917631917,0.17403508771929824,3.4793578540946957,0.1319863498210907,0.08408524468541145,0.2643209611671315,0.288187134502924,2.8813767093124354,0.11201738566160202,0.06411628052592278
arousal_spike_rows_2_6_train_q90,grouped_video,5,regression,20260627,ar_only_head,0.49036402569593146,0.053567251461988305,5.34548405274428,0.22667206823825836,0.17877096310257912,0.32003432003432003,0.1745029239766082,3.4887109666057032,0.13370256125926971,0.08580145612359047,0.2647500536365587,0.28865497076023394,2.8860542689054753,0.11300285160541534,0.0651017464697361
arousal_spike_rows_2_6_train_q90,grouped_video,5,regression_plus_binary,20260625,ar_only_head,0.4668094218415418,0.050994152046783627,5.088714076411586,0.18802902102470398,0.14012791588902473,0.32475332475332475,0.17707602339181286,3.540153085416243,0.12765541672706604,0.0797543115913868,0.27826646642351427,0.3033918128654971,3.0333973960862246,0.11158372461795807,0.06368261948227882
arousal_spike_rows_2_6_train_q90,grouped_video,5,regression_plus_binary,20260626,ar_only_head,0.4689507494646681,0.051228070175438595,5.11205680153274,0.1840125024318695,0.13611139729619026,0.33247533247533245,0.18128654970760233,3.624331098015308,0.13326174020767212,0.08536063507199287,0.2780519201888007,0.3031578947368421,3.0310586162897053,0.11203739792108536,0.06413629278540611
arousal_spike_rows_2_6_train_q90,grouped_video,5,regression_plus_binary,20260627,ar_only_head,0.4346895074946467,0.04748538011695906,4.738573199594274,0.17522361874580383,0.1273225136101246,0.3268983268983269,0.1782456140350877,3.563535866693761,0.12986356019973755,0.0819624550640583,0.2769791890152328,0.30198830409356725,3.0193647173071056,0.11011801660060883,0.06221691146492958
arousal_spike_rows_2_6_train_q90,grouped_video,5,binary,20260625,ar_plus_random_pca,0.43254817987152033,0.04725146198830409,4.71523047447312,0.2007518857717514,0.15285078063607216,0.31703131703131704,0.1728654970760234,3.455975072817178,0.1303076446056366,0.08240653946995735,0.24973181720660803,0.27228070175438596,2.722339683149087,0.10300889611244202,0.05510779097676277
arousal_spike_rows_2_6_train_q90,grouped_video,5,binary,20260626,ar_plus_random_pca,0.44325481798715205,0.04842105263157895,4.831944100078891,0.1972627490758896,0.14936164394021034,0.3157443157443157,0.1721637426900585,3.4419454040506667,0.13012757897377014,0.0822264738380909,0.25230637202317097,0.2750877192982456,2.7504050407073244,0.10533645749092102,0.057435352355241776
arousal_spike_rows_2_6_train_q90,grouped_video,5,binary,20260627,ar_plus_random_pca,0.4689507494646681,0.051228070175438595,5.11205680153274,0.21439766883850098,0.16649656370282173,0.32475332475332475,0.17707602339181286,3.540153085416243,0.13458144664764404,0.0866803415119648,0.25445183437030683,0.2774269005847953,2.7737928386725237,0.10625876486301422,0.058357659727334976
arousal_spike_rows_2_6_train_q90,grouped_video,5,regression,20260625,ar_plus_random_pca,0.46466809421841543,0.05076023391812866,5.065371351290431,0.21724160015583038,0.16934049502015114,0.3183183183183183,0.17356725146198831,3.4700047415836885,0.13375671207904816,0.08585560694336891,0.24865908603304013,0.27111111111111114,2.7106457841664877,0.1064019426703453,0.05850083753466606
arousal_spike_rows_2_6_train_q90,grouped_video,5,regression,20260626,ar_plus_random_pca,0.4668094218415418,0.050994152046783627,5.088714076411586,0.21533705294132233,0.16743594780564308,0.3058773058773059,0.16678362573099415,3.3343846101740837,0.1292169839143753,0.08131587877869606,0.236429950654366,0.2577777777777778,2.577335335764857,0.10257551819086075,0.0546744130551815
arousal_spike_rows_2_6_train_q90,grouped_video,5,regression,20260627,ar_plus_random_pca,0.43897216274089934,0.047953216374269005,4.785258649836583,0.2098085582256317,0.16190745308995247,0.2947232947232947,0.1607017543859649,3.2127941475309894,0.12805303931236267,0.08015193417668343,0.22570263891868697,0.24608187134502923,2.4603963459388654,0.09989800304174423,0.05199689790606499
arousal_spike_rows_2_6_train_q90,grouped_video,5,regression_plus_binary,20260625,ar_plus_random_pca,0.4539614561027837,0.0495906432748538,4.948657725684661,0.20960502326488495,0.1617039181292057,0.3256113256113256,0.1775438596491228,3.54950619792725,0.1342918425798416,0.08639073744416237,0.2488736322677537,0.27134502923976606,2.7129845639630075,0.10454285889863968,0.056641753762960434
arousal_spike_rows_2_6_train_q90,grouped_video,5,regression_plus_binary,20260626,ar_plus_random_pca,0.4539614561027837,0.0495906432748538,4.948657725684661,0.2042064368724823,0.15630533173680305,0.32175032175032175,0.17543859649122806,3.507417191627718,0.13203302025794983,0.08413191512227058,0.25144818708431665,0.27415204678362576,2.7410499215212454,0.10494019091129303,0.057039085775613785
arousal_spike_rows_2_6_train_q90,grouped_video,5,regression_plus_binary,20260627,ar_plus_random_pca,0.46466809421841543,0.05076023391812866,5.065371351290431,0.20754298567771912,0.15964188054203987,0.3213213213213213,0.1752046783625731,3.5027406353722137,0.13305449485778809,0.08515338972210884,0.2555245655438747,0.2785964912280702,2.7854867376551224,0.10661540925502777,0.058714304119348526
arousal_spike_rows_2_6_train_q90,grouped_video,5,binary,20260625,ar_plus_shuffled_pca,0.46466809421841543,0.05076023391812866,5.065371351290431,0.20585113763809204,0.1579500325024128,0.3131703131703132,0.17076023391812867,3.4138860665176454,0.13102661073207855,0.08312550559639931,0.25531001930916114,0.2783625730994152,2.7831479578586027,0.1072043851017952,0.05930327996611595
arousal_spike_rows_2_6_train_q90,grouped_video,5,binary,20260626,ar_plus_shuffled_pca,0.4668094218415418,0.050994152046783627,5.088714076411586,0.2057846337556839,0.15788352862000465,0.3196053196053196,0.1742690058479532,3.4840344103502,0.13251963257789612,0.08461852744221687,0.24908817850246728,0.27157894736842103,2.715323343759527,0.1059553250670433,0.05805421993136406
arousal_spike_rows_2_6_train_q90,grouped_video,5,binary,20260627,ar_plus_shuffled_pca,0.4689507494646681,0.051228070175438595,5.11205680153274,0.21607747673988342,0.16817637160420418,0.3251823251823252,0.17730994152046783,3.544829641671747,0.13422536849975586,0.08632426336407661,0.25059000214546234,0.27321637426900586,2.731694802335166,0.10630907863378525,0.058407973498106
arousal_spike_rows_2_6_train_q90,grouped_video,5,regression,20260625,ar_plus_shuffled_pca,0.4689507494646681,0.051228070175438595,5.11205680153274,0.20983445644378662,0.16193335130810738,0.31016731016731014,0.16912280701754387,3.3811501727291193,0.13030056655406952,0.08239946141839027,0.2478009010941858,0.27017543859649124,2.7012906649804083,0.1069512814283371,0.05905017629265785
arousal_spike_rows_2_6_train_q90,grouped_video,5,regression,20260626,ar_plus_shuffled_pca,0.48822269807280516,0.05333333333333334,5.322141327623126,0.22372114658355713,0.17582004144787788,0.30373230373230375,0.1656140350877193,3.3110018288965657,0.1301775872707367,0.08227648213505745,0.24672816992061788,0.26900584795321636,2.689596765997809,0.10612897574901581,0.05822787061333656
arousal_spike_rows_2_6_train_q90,grouped_video,5,regression,20260627,ar_plus_shuffled_pca,0.46466809421841543,0.05076023391812866,5.065371351290431,0.21318036317825317,0.16527925804257393,0.311025311025311,0.1695906432748538,3.390503285240127,0.12944218516349792,0.08154108002781868,0.24479725380819567,0.26690058479532164,2.668547747829131,0.10481587797403336,0.05691477283835411
arousal_spike_rows_2_6_train_q90,grouped_video,5,regression_plus_binary,20260625,ar_plus_shuffled_pca,0.4603854389721627,0.050292397660818715,5.018685901048123,0.21030572056770325,0.162404615432024,0.323037323037323,0.17614035087719299,3.5214468603942284,0.13339944183826447,0.08549833670258522,0.2580991203604377,0.2814035087719298,2.813552095213361,0.10773880779743195,0.0598377026617527
arousal_spike_rows_2_6_train_q90,grouped_video,5,regression_plus_binary,20260626,ar_plus_shuffled_pca,0.4582441113490364,0.05005847953216374,4.995343175926969,0.2107444405555725,0.16284333541989326,0.31874731874731876,0.17380116959064326,3.4746812978391923,0.13342799246311188,0.08552688732743263,0.2512336408496031,0.2739181286549708,2.7387111417247256,0.10692181438207626,0.05902070924639702
arousal_spike_rows_2_6_train_q90,grouped_video,5,regression_plus_binary,20260627,ar_plus_shuffled_pca,0.4753747323340471,0.051929824561403506,5.182084976896201,0.20549337565898895,0.1575922705233097,0.31746031746031744,0.17309941520467836,3.4606516290726814,0.13200604915618896,0.08410494402050972,0.24951727097189444,0.272046783625731,2.720000903352567,0.10540138930082321,0.05750028416514397
arousal_spike_rows_2_6_train_q90,grouped_video,5,binary,20260625,diag_only,0.1841541755888651,0.020116959064327485,2.0074743604192493,0.08287685364484787,0.034975748509168625,0.14285714285714285,0.07789473684210527,1.5572932330827065,0.06386511772871017,0.01596401259303093,0.13666595151255095,0.14900584795321636,1.4898027303831343,0.06216675043106079,0.014265645295381546
arousal_spike_rows_2_6_train_q90,grouped_video,5,binary,20260626,diag_only,0.19271948608137046,0.021052631578947368,2.1008452609038657,0.08599048107862473,0.03808937594294548,0.14242814242814242,0.07766081871345029,1.552616676827203,0.06639716029167175,0.018496055155992508,0.13237502681827934,0.14432748538011697,1.4430271344527377,0.06191841885447502,0.014017313718795776
arousal_spike_rows_2_6_train_q90,grouped_video,5,binary,20260627,diag_only,0.1841541755888651,0.020116959064327485,2.0074743604192493,0.08377061039209366,0.03586950525641441,0.1364221364221364,0.07438596491228071,1.4871448892501522,0.0654493123292923,0.017548207193613052,0.13087320317528428,0.14269005847953217,1.426655675877099,0.06159309670329094,0.013691991567611694
arousal_spike_rows_2_6_train_q90,grouped_video,5,regression,20260625,diag_only,0.21627408993576017,0.023625730994152046,2.35761523723656,0.09003480523824692,0.04213370010256767,0.145002145002145,0.07906432748538011,1.5806760143602248,0.06580574065446854,0.01790463551878929,0.13237502681827934,0.14432748538011697,1.4430271344527377,0.061527568846940994,0.01362646371126175
arousal_spike_rows_2_6_train_q90,grouped_video,5,regression,20260626,diag_only,0.20556745182012848,0.02245614035087719,2.24090161163079,0.089126355946064,0.04122525081038475,0.145002145002145,0.07906432748538011,1.5806760143602248,0.0668201670050621,0.01891906186938286,0.1306586569405707,0.1424561403508772,1.424316896080579,0.06097234785556793,0.013071242719888687
arousal_spike_rows_2_6_train_q90,grouped_video,5,regression,20260627,diag_only,0.21627408993576017,0.023625730994152046,2.35761523723656,0.0915406122803688,0.04363950714468956,0.15100815100815101,0.08233918128654971,1.6461478019372755,0.06827008724212646,0.02036898210644722,0.1330186655224201,0.14502923976608187,1.4500434738422971,0.06219441816210747,0.014293313026428223
arousal_spike_rows_2_6_train_q90,grouped_video,5,regression_plus_binary,20260625,diag_only,0.047109207708779445,0.005146198830409357,0.5135399526653893,0.031189676374197006,-0.01671142876148224,0.07507507507507508,0.04093567251461988,0.8183973447131342,0.04158940538764,-0.006311699748039246,0.08088393048701996,0.08818713450292398,0.8817199832879775,0.04281704127788544,-0.005084063857793808
arousal_spike_rows_2_6_train_q90,grouped_video,5,regression_plus_binary,20260626,diag_only,0.18201284796573874,0.019883040935672516,1.984131635298095,0.08324481546878815,0.0353437103331089,0.13856713856713856,0.07555555555555556,1.5105276705276705,0.06510867923498154,0.017207574099302292,0.12572409354215833,0.13707602339181288,1.3705249607606227,0.06009196117520332,0.012190856039524078
arousal_spike_rows_2_6_train_q90,grouped_video,5,regression_plus_binary,20260627,diag_only,0.17130620985010706,0.01871345029239766,1.8674180096923247,0.0798034593462944,0.03190235421061516,0.13556413556413557,0.07391812865497076,1.477791776739145,0.0641770213842392,0.016275916248559952,0.12851319459343488,0.14011695906432747,1.4009290981153806,0.06086353585124016,0.012962430715560913
arousal_spike_rows_2_6_train_q90,grouped_video,5,binary,20260625,label_permutation,0.1284796573875803,0.014035087719298246,1.4005635072692437,0.05756852775812149,0.009667422622442245,0.10982410982410983,0.05988304093567252,1.1971984014089276,0.05269068852066994,0.004789583384990692,0.10062218408066938,0.10970760233918128,1.0968877245678021,0.05127597227692604,0.0033748671412467957
arousal_spike_rows_2_6_train_q90,grouped_video,5,binary,20260626,label_permutation,0.139186295503212,0.0152046783625731,1.5172771328750139,0.054178763180971146,0.006277658045291901,0.12612612612612611,0.0687719298245614,1.3749075391180652,0.055347248911857605,0.00744614377617836,0.1205749839090324,0.13146198830409356,1.3143942456441469,0.05426308885216713,0.0063619837164878845
arousal_spike_rows_2_6_train_q90,grouped_video,5,binary,20260627,label_permutation,0.09421841541755889,0.010292397660818714,1.0270799053307786,0.04653939604759216,-0.001361709088087082,0.10081510081510081,0.05497076023391813,1.0989907200433515,0.05168304219841957,0.003781937062740326,0.1038403776013731,0.11321637426900585,1.1319694215155998,0.052396442741155624,0.004495337605476379
arousal_spike_rows_2_6_train_q90,grouped_video,5,regression,20260625,label_permutation,0.11991434689507495,0.013099415204678362,1.3071926067846276,0.07145814597606659,0.023557040840387344,0.10853710853710853,0.059181286549707605,1.1831687326424167,0.055723126977682114,0.007822021842002869,0.10190946148895087,0.1111111111111111,1.1109204033469213,0.05207869037985802,0.004177585244178772
arousal_spike_rows_2_6_train_q90,grouped_video,5,regression,20260626,label_permutation,0.09850107066381156,0.010760233918128656,1.0737653555730868,0.05480546876788139,0.0069043636322021484,0.09695409695409696,0.05286549707602339,1.056901713743819,0.0499691367149353,0.0020680315792560577,0.09440034327397555,0.10292397660818714,1.0290631104687271,0.0488240122795105,0.000922907143831253
arousal_spike_rows_2_6_train_q90,grouped_video,5,regression,20260627,label_permutation,0.16274089935760172,0.017777777777777778,1.7740471092077088,0.07726030051708221,0.02935919538140297,0.12784212784212784,0.06970760233918129,1.3936137641400799,0.05870402604341507,0.010802920907735825,0.11392405063291139,0.12421052631578948,1.2418920719520319,0.05330253019928932,0.005401425063610077
arousal_spike_rows_2_6_train_q90,grouped_video,5,regression_plus_binary,20260625,label_permutation,0.10706638115631692,0.011695906432748537,1.167136256057703,0.04698217660188675,-0.0009189285337924957,0.10424710424710425,0.056842105263157895,1.1364031700873805,0.051751866936683655,0.00385076180100441,0.10577129371379532,0.11532163742690059,1.1530184396842782,0.05217019096016884,0.0042690858244895935
arousal_spike_rows_2_6_train_q90,grouped_video,5,regression_plus_binary,20260626,label_permutation,0.09850107066381156,0.010760233918128656,1.0737653555730868,0.04743499308824539,-0.00046611204743385315,0.1093951093951094,0.05964912280701754,1.192521845153424,0.05520740523934364,0.007306300103664398,0.10298219266251878,0.11228070175438597,1.1226143023295203,0.05317516624927521,0.0052740611135959625
arousal_spike_rows_2_6_train_q90,grouped_video,5,regression_plus_binary,20260627,label_permutation,0.14346895074946467,0.01567251461988304,1.563962583117322,0.06067595258355141,0.012774847447872162,0.11926211926211926,0.06502923976608187,1.3000826390300073,0.05653776228427887,0.008636657148599625,0.10984767217335335,0.11976608187134503,1.197455255818155,0.052951518446207047,0.0050504133105278015
arousal_spike_rows_2_6_train_q90,grouped_video,5,binary,20260625,pca_only_random,0.07066381156316917,0.0077192982456140355,0.770309928998084,0.0423283725976944,-0.005572732537984848,0.0990990990990991,0.05403508771929825,1.080284495021337,0.04899917542934418,0.0010980702936649323,0.09311306586569405,0.10152046783625732,1.015030431689608,0.04763173684477806,-0.0002693682909011841
arousal_spike_rows_2_6_train_q90,grouped_video,5,binary,20260626,pca_only_random,0.07922912205567452,0.008654970760233919,0.8636808294827003,0.04347614571452141,-0.004424959421157837,0.09094809094809095,0.0495906432748538,0.9914299261667682,0.046921443194150925,-0.0009796619415283203,0.08946577987556319,0.09754385964912281,0.9752711751487708,0.045807845890522,-0.002093259245157242
arousal_spike_rows_2_6_train_q90,grouped_video,5,binary,20260627,pca_only_random,0.06638115631691649,0.007251461988304094,0.723624478755776,0.03713236004114151,-0.010768745094537735,0.0888030888030888,0.04842105263157895,0.9680471448892501,0.045490562915802,-0.002410542219877243,0.08538940141600515,0.09309941520467836,0.930834359014894,0.044937893748283386,-0.0029632113873958588
arousal_spike_rows_2_6_train_q90,grouped_video,5,regression,20260625,pca_only_random,0.07708779443254818,0.008421052631578947,0.8403381043615462,0.04201715439558029,-0.005883950740098953,0.09309309309309309,0.05076023391812866,1.0148127074442863,0.04779266193509102,-0.00010844320058822632,0.09611671315168419,0.1047953216374269,1.0477733488408856,0.04930983856320381,0.0014087334275245667
arousal_spike_rows_2_6_train_q90,grouped_video,5,regression,20260626,pca_only_random,0.08993576017130621,0.009824561403508772,0.9803944550884706,0.04664244130253792,-0.001258663833141327,0.09180609180609181,0.05005847953216374,1.0007830386777754,0.04695648327469826,-0.0009446218609809875,0.08925123364084961,0.09730994152046783,0.9729323953522511,0.046515729278326035,-0.0013853758573532104
arousal_spike_rows_2_6_train_q90,grouped_video,5,regression,20260627,pca_only_random,0.08137044967880086,0.008888888888888889,0.8870235546038544,0.045018475502729416,-0.002882629632949829,0.08365508365508366,0.0456140350877193,0.9119284698232066,0.04525734484195709,-0.0026437602937221527,0.09010941857970392,0.09824561403508772,0.9822875145383303,0.047044459730386734,-0.000856645405292511
arousal_spike_rows_2_6_train_q90,grouped_video,5,regression_plus_binary,20260625,pca_only_random,0.08993576017130621,0.009824561403508772,0.9803944550884706,0.046337421983480453,-0.0015636831521987915,0.08966108966108965,0.04888888888888889,0.9774002574002573,0.046920791268348694,-0.0009803138673305511,0.09118214975327182,0.09941520467836257,0.9939814135209294,0.047586213797330856,-0.00031489133834838867
arousal_spike_rows_2_6_train_q90,grouped_video,5,regression_plus_binary,20260626,pca_only_random,0.059957173447537475,0.006549707602339181,0.6535963033923138,0.03765682131052017,-0.010244283825159073,0.08751608751608751,0.047719298245614036,0.9540174761227391,0.04615100100636482,-0.0017501041293144226,0.09246942716155332,0.10081871345029239,1.0080140923000485,0.04807715862989426,0.0001760534942150116
arousal_spike_rows_2_6_train_q90,grouped_video,5,regression_plus_binary,20260627,pca_only_random,0.07066381156316917,0.0077192982456140355,0.770309928998084,0.04021894559264183,-0.0076821595430374146,0.08537108537108537,0.04654970760233918,0.9306346948452211,0.04623514413833618,-0.0016659609973430634,0.08624758635485948,0.09403508771929825,0.9401894782009733,0.046263791620731354,-0.0016373135149478912
arousal_spike_rows_2_6_train_q90,grouped_video,5,binary,20260625,pca_only_real,0.19700214132762311,0.02152046783625731,2.1475307111461737,0.08907871693372726,0.04117761179804802,0.17202917202917203,0.09380116959064327,1.875299058456953,0.07815089821815491,0.030249793082475662,0.1508260030036473,0.16444444444444445,1.6441621969534435,0.06929735839366913,0.021396253257989883
arousal_spike_rows_2_6_train_q90,grouped_video,5,binary,20260626,pca_only_real,0.23126338329764454,0.02526315789473684,2.5210143130846387,0.0963934063911438,0.048492301255464554,0.16816816816816818,0.09169590643274854,1.8332100521574206,0.07432132959365845,0.026420224457979202,0.15447328899377816,0.16842105263157894,1.6839214534942806,0.07059356570243835,0.02269246056675911
arousal_spike_rows_2_6_train_q90,grouped_video,5,binary,20260627,pca_only_real,0.20985010706638116,0.022923976608187135,2.287587061873098,0.09330971539020538,0.04540861025452614,0.1703131703131703,0.09286549707602339,1.8565928334349384,0.07853928208351135,0.030638176947832108,0.14889508689122505,0.1623391812865497,1.6231131787847648,0.06986325234174728,0.02196214720606804
arousal_spike_rows_2_6_train_q90,grouped_video,5,regression,20260625,pca_only_real,0.16488222698072805,0.01801169590643275,1.7973898343288626,0.07153037190437317,0.023629266768693924,0.13856713856713856,0.07555555555555556,1.5105276705276705,0.06596038490533829,0.018059279769659042,0.12851319459343488,0.14011695906432747,1.4009290981153806,0.0614696629345417,0.013568557798862457
arousal_spike_rows_2_6_train_q90,grouped_video,5,regression,20260626,pca_only_real,0.15417558886509636,0.016842105263157894,1.6806762087230924,0.07258416712284088,0.024683061987161636,0.13213213213213212,0.072046783625731,1.440379326695116,0.0625595822930336,0.014658477157354355,0.12272044625616821,0.13380116959064328,1.337782043609345,0.060181986540555954,0.012280881404876709
arousal_spike_rows_2_6_train_q90,grouped_video,5,regression,20260627,pca_only_real,0.17987152034261242,0.019649122807017545,1.9607889101769411,0.08235902339220047,0.034457918256521225,0.13985413985413986,0.07625730994152047,1.5245573392941814,0.06658080965280533,0.018679704517126083,0.12937137953228922,0.14105263157894737,1.41028421730146,0.06269492954015732,0.014793824404478073
arousal_spike_rows_2_6_train_q90,grouped_video,5,regression_plus_binary,20260625,pca_only_real,0.22483940042826553,0.02456140350877193,2.4509861377211766,0.09623592346906662,0.048334818333387375,0.16387816387816387,0.08935672514619883,1.7864444896023841,0.07426556199789047,0.026364456862211227,0.14717871701351642,0.16046783625730995,1.6044029404126063,0.06814392656087875,0.02024282142519951
arousal_spike_rows_2_6_train_q90,grouped_video,5,regression_plus_binary,20260626,pca_only_real,0.23768736616702354,0.025964912280701753,2.5910424884481005,0.09897729009389877,0.05107618495821953,0.1758901758901759,0.09590643274853801,1.9173880647564856,0.07757315784692764,0.029672052711248398,0.15597511263677322,0.17005847953216374,1.7002929120699193,0.0714503675699234,0.023549262434244156
arousal_spike_rows_2_6_train_q90,grouped_video,5,regression_plus_binary,20260627,pca_only_real,0.19700214132762311,0.02152046783625731,2.1475307111461737,0.08382407575845718,0.03592297062277794,0.17202917202917203,0.09380116959064327,1.875299058456953,0.07723675668239594,0.02933565154671669,0.14610598583994852,0.15929824561403508,1.5927090414300071,0.06779392063617706,0.019892815500497818
arousal_spike_rows_2_6_train_q90,grouped_video,5,binary,20260625,pca_only_shuffled,0.06852248394004283,0.007485380116959065,0.74696720387693,0.046334680169820786,-0.0015664249658584595,0.09223509223509224,0.050292397660818715,1.0054595949332792,0.05007303133606911,0.002171926200389862,0.08946577987556319,0.09754385964912281,0.9752711751487708,0.04875161126255989,0.0008505061268806458
arousal_spike_rows_2_6_train_q90,grouped_video,5,binary,20260626,pca_only_shuffled,0.10278372591006424,0.011228070175438596,1.120450805815395,0.055338066071271896,0.007436960935592651,0.09523809523809523,0.051929824561403506,1.0381954887218043,0.05005126819014549,0.0021501630544662476,0.09418579703926196,0.10269005847953216,1.0267243306722071,0.04925341159105301,0.001352306455373764
arousal_spike_rows_2_6_train_q90,grouped_video,5,binary,20260627,pca_only_shuffled,0.08565310492505353,0.00935672514619883,0.9337090048461624,0.052890583872795105,0.00498947873711586,0.09395109395109395,0.051228070175438595,1.0241658199552937,0.049066077917814255,0.0011649727821350098,0.09010941857970392,0.09824561403508772,0.9822875145383303,0.048924125730991364,0.0010230205953121185
arousal_spike_rows_2_6_train_q90,grouped_video,5,regression,20260625,pca_only_shuffled,0.08779443254817987,0.0095906432748538,0.9570517299673165,0.048365868628025055,0.00046476349234580994,0.08236808236808237,0.04491228070175438,0.8978988010566957,0.04524335637688637,-0.002657748758792877,0.08410212400772367,0.09169590643274854,0.916801680235775,0.04471909627318382,-0.0031820088624954224
arousal_spike_rows_2_6_train_q90,grouped_video,5,regression,20260626,pca_only_shuffled,0.06209850107066381,0.006783625730994152,0.6769390285134678,0.04270099475979805,-0.005200110375881195,0.08622908622908623,0.047017543859649125,0.9399878073562283,0.04708504304289818,-0.0008160620927810669,0.08538940141600515,0.09309941520467836,0.930834359014894,0.04643310233950615,-0.0014680027961730957
arousal_spike_rows_2_6_train_q90,grouped_video,5,regression,20260627,pca_only_shuffled,0.09421841541755889,0.010292397660818714,1.0270799053307786,0.04979507252573967,0.0018939673900604248,0.0888030888030888,0.04842105263157895,0.9680471448892501,0.04710745811462402,-0.0007936470210552216,0.09075305728384467,0.09894736842105263,0.9893038539278898,0.0482921376824379,0.00039103254675865173
arousal_spike_rows_2_6_train_q90,grouped_video,5,regression_plus_binary,20260625,pca_only_shuffled,0.1284796573875803,0.014035087719298246,1.4005635072692437,0.060019269585609436,0.012118164449930191,0.0978120978120978,0.05333333333333334,1.0662548262548261,0.05161068215966225,0.0037095770239830017,0.0937567045698348,0.10222222222222223,1.0220467710791674,0.04926065355539322,0.001359548419713974
arousal_spike_rows_2_6_train_q90,grouped_video,5,regression_plus_binary,20260626,pca_only_shuffled,0.08137044967880086,0.008888888888888889,0.8870235546038544,0.04705072194337845,-0.0008503831923007965,0.09009009009009009,0.04912280701754386,0.9820768136557609,0.046504173427820206,-0.0013969317078590393,0.09311306586569405,0.10152046783625732,1.015030431689608,0.04754604771733284,-0.00035505741834640503
arousal_spike_rows_2_6_train_q90,grouped_video,5,regression_plus_binary,20260627,pca_only_shuffled,0.08993576017130621,0.009824561403508772,0.9803944550884706,0.05601520091295242,0.008114095777273178,0.08665808665808666,0.04725146198830409,0.944664363611732,0.046993959695100784,-0.0009071454405784607,0.08989487234499034,0.09801169590643274,0.9799487347418104,0.0473654568195343,-0.0005356483161449432
arousal_spike_rows_2_6_train_q90,grouped_video,5,binary,20260625,quality_only,0.23126338329764454,0.02526315789473684,2.5210143130846387,0.09154731035232544,0.043646205216646194,0.16473616473616473,0.08982456140350877,1.7957976021133915,0.07410755753517151,0.026206452399492264,0.14031323750268182,0.1529824561403509,1.5295619869239714,0.06506682187318802,0.017165716737508774
arousal_spike_rows_2_6_train_q90,grouped_video,5,binary,20260626,quality_only,0.2398286937901499,0.026198830409356725,2.614385213569255,0.09557491540908813,0.04767381027340889,0.16473616473616473,0.08982456140350877,1.7957976021133915,0.07299905270338058,0.02509794756770134,0.13366230422656084,0.1457309941520468,1.4570598132318568,0.06312910467386246,0.015227999538183212
arousal_spike_rows_2_6_train_q90,grouped_video,5,binary,20260627,quality_only,0.23126338329764454,0.02526315789473684,2.5210143130846387,0.09156308323144913,0.04366197809576988,0.16773916773916775,0.09146198830409356,1.8285334959019168,0.07431481778621674,0.02641371265053749,0.14031323750268182,0.1529824561403509,1.5295619869239714,0.06479226797819138,0.01689116284251213
arousal_spike_rows_2_6_train_q90,grouped_video,5,regression,20260625,quality_only,0.21199143468950749,0.023157894736842106,2.3109297869942518,0.08531192690134048,0.03741082176566124,0.12097812097812098,0.06596491228070175,1.3187888640520218,0.05771113559603691,0.009810030460357666,0.1160695129800472,0.1265497076023392,1.2652798699172303,0.05654338374733925,0.008642278611660004
arousal_spike_rows_2_6_train_q90,grouped_video,5,regression,20260626,quality_only,0.20985010706638116,0.022923976608187135,2.287587061873098,0.08878082036972046,0.040879715234041214,0.1364221364221364,0.07438596491228071,1.4871448892501522,0.06266780942678452,0.01476670429110527,0.12486590860330402,0.13614035087719298,1.3611698415745435,0.059280600398778915,0.01137949526309967
arousal_spike_rows_2_6_train_q90,grouped_video,5,regression,20260627,quality_only,0.20342612419700215,0.022222222222222223,2.217558886509636,0.08620476722717285,0.03830366209149361,0.135993135993136,0.07415204678362573,1.4824683329946489,0.06282248347997665,0.014921378344297409,0.12572409354215833,0.13707602339181288,1.3705249607606227,0.05933433026075363,0.011433225125074387
arousal_spike_rows_2_6_train_q90,grouped_video,5,regression_plus_binary,20260625,quality_only,0.08993576017130621,0.009824561403508772,0.9803944550884706,0.04227405786514282,-0.005627047270536423,0.07421707421707421,0.040467836257309944,0.8090442322021268,0.04262818023562431,-0.005272924900054932,0.07830937567045698,0.08538011695906433,0.8536546257297394,0.04291781038045883,-0.004983294755220413
arousal_spike_rows_2_6_train_q90,grouped_video,5,regression_plus_binary,20260626,quality_only,0.06423982869379015,0.007017543859649123,0.7002817536346219,0.035656437277793884,-0.01224466785788536,0.08837408837408837,0.04818713450292398,0.9633705886337465,0.04775521159172058,-0.00014589354395866394,0.08560394765071873,0.09333333333333334,0.9331731388114137,0.045967329293489456,-0.0019337758421897888
arousal_spike_rows_2_6_train_q90,grouped_video,5,regression_plus_binary,20260627,quality_only,0.23554603854389722,0.025730994152046785,2.5676997633269467,0.09371259063482285,0.0458114854991436,0.1668811668811669,0.09099415204678363,1.8191803833909097,0.07347963750362396,0.025578532367944717,0.14245869984981763,0.15532163742690058,1.5529497848891698,0.06550700217485428,0.017605897039175034
arousal_spike_rows_2_6_train_q90,grouped_video,5,binary,20260625,real_ar_pca_diag,0.4753747323340471,0.051929824561403506,5.182084976896201,0.22247956693172455,0.1745784617960453,0.3268983268983269,0.1782456140350877,3.563535866693761,0.1352209895849228,0.08731988444924355,0.27311735679038834,0.29777777777777775,2.977266680969749,0.11260934174060822,0.06470823660492897
arousal_spike_rows_2_6_train_q90,grouped_video,5,binary,20260626,real_ar_pca_diag,0.5010706638115632,0.05473684210526316,5.4621976783500505,0.22793947160243988,0.18003836646676064,0.33676533676533676,0.18362573099415205,3.6710966605703446,0.1395246535539627,0.09162354841828346,0.27140098691267966,0.295906432748538,2.95855644259759,0.11194950342178345,0.0640483982861042
arousal_spike_rows_2_6_train_q90,grouped_video,5,binary,20260627,real_ar_pca_diag,0.49678800856531047,0.05426900584795322,5.415512228107742,0.22682195901870728,0.17892085388302803,0.32432432432432434,0.17684210526315788,3.5354765291607397,0.13440391421318054,0.0865028090775013,0.2711864406779661,0.29567251461988303,2.95621766280107,0.11190897226333618,0.06400786712765694
arousal_spike_rows_2_6_train_q90,grouped_video,5,regression,20260625,real_ar_pca_diag,0.5139186295503212,0.056140350877192984,5.602254029076975,0.24215009808540344,0.1942489929497242,0.3153153153153153,0.17192982456140352,3.4372688477951634,0.1336977630853653,0.08579665794968605,0.2385754130015018,0.26011695906432747,2.6007231337300554,0.10474156588315964,0.05684046074748039
arousal_spike_rows_2_6_train_q90,grouped_video,5,regression,20260626,real_ar_pca_diag,0.49036402569593146,0.053567251461988305,5.34548405274428,0.23679113388061523,0.188890028744936,0.3007293007293007,0.1639766081871345,3.27826593510804,0.12977653741836548,0.08187543228268623,0.23192447972538083,0.2528654970760234,2.528220960037941,0.10380613803863525,0.05590503290295601
arousal_spike_rows_2_6_train_q90,grouped_video,5,regression,20260627,real_ar_pca_diag,0.4817987152034261,0.05263157894736842,5.252113152259663,0.22865399718284607,0.18075289204716682,0.3166023166023166,0.1726315789473684,3.451298516561674,0.1345282644033432,0.08662715926766396,0.25273546449259815,0.27555555555555555,2.7550826003003643,0.1082153171300888,0.06031421199440956
arousal_spike_rows_2_6_train_q90,grouped_video,5,regression_plus_binary,20260625,real_ar_pca_diag,0.5032119914346895,0.05497076023391813,5.485540403471204,0.2302333563566208,0.18233225122094154,0.3299013299013299,0.1798830409356725,3.5962717604822867,0.1353655904531479,0.08746448531746864,0.27054280197382535,0.2949707602339181,2.949201323411511,0.11192677915096283,0.06402567401528358
arousal_spike_rows_2_6_train_q90,grouped_video,5,regression_plus_binary,20260626,real_ar_pca_diag,0.4925053533190578,0.05380116959064327,5.368826777865434,0.2215990275144577,0.17369792237877846,0.33976833976833976,0.18526315789473685,3.7038325543588697,0.1397688090801239,0.09186770394444466,0.2741900879639562,0.29894736842105263,2.988960579952348,0.11317013949155807,0.06526903435587883
arousal_spike_rows_2_6_train_q90,grouped_video,5,regression_plus_binary,20260627,real_ar_pca_diag,0.5010706638115632,0.05473684210526316,5.4621976783500505,0.22860796749591827,0.18070686236023903,0.32604032604032607,0.17777777777777778,3.5541827541827544,0.13454461097717285,0.0866435058414936,0.2686118858614031,0.2928654970760234,2.928152305242832,0.110835000872612,0.06293389573693275
arousal_spike_rows_2_6_train_q90,grouped_video,5,binary,20260625,shuffled_diag_only,0.07708779443254818,0.008421052631578947,0.8403381043615462,0.04280202463269234,-0.005099080502986908,0.0888030888030888,0.04842105263157895,0.9680471448892501,0.04532938078045845,-0.0025717243552207947,0.09397125080454838,0.10245614035087719,1.0243855508756874,0.04751928523182869,-0.0003818199038505554
arousal_spike_rows_2_6_train_q90,grouped_video,5,binary,20260626,shuffled_diag_only,0.10278372591006424,0.011228070175438596,1.120450805815395,0.04886496439576149,0.0009638592600822449,0.0888030888030888,0.04842105263157895,0.9680471448892501,0.04625048488378525,-0.0016506202518939972,0.08946577987556319,0.09754385964912281,0.9752711751487708,0.046384911984205246,-0.001516193151473999
arousal_spike_rows_2_6_train_q90,grouped_video,5,binary,20260627,shuffled_diag_only,0.07494646680942184,0.008187134502923977,0.8169953792403921,0.04286574199795723,-0.005035363137722015,0.09995709995709996,0.054502923976608185,1.0896376075323444,0.04972752183675766,0.001826416701078415,0.09461488950868913,0.1031578947368421,1.0314018902652469,0.04929256811738014,0.0013914629817008972
arousal_spike_rows_2_6_train_q90,grouped_video,5,regression,20260625,shuffled_diag_only,0.08779443254817987,0.0095906432748538,0.9570517299673165,0.046993549913167953,-0.0009075552225112915,0.08708708708708708,0.04748538011695906,0.9493409198672356,0.04636374115943909,-0.001537363976240158,0.09740399055996567,0.10619883040935672,1.0618060276200045,0.048992596566677094,0.0010914914309978485
arousal_spike_rows_2_6_train_q90,grouped_video,5,regression,20260626,shuffled_diag_only,0.07922912205567452,0.008654970760233919,0.8636808294827003,0.041908975690603256,-0.005992129445075989,0.0888030888030888,0.04842105263157895,0.9680471448892501,0.04508282244205475,-0.0028182826936244965,0.09590216691697061,0.10456140350877192,1.0454345690443658,0.04730826988816261,-0.0005928352475166321
arousal_spike_rows_2_6_train_q90,grouped_video,5,regression,20260627,shuffled_diag_only,0.08137044967880086,0.008888888888888889,0.8870235546038544,0.04686841741204262,-0.0010326877236366272,0.08923208923208924,0.048654970760233916,0.9727237011447538,0.047548115253448486,-0.00035298988223075867,0.09568762068225703,0.10432748538011696,1.043095789247846,0.04847647622227669,0.0005753710865974426
arousal_spike_rows_2_6_train_q90,grouped_video,5,regression_plus_binary,20260625,shuffled_diag_only,0.09635974304068523,0.010526315789473684,1.0504226304519328,0.04903709143400192,0.0011359862983226776,0.10124410124410124,0.0552046783625731,1.103667276298855,0.05049457773566246,0.0025934725999832153,0.09718944432525209,0.10596491228070175,1.0594672478234848,0.04869242012500763,0.0007913149893283844
arousal_spike_rows_2_6_train_q90,grouped_video,5,regression_plus_binary,20260626,shuffled_diag_only,0.07494646680942184,0.008187134502923977,0.8169953792403921,0.04470747709274292,-0.003193628042936325,0.09352209352209352,0.050994152046783627,1.0194892636997899,0.04711255431175232,-0.0007885508239269257,0.09225488092683973,0.10058479532163743,1.0056753125035285,0.04707455262541771,-0.0008265525102615356
arousal_spike_rows_2_6_train_q90,grouped_video,5,regression_plus_binary,20260627,shuffled_diag_only,0.08137044967880086,0.008888888888888889,0.8870235546038544,0.04733084514737129,-0.0005702599883079529,0.08837408837408837,0.04818713450292398,0.9633705886337465,0.04704461619257927,-0.0008564889430999756,0.08517485518129157,0.09286549707602339,0.9284955792183742,0.04568415880203247,-0.0022169463336467743
arousal_spike_rows_2_6_train_q90,grouped_video,5,binary,20260625,time_only,0.14132762312633834,0.015438596491228071,1.540619857996168,0.06028011441230774,0.012379009276628494,0.12398112398112399,0.06760233918128655,1.3515247578405474,0.05984936282038689,0.011948257684707642,0.11649860544947437,0.1270175438596491,1.26995742951027,0.05642788112163544,0.008526775985956192
arousal_spike_rows_2_6_train_q90,grouped_video,5,binary,20260626,time_only,0.11991434689507495,0.013099415204678362,1.3071926067846276,0.05774003267288208,0.009838927537202835,0.12226512226512226,0.06666666666666667,1.3328185328185327,0.059643980115652084,0.01174287497997284,0.10770220982621755,0.11742690058479532,1.1740674578529566,0.05462649464607239,0.006725389510393143
arousal_spike_rows_2_6_train_q90,grouped_video,5,binary,20260627,time_only,0.12633832976445397,0.013801169590643274,1.3772207821480897,0.05757850781083107,0.009677402675151825,0.12226512226512226,0.06666666666666667,1.3328185328185327,0.05958801135420799,0.011686906218528748,0.11328041192877066,0.12350877192982457,1.2348757325624724,0.056013256311416626,0.008112151175737381
arousal_spike_rows_2_6_train_q90,grouped_video,5,regression,20260625,time_only,0.1349036402569593,0.014736842105263158,1.4705916826327057,0.060489900410175323,0.012588795274496078,0.12226512226512226,0.06666666666666667,1.3328185328185327,0.05965982377529144,0.011758718639612198,0.10813130229564472,0.11789473684210526,1.1787450174459964,0.05454811826348305,0.0066470131278038025
arousal_spike_rows_2_6_train_q90,grouped_video,5,regression,20260626,time_only,0.1349036402569593,0.014736842105263158,1.4705916826327057,0.06048990413546562,0.012588798999786377,0.12483912483912483,0.06807017543859649,1.3608778703515545,0.056708965450525284,0.008807860314846039,0.11800042909246942,0.1286549707602339,1.2863288880859087,0.056079357862472534,0.00817825272679329
arousal_spike_rows_2_6_train_q90,grouped_video,5,regression,20260627,time_only,0.139186295503212,0.0152046783625731,1.5172771328750139,0.06111188232898712,0.013210777193307877,0.12183612183612183,0.06643274853801169,1.3281419765630291,0.0584096759557724,0.010508570820093155,0.11542587427590646,0.12584795321637426,1.2582635305276708,0.056032393127679825,0.00813128799200058
arousal_spike_rows_2_6_train_q90,grouped_video,5,regression_plus_binary,20260625,time_only,0.12633832976445397,0.013801169590643274,1.3772207821480897,0.05757851526141167,0.009677410125732422,0.12312312312312312,0.0671345029239766,1.34217164532954,0.0583956204354763,0.010494515299797058,0.12100407637845956,0.1319298245614035,1.3190718052371864,0.056531257927417755,0.00863015279173851
arousal_spike_rows_2_6_train_q90,grouped_video,5,regression_plus_binary,20260626,time_only,0.139186295503212,0.0152046783625731,1.5172771328750139,0.060995787382125854,0.01309468224644661,0.12226512226512226,0.06666666666666667,1.3328185328185327,0.059588007628917694,0.011686902493238449,0.11521132804119287,0.1256140350877193,1.2559247507311508,0.05696429684758186,0.009063191711902618
arousal_spike_rows_2_6_train_q90,grouped_video,5,regression_plus_binary,20260627,time_only,0.13276231263383298,0.014502923976608188,1.447248957511552,0.059203557670116425,0.01130245253443718,0.12226512226512226,0.06666666666666667,1.3328185328185327,0.05958801135420799,0.011686906218528748,0.11542587427590646,0.12584795321637426,1.2582635305276708,0.05675412341952324,0.008853018283843994
arousal_spike_rows_2_6_train_q90,grouped_video,5,binary,20260625,video_mean_pca_oracle_diagnostic,0.05139186295503212,0.005614035087719298,0.5602254029076975,0.023729346692562103,-0.02417175844311714,0.07550407550407551,0.041169590643274856,0.8230739009686378,0.03829329088330269,-0.009607814252376556,0.08345848530358292,0.09099415204678363,0.9097853408462154,0.04459719359874725,-0.0033039115369319916
arousal_spike_rows_2_6_train_q90,grouped_video,5,binary,20260626,video_mean_pca_oracle_diagnostic,0.0,0.0,0.0,0.008591271936893463,-0.03930983319878578,0.05448305448305448,0.029707602339181287,0.5939226444489601,0.030985498800873756,-0.01691560633480549,0.08217120789530144,0.0895906432748538,0.8957526620670965,0.046889469027519226,-0.001011636108160019
arousal_spike_rows_2_6_train_q90,grouped_video,5,binary,20260627,video_mean_pca_oracle_diagnostic,0.0,0.0,0.0,0.013072913512587547,-0.0348281916230917,0.04847704847704848,0.026432748538011697,0.5284508568719095,0.032562255859375,-0.015338849276304245,0.0826003003647286,0.09005847953216374,0.9004302216601361,0.043064191937446594,-0.004836913198232651
arousal_spike_rows_2_6_train_q90,grouped_video,5,regression,20260625,video_mean_pca_oracle_diagnostic,0.047109207708779445,0.005146198830409357,0.5135399526653893,0.01976615935564041,-0.028134945780038834,0.05877305877305877,0.032046783625731,0.6406882070039964,0.036652591079473495,-0.01124851405620575,0.1104913108774941,0.12046783625730995,1.2044715952077145,0.05166022852063179,0.003759123384952545
arousal_spike_rows_2_6_train_q90,grouped_video,5,regression,20260626,video_mean_pca_oracle_diagnostic,0.047109207708779445,0.005146198830409357,0.5135399526653893,0.01976615935564041,-0.028134945780038834,0.07378807378807378,0.04023391812865497,0.8043676759466232,0.042902976274490356,-0.0049981288611888885,0.08002574554816563,0.0872514619883041,0.8723648641018982,0.042962606996297836,-0.004938498139381409
arousal_spike_rows_2_6_train_q90,grouped_video,5,regression,20260627,video_mean_pca_oracle_diagnostic,0.047109207708779445,0.005146198830409357,0.5135399526653893,0.01976615935564041,-0.028134945780038834,0.09995709995709996,0.054502923976608185,1.0896376075323444,0.050416041165590286,0.0025149360299110413,0.09783308302939284,0.10666666666666667,1.0664835872130443,0.0480768196284771,0.00017571449279785156
arousal_spike_rows_2_6_train_q90,grouped_video,5,regression_plus_binary,20260625,video_mean_pca_oracle_diagnostic,0.05139186295503212,0.005614035087719298,0.5602254029076975,0.023729346692562103,-0.02417175844311714,0.053625053625053626,0.029239766081871343,0.5845695319379529,0.03441542387008667,-0.013485681265592575,0.06565114782235572,0.07157894736842105,0.7156666177350692,0.03810863569378853,-0.009792469441890717
arousal_spike_rows_2_6_train_q90,grouped_video,5,regression_plus_binary,20260626,video_mean_pca_oracle_diagnostic,0.0,0.0,0.0,0.019491972401738167,-0.028409132733941078,0.06392106392106392,0.034853801169590644,0.6968068820700399,0.03745122253894806,-0.010449882596731186,0.07509118214975327,0.08187134502923976,0.8185729287819419,0.04064187780022621,-0.0072592273354530334
arousal_spike_rows_2_6_train_q90,grouped_video,5,regression_plus_binary,20260627,video_mean_pca_oracle_diagnostic,0.05139186295503212,0.005614035087719298,0.5602254029076975,0.023729346692562103,-0.02417175844311714,0.060918060918060915,0.033216374269005845,0.6640709882815146,0.03587247058749199,-0.012028634548187256,0.07058571122076808,0.07695906432748538,0.7694585530550254,0.04170898348093033,-0.006192121654748917
