schema_version,target_name,target_type,validation_protocol,fold,seed,architecture,control_type,feature_name,n_train,n_test,checkpoint_restore_pass,eval_mode_scoring,dropout_disabled,ar_baseline_reused,ar_baseline_newly_trained,frozen_ar_train_checksum,frozen_ar_test_checksum,decision_threshold_train_only,pr_auc,roc_auc,f1,precision,recall,balanced_accuracy,continuous_mae,continuous_mse,continuous_rmse,continuous_pearson,continuous_spearman,spearman_future_movement,top_1pct_precision,top_1pct_recall,top_1pct_lift,top_1pct_avg_true_movement,top_1pct_avg_true_movement_lift,top_5pct_precision,top_5pct_recall,top_5pct_lift,top_5pct_avg_true_movement,top_5pct_avg_true_movement_lift,top_10pct_precision,top_10pct_recall,top_10pct_lift,top_10pct_avg_true_movement,top_10pct_avg_true_movement_lift,within_video_macro_pr_auc,within_video_macro_roc_auc,within_video_macro_spearman_future_movement,within_video_macro_top_5pct_lift,within_video_video_count,best_epoch,epochs_run,best_inner_val_delta_vs_frozen_ar,best_inner_val_secondary_delta,early_stopping_reason,residual_suppressed,checkpoint_restored,checkpoint_path,checkpoint_checksum,label_policy,alpha_final,gate_mean,gate_p05,gate_p50,gate_p95,delta_vs_frozen_ar_pr_auc,delta_vs_frozen_ar_roc_auc,delta_vs_frozen_ar_top_1pct_recall,delta_vs_frozen_ar_top_5pct_recall,delta_vs_frozen_ar_top_10pct_recall,delta_vs_frozen_ar_spearman_future_movement
again_dense_2hz_phase5_temporal_residual_binary_big_confirm_v1,future_arousal_max_delta_rows_4_10_train_q90,binary,blocked_temporal_70_30,1,20260625,short_temporal_conv_residual,frozen_ar_only,temporal_mean_2s_then_pca256,159923,69101,True,True,True,True,False,80b73ff09d687b0403448d5d4b12d354,4c29fe54a12048766664509ef4a8eeaf,-2.1203863620758057,0.26369109067321667,0.7401799731857736,0.3233567589913187,0.2404401819746711,0.49356385663806157,0.6458044367780922,0.07450199127197266,0.014593099243938923,0.12080190082916296,0.35305732508197707,0.296161136932833,0.2578571471571293,0.4624277456647399,0.04038364462392731,4.032587033465319,0.24769581854343414,0.1710570976138115,0.3732638888888889,0.16279656739020695,3.255036343527399,0.18812014162540436,0.11148142069578171,0.32064824193315006,0.2796567390206966,2.7962032011386424,0.16248221695423126,0.08584349602460861,0.3638075694386801,0.6407496309416946,0.29011075629017374,1.9117012548450132,995,,,,,,,,,,,,,,,,,,,,,
again_dense_2hz_phase5_temporal_residual_binary_big_confirm_v1,future_arousal_max_delta_rows_4_10_train_q90,binary,blocked_temporal_70_30,1,20260625,short_temporal_conv_residual,real_residual,temporal_mean_2s_then_pca256,159923,69101,True,True,True,True,False,80b73ff09d687b0403448d5d4b12d354,4c29fe54a12048766664509ef4a8eeaf,-1.8498881101608278,0.2697372518888213,0.7400767018272062,0.32014607425441266,0.26763907734056985,0.3982836951034831,0.6285597660505238,0.07558435201644897,0.0144747793674469,0.12031117723406624,0.3136151735006529,0.2628277948716933,0.2567367671356254,0.49421965317919075,0.043160020191822315,4.30982739201606,0.24641762673854828,0.16977890580892563,0.3822337962962963,0.16670873296314992,3.333258147131546,0.1923711895942688,0.11573246866464615,0.3219505136738533,0.2807925290257446,2.807559622081895,0.16371004283428192,0.08707132190465927,0.3688997368968591,0.6535584729584188,0.19841402126014168,2.0874257985239018,995,12.0,20.0,0.014993716422560255,0.0,patience_exhausted,False,True,outputs/again_dense_2hz_phase5_temporal_residual_binary_big_confirm_20260630_025437/checkpoints/future_arousal_max_delta_rows_4_10_train_q90__short_temporal_conv_residual__real_residual__seed20260625__best.npz,b9d978ab42ad87048c234d5cdb023b2b,true_train_and_true_inner_val_selection,0.0026102066040039062,0.2296307533979416,2.761358155112248e-05,0.01888907328248024,0.9944283962249756,0.00604616121560464,-0.00010327135856735836,0.0027763755678950064,0.003912165572942966,0.0011357900050479874,-0.0011203800215039417
again_dense_2hz_phase5_temporal_residual_binary_big_confirm_v1,future_arousal_max_delta_rows_4_10_train_q90,binary,blocked_temporal_70_30,1,20260625,short_temporal_conv_residual,shuffled_pca_residual,temporal_mean_2s_then_pca256,159923,69101,True,True,True,True,False,80b73ff09d687b0403448d5d4b12d354,4c29fe54a12048766664509ef4a8eeaf,-2.120357394218445,0.26165372796095343,0.7375582627867301,0.3150033377837116,0.23529045125903764,0.4764008076728925,0.6379257908282896,0.07855727523565292,0.014745042659342289,0.12142916725129217,0.2446664930768965,0.2170485963619622,0.25350991145251356,0.4523121387283237,0.0395002523977789,3.9443741921082656,0.24313533306121826,0.1664966121315956,0.37528935185185186,0.16367995961635537,3.272699331438013,0.18852652609348297,0.11188780516386032,0.3193459701924468,0.27852094901564867,2.7848467801953896,0.16203148663043976,0.08539276570081711,0.3576651754273405,0.6404625074413883,0.195533023424633,1.9322756838850779,995,9.0,17.0,8.752511560244924e-05,0.0,patience_exhausted,False,True,outputs/again_dense_2hz_phase5_temporal_residual_binary_big_confirm_20260630_025437/checkpoints/future_arousal_max_delta_rows_4_10_train_q90__short_temporal_conv_residual__shuffled_pca_residual__seed20260625__best.npz,37cb8416b3d23b433f1205651e9dde69,true_train_and_true_inner_val_selection,0.0024481655564159155,0.15336184203624725,5.4798219935037196e-05,0.01249705906957388,0.8417845368385315,-0.0020373627122632354,-0.0026217103990434643,-0.0008833922261484092,0.0008833922261484162,-0.001135790005047932,-0.0043472357046157595
again_dense_2hz_phase5_temporal_residual_binary_big_confirm_v1,future_arousal_max_delta_rows_4_10_train_q90,binary,blocked_temporal_70_30,1,20260625,short_temporal_conv_residual,random_pca_residual,temporal_mean_2s_then_pca256,159923,69101,True,True,True,True,False,80b73ff09d687b0403448d5d4b12d354,4c29fe54a12048766664509ef4a8eeaf,-2.178808879852295,0.26126167515619236,0.7369522184934262,0.3133338302153984,0.22231623479640403,0.5305401312468451,0.6450778365177129,0.07776214927434921,0.014667275361716747,0.12110852720480399,0.2617444046343148,0.22803104589094764,0.25294534146761544,0.4523121387283237,0.0395002523977789,3.9443741921082656,0.24366839230060577,0.16702967137098312,0.3738425925925926,0.16304896516910652,3.2600829115018604,0.18817412853240967,0.11153540760278702,0.32021415135291564,0.2792781423523473,2.7924177274908915,0.16250595450401306,0.08586723357439041,0.3576170167781495,0.6407164648061876,0.1963191856192361,1.9525591422637965,995,10.0,18.0,0.0003425113262960633,0.0,patience_exhausted,False,True,outputs/again_dense_2hz_phase5_temporal_residual_binary_big_confirm_20260630_025437/checkpoints/future_arousal_max_delta_rows_4_10_train_q90__short_temporal_conv_residual__random_pca_residual__seed20260625__best.npz,1b846c89e7fa224375d3cce9ac7e37d5,true_train_and_true_inner_val_selection,0.0024939109571278095,0.1597643345594406,7.524110696977004e-05,0.014854847453534603,0.8422605395317078,-0.0024294155170243026,-0.0032277546923473732,-0.0008833922261484092,0.00025239777889957127,-0.00037859666834927364,-0.004911805689513882
again_dense_2hz_phase5_temporal_residual_binary_big_confirm_v1,future_arousal_max_delta_rows_4_10_train_q90,binary,blocked_temporal_70_30,1,20260625,short_temporal_conv_residual,label_permutation_residual,temporal_mean_2s_then_pca256,159923,69101,True,True,True,True,False,80b73ff09d687b0403448d5d4b12d354,4c29fe54a12048766664509ef4a8eeaf,-2.1523748874664306,0.2614046541905019,0.7372906422165086,0.3140489497012912,0.22606958548360245,0.5141342756183745,0.6430782204055878,0.0758112445473671,0.014523664489388466,0.12051416717294472,0.320677198584487,0.26092479889672554,0.2526687873267356,0.45375722543352603,0.03962645128722867,3.9569760265878444,0.24400320649147034,0.1673644855618477,0.37037037037037035,0.16153457849570924,3.2298035036550936,0.18643954396247864,0.10980082303285599,0.31978006077268123,0.278899545683998,2.7886322538431405,0.16208411753177643,0.08544539660215378,0.3578838243045662,0.6388103587058446,0.20588746572908304,1.931110772042561,995,13.0,21.0,5.0104173859075174e-05,0.0,patience_exhausted,False,True,outputs/again_dense_2hz_phase5_temporal_residual_binary_big_confirm_20260630_025437/checkpoints/future_arousal_max_delta_rows_4_10_train_q90__short_temporal_conv_residual__label_permutation_residual__seed20260625__best.npz,783747855b0e06642459d8e25a316245,permuted_train_and_permuted_inner_val_selection,0.002494053216651082,0.18447154760360718,1.5354224160546437e-05,0.008110426366329193,0.9419711828231812,-0.00228643648271476,-0.002889330969264914,-0.0007571933366986375,-0.0012619888944977176,-0.0007571933366986028,-0.0051883598303937295
again_dense_2hz_phase5_temporal_residual_binary_big_confirm_v1,future_arousal_max_delta_rows_4_10_train_q90,binary,blocked_temporal_70_30,1,20260625,short_temporal_conv_residual,train_only_video_mean_residual,temporal_mean_2s_then_pca256,159923,69101,True,True,True,True,False,80b73ff09d687b0403448d5d4b12d354,4c29fe54a12048766664509ef4a8eeaf,-2.123576593399048,0.26153671067484024,0.7386432365791048,0.31862130046497894,0.22514863878168354,0.5448006057546694,0.6509739498361591,0.07860944420099258,0.0146172558888793,0.1209018440259672,0.2611510293822627,0.19649473382596816,0.24657881575031887,0.4436416184971098,0.03874305906108026,3.8687631852307907,0.22777006030082703,0.15113133937120438,0.36342592592592593,0.15850580514891469,3.1692446879615606,0.18482144176959991,0.10818272083997726,0.31543915497033714,0.2751135790005048,2.750777517365632,0.16107529401779175,0.0844365730881691,0.35968034069069166,0.6415379208675621,0.2090669573271692,1.8983252090103142,995,8.0,16.0,0.00236076094204668,0.0,patience_exhausted,False,True,outputs/again_dense_2hz_phase5_temporal_residual_binary_big_confirm_20260630_025437/checkpoints/future_arousal_max_delta_rows_4_10_train_q90__short_temporal_conv_residual__train_only_video_mean_residual__seed20260625__best.npz,1fca5670bf8b02121988814fcd9debc7,true_train_and_true_inner_val_selection,0.002451926004141569,0.27686941623687744,4.997205564905016e-07,0.003763455431908369,0.9999350905418396,-0.002154379998376421,-0.0015367366066687538,-0.0016405855628470467,-0.0042907622412922675,-0.004543160020191783,-0.011278331406810449
again_dense_2hz_phase5_temporal_residual_binary_big_confirm_v1,future_arousal_max_delta_rows_4_10_train_q90,binary,blocked_temporal_70_30,1,20260625,short_temporal_conv_residual,diagnostics_only_residual,temporal_mean_2s_then_pca256,159923,69101,True,True,True,True,False,80b73ff09d687b0403448d5d4b12d354,4c29fe54a12048766664509ef4a8eeaf,-2.1203863620758057,0.26369109067321667,0.7401799731857736,0.3233567589913187,0.2404401819746711,0.49356385663806157,0.6458044367780922,0.07450199127197266,0.014593099243938923,0.12080190082916296,0.35305732508197707,0.296161136932833,0.2578571471571293,0.4624277456647399,0.04038364462392731,4.032587033465319,0.24769581854343414,0.1710570976138115,0.3732638888888889,0.16279656739020695,3.255036343527399,0.18812014162540436,0.11148142069578171,0.32064824193315006,0.2796567390206966,2.7962032011386424,0.16248221695423126,0.08584349602460861,0.3638075694386801,0.6407496309416946,0.29011075629017374,1.9117012548450132,995,0.0,8.0,0.0,0.0,patience_exhausted,True,False,,,true_train_and_true_inner_val_selection,0.0,0.0,0.0,0.0,0.0,0.0,0.0,0.0,0.0,0.0,0.0
again_dense_2hz_phase5_temporal_residual_binary_big_confirm_v1,future_arousal_max_delta_rows_4_10_train_q90,binary,blocked_temporal_70_30,1,20260626,short_temporal_conv_residual,frozen_ar_only,temporal_mean_2s_then_pca256,159923,69101,True,True,True,True,False,8c145fe32821998ff8d171e00b30b504,d64261eb354b770bd0e2a65efb381840,-1.8854221105575562,0.26855679504491203,0.7475899203341895,0.3268123138033764,0.2694007858546169,0.4153205451792024,0.6347161922979884,0.0740935355424881,0.014682987704873085,0.1211733786971094,0.35387237501669483,0.297225480301254,0.2501556196157572,0.45375722543352603,0.03962645128722867,3.9569760265878444,0.24231746792793274,0.1656787469983101,0.3761574074074074,0.1640585562847047,3.2802691833997044,0.1890181452035904,0.11237942427396774,0.3189118796122124,0.27814235234729934,2.7810613065476386,0.16280727088451385,0.0861685499548912,0.35826016544235656,0.6383881538621846,0.3018643121339288,1.8620416311014565,995,,,,,,,,,,,,,,,,,,,,,
again_dense_2hz_phase5_temporal_residual_binary_big_confirm_v1,future_arousal_max_delta_rows_4_10_train_q90,binary,blocked_temporal_70_30,1,20260626,short_temporal_conv_residual,real_residual,temporal_mean_2s_then_pca256,159923,69101,True,True,True,True,False,8c145fe32821998ff8d171e00b30b504,d64261eb354b770bd0e2a65efb381840,-1.919621229171753,0.27481178391766925,0.7476775295146809,0.3267229879946643,0.2522312233969518,0.4636547198384654,0.6428069764417821,0.07525637000799179,0.014526017010211945,0.12052392712740465,0.31663885784488843,0.26697152497792387,0.24937993556117113,0.5101156069364162,0.04454820797576981,4.448447571291431,0.25362148880958557,0.17698276787996292,0.3822337962962963,0.16670873296314992,3.333258147131546,0.1919286847114563,0.11528996378183365,0.3189118796122124,0.27814235234729934,2.7810613065476386,0.16285912692546844,0.0862204059958458,0.36226116656994917,0.6480580029810679,0.20062719818515432,2.0188247661080836,995,12.0,20.0,0.013462568193116614,0.0,patience_exhausted,False,True,outputs/again_dense_2hz_phase5_temporal_residual_binary_big_confirm_20260630_025437/checkpoints/future_arousal_max_delta_rows_4_10_train_q90__short_temporal_conv_residual__real_residual__seed20260626__best.npz,09db0f2e8b6506a39681bb8f58b463a3,true_train_and_true_inner_val_selection,0.002638663398101926,0.21389137208461761,1.0333470527257305e-05,0.01200946606695652,0.9937412142753601,0.006254988872757217,8.760918049144362e-05,0.00492175668854114,0.0026501766784452208,0.0,-0.0007756840545860844
again_dense_2hz_phase5_temporal_residual_binary_big_confirm_v1,future_arousal_max_delta_rows_4_10_train_q90,binary,blocked_temporal_70_30,1,20260626,short_temporal_conv_residual,shuffled_pca_residual,temporal_mean_2s_then_pca256,159923,69101,True,True,True,True,False,8c145fe32821998ff8d171e00b30b504,d64261eb354b770bd0e2a65efb381840,-1.8583455801010136,0.2662154114980563,0.7445176683272295,0.32463076234521854,0.267870332375872,0.41191317516405856,0.633045199315197,0.07734062522649765,0.014794210903346539,0.12163145523813541,0.2620393204076691,0.23165796673073152,0.2447704817691143,0.4421965317919075,0.03861686017163049,3.8561613507512114,0.23548875749111176,0.1588500365614891,0.37644675925925924,0.16418475517415446,3.2827924673869346,0.18913187086582184,0.11249314993619919,0.31558385183041526,0.2752397778899546,2.752039341914882,0.16159982979297638,0.08496110886335373,0.35236394821514794,0.6370631652592244,0.20737347824695304,1.8698373993185573,995,11.0,19.0,0.0006816948363796704,0.0,patience_exhausted,False,True,outputs/again_dense_2hz_phase5_temporal_residual_binary_big_confirm_20260630_025437/checkpoints/future_arousal_max_delta_rows_4_10_train_q90__short_temporal_conv_residual__shuffled_pca_residual__seed20260626__best.npz,c5e7acf2e64cfc61256a226ac31ba53a,true_train_and_true_inner_val_selection,0.0025654665660113096,0.1316632479429245,1.4317596651380882e-05,0.006380824372172356,0.8186898827552795,-0.0023413835468557576,-0.00307225200695993,-0.001009591115598181,0.00012619888944975788,-0.0029025744573447643,-0.005385137846642907
again_dense_2hz_phase5_temporal_residual_binary_big_confirm_v1,future_arousal_max_delta_rows_4_10_train_q90,binary,blocked_temporal_70_30,1,20260626,short_temporal_conv_residual,random_pca_residual,temporal_mean_2s_then_pca256,159923,69101,True,True,True,True,False,8c145fe32821998ff8d171e00b30b504,d64261eb354b770bd0e2a65efb381840,-1.8854189157485963,0.26866951821680873,0.7474864509421554,0.3268123138033764,0.2694007858546169,0.4153205451792024,0.6347161922979884,0.07409624755382538,0.014681977219879627,0.12116920904206492,0.3538110427839122,0.2959340905833294,0.24897160890181974,0.45375722543352603,0.03962645128722867,3.9569760265878444,0.24231746792793274,0.1656787469983101,0.3761574074074074,0.1640585562847047,3.2802691833997044,0.1890181452035904,0.11237942427396774,0.3189118796122124,0.27814235234729934,2.7810613065476386,0.16280727088451385,0.0861685499548912,0.35137547434393424,0.6383924366097387,0.20605408685263416,1.8556768375026202,995,1.0,9.0,3.731563849937447e-05,0.0,patience_exhausted,False,True,outputs/again_dense_2hz_phase5_temporal_residual_binary_big_confirm_20260630_025437/checkpoints/future_arousal_max_delta_rows_4_10_train_q90__short_temporal_conv_residual__random_pca_residual__seed20260626__best.npz,ed6670b813aec1e69fc510a4c9b41935,true_train_and_true_inner_val_selection,0.002175077795982361,0.02415400929749012,0.0045913043431937695,0.01731889508664608,0.06682691723108292,0.00011272317189670034,-0.00010346939203409455,0.0,0.0,0.0,-0.0011840107139374778
again_dense_2hz_phase5_temporal_residual_binary_big_confirm_v1,future_arousal_max_delta_rows_4_10_train_q90,binary,blocked_temporal_70_30,1,20260626,short_temporal_conv_residual,label_permutation_residual,temporal_mean_2s_then_pca256,159923,69101,True,True,True,True,False,8c145fe32821998ff8d171e00b30b504,d64261eb354b770bd0e2a65efb381840,-1.8801852464675906,0.26844738567176013,0.74708458327863,0.32659347210492323,0.2693158541581319,0.41481574962140333,0.6345210055624548,0.07615116983652115,0.014533803798258305,0.12055622670877811,0.30672271851222793,0.2439845294489579,0.24827934092453693,0.4508670520231214,0.03937405350832913,3.9317723576286863,0.24002595245838165,0.163387231528759,0.37644675925925924,0.16418475517415446,3.2827924673869346,0.18928305804729462,0.11264433711767197,0.3190565764722906,0.2782685512367491,2.7823231310968892,0.16285161674022675,0.0862128958106041,0.3542517465419359,0.6381140202666072,0.21784842850124303,1.8687620645649154,995,5.0,13.0,4.8667242392719245e-06,0.0,patience_exhausted,False,True,outputs/again_dense_2hz_phase5_temporal_residual_binary_big_confirm_20260630_025437/checkpoints/future_arousal_max_delta_rows_4_10_train_q90__short_temporal_conv_residual__label_permutation_residual__seed20260626__best.npz,c76eb0822097f9042eb23c6833951525,permuted_train_and_permuted_inner_val_selection,0.002320448402315378,0.23006866872310638,8.986375178210437e-06,0.006331216543912888,0.9818339347839355,-0.00010940937315190302,-0.0005053370555594405,-0.0002523977788995435,0.00012619888944975788,0.00012619888944975788,-0.0018762786912202845
again_dense_2hz_phase5_temporal_residual_binary_big_confirm_v1,future_arousal_max_delta_rows_4_10_train_q90,binary,blocked_temporal_70_30,1,20260626,short_temporal_conv_residual,train_only_video_mean_residual,temporal_mean_2s_then_pca256,159923,69101,True,True,True,True,False,8c145fe32821998ff8d171e00b30b504,d64261eb354b770bd0e2a65efb381840,-1.8845517873764042,0.2686103814414409,0.7473873908890264,0.3268791579783537,0.26943853331150763,0.4154467440686522,0.634771118736518,0.07439516484737396,0.014653082005679607,0.12104991534767634,0.3468231971496033,0.28321929638390864,0.2488409954845711,0.4552023121387283,0.03975265017667844,3.9695778610674233,0.2424137145280838,0.16577499359846115,0.3767361111111111,0.16431095406360424,3.2853157513741653,0.18935836851596832,0.11271964758634567,0.3190565764722906,0.2782685512367491,2.7823231310968892,0.16283652186393738,0.08619780093431473,0.35506828558404624,0.6386588424592127,0.22091684255194485,1.881136011897965,995,2.0,10.0,0.00010482691007454581,0.0,patience_exhausted,False,True,outputs/again_dense_2hz_phase5_temporal_residual_binary_big_confirm_20260630_025437/checkpoints/future_arousal_max_delta_rows_4_10_train_q90__short_temporal_conv_residual__train_only_video_mean_residual__seed20260626__best.npz,a4e93bb98b4abb154ba3f8fb699fa2ec,true_train_and_true_inner_val_selection,0.0022187812719494104,0.13024300336837769,0.0002260562323499471,0.009954475797712803,0.9744772911071777,5.358639652885966e-05,-0.0002025294451630799,0.00012619888944977176,0.0002523977788995435,0.00012619888944975788,-0.0013146241311861318
again_dense_2hz_phase5_temporal_residual_binary_big_confirm_v1,future_arousal_max_delta_rows_4_10_train_q90,binary,blocked_temporal_70_30,1,20260626,short_temporal_conv_residual,diagnostics_only_residual,temporal_mean_2s_then_pca256,159923,69101,True,True,True,True,False,8c145fe32821998ff8d171e00b30b504,d64261eb354b770bd0e2a65efb381840,-1.8854221105575562,0.26855679504491203,0.7475899203341895,0.3268123138033764,0.2694007858546169,0.4153205451792024,0.6347161922979884,0.0740935355424881,0.014682987704873085,0.1211733786971094,0.35387237501669483,0.297225480301254,0.2501556196157572,0.45375722543352603,0.03962645128722867,3.9569760265878444,0.24231746792793274,0.1656787469983101,0.3761574074074074,0.1640585562847047,3.2802691833997044,0.1890181452035904,0.11237942427396774,0.3189118796122124,0.27814235234729934,2.7810613065476386,0.16280727088451385,0.0861685499548912,0.35826016544235656,0.6383881538621846,0.3018643121339288,1.8620416311014565,995,0.0,8.0,0.0,0.0,patience_exhausted,True,False,,,true_train_and_true_inner_val_selection,0.0,0.0,0.0,0.0,0.0,0.0,0.0,0.0,0.0,0.0,0.0
again_dense_2hz_phase5_temporal_residual_binary_big_confirm_v1,future_arousal_max_delta_rows_4_10_train_q90,binary,blocked_temporal_70_30,1,20260627,short_temporal_conv_residual,frozen_ar_only,temporal_mean_2s_then_pca256,159923,69101,True,True,True,True,False,1f3a5ab9ef9ee64f210057d3e89fcdb7,718b7d93a3fdf86db53ce0f5e5a3e6a6,-1.8572495698928835,0.2663955457004872,0.7455134383571368,0.3253253253253253,0.2695753151957532,0.41014639071176173,0.6331017028014896,0.07435556501150131,0.014533556997776031,0.12055520311366089,0.3564064502179761,0.2984579583880707,0.2454662283537394,0.45375722543352603,0.03962645128722867,3.9569760265878444,0.23950527608394623,0.16286655515432358,0.37528935185185186,0.16367995961635537,3.272699331438013,0.1899268925189972,0.11328817158937454,0.31558385183041526,0.2752397778899546,2.752039341914882,0.16168981790542603,0.08505109697580338,0.35765688496684384,0.6381158802674193,0.3020494156531328,1.8448160750422273,995,,,,,,,,,,,,,,,,,,,,,
again_dense_2hz_phase5_temporal_residual_binary_big_confirm_v1,future_arousal_max_delta_rows_4_10_train_q90,binary,blocked_temporal_70_30,1,20260627,short_temporal_conv_residual,real_residual,temporal_mean_2s_then_pca256,159923,69101,True,True,True,True,False,1f3a5ab9ef9ee64f210057d3e89fcdb7,718b7d93a3fdf86db53ce0f5e5a3e6a6,-1.7289291858673101,0.2770178562122585,0.7562482322934544,0.3373012001170846,0.27493240019087006,0.4362695608278647,0.6436214829328528,0.07738669216632843,0.014470973052084446,0.1202953575666345,0.2815377487683911,0.2662392895552051,0.24930951254257155,0.4725433526011561,0.04126703685007572,4.1207998748223735,0.22766517102718353,0.15102645009756088,0.3793402777777778,0.1654467440686522,3.3080253072592405,0.1898135095834732,0.11317478865385056,0.32788308493705687,0.28596668349318527,2.8592944286011566,0.16549214720726013,0.08885342627763748,0.37133096169836805,0.6628097994339657,0.22986318792178048,2.0547130441413746,995,14.0,22.0,0.027276071915636246,0.0,patience_exhausted,False,True,outputs/again_dense_2hz_phase5_temporal_residual_binary_big_confirm_20260630_025437/checkpoints/future_arousal_max_delta_rows_4_10_train_q90__short_temporal_conv_residual__real_residual__seed20260627__best.npz,2130d070864739e3bdf2aafddf41b777,true_train_and_true_inner_val_selection,0.002722520846873522,0.1439204216003418,4.515141540650802e-07,0.00318245030939579,0.9577851295471191,0.010622310511771316,0.0107347939363176,0.0016405855628470467,0.0017667844522968323,0.010726905603230696,0.0038432841888321467
again_dense_2hz_phase5_temporal_residual_binary_big_confirm_v1,future_arousal_max_delta_rows_4_10_train_q90,binary,blocked_temporal_70_30,1,20260627,short_temporal_conv_residual,shuffled_pca_residual,temporal_mean_2s_then_pca256,159923,69101,True,True,True,True,False,1f3a5ab9ef9ee64f210057d3e89fcdb7,718b7d93a3fdf86db53ce0f5e5a3e6a6,-1.8572437524795533,0.2665303349257848,0.7454103629691874,0.3253253253253253,0.2695753151957532,0.41014639071176173,0.6331017028014896,0.07435695081949234,0.014533271081745625,0.1205540172775077,0.35639008035453523,0.29725246188285037,0.24430527987257647,0.45375722543352603,0.03962645128722867,3.9569760265878444,0.23950530588626862,0.16286658495664597,0.37528935185185186,0.16367995961635537,3.272699331438013,0.1899268925189972,0.11328817158937454,0.31558385183041526,0.2752397778899546,2.752039341914882,0.16168981790542603,0.08505109697580338,0.3517295436227862,0.6388285313623427,0.2063613141878219,1.8656835054841259,995,1.0,9.0,5.623263117948696e-05,0.0,patience_exhausted,False,True,outputs/again_dense_2hz_phase5_temporal_residual_binary_big_confirm_20260630_025437/checkpoints/future_arousal_max_delta_rows_4_10_train_q90__short_temporal_conv_residual__shuffled_pca_residual__seed20260627__best.npz,9684e30e0fb97df1ee873d6e59da0f0d,true_train_and_true_inner_val_selection,0.0021408265456557274,0.023109665140509605,0.00608197133988142,0.018747728317975998,0.054874468594789505,0.00013478922529763793,-0.00010307538794940285,0.0,0.0,0.0,-0.0011609484811629378
again_dense_2hz_phase5_temporal_residual_binary_big_confirm_v1,future_arousal_max_delta_rows_4_10_train_q90,binary,blocked_temporal_70_30,1,20260627,short_temporal_conv_residual,random_pca_residual,temporal_mean_2s_then_pca256,159923,69101,True,True,True,True,False,1f3a5ab9ef9ee64f210057d3e89fcdb7,718b7d93a3fdf86db53ce0f5e5a3e6a6,-1.8572479724884035,0.2665479974300896,0.7454296175981185,0.3253253253253253,0.2695753151957532,0.41014639071176173,0.6331017028014896,0.0743568167090416,0.014533324167132378,0.12055423744992283,0.3563909320843159,0.2972252723698232,0.24432010584155847,0.45375722543352603,0.03962645128722867,3.9569760265878444,0.23950530588626862,0.16286658495664597,0.37528935185185186,0.16367995961635537,3.272699331438013,0.1899268925189972,0.11328817158937454,0.31543915497033714,0.2751135790005048,2.750777517365632,0.1616484671831131,0.08500974625349045,0.35196316475080913,0.6382289536458411,0.2073400100979038,1.8567081893979478,995,1.0,9.0,5.718203581131509e-05,0.0,patience_exhausted,False,True,outputs/again_dense_2hz_phase5_temporal_residual_binary_big_confirm_20260630_025437/checkpoints/future_arousal_max_delta_rows_4_10_train_q90__short_temporal_conv_residual__random_pca_residual__seed20260627__best.npz,b372143d2a75277630f9eeb5416a2aa1,true_train_and_true_inner_val_selection,0.0021406300365924835,0.02108304388821125,0.007387063931673765,0.018192928284406662,0.04457608610391617,0.00015245172960243192,-8.382075901824937e-05,0.0,0.0,-0.00012619888944975788,-0.001146122512180936
again_dense_2hz_phase5_temporal_residual_binary_big_confirm_v1,future_arousal_max_delta_rows_4_10_train_q90,binary,blocked_temporal_70_30,1,20260627,short_temporal_conv_residual,label_permutation_residual,temporal_mean_2s_then_pca256,159923,69101,True,True,True,True,False,1f3a5ab9ef9ee64f210057d3e89fcdb7,718b7d93a3fdf86db53ce0f5e5a3e6a6,-1.7856206417083742,0.2621088563644206,0.7429315450619748,0.3259073609950803,0.25774482454852443,0.4430843008581524,0.6389048847900289,0.07759857922792435,0.014193063601851463,0.11913464484293167,0.29671836197046375,0.24009287811636482,0.2442777162755319,0.4263005780346821,0.03722867238768299,3.7175411714758413,0.22024178504943848,0.14360306411981583,0.3715277777777778,0.16203937405350832,3.239896639604016,0.18879948556423187,0.11216076463460922,0.31384748950947766,0.2737253912165573,2.7368974473238787,0.16032390296459198,0.08368518203496933,0.3624884439943148,0.6532244679539578,0.2588506155449271,1.9508828058456535,995,27.0,35.0,0.0002976952841078767,0.0,patience_exhausted,False,True,outputs/again_dense_2hz_phase5_temporal_residual_binary_big_confirm_20260630_025437/checkpoints/future_arousal_max_delta_rows_4_10_train_q90__short_temporal_conv_residual__label_permutation_residual__seed20260627__best.npz,f048253ca33266bf8b45fcc38eaf9567,permuted_train_and_permuted_inner_val_selection,0.002928592264652252,0.38554537296295166,8.394481909590468e-08,0.07395640015602112,0.999983012676239,-0.004286689336066574,-0.0025818932951620077,-0.002397778899545684,-0.0016405855628470467,-0.001514386673397261,-0.0011885120782074987
again_dense_2hz_phase5_temporal_residual_binary_big_confirm_v1,future_arousal_max_delta_rows_4_10_train_q90,binary,blocked_temporal_70_30,1,20260627,short_temporal_conv_residual,train_only_video_mean_residual,temporal_mean_2s_then_pca256,159923,69101,True,True,True,True,False,1f3a5ab9ef9ee64f210057d3e89fcdb7,718b7d93a3fdf86db53ce0f5e5a3e6a6,-1.764428782463074,0.26440503445077884,0.746777844910206,0.32649446494464945,0.26755906781711153,0.41872791519434627,0.6351285423267283,0.0765712708234787,0.014333054423332214,0.11972073514363422,0.3084561274205857,0.2418612490560969,0.23218726984641647,0.4407514450867052,0.03849066128218072,3.8435595162716325,0.22958117723464966,0.152942456305027,0.36574074074074076,0.15951539626451286,3.189430959859405,0.18645648658275604,0.10981776565313339,0.3148603675300246,0.27460878344270573,2.745730219168631,0.16055552661418915,0.0839168056845665,0.3517856040288363,0.6348509012035152,0.212725890185393,1.8511932880872195,995,11.0,19.0,0.0025018358471628477,0.0,patience_exhausted,False,True,outputs/again_dense_2hz_phase5_temporal_residual_binary_big_confirm_20260630_025437/checkpoints/future_arousal_max_delta_rows_4_10_train_q90__short_temporal_conv_residual__train_only_video_mean_residual__seed20260627__best.npz,9c7b925ba160f7c7b3a9fad0cb14a458,true_train_and_true_inner_val_selection,0.0025922944769263268,0.25261953473091125,1.782684080353647e-06,0.017148686572909355,0.9984413981437683,-0.0019905112497083377,0.0012644065530692528,-0.0011357900050479527,-0.00416456335184251,-0.0006309944472488449,-0.013278958507322941
again_dense_2hz_phase5_temporal_residual_binary_big_confirm_v1,future_arousal_max_delta_rows_4_10_train_q90,binary,blocked_temporal_70_30,1,20260627,short_temporal_conv_residual,diagnostics_only_residual,temporal_mean_2s_then_pca256,159923,69101,True,True,True,True,False,1f3a5ab9ef9ee64f210057d3e89fcdb7,718b7d93a3fdf86db53ce0f5e5a3e6a6,-1.8572495698928835,0.2663955457004872,0.7455134383571368,0.3253253253253253,0.2695753151957532,0.41014639071176173,0.6331017028014896,0.07435556501150131,0.014533556997776031,0.12055520311366089,0.3564064502179761,0.2984579583880707,0.2454662283537394,0.45375722543352603,0.03962645128722867,3.9569760265878444,0.23950527608394623,0.16286655515432358,0.37528935185185186,0.16367995961635537,3.272699331438013,0.1899268925189972,0.11328817158937454,0.31558385183041526,0.2752397778899546,2.752039341914882,0.16168981790542603,0.08505109697580338,0.35765688496684384,0.6381158802674193,0.3020494156531328,1.8448160750422273,995,0.0,8.0,0.0,0.0,patience_exhausted,True,False,,,true_train_and_true_inner_val_selection,0.0,0.0,0.0,0.0,0.0,0.0,0.0,0.0,0.0,0.0,0.0
again_dense_2hz_phase5_temporal_residual_binary_big_confirm_v1,future_arousal_max_delta_rows_4_10_train_q90,binary,blocked_temporal_70_30,1,20260628,short_temporal_conv_residual,frozen_ar_only,temporal_mean_2s_then_pca256,159923,69101,True,True,True,False,True,469b0d5f6203cbf3e81aebdb3d034f77,dd69c2c5d75ca798793942d99307f520,-1.9150167942047123,0.2609401547184769,0.7464202067837403,0.3200120342977486,0.2654962975289126,0.40270065623422513,0.6291990294264281,0.07771165668964386,0.01354892272502184,0.1163998398840043,0.34892571970994474,0.279260225549286,0.2363274809915698,0.4393063583815029,0.03836446239273095,3.830957681792053,0.24010209739208221,0.16346337646245956,0.3559027777777778,0.1552246340232206,3.1036393042935666,0.1840270757675171,0.10738835483789444,0.3122558240486181,0.2723372034326098,2.723017377282125,0.15810240805149078,0.08146368712186813,0.37612518414060014,0.6439410696727095,0.2921036628678437,1.967855531034654,995,,,,,,,,,,,,,,,,,,,,,
again_dense_2hz_phase5_temporal_residual_binary_big_confirm_v1,future_arousal_max_delta_rows_4_10_train_q90,binary,blocked_temporal_70_30,1,20260628,short_temporal_conv_residual,real_residual,temporal_mean_2s_then_pca256,159923,69101,True,True,True,False,True,469b0d5f6203cbf3e81aebdb3d034f77,dd69c2c5d75ca798793942d99307f520,-1.934785544872284,0.2686994051782653,0.74754930593932,0.32198894034078135,0.2500872965989245,0.45191822311963653,0.6381973710364189,0.07815191894769669,0.01360235083848238,0.11662911659822507,0.3381974544779396,0.26420708747005706,0.23657371842298902,0.4884393063583815,0.04265522463402322,4.259420054097744,0.25033265352249146,0.1736939325928688,0.3683449074074074,0.16065118626956082,3.21214051574448,0.18683843314647675,0.1101997122168541,0.31543915497033714,0.2751135790005048,2.750777517365632,0.159895658493042,0.08325693756341934,0.38677931203307814,0.6553151572707229,0.1997955210591959,2.1768566936808034,995,12.0,20.0,0.01646584464681647,0.0,patience_exhausted,False,True,outputs/again_dense_2hz_phase5_temporal_residual_binary_big_confirm_20260630_025437/checkpoints/future_arousal_max_delta_rows_4_10_train_q90__short_temporal_conv_residual__real_residual__seed20260628__best.npz,be31f6d3e0ff31e4160c815b46828889,true_train_and_true_inner_val_selection,0.002609871793538332,0.17581194639205933,9.014700481202453e-06,0.009724998846650124,0.9720339775085449,0.007759250459788369,0.0011290991555796825,0.004290762241292274,0.005426552246340227,0.0027763755678950064,0.00024623743141921617
again_dense_2hz_phase5_temporal_residual_binary_big_confirm_v1,future_arousal_max_delta_rows_4_10_train_q90,binary,blocked_temporal_70_30,1,20260628,short_temporal_conv_residual,shuffled_pca_residual,temporal_mean_2s_then_pca256,159923,69101,True,True,True,False,True,469b0d5f6203cbf3e81aebdb3d034f77,dd69c2c5d75ca798793942d99307f520,-1.8886309385299684,0.2583688323456126,0.7432032397582021,0.31797534068786504,0.263027500206458,0.4019434628975265,0.6280358241633456,0.07948574423789978,0.013655077666044235,0.11685494283959166,0.3254490707258901,0.25260690741367436,0.23070027625513967,0.4421965317919075,0.03861686017163049,3.8561613507512114,0.24166592955589294,0.1650272086262703,0.35561342592592593,0.15509843513377083,3.101116020306336,0.18383313715457916,0.10719441622495651,0.3132687020691651,0.2732205956587582,2.731850149126877,0.15834291279315948,0.08170419186353683,0.36999122263746625,0.6419124785507405,0.19673780630639898,2.0311312828860486,995,11.0,19.0,0.00040824890815951975,0.0,patience_exhausted,False,True,outputs/again_dense_2hz_phase5_temporal_residual_binary_big_confirm_20260630_025437/checkpoints/future_arousal_max_delta_rows_4_10_train_q90__short_temporal_conv_residual__shuffled_pca_residual__seed20260628__best.npz,f6f262ab265c62658a8e4621593195f3,true_train_and_true_inner_val_selection,0.002535050269216299,0.1386731117963791,8.695599535712972e-05,0.013156860135495663,0.7794157862663269,-0.0025713223728643375,-0.0032169670255381977,0.0002523977788995435,-0.00012619888944975788,0.0008833922261484162,-0.005627204736430136
again_dense_2hz_phase5_temporal_residual_binary_big_confirm_v1,future_arousal_max_delta_rows_4_10_train_q90,binary,blocked_temporal_70_30,1,20260628,short_temporal_conv_residual,random_pca_residual,temporal_mean_2s_then_pca256,159923,69101,True,True,True,False,True,469b0d5f6203cbf3e81aebdb3d034f77,dd69c2c5d75ca798793942d99307f520,-1.878670907020569,0.2578071531036163,0.7419724792973957,0.31700979412352587,0.2624090006618134,0.40030287733467945,0.6272809154314831,0.07943159341812134,0.013655006885528564,0.11685463998288029,0.3258496688952251,0.25327795187640334,0.22912755106041688,0.4436416184971098,0.03874305906108026,3.8687631852307907,0.24324914813041687,0.16661042720079422,0.3570601851851852,0.15572942958101968,3.1137324402424884,0.18372699618339539,0.10708827525377274,0.3118217334683837,0.2719586067642605,2.719231903634374,0.15786448121070862,0.08122576028108597,0.37000665100997265,0.6423089216234389,0.19556967525596622,1.958106399457561,995,12.0,20.0,0.0010048143871208282,0.0,patience_exhausted,False,True,outputs/again_dense_2hz_phase5_temporal_residual_binary_big_confirm_20260630_025437/checkpoints/future_arousal_max_delta_rows_4_10_train_q90__short_temporal_conv_residual__random_pca_residual__seed20260628__best.npz,4a91852345093940682b7f3164940c46,true_train_and_true_inner_val_selection,0.0025754973758012056,0.1413763165473938,0.0001131646495196037,0.014437277801334858,0.776584267616272,-0.003133001614860631,-0.004447727486344588,0.00037859666834931527,0.000504795557799087,-0.00037859666834932915,-0.007199929931152926
again_dense_2hz_phase5_temporal_residual_binary_big_confirm_v1,future_arousal_max_delta_rows_4_10_train_q90,binary,blocked_temporal_70_30,1,20260628,short_temporal_conv_residual,label_permutation_residual,temporal_mean_2s_then_pca256,159923,69101,True,True,True,False,True,469b0d5f6203cbf3e81aebdb3d034f77,dd69c2c5d75ca798793942d99307f520,-1.9150246143341068,0.26111721915945085,0.7464095676420313,0.3200120342977486,0.2654962975289126,0.40270065623422513,0.6291990294264281,0.07771285623311996,0.013548814691603184,0.1163993758213642,0.3489254763463414,0.27812589543660926,0.2351734384156736,0.4421965317919075,0.03861686017163049,3.8561613507512114,0.2422836422920227,0.16564492136240005,0.3559027777777778,0.1552246340232206,3.1036393042935666,0.1840270757675171,0.10738835483789444,0.3124005209086963,0.27246340232205957,2.7242792018313757,0.15814931690692902,0.08151059597730637,0.3736112076808101,0.6454000504943148,0.20363010508357982,1.991450730161768,995,1.0,9.0,2.9136323871192804e-05,0.0,patience_exhausted,False,True,outputs/again_dense_2hz_phase5_temporal_residual_binary_big_confirm_20260630_025437/checkpoints/future_arousal_max_delta_rows_4_10_train_q90__short_temporal_conv_residual__label_permutation_residual__seed20260628__best.npz,e34c5f270615ba207f77a14804d774bf,permuted_train_and_permuted_inner_val_selection,0.002141848672181368,0.02217809483408928,0.004901557229459286,0.01678495481610298,0.056214720010757446,0.0001770644409739286,-1.0639141709067879e-05,0.0002523977788995435,0.0,0.00012619888944975788,-0.0011540425758962136
again_dense_2hz_phase5_temporal_residual_binary_big_confirm_v1,future_arousal_max_delta_rows_4_10_train_q90,binary,blocked_temporal_70_30,1,20260628,short_temporal_conv_residual,train_only_video_mean_residual,temporal_mean_2s_then_pca256,159923,69101,True,True,True,False,True,469b0d5f6203cbf3e81aebdb3d034f77,dd69c2c5d75ca798793942d99307f520,-1.9336474895477296,0.25712744037113777,0.7401429966244288,0.3141524105754277,0.26072112582229995,0.39512872286723877,0.6250044124331781,0.07933315634727478,0.013816320337355137,0.11754284468803337,0.31360370818817507,0.23884425157856373,0.22506801574122803,0.4393063583815029,0.03836446239273095,3.830957681792053,0.2413703203201294,0.16473159939050674,0.3521412037037037,0.15358404846037355,3.0708366124595696,0.18217313289642334,0.10553441196680069,0.3080596151063522,0.2686774356385664,2.686424465353867,0.15633654594421387,0.07969782501459122,0.37126515892468387,0.6434249007769302,0.21453127768582056,1.9507415935095433,995,8.0,16.0,0.0016345252426110124,0.0,patience_exhausted,False,True,outputs/again_dense_2hz_phase5_temporal_residual_binary_big_confirm_20260630_025437/checkpoints/future_arousal_max_delta_rows_4_10_train_q90__short_temporal_conv_residual__train_only_video_mean_residual__seed20260628__best.npz,429fb81dc857809717bc7550ae9990a0,true_train_and_true_inner_val_selection,0.0024790954776108265,0.2849363684654236,1.7510407701593067e-07,0.00893118605017662,0.9999552965164185,-0.0038127143473391523,-0.006277210159311486,0.0,-0.0016405855628470467,-0.0036597677940434226,-0.011259465250341771
again_dense_2hz_phase5_temporal_residual_binary_big_confirm_v1,future_arousal_max_delta_rows_4_10_train_q90,binary,blocked_temporal_70_30,1,20260628,short_temporal_conv_residual,diagnostics_only_residual,temporal_mean_2s_then_pca256,159923,69101,True,True,True,False,True,469b0d5f6203cbf3e81aebdb3d034f77,dd69c2c5d75ca798793942d99307f520,-1.9150199651718143,0.2611179432617337,0.7463386417496778,0.3200120342977486,0.2654962975289126,0.40270065623422513,0.6291990294264281,0.07771611958742142,0.013548649847507477,0.1163986677222187,0.34891092537673074,0.2780776281696263,0.23528189354724097,0.4393063583815029,0.03836446239273095,3.830957681792053,0.23975473642349243,0.16311601549386978,0.3559027777777778,0.1552246340232206,3.1036393042935666,0.1840270757675171,0.10738835483789444,0.3122558240486181,0.2723372034326098,2.723017377282125,0.15810240805149078,0.08146368712186813,0.3714248851815592,0.6431893110715038,0.20823468758510866,1.9950650236696785,995,1.0,9.0,7.057530203471996e-05,0.0,patience_exhausted,False,True,outputs/again_dense_2hz_phase5_temporal_residual_binary_big_confirm_20260630_025437/checkpoints/future_arousal_max_delta_rows_4_10_train_q90__short_temporal_conv_residual__diagnostics_only_residual__seed20260628__best.npz,7d08cc0071159599c572919435631c9a,true_train_and_true_inner_val_selection,0.0021439020056277514,0.03049921616911888,0.011747833341360092,0.0179889053106308,0.026664404198527336,0.00017778854325678495,-8.156503406253623e-05,0.0,0.0,0.0,-0.0010455874443288382
again_dense_2hz_phase5_temporal_residual_binary_big_confirm_v1,future_arousal_max_delta_rows_4_10_train_q90,binary,blocked_temporal_70_30,1,20260629,short_temporal_conv_residual,frozen_ar_only,temporal_mean_2s_then_pca256,159923,69101,True,True,True,False,True,66fcdffc6292d655e222aecf43374860,50a6315cfcfb9dc8f2be7213dc4b9fc6,-2.0060324668884277,0.2602792590111217,0.7456545176050391,0.3229273763903169,0.25641977141160754,0.43601716304896515,0.6361232324553879,0.07748048007488251,0.013645833358168602,0.11681538151360292,0.343300323622813,0.2663373033035291,0.23589473869186584,0.4407514450867052,0.03849066128218072,3.8435595162716325,0.24171006679534912,0.16507134586572647,0.36313657407407407,0.15837960625946493,3.16672140397433,0.18661025166511536,0.1099715307354927,0.3128346114889307,0.2728419989904089,2.7280646754791267,0.15787890553474426,0.08124018460512161,0.37607811638915606,0.6425861187225395,0.2926374067629873,1.9908514361796144,995,,,,,,,,,,,,,,,,,,,,,
again_dense_2hz_phase5_temporal_residual_binary_big_confirm_v1,future_arousal_max_delta_rows_4_10_train_q90,binary,blocked_temporal_70_30,1,20260629,short_temporal_conv_residual,real_residual,temporal_mean_2s_then_pca256,159923,69101,True,True,True,False,True,66fcdffc6292d655e222aecf43374860,50a6315cfcfb9dc8f2be7213dc4b9fc6,-1.7018788814544679,0.26762612636270855,0.7473813663396591,0.30603104484937727,0.2977910447761194,0.31474003028773345,0.609304565710256,0.07798618823289871,0.013735723681747913,0.1171995037606726,0.3321479046000924,0.2539539835724869,0.23613839190496763,0.48265895953757226,0.04215042907622413,4.209012716179427,0.25031977891921997,0.17368105798959732,0.3755787037037037,0.16380615850580516,3.2752226154252435,0.19058477878570557,0.11394605785608292,0.31384748950947766,0.2737253912165573,2.7368974473238787,0.1593153029680252,0.08267658203840256,0.38506409738954156,0.65386884098056,0.19508760513919096,2.1884874485326264,995,11.0,19.0,0.01605170023428834,0.0,patience_exhausted,False,True,outputs/again_dense_2hz_phase5_temporal_residual_binary_big_confirm_20260630_025437/checkpoints/future_arousal_max_delta_rows_4_10_train_q90__short_temporal_conv_residual__real_residual__seed20260629__best.npz,20ada13be07027c6a21f62bf5fd1b93f,true_train_and_true_inner_val_selection,0.0026041355449706316,0.17947182059288025,6.6064862949133385e-06,0.007777267601341009,0.9786462783813477,0.00734686735158685,0.0017268487346200345,0.0036597677940434087,0.005426552246340227,0.0008833922261484162,0.00024365321310179655
again_dense_2hz_phase5_temporal_residual_binary_big_confirm_v1,future_arousal_max_delta_rows_4_10_train_q90,binary,blocked_temporal_70_30,1,20260629,short_temporal_conv_residual,shuffled_pca_residual,temporal_mean_2s_then_pca256,159923,69101,True,True,True,False,True,66fcdffc6292d655e222aecf43374860,50a6315cfcfb9dc8f2be7213dc4b9fc6,-2.0721445083618164,0.26044614141251415,0.7455994735841385,0.32171908303971464,0.24546963159641552,0.46668349318526,0.6404391851724884,0.07750525325536728,0.013645928353071213,0.11681578811561052,0.34305983134748297,0.2646841853594712,0.23470657575781267,0.4407514450867052,0.03849066128218072,3.8435595162716325,0.24171005189418793,0.16507133096456528,0.36313657407407407,0.15837960625946493,3.16672140397433,0.18661023676395416,0.10997151583433151,0.31268991462885254,0.27271580010095914,2.726802850929876,0.1578567922115326,0.08121807128190994,0.3710534337191475,0.6433367973884954,0.19765012179562663,2.015572873135094,995,2.0,10.0,3.1420680318555716e-05,0.0,patience_exhausted,False,True,outputs/again_dense_2hz_phase5_temporal_residual_binary_big_confirm_20260630_025437/checkpoints/future_arousal_max_delta_rows_4_10_train_q90__short_temporal_conv_residual__shuffled_pca_residual__seed20260629__best.npz,4b505ef5c8bdedfcc56611a763578227,true_train_and_true_inner_val_selection,0.002164568053558469,0.043846387416124344,0.002566159935668111,0.020287277176976204,0.16822101175785065,0.00016688240139245414,-5.504402090061866e-05,0.0,0.0,-0.00012619888944975788,-0.0011881629340531608
again_dense_2hz_phase5_temporal_residual_binary_big_confirm_v1,future_arousal_max_delta_rows_4_10_train_q90,binary,blocked_temporal_70_30,1,20260629,short_temporal_conv_residual,random_pca_residual,temporal_mean_2s_then_pca256,159923,69101,True,True,True,False,True,66fcdffc6292d655e222aecf43374860,50a6315cfcfb9dc8f2be7213dc4b9fc6,-2.072144389152527,0.26042238320103106,0.7455693178317246,0.321705089169204,0.2454533386433028,0.46668349318526,0.6404310121662933,0.07750263810157776,0.013645915314555168,0.11681573230757562,0.3430845696890685,0.2646811542625948,0.234704603036862,0.4407514450867052,0.03849066128218072,3.8435595162716325,0.24171006679534912,0.16507134586572647,0.36313657407407407,0.15837960625946493,3.16672140397433,0.18661025166511536,0.1099715307354927,0.3128346114889307,0.2728419989904089,2.7280646754791267,0.15787890553474426,0.08124018460512161,0.37087251175392916,0.6420924755620189,0.19920908558072406,2.009786697136152,995,2.0,10.0,3.508712958141813e-05,0.0,patience_exhausted,False,True,outputs/again_dense_2hz_phase5_temporal_residual_binary_big_confirm_20260630_025437/checkpoints/future_arousal_max_delta_rows_4_10_train_q90__short_temporal_conv_residual__random_pca_residual__seed20260629__best.npz,11d2b9830c4c0726490d74cb26d9f342,true_train_and_true_inner_val_selection,0.002173788147047162,0.033879492431879044,0.0024847551248967648,0.0160219669342041,0.12659020721912384,0.0001431241899093605,-8.519977331444828e-05,0.0,0.0,0.0,-0.0011901356550038378
again_dense_2hz_phase5_temporal_residual_binary_big_confirm_v1,future_arousal_max_delta_rows_4_10_train_q90,binary,blocked_temporal_70_30,1,20260629,short_temporal_conv_residual,label_permutation_residual,temporal_mean_2s_then_pca256,159923,69101,True,True,True,False,True,66fcdffc6292d655e222aecf43374860,50a6315cfcfb9dc8f2be7213dc4b9fc6,-2.006147623062134,0.25309194030750326,0.7398770026103371,0.3097629239380968,0.22984363547520156,0.4748864209994952,0.6343897753852438,0.07856500893831253,0.013675288297235966,0.11694138829873693,0.3309903771857482,0.2491223187888976,0.22259901180515415,0.430635838150289,0.03760726905603231,3.7553466749145783,0.23678754270076752,0.16014882177114487,0.3527199074074074,0.1538364462392731,3.0758831804340305,0.18253527581691742,0.10589655488729477,0.3021270438431486,0.2635032811711257,2.634689658834605,0.1537158340215683,0.07707711309194565,0.3706216950525864,0.6418889457463887,0.21469071776919763,1.9375324583555795,995,16.0,24.0,0.00010750292404862472,0.0,patience_exhausted,False,True,outputs/again_dense_2hz_phase5_temporal_residual_binary_big_confirm_20260630_025437/checkpoints/future_arousal_max_delta_rows_4_10_train_q90__short_temporal_conv_residual__label_permutation_residual__seed20260629__best.npz,0fc148cf56852f0b8512d7addb046756,permuted_train_and_permuted_inner_val_selection,0.002591632306575775,0.23597978055477142,3.921044117305428e-05,0.03357433155179024,0.9753977656364441,-0.007187318703618439,-0.0057775149947020266,-0.0008833922261484092,-0.004543160020191839,-0.009338717819283193,-0.013295726886711684
again_dense_2hz_phase5_temporal_residual_binary_big_confirm_v1,future_arousal_max_delta_rows_4_10_train_q90,binary,blocked_temporal_70_30,1,20260629,short_temporal_conv_residual,train_only_video_mean_residual,temporal_mean_2s_then_pca256,159923,69101,True,True,True,False,True,66fcdffc6292d655e222aecf43374860,50a6315cfcfb9dc8f2be7213dc4b9fc6,-2.054495692253113,0.25805256251282427,0.74279092273504,0.31516455151645517,0.23908361073037007,0.4622665320545179,0.6358523598043321,0.07955612987279892,0.013872017152607441,0.11777952773129735,0.30797583406674994,0.22302712459457072,0.2296659140306576,0.4407514450867052,0.03849066128218072,3.8435595162716325,0.24208717048168182,0.16544844955205917,0.36226851851851855,0.1580010095911156,3.1591515520126388,0.18564997613430023,0.10901125520467758,0.3125452177687744,0.2725896012115093,2.725541026380626,0.15787367522716522,0.08123495429754257,0.3724222588887202,0.6419979763933371,0.2109917355219784,1.9871053005185852,995,5.0,13.0,0.00043745099111131003,0.0,patience_exhausted,False,True,outputs/again_dense_2hz_phase5_temporal_residual_binary_big_confirm_20260630_025437/checkpoints/future_arousal_max_delta_rows_4_10_train_q90__short_temporal_conv_residual__train_only_video_mean_residual__seed20260629__best.npz,7a5c6b8fa78be4c6e14e28098deff67a,true_train_and_true_inner_val_selection,0.002345098415389657,0.25914934277534485,1.5714396113253315e-06,0.004408825654536486,0.9995456337928772,-0.0022266964982974313,-0.0028635948699990976,0.0,-0.00037859666834932915,-0.00025239777889957127,-0.006228824661208249
again_dense_2hz_phase5_temporal_residual_binary_big_confirm_v1,future_arousal_max_delta_rows_4_10_train_q90,binary,blocked_temporal_70_30,1,20260629,short_temporal_conv_residual,diagnostics_only_residual,temporal_mean_2s_then_pca256,159923,69101,True,True,True,False,True,66fcdffc6292d655e222aecf43374860,50a6315cfcfb9dc8f2be7213dc4b9fc6,-2.0721505880355835,0.2603668804942879,0.745566629939985,0.32177808707755207,0.24550341806597198,0.46680969207470974,0.6404941116110182,0.07748213410377502,0.013645750470459461,0.11681502673226361,0.3432906293762811,0.26513661417762685,0.2348712130778295,0.4407514450867052,0.03849066128218072,3.8435595162716325,0.24171005189418793,0.16507133096456528,0.36313657407407407,0.15837960625946493,3.16672140397433,0.18661025166511536,0.1099715307354927,0.3128346114889307,0.2728419989904089,2.7280646754791267,0.15787890553474426,0.08124018460512161,0.3718633206584288,0.6413207889702508,0.20781993054236902,1.9908514361796144,995,1.0,9.0,4.141335878080077e-05,0.0,patience_exhausted,False,True,outputs/again_dense_2hz_phase5_temporal_residual_binary_big_confirm_20260630_025437/checkpoints/future_arousal_max_delta_rows_4_10_train_q90__short_temporal_conv_residual__diagnostics_only_residual__seed20260629__best.npz,19f1a12ccef930de8756113431523758,true_train_and_true_inner_val_selection,0.0021427616011351347,0.020562341436743736,0.00606653792783618,0.0178813599050045,0.046585675328969955,8.762148316621143e-05,-8.788766505407608e-05,0.0,0.0,0.0,-0.001023525614036347
again_dense_2hz_phase5_temporal_residual_binary_big_confirm_v1,future_arousal_max_delta_rows_4_10_train_q90,binary,blocked_temporal_70_30,1,20260630,short_temporal_conv_residual,frozen_ar_only,temporal_mean_2s_then_pca256,159923,69101,True,True,True,False,True,12805517c4fda0f1fc7cf722217b359f,4e0b54fe6c5df80ae70a0233cce6134d,-1.8182084560394287,0.2609194250535771,0.7469830251158337,0.3164809131535024,0.2759883557141516,0.37089853609288237,0.6224353902819219,0.07717422395944595,0.013625974766910076,0.11673035066729678,0.3491163031381912,0.2746001758405893,0.233926040714553,0.434971098265896,0.037985865724381625,3.793152178353316,0.23707866668701172,0.16043994575738907,0.36574074074074076,0.15951539626451286,3.189430959859405,0.1873154491186142,0.11067672818899155,0.31355809578932137,0.27347299343765774,2.734373798225378,0.1587257832288742,0.08208706229925156,0.3738454595373341,0.6404933719965902,0.29630832644324984,1.9692289943883725,995,,,,,,,,,,,,,,,,,,,,,
again_dense_2hz_phase5_temporal_residual_binary_big_confirm_v1,future_arousal_max_delta_rows_4_10_train_q90,binary,blocked_temporal_70_30,1,20260630,short_temporal_conv_residual,real_residual,temporal_mean_2s_then_pca256,159923,69101,True,True,True,False,True,12805517c4fda0f1fc7cf722217b359f,4e0b54fe6c5df80ae70a0233cce6134d,-1.9246770739555359,0.26802930873313857,0.7476297064953418,0.31831751548366977,0.24602245333700667,0.4507824331145886,0.635921317739111,0.07799633592367172,0.013613259419798851,0.1166758733406305,0.33812953422944375,0.2601083919503748,0.2335576059096309,0.4956647398843931,0.04328621908127209,4.322429226495639,0.25271517038345337,0.17607644945383072,0.37037037037037035,0.16153457849570924,3.2298035036550936,0.18757377564907074,0.11093505471944809,0.315294458110259,0.274987380111055,2.7495156928163818,0.1604204773902893,0.08378175646066666,0.38451043534038876,0.6531651432012188,0.19700632444120675,2.206122416848581,995,12.0,20.0,0.01612249408288527,0.0,patience_exhausted,False,True,outputs/again_dense_2hz_phase5_temporal_residual_binary_big_confirm_20260630_025437/checkpoints/future_arousal_max_delta_rows_4_10_train_q90__short_temporal_conv_residual__real_residual__seed20260630__best.npz,82fb8da351bcb3c4f65a1994a55ee108,true_train_and_true_inner_val_selection,0.0026096301153302193,0.19199852645397186,1.0201343684457242e-05,0.009122460149228573,0.9881082773208618,0.007109883679561446,0.0006466813795080739,0.005300353356890462,0.002019182231196376,0.001514386673397261,-0.000368434804922102
again_dense_2hz_phase5_temporal_residual_binary_big_confirm_v1,future_arousal_max_delta_rows_4_10_train_q90,binary,blocked_temporal_70_30,1,20260630,short_temporal_conv_residual,shuffled_pca_residual,temporal_mean_2s_then_pca256,159923,69101,True,True,True,False,True,12805517c4fda0f1fc7cf722217b359f,4e0b54fe6c5df80ae70a0233cce6134d,-1.8991086006164555,0.26001502812804256,0.7457042085337952,0.3177551428000799,0.2628883013879709,0.4015648662291772,0.6278628718415611,0.07906366884708405,0.013715746812522411,0.11711424683838603,0.3234399815883754,0.24506481667376434,0.23078012234464207,0.4407514450867052,0.03849066128218072,3.8435595162716325,0.23846440017223358,0.16182567924261093,0.36429398148148145,0.15888440181726401,3.176814539923252,0.18664506077766418,0.11000633984804153,0.3137027926493995,0.2735991923271075,2.735635622774628,0.15852120518684387,0.08188248425722122,0.3690176828901664,0.641049855231283,0.19901073142068731,1.9763090802974537,995,8.0,16.0,0.0002079212161733568,0.0,patience_exhausted,False,True,outputs/again_dense_2hz_phase5_temporal_residual_binary_big_confirm_20260630_025437/checkpoints/future_arousal_max_delta_rows_4_10_train_q90__short_temporal_conv_residual__shuffled_pca_residual__seed20260630__best.npz,0f1177a6d60d3edb697ce28b5f2eeadf,true_train_and_true_inner_val_selection,0.002415646333247423,0.16361218690872192,0.0001287926424993202,0.017625248059630394,0.8482824563980103,-0.0009043969255345674,-0.0012788165820385444,0.000504795557799094,-0.0006309944472488449,0.00012619888944975788,-0.0031459183699109328
again_dense_2hz_phase5_temporal_residual_binary_big_confirm_v1,future_arousal_max_delta_rows_4_10_train_q90,binary,blocked_temporal_70_30,1,20260630,short_temporal_conv_residual,random_pca_residual,temporal_mean_2s_then_pca256,159923,69101,True,True,True,False,True,12805517c4fda0f1fc7cf722217b359f,4e0b54fe6c5df80ae70a0233cce6134d,-1.8763083219528198,0.25848341176762496,0.74395791745102,0.3163627279540345,0.26184765528078735,0.3995456839979808,0.6268287617073776,0.07899435609579086,0.013717148452997208,0.1171202307588113,0.3232234587546167,0.24761401638447997,0.22902856812613653,0.4421965317919075,0.03861686017163049,3.8561613507512114,0.2401667684316635,0.16352804750204086,0.3611111111111111,0.1574962140333165,3.149058416063716,0.1850704550743103,0.10843173414468765,0.3142815800897121,0.2741039878849066,2.7406829209716297,0.15898312628269196,0.0823444053530693,0.36695082323073974,0.6382320434292258,0.20001918626765358,1.9490928592090853,995,12.0,20.0,0.0004177371129850671,0.0,patience_exhausted,False,True,outputs/again_dense_2hz_phase5_temporal_residual_binary_big_confirm_20260630_025437/checkpoints/future_arousal_max_delta_rows_4_10_train_q90__short_temporal_conv_residual__random_pca_residual__seed20260630__best.npz,fc7386a424aae0d0fedc8dd7199288c5,true_train_and_true_inner_val_selection,0.0025858362205326557,0.15116190910339355,8.46332186483778e-05,0.014575570821762085,0.8172379732131958,-0.0024360132859521655,-0.0030251076648136754,0.0006309944472488657,-0.002019182231196348,0.0006309944472488449,-0.004897472588416468
again_dense_2hz_phase5_temporal_residual_binary_big_confirm_v1,future_arousal_max_delta_rows_4_10_train_q90,binary,blocked_temporal_70_30,1,20260630,short_temporal_conv_residual,label_permutation_residual,temporal_mean_2s_then_pca256,159923,69101,True,True,True,False,True,12805517c4fda0f1fc7cf722217b359f,4e0b54fe6c5df80ae70a0233cce6134d,-1.9092389345169067,0.26117940674866147,0.7470424310301212,0.31869397566227653,0.26417600664176005,0.4015648662291772,0.6283450792070744,0.07717521488666534,0.01362607441842556,0.11673077751144109,0.3490995096394647,0.2733245862997987,0.23294986464040016,0.434971098265896,0.037985865724381625,3.793152178353316,0.23707866668701172,0.16043994575738907,0.36574074074074076,0.15951539626451286,3.189430959859405,0.1873154491186142,0.11067672818899155,0.31355809578932137,0.27347299343765774,2.734373798225378,0.1587257832288742,0.08208706229925156,0.3724018827764195,0.6428392689484216,0.20306749723303802,2.036559418101775,995,1.0,9.0,7.214455054721514e-06,0.0,patience_exhausted,False,True,outputs/again_dense_2hz_phase5_temporal_residual_binary_big_confirm_20260630_025437/checkpoints/future_arousal_max_delta_rows_4_10_train_q90__short_temporal_conv_residual__label_permutation_residual__seed20260630__best.npz,9cac24abdbd6136fb9b0c6f0571ccce3,permuted_train_and_permuted_inner_val_selection,0.0021419208496809006,0.032867755740880966,0.007710546720772982,0.02754555642604828,0.07565709203481674,0.00025998169508434366,5.9405914287546935e-05,0.0,0.0,0.0,-0.0009761760741528458
again_dense_2hz_phase5_temporal_residual_binary_big_confirm_v1,future_arousal_max_delta_rows_4_10_train_q90,binary,blocked_temporal_70_30,1,20260630,short_temporal_conv_residual,train_only_video_mean_residual,temporal_mean_2s_then_pca256,159923,69101,True,True,True,False,True,12805517c4fda0f1fc7cf722217b359f,4e0b54fe6c5df80ae70a0233cce6134d,-1.908415174484253,0.26047876294276007,0.7461954852132248,0.3178623061967197,0.2627111660486197,0.4023220595658758,0.628037143355032,0.07907529175281525,0.013823282904922962,0.11757245810530187,0.3148483234477805,0.23372203253073776,0.23126638818410697,0.4407514450867052,0.03849066128218072,3.8435595162716325,0.23950208723545074,0.1628633663058281,0.36516203703703703,0.15926299848561332,3.1843843918849437,0.18697071075439453,0.11033198982477188,0.31341339892924325,0.273346794548208,2.733111973676128,0.15855999290943146,0.08192127197980881,0.3705922035939369,0.640299704151415,0.21466826485563156,1.9750491085350008,995,4.0,12.0,0.00040572504565411505,0.0,patience_exhausted,False,True,outputs/again_dense_2hz_phase5_temporal_residual_binary_big_confirm_20260630_025437/checkpoints/future_arousal_max_delta_rows_4_10_train_q90__short_temporal_conv_residual__train_only_video_mean_residual__seed20260630__best.npz,5fb6e84de1218ffbfebbab559c8353f5,true_train_and_true_inner_val_selection,0.0022818641737103462,0.22387035191059113,1.0322576599719469e-05,0.005015274044126272,0.9986100196838379,-0.0004406621108170583,-0.0007875399026089358,0.000504795557799094,-0.0002523977788995435,-0.00012619888944975788,-0.0026596525304460328
again_dense_2hz_phase5_temporal_residual_binary_big_confirm_v1,future_arousal_max_delta_rows_4_10_train_q90,binary,blocked_temporal_70_30,1,20260630,short_temporal_conv_residual,diagnostics_only_residual,temporal_mean_2s_then_pca256,159923,69101,True,True,True,False,True,12805517c4fda0f1fc7cf722217b359f,4e0b54fe6c5df80ae70a0233cce6134d,-1.9092316150665283,0.2610852295226012,0.7469069606675913,0.31869397566227653,0.26417600664176005,0.4015648662291772,0.6283450792070744,0.07717609405517578,0.013625827617943287,0.11672972037122031,0.3491087650031676,0.2733251075552667,0.23284484417211798,0.434971098265896,0.037985865724381625,3.793152178353316,0.23707866668701172,0.16043994575738907,0.36574074074074076,0.15951539626451286,3.189430959859405,0.1873154491186142,0.11067672818899155,0.31355809578932137,0.27347299343765774,2.734373798225378,0.1587257832288742,0.08208706229925156,0.3711052558921763,0.6420149738867712,0.2139319811362037,1.9885403567848414,995,1.0,9.0,8.058183932949103e-05,0.0,patience_exhausted,False,True,outputs/again_dense_2hz_phase5_temporal_residual_binary_big_confirm_20260630_025437/checkpoints/future_arousal_max_delta_rows_4_10_train_q90__short_temporal_conv_residual__diagnostics_only_residual__seed20260630__best.npz,509def0822e89bb7376b62b9b72304ed,true_train_and_true_inner_val_selection,0.0021439522970467806,0.03345053270459175,0.01092988159507513,0.017516745254397392,0.028696050867438316,0.00016580446902408896,-7.606444824237446e-05,0.0,0.0,0.0,-0.00108119654243502
again_dense_2hz_phase5_temporal_residual_binary_big_confirm_v1,future_arousal_max_delta_rows_4_10_train_q90,binary,blocked_temporal_70_30,1,20260631,short_temporal_conv_residual,frozen_ar_only,temporal_mean_2s_then_pca256,159923,69101,True,True,True,False,True,f13c18e25b919e1e418a44cab0797814,00865b1413466d560e463675ec54657d,-1.9339610576629638,0.2592937695681576,0.744878933972977,0.3180978070832709,0.26324927656056224,0.4018172640080767,0.6280789737991574,0.07766825705766678,0.013565228320658207,0.11646986013839893,0.3470173870038891,0.26981865255784154,0.2320105979951386,0.43641618497109824,0.038112064613831396,3.8057540128328946,0.23973405361175537,0.16309533268213272,0.3619791666666667,0.1578748107016658,3.156628268025408,0.18593434989452362,0.10929562896490097,0.3093618868470554,0.2698132256436143,2.6977808862971195,0.15674495697021484,0.0801062360405922,0.37907982039498483,0.6432359792049116,0.2930082492756208,1.9594876694054832,995,,,,,,,,,,,,,,,,,,,,,
again_dense_2hz_phase5_temporal_residual_binary_big_confirm_v1,future_arousal_max_delta_rows_4_10_train_q90,binary,blocked_temporal_70_30,1,20260631,short_temporal_conv_residual,real_residual,temporal_mean_2s_then_pca256,159923,69101,True,True,True,False,True,f13c18e25b919e1e418a44cab0797814,00865b1413466d560e463675ec54657d,-1.9462947249412537,0.2676803070186962,0.7463440061874896,0.3204562178072112,0.2520984081041968,0.4396769308430086,0.6353622733885508,0.07824564725160599,0.013632757589221,0.11675940043191811,0.33673181048403245,0.25937552666222097,0.23293550246722358,0.4797687861271676,0.041898031297324584,4.183809047220269,0.24712076783180237,0.17048204690217972,0.3689236111111111,0.16090358404846036,3.2171870837189407,0.18685585260391235,0.1102171316742897,0.3145709738098683,0.27435638566380616,2.74320657007013,0.15919123589992523,0.08255251497030258,0.38922272542659725,0.6540297435810014,0.19974062891549793,2.180394114800578,995,13.0,21.0,0.01712774393252889,0.0,patience_exhausted,False,True,outputs/again_dense_2hz_phase5_temporal_residual_binary_big_confirm_20260630_025437/checkpoints/future_arousal_max_delta_rows_4_10_train_q90__short_temporal_conv_residual__real_residual__seed20260631__best.npz,7cb869237fea75ecbafa85613558e920,true_train_and_true_inner_val_selection,0.0026537845842540264,0.13798239827156067,9.190850960294483e-07,0.002416940638795495,0.9596399068832397,0.008386537450538634,0.0014650722145126416,0.0037859666834931874,0.00302877334679455,0.004543160020191839,0.0009249044720849864
again_dense_2hz_phase5_temporal_residual_binary_big_confirm_v1,future_arousal_max_delta_rows_4_10_train_q90,binary,blocked_temporal_70_30,1,20260631,short_temporal_conv_residual,shuffled_pca_residual,temporal_mean_2s_then_pca256,159923,69101,True,True,True,False,True,f13c18e25b919e1e418a44cab0797814,00865b1413466d560e463675ec54657d,-1.9088955879211427,0.257051908952951,0.741869933030115,0.3162860727728984,0.2625614532122323,0.3976527006562342,0.6264952455011397,0.07877492159605026,0.01362909097224474,0.11674369778384074,0.33236715103124115,0.252380915743505,0.22742580378693636,0.4393063583815029,0.03836446239273095,3.830957681792053,0.24090053141117096,0.1642618104815483,0.35648148148148145,0.15547703180212014,3.1086858722680275,0.18364419043064117,0.10700546950101852,0.3100853711474461,0.2704442200908632,2.7040900090433713,0.15687140822410583,0.08023268729448318,0.3734793778680744,0.6413335727139856,0.19556026123310652,1.9518811448320577,995,10.0,18.0,0.00018398472767724994,0.0,patience_exhausted,False,True,outputs/again_dense_2hz_phase5_temporal_residual_binary_big_confirm_20260630_025437/checkpoints/future_arousal_max_delta_rows_4_10_train_q90__short_temporal_conv_residual__shuffled_pca_residual__seed20260631__best.npz,bec14d502ae2cc5ed559bee99ae5954d,true_train_and_true_inner_val_selection,0.002511212369427085,0.10898490250110626,3.4106618841178715e-05,0.0065461392514407635,0.6875894069671631,-0.0022418606152065923,-0.00300900094286205,0.00025239777889955045,-0.0023977788995456772,0.0006309944472489004,-0.004584794208202236
again_dense_2hz_phase5_temporal_residual_binary_big_confirm_v1,future_arousal_max_delta_rows_4_10_train_q90,binary,blocked_temporal_70_30,1,20260631,short_temporal_conv_residual,random_pca_residual,temporal_mean_2s_then_pca256,159923,69101,True,True,True,False,True,f13c18e25b919e1e418a44cab0797814,00865b1413466d560e463675ec54657d,-1.9338918924331667,0.25943820651025995,0.744799204874178,0.31811369767209513,0.26327104349264097,0.4018172640080767,0.6280871468053526,0.07767588645219803,0.013565421104431152,0.11647068774773828,0.3469390800728541,0.2684660396727898,0.23080255889074974,0.43641618497109824,0.038112064613831396,3.8057540128328946,0.23973405361175537,0.16309533268213272,0.3619791666666667,0.1578748107016658,3.156628268025408,0.18593436479568481,0.10929564386606216,0.3093618868470554,0.2698132256436143,2.6977808862971195,0.15674495697021484,0.0801062360405922,0.37448895153254724,0.6443244898949338,0.1972865836574824,1.9851586852204288,995,2.0,10.0,7.470519321944868e-05,0.0,patience_exhausted,False,True,outputs/again_dense_2hz_phase5_temporal_residual_binary_big_confirm_20260630_025437/checkpoints/future_arousal_max_delta_rows_4_10_train_q90__short_temporal_conv_residual__random_pca_residual__seed20260631__best.npz,abb4788faac9d9929880e5c21e175039,true_train_and_true_inner_val_selection,0.002166476333513856,0.027790796011686325,0.0036660314071923494,0.017358966171741486,0.08769358694553375,0.00014443694210236613,-7.972909879905288e-05,0.0,0.0,0.0,-0.0012080391043888528
again_dense_2hz_phase5_temporal_residual_binary_big_confirm_v1,future_arousal_max_delta_rows_4_10_train_q90,binary,blocked_temporal_70_30,1,20260631,short_temporal_conv_residual,label_permutation_residual,temporal_mean_2s_then_pca256,159923,69101,True,True,True,False,True,f13c18e25b919e1e418a44cab0797814,00865b1413466d560e463675ec54657d,-1.9339610576629638,0.2592937695681576,0.744878933972977,0.3180978070832709,0.26324927656056224,0.4018172640080767,0.6280789737991574,0.07766825705766678,0.013565228320658207,0.11646986013839893,0.3470173870038891,0.26981865255784154,0.2320105979951386,0.43641618497109824,0.038112064613831396,3.8057540128328946,0.23973405361175537,0.16309533268213272,0.3619791666666667,0.1578748107016658,3.156628268025408,0.18593434989452362,0.10929562896490097,0.3093618868470554,0.2698132256436143,2.6977808862971195,0.15674495697021484,0.0801062360405922,0.37907982039498483,0.6432359792049116,0.2930082492756208,1.9594876694054832,995,0.0,8.0,0.0,0.0,patience_exhausted,True,False,,,permuted_train_and_permuted_inner_val_selection,0.0,0.0,0.0,0.0,0.0,0.0,0.0,0.0,0.0,0.0,0.0
again_dense_2hz_phase5_temporal_residual_binary_big_confirm_v1,future_arousal_max_delta_rows_4_10_train_q90,binary,blocked_temporal_70_30,1,20260631,short_temporal_conv_residual,train_only_video_mean_residual,temporal_mean_2s_then_pca256,159923,69101,True,True,True,False,True,f13c18e25b919e1e418a44cab0797814,00865b1413466d560e463675ec54657d,-1.908831238746643,0.2378221393162266,0.7255747131297516,0.2933062291273414,0.23788961293868258,0.3823826350328117,0.6118559463801946,0.07938719540834427,0.013970308005809784,0.11819605748843649,0.3093835282405286,0.2248280810032713,0.20236887828108727,0.4190751445086705,0.03659767794043412,3.6545319990779452,0.22604240477085114,0.14940368384122849,0.3211805555555556,0.14008076728924784,2.800845225825902,0.16806957125663757,0.09143085032701492,0.27521342786861525,0.24003028773346793,2.399990292674051,0.14263813197612762,0.06599941104650497,0.3701289719037005,0.642052219108748,0.21093885696199244,1.9062434191521835,995,16.0,24.0,0.005374980104632332,0.0,patience_exhausted,False,True,outputs/again_dense_2hz_phase5_temporal_residual_binary_big_confirm_20260630_025437/checkpoints/future_arousal_max_delta_rows_4_10_train_q90__short_temporal_conv_residual__train_only_video_mean_residual__seed20260631__best.npz,bd10363681c9d0294f327caa6e42c99d,true_train_and_true_inner_val_selection,0.0027259935159236193,0.3301525413990021,4.844649481583474e-08,0.018348274752497673,0.9999054074287415,-0.021471630251930995,-0.01930422084322536,-0.001514386673397275,-0.01779404341241797,-0.029782937910146384,-0.02964171971405133
again_dense_2hz_phase5_temporal_residual_binary_big_confirm_v1,future_arousal_max_delta_rows_4_10_train_q90,binary,blocked_temporal_70_30,1,20260631,short_temporal_conv_residual,diagnostics_only_residual,temporal_mean_2s_then_pca256,159923,69101,True,True,True,False,True,f13c18e25b919e1e418a44cab0797814,00865b1413466d560e463675ec54657d,-1.9758129119873047,0.25348090321612415,0.738018948452689,0.307850004270949,0.23266623628147193,0.4548207975769813,0.6302660471530721,0.0786680281162262,0.013585416600108147,0.11655649531496795,0.3369022962031419,0.2562142673559787,0.22310681435981097,0.430635838150289,0.03760726905603231,3.7553466749145783,0.23489637672901154,0.15825765579938889,0.35127314814814814,0.15320545179202422,3.0632667604978776,0.18069398403167725,0.1040552631020546,0.3069020402257271,0.2676678445229682,2.6763298689598645,0.15595018863677979,0.07931146770715714,0.37008590598940433,0.6443893212718523,0.17631450015105973,1.9384505590667822,995,40.0,40.0,0.0019003352633240878,0.0,max_epochs_reached,False,True,outputs/again_dense_2hz_phase5_temporal_residual_binary_big_confirm_20260630_025437/checkpoints/future_arousal_max_delta_rows_4_10_train_q90__short_temporal_conv_residual__diagnostics_only_residual__seed20260631__best.npz,6c805503fe7cfeb0cfa525e2ac8402be,true_train_and_true_inner_val_selection,0.002480245428159833,0.14379650354385376,0.00026025614351965487,0.00877534132450819,0.9991759061813354,-0.00581286635203343,-0.006859985520287992,-0.000504795557799087,-0.004669358909641597,-0.002145381120646106,-0.008903783635327622
again_dense_2hz_phase5_temporal_residual_binary_big_confirm_v1,future_arousal_max_delta_rows_4_10_train_q90,binary,blocked_temporal_70_30,1,20260632,short_temporal_conv_residual,frozen_ar_only,temporal_mean_2s_then_pca256,159923,69101,True,True,True,False,True,024d41f1ae404ee6d37a4fb3f890c609,4158127e202acb3187fa71ae72ffdc88,-1.9151610612869265,0.2579526541089701,0.7463022881686135,0.30409290146297036,0.27698848905942136,0.33707723372034326,0.6115564176676647,0.07880856841802597,0.013566885143518448,0.11647697258908496,0.3375892702390327,0.26129709483862873,0.23198127445958208,0.4421965317919075,0.03861686017163049,3.8561613507512114,0.24128489196300507,0.16464617103338242,0.3587962962962963,0.15648662291771834,3.1288721441658716,0.18356993794441223,0.10693121701478958,0.30603385906525826,0.26691065118626955,2.6687589216643626,0.15523883700370789,0.07860011607408524,0.371786099202435,0.6396981310143723,0.29422639247399635,1.9152984238080222,995,,,,,,,,,,,,,,,,,,,,,
again_dense_2hz_phase5_temporal_residual_binary_big_confirm_v1,future_arousal_max_delta_rows_4_10_train_q90,binary,blocked_temporal_70_30,1,20260632,short_temporal_conv_residual,real_residual,temporal_mean_2s_then_pca256,159923,69101,True,True,True,False,True,024d41f1ae404ee6d37a4fb3f890c609,4158127e202acb3187fa71ae72ffdc88,-1.7300887107849123,0.265907408508852,0.7484654479500099,0.30265596046942556,0.29639487055407693,0.30918727915194344,0.607059435545045,0.07913098484277725,0.01351577416062355,0.11625736174807835,0.33888157677371333,0.25540045740250145,0.23251345806322868,0.47109826589595377,0.041140837960625946,4.108198040342794,0.24847273528575897,0.17183401435613632,0.37471064814814814,0.16342756183745583,3.2676527634635515,0.18935120105743408,0.11271248012781143,0.3128346114889307,0.2728419989904089,2.7280646754791267,0.15829424560070038,0.08165552467107773,0.3828386546363405,0.6532120843205682,0.20174313814655634,2.18736173322993,995,11.0,19.0,0.015491712354590625,0.0,patience_exhausted,False,True,outputs/again_dense_2hz_phase5_temporal_residual_binary_big_confirm_20260630_025437/checkpoints/future_arousal_max_delta_rows_4_10_train_q90__short_temporal_conv_residual__real_residual__seed20260632__best.npz,c3349a4660219942baf571526bb251d6,true_train_and_true_inner_val_selection,0.002563158283010125,0.17132307589054108,9.623615369491745e-06,0.0069853742606937885,0.9797765612602234,0.007954754399881858,0.002163159781396362,0.002523977788995456,0.006940938919737488,0.005931347804139342,0.0005321836036465966
again_dense_2hz_phase5_temporal_residual_binary_big_confirm_v1,future_arousal_max_delta_rows_4_10_train_q90,binary,blocked_temporal_70_30,1,20260632,short_temporal_conv_residual,shuffled_pca_residual,temporal_mean_2s_then_pca256,159923,69101,True,True,True,False,True,024d41f1ae404ee6d37a4fb3f890c609,4158127e202acb3187fa71ae72ffdc88,-1.9151610612869265,0.2579526541089701,0.7463022881686135,0.30409290146297036,0.27698848905942136,0.33707723372034326,0.6115564176676647,0.07880856841802597,0.013566885143518448,0.11647697258908496,0.3375892702390327,0.26129709483862873,0.23198127445958208,0.4421965317919075,0.03861686017163049,3.8561613507512114,0.24128489196300507,0.16464617103338242,0.3587962962962963,0.15648662291771834,3.1288721441658716,0.18356993794441223,0.10693121701478958,0.30603385906525826,0.26691065118626955,2.6687589216643626,0.15523883700370789,0.07860011607408524,0.371786099202435,0.6396981310143723,0.29422639247399635,1.9152984238080222,995,0.0,8.0,0.0,0.0,patience_exhausted,True,False,,,true_train_and_true_inner_val_selection,0.0,0.0,0.0,0.0,0.0,0.0,0.0,0.0,0.0,0.0,0.0
again_dense_2hz_phase5_temporal_residual_binary_big_confirm_v1,future_arousal_max_delta_rows_4_10_train_q90,binary,blocked_temporal_70_30,1,20260632,short_temporal_conv_residual,random_pca_residual,temporal_mean_2s_then_pca256,159923,69101,True,True,True,False,True,024d41f1ae404ee6d37a4fb3f890c609,4158127e202acb3187fa71ae72ffdc88,-1.9151610612869265,0.2579526541089701,0.7463022881686135,0.30409290146297036,0.27698848905942136,0.33707723372034326,0.6115564176676647,0.07880856841802597,0.013566885143518448,0.11647697258908496,0.3375892702390327,0.26129709483862873,0.23198127445958208,0.4421965317919075,0.03861686017163049,3.8561613507512114,0.24128489196300507,0.16464617103338242,0.3587962962962963,0.15648662291771834,3.1288721441658716,0.18356993794441223,0.10693121701478958,0.30603385906525826,0.26691065118626955,2.6687589216643626,0.15523883700370789,0.07860011607408524,0.371786099202435,0.6396981310143723,0.29422639247399635,1.9152984238080222,995,0.0,8.0,0.0,0.0,patience_exhausted,True,False,,,true_train_and_true_inner_val_selection,0.0,0.0,0.0,0.0,0.0,0.0,0.0,0.0,0.0,0.0,0.0
again_dense_2hz_phase5_temporal_residual_binary_big_confirm_v1,future_arousal_max_delta_rows_4_10_train_q90,binary,blocked_temporal_70_30,1,20260632,short_temporal_conv_residual,label_permutation_residual,temporal_mean_2s_then_pca256,159923,69101,True,True,True,False,True,024d41f1ae404ee6d37a4fb3f890c609,4158127e202acb3187fa71ae72ffdc88,-1.9679742574691772,0.25250303769237104,0.7403933398061121,0.30509659062546796,0.2523742670740771,0.3856638061585058,0.6188416779946623,0.0792674720287323,0.01358586736023426,0.11655842895404116,0.3328559701403494,0.2536075230440083,0.22356284049094702,0.4277456647398844,0.03735487127713276,3.73014300595542,0.23251020908355713,0.15587148815393448,0.3605324074074074,0.15724381625441697,3.144011848089255,0.18330124020576477,0.10666251927614212,0.30386340616408625,0.26501766784452296,2.6498315534256087,0.153995081782341,0.07735636085271835,0.3656519188485524,0.6390905151930588,0.2030625607618715,1.8905832224802404,995,14.0,22.0,0.00023832366464623944,0.0,patience_exhausted,False,True,outputs/again_dense_2hz_phase5_temporal_residual_binary_big_confirm_20260630_025437/checkpoints/future_arousal_max_delta_rows_4_10_train_q90__short_temporal_conv_residual__label_permutation_residual__seed20260632__best.npz,644f94dea2079190338ed3446a905aae,permuted_train_and_permuted_inner_val_selection,0.0025334155652672052,0.2128867506980896,4.8070862249005586e-05,0.027448264881968498,0.954846978187561,-0.005449616416599079,-0.005908948362501443,-0.0012619888944977314,0.0007571933366986305,-0.0018929833417465902,-0.008418433968635064
again_dense_2hz_phase5_temporal_residual_binary_big_confirm_v1,future_arousal_max_delta_rows_4_10_train_q90,binary,blocked_temporal_70_30,1,20260632,short_temporal_conv_residual,train_only_video_mean_residual,temporal_mean_2s_then_pca256,159923,69101,True,True,True,False,True,024d41f1ae404ee6d37a4fb3f890c609,4158127e202acb3187fa71ae72ffdc88,-1.9151610612869265,0.2579526541089701,0.7463022881686135,0.30409290146297036,0.27698848905942136,0.33707723372034326,0.6115564176676647,0.07880856841802597,0.013566885143518448,0.11647697258908496,0.3375892702390327,0.26129709483862873,0.23198127445958208,0.4421965317919075,0.03861686017163049,3.8561613507512114,0.24128489196300507,0.16464617103338242,0.3587962962962963,0.15648662291771834,3.1288721441658716,0.18356993794441223,0.10693121701478958,0.30603385906525826,0.26691065118626955,2.6687589216643626,0.15523883700370789,0.07860011607408524,0.371786099202435,0.6396981310143723,0.29422639247399635,1.9152984238080222,995,0.0,8.0,0.0,0.0,patience_exhausted,True,False,,,true_train_and_true_inner_val_selection,0.0,0.0,0.0,0.0,0.0,0.0,0.0,0.0,0.0,0.0,0.0
again_dense_2hz_phase5_temporal_residual_binary_big_confirm_v1,future_arousal_max_delta_rows_4_10_train_q90,binary,blocked_temporal_70_30,1,20260632,short_temporal_conv_residual,diagnostics_only_residual,temporal_mean_2s_then_pca256,159923,69101,True,True,True,False,True,024d41f1ae404ee6d37a4fb3f890c609,4158127e202acb3187fa71ae72ffdc88,-1.9151610612869265,0.2579526541089701,0.7463022881686135,0.30409290146297036,0.27698848905942136,0.33707723372034326,0.6115564176676647,0.07880856841802597,0.013566885143518448,0.11647697258908496,0.3375892702390327,0.26129709483862873,0.23198127445958208,0.4421965317919075,0.03861686017163049,3.8561613507512114,0.24128489196300507,0.16464617103338242,0.3587962962962963,0.15648662291771834,3.1288721441658716,0.18356993794441223,0.10693121701478958,0.30603385906525826,0.26691065118626955,2.6687589216643626,0.15523883700370789,0.07860011607408524,0.371786099202435,0.6396981310143723,0.29422639247399635,1.9152984238080222,995,0.0,8.0,0.0,0.0,patience_exhausted,True,False,,,true_train_and_true_inner_val_selection,0.0,0.0,0.0,0.0,0.0,0.0,0.0,0.0,0.0,0.0,0.0
again_dense_2hz_phase5_temporal_residual_binary_big_confirm_v1,future_arousal_max_delta_rows_4_10_train_q90,binary,blocked_temporal_70_30,1,20260633,short_temporal_conv_residual,frozen_ar_only,temporal_mean_2s_then_pca256,159923,69101,True,True,True,False,True,2f26f6850b289cd0c634964a393904e9,2d9fc8dd9cf5c2c7a00ee802c3941f05,-1.992456316947937,0.2587597640235997,0.74587823663113,0.32188486762205487,0.2616696943369402,0.4180969207470974,0.6326471984613922,0.07751931250095367,0.013592925854027271,0.11658870380112848,0.3462304709676744,0.2725174712672927,0.23265659828066634,0.434971098265896,0.037985865724381625,3.793152178353316,0.2360408753156662,0.15940215438604355,0.3570601851851852,0.15572942958101968,3.1137324402424884,0.18402625620365143,0.10738753527402878,0.31023006800752423,0.270570418980313,2.7053518335926214,0.15679508447647095,0.0801563635468483,0.3795822267439786,0.6431288685093431,0.29135140184818303,1.9939999654063736,995,,,,,,,,,,,,,,,,,,,,,
again_dense_2hz_phase5_temporal_residual_binary_big_confirm_v1,future_arousal_max_delta_rows_4_10_train_q90,binary,blocked_temporal_70_30,1,20260633,short_temporal_conv_residual,real_residual,temporal_mean_2s_then_pca256,159923,69101,True,True,True,False,True,2f26f6850b289cd0c634964a393904e9,2d9fc8dd9cf5c2c7a00ee802c3941f05,-2.0793961524963382,0.2580455144477861,0.7307370536631995,0.3147467019763621,0.25739953477179756,0.40497223624432105,0.6268204267675664,0.07862644642591476,0.013960989192128181,0.11815662991185971,0.31688393605485954,0.2493417221576743,0.220811322359445,0.45375722543352603,0.03962645128722867,3.9569760265878444,0.24360127747058868,0.16696255654096603,0.36255787037037035,0.15812720848056538,3.161674835999869,0.18524935841560364,0.10861063748598099,0.3076255245261178,0.26829883897021706,2.682638991706116,0.15649262070655823,0.07985389977693558,0.37059429439717306,0.6430400660659574,0.17165601545152054,1.9095704075681792,995,18.0,26.0,0.008000450512747836,0.0,patience_exhausted,False,True,outputs/again_dense_2hz_phase5_temporal_residual_binary_big_confirm_20260630_025437/checkpoints/future_arousal_max_delta_rows_4_10_train_q90__short_temporal_conv_residual__real_residual__seed20260633__best.npz,2ff271e9a21545591f929079039b6863,true_train_and_true_inner_val_selection,0.0026902800891548395,0.190358504652977,2.622446118039079e-07,0.0032353110145777464,0.9930642247200012,-0.0007142495758135636,-0.015141182967930433,0.0016405855628470467,0.002397778899545705,-0.0022715800100959194,-0.011845275921221338
again_dense_2hz_phase5_temporal_residual_binary_big_confirm_v1,future_arousal_max_delta_rows_4_10_train_q90,binary,blocked_temporal_70_30,1,20260633,short_temporal_conv_residual,shuffled_pca_residual,temporal_mean_2s_then_pca256,159923,69101,True,True,True,False,True,2f26f6850b289cd0c634964a393904e9,2d9fc8dd9cf5c2c7a00ee802c3941f05,-1.9929943084716797,0.25890135403713044,0.7457383517725732,0.3203338466888569,0.2641540352314625,0.40686521958606764,0.6300308411544931,0.07738729566335678,0.013613416813313961,0.11667654782909015,0.3458179891709951,0.27068488072034724,0.23144167484011002,0.434971098265896,0.037985865724381625,3.793152178353316,0.2360408753156662,0.15940215438604355,0.3576388888888889,0.15598182735991922,3.1187790082169498,0.18425299227237701,0.10761427134275436,0.31023006800752423,0.270570418980313,2.7053518335926214,0.15681469440460205,0.0801759734749794,0.3751224155427039,0.64379802491747,0.197403775367107,2.0095109730542915,995,7.0,15.0,0.00011456265960066436,0.0,patience_exhausted,False,True,outputs/again_dense_2hz_phase5_temporal_residual_binary_big_confirm_20260630_025437/checkpoints/future_arousal_max_delta_rows_4_10_train_q90__short_temporal_conv_residual__shuffled_pca_residual__seed20260633__best.npz,4ea1863e1224949be775a492835c0e9e,true_train_and_true_inner_val_selection,0.0022601590026170015,0.04632626473903656,0.000253975682426244,0.0077875591814517975,0.2409849762916565,0.00014159001353075684,-0.00013988485855676025,0.0,0.0002523977788995435,0.0,-0.0012149234405563203
again_dense_2hz_phase5_temporal_residual_binary_big_confirm_v1,future_arousal_max_delta_rows_4_10_train_q90,binary,blocked_temporal_70_30,1,20260633,short_temporal_conv_residual,random_pca_residual,temporal_mean_2s_then_pca256,159923,69101,True,True,True,False,True,2f26f6850b289cd0c634964a393904e9,2d9fc8dd9cf5c2c7a00ee802c3941f05,-1.9933173894882201,0.2588629897967894,0.7456149810485685,0.3176305502656109,0.2634247714048213,0.3999242806663301,0.6275411324380411,0.07723618298768997,0.013646555133163929,0.11681847085612758,0.3450099941548715,0.269667112438123,0.23141918240576032,0.43641618497109824,0.038112064613831396,3.8057540128328946,0.23660242557525635,0.1599637046456337,0.35734953703703703,0.15585562847046946,3.116255724229719,0.18421052396297455,0.1075718030333519,0.3105194617276805,0.2708228167592125,2.707875482691122,0.1568707972764969,0.08023207634687424,0.3760605237582641,0.6441259299049329,0.19535036406887304,2.0439346784338794,995,8.0,16.0,0.00010654538564458527,0.0,patience_exhausted,False,True,outputs/again_dense_2hz_phase5_temporal_residual_binary_big_confirm_20260630_025437/checkpoints/future_arousal_max_delta_rows_4_10_train_q90__short_temporal_conv_residual__random_pca_residual__seed20260633__best.npz,e5b37e1704afbf59dc0aee07aa653942,true_train_and_true_inner_val_selection,0.0023031681776046753,0.08624036610126495,0.000958690419793129,0.020587777718901634,0.4119216799736023,0.00010322577318971904,-0.0002632555825614613,0.00012619888944977176,0.00012619888944978563,0.00025239777889951576,-0.0012374158749060282
again_dense_2hz_phase5_temporal_residual_binary_big_confirm_v1,future_arousal_max_delta_rows_4_10_train_q90,binary,blocked_temporal_70_30,1,20260633,short_temporal_conv_residual,label_permutation_residual,temporal_mean_2s_then_pca256,159923,69101,True,True,True,False,True,2f26f6850b289cd0c634964a393904e9,2d9fc8dd9cf5c2c7a00ee802c3941f05,-1.9925881385803224,0.2589067374246279,0.7457915846123937,0.31963379440740375,0.2638409725644817,0.4053508329126704,0.6294289349355022,0.07748697698116302,0.013594952411949635,0.1165973945332812,0.3463304330223937,0.27175914139687524,0.23149372740728744,0.434971098265896,0.037985865724381625,3.793152178353316,0.2360409051179886,0.15940218418836594,0.35734953703703703,0.15585562847046946,3.116255724229719,0.18411396443843842,0.10747524350881577,0.31023006800752423,0.270570418980313,2.7053518335926214,0.15679509937763214,0.08015637844800949,0.37430160488414516,0.6419901972910284,0.18782562280540516,1.9953170075148945,995,5.0,13.0,1.3539550819979818e-05,0.0,patience_exhausted,False,True,outputs/again_dense_2hz_phase5_temporal_residual_binary_big_confirm_20260630_025437/checkpoints/future_arousal_max_delta_rows_4_10_train_q90__short_temporal_conv_residual__label_permutation_residual__seed20260633__best.npz,61dfec27b479c33efc4ea3365b9b7bff,permuted_train_and_permuted_inner_val_selection,0.002146622398868203,0.06252546608448029,0.00214186473749578,0.026131613180041313,0.24892939627170563,0.00014697340102820533,-8.665201873625517e-05,0.0,0.00012619888944978563,0.0,-0.0011628708733789073
again_dense_2hz_phase5_temporal_residual_binary_big_confirm_v1,future_arousal_max_delta_rows_4_10_train_q90,binary,blocked_temporal_70_30,1,20260633,short_temporal_conv_residual,train_only_video_mean_residual,temporal_mean_2s_then_pca256,159923,69101,True,True,True,False,True,2f26f6850b289cd0c634964a393904e9,2d9fc8dd9cf5c2c7a00ee802c3941f05,-2.024564838409424,0.2572820717381855,0.7413202075981531,0.3144402163028239,0.2606241699867198,0.3962645128722867,0.6253271172498478,0.07762928307056427,0.013836563564836979,0.11762892316448782,0.33193764348528376,0.25334399478840186,0.22241243542461692,0.44508670520231214,0.038869257950530034,3.8813650197103695,0.24295617640018463,0.16631745547056198,0.359375,0.15673902069661788,3.133918712140333,0.18483670055866241,0.10819797962903976,0.3074808276660396,0.2681726400807673,2.6813771671568656,0.15621022880077362,0.07957150787115097,0.3755404421079394,0.6429366389856759,0.20645109726229896,1.997214645420884,995,6.0,14.0,0.0047341833815486845,0.0,patience_exhausted,False,True,outputs/again_dense_2hz_phase5_temporal_residual_binary_big_confirm_20260630_025437/checkpoints/future_arousal_max_delta_rows_4_10_train_q90__short_temporal_conv_residual__train_only_video_mean_residual__seed20260633__best.npz,8de1992af33bb705bd800493724c5881,true_train_and_true_inner_val_selection,0.0023780344054102898,0.2335052490234375,9.689625585451722e-06,0.008406679145991802,0.9988937377929688,-0.0014776922854141672,-0.0045580290329768625,0.0008833922261484092,0.0010095911155982018,-0.0023977788995456772,-0.010244162856049427
again_dense_2hz_phase5_temporal_residual_binary_big_confirm_v1,future_arousal_max_delta_rows_4_10_train_q90,binary,blocked_temporal_70_30,1,20260633,short_temporal_conv_residual,diagnostics_only_residual,temporal_mean_2s_then_pca256,159923,69101,True,True,True,False,True,2f26f6850b289cd0c634964a393904e9,2d9fc8dd9cf5c2c7a00ee802c3941f05,-1.9997552037239075,0.2518539626898967,0.7386646932989279,0.3066757031514741,0.23080846722774803,0.4568399798081777,0.6298208431659356,0.07846628129482269,0.01360540185123682,0.11664219584368608,0.3365831686536656,0.2585063534247637,0.21983389916331855,0.4291907514450867,0.03748107016658253,3.7427448404349994,0.23514075577259064,0.158502034842968,0.35445601851851855,0.15459363957597172,3.091022884357414,0.18177121877670288,0.10513249784708023,0.3041527998842425,0.26527006562342254,2.652355202524109,0.1542978584766388,0.07765913754701614,0.3696135044089072,0.6423237277755877,0.19116782538743735,1.979417303421812,995,39.0,40.0,0.0024012726450710342,0.0,max_epochs_reached,False,True,outputs/again_dense_2hz_phase5_temporal_residual_binary_big_confirm_20260630_025437/checkpoints/future_arousal_max_delta_rows_4_10_train_q90__short_temporal_conv_residual__diagnostics_only_residual__seed20260633__best.npz,bac1998310ae5c631f3444f67e6c7d4c,true_train_and_true_inner_val_selection,0.0025635394267737865,0.3248879909515381,1.9736312424356584e-06,0.010648145340383053,0.9784507155418396,-0.006905801333702999,-0.007213543332202033,-0.000504795557799094,-0.0011357900050479597,-0.0053003533568904415,-0.012822699117347791
again_dense_2hz_phase5_temporal_residual_binary_big_confirm_v1,future_arousal_max_delta_rows_4_10_train_q90,binary,blocked_temporal_70_30,1,20260634,short_temporal_conv_residual,frozen_ar_only,temporal_mean_2s_then_pca256,159923,69101,True,True,True,False,True,7bf955ef4fa1bd87ea1e132881c9a219,9aa6d38fa842f5c831191f64e5c38368,-2.0391702175140383,0.24554777356533203,0.7404887826542024,0.28185534032344056,0.2656023222060958,0.3002271580010096,0.5963515442488825,0.07925917953252792,0.013644811697304249,0.11681100845940955,0.32930363031756266,0.2528063151157117,0.2025477798406117,0.3901734104046243,0.034073700151438666,3.4024953094863633,0.21987125277519226,0.1432325318455696,0.3359375,0.14651691065118627,2.929532709174659,0.17154859006404877,0.09490986913442612,0.2841846331934597,0.24785461887935387,2.478223414727569,0.1471351534128189,0.07049643248319626,0.359022542802194,0.6296131026171683,0.307660241131987,1.7261187324929932,995,,,,,,,,,,,,,,,,,,,,,
again_dense_2hz_phase5_temporal_residual_binary_big_confirm_v1,future_arousal_max_delta_rows_4_10_train_q90,binary,blocked_temporal_70_30,1,20260634,short_temporal_conv_residual,real_residual,temporal_mean_2s_then_pca256,159923,69101,True,True,True,False,True,7bf955ef4fa1bd87ea1e132881c9a219,9aa6d38fa842f5c831191f64e5c38368,-1.9197973966598512,0.25318066786053295,0.7428999896667787,0.278592756069064,0.2868217054263566,0.2708228167592125,0.5918002473223462,0.07958648353815079,0.013678749091923237,0.11695618449626012,0.3234351602062234,0.2425983473998908,0.20539527999397128,0.4263005780346821,0.03722867238768299,3.7175411714758413,0.23455214500427246,0.1579134240746498,0.35445601851851855,0.15459363957597172,3.091022884357414,0.17871278524398804,0.10207406431436539,0.29387932281869483,0.2563099444724886,2.5627656595273387,0.15121260285377502,0.07457388192415237,0.37574368195259905,0.6470215038573055,0.21431038837791896,1.9946241195898184,995,10.0,18.0,0.012762033650791288,0.0,patience_exhausted,False,True,outputs/again_dense_2hz_phase5_temporal_residual_binary_big_confirm_20260630_025437/checkpoints/future_arousal_max_delta_rows_4_10_train_q90__short_temporal_conv_residual__real_residual__seed20260634__best.npz,a4c9e256c2d0635c72698d13f9694e2e,true_train_and_true_inner_val_selection,0.002557168947532773,0.159037247300148,6.587800271518063e-06,0.005575172603130341,0.9791379570960999,0.0076328942952009204,0.002411207012576355,0.0031549722362443217,0.008076728924785448,0.00845532559313475,0.002847500153359578
again_dense_2hz_phase5_temporal_residual_binary_big_confirm_v1,future_arousal_max_delta_rows_4_10_train_q90,binary,blocked_temporal_70_30,1,20260634,short_temporal_conv_residual,shuffled_pca_residual,temporal_mean_2s_then_pca256,159923,69101,True,True,True,False,True,7bf955ef4fa1bd87ea1e132881c9a219,9aa6d38fa842f5c831191f64e5c38368,-2.025882506370545,0.24374871381194732,0.7383536033513598,0.2773791318668392,0.25974884335756776,0.2975769813225644,0.5938658890299502,0.08019796013832092,0.013691640459001064,0.11701128346873674,0.31953849474250084,0.23627164002390835,0.19900067445774114,0.39739884393063585,0.03470469459868753,3.465504481884259,0.22192122042179108,0.14528249949216843,0.3342013888888889,0.14575971731448764,2.914393005251276,0.17112700641155243,0.09448828548192978,0.2825929677326002,0.24646643109540636,2.464343344685816,0.1465751677751541,0.06993644684553146,0.35197857425309087,0.6278493614501276,0.21137022026769725,1.7477400182064131,995,7.0,15.0,4.549342896886799e-05,0.0,patience_exhausted,False,True,outputs/again_dense_2hz_phase5_temporal_residual_binary_big_confirm_20260630_025437/checkpoints/future_arousal_max_delta_rows_4_10_train_q90__short_temporal_conv_residual__shuffled_pca_residual__seed20260634__best.npz,f821488635271139b7e36fa140fa60df,true_train_and_true_inner_val_selection,0.002397940494120121,0.1737307608127594,8.478702511638403e-05,0.016325779259204865,0.8826329112052917,-0.0017990597533847075,-0.0021351793028425714,0.0006309944472488657,-0.0007571933366986305,-0.0013881877839475032,-0.0035471053828705634
again_dense_2hz_phase5_temporal_residual_binary_big_confirm_v1,future_arousal_max_delta_rows_4_10_train_q90,binary,blocked_temporal_70_30,1,20260634,short_temporal_conv_residual,random_pca_residual,temporal_mean_2s_then_pca256,159923,69101,True,True,True,False,True,7bf955ef4fa1bd87ea1e132881c9a219,9aa6d38fa842f5c831191f64e5c38368,-2.0270495414733887,0.24392306211057832,0.7385341634588202,0.2772020725388601,0.25982339955849887,0.2970721857647653,0.5937279133377825,0.08026257902383804,0.013701154850423336,0.11705193227975066,0.31834706707020716,0.2342821398499595,0.19899335229704873,0.3959537572254335,0.03457849570923776,3.4529026474046796,0.22176407277584076,0.1451253518462181,0.3336226851851852,0.1455073195355881,2.9093464372768145,0.17124003171920776,0.09460131078958511,0.2837505426132253,0.24747602221100454,2.4744379410798185,0.14685748517513275,0.0702187642455101,0.35136542479769917,0.6270397658580795,0.2126795422308031,1.743267614132945,995,7.0,15.0,1.5582888798965078e-05,0.0,patience_exhausted,False,True,outputs/again_dense_2hz_phase5_temporal_residual_binary_big_confirm_20260630_025437/checkpoints/future_arousal_max_delta_rows_4_10_train_q90__short_temporal_conv_residual__random_pca_residual__seed20260634__best.npz,b8b4f1247f8cf02c99311eb687d8d854,true_train_and_true_inner_val_selection,0.0023915949277579784,0.1514517068862915,0.00011266999354120344,0.014224091544747353,0.8105241060256958,-0.0016247114547537078,-0.001954619195382201,0.000504795557799094,-0.001009591115598174,-0.00037859666834932915,-0.0035544275435629713
again_dense_2hz_phase5_temporal_residual_binary_big_confirm_v1,future_arousal_max_delta_rows_4_10_train_q90,binary,blocked_temporal_70_30,1,20260634,short_temporal_conv_residual,label_permutation_residual,temporal_mean_2s_then_pca256,159923,69101,True,True,True,False,True,7bf955ef4fa1bd87ea1e132881c9a219,9aa6d38fa842f5c831191f64e5c38368,-2.067303466796875,0.24521518748821328,0.7383799201425094,0.2808199623137098,0.2564396704557305,0.3103230691569914,0.5968880004071568,0.07912959903478622,0.013680650852620602,0.11696431444086099,0.32709994284990496,0.24913259254411094,0.20062628321046122,0.3959537572254335,0.03457849570923776,3.4529026474046796,0.22035111486911774,0.1437123939394951,0.3376736111111111,0.1472741039878849,2.944672413098042,0.17187295854091644,0.09523423761129379,0.28317175517291276,0.24697122665320545,2.4693906428828174,0.14693376421928406,0.07029504328966141,0.3515983997510352,0.6247833135560256,0.19096460668541412,1.7537310429476596,995,24.0,32.0,0.0004264002485002971,0.0,patience_exhausted,False,True,outputs/again_dense_2hz_phase5_temporal_residual_binary_big_confirm_20260630_025437/checkpoints/future_arousal_max_delta_rows_4_10_train_q90__short_temporal_conv_residual__label_permutation_residual__seed20260634__best.npz,90006b99c1469626be4f9172e87930ba,permuted_train_and_permuted_inner_val_selection,0.002785648452118039,0.0559382289648056,6.126821290308726e-07,0.0007072125445120037,0.40296000242233276,-0.00033258607711875166,-0.002108862511692955,0.000504795557799094,0.0007571933366986305,-0.0008833922261484162,-0.0019214966301504821
again_dense_2hz_phase5_temporal_residual_binary_big_confirm_v1,future_arousal_max_delta_rows_4_10_train_q90,binary,blocked_temporal_70_30,1,20260634,short_temporal_conv_residual,train_only_video_mean_residual,temporal_mean_2s_then_pca256,159923,69101,True,True,True,False,True,7bf955ef4fa1bd87ea1e132881c9a219,9aa6d38fa842f5c831191f64e5c38368,-2.061763596534729,0.24335795188181658,0.7370987354102659,0.2765178360500827,0.25988010657193605,0.2954316002019182,0.5932263677979694,0.07934348285198212,0.014131476171314716,0.11887588557531219,0.295160363515428,0.2183394733631442,0.19847643944355794,0.38872832369942195,0.033947501261988894,3.389893475006784,0.21631714701652527,0.13967842608690262,0.33101851851851855,0.14437152953054014,2.8866368813917402,0.16997291147708893,0.09333419054746628,0.2818694834322095,0.2458354366481575,2.4580342219395646,0.14590007066726685,0.0692613497376442,0.3542679891252383,0.6291414363416382,0.22269915347871025,1.7758669848938209,995,6.0,14.0,0.0017595208594626544,0.0,patience_exhausted,False,True,outputs/again_dense_2hz_phase5_temporal_residual_binary_big_confirm_20260630_025437/checkpoints/future_arousal_max_delta_rows_4_10_train_q90__short_temporal_conv_residual__train_only_video_mean_residual__seed20260634__best.npz,b72f9d024285aa40fd6dffb0fde702df,true_train_and_true_inner_val_selection,0.0023848952259868383,0.26884567737579346,6.737466264894465e-07,0.01429817546159029,0.9998356699943542,-0.002189821683515447,-0.0033900472439364338,-0.00012619888944977176,-0.0021453811206461337,-0.002019182231196376,-0.004071340397053758
again_dense_2hz_phase5_temporal_residual_binary_big_confirm_v1,future_arousal_max_delta_rows_4_10_train_q90,binary,blocked_temporal_70_30,1,20260634,short_temporal_conv_residual,diagnostics_only_residual,temporal_mean_2s_then_pca256,159923,69101,True,True,True,False,True,7bf955ef4fa1bd87ea1e132881c9a219,9aa6d38fa842f5c831191f64e5c38368,-2.0111199378967286,0.242744960021355,0.738742888669785,0.2806937471474213,0.256143273635985,0.3104492680464412,0.5968366777651497,0.07928115874528885,0.013728726655244827,0.11716964903610844,0.3214688261126937,0.240931271571021,0.20053595514096445,0.40028901734104044,0.034957092377587075,3.4907081508434166,0.22330492734909058,0.14666620641946793,0.3226273148148148,0.14071176173649672,2.8134616457620543,0.16644862294197083,0.08980990201234818,0.27362176240775576,0.23864209994952043,2.386110222632298,0.1420939713716507,0.06545525044202805,0.34622171483895164,0.6279860529158828,0.1779663535326853,1.6917949473787957,995,14.0,22.0,0.0014711045395009725,0.0,patience_exhausted,False,True,outputs/again_dense_2hz_phase5_temporal_residual_binary_big_confirm_20260630_025437/checkpoints/future_arousal_max_delta_rows_4_10_train_q90__short_temporal_conv_residual__diagnostics_only_residual__seed20260634__best.npz,c1f3220739f64b2235f9882b4cf53e3b,true_train_and_true_inner_val_selection,0.002380861435085535,0.2572418451309204,6.53781808068743e-06,0.016777221113443375,0.9999996423721313,-0.0028028135439770174,-0.0017458939844173793,0.0008833922261484092,-0.005805148914689556,-0.009212518929833435,-0.002011824699647252
